####
#
# OBJ File Generated by Meshlab
#
####
# Object hemisphere_iso.obj
#
# Vertices: 7474
# Faces: 14732
#
####
v -50.0000000 0.0000000 0.0000000
v -49.9636269 1.5432554 -0.9678325
v -49.9108276 1.4421533 -2.5493922
v -49.8045006 1.3560410 -4.1552787
v -49.5164108 2.3461211 -6.4873958
v -49.4850273 1.1369745 -7.0286794
v -48.4824715 1.3273009 -12.1430902
v -48.1117020 1.5880665 -13.5109940
v -47.6767502 1.5179369 -14.9791498
v -47.2047691 1.3543917 -16.4187775
v -46.7280426 1.3315203 -17.7341118
v -46.1942825 1.2750239 -19.0869694
v -45.6619492 1.0362806 -20.3411121
v -45.0367851 1.5051813 -21.6638908
v -44.3171272 1.1580840 -23.1164722
v -43.6306572 1.6641629 -24.3593807
v -42.7532005 1.3367294 -25.8804302
v -42.0579185 0.9954471 -27.0131493
v -41.3953705 1.2230232 -28.0117779
v -40.5468559 1.3308300 -29.2203903
v -39.5223122 1.4476913 -30.5819721
v -38.6488838 1.0743268 -31.6965904
v -37.9616928 1.6834403 -32.4930038
v -37.0652313 1.3352076 -33.5265999
v -35.9882431 1.1661255 -34.6895638
v -33.9845734 1.5550786 -36.6372719
v -33.1000900 1.0360738 -37.4549484
v -32.1325569 1.3248944 -38.2777786
v -30.8740788 1.6846161 -39.2849121
v -29.6193867 1.4049627 -40.2545776
v -28.3799057 1.3482301 -41.1422272
v -27.1624908 1.2524369 -41.9585037
v -26.1322193 1.0144168 -42.6092758
v -23.6740971 1.6101998 -44.0045166
v -22.2930145 1.3751515 -44.7315598
v -20.9714012 1.4130585 -45.3655968
v -19.6326599 1.5051957 -45.9579544
v -18.1995525 1.4951189 -46.5452309
v -16.6945190 1.3396196 -47.1071129
v -13.0265150 1.6093415 -48.2421799
v -11.5810099 1.5164956 -48.6137924
v -8.7623806 1.4889543 -49.1993446
v -7.2174864 1.4704863 -49.4504166
v -5.6405978 1.4592927 -49.6557770
v -4.0717578 1.4449247 -49.8097076
v -2.6099532 1.4223720 -49.9075089
v -1.1670656 1.3996323 -49.9612122
v 0.3603223 1.3874063 -49.9729271
v 1.9033159 1.3904474 -49.9383850
v 3.4394121 1.3988972 -49.8564415
v 4.8814211 1.3977469 -49.7371559
v 6.3098516 1.3950514 -49.5779610
v 9.3335085 1.5624795 -49.0943985
v 10.8119259 1.8586192 -48.7753830
v 11.8718081 0.9359779 -48.5536003
v 13.2459574 1.5673581 -48.1842422
v 14.8497953 1.5201123 -47.7188187
v 16.3538322 1.4754459 -47.2257195
v 17.7615376 1.4415983 -46.7149467
v 19.1775932 1.2933774 -46.1538887
v 20.6495209 0.9300345 -45.5203705
v 22.9928112 1.5209080 -44.3709641
v 24.3578358 1.4052887 -43.6421776
v 25.6128063 1.3605517 -42.9191895
v 26.8369541 1.3374578 -42.1652870
v 28.0965328 1.3149993 -41.3362808
v 29.2618542 1.2860860 -40.5208473
v 30.4022217 1.2557713 -39.6735687
v 31.5811825 1.2301990 -38.7415161
v 32.6788330 1.2089683 -37.8208618
v 33.7660408 1.1850761 -36.8538551
v 34.9277267 1.1421078 -35.7542496
v 36.0535507 0.8867274 -34.6235733
v 36.9235268 1.7678819 -33.6584549
v 37.9505081 1.2441338 -32.5205956
v 38.7113838 0.8825992 -31.6283474
v 40.3952904 0.8596983 -29.4505196
v 41.0713234 1.1224529 -28.4869843
v 41.8507652 1.3002529 -27.3196621
v 42.6729965 1.4526296 -26.0119190
v 43.4939270 1.7346879 -24.5985031
v 44.2706184 1.4496139 -23.1882973
v 44.9760933 1.4112769 -21.7885647
v 45.6103020 1.2889372 -20.4350567
v 46.5936470 1.1021855 -18.1009274
v 47.0454025 1.3539789 -16.8752594
v 47.5536156 1.5874659 -15.3608704
v 47.9540520 1.0494580 -14.1156483
v 48.3109169 1.2928668 -12.8148117
v 48.7109108 1.5442131 -11.1661043
v 49.0049133 1.0363567 -9.8654385
v 49.2498474 1.2525791 -8.5265064
v 49.4960098 1.3756756 -6.9376378
v 49.6955605 1.4246002 -5.3174767
v 49.8344765 1.4281512 -3.7880104
v 49.9221764 1.2621511 -2.4144683
v 49.9687347 0.9623036 -1.2719477
v -38.7372704 2.2460649 -31.5270367
v -36.2664948 2.7064757 -34.3036995
v -35.0544167 2.1606693 -35.5853462
v -33.0232048 2.2917597 -37.4686546
v -31.8964138 2.9098630 -38.3882103
v -29.9472351 2.6446605 -39.9446716
v -27.6224575 2.6683052 -41.5856438
v -26.1641102 2.3860953 -42.5337486
v -24.7743530 2.7407644 -43.3428421
v -22.7125607 2.7540059 -44.4517136
v -21.6505795 2.4882779 -44.9907570
v -15.6984873 2.4563196 -47.4001846
v -9.3718348 2.9899213 -49.0152283
v -4.7807579 2.8918228 -49.6774368
v 1.1706229 2.7399402 -49.9012413
v 2.6411276 2.7585704 -49.8434486
v 7.0188437 2.7347665 -49.4190369
v 20.1906166 2.3978021 -45.6708221
v 23.7802811 2.8314693 -43.8852768
v 25.0829411 2.7395053 -43.1606636
v 26.3425465 2.6981564 -42.4064903
v 27.5774918 2.6635251 -41.6161118
v 28.7790413 2.6130614 -40.7977753
v 29.9407387 2.5470552 -39.9574738
v 31.0823841 2.4908009 -39.0796585
v 32.2052994 2.4542978 -38.1617088
v 33.3148422 2.4163787 -37.1994209
v 34.4328804 2.3740149 -36.1703033
v 35.6932335 2.4385324 -34.9262352
v 38.6974335 2.0774643 -31.5895805
v -44.3899193 2.6021206 -22.8597679
v -42.9117126 2.9429364 -25.4877625
v -42.0180550 2.3995974 -26.9858036
v -41.0762939 2.5843225 -28.3809414
v -40.1657677 2.7051013 -29.6445522
v -39.3913689 2.7671268 -30.6603642
v -38.7891693 3.5215008 -31.3462639
v -37.9980774 2.9884539 -32.3580399
v -37.1363792 3.6828868 -33.2683067
v -35.1160316 3.7183881 -35.3913879
v -34.0349846 3.0370123 -36.4962044
v -32.9328613 3.8775291 -37.4169807
v -30.7297344 3.4578748 -39.2860870
v -29.6133690 3.9012225 -40.0944595
v -26.7659092 3.9042542 -42.0452194
v -25.7689171 4.9607563 -42.5521431
v -23.0578976 4.1515856 -44.1658707
v -15.7727842 4.0488157 -47.2662201
v -12.6567965 4.4406929 -48.1639252
v -11.4627247 4.1102333 -48.4883995
v -8.4514751 4.3541589 -49.0835190
v -7.0073390 4.2580738 -49.3183517
v -3.9138989 4.2987442 -49.6557655
v -2.3652618 4.2225490 -49.7590523
v 0.5292575 4.0280299 -49.8232155
v 3.3294370 4.0994015 -49.7125320
v 4.8446836 4.0895996 -49.5887489
v 6.3220139 3.9948013 -49.4314041
v 10.5874338 4.6669474 -48.6409760
v 12.1180553 4.6602130 -48.2828178
v 13.5824280 4.5766129 -47.8996277
v 15.0624895 4.4785004 -47.4640503
v 16.5036964 4.2879362 -46.9975739
v 17.6834831 4.0298901 -46.5903053
v 19.8788586 3.9227726 -45.7004242
v 21.9145164 4.4083114 -44.7195740
v 23.2042904 4.2220836 -44.0844460
v 24.5008869 4.1056724 -43.3888435
v 25.7702370 4.0636449 -42.6503677
v 27.0143719 4.0374722 -41.8749466
v 28.2343426 3.9862432 -41.0666428
v 29.4246883 3.8908212 -40.2317085
v 30.5652924 3.7686355 -39.3847656
v 31.6526070 3.7452054 -38.5183640
v 32.7703552 3.7264020 -37.5727425
v 33.9130478 3.6331096 -36.5530624
v 34.8896675 3.4863555 -35.6384964
v 35.7336273 4.1144714 -34.7257271
v 36.7516098 3.3530514 -33.7314034
v 37.7727394 2.7213345 -32.6397133
v 38.6097069 3.6418869 -31.5551987
v 39.5386848 2.8232627 -30.4719772
v 40.3743896 2.0076518 -29.4228287
v 41.2059555 2.4807353 -28.2084198
v 42.0307579 2.7047918 -26.9415379
v 42.7770119 2.9580855 -25.7120838
v -46.3699608 2.8501813 -18.4732285
v -45.7023582 2.3525522 -20.1366692
v -45.0846100 3.3222365 -21.3575249
v -43.6977043 3.5851750 -24.0316715
v -42.2167053 4.0290999 -26.4845581
v -41.5132561 3.6389718 -27.6246414
v -40.6482353 4.1617484 -28.8119297
v -39.6337891 3.9046848 -30.2261333
v -37.9940376 4.3380332 -32.2080612
v -36.1442871 4.4436913 -34.2567024
v -34.0322838 4.6471462 -36.3324356
v -32.8991890 5.5998678 -37.2299919
v -31.6143055 4.7748342 -38.4360733
v -30.3899670 4.7503529 -39.4111404
v -29.4110584 5.4288788 -40.0628738
v -28.2501774 4.3201032 -41.0207214
v -27.0531864 5.4350286 -41.6923561
v -25.9703140 6.6225986 -42.2096176
v -24.6889820 5.9395990 -43.0668678
v -22.1167564 5.2975631 -44.5231514
v -20.7797832 4.8525968 -45.2105942
v -19.7581654 5.9963498 -45.5319672
v -15.6714354 5.6822095 -47.1335258
v -11.5023136 5.4523649 -48.3447685
v -8.7309294 5.8382163 -48.8768425
v -4.6355748 5.8108563 -49.4332237
v -3.0045695 5.6007690 -49.5826416
v 0.0474769 5.3635039 -49.7044907
v 1.2645649 6.2820110 -49.5833588
v 2.4505024 5.3303576 -49.6421661
v 4.8500490 6.7511230 -49.2971687
v 17.4622879 5.3049917 -46.5413208
v 19.7943459 5.5412874 -45.5702362
v 21.2542210 5.6820693 -44.8937607
v 22.6025734 5.5743990 -44.2437172
v 23.8975353 5.4110184 -43.5776291
v 25.1306705 5.3770881 -42.8833237
v 26.3587170 5.4074612 -42.1359291
v 27.5951385 5.3744326 -41.3404045
v 30.0449448 5.1129122 -39.6319504
v 31.0510979 4.8295436 -38.8832893
v 33.3357124 4.9829426 -36.9222412
v 34.6067085 4.9175372 -35.7462845
v 36.6554527 4.8661871 -33.6508560
v 37.6198540 4.2572789 -32.6566544
v 39.5029373 4.4838877 -30.3181381
v 40.4221420 3.5349483 -29.2104244
v 42.1979446 3.8644562 -26.5297241
v 43.4206314 3.5448790 -24.5323448
v 43.9859314 2.7279959 -23.6067944
v 44.5891876 2.8289824 -22.4349098
v 45.3249741 2.9294422 -20.8968410
v 46.5812149 2.4394915 -18.0021763
v -47.7778435 3.2046020 -14.3788309
v -47.3025246 2.7723625 -15.9555044
v -46.9037933 2.4277277 -17.1361561
v -45.7308006 4.0131950 -19.8049240
v -44.4124184 4.3277001 -22.5525417
v -42.9738083 4.6130362 -25.1375370
v -38.8735504 4.8814106 -31.0644035
v -37.0854645 5.1670570 -33.1325264
v -36.0998611 6.0541477 -34.0552979
v -34.0147362 6.3233771 -36.0921059
v -31.7685509 6.6476889 -38.0288887
v -30.5579872 6.1122446 -39.0976486
v -28.2174835 6.1420460 -40.8115158
v -27.1886826 6.7390680 -41.4136620
v -24.6794453 7.4164171 -42.8422585
v -23.4351425 5.5847797 -43.8125763
v -22.4516888 6.9380436 -44.1296082
v -21.0592594 6.3591614 -44.8929901
v -17.4193268 7.3758116 -46.2766914
v -15.7813616 7.3939290 -46.8606453
v -11.6048613 7.0100436 -48.1189880
v -8.7955818 7.3966265 -48.6546783
v -7.2042036 6.7622180 -49.0061569
v -4.5662169 7.3346028 -49.2379112
v -3.5102093 6.7353354 -49.4102516
v -0.4076250 7.0198174 -49.4955826
v 10.6702271 7.5405478 -48.2617645
v 12.2377644 7.4675441 -47.8976555
v 13.7321043 7.2824044 -47.5171471
v 14.9609365 7.0190005 -47.1850777
v 17.4323978 6.9117365 -46.3427773
v 18.9849625 7.0057950 -45.7185974
v 20.4444218 6.9963212 -45.0878296
v 21.9323921 6.9789753 -44.3843689
v 24.4906578 6.4146361 -43.1102753
v 25.5909863 6.7950988 -42.4114990
v 26.8662281 6.6781893 -41.6332855
v 29.4843788 6.7071786 -39.8113594
v 30.7728138 6.1017375 -38.9268646
v 32.0009155 5.2805433 -38.0425568
v 32.7818680 6.4510741 -37.1898804
v 33.8251228 6.0424824 -36.3151474
v 35.6916008 5.6587882 -34.5525627
v 37.3911819 5.5325241 -32.7208252
v 38.4100342 5.4583249 -31.5332108
v 40.4233017 5.1874003 -28.9607601
v 42.7358437 4.4109397 -25.5742416
v 44.0618629 4.0889387 -23.2696152
v 44.7622299 4.3942666 -21.8353195
v 45.4464035 4.7575574 -20.2938995
v 46.0124893 3.3982964 -19.2671528
v 47.1056976 2.9174113 -16.5015755
v 47.5842209 3.3943958 -14.9643364
v 47.9836960 2.3408403 -13.8523455
v 48.3706131 2.7836392 -12.3424768
v -43.6869545 5.3256736 -23.7275200
v -41.4810257 4.9739642 -27.4654217
v -40.6608963 5.9032764 -28.4877872
v -39.7797012 5.3588424 -29.8102417
v -38.9140739 6.3539271 -30.7412014
v -38.0037880 5.7908459 -31.9673748
v -37.0668716 6.7014160 -32.8748474
v -35.0671120 7.0098915 -34.9394989
v -30.7167149 7.7270455 -38.6831551
v -29.3487072 7.2770729 -39.8151474
v -27.9206257 7.6697221 -40.7564392
v -26.6777668 7.9198952 -41.5321465
v -25.5762787 8.0881491 -42.1876602
v -23.4658108 8.0193024 -43.4154701
v -22.1702499 8.5623884 -43.9867325
v -21.0683594 7.7878132 -44.6630325
v -19.7568264 8.3417645 -45.1629410
v -18.1892529 8.8246794 -45.7265167
v -16.5540924 8.7451239 -46.3574333
v -15.3078918 8.7911549 -46.7766266
v -14.2952347 8.1998634 -47.1989517
v -11.6680794 8.5170116 -47.8597183
v -8.9115324 8.9124117 -48.3788223
v -4.4887996 8.7825718 -49.0078239
v -3.1996961 7.9558029 -49.2505074
v 2.8259318 8.6429663 -49.1566505
v 14.7277946 8.2568054 -47.0554123
v 16.9308453 8.2380934 -46.3091507
v 22.7959442 8.4486866 -43.6846657
v 24.3539448 7.6601157 -42.9862099
v 28.1110535 6.6989512 -40.7975044
v 30.4775829 7.4976730 -38.9160843
v 31.5855751 6.9748392 -38.1225739
v 34.7092857 6.5467310 -35.3875389
v 36.6255493 6.3047419 -33.4461861
v 39.4806480 6.2012420 -30.0438366
v 41.3819504 4.1167607 -27.7498341
v 42.0300522 5.0752268 -26.5990753
v 43.3214989 5.3262873 -24.3832188
v -47.2894936 4.2901020 -15.6577587
v -46.8512878 3.7273545 -17.0516129
v -46.3106918 4.6604271 -18.2556763
v -45.0771332 5.0299916 -21.0358543
v -42.9281044 6.2013435 -24.8718262
v -42.2337952 5.5636663 -26.1766548
v -41.4643440 6.4977989 -27.1708508
v -39.8019180 6.9050093 -29.4588184
v -38.0070114 7.2948060 -31.6529121
v -36.0798111 7.6511436 -33.7545357
v -33.9936562 8.0105133 -35.7774124
v -32.9107513 7.3223596 -36.9182243
v -31.8158016 8.3090706 -37.6640816
v -30.8805656 9.0590916 -38.2583847
v -28.6208687 8.9151630 -40.0101852
v -27.3505497 9.1000652 -40.8493195
v -25.9536514 9.4237156 -41.6808128
v -23.1243629 9.2381210 -43.3509369
v -20.5876331 10.8498392 -44.2480202
v -19.4380646 9.7478800 -45.0209160
v -18.2538128 10.2119274 -45.4110336
v -17.0301151 10.1129980 -45.9061546
v -15.5975208 9.9788809 -46.4422264
v -14.2863941 9.6046524 -46.9360886
v -11.7093763 9.9452353 -47.5731049
v -9.0759745 10.3095493 -48.0686455
v -7.5741315 9.9367008 -48.4028587
v -4.5081596 10.3835430 -48.6933670
v -2.8131878 9.6037121 -48.9793930
v -0.0689508 10.2189322 -48.9393806
v 2.8398097 10.1974163 -48.8577461
v 7.3891611 10.5201807 -48.3147583
v 9.2159319 10.4244165 -48.0242195
v 10.8321743 10.2272501 -47.7243004
v 12.1368093 9.9553385 -47.4668617
v 14.6019583 9.6948805 -46.8185616
v 17.1620827 9.4023676 -46.0008812
v 18.5770302 9.6007252 -45.4084053
v 20.0463715 9.6900520 -44.7632599
v 21.5210381 9.8607121 -44.0345230
v 24.2512169 9.1978798 -42.7438393
v 25.4410496 8.2918053 -42.2311974
v 26.4749832 8.7952814 -41.4859505
v 27.6659012 9.2065248 -40.6093826
v 30.3161449 8.8159685 -38.7672729
v 31.2087479 8.1795759 -38.1918716
v 32.3749237 8.1808805 -37.2098808
v 33.6640091 7.3744349 -36.2215614
v 34.6665497 8.0612621 -35.1133957
v 35.6829834 7.1795526 -34.2772446
v 36.6265793 7.7745223 -33.1311417
v 37.5509033 6.7946701 -32.3015747
v 38.5277481 7.2954569 -31.0170555
v 40.3889618 6.8514676 -28.6622429
v 41.2507172 5.8687248 -27.6344395
v 42.5625420 5.6287389 -25.6193180
v 44.1333351 5.7203488 -22.7909641
v 44.8409233 6.0792141 -21.2645893
v 46.6101036 4.0705228 -17.6254845
v 47.1311150 4.5602841 -16.0488987
v 48.7065849 3.2929838 -10.8015947
v 49.0164833 2.3350029 -9.5782604
v 49.2900352 2.6901162 -7.9425626
v -49.3298111 1.9675584 -7.8916779
v -44.3758736 6.0280156 -22.2335320
v -42.1915283 7.0331268 -25.8886719
v -40.6443062 7.4699645 -28.1419754
v -38.9146423 7.8611145 -30.3901997
v -37.0587883 8.2405205 -32.5345230
v -35.0466614 8.6536226 -34.5936356
v -32.8741417 9.0164700 -36.5768661
v -31.6524982 10.0382938 -37.3739433
v -29.1359272 10.2852259 -39.3001747
v -27.9904423 10.2942057 -40.1228828
v -26.8036995 10.4842291 -40.8769493
v -25.7712955 10.8000164 -41.4556503
v -24.7446709 10.5781021 -42.1384544
v -23.3787956 10.4135637 -42.9487801
v -22.0406342 9.9900026 -43.7472687
v -19.0306129 11.0718842 -44.8846588
v -17.6470661 11.3556976 -45.3766365
v -15.9779434 11.5886412 -45.9321823
v -14.4057388 11.0223856 -46.5855141
v -11.7216902 11.3277359 -47.2597656
v -9.2978859 11.4493198 -47.7646523
v -7.9514389 11.3763094 -48.0241547
v -4.5697985 11.9526043 -48.3279190
v -3.0717194 11.3602161 -48.5840645
v -0.1272040 11.7126141 -48.6034164
v 2.7818007 11.6908550 -48.5253334
v 5.3291979 12.3011389 -48.1592751
v 11.9132166 11.1989365 -47.2436676
v 14.5860004 11.1363897 -46.5019913
v 17.4316177 10.9433289 -45.5596199
v 19.0609627 10.9084454 -44.9153099
v 20.4280796 11.0294628 -44.2830811
v 21.7632866 11.3627748 -43.5521317
v 24.3139839 10.7399225 -42.3468437
v 25.4745560 9.7571611 -41.8963203
v 26.6617908 10.2302017 -41.0399246
v 31.3307152 9.3580122 -37.8226891
v 32.4306221 9.9239492 -36.7326393
v 33.5709534 8.9543304 -35.9539871
v 37.5565720 8.3921881 -31.9163685
v 39.4834290 7.9019990 -29.6379833
v 41.2128563 7.4313335 -27.3139629
v 41.9719963 6.4653354 -26.3908272
v 46.0709381 5.2385798 -18.7035465
v 48.0046539 3.8755193 -13.4259939
v 48.3672028 4.2819586 -11.9200983
v -49.3563004 3.4680490 -7.1862273
v -48.8304291 3.1073558 -10.2843809
v -48.4856033 3.7566183 -11.6113844
v -47.6406021 5.0815420 -14.2890711
v -46.8075752 5.2176576 -16.7826900
v -45.6901093 5.7160392 -19.4809761
v -43.5554352 7.1527839 -23.4810867
v -41.4373283 8.0015621 -26.8092613
v -39.7761154 8.4303904 -29.0959015
v -37.0473404 9.7462311 -32.1279640
v -36.0680122 9.2248526 -33.3734016
v -35.0247498 10.2798109 -34.1657753
v -33.9525261 9.7014275 -35.3963470
v -32.8072624 10.6621056 -36.1876183
v -28.4784603 11.4652185 -39.4591446
v -26.2190075 11.7621298 -40.9095116
v -25.0544147 11.8227501 -41.6163177
v -23.6192284 11.9903145 -42.4029617
v -22.1148758 11.4783249 -43.3433952
v -20.8278694 12.4263430 -43.7208366
v -19.7201920 11.9806728 -44.3505211
v -18.5375061 12.3693123 -44.7526512
v -17.1038017 12.8134422 -45.1977005
v -15.6343775 13.3049345 -45.5845947
v -14.4151573 12.5171137 -46.2039337
v -11.7026377 12.7095146 -46.9119415
v -8.7448587 12.7323074 -47.5457687
v -7.6121521 13.7764540 -47.4473228
v -4.7135577 13.4257250 -47.9263420
v -3.3393145 12.8676262 -48.1891365
v -0.0708676 13.2381401 -48.2116890
v 2.7925596 13.1044617 -48.1622238
v 7.8296523 13.2109232 -47.5804253
v 9.1796122 12.9083414 -47.4202538
v 11.7815084 12.6473246 -46.9087753
v 14.5573063 12.5363998 -46.1533127
v 16.9896049 12.3338261 -45.3686638
v 20.5894070 12.3986750 -43.8401451
v 21.9046631 12.8632936 -43.0587234
v 23.1286259 11.8038664 -42.7250137
v 24.4443264 12.1691065 -41.8789597
v 25.5611801 11.1922903 -41.4848595
v 26.7708397 11.6190138 -40.5962257
v 27.8951759 10.6343193 -40.1029282
v 29.1187744 11.0831976 -39.1030121
v 30.2483940 10.1957321 -38.4787102
v 31.3100586 10.7906618 -37.4535522
v 33.5415459 10.5444040 -35.5432358
v 34.6207962 9.5640192 -34.7801399
v 35.5765495 10.0681295 -33.6520576
v 36.5489845 9.2685442 -32.8321495
v 38.5187683 9.0078764 -30.5747108
v 40.3735504 8.4680109 -28.2492790
v 42.6921577 6.7886262 -25.1207638
v 43.4485626 7.0429029 -23.7158680
v 45.4930534 6.4790478 -19.7005920
v 46.6323853 5.7234015 -17.0977726
v 47.5954628 4.9938931 -14.4722996
v -46.2678642 6.2769179 -17.8798618
v -45.0146446 6.6583638 -20.7176609
v -44.3341675 7.5990934 -21.8309898
v -42.7725563 7.4877243 -24.7774220
v -42.1806030 8.4180965 -25.4890022
v -40.5911713 9.0267181 -27.7607231
v -38.8833427 9.3384495 -30.0135269
v -37.9719658 10.2460213 -30.8686981
v -36.0617828 10.7424717 -32.9211121
v -33.8519287 11.5288992 -34.9377480
v -31.8659019 11.4033976 -36.8011398
v -30.8591251 11.4757318 -37.6232910
v -29.3823071 11.9273920 -38.6528091
v -28.0933094 12.9265661 -39.2802734
v -26.6847019 12.9601870 -40.2385406
v -25.4549980 12.9401779 -41.0361099
v -24.4141388 12.8817263 -41.6831703
v -23.3504562 13.6117001 -42.0587311
v -22.1252670 13.0308180 -42.8981476
v -20.7446880 13.8841753 -43.3169136
v -19.5584412 13.2158403 -44.0722008
v -18.1753750 13.7883730 -44.4894981
v -15.2993050 14.5099602 -45.3292274
v -14.2997189 13.9304581 -45.8355293
v -11.6920652 14.0977764 -46.5164375
v -8.9071789 14.2750969 -47.0744743
v -7.5973835 15.0403728 -47.0653152
v -3.5647686 14.2654238 -47.7789001
v 0.0600459 14.6911020 -47.7891045
v 2.8678288 14.5292196 -47.7481079
v 5.6026945 14.5726986 -47.4901772
v 8.9640617 14.1334686 -47.1073380
v 11.7595501 14.0822582 -46.5038567
v 14.5377359 13.9083805 -45.7647667
v 17.3768787 13.6265306 -44.8510780
v 19.2067089 13.3660975 -44.1796455
v 23.3545055 13.4272099 -42.1144257
v 24.6700611 13.2853432 -41.4023476
v 25.6437683 12.5222740 -41.0510864
v 26.7997513 12.9817505 -40.1607857
v 27.9742146 12.0485249 -39.6479301
v 29.1506138 12.4754219 -38.6556396
v 30.2336483 11.5716772 -38.0999222
v 31.1278324 11.9887333 -37.2374420
v 32.3010368 11.6662884 -36.3307457
v 34.6093941 11.0126514 -34.3593292
v 39.4752007 9.5572968 -29.1573639
v 41.2044296 8.9630060 -26.8632412
v 44.1822166 7.3968034 -22.2043514
v 44.8699684 7.7594352 -20.6464539
v 49.5254784 2.8012023 -6.2598510
v -48.2050323 5.5085802 -12.0668125
v -47.1890831 5.5964441 -15.5410461
v -43.6713409 8.7600651 -22.7144871
v -42.9213409 8.6141100 -24.1516895
v -41.4075203 9.5201836 -26.3544998
v -39.6916542 9.9145393 -28.7426281
v -38.8172073 10.7241888 -29.6293201
v -37.0299950 11.1991148 -31.6717510
v -35.0607872 11.7864389 -33.6386642
v -32.5123749 12.2192469 -35.9583511
v -31.3627834 12.5622854 -36.8501549
v -30.3550930 12.6174192 -37.6651344
v -29.3982487 13.3736258 -38.1638489
v -27.0212250 14.3492985 -39.5392418
v -25.7195110 14.2095184 -40.4478951
v -24.5025330 14.0136108 -41.2642059
v -21.9668751 14.6517229 -42.4557419
v -16.6574516 14.4478827 -44.8674393
v -15.5481691 15.6268120 -44.8760643
v -14.2805290 15.2225437 -45.4286880
v -11.7036448 15.4706411 -46.0750809
v -8.9695807 15.6766615 -46.6142807
v -7.6239538 16.4591160 -46.5833397
v -4.9107757 14.9497910 -47.4517860
v -3.5677004 15.7221861 -47.3195190
v 0.1203066 16.0528240 -47.3476486
v 2.8648953 15.9573069 -47.2904129
v 5.7720809 15.7848177 -47.0798798
v 8.8269377 15.5706701 -46.6771088
v 11.7367344 15.4709196 -46.0662918
v 14.5264854 15.2585430 -45.3360710
v 16.9683247 15.0082226 -44.5638199
v 19.5922050 14.7539005 -43.5622444
v 21.9171925 14.3618097 -42.5770912
v 24.3373604 14.4393673 -41.2182884
v 25.5937099 13.8455839 -40.6575546
v 26.7498226 14.3987408 -39.7073250
v 27.9923115 13.4307146 -39.1912460
v 29.1742821 13.8284416 -38.1742592
v 30.2621078 12.8496523 -37.6675720
v 33.5689659 12.0691442 -35.0332642
v 35.5827751 11.3715343 -33.2304192
v 36.5472260 11.5838566 -32.0874367
v 37.3976974 10.1854477 -31.5762482
v 38.5145340 10.6855783 -30.0352135
v 40.3644218 10.0542946 -27.7378845
v 41.9812622 9.3869925 -25.4815121
v 42.7345085 8.2832365 -24.5974331
v 43.4598770 8.6999331 -23.1409626
v 46.0919571 6.9074669 -18.0977211
v 47.1378365 6.1448126 -15.4892540
v 48.0040588 5.3664675 -12.9055681
v 48.9854584 4.0871205 -9.1472454
v 49.7024040 2.8681090 -4.6242843
v -49.6716728 2.5913846 -5.0392118
v -46.7953491 6.6050415 -16.3221169
v -45.5750999 7.5224252 -19.1313705
v -45.0210991 9.0486460 -19.7766037
v -42.2194939 9.8174973 -24.9192314
v -40.4355164 10.7567854 -27.3631687
v -37.9426041 11.6384106 -30.4103260
v -36.0474243 12.1979980 -32.4294434
v -35.0319710 13.2054958 -33.1369553
v -34.2358170 12.7562637 -34.1271133
v -33.1742973 13.2433681 -34.9809418
v -30.5665436 13.7283297 -37.1050568
v -25.8969688 15.6144247 -39.8128662
v -24.5926914 15.3842278 -40.7225723
v -23.3476562 15.0231581 -41.5765457
v -22.3057594 15.8492346 -41.8454056
v -19.7909298 16.1101589 -42.9921570
v -18.9070435 17.4056416 -42.8809624
v -18.3404045 16.1611443 -43.6116409
v -16.8973141 15.9894915 -44.2530708
v -14.3476906 16.5238056 -44.9493217
v -11.7168789 16.8224945 -45.5954018
v -8.9927034 17.0564518 -46.1227951
v -7.6213584 17.8599682 -46.0645676
v -4.8833508 16.5136089 -46.9311981
v -3.4038453 17.2484608 -46.7967186
v 0.0102013 17.3846912 -46.8763161
v 2.8579309 17.3539524 -46.7964058
v 5.8244038 17.1908054 -46.5789375
v 8.8156576 17.0108757 -46.1742439
v 11.7239122 16.8355980 -45.5885620
v 14.5180616 16.5862179 -44.8700180
v 17.3147449 16.2836914 -43.9803963
v 18.8218727 16.1456509 -43.4105186
v 20.6759586 16.5748577 -42.3910866
v 23.0746155 14.9996204 -41.7386627
v 23.9862289 15.5822725 -41.0043755
v 25.3103504 15.4068880 -40.2677269
v 26.7320652 15.8679056 -39.1569061
v 27.9890594 14.8362370 -38.6819305
v 30.3342094 14.1543436 -37.1397858
v 31.4818592 14.4065409 -36.0692291
v 32.5199814 13.2279921 -35.5978584
v 34.6403465 12.3944178 -33.8538895
v 35.6429329 12.6650200 -32.6933212
v 37.5510330 11.8488464 -30.8087978
v 41.1927872 10.4769650 -26.3282776
v 42.6922417 9.8144560 -24.1010933
v 44.1796722 9.0890398 -21.5727539
v 45.5067825 8.1311817 -19.0444374
v 48.6386757 4.6269903 -10.6114769
v -49.1277466 3.3110280 -8.6814566
v -48.8720207 4.5965037 -9.5011683
v -47.7976112 6.0664535 -13.3510723
v -46.2642212 7.7973890 -17.2816086
v -44.3605080 8.9764252 -21.2472363
v -42.9891052 10.0096893 -23.4850693
v -41.4197502 11.0457621 -25.7332859
v -39.4983063 11.1371584 -28.5523853
v -38.7940140 12.0258255 -29.1589947
v -37.9087677 13.0120211 -29.8886051
v -36.9992104 12.6150942 -31.1728420
v -35.9817810 13.6581278 -31.9130402
v -33.9506340 14.0199165 -33.9224358
v -32.6093445 14.7013569 -34.9265709
v -31.5832195 15.2242966 -35.6381531
v -30.6856308 15.0388718 -36.4994736
v -27.1989155 15.8445282 -38.8452721
v -26.0069485 17.0757542 -39.1361275
v -24.7016029 16.8246918 -40.0806427
v -23.2386284 16.5924911 -41.0373764
v -20.3660583 17.2164688 -42.2859497
v -18.1070156 18.8111935 -42.6360779
v -17.1798153 17.5826187 -43.5317497
v -15.5960445 18.4101391 -43.7879753
v -14.3567610 17.8605556 -44.4322166
v -11.7183790 18.1585331 -45.0796013
v -8.9949923 18.4229565 -45.5938721
v -7.6169968 19.2467308 -45.5030632
v -3.2653110 18.8471909 -46.1879234
v -0.1276011 18.8098831 -46.3223267
v 2.8487892 18.7394581 -46.2596474
v 5.8420830 18.5780926 -46.0412941
v 8.8188057 18.3954258 -45.6400032
v 11.7211304 18.1782513 -45.0707817
v 14.5168896 17.8905182 -44.3664055
v 16.8954315 17.5754662 -43.6432838
v 18.1394787 17.4902172 -43.1771355
v 21.8237820 17.0852299 -41.6125946
v 22.9904423 16.3015766 -41.2937965
v 24.1871471 16.6544571 -40.4646149
v 27.9969864 16.2620945 -38.0964966
v 29.1968727 15.2121325 -37.6276131
v 30.3838539 15.5373116 -36.5375252
v 32.6111984 14.6114054 -34.9678001
v 33.6349525 13.4803982 -34.4483032
v 34.6781044 13.7176771 -33.3052177
v 35.6547356 13.9707165 -32.1438065
v 36.6110420 12.9571962 -31.4891605
v 37.5339012 13.3848524 -30.1950169
v 38.5166702 12.3031111 -29.4080353
v 40.3502808 11.6219721 -27.1400833
v 41.9438324 10.8246212 -24.9662971
v 44.8714218 9.4033537 -19.9465103
v 46.6368980 7.3076286 -16.4709663
v 47.5895729 6.4982953 -13.8813133
v 48.3589439 5.6489439 -11.3734474
v -49.7974396 2.8048258 -3.4686077
v -48.5492287 5.8249836 -10.4339218
v -47.2902260 6.6010723 -14.8306761
v -45.6803970 9.0987425 -18.1744480
v -43.7193909 10.1681795 -22.0227108
v -42.2519913 11.2516737 -24.2470894
v -40.5792732 12.3501081 -26.4678383
v -39.6600113 12.2289257 -27.8782578
v -38.7876587 13.4006071 -28.5583172
v -36.9490814 14.0248299 -30.6229362
v -35.9337959 15.1312618 -31.2991009
v -34.7838783 14.8440485 -32.6988411
v -33.6277885 15.2612638 -33.6994972
v -30.7376785 16.2651520 -35.9215202
v -29.6891861 16.2027435 -36.8179512
v -28.4808807 16.0897179 -37.8077698
v -27.2969494 17.3653393 -38.1161995
v -24.8044186 18.2425594 -39.3878937
v -23.5693645 18.0127354 -40.2471046
v -22.2988720 18.0421391 -40.9488487
v -20.9671822 18.2902374 -41.5384789
v -19.5786095 18.5360012 -42.1045876
v -16.5999393 19.2290726 -43.0617256
v -15.3426514 19.5872478 -43.3643379
v -14.2980404 19.1535568 -43.9101906
v -11.7072020 19.4785900 -44.5281754
v -8.9879856 19.7789555 -45.0238724
v -7.6144433 20.6166248 -44.8991966
v -4.7827287 19.5640755 -45.7521667
v -1.6636536 19.6053123 -45.9537849
v -0.1152626 20.2777081 -45.7004280
v 2.8502350 20.1104355 -45.6804504
v 5.8490305 19.9352341 -45.4693947
v 8.8217697 19.7416000 -45.0736046
v 11.7234325 19.5002422 -44.5142212
v 14.5430222 19.1847267 -43.8138657
v 17.2031574 18.6427326 -43.0760994
v 20.1250324 18.6947060 -41.7745132
v 21.6519012 18.4979076 -41.0944176
v 23.0023289 17.5824032 -40.7584953
v 24.2726479 17.9604740 -39.8500175
v 25.4828224 16.9377155 -39.5374451
v 26.7683830 17.3053188 -38.5207481
v 29.2179871 16.6344471 -37.0057869
v 31.5723248 15.7990141 -35.4027863
v 32.7125511 15.8999710 -34.3004074
v 33.6847076 14.7857399 -33.8582840
v 34.6907578 14.9762592 -32.7416191
v 36.5484467 14.3240871 -30.9600639
v 39.4231644 12.8083849 -27.9545975
v 41.1814880 11.9550495 -25.7094460
v 43.3460884 10.5399599 -22.5745869
v 46.0915871 8.4952183 -17.4097214
v -46.8250732 7.9044275 -15.6413403
v -45.0730553 10.4168825 -18.9657669
v -44.4109344 10.3013954 -20.5258179
v -43.0198517 11.4061069 -22.7797146
v -41.4617424 12.5212002 -24.9778576
v -39.7036781 13.6769266 -27.1340218
v -37.8319626 14.4139576 -29.3358746
v -36.8826904 15.4095201 -30.0310211
v -34.9073334 16.3606987 -31.8353519
v -33.8392944 16.3257999 -32.9832573
v -32.7777596 16.3163280 -34.0453987
v -31.7342091 16.2953453 -35.0280228
v -30.7578030 17.4609241 -35.3362808
v -29.9034615 17.2325840 -36.1686592
v -27.2673302 18.9160824 -37.3920593
v -26.0447178 18.5501652 -38.4371529
v -23.6435604 19.3203182 -39.5883369
v -22.6822548 19.0124016 -40.2888412
v -21.5636787 19.3347683 -40.7474060
v -20.2152805 19.6139164 -41.3015099
v -18.8491554 19.8604126 -41.8263626
v -17.4602242 20.2178345 -42.2572975
v -15.8304453 20.7275028 -42.6527824
v -14.3191071 20.4004574 -43.3374939
v -11.6887016 20.7832642 -43.9394951
v -8.9723911 21.1238613 -44.4123116
v -7.5928974 21.9704437 -44.2560463
v -4.9131780 21.0191860 -45.0885239
v -0.0514493 21.6654720 -45.0605431
v 2.8623960 21.4555664 -45.0637932
v 5.8530254 21.2647362 -44.8625450
v 8.8233452 21.0592175 -44.4729576
v 11.7263689 20.8035183 -43.9195328
v 14.5752459 20.4880199 -43.2094650
v 17.5857868 20.0478306 -42.2887268
v 19.2567463 19.8662243 -41.6412086
v 20.7334900 19.7965431 -40.9608078
v 21.9984188 19.6750317 -40.3536377
v 24.2966061 19.2662125 -39.2192421
v 25.5337429 18.3136845 -38.8874092
v 26.7597847 18.6942158 -37.8690414
v 28.0004349 17.6917152 -37.4521294
v 29.2157574 18.0965233 -36.3115692
v 30.4396915 16.9837532 -35.8404465
v 31.7682285 17.2997742 -34.5073242
v 32.9222527 16.8748932 -33.6243324
v 33.7400246 15.9829731 -33.2551231
v 34.6878853 16.1851063 -32.1637459
v 35.6141853 15.2114544 -31.6232586
v 36.3535309 15.4629536 -30.6367188
v 37.3390656 15.0110941 -29.6611938
v 38.4232941 13.8917608 -28.8159809
v 40.3208046 13.1948500 -26.4553528
v 41.9461746 12.1629744 -24.3382664
v 42.5420303 11.1056757 -23.7970505
v 44.1786118 10.7371626 -20.8052311
v 45.4977341 9.7248535 -18.3055954
v 47.1288338 7.6446428 -14.8373241
v 47.9881706 6.7814903 -12.2862701
v 49.2986488 4.1567197 -7.2194071
v -49.8755379 2.9289591 -1.8653536
v -48.1451340 7.2532382 -11.3763762
v -46.2901154 9.2090263 -16.4981270
v -44.4202499 11.6687117 -19.7606792
v -43.7418175 11.5350599 -21.2912998
v -42.2731056 12.6616964 -23.5026207
v -40.6269836 13.8268290 -25.6523838
v -38.6562881 15.0754528 -27.8900032
v -37.6389809 15.6496325 -28.9434376
v -33.9062500 17.6150169 -32.2450600
v -32.8598785 17.5918007 -33.3238754
v -31.7897987 17.5706081 -34.3575401
v -29.6386013 18.4790306 -35.7743645
v -28.3718987 19.4119797 -36.3022423
v -25.9902725 20.0180092 -37.7280045
v -24.8138924 19.6419086 -38.7034569
v -23.6198196 20.6298084 -38.9352608
v -22.3645287 20.3201294 -39.8288612
v -20.8762474 20.6753082 -40.4523468
v -19.4709034 20.9325314 -41.0150299
v -18.2703476 21.0026932 -41.5282669
v -17.0886059 21.6287174 -41.7118034
v -15.6057558 22.2662392 -41.9544449
v -14.3329754 21.6932755 -42.7003784
v -12.9708643 22.5151577 -42.7113686
v -11.6625080 22.0713634 -43.3141327
v -8.9509602 22.4518661 -43.7608414
v -1.3819767 22.4189014 -44.6591682
v 0.0015104 22.9824333 -44.4038124
v 2.8768132 22.7674694 -44.4146080
v 5.8559570 22.5673218 -44.2211990
v 8.8238468 22.3513813 -43.8376160
v 11.7260027 22.0879803 -43.2879028
v 14.5721598 21.7944775 -42.5669403
v 17.3522739 21.5242729 -41.6542778
v 18.5405827 20.8921452 -41.4584732
v 21.4884205 21.0036316 -39.9566231
v 23.0286064 20.1616325 -39.5326653
v 24.2798576 20.5653133 -38.5631180
v 25.5222111 19.6373768 -38.2452545
v 26.6688881 20.0568218 -37.2281532
v 27.9492722 19.1555824 -36.7664757
v 29.1684170 19.6193619 -35.5544891
v 30.4367561 18.5022736 -35.0836945
v 32.7123032 18.0147419 -33.2390633
v 33.7342529 17.1479454 -32.6746063
v 35.6008835 16.3868599 -31.0432301
v 38.2313538 15.2281389 -28.3860416
v 39.2713356 14.6089697 -27.2722416
v 41.1885300 13.3957758 -24.9772224
v 42.6997414 12.1653643 -22.9897881
v 43.4690819 12.1381664 -21.5177364
v 44.8541794 10.9861269 -19.1618938
v 46.6243134 8.8081875 -15.7584562
v 48.6939201 5.7319136 -9.7966042
v 49.0224457 5.6189623 -8.0616379
v -49.3840027 4.7013206 -6.2462077
v -49.1440697 4.7560687 -7.8875613
v -47.4040298 7.5476522 -13.9781160
v -45.7004204 10.5310793 -17.3296051
v -43.0297508 12.7715302 -22.0236149
v -41.4831734 13.9440460 -24.1747494
v -39.7351418 15.1754503 -26.2791309
v -37.8433800 16.6858559 -28.0933456
v -36.8607903 16.7630119 -29.3225708
v -35.9056473 16.5887451 -30.5803833
v -34.8775139 17.7496052 -31.1134224
v -32.8937836 18.8532181 -32.5923729
v -31.8142853 18.8628445 -33.6438408
v -30.6890240 18.8038712 -34.7026176
v -29.3534870 20.1603184 -35.0902901
v -27.1207047 20.4073582 -36.7136536
v -25.8582859 21.4958954 -36.9970436
v -24.7307167 21.0453320 -38.0175743
v -23.4885044 21.9255733 -38.3029747
v -22.6495819 21.4450626 -39.0685463
v -21.5299473 21.6933384 -39.5607071
v -20.1383572 22.0158634 -40.1117363
v -18.5071068 22.3016415 -40.7364235
v -16.7895565 23.1928387 -40.9844017
v -15.2979870 23.3618793 -41.4684143
v -14.2245960 22.9555569 -42.0739479
v -12.9299688 23.7429409 -42.0544472
v -11.6322260 23.3337803 -42.6561699
v -8.9312716 23.7505875 -43.0746269
v -7.5642967 23.3032570 -43.5740776
v 0.0331072 24.2471027 -43.7253723
v 2.8869362 24.0459633 -43.7352219
v 5.8577867 23.8429871 -43.5465889
v 8.8230991 23.6184673 -43.1684875
v 11.7187719 23.3533936 -42.6207848
v 14.5377340 23.0912361 -41.8902473
v 18.6601524 22.0101147 -40.8223495
v 20.1337700 22.2763577 -39.9753609
v 21.6302490 22.5324173 -39.0364876
v 22.9727726 21.5131779 -38.8483391
v 25.4683685 20.9035072 -37.6060715
v 26.4315071 21.2015743 -36.7569046
v 27.7418556 20.8060474 -36.0111694
v 31.5785122 18.9489765 -33.8145065
v 33.6587105 18.3862305 -32.0735626
v 34.6639175 17.4093113 -31.5463047
v 35.6039619 17.6435680 -30.3422260
v 36.5316162 16.4346409 -29.9150143
v 37.4979553 16.3849812 -28.7218895
v 40.3311806 14.7181597 -25.6234150
v 44.1779099 12.2676296 -19.9409103
v 46.0711365 10.0166883 -16.6393871
v 47.5654068 7.9176702 -13.2154207
v 49.8289452 2.9712083 -2.8343694
v -48.8577271 5.9763799 -8.7847509
v -46.9558449 8.8756008 -14.6908970
v -45.0554543 11.8435383 -18.1535072
v -43.7331581 12.8740292 -20.5294781
v -42.2804832 14.0268669 -22.7003040
v -40.6490898 15.2633276 -24.7873135
v -38.8320770 16.5848026 -26.7721329
v -35.7685738 18.2111568 -29.8050175
v -34.6944923 18.9203320 -30.6206131
v -33.8918991 18.8652477 -31.5473061
v -31.8580570 20.1186485 -32.8618622
v -30.7050571 20.1821995 -33.9091454
v -28.0541229 20.7220211 -35.8165131
v -27.0365086 21.7933846 -35.9663963
v -24.4921398 22.4923477 -37.3321266
v -22.2427750 22.5596180 -38.6765251
v -20.9199009 22.9858303 -39.1620903
v -19.5427628 23.3352242 -39.6643181
v -18.1876507 23.8623981 -39.9956169
v -16.8846169 24.6825905 -40.0650673
v -15.5638390 24.3323135 -40.8118820
v -14.2063484 24.0998764 -41.4353180
v -12.9232874 24.9360924 -41.3603859
v -11.6109686 24.5641880 -41.9659729
v -8.9122190 25.0108280 -42.3599358
v -7.5510626 24.5929871 -42.8617477
v -3.7420881 25.1951885 -43.0179749
v -2.4315083 25.4538879 -42.9656601
v 2.8895783 25.2965050 -43.0239410
v 5.8582435 25.0924015 -42.8388824
v 8.8199959 24.8600273 -42.4663925
v 11.6970634 24.6000214 -41.9198418
v 14.4669724 24.3877182 -41.1747360
v 17.1519299 24.2469521 -40.2130623
v 18.7651405 23.4872627 -39.9449158
v 23.0126495 22.8768692 -38.0366020
v 24.2765522 21.8616276 -37.8451347
v 25.4816246 22.1129875 -36.8974304
v 26.6855145 22.2108440 -35.9727325
v 29.1543560 21.1439476 -34.6786575
v 30.3829727 20.0246353 -34.2859230
v 31.5101452 20.3984699 -33.0243988
v 32.6124039 19.3617401 -32.5796280
v 34.5816765 18.6893616 -30.8938923
v 36.6003609 17.7353745 -29.0769482
v 38.4743729 16.2535458 -27.4820137
v 39.4522743 16.1198959 -26.1421566
v 41.2081375 14.8001490 -24.1371574
v 42.7590790 13.5245028 -22.1032372
v 45.4570694 11.2893572 -17.4941730
v 47.1007500 9.0555115 -14.1179752
v 48.3396835 6.9901142 -10.6945534
v 49.5121002 4.1603932 -5.5843782
v -48.5283890 7.1870556 -9.6572199
v -46.2899094 10.5736942 -15.6594448
v -44.3682213 13.0252562 -19.0190582
v -43.0234489 14.0809784 -21.2238503
v -41.4911728 15.3192616 -23.3129807
v -39.7724113 16.6237259 -25.3293419
v -37.9504662 17.9935703 -27.1257076
v -36.9356728 18.1218586 -28.4106522
v -33.9056892 20.0017681 -30.8216038
v -32.9190178 20.0621338 -31.8385143
v -31.9290714 21.2661572 -32.0596046
v -30.8403378 21.4251175 -33.0044327
v -29.5999050 21.6143513 -34.0077019
v -28.2905636 21.7641945 -35.0077019
v -25.6208439 23.1491299 -36.1538620
v -23.0941048 23.2716522 -37.7395325
v -21.6908131 23.8698978 -38.1961555
v -20.3002014 24.2421379 -38.7223778
v -19.1391373 24.4098206 -39.2050285
v -18.1445141 25.1231289 -39.2333031
v -16.8964062 25.9747829 -39.2354012
v -15.5832882 25.5983086 -40.0201988
v -14.2516670 25.2626305 -40.7201881
v -12.9298544 26.1253643 -40.6173058
v -11.6034708 25.7683563 -41.2398186
v -8.8914204 26.2343445 -41.6181335
v -4.7850204 26.0227737 -42.4125862
v -3.0569429 26.5151138 -42.2698441
v -1.3777628 26.0888309 -42.6200371
v -0.0060168 26.6966343 -42.2745399
v 2.8865445 26.5260391 -42.2771912
v 5.8576951 26.3169594 -42.0978165
v 8.8138342 26.0747986 -41.7328224
v 11.6475391 25.8192482 -41.1939621
v 14.3247337 25.7054901 -40.4158707
v 15.7316561 24.9724293 -40.3475838
v 18.2520828 24.9348679 -39.3011665
v 19.4247990 24.4680309 -39.0293388
v 20.4816208 24.7891350 -38.2819672
v 21.7198257 23.8804340 -38.1792336
v 23.0399227 24.2340908 -37.1679344
v 24.3125496 23.1628284 -37.0416641
v 25.5651474 23.3593807 -36.0613937
v 26.7986012 23.5243835 -35.0469170
v 27.9537277 22.3313198 -34.9240303
v 29.1918087 22.6045074 -33.7148247
v 30.3633080 21.4873695 -33.4077530
v 32.5685616 20.6833210 -31.7991486
v 33.5777550 19.6409225 -31.4080410
v 35.4776268 19.1913929 -29.5370083
v 37.6245422 17.6441307 -27.8031960
v 38.5940514 17.5112419 -26.5261135
v 40.3711967 16.1299171 -24.6931400
v 42.0096054 14.8503771 -22.6807575
v 43.4828377 13.5816736 -20.6060352
v 44.7944527 12.4953299 -18.3637829
v 46.5935783 10.2292080 -14.9738216
v 47.9440727 8.1418257 -11.6189909
v -48.1716881 8.5745583 -10.2850876
v -47.7565079 8.8614664 -11.8577719
v -47.4221802 8.7416124 -13.1982517
v -45.6712723 11.9433670 -16.4730988
v -42.2804565 15.3333302 -21.8392620
v -40.6552658 16.6596947 -23.8604126
v -37.0298805 19.5425968 -27.3265743
v -35.9575272 19.5746346 -28.6993008
v -34.9043808 19.7978210 -29.8217468
v -32.9419136 21.2137318 -31.0572891
v -31.0760727 22.3047600 -32.1869278
v -29.8676243 22.9657879 -32.8594513
v -28.4553909 23.0600243 -34.0340538
v -24.7354794 24.5871029 -35.8231850
v -23.9898872 23.9726887 -36.7273674
v -22.5165310 24.6680756 -37.1987114
v -20.9298172 25.3390541 -37.6786728
v -19.4238262 25.3493786 -38.4643097
v -18.2256927 26.3055630 -38.4124527
v -15.5818119 26.8414669 -39.1964188
v -14.2550774 26.4766827 -39.9405556
v -12.9301338 27.3112011 -39.8291702
v -11.6021786 26.9537086 -40.4755440
v -8.8766546 27.4275894 -40.8450813
v -7.4790568 27.0488338 -41.3692818
v -4.5743566 27.2830868 -41.6368942
v -0.0287315 27.9294624 -41.4706688
v 2.8849792 27.7358398 -41.4937286
v 5.8572283 27.5172596 -41.3233109
v 8.8077974 27.2610931 -40.9689751
v 11.5688267 26.9703751 -40.4713478
v 14.0414429 27.1270065 -39.5741196
v 15.5199528 26.3029842 -39.5776138
v 16.8902359 25.6071644 -39.4721451
v 19.2680550 25.5457344 -38.4126701
v 20.3822880 26.0081234 -37.5191917
v 21.7029800 25.1985607 -37.3353920
v 24.3569298 24.4926376 -36.1487083
v 28.0134640 23.7395458 -33.9307632
v 31.4897938 21.7850380 -32.1509972
v 33.5704536 20.8300533 -30.6417732
v 34.3772202 19.8254395 -30.4050465
v 36.6962128 19.0792637 -28.0943260
v 39.5075951 17.4534321 -25.1848583
v 41.2127228 16.1630039 -23.2382164
v 42.7554436 14.8983793 -21.2092266
v 44.1351852 13.6756201 -19.1043301
v 46.0279655 11.4972248 -15.7836475
v 48.6578293 7.2963748 -8.8885069
v 49.2924538 5.4347453 -6.3663712
v -49.6136780 4.2028589 -4.5445795
v -46.8289223 10.5038929 -14.0155869
v -43.6962318 14.1221418 -19.7769470
v -43.0161438 15.3079128 -20.3727570
v -41.4924774 16.6417274 -22.3856678
v -39.7525520 18.0622730 -24.3576736
v -38.0300598 19.0889263 -26.2491589
v -35.9425888 20.8241444 -27.8232040
v -34.9790001 20.9451561 -28.9414406
v -33.9603691 21.1076870 -30.0149670
v -31.9330273 22.3759460 -31.2936974
v -28.5273457 24.3783207 -33.0347786
v -27.2437649 24.3977661 -34.0928230
v -25.9264679 24.4581852 -35.0599060
v -24.7224941 25.7263260 -35.0225372
v -23.3523617 25.5450554 -36.0786858
v -21.9390392 25.8573418 -36.7341194
v -20.8297443 26.7389297 -36.7530937
v -19.5770168 26.5174484 -37.5923653
v -18.2532997 27.5194454 -37.5376625
v -16.9146557 27.2042713 -38.3858795
v -15.5748510 28.0601044 -38.3353462
v -14.2511158 27.6799622 -39.1184120
v -12.9166698 28.4871426 -39.0009842
v -11.5976639 28.1225567 -39.6739006
v -8.8712788 28.5962677 -40.0369225
v -7.4557548 28.2391891 -40.5704994
v -4.5102019 28.5505161 -40.7858162
v -1.4919844 28.6042366 -40.9695473
v -0.0026522 29.1522980 -40.6215286
v 2.8921874 28.9186230 -40.6778603
v 5.8577328 28.6925449 -40.5160179
v 8.8077869 28.4204865 -40.1733131
v 11.5695953 28.0485229 -39.7307587
v 19.0940952 26.7806187 -37.6550980
v 21.4800987 26.4643860 -36.5749779
v 22.9994164 25.7267761 -36.1780739
v 24.4424667 25.7690277 -35.1852646
v 25.6223412 24.6638222 -35.1389427
v 26.8301735 24.8700047 -34.0775108
v 29.1958656 24.0105400 -32.7221985
v 30.3582745 22.8995075 -32.4600868
v 31.4801273 23.1368904 -31.1982155
v 32.5681572 21.9748497 -30.9229279
v 33.6276054 22.0205498 -29.7318840
v 34.5953102 20.7410507 -29.5391903
v 35.7067337 20.5533142 -28.3274231
v 37.9059486 19.7567062 -25.9304123
v 38.6480865 18.7087269 -25.6125679
v 40.3696022 17.4744873 -23.7635918
v 41.9905281 16.1876965 -21.7844353
v 43.4461937 14.9861803 -19.6919231
v 45.3353081 12.9907598 -16.6009426
v 47.0487518 10.3954039 -13.3512220
v 47.5123558 9.2659912 -12.5145178
v -49.1088562 6.2706952 -6.9817982
v -46.2628441 11.8938408 -14.7692928
v -44.2251167 14.1634159 -18.5249195
v -42.2797623 16.5757656 -20.9134331
v -40.6528740 18.0103760 -22.8624344
v -37.5184860 20.3506775 -26.0285206
v -34.9891243 22.0773449 -28.0723896
v -33.9862137 22.2413559 -29.1584721
v -32.9426880 22.3611069 -30.2387810
v -31.8563614 23.5729351 -30.4823627
v -30.8529282 23.4026089 -31.6200485
v -29.7010727 24.4404869 -31.9403610
v -28.5371933 25.7267761 -31.9901237
v -27.3296242 25.5942421 -33.1291962
v -26.0513420 25.6794167 -34.0807114
v -24.8046055 27.0731411 -33.9315796
v -23.4264221 26.9251041 -35.0143814
v -22.0882397 26.8787899 -35.9047203
v -19.5622616 27.7752666 -36.6831284
v -18.2362595 28.7463093 -36.6147118
v -16.9072323 28.4290771 -37.4933014
v -15.5390749 29.2851906 -37.4226379
v -14.2231159 28.8812866 -38.2520599
v -12.8680954 29.6559429 -38.1365318
v -11.5790920 29.2741776 -38.8380089
v -8.8702497 29.7430592 -39.1928978
v -7.4533215 29.4081688 -39.7317772
v -1.4318995 29.8717308 -40.0576363
v 0.1002585 30.3293343 -39.7487488
v 2.9081473 30.0616951 -39.8394127
v 5.8585687 29.8417931 -39.6770172
v 8.8137856 29.5577736 -39.3427544
v 11.6511927 29.1338863 -38.9178047
v 14.3596373 28.3983421 -38.5533791
v 17.7200699 27.5814934 -37.7470551
v 20.2224674 27.1814079 -36.7633324
v 21.1516609 27.4720249 -36.0188713
v 22.2898350 27.1272869 -35.5910683
v 23.4627781 26.7376842 -35.1294632
v 25.6382885 25.9732094 -34.1741257
v 26.8146515 26.2027740 -33.0758286
v 28.0145168 25.1126957 -32.9316597
v 29.1598816 25.3796349 -31.7072411
v 30.3394699 24.2812538 -31.4595890
v 32.5780792 23.2590847 -29.9565907
v 34.6957932 21.9495888 -28.5352955
v 35.7553749 21.8574657 -27.2683487
v 36.8919411 20.4184227 -26.8641167
v 38.5817337 19.9177055 -24.7919521
v 39.4859810 18.7454224 -24.2760582
v 41.1865005 17.4885998 -22.3076401
v 42.6918755 16.2458706 -20.3289547
v 44.1077766 14.9735279 -18.1676540
v 44.6489906 13.7607985 -17.7946205
v 46.5470505 11.5802250 -14.1135550
v 48.2466507 8.2246847 -10.2093897
v 49.0296478 6.8707113 -6.9718275
v -48.7937241 7.1381207 -8.2392368
v -48.5342178 8.3085175 -8.6776047
v -47.7716446 10.0408106 -10.8075447
v -47.3172760 10.3294249 -12.4144001
v -45.5465050 13.2839088 -15.7696648
v -43.6918411 15.2276640 -18.9491043
v -43.0181961 16.4636593 -19.4462090
v -41.4923630 17.9065037 -21.3876820
v -39.7475815 19.4554901 -23.2682571
v -35.9086952 21.9348679 -27.0031967
v -35.0059967 23.1451607 -27.1801434
v -34.0185738 23.3334599 -28.2477131
v -32.9419556 23.5362511 -29.3367081
v -30.7053337 24.6386986 -30.8198147
v -29.6960869 25.4446335 -31.1493988
v -27.3481121 26.5626984 -32.3414383
v -26.2655525 26.7544498 -33.0743713
v -23.3905430 28.1349583 -34.0711441
v -22.1439056 28.0648098 -34.9537926
v -20.8461914 27.9624748 -35.8200569
v -19.5584698 28.9878979 -35.7363472
v -16.8785877 29.6547756 -36.5459290
v -15.4676971 30.5347290 -36.4394493
v -14.1353445 30.1093845 -37.3292389
v -12.7435722 30.8023052 -37.2601471
v -11.5331650 30.3978958 -37.9797745
v -8.8742065 30.8626423 -38.3166733
v -4.5334120 30.9979076 -38.9564667
v 0.3663981 31.2600555 -39.0120201
v 2.9113445 31.1644096 -38.9822617
v 5.8578739 30.9652958 -38.8066101
v 8.8196468 30.6749573 -38.4767685
v 11.7020197 30.2502155 -38.0416031
v 14.5591726 29.6066685 -37.5580788
v 17.5773964 28.9371586 -36.7841034
v 18.9838562 29.1930962 -35.8765297
v 20.1959763 28.2586384 -35.9563675
v 21.4624634 28.2803650 -35.2001152
v 22.9939518 28.0584316 -34.4053612
v 25.6005554 27.2835789 -33.1641045
v 27.9672394 26.4356194 -31.9156647
v 31.4632168 24.4764194 -30.1813164
v 33.6627769 23.2592831 -28.7361469
v 36.6907768 21.8822041 -25.9758568
v 37.6460876 20.8834324 -25.4257717
v 40.3112297 18.8274956 -22.8099003
v 41.9372826 17.4529438 -20.8905735
v 45.9990768 12.8597908 -14.7854567
v 47.4017334 10.4604597 -11.9669323
v 47.8693352 9.5771885 -10.7907944
v 49.6392555 4.3246369 -4.0905590
v -46.8007050 11.7763777 -13.0707951
v -45.0204086 14.6451073 -16.0825253
v -43.7170258 16.2878456 -17.9834576
v -42.2772064 17.7633095 -19.9202938
v -40.6576385 19.2953053 -21.7797756
v -38.8152733 20.9830093 -23.5117035
v -37.7866974 21.3283310 -24.8388023
v -36.8706589 22.7935295 -24.9135838
v -34.0846024 24.3466702 -27.2951527
v -33.0592346 24.6328678 -28.2810822
v -31.7485809 24.9966125 -29.4435139
v -30.3565216 25.8938923 -30.1252327
v -29.1593094 26.5140591 -30.7602081
v -27.9305649 27.1086807 -31.3747597
v -26.6652126 27.6181412 -32.0247574
v -25.4004803 27.9449692 -32.7604485
v -23.3704014 29.2040596 -33.1725922
v -22.1663017 29.1950397 -34.0039139
v -20.8724098 29.1297989 -34.8620148
v -19.5643425 30.1405277 -34.7637749
v -18.2234230 29.9434624 -35.6490936
v -16.8549747 30.8572540 -35.5441322
v -13.8907280 31.4674015 -36.2799225
v -12.4760818 31.7417164 -36.5532417
v -11.4592886 31.4539394 -37.1335335
v -8.8926840 31.9451904 -37.4142799
v -7.5044379 31.6758671 -37.9381523
v -4.6479173 32.1943283 -37.9606895
v 0.0358841 32.2060509 -38.2395821
v 2.8863595 32.2505302 -38.0898552
v 5.8553085 32.0646858 -37.9036179
v 8.8218679 31.7695942 -37.5775528
v 11.7162104 31.3551407 -37.1321068
v 14.5617895 30.8262253 -36.5636864
v 17.6318340 30.3468380 -35.6079330
v 19.1650677 30.1553288 -34.9721642
v 20.3105774 29.3298798 -35.0240288
v 21.6912956 29.3935165 -34.1371040
v 23.0828018 29.4516945 -33.1563072
v 24.3448029 28.3537712 -33.2149734
v 25.5589619 28.5772972 -32.0891418
v 26.7736683 27.4987373 -32.0461693
v 29.0510139 26.6965179 -30.7067642
v 30.2717724 25.6586208 -30.4120960
v 32.5785255 24.5377960 -28.9190960
v 33.6732788 24.4901924 -27.6764565
v 34.7222176 23.1849480 -27.5049610
v 35.7279282 23.1074276 -26.2538052
v 37.3851128 21.9813728 -24.8702698
v 38.3304977 21.3367901 -23.9772396
v 39.3648376 20.0741386 -23.3924122
v 41.1401863 18.7919884 -21.3094654
v 42.5348701 17.4034195 -19.6815071
v 43.3267441 16.5395069 -18.6760082
v 44.7791367 14.6838980 -16.7037201
v 45.4365005 14.3191872 -15.1783504
v 49.9335213 2.2129540 -1.2617567
v -49.3882980 5.8898177 -5.1029224
v -48.1818199 9.6936169 -9.1824446
v -46.2168694 13.1194391 -13.8484488
v -44.3886223 16.0421143 -16.4978447
v -43.0121193 17.5902805 -18.4484386
v -41.4902649 19.1115456 -20.3224907
v -39.7815399 20.7394428 -22.0693283
v -37.8663597 22.5345592 -23.6231041
v -35.9358940 22.9728489 -26.0856876
v -35.0132828 24.1683578 -26.2634335
v -33.2535210 25.8159924 -26.9661522
v -30.9919338 26.5606041 -28.8688736
v -29.7733173 27.1870384 -29.5611382
v -28.5677795 27.7465572 -30.2244587
v -27.2030144 28.5138302 -30.7665119
v -24.5327187 29.0900745 -32.4250183
v -22.1945877 30.2619495 -33.0363350
v -20.8933220 30.2400112 -33.8912964
v -19.5718536 31.2431526 -33.7703056
v -18.2194767 31.0943832 -34.6532364
v -14.1181326 32.6947136 -35.0884933
v -12.7402678 32.5698280 -35.7316055
v -11.4617395 32.4359283 -36.2772026
v -8.9285011 32.9802513 -36.4956245
v -7.5874648 32.7711296 -36.9788361
v -4.8736100 33.3561630 -36.9169083
v -3.2705493 33.0482597 -37.3635216
v -0.1327896 33.3940735 -37.2069778
v 2.8624625 33.3372002 -37.1441002
v 5.8533397 33.1404953 -36.9669914
v 8.8211966 32.8386993 -36.6471481
v 11.7074833 32.4315681 -36.1987381
v 14.4792213 31.9636364 -35.6075668
v 17.0621414 31.6889439 -34.6990967
v 18.5693073 31.2143841 -34.3559418
v 20.2826843 30.6376953 -33.9058571
v 21.8881512 30.5610542 -32.9595871
v 23.1571884 30.6564178 -31.9943676
v 24.3405972 29.6459732 -32.0670967
v 26.7454262 28.7155075 -30.9789963
v 27.8901443 27.6604290 -30.9287930
v 28.8086510 27.7852097 -29.9548321
v 30.0662804 27.1684113 -29.2785988
v 31.4169674 25.8117714 -29.0922012
v 32.5769997 25.7878571 -27.8104591
v 34.7272835 24.3952045 -26.4309883
v 35.7289162 24.2794418 -25.1768990
v 36.6459503 23.0276947 -25.0309849
v 39.1621437 21.2480106 -22.6754913
v 40.1506882 20.3607368 -21.7444229
v 41.9296646 18.5867290 -19.9041767
v 44.1464043 16.1980648 -16.9888821
v 46.4526062 12.7499285 -13.3879108
v 49.4626846 5.2426982 -5.0585289
v -47.3044434 11.5198278 -11.3754816
v -45.6288147 14.3827496 -14.5257492
v -42.2621384 18.9065132 -18.8735371
v -40.6640816 20.5064831 -20.6304035
v -38.8695564 22.2234268 -22.2504234
v -36.7669258 24.1520519 -23.7581673
v -35.9012985 24.0558300 -25.1417484
v -34.1577187 25.2283001 -26.3884392
v -32.2148438 26.0542641 -27.9750137
v -30.3410149 27.9894009 -28.2003803
v -29.0977440 28.4252205 -29.0615978
v -28.0903625 28.7824802 -29.6984406
v -27.1868877 29.7150078 -29.6236782
v -25.9987507 29.8425350 -30.5471840
v -24.7213078 30.0454082 -31.4000740
v -23.4598198 30.1987934 -32.2065735
v -22.2325382 31.2995872 -32.0257721
v -20.9112873 31.3098660 -32.8951263
v -19.5804901 32.3061562 -32.7486382
v -18.2247353 32.1923332 -33.6351089
v -16.8570595 32.0074081 -34.5093536
v -15.5118055 32.9053078 -34.2997589
v -12.8602648 33.6039543 -34.7148323
v -11.5380850 33.4219589 -35.3443718
v -8.9320974 33.9833107 -35.5619125
v -7.7034459 33.7490158 -36.0635681
v -5.1734018 34.4330444 -35.8763618
v -1.8470781 34.0309372 -36.5709038
v -0.0933035 34.5838737 -36.1067314
v 2.8697076 34.4086952 -36.1535759
v 5.8541737 34.1902618 -35.9981804
v 8.8191490 33.8803673 -35.6868515
v 11.6898260 33.4759026 -35.2410851
v 14.3914738 33.0311890 -34.6561279
v 16.6445351 32.6543045 -34.0024872
v 17.8579693 32.3885384 -33.6426392
v 19.3529911 32.0152969 -33.1668358
v 20.8803215 31.7200737 -32.5123634
v 22.1325588 31.4895458 -31.9013557
v 25.5520973 29.8089752 -30.9594135
v 26.7544289 29.8547993 -29.8746376
v 27.8868523 28.7510605 -29.9245586
v 31.4171581 27.0902748 -27.9081459
v 33.6798897 25.6970043 -26.5547562
v 37.5462990 22.7958202 -23.8810558
v 38.4615059 22.4575729 -22.7140293
v 41.1479836 20.0075397 -20.1570759
v 42.6875534 18.2022686 -18.6068001
v 43.4557800 17.7527008 -17.2143250
v 44.8405991 15.8433199 -15.4330559
v 46.0233765 14.0109358 -13.6183109
v 48.3307610 9.0487442 -9.0656042
v 48.7177658 8.4484806 -7.4163322
v 49.2914467 6.4241490 -5.3757219
v -49.7391167 4.2417588 -2.7541525
v -49.1267815 7.4300966 -5.5858321
v -48.8490372 7.9010158 -7.1617160
v -47.7665520 11.1395006 -9.6990767
v -46.7063179 13.1509171 -12.0547600
v -43.7002640 17.4010296 -16.9527988
v -42.9694939 18.7106342 -17.4207363
v -41.4798889 20.2553806 -19.2056828
v -39.7975845 21.9417477 -20.8428707
v -37.9094582 23.7271900 -22.3523769
v -35.7248878 25.0320721 -24.4259911
v -34.9724922 25.1561260 -25.3726139
v -34.0638466 26.2065678 -25.5458870
v -32.2065620 27.2060070 -26.8692474
v -29.4014263 29.2973785 -27.8689079
v -28.2780800 29.5710106 -28.7329636
v -26.0947647 30.9137020 -29.3738213
v -24.8300896 31.0710983 -30.2942696
v -23.5379581 31.2124939 -31.1652222
v -22.2597466 32.3304329 -30.9632740
v -20.9273815 32.3548584 -31.8593769
v -16.9002285 34.1419563 -32.3767738
v -15.5514259 33.9757042 -33.2219658
v -14.2021236 33.7859573 -34.0041771
v -12.9098711 34.6352081 -33.6647797
v -11.5836754 34.4367485 -34.3405647
v -8.8964958 34.9915237 -34.5797844
v -7.6348839 34.6487389 -35.2155685
v -4.0714045 35.1924820 -35.2740898
v -1.4208717 35.2857666 -35.3819313
v 0.1039659 35.6751060 -35.0295601
v 2.9001598 35.4365349 -35.1447258
v 5.8566480 35.2103386 -35.0006981
v 8.8169050 34.8929520 -34.6980171
v 11.6707478 34.4859581 -34.2597542
v 14.3259945 34.0550117 -33.6787338
v 18.4890862 33.1638527 -32.5235443
v 19.9410229 32.9136391 -31.9106483
v 24.3318748 30.8567505 -30.9101658
v 25.5412998 30.9650097 -29.8066368
v 27.9495277 29.7882042 -28.8299847
v 29.0431995 28.6018925 -28.9462814
v 30.2621536 28.3957367 -27.8879910
v 31.4450855 28.2728672 -26.6750546
v 32.5826416 26.9924297 -26.6385803
v 33.6736374 26.8720303 -25.3702831
v 35.7314529 25.4236259 -24.0128078
v 36.6858749 24.1073399 -23.9333439
v 37.6264496 23.8411560 -22.7061520
v 39.3856621 22.0223923 -21.5302658
v 40.3191795 21.5234985 -20.2704525
v 41.9754906 19.6485023 -18.7573948
v 44.1849327 17.3703556 -15.6769371
v 45.4746246 15.4687538 -13.8759890
v 47.5053864 11.2476158 -10.7981243
v -48.5344925 9.3165255 -7.5827250
v -46.1006660 14.1543760 -13.1901293
v -44.3551674 17.1896286 -15.3943110
v -43.6033859 18.5819588 -15.9102488
v -42.2234993 19.9984646 -17.8069496
v -40.6610985 21.6502285 -19.4330845
v -38.8856125 23.4000378 -20.9786243
v -36.9532547 25.2022038 -22.3392773
v -35.9317284 25.6767826 -23.4365826
v -34.9708557 26.0640469 -24.4429111
v -33.0953522 27.2553043 -25.7153111
v -32.0881386 28.2959652 -25.8666840
v -30.3647022 29.0080566 -27.1277561
v -28.4584274 30.4956894 -27.5615501
v -27.3078785 30.7027550 -28.4842834
v -23.5799236 32.2484093 -30.0611401
v -20.9379444 33.3852310 -30.7705517
v -19.5914917 33.3443451 -31.6837540
v -18.2535439 34.2818375 -31.4854202
v -15.5720682 35.0106926 -32.1164093
v -14.2376080 34.8251190 -32.9235191
v -12.9268675 35.6380310 -32.5931778
v -11.6028328 35.4382744 -33.2995224
v -8.8858643 35.9996071 -33.5326271
v -7.3551197 35.6921577 -34.2209358
v 0.4043338 36.4993782 -34.1589584
v 2.9167697 36.4119949 -34.1315804
v 5.8574195 36.1990089 -33.9770126
v 8.8158216 35.8751106 -33.6818161
v 11.6582966 35.4556084 -33.2594681
v 14.2388611 35.0320663 -32.6991577
v 17.7532768 34.1642380 -31.8950596
v 18.9314880 34.0238228 -31.3637810
v 20.2978764 33.8780975 -30.6546097
v 21.5786514 32.6778946 -31.0785103
v 23.0824947 31.8060913 -30.9080563
v 24.2751961 32.0106392 -29.7631512
v 25.5186424 32.0703087 -28.6331787
v 26.7690964 30.9455128 -28.7346077
v 27.9785538 30.8270226 -27.6860561
v 29.1357098 29.6454067 -27.7843456
v 30.2908325 29.5089302 -26.6704369
v 32.5673027 28.1597557 -25.4182739
v 34.7134666 26.7273273 -24.0893974
v 36.7004585 25.2176647 -22.7353096
v 38.5620537 23.4770679 -21.4852943
v 39.4870872 23.0360489 -20.2489777
v 41.1961288 21.1016598 -18.9046879
v 42.7410278 19.2636395 -17.3772526
v 46.5604591 13.5226898 -12.2134924
v -47.2867699 12.6160860 -10.2306805
v -45.6603813 16.2149982 -12.3319960
v -42.8597870 19.8014565 -16.4506073
v -41.4607315 21.3276100 -18.0527687
v -39.7911072 23.0889950 -19.5778370
v -37.9378700 24.8353825 -21.0637856
v -36.0170631 26.5807972 -22.2716942
v -34.0372620 27.1936703 -24.5267487
v -33.0282745 28.2986526 -24.6585922
v -31.0399189 29.2661476 -26.0631294
v -29.7576103 30.2328949 -26.4592991
v -27.4991741 31.4705639 -27.4397297
v -26.2398911 32.0137749 -28.0384312
v -24.8754101 33.2050858 -27.8937798
v -23.5878754 33.2962685 -28.8895950
v -22.2699223 33.3608780 -29.8423443
v -20.9425240 34.4067001 -29.6171227
v -19.6022434 34.3717880 -30.5599880
v -18.2625370 35.3114738 -30.3177910
v -16.9136639 35.1779976 -31.2415962
v -15.5662403 36.0368614 -30.9614220
v -14.2447901 35.8364258 -31.8173389
v -12.9208145 36.6100883 -31.4991074
v -11.6075525 36.4095421 -32.2334175
v -8.9063778 36.9703636 -32.4540367
v 0.0999221 37.3019905 -33.2855072
v 2.8951051 37.3542557 -33.0988464
v 5.8547559 37.1572113 -32.9267921
v 8.8166866 36.8265266 -32.6386223
v 11.6732035 36.3840141 -32.2357979
v 14.1123686 35.8669014 -31.8354778
v 15.3387289 35.3976898 -31.7930527
v 19.1324005 34.9597816 -30.1887531
v 20.4222965 34.8523293 -29.4583206
v 22.9510708 32.9550514 -29.7769299
v 26.7777348 31.9835281 -27.5630054
v 29.1387978 30.6804981 -26.6355057
v 30.2092228 30.5863361 -25.5240059
v 31.3991508 29.4356709 -25.4430828
v 33.6475372 28.0143051 -24.1415005
v 37.6556664 24.9206276 -21.4672871
v 40.3789215 22.5730877 -18.9673309
v 41.9926682 20.6970158 -17.5513287
v 43.4686241 18.9063663 -15.9029236
v 44.8612480 16.9705772 -14.1161022
v 46.0578537 15.0345373 -12.3473835
v 47.5611954 12.1944313 -9.4369364
v 48.3673897 10.0392885 -7.7222238
v 49.0360680 7.8814378 -5.7482905
v -48.1608620 10.7396498 -8.0662374
v -46.7751427 14.0980215 -10.6413031
v -45.0149879 16.8067932 -13.8248758
v -44.2243614 18.5631008 -14.1125402
v -42.1681900 20.9946480 -16.7571659
v -40.6505127 22.7279854 -18.1851444
v -38.8518219 24.5525036 -19.6843567
v -36.9853020 26.1994114 -21.1052837
v -35.0214462 26.9481525 -23.3913898
v -34.0250435 28.1506100 -23.4428406
v -32.9604263 29.3060055 -23.5449867
v -31.9607029 29.3584747 -24.8201141
v -30.8282013 30.3765106 -25.0329762
v -28.4336681 31.6225071 -26.2916584
v -27.0468140 32.4638062 -26.7274399
v -25.9207420 33.1154327 -27.0412502
v -23.5976315 34.3409157 -27.6271343
v -22.2711201 34.3923187 -28.6492786
v -20.9446659 35.4203529 -28.3936806
v -19.6106281 35.3929482 -29.3687229
v -18.2642097 36.3347931 -29.0812073
v -16.9064903 36.2166901 -30.0388012
v -15.5097103 37.0726852 -29.7415981
v -14.2159157 36.8281631 -30.6796131
v -12.8869629 37.5437622 -30.3947048
v -11.6002636 37.3430595 -31.1503868
v -8.9338779 37.8840599 -31.3745537
v -7.5402541 37.7117233 -31.9364128
v -4.6603413 38.2945518 -31.7962437
v -3.0469708 37.9947586 -32.3427200
v -0.0694329 38.2615700 -32.1795464
v 2.8572938 38.2810364 -32.0250778
v 5.8501735 38.0861282 -31.8485088
v 8.8180571 37.7476501 -31.5683880
v 11.6979122 37.2853165 -31.1798420
v 14.8231535 36.6103745 -30.6507435
v 16.5136089 35.7138176 -30.8423386
v 19.2893543 35.7474937 -29.1454697
v 20.4168854 35.7862549 -28.3214741
v 21.6567230 34.8988686 -28.5081806
v 25.5263901 33.1198044 -27.4101639
v 27.9851189 31.8135681 -26.5421276
v 31.2016449 30.7245102 -24.1230793
v 32.5150185 29.3152885 -24.1516266
v 34.6714096 27.8326359 -22.8727875
v 35.7040520 26.5545578 -22.8004799
v 36.6582298 26.3519821 -21.4832840
v 38.6032982 24.5171833 -20.2149086
v 39.5228958 24.0473404 -18.9585667
v 41.2172813 22.1168957 -17.6554432
v 42.7140579 20.3345280 -16.1809063
v 44.1775284 18.5085258 -14.3421106
v 45.4869690 16.5263157 -12.5519762
v 47.9837265 11.5830994 -7.9516301
v 48.7188873 9.4525166 -6.0754237
v -49.5618973 5.6002202 -3.4513187
v -48.7458420 9.9505215 -4.9349160
v -47.7288246 12.1940556 -8.5565681
v -46.2499275 15.5665588 -10.8851633
v -43.3393288 19.8501587 -15.0677347
v -42.7022896 20.7196980 -15.7035503
v -41.4505005 22.3065186 -16.8540955
v -39.7596664 24.2031536 -18.2530365
v -36.0292015 27.4995537 -21.1063652
v -35.0385208 27.8649788 -22.2602139
v -34.0016975 29.0983162 -22.2912369
v -31.8242130 30.4248981 -23.6951523
v -30.6630421 31.4096889 -23.9351921
v -29.6070423 32.2717972 -24.1149445
v -28.8009148 32.2727699 -25.0695705
v -27.7432137 32.8763046 -25.4731350
v -26.4597321 33.5714684 -25.9267807
v -25.0138893 34.2405243 -26.4839745
v -23.5746994 35.3790512 -26.3072414
v -22.2658825 35.4139175 -27.3829327
v -20.9442654 36.4090042 -27.1160545
v -19.6174355 36.3948860 -28.1129017
v -16.8768349 37.2569237 -28.7555408
v -14.1182737 37.7874031 -29.5389442
v -12.8282948 38.4102211 -29.3192253
v -11.5827045 38.2319527 -30.0599728
v -8.9448195 38.7481079 -30.2970276
v -7.6289411 38.5705910 -30.8713570
v -4.9673977 39.3502579 -30.4336510
v -3.2009985 39.0091896 -31.0959244
v -0.1594259 39.2085304 -31.0179386
v 2.8302872 39.1898232 -30.9084854
v 5.8463717 38.9854507 -30.7417755
v 8.8177919 38.6382790 -30.4718895
v 11.6940899 38.1667900 -30.0958633
v 14.2334223 37.6615410 -29.6338387
v 17.2071705 37.1183891 -28.7321720
v 18.9220505 36.7545128 -28.1163979
v 24.1315269 34.3239021 -27.1832237
v 25.6702290 34.0252991 -26.1327343
v 26.8194160 32.9290237 -26.3815136
v 28.0044212 32.7047997 -25.4189854
v 29.0980167 32.4592285 -24.4794464
v 29.9831238 31.5037308 -24.6567993
v 33.6120605 29.0890293 -22.8873119
v 34.6048546 28.8330097 -21.6968498
v 35.6119194 27.6517353 -21.6083183
v 37.6365128 26.0100098 -20.1719341
v 38.6143837 25.5193748 -18.9073486
v 40.4019928 23.5567417 -17.6763630
v 41.9837189 21.6626701 -16.3682365
v 43.3769951 20.1536846 -14.5588026
v 46.6023445 14.4623718 -10.9003239
v 49.5047455 5.7738919 -3.9885738
v -49.3367081 7.0602794 -3.9551492
v -47.2485161 13.6029711 -9.0775213
v -45.6838875 17.0682888 -11.0235624
v -45.0324249 17.7829933 -12.4799404
v -43.6167526 20.3082581 -13.5960722
v -42.1722755 21.8272381 -15.6469297
v -40.6468620 23.7259426 -16.8714390
v -38.6947975 25.8301334 -18.3029423
v -37.6864586 26.8256340 -18.9601765
v -36.9468689 27.1263485 -19.9727249
v -35.0362930 28.7660522 -21.0922298
v -32.8844643 30.3129520 -22.3514996
v -31.5803776 31.5919247 -22.4497890
v -28.5497360 33.1208000 -24.2413979
v -27.1982727 34.0840149 -24.4573879
v -25.8931732 34.5323143 -25.2374516
v -24.8027916 35.3703842 -25.1641312
v -19.6240978 37.3503990 -26.8212719
v -18.2761116 37.3262901 -27.7905502
v -16.9258919 38.2327538 -27.4100590
v -15.3257351 38.2044525 -28.3713570
v -13.8793087 38.5731430 -28.6148891
v -12.8576546 39.2061310 -28.2324562
v -11.5775366 39.0754700 -28.9570427
v -8.9260664 39.5870247 -29.1977291
v -7.6277413 39.3795967 -29.8329964
v -4.7309813 40.4139328 -29.0398102
v -0.1970432 40.1286659 -29.8182182
v 2.8188155 40.0723305 -29.7565403
v 5.8448229 39.8537865 -29.6077061
v 8.8160877 39.4971123 -29.3506126
v 11.6720457 39.0167351 -28.9940777
v 14.4918890 38.4548798 -28.4687901
v 16.1574230 38.1501083 -27.9865017
v 17.6906834 37.8887329 -27.4078140
v 19.1628380 37.6946754 -26.6702328
v 20.4402008 36.6905975 -27.1238842
v 21.8380241 36.5666161 -26.1809368
v 23.1031685 35.5674515 -26.4724998
v 24.6388130 35.2497444 -25.4900265
v 25.9761028 34.6049347 -25.0409374
v 26.9079704 33.7400970 -25.2398186
v 28.0343094 33.5112648 -24.3067837
v 30.2143135 32.0956764 -23.5944595
v 31.3932896 31.6735973 -22.6016350
v 33.6046257 30.0509071 -21.6190929
v 35.4059677 28.5937977 -20.6936893
v 36.4930763 27.6193752 -20.1252289
v 39.5357170 25.0045395 -17.6462994
v 41.2392731 23.0400925 -16.3756752
v 42.6006126 21.2575035 -15.2603970
v 44.1532707 19.5493126 -12.9689846
v 44.8514824 18.0321083 -12.7658005
v 46.0680466 16.0025578 -11.0208855
v 49.6947861 4.8463583 -2.6243091
v 49.8366547 3.8266468 -1.2491148
v -48.4871674 10.3344059 -6.4799881
v -46.7634239 14.9543629 -9.4588995
v -45.0739098 18.6269054 -11.0063334
v -44.3796997 19.4193573 -12.3781128
v -42.8689117 21.1799221 -14.6088610
v -41.4642792 23.1898232 -15.5789385
v -39.7608337 25.2114277 -16.8301678
v -36.9470787 27.9192333 -18.8447552
v -36.0227013 28.3624458 -19.9424286
v -35.0315628 29.6182652 -19.8806133
v -33.9824409 30.0121307 -21.0758610
v -32.8597031 31.2562847 -21.0462475
v -30.3982410 32.2521706 -23.1315842
v -29.5222206 33.0741692 -23.1143856
v -28.4257412 34.0092087 -23.1304760
v -26.0317078 35.2694206 -24.0433369
v -23.5264835 36.3612480 -24.9838295
v -22.2479935 36.3940392 -26.0771046
v -20.9376087 37.3445015 -25.8228588
v -19.6253052 38.2389069 -25.5364838
v -18.3093090 38.2462158 -26.4905090
v -15.6837254 39.1271019 -26.8852997
v -12.9703007 40.0176468 -27.0128193
v -11.6002474 39.8934441 -27.8096371
v -8.9035311 40.4105759 -28.0542088
v -3.2012622 40.9514389 -28.4933987
v -0.2010434 41.0137253 -28.5896721
v 2.8190482 40.9229584 -28.5757027
v 5.8453655 40.6895714 -28.4481354
v 8.8150959 40.3230324 -28.2054920
v 11.6547298 39.8264084 -27.8782997
v 14.0117035 39.3090019 -27.5245419
v 15.2149963 39.0904007 -27.1995182
v 18.0069027 38.6939621 -26.0329819
v 20.5675755 37.5497665 -25.8207073
v 21.9107227 37.4048500 -24.9025288
v 25.7532501 35.4010277 -24.1468277
v 26.9298840 34.5008698 -24.1654835
v 28.0365372 34.2981453 -23.1778679
v 29.1612568 33.2317810 -23.3442974
v 30.3062820 32.8965416 -22.3401318
v 32.5468941 31.3045464 -21.4620781
v 34.6142120 29.6738453 -20.5214081
v 35.6294518 29.1193180 -19.5505447
v 37.6475258 26.9988632 -18.8037415
v 38.6262741 26.4375172 -17.5718727
v 40.4167061 24.4723434 -16.3478813
v 42.0418015 22.4494457 -15.1063156
v 45.4698563 17.5174255 -11.2002878
v 47.1134262 13.7724695 -9.5091314
v 47.5699310 13.1107025 -8.0614433
v 48.3512878 10.9940119 -6.4171977
v 49.2925529 7.2512379 -4.1799426
v -49.0630608 8.5209103 -4.4446955
v -48.0965004 11.7498169 -6.9579754
v -42.2338028 22.5658112 -14.3852329
v -40.6579971 24.6317272 -15.4891796
v -38.8552094 26.6908264 -16.6627388
v -37.8801079 27.3431740 -17.8110466
v -37.0020943 28.6498528 -17.6034184
v -36.0330009 29.1636753 -18.7339668
v -33.9809914 30.8743782 -19.7962608
v -31.7309875 32.4773369 -20.9324379
v -30.5796165 32.8255157 -22.0657616
v -29.5291843 33.8370781 -21.9772873
v -28.4454250 34.7802544 -21.9252911
v -27.3000927 35.0083961 -22.9925652
v -26.2066841 36.1586189 -22.4739399
v -24.8013630 36.2941017 -23.8166027
v -23.4814587 37.2582054 -23.6657887
v -22.2207794 37.3080978 -24.7765179
v -20.9153233 38.2067871 -24.5471420
v -18.3275146 39.0833740 -25.2267151
v -17.0498924 39.0720024 -26.1153965
v -16.0080261 39.7521744 -25.7491665
v -14.5462971 40.1172028 -26.0482655
v -11.5984144 40.7111549 -26.6001263
v -8.8957672 41.2058487 -26.8753471
v -7.5108252 41.0314751 -27.5498676
v -4.6578326 41.3169403 -27.7513676
v -3.1777403 41.8178978 -27.2108765
v -0.1918342 41.8534584 -27.3468800
v 2.8245068 41.7371826 -27.3725510
v 5.8469534 41.4914398 -27.2650585
v 8.8163185 41.1159134 -27.0362129
v 11.6627636 40.6007843 -26.7343693
v 14.2358160 39.9137459 -26.5185661
v 15.5887442 39.8097115 -25.9130669
v 19.3719597 38.5409241 -25.2714615
v 20.6887608 38.3787231 -24.4615879
v 21.8893986 38.2659187 -23.5808926
v 23.1626987 37.3150940 -23.8887520
v 24.4713039 36.3341103 -24.0914955
v 25.6263542 36.2723846 -22.9600315
v 26.8588943 35.3046646 -23.0627022
v 27.9926739 35.0985870 -22.0033016
v 29.1773167 34.0272980 -22.1518192
v 31.4520588 32.5339890 -21.2636032
v 33.6346817 30.9057636 -20.3303909
v 34.6973991 30.4263058 -19.2367191
v 36.6939392 28.4508076 -18.5474873
v 37.7035522 27.8313923 -17.4221020
v 39.5365448 25.8967514 -16.3065834
v 41.2839508 23.8811188 -14.9974642
v 42.8356667 21.6295853 -14.0358210
v 43.5248642 20.7967567 -13.1453686
v 44.8054352 19.0403595 -11.3949919
v 46.6120758 15.3509607 -9.5598001
v 47.9667435 12.4577684 -6.6268454
v 49.0200386 8.7807388 -4.4403434
v -47.6257401 13.3198147 -7.3452616
v -47.1455917 14.4659491 -8.2237015
v -45.6963615 17.8635025 -9.6186438
v -44.4325180 20.2015247 -10.8356247
v -43.7255096 21.0163250 -12.0915956
v -41.4863968 24.0081196 -14.2196569
v -39.7933960 26.0834179 -15.3577795
v -37.9597969 28.0822239 -16.4377537
v -36.0487328 29.9287605 -17.4487152
v -35.0369377 30.4275875 -18.6119976
v -33.9806976 31.6906967 -18.4587231
v -32.8772202 32.1194153 -19.6788254
v -31.7181549 33.3295860 -19.5613632
v -30.6215935 33.5962982 -20.8141651
v -29.5062847 34.5970573 -20.7892227
v -28.3932953 35.5142212 -20.7886028
v -27.5044041 35.5871239 -21.8279514
v -24.7274303 37.2011757 -22.4606056
v -23.3706512 38.1215248 -22.3614101
v -22.1665688 38.1563187 -23.5039387
v -20.8665276 38.9994965 -23.3085461
v -19.6088886 39.0567818 -24.2815456
v -18.3008709 39.8656845 -23.9895554
v -17.0572014 39.8398170 -24.9232540
v -15.7235126 40.4964485 -24.7467289
v -14.2445784 41.1488914 -24.5638008
v -12.6166725 41.8889160 -24.1985970
v -11.4900846 41.5194435 -25.3732452
v -8.8939342 41.9594231 -25.6835346
v -7.5117421 41.8169365 -26.3420238
v -4.6463032 42.1415634 -26.4841480
v -3.1736355 42.6202240 -25.9384060
v -0.1809505 42.6444511 -26.0973129
v 2.8307688 42.5125694 -26.1517010
v 5.8486304 42.2584038 -26.0601711
v 8.8189154 41.8760414 -25.8424091
v 11.6882982 41.3524246 -25.5451603
v 14.4176712 40.6574783 -25.2621880
v 16.9523830 39.6255112 -25.3299656
v 19.5385685 39.3909874 -23.7899342
v 20.6783543 39.3117523 -22.9397202
v 23.0397682 38.2027016 -22.5678501
v 24.3510036 37.2349167 -22.8113842
v 26.7660732 36.1241722 -21.8750706
v 27.8940010 35.9214363 -20.7642689
v 29.1401825 34.8260269 -20.9226322
v 30.3203850 33.7048836 -21.0789680
v 31.4556160 33.3468285 -19.9578228
v 32.5717812 32.1455841 -20.1349831
v 33.6697807 31.7074337 -18.9928932
v 35.7734604 29.8415909 -18.1542072
v 36.8135414 29.1635933 -17.1401882
v 38.6312981 27.2720146 -16.2351036
v 40.4130630 25.3442478 -14.9707766
v 42.2172470 23.1223850 -13.5081110
v 44.0176353 20.6898441 -11.5741739
v 46.0413284 16.9371052 -9.6546488
v 47.1139793 14.6339531 -8.1149588
v -46.7628517 15.6606779 -8.2418652
v -42.9859619 21.8280754 -13.2549057
v -42.2746048 23.3110352 -13.0071955
v -40.6665268 25.4614105 -14.0585632
v -38.8968887 27.4933720 -15.1947508
v -37.0286064 29.3928776 -16.2680817
v -36.0565262 30.6640167 -16.1067734
v -35.0407066 31.1967735 -17.2797470
v -32.8488808 32.9603119 -18.2813892
v -30.5405846 34.4002266 -19.5869751
v -29.4112740 35.3380966 -19.6392403
v -27.1859818 36.3753166 -20.9171200
v -25.8540421 37.2043266 -21.1482563
v -24.5418034 38.0576363 -21.1833344
v -23.1286087 39.0481262 -20.9691048
v -22.0445290 38.9530373 -22.2794991
v -20.7942352 39.7184105 -22.1259441
v -19.5764236 39.8147354 -23.0476665
v -18.2574596 40.6193123 -22.7240162
v -16.9560642 40.6235886 -23.7000618
v -15.5268431 41.3580856 -23.4158001
v -14.0546675 42.0219536 -23.1516228
v -11.2170401 42.1803894 -24.3804817
v -8.9021235 42.6684303 -24.4840851
v -7.5320640 42.5587044 -25.1196766
v -4.6579504 42.9132271 -25.2123795
v -3.1704874 43.3799057 -24.6481895
v -0.1647487 43.3932114 -24.8334408
v 2.8379245 43.2490273 -24.9143162
v 5.8501081 42.9898567 -24.8347034
v 8.8209133 42.6027946 -24.6252747
v 11.7028055 42.0822601 -24.3177814
v 14.4614563 41.4444923 -23.9253445
v 18.2541504 40.2587852 -23.3477554
v 19.3852501 40.3085289 -22.3297367
v 21.7183361 39.2579384 -22.0649242
v 22.9222507 39.0745316 -21.1480312
v 24.2396984 38.0701370 -21.5137577
v 25.5136852 37.0999489 -21.7297688
v 30.2891998 34.4963074 -19.8076515
v 32.5717468 32.9528465 -18.7913685
v 33.6737747 32.5024605 -17.5889187
v 34.7701797 31.1939106 -17.8252487
v 35.9472656 30.5629406 -16.5265465
v 36.9814873 29.6198769 -15.9515057
v 37.7420044 28.5597324 -16.1125355
v 38.5965996 28.0655823 -14.9193029
v 39.5090065 26.7457943 -14.9495001
v 41.2760429 24.7368984 -13.5641279
v 42.7398338 22.9862213 -12.0350018
v 43.1431808 21.9125118 -12.5674095
v 45.4068108 18.4625111 -9.8617477
v 48.6613159 10.5070629 -4.6385050
v -48.9441795 9.6069260 -3.4215522
v -48.3829803 11.3621416 -5.4272857
v -46.2595139 17.0897923 -8.2345896
v -45.0883713 19.3975792 -9.5153723
v -43.7559967 21.7500954 -10.5861473
v -43.0323029 22.5482960 -11.8128033
v -41.4947395 24.7828274 -12.7939816
v -39.7926445 26.8923111 -13.8952980
v -37.9758224 28.8321934 -15.0436811
v -35.0438690 31.9145985 -15.9126310
v -33.9801254 32.4608574 -17.0727215
v -31.5299873 34.3115463 -18.1134682
v -30.2970333 35.1303711 -18.6404667
v -28.2453232 36.2940674 -19.6086369
v -26.8265667 37.3586769 -19.5966759
v -25.5156002 37.9671516 -20.1735687
v -24.5112305 38.7642021 -19.8963680
v -21.7924080 39.6250267 -21.3136024
v -20.8063717 40.3488235 -20.9422226
v -19.5598030 40.5198135 -21.8009567
v -18.2442799 41.3392296 -21.3959827
v -16.8607693 41.4222488 -22.3504181
v -15.2696943 42.2816544 -21.8708801
v -13.8186245 42.6982193 -22.0239964
v -12.7428036 42.6764374 -22.7205925
v -11.4545202 42.7061653 -23.3326378
v -8.9316101 43.3406410 -23.2613449
v -7.5648284 43.2649918 -23.8719730
v -4.6670241 43.6642609 -23.8865261
v -3.1442063 44.1115570 -23.3146420
v -0.1236986 44.1096992 -23.5392056
v 2.8490896 43.9466782 -23.6609077
v 5.8514981 43.6852913 -23.5896206
v 8.8216820 43.2946358 -23.3873215
v 11.7069788 42.7778664 -23.0706558
v 14.4077911 42.1770782 -22.6444035
v 15.6839209 41.5433197 -22.9604092
v 16.9938698 40.9366035 -23.1235867
v 19.2467918 41.1463242 -20.8776340
v 20.5447731 40.2871666 -21.3204899
v 24.2134857 38.8123207 -20.1694317
v 25.4111366 37.8558807 -20.5101604
v 26.3744831 37.6349907 -19.6791859
v 29.0268459 36.3605270 -18.2999516
v 30.2241535 35.2640572 -18.5093365
v 31.4147415 34.1386757 -18.6358814
v 32.5179710 33.7676659 -17.3769894
v 34.7611275 31.9936504 -16.3603058
v 37.6802788 29.3051052 -14.8710279
v 40.3581581 26.2197170 -13.5477352
v 42.0595627 24.1486206 -12.1460724
v 44.7584534 19.9063530 -10.0096254
v 46.5803185 16.2240620 -8.1793880
v 47.5485802 13.9670343 -6.6256480
v 48.2721329 11.8447828 -5.4033723
v -49.9015961 3.1023448 -0.3564192
v -49.7878761 4.4074750 -1.2498002
v -49.6551552 5.4218864 -2.1037674
v -48.0212059 12.5714436 -5.9526834
v -47.6989670 13.8595610 -5.7055726
v -47.2361298 14.8207712 -6.9938083
v -45.6892967 18.5863209 -8.1737642
v -44.4385071 20.9314003 -9.3160114
v -43.0371895 23.2562695 -10.3264046
v -42.2857819 24.0409126 -11.5599813
v -40.6526299 26.2407703 -12.5900583
v -38.8789787 28.2619629 -13.7665682
v -37.0294113 30.1069126 -14.9103851
v -32.8518639 33.7266426 -16.8247547
v -30.5137844 35.5424461 -17.4722042
v -29.3618908 36.0138092 -18.4469032
v -28.1614552 37.0602493 -18.2507610
v -26.9165134 38.0734673 -18.0339031
v -25.7278309 38.4285278 -19.0000076
v -23.3676739 39.6997528 -19.4303608
v -22.0632954 40.0566788 -20.2035694
v -20.9072895 40.9398041 -19.6561527
v -19.5890770 41.1794243 -20.5026436
v -18.2767391 42.0085793 -20.0184212
v -16.8675842 42.1682587 -20.9101505
v -14.1281223 43.1739006 -20.8793144
v -12.8118134 43.3110161 -21.4465828
v -11.5423727 43.3500671 -22.0652924
v -8.9655809 43.9821892 -22.0098610
v -7.6223812 43.9316864 -22.6018543
v -3.0718045 44.7008972 -22.1758137
v 0.0102510 44.7612267 -22.2770958
v 2.8632674 44.6049500 -22.3936405
v 5.8526611 44.3443108 -22.3258648
v 8.8216991 43.9502907 -22.1306896
v 11.7120142 43.4329185 -21.8102703
v 14.4842291 42.8034744 -21.3869286
v 16.7024326 41.7465935 -21.8517818
v 21.7734528 40.0665283 -20.4967022
v 23.0304432 39.7647324 -19.7054310
v 25.4322433 38.4897766 -19.2699833
v 26.6613579 38.0118103 -18.5430050
v 27.9179134 37.4442253 -17.8338280
v 29.0346718 36.9806366 -17.0059032
v 30.1093464 36.0031662 -17.2208729
v 31.3027878 34.9477463 -17.2781029
v 35.7260818 31.5388069 -15.1213627
v 36.7226868 30.4279385 -15.0162439
v 38.4993935 28.8392982 -13.6281776
v 39.4178581 27.5837154 -13.6090288
v 41.2072411 25.5956287 -12.1076241
v 43.4062843 22.2024422 -11.0788965
v 44.1284218 21.3395615 -9.8587780
v 45.9218712 18.0092926 -8.1563950
v 47.9555359 13.1469507 -5.2324638
v 49.5000954 6.5089622 -2.6999519
v -49.4848480 6.7045660 -2.4013588
v -46.7769127 16.2596912 -6.8916850
v -41.4846420 25.5090294 -11.3145638
v -39.7391014 27.6838074 -12.4181938
v -37.9474907 29.5420227 -13.6812935
v -36.0524788 31.3402233 -14.7552958
v -35.0462570 32.5541992 -14.5484838
v -33.9868126 33.1541519 -15.6651859
v -32.8842010 34.3860207 -15.3601179
v -31.7185535 34.9537354 -16.4848518
v -30.6082363 36.1084213 -16.0899048
v -29.3875961 36.6521835 -17.1039257
v -28.0433769 37.8671646 -16.7000408
v -25.8005581 38.9937019 -17.7029438
v -24.6280766 39.3533440 -18.5550671
v -23.4976101 40.2770386 -18.0331230
v -22.2184677 40.6298332 -18.8497849
v -19.6416531 41.8060760 -19.1379395
v -16.9643688 42.8115158 -19.4695263
v -15.5509701 42.9840088 -20.2511463
v -14.3249340 43.7664871 -19.4579754
v -12.9295359 43.8992958 -20.1352959
v -11.5935593 43.9695625 -20.7738972
v -8.9694548 44.5955925 -20.7371292
v -7.6909013 44.5410652 -21.3511772
v -3.7162006 45.1462212 -21.1498299
v 0.0835644 45.3427849 -21.0630169
v 2.8713305 45.2252083 -21.1118603
v 5.8530827 44.9666824 -21.0440922
v 8.8205786 44.5692902 -20.8565159
v 11.7126884 44.0514450 -20.5324516
v 14.5689611 43.4223824 -20.0437012
v 19.0494995 41.9541016 -19.4120140
v 22.0318356 40.5363846 -19.2513409
v 23.0745468 40.3877716 -18.3339176
v 24.2821522 39.4565392 -18.7909527
v 25.5727024 39.0608215 -17.8946209
v 26.8855343 38.5154915 -17.1235428
v 29.0166874 37.4591179 -15.9557467
v 29.9102669 36.7152939 -16.0186996
v 32.3650589 34.6911430 -15.7663727
v 33.6358414 33.2989311 -16.1110497
v 34.7110672 32.7469826 -14.9201937
v 36.4535484 31.1904812 -14.0616903
v 37.4638786 30.2209091 -13.5136642
v 39.2219200 28.3457413 -12.5514698
v 40.1908112 27.2117710 -11.9889507
v 42.0253220 24.8658009 -10.7396650
v 42.7713242 23.5137577 -10.8444271
v 45.2708168 19.3000355 -8.8111792
v 47.0604401 15.5044899 -6.6994557
v -46.2404327 17.7593822 -6.8059373
v -45.0734482 20.0880165 -8.0396709
v -43.7466812 22.4440346 -9.0669603
v -42.2755928 24.7204456 -10.0686369
v -40.6097069 26.9861317 -11.0645046
v -38.7880096 29.0076313 -12.4030170
v -37.8770790 30.1813126 -12.4121132
v -37.0060349 30.7543926 -13.5818996
v -36.0452805 31.9403000 -13.4303017
v -34.0057297 33.7637329 -14.2638521
v -30.6618233 36.6448517 -14.7208834
v -29.4602070 37.2364006 -15.6608744
v -26.7681599 38.6753731 -16.9375916
v -25.8933964 39.4769859 -16.4536304
v -24.7263851 39.8999977 -17.2146893
v -23.5992718 40.8162689 -16.6282539
v -22.3423271 41.1820374 -17.4515877
v -21.0005989 41.5349922 -18.2547340
v -19.6834621 42.4126511 -17.6988392
v -18.3222542 42.6277351 -18.6185818
v -17.0507183 43.3786850 -18.0834236
v -15.7355604 43.5656776 -18.8116493
v -14.5764809 44.3677254 -17.8380260
v -13.0268555 44.4902420 -18.7188416
v -11.6370926 44.5636330 -19.4405117
v -8.9491291 45.1831017 -19.4338741
v -4.3105278 45.6727104 -19.8642216
v -0.0060332 45.9181633 -19.7797451
v 2.8696523 45.8109055 -19.8089714
v 5.8526745 45.5523300 -19.7445202
v 8.8167582 45.1514130 -19.5661144
v 11.6920061 44.6376877 -19.2374573
v 14.4978170 44.0593224 -18.6560192
v 15.9736729 43.4020042 -18.9814720
v 17.5059338 42.6993828 -19.2277355
v 18.7548428 42.7131882 -17.9798031
v 20.2610378 41.9640579 -18.1120129
v 21.7413712 41.2041321 -18.1414223
v 23.0399895 41.0860100 -16.7533855
v 24.3555412 40.0667725 -17.3531284
v 25.7304382 39.6713448 -16.2330837
v 31.6440792 35.7499466 -14.8336525
v 33.6433411 33.9906845 -14.5818920
v 34.7126389 33.3545837 -13.4978561
v 35.6743202 32.1894455 -13.8210087
v 38.4929695 29.4507980 -12.2720184
v 41.1897163 26.2977104 -10.5671387
v 42.7777214 24.1009846 -9.4391947
v 43.4804993 22.7370625 -9.6120806
v 44.1594391 21.9124737 -8.3473988
v 44.7764587 20.5204411 -8.5912542
v 48.9851036 9.5072069 -3.1638534
v -49.2370758 8.1749716 -2.8933220
v -48.6097450 11.0056305 -3.9423928
v -48.1826210 12.6040277 -4.3982944
v -47.2489700 15.3708820 -5.5827618
v -44.4171982 21.5848694 -7.8118806
v -43.0132141 23.9134998 -8.8189554
v -41.4673729 26.1604939 -9.7893152
v -39.5586433 28.5906086 -10.8236704
v -36.9787865 31.3265553 -12.2947359
v -36.0304680 32.4732819 -12.1250134
v -35.0622597 33.1021881 -13.2132740
v -34.0991554 34.2110405 -12.8975763
v -32.8539314 35.0606194 -13.8278399
v -29.5754700 37.7249718 -14.2025862
v -28.3383808 38.3330994 -15.0798836
v -27.0770588 38.9454460 -15.7983160
v -26.0507030 39.8794899 -15.1822033
v -24.8377037 40.3895226 -15.8602800
v -22.5308666 41.5862885 -16.1995106
v -21.1337376 42.1344528 -16.6602936
v -19.6792030 42.9998322 -16.2220402
v -18.3451538 43.2286797 -17.1567230
v -17.0471554 43.9954643 -16.5266781
v -15.9942474 43.9687614 -17.6100025
v -13.0246267 45.0759430 -17.2580929
v -11.6549377 45.1348152 -18.0643749
v -8.9455462 45.7338982 -18.1023521
v -7.5779757 45.7071915 -18.7718639
v -4.8107395 46.1938324 -18.4937134
v -3.2756977 46.1808510 -18.8550987
v -0.0354604 46.4860687 -18.4061584
v 2.8679318 46.3632469 -18.4796238
v 5.8522768 46.1009216 -18.4274349
v 8.8094950 45.6955490 -18.2625675
v 11.6376095 45.1880074 -17.9413509
v 14.3366852 44.6688728 -17.2738285
v 15.7943659 44.0601387 -17.5624313
v 17.2632790 43.4091873 -17.7964478
v 21.4106102 41.9476204 -16.7712517
v 22.4355717 41.9360313 -15.4001789
v 24.4140644 40.5611916 -16.0753727
v 25.1229572 40.5802956 -14.8770494
v 27.2349148 38.8889542 -15.6560078
v 28.4392319 38.2019119 -15.2028656
v 29.5343857 37.4705811 -14.9336147
v 30.6453323 36.6103973 -14.8261709
v 32.6075859 35.1975937 -14.0561304
v 33.6998749 34.5380516 -13.0786514
v 35.7191124 32.6842880 -12.4753714
v 36.6256905 31.5064087 -12.8660231
v 37.6194725 30.7115841 -11.8910017
v 39.4147415 28.6252918 -11.2646627
v 40.3392754 27.7180233 -10.2123499
v 42.0144196 25.4688416 -9.2706366
v 45.9976997 18.5301151 -6.3811979
v 47.4724960 14.8678732 -5.0059099
v 48.3501549 12.0727291 -4.0520582
v 48.7104492 10.9012117 -2.8813851
v 49.6626396 5.6707430 -1.0476860
v 49.9764061 1.3644693 -0.0556442
v -47.6821632 14.4923067 -4.0185294
v -46.7549477 16.8430595 -5.4982696
v -43.7054100 23.0887833 -7.5280447
v -42.2495003 25.3250465 -8.5673323
v -40.5935974 27.6147919 -9.4536934
v -38.5769730 29.6959801 -11.3735590
v -37.8401985 30.7073593 -11.1740284
v -36.9410820 31.8442955 -10.9981222
v -35.0696907 33.5866203 -11.9082603
v -34.2371178 34.4864388 -11.7405024
v -32.1351967 36.1022720 -12.7812748
v -30.8059902 37.0959244 -13.2127504
v -28.4891548 38.7586327 -13.6269007
v -27.2564583 39.3611641 -14.4014874
v -26.0989761 40.3267326 -13.8566103
v -25.0863667 40.6751976 -14.6859732
v -23.6106071 41.4604149 -14.9427223
v -21.9525166 42.2476311 -15.2586060
v -20.7528648 42.7932014 -15.4210825
v -19.8576069 43.4525833 -14.7237005
v -18.4788094 43.7773857 -15.5427742
v -16.4165039 44.7229309 -15.1478987
v -15.6302996 44.5244102 -16.5138226
v -14.2930698 45.0485687 -16.3094864
v -12.9418888 45.6234131 -15.8223982
v -11.6348562 45.6732788 -16.6729259
v -8.9427490 46.2410088 -16.7667046
v -7.6355553 46.2249870 -17.4323330
v -3.7574503 46.6592827 -17.5505428
v 0.0042720 47.0150795 -17.0120983
v 2.8732443 46.8799171 -17.1262608
v 5.8528986 46.6117897 -17.0938911
v 8.8025398 46.2000923 -16.9490452
v 11.5540171 45.6849174 -16.6909256
v 14.0356998 45.3038521 -15.7999144
v 15.5567684 44.6676216 -16.1887970
v 16.9944382 44.0554314 -16.4111385
v 19.5775547 43.3492012 -15.3903904
v 19.9215775 42.6943512 -16.7279835
v 21.0142174 42.6469612 -15.4577255
v 23.8048439 41.2678032 -15.1491041
v 26.4520111 39.8291779 -14.6029902
v 27.7440186 39.0832062 -14.2215271
v 28.9598827 38.3171921 -13.8813076
v 30.1721935 37.4635391 -13.6279421
v 32.6942520 35.6782494 -12.5586300
v 34.7441292 33.8609314 -12.0873070
v 36.7127151 31.9434090 -11.4780159
v 39.4994583 29.0562782 -9.7633371
v 41.2096786 26.8392258 -9.0113134
v 43.4770508 23.3039856 -8.1568060
v 44.8033562 21.0219650 -7.1144071
v 46.9474754 16.2698593 -5.5507154
v 47.9774475 13.5887136 -3.6554637
v -48.7740555 10.6952934 -2.5109808
v -46.1512871 18.4981956 -5.2494359
v -42.9494362 24.5221386 -7.3416448
v -41.4575005 26.7036171 -8.2440529
v -39.6756554 29.0661144 -8.9805374
v -38.7128181 29.9793968 -10.1038475
v -37.8002777 31.2025490 -9.8523417
v -36.8716621 32.3544960 -9.6618280
v -35.9814606 32.9959602 -10.7947340
v -34.9154053 34.1995621 -10.5304098
v -33.7560730 35.2150803 -10.9462433
v -32.6423264 36.1087990 -11.4015455
v -31.4685650 37.0088387 -11.8072968
v -30.4346714 37.7977409 -12.0187769
v -28.6681004 39.0355377 -12.3968801
v -27.3950901 39.8171844 -12.7895355
v -24.8230743 41.2271233 -13.5603104
v -23.5100307 42.1030502 -13.1959963
v -22.4674015 42.3873558 -14.0694017
v -21.2342701 42.9657745 -14.2282743
v -17.5936966 44.4184914 -14.7215633
v -15.2639704 45.0440521 -15.4029150
v -14.1965151 45.5586166 -14.9259071
v -12.8604803 46.1226768 -14.3776093
v -11.5841532 46.1714706 -15.2818794
v -8.9196291 46.7107086 -15.4240313
v -4.1128950 47.1882782 -15.9891138
v -1.3510432 47.2716408 -16.2039375
v 0.0245465 47.4994812 -15.6094465
v 2.8837740 47.3574791 -15.7565823
v 5.8547754 47.0841255 -15.7456732
v 8.8024006 46.6648560 -15.6238832
v 11.5531120 46.1132927 -15.4663382
v 17.7405033 44.6347122 -13.8737698
v 21.9799919 42.5989151 -14.1992254
v 23.2354107 41.9787750 -14.0478249
v 24.4909725 41.3570328 -13.7591486
v 25.7685375 40.6721611 -13.4649057
v 27.0372696 39.9465370 -13.1465092
v 28.2852535 39.1900024 -12.7938900
v 29.5320644 38.3695717 -12.4538631
v 30.7968445 37.4555168 -12.1680002
v 31.8575859 36.6227989 -11.9743214
v 33.7419548 35.0128899 -11.6289949
v 34.7808762 34.2913017 -10.6748409
v 35.7598267 33.1320381 -11.0995646
v 36.7525673 32.3563538 -10.0975113
v 37.6861000 31.1502571 -10.4487104
v 40.3790359 28.1840496 -8.6570053
v 41.9980659 25.9822044 -7.8066154
v 42.7529221 24.6568508 -8.0093908
v 46.5441704 17.5085907 -5.1996803
v -48.1695747 13.1111164 -2.7621310
v -47.1693878 15.9664059 -4.4412041
v -44.3846016 22.1394653 -6.3011265
v -42.2114906 25.8324299 -7.1221724
v -40.6221771 28.0835648 -7.8067513
v -38.6406555 30.5850811 -8.4190884
v -37.6223564 31.7518349 -8.7019291
v -35.9135323 33.4847641 -9.4102955
v -33.1262283 36.0841217 -9.9980669
v -31.9614468 37.0013466 -10.4311914
v -30.7578487 37.9015198 -10.8174753
v -26.9338493 40.5752296 -11.2931042
v -25.9352646 40.8835030 -12.4720201
v -24.6509323 41.7600021 -12.1722527
v -22.0233459 43.0424576 -12.7311478
v -20.3769913 43.6926270 -13.2263613
v -18.8525238 44.2273140 -13.6958294
v -18.0726814 44.8098946 -12.8398991
v -16.7570400 45.1199112 -13.5272255
v -15.4561586 45.3866730 -14.1625910
v -14.1979837 46.0075684 -13.4733124
v -12.6682692 46.6487503 -12.7613497
v -11.4788475 46.6323128 -13.9060535
v -8.9038506 47.1376648 -14.0757246
v -7.5353174 47.1611328 -14.7654467
v -4.8168149 47.6075592 -14.4684954
v -1.3388511 47.7372704 -14.7774763
v 0.0625829 47.9418297 -14.1929512
v 2.8986793 47.7926636 -14.3805304
v 5.8572631 47.5173874 -14.3845081
v 8.8091879 47.0917702 -14.2814922
v 11.6360006 46.5052910 -14.1771536
v 14.3438053 45.7156982 -14.2597675
v 16.0247478 45.3501778 -13.6368866
v 18.8682690 44.5121613 -12.7291689
v 20.2833843 43.8465385 -12.8763809
v 21.6469250 43.1603737 -12.9702835
v 22.7197628 42.5525055 -13.1259890
v 23.7921066 42.0895309 -12.7134581
v 25.0611706 41.4520607 -12.3705750
v 26.3243008 40.7583580 -12.0534143
v 27.5683651 40.0300751 -11.7039099
v 28.8192196 39.2569237 -11.2987328
v 30.1270084 38.3772583 -10.9065790
v 31.5725517 37.3006859 -10.5516415
v 32.7390671 36.1167183 -11.0981731
v 33.7920151 35.4126778 -10.1766090
v 34.8530731 34.6411591 -9.2149000
v 35.8038635 33.5171890 -9.7130814
v 36.7875175 32.7123795 -8.7362547
v 37.7117882 31.5511818 -9.0580873
v 38.6234474 30.3298874 -9.3825865
v 41.2071266 27.3012714 -7.5091696
v 42.6965408 25.1550674 -6.6420937
v 43.4060669 23.8779926 -6.7437630
v 44.1297607 22.4846077 -6.8436666
v 44.7760048 21.5433140 -5.5513439
v 45.4271965 20.0290737 -5.9317689
v 46.0207443 18.9562950 -4.7579341
v 48.3753281 12.3905020 -2.4677477
v 49.2379951 8.2897072 -2.5767059
v -49.6198120 6.0821681 -0.8003835
v -46.7700615 17.2094879 -4.0467687
v -43.5871773 23.7821331 -5.8486729
v -41.4646797 27.1204014 -6.7021112
v -39.7324562 29.4687386 -7.2589850
v -36.8028679 32.8493538 -8.1184530
v -35.0937119 34.4071121 -9.1835842
v -34.2122841 35.1704788 -9.5899944
v -25.6288261 41.4606667 -11.1182632
v -24.5163860 42.1654243 -10.9805470
v -23.4378891 42.5875168 -11.6870565
v -22.2064991 43.4242172 -10.9898872
v -20.8421173 43.9026413 -11.7451878
v -19.4510536 44.3929710 -12.2613840
v -18.5318813 45.0865326 -11.0902615
v -16.9941502 45.4817657 -11.9310637
v -15.5934782 45.7764053 -12.6818953
v -14.2778854 46.4000053 -11.9454098
v -11.2268190 47.0110817 -12.7807322
v -8.8925200 47.5175819 -12.7415218
v -7.5997944 47.5599098 -13.3882189
v -1.2834327 48.1697121 -13.3081732
v 0.1597845 48.3336945 -12.7901182
v 2.9165301 48.1826324 -13.0107088
v 5.8588576 47.9116821 -13.0104532
v 8.8165073 47.4824600 -12.9186554
v 11.6907139 46.8847046 -12.8189316
v 14.5301170 46.0879402 -12.8020258
v 17.4159145 45.1708755 -12.4705296
v 18.5408249 44.9964828 -11.4302092
v 19.8987980 44.3788719 -11.5699615
v 21.2977200 43.7027969 -11.6567011
v 22.8018589 42.9074554 -11.7618542
v 24.2805405 42.2162209 -11.3144064
v 25.5837784 41.5333710 -10.9732494
v 26.8550930 40.8111305 -10.6295099
v 28.0981712 40.0755615 -10.1962681
v 29.3704929 39.2797585 -9.6876507
v 32.8129463 36.4766541 -9.6101627
v 33.8672409 35.7319145 -8.6973629
v 35.8863449 33.7998810 -8.3178558
v 37.7216339 31.8975067 -7.7020741
v 38.6309242 30.7218437 -7.9753208
v 39.5203476 29.4810467 -8.2901869
v 40.3750076 28.6040688 -7.1705446
v 41.9713707 26.4143410 -6.3693814
v 47.0595322 16.3692532 -4.1708970
v 47.5568428 15.1088114 -3.1470139
v 49.0085030 9.7442303 -1.7547132
v -49.3639145 7.8208399 -1.3408064
v -48.5335350 11.8829222 -1.7840809
v -47.7713051 14.5903416 -2.1858768
v -45.0788231 21.2979279 -3.7537844
v -42.8027458 25.0866642 -6.1723728
v -42.2243538 26.1618881 -5.7000413
v -40.6521759 28.4432106 -6.1731396
v -38.8424950 30.7859287 -6.5768003
v -37.8724098 31.7905197 -7.4073200
v -35.6683922 34.0838432 -8.0925064
v -34.6535988 35.0757904 -8.2643337
v -32.4430580 36.9628258 -8.9694757
v -31.6461658 37.8672981 -8.0066376
v -29.9033890 38.8737106 -9.6871080
v -28.7165298 39.9129105 -9.0347700
v -27.7898350 40.3180809 -10.0651131
v -26.5001545 41.2192764 -9.8975449
v -25.1619911 42.0561104 -9.8808498
v -23.6666565 42.8839722 -10.0280743
v -22.2385120 43.7727509 -9.4291697
v -20.9781952 44.2002029 -10.2988291
v -19.9122734 44.5095329 -11.0260811
v -17.0778770 45.8214760 -10.4006586
v -15.7083607 46.1245155 -11.1879063
v -14.3988352 46.7232285 -10.4351301
v -11.5207405 47.2339249 -11.6437769
v -8.8877878 47.8597374 -11.3919935
v -4.1603417 48.3706703 -11.9246855
v -1.1256535 48.6017647 -11.6612511
v 0.4053944 48.6165237 -11.6397381
v 2.9162500 48.5300407 -11.6472225
v 5.8576107 48.2679787 -11.6200037
v 8.8205929 47.8369370 -11.5344963
v 11.7139444 47.2364044 -11.4331388
v 14.5523987 46.4617271 -11.3449421
v 15.9306746 46.1977959 -10.5488148
v 17.2438221 45.5917892 -11.0985851
v 19.4709625 44.8800659 -10.2944345
v 20.8561096 44.2431755 -10.3477945
v 22.2066898 43.5690613 -10.3871870
v 23.5149193 42.9148140 -10.2313519
v 24.8101273 42.2612801 -9.8963432
v 26.1049614 41.5501862 -9.5624857
v 27.4267292 40.7770004 -9.1759233
v 30.7049522 38.3462029 -9.2771187
v 31.9663353 37.4311333 -8.7489080
v 32.9837837 36.6448593 -8.2766571
v 35.0114517 34.8809204 -7.5376024
v 36.8294449 32.9855461 -7.4228897
v 39.5083656 29.8640537 -6.8607984
v 41.1808243 27.7039967 -6.0375481
v 43.2398376 24.4539356 -5.6419344
v 43.9830055 23.1916122 -5.2112637
v 44.7208557 22.0055885 -3.9342597
v 45.4092140 20.4799900 -4.2949815
v 46.5797844 17.8065205 -3.6265590
v 47.9936218 13.8660574 -2.0298831
v 49.9078674 2.9470146 0.0561867
v -49.1669769 9.0714493 -0.3699457
v -47.2856598 15.9452095 -3.1126075
v -45.7097054 20.0609055 -2.8232052
v -44.3992271 22.5007763 -4.7182469
v -42.9678421 25.0987587 -4.8668895
v -41.4901199 27.4185658 -5.1446686
v -39.7893753 29.7590485 -5.5600805
v -37.9659081 31.9969215 -5.8757024
v -37.1905098 32.7332153 -6.7106137
v -35.1199722 34.9294395 -6.7874346
v -34.1007462 35.8077583 -7.3906732
v -32.9739342 36.8699684 -7.2785764
v -29.7069035 39.3837204 -8.1274109
v -27.4326172 40.9322319 -8.4573803
v -25.9608955 41.8612595 -8.5789413
v -24.6379604 42.6332550 -8.6740665
v -23.4079723 43.3545647 -8.4872866
v -22.2209530 44.0856056 -7.8941417
v -20.9265423 44.5455475 -8.7979221
v -19.6947594 44.8937454 -9.8007183
v -18.3171673 45.5500526 -9.4533424
v -17.0174637 46.1452675 -8.9679193
v -15.7615528 46.4383736 -9.7204399
v -13.0869427 47.2852249 -9.6152506
v -11.6779842 47.5205231 -10.2286205
v -8.9164219 48.1661720 -9.9922009
v -7.4626112 48.2690315 -10.6497889
v -4.4600606 48.6849403 -10.4354200
v 0.0543199 48.8858223 -10.4701376
v 2.8806310 48.8434715 -10.2614250
v 5.8529539 48.5872192 -10.2065678
v 8.8219643 48.1546631 -10.1264620
v 11.7210464 47.5531998 -10.0278702
v 14.5531311 46.7872581 -9.9186640
v 17.2641239 45.8937607 -9.7410460
v 20.4094257 44.7383041 -9.0463638
v 21.8005314 44.0612221 -9.1154442
v 22.9053078 43.4604416 -9.2720222
v 25.3204613 42.2652855 -8.4879866
v 26.6076565 41.5285454 -8.1773329
v 27.7124863 40.8480568 -7.9211354
v 28.6778545 40.0640678 -8.4669323
v 30.0202923 39.1454582 -8.1164885
v 31.2113075 38.2918587 -7.6888576
v 32.5278244 37.3148232 -7.0114923
v 33.7996445 36.1258583 -7.2176242
v 36.0687370 33.8765144 -7.1259151
v 36.8122330 33.2613564 -6.1695700
v 37.7145195 32.1972542 -6.3780146
v 38.6166458 31.0625801 -6.6048012
v 40.3373680 28.9819431 -5.7270422
v 41.9308548 26.7801991 -4.9354920
v 42.6609840 25.5286121 -5.2993627
v 46.0102501 19.3217545 -3.1045794
v 47.1005898 16.5754547 -2.5608249
v 48.7151337 11.1798573 -1.2856427
v -46.8222923 17.3561630 -2.4917603
v -43.7255287 23.9107170 -4.0217228
v -43.0365067 25.2351780 -3.2750673
v -42.2791786 26.3553028 -4.1891789
v -40.6763802 28.7142467 -4.5357389
v -36.9148064 33.2900810 -5.3537951
v -35.8873901 34.3375206 -5.7117715
v -34.0540657 36.0923538 -6.1147666
v -31.8339043 38.0156937 -6.4194565
v -30.7527542 39.0061989 -5.6985536
v -29.6785049 39.6856117 -6.6171069
v -27.7131424 41.0245476 -6.9508247
v -26.6003742 41.7197762 -7.1642528
v -25.3236809 42.4611855 -7.4246888
v -23.4270153 43.5854607 -7.1469169
v -20.9350204 44.8301582 -7.1723156
v -15.7781467 46.7150803 -8.2587347
v -11.7537060 47.7923737 -8.7663670
v -8.9601784 48.4330711 -8.5562429
v -7.5041113 48.5618744 -9.1847267
v -4.6667700 48.9518127 -8.9909306
v -3.5594864 49.1765862 -8.2623367
v 2.8356626 49.1242905 -8.8280993
v 5.8460093 48.8681374 -8.7649307
v 8.8212881 48.4340057 -8.6908989
v 11.7237282 47.8312111 -8.5990667
v 14.5591335 47.0671196 -8.4811058
v 17.3434582 46.1508064 -8.2800884
v 21.4180908 44.4920006 -7.8204913
v 22.9536896 43.7113342 -7.8720021
v 24.5054073 42.9459038 -7.4078078
v 25.8635979 42.1950531 -7.0747414
v 29.5878410 39.7127304 -6.8541279
v 30.5488663 38.9778252 -6.8576913
v 31.4781723 38.3590546 -6.1092176
v 33.6321487 36.5514336 -5.7053671
v 34.7699547 35.4326172 -5.9380116
v 35.8517456 34.3134308 -6.0698705
v 37.6786690 32.4714584 -5.0615468
v 38.5857506 31.3568954 -5.2691064
v 39.4665375 30.2015419 -5.4819198
v 41.1143379 28.0785809 -4.5717425
v 42.6227913 25.8400688 -3.8976145
v 43.3359604 24.5494251 -4.3526568
v 44.0354462 23.4232063 -3.4433584
v 45.3100014 20.9878883 -2.4721937
v -49.7849312 4.6141725 0.1981350
v -48.8655777 10.5351038 -1.0306262
v -48.1969604 13.2433281 -1.1714333
v -46.2991180 18.7778130 -1.8604144
v -45.1039085 21.4664326 -2.1203017
v -44.4415512 22.6992683 -3.0663857
v -41.5127640 27.6358624 -3.5464761
v -39.8005295 30.0086136 -3.8849049
v -38.8897324 31.0362415 -4.9051180
v -37.9375076 32.2817726 -4.2914438
v -35.9950409 34.4126434 -4.4518528
v -35.0353088 35.2836685 -5.2275033
v -32.9628220 37.1859894 -5.5056772
v -31.8542824 38.2347145 -4.7927208
v -29.6377106 39.9435768 -5.0566006
v -28.5776711 40.5745430 -6.0358076
v -27.2554874 41.5396690 -5.5831838
v -25.7974243 42.4013023 -6.0291495
v -24.5653191 43.0501595 -6.5286713
v -23.6721954 43.6288719 -5.9691672
v -22.3551731 44.2863922 -6.2178288
v -20.9568806 45.0479050 -5.5598559
v -19.6519852 45.5331421 -6.3479075
v -15.8108263 46.9452591 -6.7576928
v -11.7757921 48.0373726 -7.2697973
v -8.9784174 48.6648560 -7.0954061
v -4.7327209 49.1763802 -7.6244950
v -1.6761178 49.5368347 -6.4953928
v -0.2334135 49.4418297 -7.4051023
v 2.8103650 49.3667603 -7.3585196
v 5.8356729 49.1099358 -7.2955117
v 8.8174305 48.6746788 -7.2257457
v 11.7255650 48.0693932 -7.1451445
v 14.5624561 47.3057785 -7.0231934
v 17.3321114 46.4017792 -6.7681799
v 18.6637154 46.0109100 -5.8068261
v 22.2802811 44.2978477 -6.3738008
v 25.0941429 42.8260269 -5.9688640
v 27.1770878 41.4029350 -6.8151035
v 27.8764362 41.1622620 -5.2916799
v 29.2387638 40.1902351 -5.4295139
v 30.4239025 39.2840157 -5.5652809
v 32.5845985 37.5627861 -5.2081385
v 33.4936371 36.8521080 -4.4254818
v 34.5641060 35.8647881 -4.3089585
v 35.7046661 34.6880264 -4.6598744
v 36.7269554 33.5745125 -4.8684378
v 38.5436783 31.5994473 -3.9420929
v 39.3993950 30.4943047 -4.1850977
v 40.2462120 29.3425865 -4.3481040
v 41.8614464 27.1089764 -3.5081499
v 43.2745552 24.8952618 -2.6615813
v 44.6099091 22.4194603 -2.6093097
v 46.5780029 18.0635185 -2.0227859
v 47.5718956 15.3084536 -1.5211691
v 48.3586998 12.6675549 -0.9109673
v 49.2600403 8.5181751 -0.8846955
v 49.4850044 7.1414170 -0.1576212
v 49.8031998 4.3783498 0.0000509
v -47.3316040 16.0335293 -1.5249516
v -45.7250824 20.1872654 -1.1674136
v -43.7587013 24.0702686 -2.3373356
v -42.2993355 26.5270748 -2.5917726
v -40.6789474 28.9237804 -2.8804886
v -38.8545532 31.2997799 -3.2341259
v -36.9710846 33.4602089 -3.6721375
v -35.0331688 35.4709778 -3.7824528
v -34.0187950 36.3481178 -4.5957475
v -32.9457245 37.4022141 -3.9207268
v -28.4683876 40.8557854 -4.4912767
v -27.3260803 41.6838875 -3.8853834
v -26.1564293 42.3656845 -4.5322375
v -24.7071896 43.1793022 -4.9844337
v -23.2176151 44.0151787 -4.8221645
v -22.0063877 44.6348648 -4.8023529
v -18.4317837 46.1535301 -5.4310350
v -14.5007553 47.4770164 -5.8948584
v -11.7634411 48.2465057 -5.7479215
v -8.9560156 48.8630219 -5.6061115
v -7.5499229 49.0156403 -6.2744145
v -4.6773915 49.3838577 -6.1800423
v 2.7918282 49.5661240 -5.8726792
v 5.8133602 49.3111649 -5.8011146
v 8.8063078 48.8758049 -5.7257471
v 11.7278070 48.2651825 -5.6691456
v 14.5556459 47.5019951 -5.5608821
v 17.2893162 46.6114464 -5.2758365
v 21.2502880 44.9187469 -5.4577608
v 22.4765873 44.4053383 -4.7141418
v 24.3306484 43.3881760 -5.0213189
v 25.6409321 42.6906395 -4.4331679
v 26.4402809 42.0494156 -5.6614470
v 28.8350182 40.6196709 -4.2329640
v 30.0749855 39.7461281 -3.8766592
v 31.5345688 38.5645180 -4.2653966
v 32.7914352 37.5609856 -3.6352932
v 35.5957947 34.9592209 -3.2124722
v 36.6183510 33.8642731 -3.4571354
v 37.6149673 32.7295341 -3.7046740
v 40.9598007 28.5097103 -2.9979293
v 42.4850960 26.2134647 -2.7015731
v 45.9913025 19.5610371 -1.4275235
v 47.9755249 14.0681486 -0.5221711
v 49.6673660 5.6673551 0.8400136
v -48.5689430 11.8632479 -0.2233113
v -46.8437843 17.4522343 -0.8859513
v -44.4434700 22.8594284 -1.3769063
v -43.0330505 25.3999062 -1.6379192
v -41.5078506 27.8045216 -1.9132041
v -39.7669525 30.2266960 -2.1801558
v -37.8713951 32.5279884 -2.7228794
v -36.9361496 33.6211472 -2.2280180
v -36.0162621 34.5478210 -3.0102403
v -35.0281067 35.5978317 -2.3429236
v -34.0042152 36.5209579 -3.1088989
v -32.9280586 37.5445328 -2.4013319
v -31.8349533 38.4188652 -3.2095757
v -30.7290211 39.2252846 -4.0986605
v -29.5501595 40.1820488 -3.4507113
v -28.3544865 41.0732880 -2.9500592
v -27.2321892 41.8540154 -2.4856226
v -26.4104900 42.3225365 -3.2713075
v -24.0320015 43.6972504 -3.5251076
v -22.4851551 44.5275230 -3.3333399
v -21.0131493 45.1857796 -4.0118394
v -19.7790813 45.8053093 -3.1536860
v -18.4849434 46.2922897 -3.8473210
v -14.5044222 47.6437149 -4.3368793
v -11.7372961 48.4110870 -4.2185512
v -4.7007599 49.5458603 -4.6842833
v -3.5855620 49.7092323 -3.9604657
v -0.7255601 49.8547096 -3.6748304
v 2.7376819 49.7253456 -4.3515773
v 5.7651777 49.4714088 -4.2842522
v 8.7839050 49.0377426 -4.1665640
v 11.7371206 48.4150276 -4.1771870
v 14.5403385 47.6532249 -4.1175613
v 17.1710606 46.7961540 -3.8239138
v 18.5837612 46.2100182 -4.2773638
v 21.4084969 45.0267296 -3.7021780
v 24.3589211 43.5013351 -3.7314389
v 25.5504704 42.8763504 -2.8911247
v 26.7246780 42.1288261 -3.2826428
v 27.8761120 41.3361549 -3.7021074
v 29.0057182 40.6180496 -2.8786762
v 33.8632965 36.6404152 -3.1885698
v 34.7672920 35.8122139 -2.9136734
v 36.4333839 34.1810226 -1.9160788
v 37.4970284 32.9883842 -2.2882795
v 38.4907455 31.8081818 -2.5483351
v 39.3757095 30.6703358 -2.9067020
v 40.0624733 29.7289619 -3.2758896
v 41.8727226 27.2414513 -2.0692143
v 44.0842590 23.5123119 -1.8825104
v 44.7740364 22.2142525 -1.2686001
v 45.4362068 20.8594055 -0.5742213
v 47.0914383 16.7697430 -0.9906591
v 49.0174026 9.8506956 -0.2431338
v -49.6274376 5.9995389 0.8943910
v -49.4277000 7.5203772 0.2450590
v -47.3371620 16.0896416 0.0767361
v -46.3061256 18.8521748 -0.2078059
v -45.0948143 21.5880814 -0.4273544
v -43.7210693 24.2458591 -0.6296783
v -42.2708244 26.6819954 -0.9740771
v -40.6559753 29.0757084 -1.1973329
v -39.7366066 30.3433266 -0.4458357
v -38.6886787 31.6343575 -1.4248338
v -37.6812553 32.8231468 -1.5026698
v -36.0114899 34.6487465 -1.5912281
v -35.0150299 35.6778488 -0.8977075
v -33.9914551 36.6289940 -1.6447380
v -31.8156624 38.5327644 -1.6584073
v -30.6688194 39.4067459 -2.4803801
v -29.3372955 40.4465065 -1.6850709
v -28.0989017 41.3138504 -1.7256286
v -25.9614258 42.6825752 -2.0295677
v -24.7539291 43.3687286 -2.4503362
v -23.6582966 43.9942932 -2.1124043
v -22.3546429 44.6888008 -1.5721271
v -21.0877533 45.2645187 -2.4291744
v -17.1921043 46.8493118 -2.9516296
v -14.4984999 47.7621269 -2.7823412
v -11.7132282 48.5264702 -2.6911242
v -8.8698015 49.1321602 -2.5857952
v -7.4605689 49.3215523 -3.2677360
v -4.6591306 49.6677170 -3.2025092
v -3.2063718 49.8139381 -2.7141769
v -0.1299231 49.9437561 -2.3061054
v 2.7349744 49.8386765 -2.7781374
v 5.6793504 49.5896912 -2.7578113
v 8.7588406 49.1615944 -2.4322011
v 11.7694683 48.5129242 -2.6912720
v 14.5368710 47.7552452 -2.7015939
v 16.9015560 46.9717140 -2.6600165
v 18.3328648 46.4351006 -2.6048999
v 20.8887711 45.3563004 -2.3970985
v 22.0467644 44.8237572 -2.0523095
v 25.6530056 42.8861694 -1.4608212
v 26.5152550 42.3322029 -2.1210978
v 27.7709579 41.5223236 -2.0743792
v 29.1353474 40.6083679 -1.2839221
v 31.1642132 39.0019608 -2.6285794
v 31.9573040 38.4169350 -1.4248326
v 32.1197166 38.2091599 -2.7663848
v 34.3588791 36.2691498 -1.8656501
v 35.3554993 35.2931366 -1.9336272
v 37.3117485 33.2554436 -1.0849043
v 38.3455696 32.0649185 -0.9204634
v 39.3945084 30.7514000 -1.4974484
v 40.2295761 29.6116619 -2.0787702
v 41.1171570 28.4154148 -1.3250128
v 42.6665382 26.0221329 -1.4587471
v 43.4506683 24.7183075 -0.9343932
v 44.1818085 23.4040775 -0.3328299
v 44.8510017 22.0913925 0.3375850
v 46.5516777 18.2397194 -0.4400621
v 48.6657944 11.4583769 0.4569784
v -49.1974487 8.8182898 1.2164077
v -48.1943779 13.2977886 0.4562275
v -45.7062340 20.2582817 0.5379781
v -44.3973122 22.9899406 0.3480897
v -42.9573288 25.5857220 -0.0190674
v -41.4706497 27.9275703 -0.2636741
v -38.8176422 31.5072803 0.3773239
v -37.8664780 32.6467171 -0.2722504
v -36.9356804 33.6849632 -0.8703869
v -36.0067329 34.6900978 -0.1508844
v -33.9662437 36.6902504 -0.1758357
v -32.9146156 37.6238174 -0.9113266
v -30.6663361 39.4797935 -0.8609403
v -28.3259544 41.1974373 -0.4668352
v -24.7709808 43.4110107 -1.1908364
v -23.5378914 44.1061172 -0.6156458
v -22.2787666 44.7603149 -0.0265819
v -21.0663280 45.3344841 -0.8440496
v -19.7956924 45.9109192 -0.0277924
v -18.5112705 46.4370422 -0.7104610
v -17.1962490 46.9203949 -1.3865868
v -15.8553534 47.4108620 -0.5201127
v -14.4908199 47.8300629 -1.2341841
v -13.1017466 48.2452850 -0.4236530
v -11.6986055 48.5910797 -1.1627719
v -10.2740564 48.9262962 -0.3653483
v -8.8489552 49.1923065 -1.0761473
v -7.4283376 49.4034500 -1.7550720
v -6.0189433 49.6225166 -0.9094035
v -4.4087548 49.7720604 -1.5024939
v -1.0634180 49.9709129 -1.1270256
v 0.2502925 49.9830666 -1.0477102
v 1.3232596 49.9778328 -0.1268414
v 2.7807477 49.9007225 -1.1730196
v 5.5906291 49.6605949 -1.2394072
v 6.8720026 49.5161819 -0.4530668
v 8.1757669 49.3119011 -0.9686350
v 9.3838682 49.0915718 -1.1726028
v 10.4738941 48.8835678 -0.5327775
v 11.8048182 48.5632248 -1.2354840
v 13.1919451 48.2197647 -0.5311336
v 14.5584183 47.8074722 -1.2873912
v 15.9236841 47.3863335 -0.6352734
v 17.1710606 46.9250908 -1.4753532
v 18.5594254 46.4126968 -0.9065569
v 19.9092197 45.8577690 -0.2247091
v 21.0726147 45.3200912 -1.0915468
v 22.3296413 44.7266769 -0.4640659
v 26.8685722 42.1550636 -0.8784485
v 28.1248055 41.3342819 -0.3569201
v 30.2716331 39.7888069 -0.5374285
v 33.1240959 37.3958702 -1.9292341
v 33.9400749 36.7057800 -0.4969503
v 35.0138893 35.6793327 -0.7062925
v 36.6192474 34.0388069 -0.4016610
v 37.5443306 33.0152779 0.1971281
v 38.5319443 31.8486214 0.8377217
v 39.4313660 30.7410297 0.0517101
v 40.3119926 29.5709419 -0.6063408
v 41.9681664 27.1713314 -0.5657110
v 42.7842598 25.8707752 0.1039590
v 46.0411377 19.4911575 0.3270609
v 47.5494423 15.4575758 -0.0095329
v 48.2767982 12.9977179 0.3221518
v -47.7695503 14.7222748 1.0435556
v -46.8404617 17.4670429 0.7341280
v -42.2040710 26.8007927 0.5898013
v -40.5999985 29.1742191 0.5224486
v -36.9786453 33.6444168 0.5576187
v -34.9731102 35.7229233 0.6110502
v -32.8943787 37.6467552 0.5659847
v -31.8181229 38.5678749 -0.1377309
v -30.7267227 39.4324341 0.6952363
v -29.5517712 40.3307419 0.0726359
v -27.2096729 41.9401360 0.4433038
v -25.9757442 42.7193794 -0.3566989
v -7.4216890 49.4390488 -0.2560124
v -3.4993358 49.8720093 0.0334518
v -0.3221832 49.9945488 0.1593080
v 7.9448299 49.3590393 0.2014330
v 9.1464901 49.1553726 -0.0147279
v 11.7909145 48.5830231 0.2087716
v 14.5832081 47.8195572 0.1570777
v 17.2888718 46.9111099 -0.0013981
v 24.6499176 43.4910469 -0.6481278
v 25.9127636 42.7555084 0.0571755
v 29.2916470 40.5153313 0.2442189
v 30.3114014 39.7484589 0.9935654
v 31.4733429 38.8482361 0.1685200
v 32.7693176 37.7585297 -0.2042162
v 34.7222366 35.9649353 0.7112618
v 41.1846771 28.3479176 0.2189473
v 43.5549049 24.5406780 0.6306629
v 44.2351761 23.2702713 1.1808430
v 45.4785538 20.7400818 1.1443651
v 47.0526009 16.9040337 0.5211826
v 47.9492569 14.1448202 0.8790218
v 49.4654922 7.1864905 1.0815866
v -48.9049606 10.3754368 0.5687684
v -46.2891655 18.8373489 1.4719056
v -45.0400314 21.6734772 1.2407334
v -43.5709267 24.4875946 1.2281255
v -41.4154091 27.9742813 1.4056433
v -39.6853676 30.3846951 1.2287531
v -37.9322205 32.5487633 1.2350218
v -35.9914513 34.6759987 1.3827181
v -34.8961868 35.7329330 2.2827170
v -33.9061966 36.7191010 1.3408042
v -31.8305531 38.5329781 1.3535391
v -29.6814671 40.1973343 1.6225346
v -28.4658432 41.0862160 1.1138556
v -25.9576607 42.7135429 1.2855065
v -24.4971600 43.5268440 2.1289346
v -22.2039585 44.7763557 1.4205031
v -19.7880383 45.8886604 1.5155156
v -18.5069675 46.4317818 0.8473521
v -15.8508654 47.4006996 1.0339159
v -13.1007261 48.2316475 1.1181850
v -10.2720280 48.9115562 1.1646465
v -4.4941096 49.7705688 1.3642043
v -1.0739676 49.9615135 1.5522335
v 0.5218204 49.9689751 1.4316294
v 1.8201388 49.9439468 1.2440900
v 8.6446714 49.2185822 1.4641954
v 10.3338404 48.9027481 0.8816440
v 13.1874132 48.2109871 0.9311720
v 14.5938606 47.7890968 1.6379287
v 19.9663029 45.8139648 1.3426033
v 22.4800529 44.6370277 1.1645436
v 23.6020279 44.0692444 0.2381732
v 24.8863792 43.3453102 0.9738489
v 26.1694298 42.5634041 1.6416090
v 28.3950577 41.1306038 1.1706716
v 29.3800182 40.4241905 1.4773974
v 31.3044891 38.9221954 2.1324344
v 32.4730263 37.9914169 1.3594570
v 33.5991135 37.0117569 0.9901248
v 35.7605667 34.9390907 0.2959180
v 36.6617699 33.9800148 1.0933045
v 37.6375847 32.8641052 1.7585819
v 39.4792099 30.6356201 1.6241250
v 40.3491783 29.5139523 0.9173979
v 42.0241013 27.0679550 1.0284175
v 46.5878448 18.1051064 1.2652045
v -49.9586143 1.8577714 0.5111560
v -48.5564804 11.8084717 1.6104628
v -47.3154144 16.0700073 1.6592212
v -45.6074142 20.3487549 2.3808839
v -44.3473969 23.0041027 1.9892656
v -42.7850800 25.8305721 1.2936730
v -42.1861038 26.7526302 2.0936539
v -40.4491539 29.2844868 2.4032512
v -38.8159523 31.4554214 1.9233503
v -37.0058441 33.5584641 2.0786424
v -36.0121880 34.5542259 2.9833210
v -33.8721352 36.6401176 3.1222320
v -32.8781548 37.6093597 2.0593255
v -31.8473186 38.4320259 2.8842056
v -30.7836323 39.3350639 2.1526711
v -29.8873711 39.9737167 2.8502331
v -27.2691917 41.8497925 2.0964642
v -25.9714088 42.6164131 3.0000274
v -23.4189339 44.0430298 3.3559530
v -22.2091122 44.7070007 2.8212383
v -21.0425491 45.1995354 3.6762373
v -18.5005245 46.3799820 2.4077401
v -15.8437681 47.3439102 2.5907362
v -13.1022434 48.1708984 2.6594338
v -10.2734604 48.8504028 2.7001064
v -7.3841739 49.3662491 2.7462895
v -4.8667378 49.6774521 2.7204354
v -3.5205097 49.7885132 2.7900841
v 7.1870503 49.4059792 2.5074370
v 8.7286215 49.1210289 3.2145216
v 13.1769199 48.1620598 2.4161201
v 18.6736679 46.3185425 2.2162833
v 19.9874458 45.7338715 2.9072826
v 23.7719383 43.9381371 1.8432388
v 25.0778255 43.1663361 2.6822145
v 26.3258915 42.3945351 2.9792597
v 27.4713345 41.6974525 2.4278960
v 28.8392773 40.7597923 2.5403390
v 30.0047283 39.9155731 2.4348042
v 32.3326759 38.0408401 2.6364977
v 33.2588806 37.2514229 2.3857198
v 34.3353119 36.2747803 2.1473081
v 35.5596924 35.0863037 2.0019064
v 38.5910110 31.6946964 2.4346623
v 40.3416672 29.4348354 2.4368317
v 41.1893501 28.2885456 1.7717839
v 42.9064751 25.5923405 1.8871325
v 43.6816940 24.2429962 1.8983617
v 44.8585358 21.9940319 1.9380122
v 46.0600662 19.3400841 2.0436208
v 49.0255203 9.7209892 1.3216733
v -48.1199875 13.4236326 2.0324049
v -46.8235245 17.3736401 2.3348527
v -43.6768379 24.1529675 2.9810286
v -42.9309006 25.4991245 2.5566826
v -41.4183960 27.8356743 3.0761623
v -39.5162048 30.5180950 2.5512393
v -38.8294716 31.3162251 3.3533225
v -37.9539108 32.4304314 2.7451000
v -37.0277672 33.3983841 3.6253247
v -35.0149078 35.4663010 3.9688835
v -33.0040741 37.3448715 3.9469733
v -30.7493210 39.2614632 3.5704281
v -29.6288357 40.0668030 4.0450315
v -27.2768764 41.7269211 3.8094566
v -26.0140858 42.4306946 4.7262545
v -24.7186337 43.2803612 3.9532809
v -22.2811775 44.5532761 4.2789788
v -18.5001316 46.2732010 3.9750814
v -15.8315449 47.2380829 4.1491313
v -13.0999603 48.0630569 4.1919484
v -10.2749233 48.7416611 4.2329068
v -4.4354239 49.6363525 3.9329026
v -2.7516644 49.7298813 4.3058658
v 0.0096995 49.7724266 4.7553043
v 1.4362988 49.8051300 4.0739875
v 4.3458414 49.6245880 4.1924591
v 7.2750592 49.2881393 4.0910816
v 11.7149153 48.3752823 4.6920919
v 15.9868631 47.2067070 3.8809853
v 18.6983509 46.2083282 3.7756226
v 20.0278931 45.5901451 4.4500704
v 23.2795296 44.0495758 4.1692786
v 24.5160942 43.3780746 4.1234426
v 25.7573051 42.6553307 4.0910516
v 26.9855118 41.8947182 4.0306439
v 28.2306194 41.0781479 3.9059105
v 29.4631176 40.2127342 3.8036811
v 30.6402931 39.3367043 3.6469126
v 31.7329369 38.4586220 3.6764960
v 32.7934570 37.5552750 3.6987069
v 33.8897324 36.5888481 3.5080028
v 34.8440895 35.7074013 3.2344818
v 36.6847839 33.8610153 2.7146933
v 37.6737938 32.6988029 3.3503141
v 38.6074982 31.5181942 4.0011597
v 39.4880600 30.5041809 3.1584907
v 41.9797401 27.0241966 2.6974385
v 42.7084007 25.7327137 3.6878352
v 44.2038307 23.2117348 2.6389489
v 45.4581795 20.6270294 2.8117144
v 47.0766563 16.7030048 2.1684690
v 47.4963760 15.5535164 1.4303211
v 48.3260269 12.7287388 1.5798444
v 48.6997986 11.0826788 2.3220909
v -49.4335327 7.2598767 1.8146336
v -47.7114525 14.7248402 2.5847013
v -46.2820473 18.6512337 3.1363688
v -45.0487137 21.3653965 3.7370610
v -44.3680077 22.7934227 3.4443460
v -43.0039291 25.1758633 4.0817246
v -42.2369347 26.5093098 3.6204643
v -40.6039886 28.8716736 4.1900434
v -39.7015800 30.1549244 3.7826531
v -37.9772720 32.2414742 4.2457924
v -36.0604897 34.3289452 4.5719185
v -31.8363781 38.2593651 4.7406964
v -30.5040455 39.3212242 4.7806301
v -29.5740585 39.9350853 5.4930387
v -28.4642944 40.8325691 4.6813574
v -27.2522411 41.5569687 5.4766893
v -26.0374565 42.1787605 6.5404615
v -24.7551098 43.0712776 5.6387310
v -23.5157032 43.8443489 4.9087219
v -22.3023567 44.3715515 5.7807612
v -21.0771675 45.0363388 5.1695423
v -19.8824501 45.4627113 6.0931063
v -18.5379715 46.0942459 5.5644774
v -17.1741390 46.6953125 4.8761959
v -15.8178215 47.0805702 5.7044864
v -13.0931473 47.9085312 5.7048049
v -10.2809887 48.5839996 5.7512980
v -7.3079410 49.1028137 5.8911810
v -2.8105800 49.5629883 5.8912606
v -0.0301659 49.6085358 6.2345977
v 7.3133197 49.1299553 5.6318159
v 10.2664061 48.4210854 7.0059075
v 11.7162647 48.2050705 6.2034550
v 13.1598072 47.9207077 5.4272070
v 15.9856730 47.0564880 5.4065404
v 18.7505608 46.0318069 5.3508191
v 20.1638184 45.3534431 5.9925675
v 21.3006554 44.9447784 5.0251441
v 22.5702457 44.2830505 5.3662448
v 23.8557053 43.6031647 5.3848343
v 25.0934696 42.9084663 5.3446074
v 26.3322830 42.1557579 5.3833370
v 27.6112938 41.3332939 5.3492208
v 28.8836555 40.4720078 5.2226725
v 30.0899544 39.6116562 5.0160923
v 31.0957890 38.8548012 4.7677879
v 33.3383904 36.9339790 4.8833628
v 34.6032982 35.7791023 4.7090092
v 36.7201347 33.6571121 4.3270316
v 37.6815987 32.4897232 4.9317451
v 39.4839859 30.3163986 4.6749554
v 40.2977486 29.3381214 3.8913324
v 41.1117516 28.2593861 3.3022578
v 43.4993896 24.4490585 3.1492956
v 44.7956886 21.9304142 3.5090306
v 46.5907745 17.9037113 2.9276657
v 47.8927078 14.1698542 2.2880709
v -49.8681526 3.3958821 1.0881948
v -49.7494240 4.7444143 1.4608582
v -48.9161949 10.0954008 2.2186663
v -47.2710457 15.9752836 3.1888106
v -45.7063866 19.8381500 4.1354814
v -43.7319069 23.8133488 4.5034952
v -41.4717789 27.5270309 4.6991544
v -38.8879051 31.0570755 4.8043547
v -37.0502510 33.1721802 5.1713634
v -36.0772209 34.0655670 6.1371441
v -35.0717468 35.1977844 5.5608826
v -34.0521774 36.2687798 4.9608998
v -33.0084305 37.1010551 5.8093467
v -31.8830605 37.9268646 6.6770978
v -30.7339153 38.9691620 6.0558267
v -28.4374332 40.6210213 6.4095802
v -27.2654743 41.3516426 6.7971249
v -24.6078110 42.9061394 7.2773848
v -23.4851131 43.6592064 6.4754829
v -22.2458458 44.1834984 7.2474475
v -21.1074543 44.8365059 6.5935650
v -20.0932598 45.1929665 7.2895632
v -18.7128201 45.7815285 7.2985086
v -17.1886139 46.4950218 6.4769311
v -15.7958698 46.8780670 7.2439823
v -13.0856628 47.7120361 7.1860466
v -10.2964983 48.3818321 7.2419491
v -7.3998771 48.8772354 7.4522586
v -5.9871359 48.9124489 8.4067373
v -2.9438646 49.3611450 7.3395853
v -0.0793029 49.4023743 7.6977949
v 7.3303123 48.9309311 7.1482830
v 13.1538563 47.7292976 6.9294524
v 15.9718037 46.8665619 6.9002228
v 18.8543015 45.7626495 7.0626664
v 21.5809669 44.6261864 6.4906182
v 24.4296131 43.1455841 6.4159508
v 25.5319118 42.4689980 6.6667352
v 26.8665199 41.6181526 6.7650504
v 29.5739288 39.7869453 6.4580841
v 30.7858543 38.9259605 6.0351830
v 32.0163574 38.0364799 5.2318230
v 32.7755165 37.2113647 6.3592930
v 33.8254890 36.3398056 5.8971205
v 35.7204742 34.5774345 5.3213124
v 36.7153931 33.4201164 5.8993506
v 40.2956161 29.1187592 5.3051968
v 40.9376640 28.3367958 4.5431194
v 41.7916985 27.0698872 4.4916148
v 44.0842705 23.2231274 4.1188493
v 46.0202217 19.1840572 3.7437520
v 47.4979553 15.3168859 3.0293357
v 49.8308868 3.8950410 1.2344561
v -48.6409454 11.1376419 3.0824249
v -46.7985420 17.1715698 3.8554699
v -45.1047249 20.9180851 5.2658658
v -42.2831497 26.1732178 5.1760421
v -40.6610451 28.5100365 5.7922912
v -39.7827530 29.8156357 5.3032174
v -38.9185219 30.7434387 6.3143616
v -37.9989548 31.9787464 5.7590065
v -37.0579185 32.8823509 6.7154536
v -35.0650406 34.9184608 7.1243176
v -34.0419617 36.0322495 6.5183897
v -30.8153324 38.6206207 7.6381655
v -29.7095966 39.5940514 7.0050163
v -27.8715916 40.7638054 7.7983427
v -26.6868858 41.5246353 7.9281693
v -25.4920845 42.2154503 8.2002439
v -23.3354378 43.4895668 7.9851189
v -22.1258469 43.9936333 8.6350412
v -21.0437069 44.6493225 7.9368753
v -19.7964020 45.1217537 8.4735184
v -18.4399605 45.5864983 9.0086060
v -17.1474857 46.2588768 8.0810566
v -13.0812387 47.4743423 8.6267157
v -10.3191729 48.1373291 8.6940231
v -7.5016465 48.6102371 8.9474964
v -3.0327289 49.1123466 8.8219290
v -0.1151112 49.1539612 9.1493235
v 7.3370380 48.6880646 8.6452847
v 10.2737942 48.1779480 8.5120077
v 13.1516933 47.4911957 8.4129190
v 15.9554892 46.6368446 8.3450174
v 23.1281643 43.4533920 8.7378454
v 24.4493160 42.9164886 7.7415524
v 25.9047871 41.9485016 8.2766676
v 29.0018501 39.8999100 8.1413641
v 30.3939590 38.9900703 7.4633832
v 31.5704060 38.1430244 6.9304986
v 34.7182541 35.4164009 6.3265481
v 35.7181969 34.3009186 6.8821921
v 38.5982056 31.2869854 5.5754762
v 39.4793129 30.0405502 6.2259812
v 41.0996170 27.8791828 5.7652388
v 45.3591156 20.5536461 4.4582286
v 47.0584106 16.4845352 3.7040875
v 48.2602654 12.6984692 3.0551171
v 49.2918701 8.1543112 1.9042370
v 49.5141792 6.5878754 2.2054935
v -47.9944077 13.6032019 3.3118491
v -46.2915077 18.2859344 4.7359076
v -44.4325409 22.4006596 4.8754907
v -43.0488319 24.7994537 5.6096911
v -41.5067596 27.1564713 6.2744055
v -39.8124657 29.4589043 6.8419428
v -38.0087891 31.6540451 7.2805696
v -36.0748520 33.7491264 7.6976438
v -34.0050240 35.7440987 8.1056719
v -32.9572105 36.8536568 7.4307151
v -31.8585892 37.6235924 8.3227787
v -30.8926811 38.2614937 9.0031061
v -28.5198803 40.0705833 8.9719534
v -27.3300533 40.8577919 9.1240072
v -26.0673447 41.6118240 9.4056416
v -24.2575607 42.7940750 8.9110289
v -23.0659428 43.3860435 9.2156878
v -20.8855686 44.1375504 10.7427435
v -19.6575089 44.8846626 9.9316721
v -18.3576317 45.2896538 10.5455933
v -17.0793514 45.9893646 9.6253214
v -15.7548647 46.3443871 10.1782503
v -13.0836811 47.1969833 10.0311365
v -10.3407536 47.8567696 10.1021948
v -7.6524539 48.3065147 10.3506269
v -6.1430373 48.6060524 9.9304857
v -3.0652015 48.8139267 10.3395662
v -0.1257737 48.8629608 10.5937643
v 7.3389831 48.4038048 10.1162567
v 10.2782650 47.8924751 9.9912806
v 13.1527252 47.2105675 9.8671741
v 15.9604654 46.3603897 9.7583685
v 18.5880260 45.4164467 9.5391054
v 19.5170879 45.2357407 8.5017672
v 21.6406040 43.9854050 9.8266773
v 24.4839039 42.5750809 9.3579435
v 26.7645550 41.2044792 9.2490492
v 27.4568043 40.9811020 8.1129026
v 30.2289085 38.8219566 8.8658237
v 31.1787548 38.2215462 8.1518040
v 32.3622513 37.2411804 8.0904217
v 33.6610909 36.2531700 7.2320719
v 34.6780930 35.1477013 7.8666549
v 36.6799965 33.1505280 7.4446554
v 37.6543427 32.2416344 6.5109506
v 38.5504990 31.0102558 7.2066007
v 40.3384781 28.7465878 6.8003850
v 41.9100609 26.5481758 6.1990256
v 43.1859512 24.4971695 5.8528066
v 44.6574249 21.9123669 5.0091805
v 46.5496788 17.6746120 4.5453420
v 49.0324364 9.3403530 2.8793769
v 49.6974030 4.9365039 2.4037769
v -49.6128120 5.7358260 2.3492665
v -47.6329803 14.5919323 4.2170630
v -47.1760254 15.9476719 4.4451175
v -45.7262383 19.3789978 5.7641087
v -43.7731018 23.3973217 6.0124049
v -42.3123474 25.7703152 6.7216835
v -40.6790276 28.1212692 7.3534274
v -38.9263306 30.3838234 7.8270383
v -37.0592117 32.5320244 8.2480745
v -35.0470619 34.5789719 8.7074671
v -32.8899460 36.5519409 9.0642891
v -31.6603889 37.3668823 10.0402842
v -29.1073380 39.3291855 10.2549353
v -27.9690704 40.1352882 10.3031034
v -26.7989197 40.8782539 10.4910164
v -25.7843914 41.4596329 10.7548761
v -24.8996029 42.1764641 10.0259743
v -23.3840122 42.9693794 10.3134842
v -22.0936852 43.7240410 9.9781542
v -19.6001682 44.5482521 11.4407320
v -17.0675621 45.6605988 11.1037140
v -13.0825624 46.8811417 11.4179993
v -10.3358717 47.5466080 11.4772463
v -7.8625679 48.0083084 11.5055799
v -6.5025930 48.2435150 11.3686638
v -2.9667711 48.4860458 11.8099699
v -0.1131008 48.5286293 12.0337362
v 7.3400426 48.0799866 11.5577564
v 10.2810841 47.5680771 11.4351501
v 13.1542807 46.8908958 11.2883701
v 15.9626741 46.0441933 11.1536741
v 18.8470592 44.9495544 11.1349277
v 20.0040131 44.7452126 9.8551874
v 23.1753941 43.0594940 10.4065342
v 24.5059261 42.1788750 10.9442005
v 25.7086143 41.7093582 9.9414186
v 26.8407135 40.8757057 10.4132538
v 27.8757210 40.4158363 9.4313478
v 29.1119938 39.4532852 9.7876759
v 31.3205395 37.8449249 9.2978830
v 32.3955574 36.8086929 9.7506704
v 33.5446014 36.0038223 8.8440866
v 34.6229744 34.8071289 9.4539928
v 36.6153069 32.8564415 8.9117327
v 37.5665970 31.9891949 8.0732994
v 39.4594727 29.6789875 7.8649206
v 41.1762733 27.4095287 7.2841363
v 42.6480179 25.2223091 6.6799808
v 43.9053955 23.2198162 5.7130189
v 45.8869896 19.0292625 5.6425748
v 47.8519516 13.8975172 4.0788288
v 48.5641174 11.2411366 3.8315306
v -48.8586388 9.8222303 4.0402379
v -46.7984695 16.7877407 5.2851319
v -45.1077843 20.4334526 6.8881898
v -44.4596977 21.9479561 6.4233608
v -43.0711365 24.3629990 7.1368599
v -41.5180130 26.7306995 7.8330922
v -39.8067818 29.0720901 8.3649521
v -37.0535278 32.1211319 9.7446117
v -36.0687866 33.3673019 9.2446737
v -35.0259094 34.1586685 10.2996778
v -33.9565125 35.3823013 9.7404938
v -32.8107796 36.1793175 10.6796179
v -28.4711514 39.4648056 11.4644108
v -26.2138805 40.9074097 11.7805548
v -25.0759354 41.6172295 11.7751484
v -23.8875103 42.3719368 11.5424614
v -22.2158699 43.3072357 11.4213181
v -20.8586044 43.7571678 12.2547655
v -18.2819424 44.9464951 12.0446224
v -16.9292660 45.3384552 12.5534382
v -15.4907131 45.6138611 13.3744707
v -13.0637589 46.5308800 12.7904034
v -10.3053961 47.2011185 12.8489819
v -7.2752333 47.7818375 12.7712631
v -2.9118490 48.1332893 13.1858454
v -0.0986607 48.1503448 13.4691076
v 7.3419037 47.7168694 12.9748888
v 10.2828217 47.2059746 12.8475466
v 13.1552963 46.5336761 12.6802225
v 15.9496546 45.6968231 12.5175638
v 18.3432732 44.8111191 12.4420652
v 20.5426521 44.1614990 11.2809210
v 21.9920082 43.3973808 11.4997644
v 23.2855415 42.5985527 11.9507475
v 24.6619587 41.6244392 12.5871849
v 25.7599010 41.3193893 11.3412647
v 26.9169140 40.4831200 11.6669149
v 28.0027370 39.9934196 10.7712383
v 29.1729984 39.0403328 11.1614714
v 30.2708435 38.4529114 10.2282591
v 31.3502216 37.4707947 10.6213608
v 33.3887711 35.6614571 10.6203346
v 35.6623116 33.6107445 9.9084063
v 37.3657722 31.8679600 9.3577089
v 38.3870583 30.7262745 9.0425787
v 40.3649597 28.2854195 8.3885822
v 41.9729576 26.0492306 7.7165766
v 43.3476944 23.9167252 6.9690027
v 45.1160583 20.6918297 5.9827838
v 47.0317230 16.1814346 5.1039343
v 47.4112625 15.2740984 4.2994685
v 49.9306908 2.1419914 1.4587637
v -49.4061699 6.9207058 3.3202026
v -48.4551506 11.5103760 4.3918076
v -46.2938004 17.8063965 6.2870770
v -42.3209648 25.3050671 8.2578497
v -40.6542778 27.7002754 8.9252481
v -38.9085274 29.9912281 9.3008909
v -37.9908943 30.8511963 10.2265310
v -36.0653839 32.9155884 10.7469559
v -33.8529663 34.9330597 11.5401936
v -31.8676491 36.7981415 11.4083042
v -30.8587952 37.6247559 11.4717121
v -29.3775349 38.6583176 11.9207239
v -28.0904331 39.2793884 12.9353981
v -26.6776791 40.2342262 12.9874229
v -25.4376793 41.0317612 12.9860620
v -23.2869930 42.0827370 13.6429338
v -22.1256866 42.9202309 12.9555883
v -20.7607937 43.3489952 13.7636824
v -19.4998035 44.1641693 12.9897165
v -18.0514545 44.6103592 13.5440998
v -16.6428318 45.0289841 13.9632826
v -13.0632734 46.1384239 14.1408968
v -10.2864981 46.8072853 14.2310991
v -7.4340062 47.3155136 14.3197861
v -6.2892766 47.2592163 15.0370369
v -3.0275602 47.7198830 14.5858107
v -0.0975293 47.7270889 14.9006853
v 7.3439689 47.3133583 14.3759174
v 10.2837210 46.8055305 14.2370405
v 13.1564732 46.1382904 14.0500498
v 15.9549055 45.3066521 13.8576279
v 18.5944805 44.3662415 13.6063499
v 21.0588551 43.5277710 12.6851664
v 22.2456131 42.9263077 12.7089872
v 23.1594467 42.2200966 13.4417763
v 25.9733963 40.8671989 12.4297676
v 26.9074802 40.1109962 12.9072380
v 28.0439034 39.5912209 12.0717678
v 29.1977100 38.6196823 12.4760227
v 30.3107586 38.0489883 11.5426445
v 31.3910656 37.0598526 11.8666410
v 32.2301750 36.6036453 10.9845743
v 34.6318474 34.3391533 11.0067816
v 36.6123428 32.4600792 10.2766342
v 39.4653702 29.1753407 9.5419426
v 41.2130737 26.8919449 8.8341646
v 42.7251396 24.6827602 8.0713949
v 44.0379410 22.5597858 7.1662621
v 44.6994095 21.1781712 7.2901025
v 46.5252914 17.2567177 6.1186290
v -47.2688332 15.3062859 5.5961623
v -45.7147331 18.8511448 7.3818507
v -44.4341125 21.4635830 8.0431166
v -43.0645943 23.8798084 8.6496677
v -41.5032768 26.2409554 9.4101686
v -39.7447090 28.6932926 9.8485384
v -38.8598900 29.5897408 10.6830454
v -37.0420876 31.6600552 11.1912079
v -35.0625610 33.6350212 11.7912788
v -32.5131149 35.9559059 12.2246819
v -31.3630238 36.8494911 12.5636902
v -30.3545094 37.6657639 12.6168985
v -29.3971443 38.1640396 13.3753996
v -27.0159874 39.5339546 14.3735876
v -25.7001610 40.4393082 14.2667351
v -21.9301891 42.5421295 14.4457121
v -15.7286434 45.0611610 14.8784933
v -13.0838127 45.6967163 15.4911766
v -10.2763433 46.3661118 15.6159439
v -7.4105644 46.8883018 15.6731138
v -5.9342589 46.9379539 16.1580009
v -3.0651152 47.2496986 16.0378952
v -0.1033500 47.2575798 16.3275051
v 7.3452978 46.8688240 15.7644606
v 10.2840242 46.3658180 15.6095438
v 13.1573353 45.7039566 15.4037437
v 15.9709682 44.8701286 15.1957664
v 18.7286282 43.8596268 15.0011387
v 20.1704292 43.5242424 14.0740499
v 24.3043880 41.2852821 14.3077507
v 25.6895332 40.6761169 13.6003752
v 26.8126316 39.7234306 14.2380962
v 28.0338612 39.1766129 13.3825521
v 29.2010193 38.1614838 13.8055544
v 30.3436184 37.6066704 12.8390236
v 32.4722481 36.0592499 12.0356321
v 33.5981903 34.9629593 12.1888027
v 35.6814842 33.1390457 11.3362589
v 36.6603622 31.9458580 11.6262493
v 37.5556374 31.2880363 10.5001507
v 38.5385284 29.9787426 10.7586727
v 40.3805046 27.7361507 9.9924965
v 42.0135040 25.4917488 9.2074461
v 44.1464996 21.8775578 8.5045052
v 46.0074463 18.1336765 7.3774662
v 47.4797516 14.7012291 5.4150305
v 48.2520943 12.2707701 4.5587287
v 49.2959862 7.6682887 3.2980828
v -49.1629677 7.9806342 4.3777766
v -46.8143120 16.2245216 6.7077560
v -45.0660439 19.8969193 8.5404234
v -42.3210030 24.7608070 9.7690830
v -40.5215569 27.2710800 10.6736250
v -37.9730759 30.3801880 11.6160698
v -36.0536041 32.4231415 12.1960344
v -35.0344543 33.1342430 13.2055674
v -34.2366791 34.1251945 12.7591686
v -33.1746101 34.9795761 13.2460613
v -30.5663967 37.1048660 13.7291918
v -25.8894405 39.8004646 15.6578550
v -24.5609932 40.7006149 15.4883032
v -23.0681648 41.6358070 15.2808943
v -21.4665985 42.2811966 15.8369150
v -19.9597874 42.9038696 16.1346951
v -19.0166588 42.7860832 17.5239773
v -18.3301067 43.6030502 16.1972961
v -16.3821335 44.4395294 15.9934769
v -13.0768738 45.2161484 16.8485374
v -10.2677269 45.8790894 16.9996777
v -7.1119504 46.4056854 17.1869507
v -5.5606432 46.5920525 17.2557316
v -3.0315590 46.7482910 17.4526024
v -0.1179693 46.7416115 17.7487297
v 7.3456416 46.3837624 17.1391125
v 10.2839394 45.8865242 16.9669209
v 13.1562996 45.2307205 16.7432671
v 15.9701767 44.3962212 16.5305939
v 18.7207069 43.3578873 16.4078007
v 20.0670242 43.0278473 15.6547537
v 21.2310696 42.6962204 15.0158377
v 22.6764870 41.9094963 15.1162920
v 24.1006947 40.8000259 15.9319782
v 25.5069389 40.2748680 15.0687580
v 26.7301807 39.2372131 15.6677656
v 27.9994431 38.7088242 14.7488947
v 30.3669815 37.1057930 14.1702986
v 31.5169678 36.0081558 14.4815435
v 32.5836678 35.4898872 13.3667850
v 34.6857643 33.7915993 12.4412832
v 35.7003365 32.6186409 12.6992397
v 37.6143608 30.6978397 11.9380760
v 39.4864540 28.5601692 11.1771393
v 41.2291107 26.3075981 10.3812847
v 42.7755775 24.0774975 9.5013723
v 43.4483948 23.2973232 8.3247528
v 45.3672066 19.7141380 7.2734780
v 47.0303078 15.6864882 6.4781651
v 47.9118805 13.1278763 5.6473355
v -46.2818947 17.2222729 7.8189321
v -43.7282639 22.4764462 9.0792208
v -43.0417900 23.3544369 10.0820293
v -41.5183411 25.6020679 10.9721289
v -39.5664978 28.4835815 11.0751686
v -38.8528404 29.0993710 11.9852610
v -37.9481506 29.8480682 12.9932804
v -37.0164833 31.1555023 12.6057777
v -35.9895706 31.9057541 13.6551762
v -33.9514236 33.9214211 14.0204782
v -32.6095238 34.9260864 14.7021055
v -31.5832539 35.6379623 15.2246723
v -30.6855698 36.4992828 15.0394869
v -27.1962452 38.8409424 15.8603439
v -26.0009670 39.1304436 17.0984936
v -24.7060547 40.0569229 16.8737221
v -23.3959122 40.9126778 16.6886139
v -22.2067299 41.5983543 16.6128750
v -20.8060169 42.0086441 17.3835659
v -18.0660286 42.5997009 18.9348850
v -17.1922092 43.5297661 17.5749760
v -15.5999308 43.8790054 18.1947651
v -13.0403719 44.7062531 18.1857548
v -10.2793541 45.3444519 18.3722477
v -7.3685989 45.7718658 18.7088528
v -5.8478122 46.1379852 18.3340282
v -3.0892417 46.2048225 18.8351040
v -0.1583886 46.1724434 19.1775646
v 7.3451724 45.8589897 18.4976654
v 10.2836084 45.3679352 18.3086395
v 13.1525793 44.7192993 18.0675182
v 15.9480238 43.8898811 17.8514156
v 18.6623745 42.8378906 17.7777653
v 20.0359039 42.5047836 17.0612907
v 21.3644505 42.1715279 16.2598763
v 27.9662666 38.1601486 16.1652966
v 29.1967430 37.6401100 15.1807575
v 30.3853989 36.5263901 15.5601664
v 32.6613655 34.8600388 14.7500677
v 33.6755219 34.3706894 13.5735435
v 34.7171326 33.2414894 13.7692766
v 35.6855316 32.0978203 14.0004816
v 36.6580124 31.4175053 13.0005283
v 37.5610313 30.1476135 13.4187794
v 38.5442123 29.3588428 12.3354406
v 40.3767891 27.1145630 11.5868177
v 42.0337410 24.8689060 10.6955700
v 43.5049400 22.6385021 9.7249546
v 44.2014885 21.1658154 9.8990326
v 44.8189354 20.4144745 8.6255770
v 46.5670624 16.5284996 7.6287980
v -48.8814316 8.8481951 5.6676173
v -48.5372543 10.5537539 5.7114582
v -47.2948341 14.6351891 6.9902043
v -45.6733475 18.2423096 8.9999189
v -44.3148575 20.9787273 9.7886610
v -43.6062584 22.1660595 10.3358564
v -40.6806793 26.3432198 12.2788563
v -39.7469254 27.7840710 12.1679573
v -38.8547897 28.4848824 13.3674994
v -36.9682350 30.6032887 14.0185328
v -35.9409447 31.2918110 15.1297178
v -34.7862663 32.6966248 14.8434248
v -33.6283722 33.6989250 15.2612419
v -30.7376423 35.9214325 16.2654076
v -29.6889668 36.8176689 16.2038383
v -28.4799500 37.8064995 16.0943279
v -27.2940979 38.1145782 17.3733387
v -24.7719059 39.3976173 18.2669964
v -23.5006275 40.2865410 18.0175400
v -22.2185955 41.1061745 17.7801304
v -21.0611420 41.2481537 18.8261662
v -19.6381054 41.9557152 18.8119431
v -16.5156097 43.1238289 19.1577282
v -15.2736397 43.4992714 19.3413868
v -13.0052338 44.1618462 19.4948559
v -10.3027630 44.7689590 19.7211113
v -7.5083556 45.1605644 20.0874748
v -6.0447984 45.5606194 19.6626205
v -3.2621245 45.5931931 20.2455826
v -1.6975812 45.8809929 19.7719440
v 7.3443851 45.2952690 19.8383484
v 10.2832403 44.8107109 19.6331882
v 13.1468687 44.1707115 19.3738041
v 15.9009714 43.3568344 19.1481762
v 18.5321712 42.2943611 19.1565838
v 19.9296646 41.9660339 18.4628849
v 21.3102436 41.6035004 17.7236385
v 23.9933491 40.1929932 17.5527248
v 26.6771812 38.6573448 17.1352615
v 29.1945782 37.0388412 16.6044521
v 31.5751114 35.3457031 15.9179077
v 32.8487892 33.9951744 16.2713032
v 33.7580643 33.7437019 14.8786287
v 34.7424431 32.6799545 14.9874258
v 36.5666885 30.9288483 14.3458338
v 39.4427147 27.9279404 12.8078146
v 41.2291145 25.6483421 11.9173231
v 42.7997437 23.4121437 10.9430428
v 46.0531235 17.3224583 8.8795786
v 48.7021255 9.7268000 5.7780490
v 49.5075188 5.9971852 3.6095335
v -49.7622223 4.0379977 2.6836247
v -46.8037910 15.5887957 8.1384764
v -44.9949036 19.3016930 10.1364708
v -43.0755920 22.6704330 11.4081135
v -41.5615158 24.8346424 12.4669971
v -39.7940331 27.0276985 13.6254873
v -37.8692627 29.2947350 14.4017973
v -36.8983383 30.0136337 15.4068804
v -34.9095001 31.8331528 16.3604774
v -33.8400154 32.9826088 16.3256512
v -32.7779465 34.0452042 16.3163586
v -31.7342510 35.0279274 16.2954674
v -30.7577839 35.3362465 17.4610348
v -29.9033375 36.1685524 17.2330341
v -27.2641659 37.3924332 18.9200592
v -26.0332737 38.4390335 18.5626926
v -23.5325680 39.6322632 19.3688526
v -22.3038998 40.4783287 19.0650997
v -21.2904320 40.6382141 19.8635769
v -20.1413441 41.1654205 19.9776726
v -18.7351456 41.7459106 20.1440048
v -17.2265987 42.2971153 20.3401852
v -15.6076641 42.8295975 20.5369282
v -12.9798517 43.5745583 20.7909794
v -10.3208666 44.1575661 21.0457363
v -7.6154847 44.5221367 21.4276085
v -6.2144265 44.9329643 21.0072880
v -3.5903964 44.9496346 21.5889835
v 7.3440061 44.6936836 21.1589222
v 10.2831850 44.2157555 20.9386520
v 13.1435938 43.5845757 20.6606026
v 15.8338413 42.8127365 20.3859940
v 18.2550182 41.7016716 20.6585236
v 19.7464924 41.4080276 19.8690033
v 21.1328144 41.0528717 19.1596489
v 22.5524578 40.6339378 18.4256153
v 23.8259563 39.5040054 19.2630405
v 25.3242207 39.1050568 18.1315403
v 26.6442413 37.9967537 18.5978279
v 27.9412651 37.5312500 17.6141796
v 29.1775723 36.3543282 18.0742779
v 30.4010258 35.8589745 17.0159874
v 31.5853844 34.6082687 17.4384232
v 33.9471321 33.0908852 15.8766146
v 34.7269478 32.1359978 16.1540623
v 35.6323166 31.5994511 15.2200623
v 36.3609734 30.6238785 15.4711475
v 37.3476906 29.6447983 15.0224218
v 38.4375916 28.7910271 13.9050550
v 40.3452454 26.4212284 13.1906061
v 42.0403748 24.1702614 12.1690950
v 43.5279388 21.9292126 11.1420650
v 44.8622589 19.6543751 10.0426826
v 47.0607681 14.9458647 7.8653412
v 47.4854126 14.1107178 6.7710428
v -49.9105263 1.2377586 2.6615808
v -49.5501709 5.4429216 3.8394895
v -48.1648026 11.3185854 7.2057705
v -47.7399940 13.0087261 7.1818767
v -46.2509995 16.5414982 9.3321419
v -44.4063454 20.1452389 11.0479031
v -43.7925835 21.3119450 11.2975311
v -42.3662682 23.3375797 12.6486053
v -38.7120476 27.8273354 15.0507202
v -37.6661110 28.9124241 15.6424618
v -33.9068184 32.2444839 17.6150227
v -32.8600655 33.3237076 17.5917740
v -31.7898445 34.3574982 17.5706215
v -29.6384449 35.7743187 18.4794006
v -28.3711796 36.3022995 19.4129410
v -25.9808903 37.7305374 20.0257244
v -24.7799072 38.7145195 19.6644039
v -23.5636616 38.9438362 20.6790295
v -22.2245464 39.8321915 20.4737682
v -20.7787762 40.3699799 20.9359856
v -19.4119549 40.8908653 21.2341156
v -17.9407043 41.4066772 21.5232067
v -16.4285240 41.9340477 21.7043743
v -15.1929932 42.3445244 21.8063622
v -12.9538708 42.9458656 22.0765305
v -10.3309937 43.5123405 22.3446827
v -7.7123580 43.8529930 22.7331390
v -6.3691268 44.2651901 22.3371716
v -2.7306190 44.5738869 22.4684238
v -1.5180510 44.4194908 22.8871536
v -0.0782151 44.1382294 23.4793262
v 7.3446274 44.0557442 22.4566689
v 10.2834568 43.5841408 22.2232285
v 13.1480141 42.9572334 21.9326153
v 15.8605785 42.2147675 21.5765800
v 19.5700569 40.8033676 21.2491951
v 20.8926353 40.5055237 20.5402279
v 22.2440319 40.1223640 19.8619843
v 25.3389206 38.3859863 19.5920391
v 26.5778065 37.3150482 20.0134544
v 27.8859997 36.8399773 19.1045418
v 29.0900440 35.6303520 19.5936165
v 30.3800793 35.1205521 18.5277596
v 32.6725693 33.3309326 17.9180527
v 33.7533798 32.7252998 17.0159531
v 35.6089706 31.0356464 16.3840332
v 38.2371750 28.3750420 15.2340841
v 39.2817078 27.2544880 14.6146202
v 41.2257385 24.8987999 13.4239397
v 42.8067017 22.6769352 12.3712578
v 44.2168846 20.4157772 11.3074579
v 46.5911636 15.7266912 9.0403748
v 49.2668495 7.1314516 4.6756454
v 49.8138466 3.4759679 2.4727492
v -47.2674751 13.9843493 8.3786278
v -45.5678101 17.5408268 10.7500954
v -43.1765671 21.6943245 12.8324528
v -37.8686409 28.0665550 16.6750755
v -36.8722572 29.3095055 16.7611370
v -35.9108582 30.5744820 16.5886269
v -34.8788910 31.1117878 17.7498169
v -32.8939171 32.5922318 18.8532372
v -31.8143196 33.6438026 18.8628483
v -30.6890011 34.7026024 18.8039322
v -29.3533554 35.0902977 20.1604919
v -27.1184845 36.7141304 20.4094105
v -25.8536377 36.9977455 21.5001526
v -24.7128582 38.0208969 21.0611820
v -23.4675846 38.3008194 21.9523449
v -22.5995770 39.0612297 21.5127888
v -21.4871731 39.5224037 21.8076096
v -20.1605396 40.0095825 22.1850300
v -18.7526569 40.4767990 22.5707703
v -17.0733528 40.9337387 23.0742283
v -15.4631939 41.6818008 22.8712749
v -14.1811438 42.3070641 22.5507774
v -12.9433918 42.2733955 23.3454380
v -10.3308296 42.8398476 23.6089458
v -7.8208647 43.1719437 23.9657612
v -6.5230412 43.5632057 23.6370831
v -2.7314537 43.9893265 23.5924225
v 7.3464041 43.3833313 23.7294960
v 10.2830486 42.9174309 23.4855270
v 13.1528988 42.2861748 23.1981640
v 15.9966240 41.4979019 22.8340549
v 17.6460056 40.6159668 23.2050896
v 18.4290695 40.9748268 21.9193516
v 20.6543369 39.9176140 21.8941631
v 21.7839642 38.9998322 22.4494762
v 23.0343838 38.7637177 21.6042061
v 25.3761082 37.6676941 20.9010735
v 26.3727722 36.8108292 21.1802711
v 27.6625595 36.1185341 20.7236366
v 31.5303764 33.8522110 18.9638844
v 33.6557312 32.0977402 18.3498230
v 34.6708603 31.5527058 17.3837166
v 35.6057396 30.3417969 17.6407795
v 36.5346832 29.9096928 16.4377556
v 37.5004692 28.7165928 16.3886051
v 40.3468323 25.5867443 14.7400055
v 42.0405502 23.3915577 13.6061411
v 43.5290298 21.1609459 12.5393133
v 45.4827156 18.1004028 10.1728630
v 46.0594940 16.5054970 10.2889643
v 47.4600334 13.5305138 8.0130787
v -48.5496178 9.6081524 7.1004210
v -46.7745628 14.9050035 9.4838467
v -44.7823792 18.9277420 11.6478167
v -35.7715530 29.8014984 18.2111340
v -34.6952019 30.6196518 18.9205971
v -33.8922310 31.5468845 18.8653660
v -31.8580837 32.8618355 20.1186562
v -30.7050476 33.9091454 20.1822243
v -28.0536118 35.8166122 20.7225342
v -27.0355301 35.9665375 21.7943268
v -24.4857407 37.3313103 22.5003853
v -22.2280807 38.6602364 22.6030121
v -20.9321213 39.1170654 23.0523624
v -19.6222858 39.5745354 23.4224224
v -18.3091965 39.9188156 23.8958149
v -16.9602890 40.0609665 24.6356640
v -15.6082115 40.8838158 24.1792564
v -14.2412052 41.6009140 23.7905312
v -12.9458570 41.5555801 24.6004791
v -10.3035078 42.1448174 24.8404064
v -7.9600692 42.5612106 24.9863777
v -6.7511225 42.8311996 24.8822079
v -2.7457290 43.2600327 24.9026890
v 0.1419350 42.6417618 26.0950012
v 7.3487487 42.6774521 24.9763222
v 10.2798758 42.2173805 24.7234077
v 13.1374483 41.5777130 24.4543171
v 16.0193081 40.7088242 24.2033310
v 20.4376125 39.2576790 23.2589321
v 22.9863930 38.0627670 22.8594208
v 24.2215939 37.8656960 21.8851681
v 25.4218254 36.9394836 22.1103210
v 26.6700535 36.0158653 22.1588097
v 28.8338165 35.0749893 20.9256306
v 30.2359943 34.3399963 20.1540375
v 31.4938602 33.0345306 20.4078770
v 32.6011925 32.6007423 19.3449020
v 34.5820732 30.8980904 18.6818085
v 36.6011887 29.0753307 17.7363586
v 38.4776115 27.4750767 16.2579575
v 39.4577103 26.1265354 16.1323318
v 41.2288589 24.0592575 14.8676453
v 42.8015747 21.8746643 13.7583113
v 44.2041321 19.6224499 12.6777048
v 44.8629951 18.8692417 11.4465752
v 47.0772667 14.1562691 9.1220217
v 49.0053673 8.0431433 5.8032527
v -47.6763687 12.2354431 8.7773743
v -46.2473106 15.6826496 10.7293129
v -44.4260483 18.6718693 13.3219891
v -42.8779335 21.4064903 14.2452011
v -41.5336876 23.2533054 15.2919083
v -39.8183022 25.2759781 16.5920715
v -37.9669914 27.1099052 17.9815044
v -36.9440002 28.4023304 18.1183319
v -33.9058952 30.8213043 20.0018940
v -32.9190979 31.8384132 20.0621738
v -31.9290943 32.0595779 21.2661667
v -30.8403378 33.0044250 21.4251213
v -29.5998726 34.0077057 21.6143837
v -28.2903805 35.0077286 21.7643795
v -25.6196327 36.1536255 23.1507931
v -23.0893421 37.7335815 23.2860146
v -21.6948833 38.1794434 23.8933716
v -20.3278217 38.6900520 24.2714005
v -19.1973305 39.1631241 24.4326096
v -18.1981945 39.2146492 25.1148453
v -16.9306126 39.2485466 25.9312725
v -15.6095476 40.0730820 25.5011292
v -14.2707825 40.8387375 25.0584011
v -12.9425974 40.7999992 25.8374844
v -10.2556534 41.4152336 26.0585670
v -2.7625890 42.4379196 26.2776814
v 7.3504968 41.9388351 26.1972466
v 10.2729626 41.4868011 25.9334316
v 13.0869408 40.8498077 25.6775665
v 17.4328232 39.7564583 24.7959633
v 18.9805374 39.5257874 24.0199451
v 20.2386494 38.5139580 24.6304188
v 21.6521397 38.2803802 23.7759457
v 22.9195080 37.2823296 24.1695175
v 24.2302971 37.1009369 23.1509018
v 25.4904118 36.1168518 23.3532200
v 26.8234253 35.0692787 23.4605598
v 27.9243431 35.1677742 21.9792786
v 29.2138062 33.6611137 22.6567955
v 30.3631477 33.3745956 21.5382385
v 32.5661850 31.8032131 20.6809502
v 33.5762177 31.4139404 19.6339188
v 35.4778557 29.5371532 19.1907501
v 37.6254387 27.8004570 17.6465111
v 38.5956001 26.5201969 17.5167656
v 40.3795319 24.6560783 16.1650963
v 42.0341835 22.5454140 14.9854841
v 45.4699898 17.2809505 11.5616140
v 46.5911560 14.8941641 10.3547945
v 48.3467445 10.5356493 7.1784253
v 48.7013435 8.7768650 7.1440368
v 49.6678696 4.1536918 3.9402752
v -48.8644257 7.9055877 7.0481339
v -47.1679230 13.5434332 9.5587559
v -45.6914673 16.3100471 12.0845661
v -42.2674484 21.8723450 15.3228693
v -40.6914368 23.8175926 16.6303616
v -37.0345879 27.3227749 19.5387306
v -35.9595909 28.6972733 19.5738945
v -34.9050598 29.8208752 19.7979679
v -32.9419670 31.0572147 21.2137699
v -31.0760727 32.1869278 22.3047581
v -29.8676147 32.8594589 22.9657936
v -28.4553432 34.0340652 23.0600681
v -24.7358532 35.8225555 24.5876331
v -23.9892387 36.7253456 23.9764194
v -22.5188656 37.1923294 24.6756382
v -20.9373131 37.6675797 25.3494663
v -19.4476624 38.4502373 25.3530998
v -18.2467442 38.4133911 26.2899551
v -15.5992022 39.2490005 26.7555809
v -14.2695932 40.0465736 26.3065777
v -12.9337883 40.0104942 27.0491886
v -10.2294531 40.6376076 27.2662601
v -7.3766518 41.0469933 27.5702209
v -5.8367200 41.5502663 27.1768131
v -2.8851004 41.5389786 27.6648426
v -1.1351408 42.0033875 27.0875931
v 1.5350878 41.6110001 27.6711826
v 7.3504534 41.1679153 27.3928204
v 10.2662029 40.7271576 27.1132507
v 13.0082569 40.1318779 26.8226223
v 17.2381535 38.9682732 26.1470089
v 18.7551575 38.7513046 25.4120178
v 20.0001736 37.7160759 26.0125790
v 21.5071945 37.4730110 25.1544800
v 24.2146358 36.2682266 24.4551239
v 28.0090160 33.9240532 23.7546024
v 31.4876690 32.1512871 21.7877235
v 33.5701408 30.6428165 20.8290443
v 34.3771019 30.4062481 19.8237972
v 36.6964722 28.0935478 19.0798874
v 39.5105286 25.1690922 17.4692535
v 41.2259750 23.1622086 16.2373886
v 43.5111923 20.3436909 13.8821535
v 44.8344078 18.0589790 12.7908592
v 46.0420074 15.6312771 11.6452894
v 47.9440536 11.2555647 8.6387911
v -48.1648674 10.3384037 8.5508404
v -46.7775459 14.0675831 10.6725473
v -45.0978050 16.9121914 13.4113007
v -43.5604591 20.2756939 13.8212166
v -42.9737740 20.5379677 15.2084246
v -41.5072975 22.3785439 16.6132965
v -39.7752228 24.3342705 18.0426159
v -38.0397987 26.2413235 19.0798531
v -35.9436798 27.8224068 20.8233814
v -34.9794426 28.9409790 20.9450798
v -33.9605217 30.0147572 21.1077557
v -31.9330387 31.2936802 22.3759499
v -28.5273285 33.0347939 24.3783131
v -27.2437420 34.0928307 24.3977737
v -25.9264565 35.0598221 24.4583092
v -24.7232361 35.0223083 25.7259007
v -23.3548946 36.0765686 25.5458126
v -21.9450741 36.7280807 25.8609753
v -20.8354492 36.7478142 26.7418232
v -19.5829105 37.5894051 26.5171394
v -18.2603264 37.5453186 27.5042801
v -16.9286842 38.4068108 27.1650257
v -15.5816517 38.3904915 27.9817028
v -14.2570992 39.2240067 27.5251656
v -12.9149227 39.1864624 28.2374325
v -10.2279949 39.8224678 28.4446259
v -7.4522395 40.1877556 28.7894421
v -1.4958751 41.0100937 28.5458164
v -0.1182551 40.4723434 29.3531475
v 1.4175853 40.8243065 28.8219509
v 7.3484015 40.3646660 28.5637188
v 10.2658329 39.9357109 28.2660751
v 13.0170736 39.3872414 27.8994007
v 15.6309834 39.0550613 27.0073833
v 17.1164703 38.2559090 27.2538795
v 18.4752522 38.0066910 26.7061367
v 21.2625771 36.5048027 26.7290459
v 22.8403759 36.4093018 25.5342903
v 24.1922932 35.3504829 25.7796001
v 25.5031300 35.2189102 24.6728020
v 26.7661247 34.1153641 24.8876514
v 29.1885605 32.7247696 24.0161476
v 30.3561058 32.4584122 22.9048843
v 31.4794140 31.1986980 23.1372375
v 32.5677299 30.9235687 21.9745827
v 33.6275482 29.7320137 22.0204468
v 34.5953026 29.5393467 20.7408466
v 35.7067833 28.3272800 20.5534229
v 37.9062424 25.9283371 19.7589245
v 38.6489601 25.6067638 18.7147369
v 40.3755951 23.7257519 17.5114079
v 42.0142593 21.6541862 16.3000069
v 42.7824631 21.0243721 15.0832500
v 44.1683769 18.8063602 13.9759808
v 47.0818863 13.3122540 10.2928944
v 49.4212074 5.6065874 5.0562654
v -46.2686043 14.6793261 11.9811049
v -44.4347305 17.5281391 14.7659397
v -42.2756042 20.9622269 16.5246201
v -40.6677132 22.8505802 17.9910126
v -37.5222969 26.0259895 20.3469105
v -34.9893646 28.0722065 22.0772114
v -33.9863014 29.1583672 22.2413559
v -32.9427223 30.2387352 22.3611279
v -31.8563652 30.4823608 23.5729427
v -30.8529186 31.6200504 23.4026108
v -29.7010632 31.9403725 24.4404869
v -28.5371628 31.9901676 25.7267551
v -27.3296146 33.1292610 25.5941715
v -26.0514526 34.0807953 25.6791916
v -24.8049850 33.9320831 27.0721436
v -23.4281502 35.0144348 26.9236050
v -22.0927105 35.9026260 26.8780327
v -19.5663776 36.6848564 27.7700996
v -18.2402878 36.6243362 28.7315598
v -16.9120502 37.5174599 28.3934097
v -15.5411081 37.4810562 29.2097168
v -14.2235098 38.3618889 28.7327328
v -12.8647051 38.3307953 29.4102554
v -10.2224188 38.9847603 29.5845261
v -7.5044999 39.3441086 29.9183025
v -6.1413465 39.8344803 29.5705776
v -3.5042508 39.5333328 30.3992729
v -1.7230155 40.0481300 29.8682060
v 7.3453627 39.5287361 29.7104950
v 10.2701187 39.1089592 29.3978462
v 13.0900650 38.5618134 28.9973373
v 16.1451511 37.8363686 28.4107170
v 17.9645081 37.3557129 27.9478264
v 19.5356045 36.9974289 27.3608742
v 20.3180237 36.0704269 28.0286617
v 22.8470402 35.4173088 26.8928890
v 25.4883213 34.2573280 26.0105133
v 26.7400017 33.1082191 26.2373238
v 27.9877682 32.9446831 25.1260643
v 29.1514645 31.7101440 25.3854256
v 30.3372765 31.4605885 24.2827644
v 32.5779572 29.9567146 23.2590961
v 34.6957855 28.5352783 21.9496002
v 35.7553902 27.2682304 21.8576031
v 36.8920441 26.8634872 20.4190884
v 38.5824738 24.7866249 19.9230843
v 39.4880867 24.2603378 18.7608891
v 41.2005730 22.2278023 17.5561161
v 42.7405281 20.1546001 16.3405361
v 43.4713593 19.5041180 15.1559544
v 45.4238472 16.4369354 12.8991899
v 46.5827179 13.9652767 11.6122780
v 48.3312607 9.5633459 8.5183477
v 49.2042351 6.6899228 5.8100562
v -49.8032150 2.6221137 3.5175536
v -49.6372070 4.0060129 4.4364638
v -49.3989029 5.4154825 5.5121169
v -48.5210876 8.6627903 8.4048548
v -47.7485886 10.9265957 10.0274487
v -47.2710724 12.5362234 10.4029112
v -45.6949997 15.3025942 13.3255997
v -43.7169342 19.1075325 14.9505987
v -43.0202484 19.5270061 16.3611202
v -41.4980736 21.3975391 17.8810596
v -39.7565765 23.2613010 19.4456482
v -35.9091797 27.0029163 21.9344387
v -35.0060997 27.1800747 23.1450710
v -34.0186195 28.2476711 23.3334389
v -32.9419632 29.3366871 23.5362492
v -30.7053108 30.8198280 24.6387081
v -29.6960678 31.1494160 25.4446354
v -27.3480473 32.3415833 26.5625896
v -26.2655411 33.0746460 26.7541103
v -23.3917809 34.0724869 28.1323528
v -22.1465225 34.9548264 28.0614738
v -20.8503075 35.8202934 27.9592285
v -19.5625019 35.7399940 28.9809418
v -16.8816490 36.5716133 29.6223164
v -15.4691525 36.5006905 30.4605312
v -14.1337624 37.4470825 29.9601288
v -12.7391043 37.4689217 30.5535107
v -10.2027550 38.1310654 30.6835842
v -7.5158820 38.4866066 31.0101490
v -6.1877913 39.0225945 30.6244869
v 1.2757508 39.0632858 31.1714363
v 7.3428512 38.6599350 30.8330727
v 10.2718105 38.2484665 30.5084515
v 13.0850868 37.6946602 30.1184750
v 15.8209448 36.8603935 29.8414116
v 17.3931179 36.6580353 29.2053719
v 18.9749908 36.3275948 28.6304665
v 21.5577145 35.3132133 28.0647984
v 22.9220066 34.3522720 28.1784325
v 24.1858768 34.3551636 27.0956841
v 27.9388485 31.9235420 26.4552116
v 31.4627857 30.1815109 24.4767494
v 33.6627579 28.7361565 23.2592831
v 36.6908188 25.9754829 21.8825855
v 37.6462631 25.4242477 20.8849525
v 40.3167915 22.7727489 18.8605461
v 41.9764557 20.7331696 17.5498753
v 44.0983429 17.9934292 15.2094030
v 44.7708130 17.2579651 14.0561419
v 45.9876823 14.6173115 13.0890903
v 47.5321274 11.7785807 10.0958118
v 48.9978333 7.0991774 6.9823985
v -49.1144066 6.2682509 6.9466944
v -46.8028603 13.0443277 11.7973509
v -45.0726089 15.9167585 14.6596565
v -43.7398109 18.0254936 16.1762886
v -42.2792587 19.9512539 17.7232151
v -40.6627960 21.7796745 19.2842464
v -38.8186684 23.5094643 20.9794025
v -37.7892151 24.8372135 21.3258228
v -36.8712578 24.9132652 22.7929306
v -34.0846252 27.2951412 24.3466530
v -33.0592461 28.2810764 24.6328602
v -31.7485752 29.4435158 24.9966164
v -30.3565063 30.1252480 25.8938999
v -29.1592579 30.7602558 26.5140495
v -27.9304333 31.3749409 27.1086063
v -26.6650372 32.0252304 27.6177692
v -25.4004822 32.7613297 27.9439163
v -23.3722572 33.1749458 29.1999588
v -22.1695671 34.0061035 29.1902065
v -20.8764629 34.8640442 29.1245670
v -19.5716190 34.7649498 30.1345558
v -18.2281113 35.6569786 29.9312401
v -16.8601494 35.5651360 30.8307991
v -13.8897038 36.4177513 31.3117790
v -12.4693441 36.7862854 31.4776306
v -10.1892519 37.2578583 31.7421608
v -7.5083041 37.5930023 32.0890999
v -3.3152895 38.4589310 31.7630615
v 7.3420024 37.7585831 31.9307060
v 10.2721653 37.3579445 31.5924969
v 13.0346041 36.8403206 31.1780491
v 16.9429779 35.8448296 30.4514179
v 18.4548721 35.6047668 29.8455906
v 21.6853447 34.2192688 29.3028049
v 23.0013275 33.2446480 29.4151154
v 24.1758995 33.2979240 28.3974190
v 25.3973484 32.1111870 28.6928806
v 26.6938343 32.0624008 27.5544815
v 29.0437088 30.7077599 26.7030849
v 30.2698669 30.4125576 25.6602726
v 32.5784569 28.9191208 24.5378551
v 33.6732712 27.6764507 24.4902058
v 34.7222214 27.5049438 23.1849804
v 35.7279358 26.2537155 23.1075211
v 37.3852272 24.8692932 21.9822826
v 38.3310204 23.9732914 21.3403358
v 39.3666382 23.3783417 20.0866661
v 41.1526413 21.2321110 18.8530960
v 43.3882141 18.6778469 16.3794556
v 47.0780716 12.3433294 11.4526873
v 47.9408150 10.2217102 9.8559828
v -47.3033905 11.4078283 11.4917231
v -46.2537003 13.6383753 13.2085228
v -44.4099770 16.4663010 16.0134010
v -43.0172958 18.4809837 17.5423317
v -41.4926414 20.3314781 19.0966434
v -39.7841949 22.0682983 20.7352905
v -37.8673134 23.6225662 22.5335503
v -35.9361687 26.0855503 22.9725914
v -35.0133362 26.2634029 24.1683064
v -33.2535248 26.9661465 25.8159885
v -30.9919262 28.8688812 26.5606060
v -29.7732792 29.5611744 27.1870403
v -28.5676365 30.2246189 27.7465458
v -27.2026176 30.7671051 28.5135727
v -24.5332184 32.4270859 29.0873165
v -22.2002983 33.0387001 30.2551441
v -20.9006863 33.8920097 30.2339001
v -19.5852909 33.7644653 31.2407017
v -18.2293167 34.6532440 31.0888023
v -14.1193113 35.2072411 32.5673180
v -12.7327614 35.9461479 32.3325043
v -10.2030849 36.3462524 32.7771072
v -7.5032225 36.6604156 33.1516151
v -6.1164603 37.2422066 32.7801170
v -3.2490530 37.4626923 32.9380608
v 7.3431530 36.8253937 33.0023537
v 10.2769613 36.4370422 32.6488342
v 13.0985804 35.9559937 32.1679001
v 15.4357109 36.0224991 31.0399857
v 16.4591026 35.0228958 31.6561356
v 17.9901791 34.8097153 31.0461674
v 20.4887753 33.9540138 30.4449120
v 21.8636055 33.0508881 30.4814796
v 23.1830502 31.9337444 30.7008476
v 24.2213840 32.0772324 29.7299480
v 26.6946468 30.9669189 28.7740993
v 27.8676777 30.9291534 27.6822605
v 28.8038406 29.9538460 27.7911663
v 30.0651264 29.2784615 27.1697960
v 31.4166603 29.0922375 25.8120918
v 32.5769653 27.8104572 25.7879028
v 34.7272797 26.4309731 24.3952255
v 35.7289314 25.1768112 24.2795048
v 36.6459885 25.0306664 23.0279732
v 39.1636620 22.6652565 21.2561741
v 40.1555557 21.7139435 20.3838692
v 41.9411621 19.7752056 18.6993427
v 42.6634712 19.3054867 17.5193996
v 44.6567612 16.4911175 15.2758789
v 45.2996788 15.7031298 14.1762924
v 46.5841217 12.8907585 12.7893047
v 48.6537399 7.6609654 8.5980310
v -48.7819481 6.9195886 8.4887381
v -48.1532860 9.2992678 9.7312679
v -45.6411667 14.3257351 14.5468035
v -42.2635612 18.8882256 18.8884182
v -40.6656265 20.6322422 20.5014725
v -38.8705177 22.2499790 22.2221317
v -36.7671204 23.7580681 24.1518555
v -35.9014206 25.1416893 24.0557137
v -34.1577339 26.3884392 25.2282944
v -32.2148399 27.9750137 26.0542622
v -30.3409863 28.2003994 27.9894142
v -29.0976219 29.0616837 28.4252586
v -28.0900517 29.6987095 28.7825031
v -27.1862183 29.6243134 29.7150021
v -25.9980621 30.5487595 29.8415585
v -24.7216949 31.4028034 30.0421562
v -23.4626675 32.2098045 30.1930504
v -22.2410679 32.0274696 31.2916603
v -20.9240074 32.8924484 31.3038445
v -18.2430096 33.6202164 32.1980209
v -16.8678856 34.5165634 31.9942684
v -15.5205812 34.3382111 32.8602219
v -12.8549833 34.9240417 33.3877907
v -10.2288799 35.3852654 33.8041496
v -7.5028634 35.6918716 34.1923065
v -6.1033006 36.2794800 33.8449440
v -3.2086699 36.4540901 34.0545959
v -1.6782943 35.9990463 34.6503563
v 7.3459492 35.8613548 34.0468788
v 10.2829676 35.4836197 33.6808205
v 13.1735706 34.9951553 33.1819267
v 15.9936495 34.1730576 32.8014450
v 17.5189629 33.9573975 32.2399902
v 19.1662598 33.6753387 31.5914898
v 20.6678028 32.8201218 31.5481377
v 22.0132046 31.8300686 31.6464119
v 25.5112953 30.8953304 29.9071426
v 26.7536964 29.8448753 29.8854618
v 27.8786469 29.9180737 28.7658653
v 31.4170551 27.9081135 27.0904179
v 33.6798897 26.5547581 25.6970139
v 37.5464821 23.8798256 22.7968349
v 38.4621811 22.7099571 22.4605389
v 41.1591873 20.0932007 20.0495682
v 42.5610542 18.5813427 18.5145073
v 43.2289505 17.9135132 17.6009445
v 45.6463318 14.4104967 14.4289007
v -47.7540550 9.7748566 11.1290226
v -46.7934875 11.9334707 12.9552402
v -45.0150414 14.9306355 15.8301716
v -43.7063751 16.9623775 17.3762112
v -42.9703331 17.4324093 18.6975021
v -41.4805527 19.2104568 20.2494316
v -39.7982750 20.8430767 21.9402561
v -37.9097328 22.3522606 23.7268734
v -35.7249222 24.4259663 25.0320339
v -34.9725113 25.3726044 25.1561089
v -34.0638504 25.5458851 26.2065659
v -32.2065544 26.8692513 27.2060108
v -29.4013195 27.8689594 29.2974377
v -28.2777443 28.7331734 29.5711327
v -26.0938416 29.3748837 30.9134903
v -24.8302422 30.2966328 31.0687218
v -23.5414925 31.1684189 31.2065086
v -22.2695255 30.9632263 32.3235435
v -20.9441700 31.8525333 32.3503838
v -19.6151237 31.6613808 33.3512115
v -18.2628345 32.5565681 33.2633553
v -15.5653763 33.2467690 33.9454651
v -14.2068481 34.1108742 33.6762123
v -12.9084568 33.8741951 34.4330139
v -10.2485046 34.3826065 34.8177338
v -7.5098910 34.6848335 35.2121124
v -6.0997190 35.2793541 34.8868179
v -3.1829340 35.3908081 35.1606827
v -1.5858220 34.7590446 35.8938179
v 7.3496647 34.8679924 35.0627747
v 10.2847557 34.4986839 34.6885109
v 13.1539307 33.9975700 34.2111053
v 15.6462135 33.4056816 33.7410126
v 16.9497108 33.1196823 33.3910408
v 19.6630650 32.5716171 32.4267349
v 20.6994705 31.7338085 32.6178589
v 24.3730888 30.7608356 30.9737206
v 25.5770702 29.7271538 31.0117893
v 27.9542847 28.8221912 29.7913246
v 29.0427990 28.9445629 28.6040173
v 30.2623253 27.8876972 28.3958549
v 31.4451447 26.6750145 28.2728329
v 32.5826378 26.6385708 26.9924412
v 33.6736374 25.3702793 26.8720341
v 35.7314606 24.0127258 25.4236851
v 36.6859322 23.9330025 24.1076050
v 37.6266937 22.7048550 23.8420258
v 39.3880539 21.5179482 22.0300083
v 40.3272438 20.2402382 21.5375099
v 41.9949684 18.6729736 19.6860294
v 44.9102859 14.3470612 16.6398087
v 47.0512314 11.3013372 12.5845404
v 47.5253067 10.7119198 11.2494020
v 48.2600212 8.8123131 9.6413479
v 49.2575722 5.6012063 6.4956760
v 49.4920235 4.1613307 5.7506633
v -48.4358139 7.9546165 9.5023441
v -46.1478729 12.5322046 14.5944061
v -44.3486366 15.3827915 17.2163105
v -43.6010246 15.9129276 18.5850468
v -42.2234383 17.8127785 19.9933548
v -40.6614418 19.4342594 21.6485291
v -38.8858528 20.9786110 23.3996468
v -36.9533157 22.3392487 25.2021427
v -35.9317589 23.4365673 25.6767540
v -34.9708595 24.4429016 26.0640373
v -33.0953522 25.7153130 27.2553024
v -32.0881424 25.8666859 28.2959652
v -30.3646774 27.1277618 29.0080757
v -28.4581528 27.5616550 30.4958515
v -27.3072128 28.4846363 30.7030277
v -23.5833569 30.0626926 32.2443237
v -20.9546852 30.7615299 33.3825989
v -18.2781696 31.4526901 34.2977524
v -15.5883112 32.1391487 34.9827461
v -14.2457027 33.0254669 34.7245140
v -12.9290419 32.8076324 35.4443512
v -10.2643213 33.3485870 35.8049927
v -7.5372038 33.6343956 36.2114830
v -6.1117415 34.2323265 35.9126472
v 1.6663610 34.0784760 36.5449219
v 7.3529544 33.8473740 36.0483475
v 10.2832785 33.4850502 35.6684265
v 13.1448812 32.9765625 35.1999969
v 17.9012928 31.9364567 34.0440559
v 19.3821278 31.7389946 33.4086266
v 20.5503197 30.6633701 33.7174377
v 21.8929749 30.6886864 32.8396835
v 23.1880646 30.6933060 31.9322357
v 24.3597813 29.6214809 32.0787659
v 25.5749569 28.5740414 32.0795135
v 26.7934322 28.7100887 30.9481087
v 27.9888000 27.6807156 30.8228035
v 29.1379490 27.7829323 29.6445961
v 30.2913952 26.6702538 29.5085297
v 32.5673103 25.4182720 28.1597481
v 34.7134705 24.0893898 26.7273407
v 36.7005196 22.7349644 25.2178841
v 38.5630379 21.4809151 23.4794369
v 39.4906769 20.2364597 23.0409050
v 41.2187805 18.8443012 21.1103573
v 42.8842087 17.2541695 19.0467434
v 44.2487411 15.0746126 17.7325974
v 45.5459251 13.6318188 15.4716167
v 46.5630875 11.7800875 13.8926487
v 47.9439240 9.0810785 10.9019985
v 49.6782684 2.6587629 4.9773192
v 49.8369865 2.4245684 3.2083197
v -49.4940834 3.8044336 5.9427924
v -47.2946472 10.2546740 12.5661669
v -45.6162720 12.4454966 16.2510548
v -42.8586311 16.4546680 19.8004665
v -41.4606781 18.0547333 21.3260498
v -39.7912483 19.5780525 23.0885620
v -37.9379311 21.0637703 24.8352966
v -36.0170670 22.2716885 26.5807915
v -34.0372658 24.5267467 27.1936665
v -33.0282822 24.6585903 28.2986526
v -31.0399094 26.0631294 29.2661533
v -29.7575493 26.4593220 30.2329445
v -27.4986992 27.4398251 31.4708843
v -26.2391911 28.0386333 32.0141830
v -24.8754787 27.8934879 33.2052803
v -23.5905437 28.8892879 33.2946053
v -22.2785206 29.8405304 33.3565788
v -20.9555054 29.6094971 34.4050446
v -19.6230831 30.5398140 34.3775291
v -18.2824993 30.2959843 35.3192902
v -16.9343758 31.2244720 35.1829376
v -15.5808268 30.9963474 36.0006638
v -14.2539873 31.9245358 35.7361755
v -12.9243746 31.7226105 36.4191055
v -10.2815495 32.2914352 36.7564774
v -7.6227455 32.5256157 37.1938629
v -6.1613212 33.1170807 36.9352913
v -3.2512200 33.2201080 37.2129059
v 7.3539777 32.8008728 37.0028877
v 10.2800751 32.4452629 36.6176910
v 13.1131573 31.9289131 36.1646309
v 15.8317451 31.0081387 35.8760109
v 17.3927155 30.8973656 35.2475281
v 19.0995731 30.5692406 34.6468849
v 20.5081997 29.5574799 34.7158203
v 21.7597198 29.5923996 33.9223251
v 23.0726051 29.5812645 33.0480499
v 24.2804432 28.4493752 33.1765137
v 26.8051529 27.5446053 31.9763088
v 29.1416130 26.6347389 30.6785755
v 30.2097359 25.5239544 30.5858707
v 31.3992424 25.4430676 29.4355831
v 33.6475334 24.1415043 28.0143089
v 37.6559410 21.4659615 24.9213276
v 40.3900986 18.9361229 22.5789299
v 42.0598907 17.4414597 20.6496696
v 45.9856758 12.0475941 15.4945927
v 47.4646568 9.4884911 12.5216942
v 49.0113945 5.8348360 7.9808607
v -49.8018456 1.3331208 4.1980386
v -49.2681198 4.7691631 7.0254412
v -48.1376381 8.2185488 10.7313061
v -46.7761497 10.7237349 14.0323792
v -44.9780655 13.8459740 16.8842888
v -44.2147064 14.1152277 18.5835342
v -42.1676369 16.7592602 20.9940395
v -40.6505127 18.1856384 22.7275925
v -38.8518677 19.6843891 24.5524044
v -36.9853096 21.1052704 26.1993942
v -35.0214500 23.3913841 26.9481449
v -34.0250435 23.4428368 28.1506062
v -32.9604340 23.5449829 29.3059978
v -31.9607029 24.8201122 29.3584690
v -30.8281937 25.0329762 30.3765144
v -28.4334946 26.2916737 31.6226501
v -27.0464287 26.7273998 32.4641533
v -25.9203415 27.0410194 33.1159210
v -23.5993099 27.6262817 34.3404160
v -22.2770042 28.6471329 34.3901825
v -20.9526348 28.3894558 35.4188614
v -19.6252327 29.3567581 35.3946228
v -18.2770004 29.0747871 36.3332443
v -16.9220219 30.0393429 36.2085876
v -15.5192118 29.7965717 37.0248985
v -14.2231541 30.8002720 36.7228088
v -12.8901215 30.6309471 37.3535385
v -10.2973146 31.2243366 37.6626167
v -7.8777266 31.0858498 38.3489265
v -6.3670106 31.9405289 37.9239159
v -2.9777973 32.1187019 38.1906929
v -0.2864753 32.5814629 37.9179001
v 7.3522201 31.7282104 37.9269409
v 10.2766609 31.3816166 37.5341263
v 13.0529690 30.8748951 37.0894585
v 18.4017849 29.6236210 35.8215218
v 20.4813919 28.5284595 35.5821877
v 21.6043816 28.5482750 34.8979378
v 22.9086189 28.4525185 34.1348648
v 25.5657291 27.3585281 33.1339188
v 27.9944630 26.5382824 31.8087044
v 31.2017040 24.1230888 30.7244396
v 32.5150299 24.1516285 29.3152790
v 34.6714096 22.8727722 27.8326473
v 35.7040596 22.8004017 26.5546093
v 36.6582718 21.4829655 26.3521729
v 38.6043625 20.2104759 24.5192070
v 39.5260124 18.9466209 24.0516071
v 41.2479477 17.5835705 22.1156235
v 42.8361740 15.9994631 20.2168293
v 44.5982018 13.6966991 17.9681644
v 46.9549026 10.4990940 13.5884686
v -47.7253113 8.6121235 12.1685934
v -46.2296600 10.9974279 15.5497503
v -43.3366508 15.0694265 19.8547077
v -42.7011948 15.7052259 20.7206554
v -41.4503098 16.8547974 22.3063641
v -39.7596741 18.2531319 24.2030621
v -36.0291977 21.1063614 27.4995518
v -35.0385170 22.2602081 27.8649769
v -34.0017014 22.2912369 29.0983105
v -31.8242207 23.6951523 30.4248962
v -30.6630402 23.9351921 31.4096870
v -29.6070290 24.1149406 32.2718048
v -28.8008633 25.0695667 32.2728195
v -27.7430859 25.4730968 32.8764343
v -26.4595509 25.9266109 33.5717430
v -25.0139904 26.4835625 34.2407608
v -23.5755692 26.3067513 35.3788261
v -22.2690849 27.3816662 35.4128151
v -20.9481354 27.1148109 36.4076271
v -19.6254902 28.1090965 36.3932915
v -16.8854523 28.7754059 37.2382355
v -14.1215363 29.6781597 37.6748047
v -12.8291616 29.5707264 38.2201996
v -10.2866907 30.1524086 38.5287132
v -2.8118265 31.0011864 39.1169472
v 0.0260679 30.7487602 39.4253044
v 7.3494105 30.6284828 38.8209457
v 10.2761145 30.2943230 38.4171677
v 12.9621191 29.8935013 37.9143715
v 19.3523560 28.4900646 36.2374420
v 21.3958473 27.6969395 35.7020836
v 24.1411114 27.0856495 34.3953934
v 25.6852360 26.0835114 34.0508652
v 26.8367500 26.3646278 32.9280014
v 28.0092373 25.4157372 32.7030983
v 29.0988617 24.4791584 32.4587021
v 29.9834538 24.6568012 31.5034084
v 33.6120605 22.8873100 29.0890369
v 34.6048470 21.6968403 28.8330193
v 35.6118813 21.6082249 27.6518574
v 37.6366539 20.1707878 26.0106754
v 38.6145859 18.9040070 25.5215836
v 40.4089699 17.6463413 23.5670757
v 42.0547714 16.2043533 21.6443806
v 43.5694923 15.6444225 18.8851166
v 44.0198135 14.4310436 18.8041630
v 45.2742310 12.8963213 16.8365974
v 46.5587502 10.5902748 14.8339348
v 48.3455544 7.5542450 10.2757883
v 48.7097054 6.0079198 9.5443897
v -48.8122063 5.4299936 9.3608370
v -47.2479515 9.1127043 13.5813427
v -45.6623802 11.0742188 17.0953655
v -45.0135307 12.5067654 17.8109989
v -43.6134644 13.5971365 20.3144321
v -42.1717682 15.6477022 21.8276520
v -40.6468124 16.8716125 23.7259197
v -38.6948013 18.3029556 25.8301182
v -37.6864624 18.9601803 26.8256378
v -36.9468689 19.9727230 27.1263447
v -35.0362968 21.0922298 28.7660503
v -32.8844719 22.3514996 30.3129482
v -31.5803852 22.4497871 31.5919189
v -28.5497074 24.2413864 33.1208305
v -27.1982231 24.4573326 34.0840912
v -25.8931370 25.2372723 34.5324631
v -24.8029213 25.1639194 35.3704376
v -19.6275063 26.8224030 37.3477478
v -18.2821770 27.7953930 37.3195381
v -16.9275150 27.4396858 38.2109604
v -15.3269749 28.4518070 38.1432877
v -13.8778095 28.7802944 38.4488945
v -12.8529358 28.4976082 39.0194397
v -10.2603321 29.0463562 39.3762703
v -7.5400267 29.8915234 39.3526840
v -2.8869886 29.8395042 40.0043335
v -0.0944633 29.6259747 40.2748451
v 7.3476787 29.5019608 39.6840935
v 10.2785835 29.1811867 39.2687035
v 13.0892868 28.8304234 38.6863670
v 15.4154291 28.6113071 37.9840813
v 16.6277771 28.5487099 37.5190468
v 19.1600628 27.3552132 37.2062759
v 20.4528503 27.4695110 36.4225159
v 21.8771152 26.5021915 36.3144341
v 23.2848473 26.3406677 35.5444756
v 24.6443024 25.4319420 35.2871246
v 25.9804974 25.0062675 34.6262474
v 26.9152336 25.2250767 33.7452621
v 28.0359211 24.3041897 33.5117264
v 30.2144127 23.5944710 32.0955734
v 31.3932877 22.6016426 31.6735935
v 33.6046181 21.6190968 30.0509186
v 35.4059639 20.6936588 28.5938301
v 36.4930458 20.1250305 27.6195469
v 39.5347099 17.6382809 25.0118694
v 41.2486992 16.3072815 23.0713501
v 42.8041687 14.8213310 21.1624622
v 43.5697899 14.4376488 19.8223228
v 46.0483017 10.5664644 16.3634510
v 47.9705696 7.7109966 11.8003693
v 49.2744904 4.2737002 7.3296514
v -48.4847260 6.7799344 10.1512623
v -46.7557716 9.4958839 14.9540129
v -45.0570107 11.0392017 18.6497707
v -44.3724823 12.3854666 19.4317551
v -42.8676872 14.6096506 21.1818104
v -41.4641075 15.5791864 23.1899815
v -39.7608185 16.8301983 25.2114201
v -36.9470749 18.8447533 27.9192276
v -36.0227051 19.9424267 28.3624420
v -35.0315666 19.8806095 29.6182632
v -33.9824409 21.0758610 30.0121269
v -32.8597107 21.0462399 31.2562771
v -30.3982468 23.1315861 32.2521667
v -29.5222168 23.1143818 33.0741730
v -28.4257298 23.1304646 34.0092201
v -26.0317116 24.0432644 35.2694626
v -23.5268536 24.9836922 36.3611031
v -22.2493935 26.0767536 36.3934097
v -20.9390621 25.8232136 37.3433990
v -19.6261024 25.5396481 38.2363701
v -18.3106728 26.5002003 38.2386551
v -15.6733027 26.9621143 39.0788574
v -12.9502897 27.3055363 39.8288918
v -10.2561512 27.8890476 40.2056160
v -7.4915476 28.1814957 40.6072998
v -5.9377465 28.7669201 40.4500504
v -2.9360194 28.6096821 40.8896866
v -0.1743811 28.5949860 41.0102463
v 7.3477716 28.3503284 40.5148201
v 10.2809639 28.0413246 40.0900192
v 13.1268845 27.6612415 39.5190468
v 17.3302288 25.9903603 39.0295105
v 21.7816887 25.0683613 37.3718262
v 23.1953545 25.2405434 36.3939629
v 25.7482338 24.1244926 35.4196510
v 26.9310265 24.1551132 34.5073204
v 28.0365868 23.1763306 34.2991333
v 29.1614628 23.3440857 33.2317619
v 30.3062801 22.3401451 32.8965454
v 32.5468864 21.4620857 31.3045540
v 34.6142044 20.5214081 29.6738605
v 35.6294212 19.5505257 29.1193619
v 37.6472626 18.8031197 26.9996567
v 38.6247559 17.5708141 26.4405060
v 40.4074898 16.3344727 24.4969044
v 42.0408745 14.9531174 22.5535355
v 43.4962997 13.4966793 20.6337643
v 44.8574066 12.2524433 18.3698254
v 47.0596771 9.2559652 14.1306782
v 47.5459938 7.8120747 13.3493633
v -49.5326805 2.5742855 6.2765665
v -48.1064377 7.0226665 11.6728582
v -42.2333412 14.3855276 22.5665092
v -40.6579475 15.4892349 24.6317787
v -38.8552132 16.6627388 26.6908245
v -37.8801041 17.8110485 27.3431759
v -37.0020981 17.6034203 28.6498489
v -36.0329971 18.7339649 29.1636696
v -33.9809914 19.7962627 30.8743744
v -31.7309952 20.9324341 32.4773331
v -30.5796223 22.0657616 32.8255157
v -29.5291843 21.9772873 33.8370781
v -28.4454288 21.9252911 34.7802505
v -27.3000870 22.9925480 35.0084152
v -26.2066936 22.4739265 36.1586227
v -24.8014297 23.8165474 36.2940941
v -23.4815807 23.6658192 37.2581100
v -22.2212582 24.7766399 37.3077240
v -20.9156570 24.5481682 38.2059555
v -18.3256435 25.2381496 39.0771103
v -17.0453663 26.1452885 39.0540771
v -15.9865370 25.8134251 39.7181168
v -14.4926977 26.2110710 40.0285225
v -10.2625608 26.7174110 40.9919472
v -7.6263123 26.9092636 41.4375229
v -6.2139549 27.4683266 41.3012695
v -2.8335238 27.3234005 41.7692604
v 7.3487034 27.1753845 41.3119469
v 10.2810345 26.8767567 40.8798943
v 13.1214695 26.4906673 40.3150444
v 15.8035460 25.8930855 39.7382050
v 18.9173470 26.0605412 38.2431145
v 20.2604332 24.6923809 38.4629974
v 21.7808304 23.7301579 38.2365036
v 23.0981712 23.9469833 37.3195457
v 24.4443798 24.0957699 36.3499031
v 25.6174526 22.9580002 36.2801170
v 26.8572102 23.0580845 35.3090668
v 27.9921150 22.0028019 35.0993385
v 29.1772652 22.1517258 34.0274086
v 31.4520378 21.2636127 32.5339966
v 33.6346436 20.3304157 30.9057980
v 34.6973877 19.2367287 30.4263191
v 36.6937904 18.5474567 28.4510288
v 37.7028236 17.4223328 27.8322525
v 39.5297928 16.3075352 25.9067135
v 41.2388496 14.9977961 23.9606037
v 42.7820854 13.6204786 21.9986420
v 45.1232491 10.9397964 18.5365410
v 46.5907211 9.2334232 15.6155586
v 48.3670235 6.1177621 11.0912695
v -49.3503227 3.3116324 7.2973194
v -47.6263809 7.3838429 13.2963829
v -47.1424026 8.2424383 14.4652214
v -45.6514206 9.6981335 17.9392300
v -44.4260712 10.8494825 20.2085819
v -43.7228127 12.0926361 21.0215263
v -41.4862251 14.2197399 24.0083847
v -39.7933922 15.3577862 26.0834293
v -37.9598007 16.4377537 28.0822182
v -36.0487442 17.4487190 29.9287529
v -35.0369415 18.6119957 30.4275818
v -33.9807014 18.4587231 31.6906853
v -32.8772316 19.6788216 32.1194115
v -31.7181664 19.5613575 33.3295822
v -30.6216030 20.8141651 33.5962982
v -29.5062962 20.7892227 34.5970535
v -28.3932972 20.7885971 35.5142174
v -27.5044060 21.8279476 35.5871239
v -24.7274494 22.4606094 37.2011604
v -23.3706665 22.3615036 38.1214523
v -22.1666622 23.5042553 38.1560631
v -20.8663692 23.3099060 38.9987717
v -19.6083336 24.2855759 39.0545425
v -18.2965794 24.0022087 39.8602829
v -17.0440731 24.9544792 39.8260574
v -15.6658468 24.8250046 40.4706993
v -13.9986382 24.7359314 41.1304321
v -12.5509272 25.1426430 41.3521423
v -10.2714138 25.5638733 41.7182693
v -7.7621608 25.6978264 42.1745415
v -6.4399948 26.2464695 42.0548515
v -2.6439462 26.0186119 42.6099777
v 7.3489199 25.9781151 42.0750771
v 10.2795095 25.6901989 41.6361732
v 13.0987625 25.3174381 41.0691071
v 15.4637842 24.9054890 40.4941254
v 19.5360527 23.4910088 39.5679398
v 20.7649155 23.3946590 38.9976997
v 22.9946899 22.6400776 38.1864471
v 24.3270512 22.8244247 37.2430153
v 26.7639732 21.8741302 36.1262245
v 27.8938656 20.7634392 35.9220238
v 29.1401386 20.9224987 34.8261490
v 30.3203583 21.0789680 33.7049103
v 31.4556026 19.9578209 33.3468399
v 32.5717659 20.1349926 32.1455917
v 33.6697655 18.9929008 31.7074356
v 35.7734032 18.1542397 29.8416367
v 36.8132973 17.1404095 29.1637764
v 38.6284370 16.2373238 27.2748413
v 40.3900833 14.9870119 25.3722286
v 42.0290642 13.6595545 23.3814163
v 46.0492668 9.1911755 17.1704216
v 47.0899048 7.8240395 14.8718204
v 49.0084724 4.4248939 8.8577652
v 49.4749794 2.7824979 6.6481533
v -49.0993881 4.2775626 8.4050350
v -46.7473946 8.2353716 15.7079668
v -42.9847641 13.2551231 21.8303604
v -42.2740631 13.0071459 23.3120804
v -40.6664658 14.0585814 25.4614964
v -38.8968887 15.1947451 27.4933701
v -37.0286102 16.2680836 29.3928719
v -36.0565300 16.1067734 30.6640110
v -35.0407104 17.2797451 31.1967659
v -32.8488884 18.2813892 32.9603081
v -30.5405922 19.5869713 34.4002228
v -29.4112778 19.6392365 35.3380890
v -27.1859913 20.9171181 36.3753166
v -25.8540497 21.1482563 37.2043228
v -24.5418034 21.1833591 38.0576172
v -23.1285591 20.9692593 39.0480728
v -22.0444508 22.2799339 38.9528198
v -20.7938271 22.1275539 39.7177315
v -19.5752144 23.0523300 39.8126183
v -18.2529087 22.7376308 40.6139450
v -16.9378719 23.7331276 40.6120758
v -15.4749222 23.4846039 41.3386917
v -14.0361576 23.2277775 41.9860001
v -12.7566166 24.0941029 41.9099045
v -10.2805023 24.4146729 42.3979797
v -7.8958764 24.6156349 42.7887688
v -6.5669718 24.9611301 42.8119812
v -2.4033308 24.9231091 43.2745972
v 0.0427947 24.7735081 43.4293823
v 7.3480682 24.7590694 42.8039131
v 10.2781630 24.4832935 42.3574448
v 13.0975065 24.1306934 41.7777863
v 15.6704903 23.8529911 41.0429611
v 18.0525360 23.4258862 40.3052330
v 19.0671730 22.1269894 40.5758476
v 20.4885883 22.4250259 39.7120552
v 21.7107220 22.5198517 39.0020981
v 22.7429504 21.2205276 39.1371689
v 24.2140503 21.5168285 38.0841866
v 25.5066509 21.7288399 37.1051865
v 30.2892342 19.8075657 34.4963303
v 32.5717430 18.7913685 32.9528465
v 33.6737709 17.5889244 32.5024643
v 34.7701645 17.8252697 31.1939182
v 35.9471970 16.5266628 30.5629559
v 36.9812050 15.9519939 29.6199627
v 37.7410927 16.1137047 28.5603085
v 38.5938492 14.9241810 28.0668182
v 39.5002480 14.9603834 26.7530632
v 41.2197075 13.6362982 24.7934818
v 42.7734299 12.3554182 22.7499275
v 43.4803009 12.3306189 21.3843613
v 44.6928101 10.4364901 19.8312111
v 47.9787216 6.2490273 12.6037283
v -48.8506279 3.9253569 9.9082489
v -48.4525642 5.3016653 11.1306467
v -46.1753578 8.1431627 17.3576164
v -45.0634346 9.6156673 19.4088726
v -43.7558174 10.5800772 21.7533627
v -43.0310898 11.8115425 22.5513115
v -41.4944687 12.7939796 24.7833023
v -39.7926369 13.8952875 26.8923340
v -37.9758263 15.0436764 28.8321915
v -35.0438652 15.9126329 31.9145927
v -33.9801292 17.0727272 32.4608574
v -31.5299892 18.1134663 34.3115387
v -30.2970352 18.6404667 35.1303711
v -28.2453270 19.6086369 36.2940598
v -26.8265705 19.5966759 37.3586807
v -25.5156040 20.1735725 37.9671478
v -24.5112228 19.8963985 38.7641983
v -21.7922192 21.3141747 39.6248131
v -20.8058319 20.9439297 40.3482246
v -19.5583801 21.8060036 40.5177002
v -18.2410755 21.4099827 41.3335266
v -16.8490620 22.3836441 41.4085655
v -15.2603378 21.9453049 42.2467422
v -13.8215237 22.1628513 42.6260872
v -12.7761889 22.8942909 42.5714645
v -10.2691212 23.2328148 43.0592995
v -7.7890754 23.6283112 43.3588104
v -2.7091718 23.8724251 43.8401108
v -0.0321264 23.5050850 44.1294022
v 7.3468432 23.5191574 43.4977417
v 10.2775536 23.2572117 43.0429802
v 13.0994549 22.9226093 42.4520493
v 15.8737497 22.4954815 41.7277641
v 16.8026524 23.3104210 40.9113808
v 19.3858910 20.8060341 41.1159286
v 20.3926315 21.2534885 40.4005852
v 21.3985844 21.5887966 39.6892357
v 24.1913033 20.1378384 38.8419304
v 25.4073143 20.4985256 37.8647881
v 26.3766499 19.6688366 37.6388016
v 29.0279217 18.2986355 36.3603592
v 30.2243443 18.5090961 35.2640266
v 31.4147644 18.6358509 34.1386719
v 32.5179825 17.3769836 33.7676582
v 34.7611160 16.3603325 31.9936485
v 37.6795616 14.8727608 29.3051701
v 40.3385773 13.5844975 26.2312450
v 42.0204391 12.3042927 24.1375809
v 43.4610100 11.1266155 22.0733318
v 44.0103989 11.2056093 20.9074745
v 45.4402504 9.1234369 18.7575874
v 46.5921974 7.8218932 16.3638344
v 47.5414581 6.3241439 14.1312933
v 48.6958084 4.5539470 10.3869772
v 49.7982979 1.2299956 4.2556353
v -48.0249596 6.0019679 12.5339231
v -47.6970215 5.8031116 13.8261080
v -47.2374802 7.0090656 14.8093662
v -45.7452316 7.3379130 18.7939911
v -44.4501686 9.3074484 20.9097252
v -43.0355415 10.3204012 23.2620621
v -42.2848358 11.5593739 24.0429287
v -40.6525230 12.5900593 26.2409420
v -38.8789940 13.7665443 28.2619686
v -37.0294151 14.9103804 30.1069088
v -32.8518639 16.8247566 33.7266426
v -30.5137882 17.4722023 35.5424385
v -29.3619003 18.4469051 36.0138092
v -28.1614609 18.2507591 37.0602570
v -26.9165134 18.0339031 38.0734673
v -25.7278328 19.0000095 38.4285278
v -23.3676338 19.4304924 39.6997185
v -22.0631065 20.2040768 40.0565224
v -20.9067326 19.6578598 40.9392891
v -19.5877056 20.5077133 41.1775093
v -18.2741604 20.0322628 42.0031433
v -16.8631191 20.9443073 42.1524582
v -14.1274319 21.0336342 43.1004829
v -12.8156958 21.7005901 43.1795044
v -10.2544498 21.9951191 43.7080040
v -7.3385038 22.4285297 44.0706329
v -5.9662023 21.6104355 44.6815834
v -2.9336712 22.6177921 44.4841423
v -0.1169520 22.2464657 44.7759247
v 7.3459229 22.2590847 44.1559906
v 10.2783175 22.0126610 43.6923637
v 13.0996904 21.7044716 43.0873985
v 15.4657583 21.4160328 42.4414520
v 18.1494884 20.9951935 41.5806770
v 21.6113377 20.4539280 40.1746521
v 22.9540367 19.6161404 39.8504677
v 25.4382896 19.2391949 38.5016556
v 26.6699467 18.5270176 38.0135880
v 27.9227085 17.8283291 37.4433670
v 29.0364380 17.0044861 36.9799576
v 30.1097374 17.2205353 36.0030060
v 31.3028564 17.2780437 34.9477158
v 35.7260475 15.1214790 31.5387878
v 36.7225266 15.0167465 30.4278927
v 38.4977150 13.6338997 28.8387585
v 39.4118729 13.6247149 27.5845165
v 41.1862984 12.1929054 25.5896797
v 42.7800980 11.0190449 23.4138985
v 43.5003090 9.7810717 22.6245689
v 46.0537071 7.7230983 17.8664818
v -46.7847900 6.8294034 16.2615757
v -41.4840622 11.3146229 25.5099716
v -39.7390976 12.4181194 27.6838417
v -37.9475021 13.6812687 29.5420246
v -36.0524826 14.7552938 31.3402176
v -35.0462570 14.5484848 32.5541954
v -33.9868126 15.6651897 33.1541519
v -32.8842049 15.3601208 34.3860168
v -31.7185593 16.4848518 34.9537277
v -30.6082363 16.0899010 36.1084175
v -29.3876038 17.1039200 36.6521797
v -28.0433769 16.7000370 37.8671646
v -25.8005581 17.7029457 38.9936981
v -24.6280708 18.5550938 39.3533287
v -23.4976215 18.0332870 40.2769585
v -22.2183285 18.8503399 40.6296501
v -19.6399193 19.1437206 41.8043556
v -16.9602680 19.5034904 42.7981796
v -15.5473814 20.3283958 42.9485130
v -14.3211679 19.6146355 43.6984711
v -12.9253912 20.4132614 43.7691841
v -10.2603388 20.7053871 44.3323479
v -7.4709253 20.9442482 44.7734680
v -6.0906363 20.2546539 45.2948380
v -3.1047421 21.3446922 45.0966415
v -0.2157297 20.9793282 45.3820229
v 7.3467426 20.9783306 44.7785568
v 10.2813711 20.7490520 44.3057098
v 13.1299295 20.4619198 43.6822701
v 15.8047476 20.3231659 42.8512764
v 19.0115528 19.5512600 41.9042587
v 20.4218369 19.9524593 41.0426483
v 21.7283802 19.0412998 40.8047218
v 23.0778770 18.1140251 40.4830818
v 24.2919235 18.7033482 39.4925194
v 25.5979595 17.8453789 39.0656281
v 26.9013557 17.1054802 38.5121536
v 29.0186100 15.9547014 37.4581184
v 29.9108334 16.0183887 36.7149734
v 32.3650742 15.7663689 34.6911278
v 33.6358376 16.1110592 33.2989311
v 34.7110558 14.9202242 32.7469788
v 36.4534721 14.0620823 31.1903973
v 37.4635315 13.5154285 30.2205486
v 39.2193565 12.5654287 28.3430538
v 40.1840515 12.0272236 27.2046432
v 42.0197983 10.8750734 24.8155441
v 44.1375542 10.0059710 21.2509270
v 44.8280640 8.8248606 20.3084946
v 47.0596504 6.4300699 15.6200066
v 48.3367653 4.7392244 11.8770266
v 49.2336655 2.9266648 8.1979036
v -46.3211327 6.4924645 17.6588440
v -45.1132088 8.1788073 19.9387817
v -43.7523384 9.0259295 22.4494305
v -42.2731895 10.0683575 24.7247849
v -40.6095505 11.0644922 26.9863873
v -38.7880440 12.4029093 29.0076370
v -37.8771133 12.4120140 30.1813145
v -37.0060425 13.5818748 30.7543907
v -36.0452919 13.4302807 31.9403000
v -34.0057335 14.2638531 33.7637291
v -30.6618347 14.7208805 36.6448441
v -29.4602108 15.6608725 37.2363968
v -26.7681656 16.9375916 38.6753731
v -25.8934078 16.4536400 39.4769707
v -24.7264099 17.2147255 39.8999634
v -23.5994053 16.6285343 40.8160820
v -22.3420696 17.4526424 41.1817513
v -20.9995575 18.2574482 41.5343323
v -19.6750813 17.7142010 42.4103813
v -18.3165607 18.6386414 42.6214027
v -17.0370693 18.1359444 43.3627663
v -15.7286434 18.8845196 43.5360374
v -14.5649433 17.9836140 44.3121414
v -13.0201473 19.0023994 44.3727188
v -10.2721539 19.3785419 44.9258347
v -7.5209308 19.5918827 45.3735199
v -6.1782637 18.8941326 45.8669167
v -3.2089133 20.0341949 45.6866493
v -0.3364003 19.7056389 45.9476738
v 7.3532629 19.6760559 45.3649254
v 10.2855330 19.4662189 44.8832283
v 13.1653595 19.1789074 44.2505226
v 16.2499352 18.7950745 43.3852272
v 18.0341053 18.4844513 42.8066216
v 20.4719257 18.5313396 41.6768761
v 21.8228722 17.5806961 41.4066849
v 23.1913757 16.5027657 41.1008301
v 24.4177055 17.2286129 40.0827217
v 25.7720070 16.1853542 39.6632423
v 31.6441135 14.8336582 35.7499161
v 33.6433258 14.5819016 33.9906883
v 34.7126122 13.4979067 33.3545914
v 35.6742973 13.8211374 32.1894073
v 38.4922829 12.2782497 29.4491234
v 41.1877480 10.6481304 26.2678185
v 42.7932014 9.6068029 24.0041676
v 44.1919212 8.5544930 21.7663460
v 45.4695740 7.5173101 19.3866234
v 46.5657730 6.4429097 17.0295792
v 47.9446411 4.8569674 13.3291359
v 49.6144142 1.3384913 6.0028424
v -49.6476593 1.3778980 5.7196455
v -49.4324684 1.6225498 7.3122478
v -49.1560364 2.7888060 8.7070646
v -48.5305634 3.5400794 11.4960728
v -48.1267204 4.6475096 12.7321997
v -47.2769318 5.5815320 15.2860403
v -44.4892273 7.5558777 21.5224571
v -43.0049667 8.8145208 23.9304733
v -41.4663239 9.7899704 26.1619568
v -39.5587425 10.8233309 28.5905952
v -36.9788170 12.2946301 31.3265572
v -36.0305023 12.1249094 32.4732819
v -35.0622749 13.2132568 33.1021881
v -34.0991707 12.8975592 34.2110291
v -32.8539391 13.8278389 35.0606155
v -29.5754719 14.2025814 37.7249718
v -28.3383827 15.0798788 38.3330956
v -27.0770588 15.7983122 38.9454422
v -26.0507221 15.1822138 39.8794708
v -24.8377895 15.8603611 40.3894424
v -22.5305843 16.2008972 41.5859261
v -21.1265564 16.6664982 42.1356201
v -19.6190662 16.2570267 43.0151138
v -18.3074837 17.2338448 43.2137985
v -16.9721966 16.7911053 43.9262657
v -15.9766808 17.6895084 43.9427986
v -13.0138178 17.5479698 44.9703789
v -10.2727680 18.0272999 45.4853516
v -7.5530000 18.2531967 45.9232712
v -6.3607001 17.7194595 46.3096771
v -3.2465031 18.6503868 46.2664871
v -0.4427199 18.4518871 46.4634056
v 7.3688502 18.3533802 45.9136848
v 10.2891922 18.1664486 45.4240875
v 13.1676559 17.8774185 44.7917061
v 15.9459782 17.3850918 44.0787773
v 17.3807793 17.4111786 43.5206795
v 19.3741741 18.1255112 42.3744926
v 20.5084133 16.9833775 42.3138313
v 21.8980083 16.3467159 41.8684044
v 24.5026588 15.9629250 40.5520363
v 25.1733208 14.8285284 40.5675392
v 27.2494526 15.6449337 38.8831902
v 28.4433632 15.2008152 38.1996384
v 29.5353680 14.9332972 37.4699249
v 30.6455326 14.8261347 36.6102486
v 32.6075706 14.0561581 35.1976013
v 33.6998024 13.0787039 34.5380974
v 35.7190475 12.4755526 32.6842918
v 36.6256180 12.8665991 31.5062618
v 37.6193390 11.8931627 30.7109356
v 39.4135513 11.2821283 28.6197643
v 40.3400879 10.2521448 27.7019348
v 42.0276184 9.3901424 25.4015121
v 43.5167999 8.3554535 23.1582642
v 46.0426636 6.2365241 18.4661217
v 47.4603577 4.7847857 14.9778824
v 48.9560966 3.0883865 9.6710978
v -47.7263374 4.3113189 14.2680235
v -46.8115234 5.3723817 16.7215481
v -43.6728172 7.5079079 23.1569462
v -42.2449188 8.5705633 25.3318233
v -40.5934982 9.4537525 27.6149101
v -38.5770645 11.3732815 29.6959763
v -37.8403244 11.1736698 30.7073364
v -36.9412308 10.9977264 31.8442612
v -35.0697365 11.9081697 33.5866127
v -34.2371559 11.7404280 34.4864235
v -32.1352081 12.7812567 36.1022644
v -30.8059959 13.2127390 37.0959206
v -28.4891510 13.6268969 38.7586403
v -27.2564602 14.4014874 39.3611641
v -26.0989952 13.8566303 40.3267059
v -25.0864601 14.6860523 40.6751099
v -23.6107502 14.9432182 41.4601440
v -21.9474888 15.2602406 42.2495728
v -20.7124901 15.4197187 42.8127823
v -19.6508312 14.6420498 43.5772667
v -18.2295799 15.7518282 43.8123207
v -16.6626034 15.2452641 44.6003494
v -15.6240425 16.6196976 44.4869652
v -14.2720404 16.4855213 44.9894905
v -12.9272985 16.1219749 45.5250130
v -10.2665510 16.6658535 46.0036812
v -7.4580503 16.7854691 46.4974976
v -3.1315191 17.2162399 46.8275719
v -0.3776215 17.1734066 46.9509583
v 7.3979011 17.0215683 46.4195595
v 10.2923422 16.8528957 45.9269600
v 13.1597061 16.5768013 45.2914772
v 15.8741131 16.1713409 44.5628281
v 16.9337692 16.5039349 44.0440178
v 18.8837318 14.5228596 43.9554901
v 21.2658081 15.4671545 42.5185547
v 22.6180630 15.2451668 41.8965645
v 23.9000797 15.0375872 41.2549400
v 26.4732227 14.5883350 39.8207550
v 27.7507820 14.2188921 39.0794678
v 28.9615726 13.8810768 38.3160248
v 30.1725082 13.6280127 37.4632607
v 32.6941223 12.5587692 35.6783257
v 34.7439728 12.0874243 33.8610535
v 36.7126083 11.4786549 31.9433002
v 39.5004692 9.7796059 29.0492802
v 41.2194099 9.0786772 26.8007221
v 42.7964478 8.1533298 24.5306950
v 44.8423462 7.2909102 20.8764458
v 46.9554329 5.3549590 16.3145638
v -48.8779602 2.4158967 10.2441444
v -46.3994408 5.1768074 17.8823986
v -44.8285179 5.7855573 21.3637104
v -42.9321442 7.3541112 24.5477219
v -41.4562569 8.2465706 26.7048225
v -39.6763344 8.9796114 29.0655003
v -38.7132111 10.1029711 29.9791908
v -37.8007889 9.8512125 31.2022972
v -36.8722687 9.6605253 32.3542213
v -35.9816322 10.7943335 32.9959145
v -34.9155846 10.5300322 34.1995010
v -33.7561684 10.9460640 35.2150574
v -32.6423798 11.4014425 36.1087837
v -31.4685860 11.8072405 37.0088348
v -30.4346771 12.0187464 37.7977524
v -28.6680832 12.3968735 39.0355530
v -27.3950615 12.7895517 39.8171921
v -24.8232307 13.5603971 41.2269936
v -23.5106354 13.1956024 42.1028214
v -22.4656811 14.0688553 42.3884773
v -21.2085609 14.2139597 42.9836540
v -18.1417141 14.2219992 44.3642693
v -15.2587500 15.5349169 45.0005150
v -14.1798086 15.1269026 45.4951973
v -12.8440046 14.6522369 46.0420723
v -10.2198229 15.2942400 46.4890709
v -7.9512887 15.5736847 46.8338394
v -6.6923928 15.4846640 47.0631104
v -2.9441466 15.8285027 47.3276482
v -0.2400671 15.7706490 47.4423218
v 7.4217463 15.6950045 46.8810234
v 10.2941771 15.5268526 46.3916664
v 13.1614819 15.2688026 45.7485161
v 17.3473778 14.0019560 44.7455902
v 20.6475334 14.3314819 43.2174606
v 22.0502663 14.1824570 42.5674515
v 23.2921810 13.9871426 41.9673004
v 24.5252190 13.7229986 41.3485909
v 25.7860451 13.4544611 40.6643600
v 27.0439796 13.1457214 39.9421616
v 28.2871475 12.7944775 39.1884384
v 29.5324097 12.4542894 38.3691711
v 30.7967434 12.1684666 37.4554520
v 31.8573532 11.9747372 36.6228561
v 33.7416115 11.6292257 35.0131493
v 34.7801247 10.6751451 34.2919846
v 35.7595367 11.0998087 33.1322708
v 36.7521553 10.0979805 32.3566856
v 37.6860199 10.4506912 31.1496811
v 40.3846474 8.6873121 28.1663494
v 42.0312843 7.8868856 25.9017506
v 44.1869392 7.1074848 22.2894955
v 45.4433136 5.9776483 19.9772549
v 46.5582886 5.0651298 17.5103359
v 48.2488289 3.6958387 12.5705223
v 48.6134300 3.1237946 11.2520571
v -48.1554985 3.1094666 13.0881872
v -47.2552528 4.1317043 15.8049850
v -44.1875648 6.3445649 22.5097122
v -42.2060738 7.1322169 25.8382072
v -40.6226387 7.8081589 28.0824852
v -38.6426163 8.4165592 30.5833416
v -37.6237907 8.6992693 31.7508869
v -35.9142189 9.4088879 33.4844437
v -33.1264877 9.9975586 36.0840225
v -31.9615936 10.4309063 37.0012970
v -30.7578907 10.8173532 37.9015236
v -26.9336586 11.2932634 40.5753098
v -25.9352436 12.4720993 40.8834915
v -24.6510849 12.1723919 41.7598724
v -22.0257454 12.7217731 43.0441742
v -20.4164810 13.1466284 43.6991386
v -19.1946297 13.3877602 44.1768341
v -18.2231560 12.7339582 44.7809067
v -16.8652020 13.5392971 45.0773201
v -15.4769726 14.3042030 45.3358421
v -14.2019138 13.6981659 45.9397240
v -12.8055105 13.0822287 46.5226974
v -10.0085888 14.1318960 46.9018211
v -7.6847129 14.4601727 47.2315521
v -6.0751014 14.0260525 47.5999794
v -2.9828832 14.4755602 47.7561302
v -0.1909296 14.2717123 47.9165573
v 7.4086757 14.3629255 47.3079109
v 10.2928305 14.1870499 46.8190651
v 13.1617661 13.9434824 46.1696815
v 15.9559479 13.5674791 45.3954391
v 18.6734600 12.9218769 44.5381355
v 20.1690197 13.0365562 43.8503265
v 21.6285553 13.0170145 43.1547775
v 22.7329063 13.1143408 42.5492363
v 23.8064842 12.7018805 42.0850296
v 25.0727882 12.3725767 41.4444313
v 26.3295403 12.0600805 40.7529182
v 27.5697308 11.7075930 40.0281181
v 28.8194637 11.3000078 39.2563896
v 30.1268635 10.9080620 38.3769531
v 31.5718136 10.5539188 37.3006935
v 32.7384872 11.0988655 36.1170464
v 33.7905464 10.1774778 35.4138680
v 34.8498154 9.2151461 34.6444473
v 35.8026428 9.7132626 33.5184746
v 36.7859001 8.7356625 32.7144165
v 37.7113838 9.0586948 31.5515137
v 38.6238518 9.3875456 30.3278084
v 41.2258377 7.5465984 27.2617168
v 42.7882843 6.6862068 24.9854298
v 43.5071869 6.9251380 23.6434422
v 46.0213394 4.7177949 18.9647999
v 47.9369125 3.4620495 13.7825031
v 49.3903885 1.4414213 7.6104665
v -46.7139435 3.7905271 17.4120464
v -43.5369301 5.9037361 23.8583355
v -41.4638290 6.7111006 27.1194916
v -39.7353630 7.2590113 29.4649220
v -36.8054886 8.1140451 32.8475761
v -35.0943222 9.1822939 34.4068336
v -34.2126656 9.5892000 35.1703224
v -25.6286602 11.1186008 41.4606705
v -24.5166073 10.9806700 42.1652679
v -23.4387131 11.6864529 42.5872498
v -22.2084503 10.9883509 43.4235725
v -20.8535290 11.7266150 43.9025879
v -19.5316639 12.1832380 44.3806458
v -18.5494728 11.1044598 45.0755959
v -17.0175037 11.9950037 45.4568100
v -15.6033955 12.8260927 45.7325211
v -14.2772484 12.1959343 46.3377991
v -10.1638021 12.9307671 47.2106209
v -7.5160880 13.1018095 47.6536903
v -6.1031871 12.4917126 48.0197639
v -3.3396592 12.9391394 48.1729050
v -1.6541327 13.5875683 48.0786438
v -0.1679768 12.7489700 48.3452644
v 7.3758054 13.0016994 47.7047920
v 10.2887440 12.8308029 47.2096710
v 13.1536360 12.5997915 46.5566711
v 15.9146852 12.2260971 45.7894096
v 17.2694359 12.6193609 45.1841888
v 18.4268894 11.5810184 45.0052910
v 19.7973480 11.6739111 44.3978615
v 21.2512589 11.6988955 43.7134094
v 22.8084717 11.7683334 42.9022026
v 24.3034039 11.3355007 42.1975441
v 25.5938873 11.0011930 41.5193596
v 26.8553162 10.6426468 40.8077126
v 28.0969410 10.1984653 40.0759010
v 29.3701878 9.6900740 39.2793999
v 32.8108673 9.6131191 36.4778175
v 33.8616257 8.7001743 35.7366295
v 35.8820534 8.3163948 33.8048935
v 37.7196159 7.6980572 31.9009495
v 38.6314201 7.9743080 30.7214451
v 39.5230560 8.2991867 29.4747944
v 40.3850555 7.1790805 28.5873680
v 42.0209236 6.3779635 26.3310623
v 43.4894524 5.5059018 24.0460701
v 44.1450806 5.7446284 22.7611160
v 44.7891541 5.8487215 21.4376621
v 47.0514336 4.0674443 16.4173298
v 47.5330734 3.0720038 15.2026310
v -49.1734657 1.3012555 8.9474850
v -48.5449066 2.0540764 11.7906027
v -47.6733093 2.6802583 14.8259430
v -46.1364441 4.2515163 18.7885132
v -45.0403023 4.1615129 21.3055573
v -42.7878685 6.1992073 25.1049156
v -42.2196503 5.7254076 26.1641712
v -40.6545219 6.1833119 28.4375343
v -38.8509560 6.5738783 30.7761745
v -37.8773727 7.4013901 31.7860622
v -35.6706009 8.0884953 34.0825424
v -34.6551476 8.2613935 35.0750084
v -32.4438477 8.9681559 36.9624748
v -31.6476421 8.0048885 37.8664742
v -29.9033909 9.6869841 38.8737488
v -28.7159824 9.0350609 39.9132500
v -27.7893391 10.0653811 40.3183594
v -26.4992332 9.8980999 41.2197304
v -25.1615276 9.8805437 42.0564613
v -23.6680107 10.0225039 42.8844376
v -22.2400131 9.4217262 43.7735977
v -20.9802322 10.3027000 44.1983643
v -19.9225368 11.0212040 44.5060692
v -17.0729141 10.4924288 45.8033028
v -15.6995106 11.3450308 46.0885048
v -14.3756704 10.7108812 46.6702614
v -12.9446554 11.5175266 46.8946991
v -10.2235441 11.5362663 47.5573349
v -7.4546161 11.6996021 48.0272827
v -5.9964848 11.1041937 48.3731651
v -3.1259029 11.2919827 48.6008949
v -1.6671356 12.0493193 48.4864197
v -0.1486535 11.2279501 48.7195015
v 7.3549738 11.6071444 48.0663300
v 10.2841578 11.4550695 47.5632896
v 13.1399345 11.2378349 46.9079590
v 15.8753910 10.8766193 46.1422691
v 17.1576176 11.3100767 45.5712166
v 19.3597527 10.3810682 44.9099998
v 20.7782898 10.3503418 44.2796402
v 22.2226162 10.3307228 43.5749092
v 23.5966587 10.2399654 42.8673515
v 24.8524609 9.9770412 42.2160606
v 26.0981102 9.6036806 41.5454865
v 27.4160995 9.1718292 40.7850266
v 30.7045536 9.2846651 38.3446465
v 31.9634094 8.7598143 37.4311295
v 32.9775925 8.2859135 36.6484299
v 34.9977684 7.5334072 34.8957138
v 36.8241463 7.4179082 32.9926643
v 39.5134697 6.8505678 29.8593616
v 41.2081642 6.0258403 27.6646652
v 42.7709503 5.2034554 25.3664169
v 45.3279686 4.3484268 20.6425934
v 46.5751190 3.6090205 17.8224754
v -47.1758385 2.9429107 16.2913017
v -45.6845779 3.4424369 20.0233269
v -44.3295975 4.8978686 22.5981064
v -42.9523849 4.9192042 25.1145020
v -41.4902039 5.1763716 27.4124660
v -39.7992859 5.5723791 29.7431183
v -37.9829712 5.8650484 31.9780998
v -37.1990852 6.6999202 32.7256203
v -35.1261635 6.7769003 34.9250565
v -34.1039085 7.3849936 35.8059158
v -32.9775963 7.2729101 36.8676834
v -29.7070122 8.1277905 39.3835487
v -27.4298515 8.4581718 40.9339485
v -25.9552059 8.5756788 41.8656311
v -24.6328430 8.6547165 42.6397552
v -23.4060879 8.4219208 43.3678436
v -22.2053108 7.8510060 44.1018791
v -20.9256210 8.8111010 44.5435104
v -19.6957722 9.8232441 44.8883553
v -18.3141365 9.5135527 45.5381470
v -17.0087624 9.0964260 46.1244202
v -15.7439175 9.9049702 46.4041824
v -13.0431223 10.0395632 47.2055931
v -10.2635260 10.1120005 47.8718300
v -7.3470325 8.5779104 48.7010994
v -3.0177681 9.7950306 48.9302902
v -0.1323460 9.7128105 49.0428314
v 7.3473067 10.1860161 48.3888283
v 10.2803373 10.0573273 47.8793564
v 13.1210213 9.8591089 47.2223663
v 15.8392210 9.4882488 46.4606133
v 17.1590424 9.9731665 45.8818398
v 20.2223949 9.0258627 44.8241119
v 21.6954060 8.9567251 44.1471291
v 23.1117306 8.9810190 43.4159622
v 24.2159615 9.0915718 42.7836914
v 25.2735100 8.6109762 42.2696457
v 26.5498524 8.1692085 41.5662231
v 27.6705570 7.8484068 40.8896790
v 28.6633968 8.4680519 40.0741348
v 30.0219421 8.1316805 39.1408806
v 31.2107868 7.7169132 38.2869987
v 32.5150757 7.0463057 37.3190804
v 33.7807693 7.2307510 36.1413536
v 36.0586739 7.1157651 33.8895531
v 36.7968559 6.1520548 33.2820511
v 37.7058220 6.3623810 32.2106209
v 38.6158829 6.5870867 31.0674248
v 40.3569870 5.6908240 28.9612980
v 41.9925995 4.8491664 26.7005577
v 44.1312408 4.4200249 23.0803699
v 44.6474495 4.7505684 21.9897327
v 46.0161667 3.1601584 19.2986298
v 47.0806580 2.5932693 16.6292229
v 48.3179207 2.4691968 12.6154175
v 48.6603813 1.5674406 11.3823395
v 48.8844566 2.0256665 10.2819700
v -43.7069702 4.0965242 23.9339008
v -43.0142975 3.3810134 25.2607174
v -42.2733727 4.2546191 26.3545895
v -40.6839752 4.5811982 28.6960812
v -36.9400368 5.3301692 33.2665024
v -35.9024391 5.6907415 34.3254471
v -34.0637817 6.0990620 36.0854492
v -31.8391819 6.4155078 38.0117798
v -30.7593555 5.7056484 38.9997444
v -29.6799259 6.6217203 39.6837997
v -27.7057705 6.9520817 41.0293388
v -26.5847530 7.1582952 41.7306175
v -25.2854271 7.3725681 42.4938583
v -23.3657532 6.8955207 43.6567039
v -20.9174709 7.2092686 44.8328400
v -15.7622671 8.4972830 46.6757317
v -13.0912991 8.5856857 47.4776764
v -10.3126593 8.6604557 48.1443863
v -2.9382555 8.2773228 49.2145119
v -1.5684950 8.9984007 49.1475334
v 7.3457651 8.7414236 48.6703110
v 10.2779989 8.6368484 48.1558418
v 13.0960102 8.4736347 47.4966278
v 15.7293959 8.0823584 46.7623482
v 17.1476135 8.4934025 46.1826935
v 21.0646801 7.4435701 44.7217484
v 22.6332417 7.6099334 43.9239655
v 24.1906433 7.6724362 43.0754395
v 25.6737919 7.1467957 42.3018265
v 29.5923271 6.8946800 39.7017212
v 30.5584755 6.9014359 38.9619141
v 31.4823990 6.1884050 38.3430710
v 33.5781250 5.7688890 36.5897636
v 34.7165985 5.9362855 35.4864120
v 35.8249702 6.0241466 34.3506203
v 37.6460114 5.0313673 32.5146255
v 38.5728073 5.2147102 31.3810749
v 39.4759789 5.4221272 30.2007904
v 41.1609268 4.4936776 28.0244389
v 42.7421799 3.6927924 25.6789646
v 43.4758263 4.0703568 24.3551235
v 47.9623566 2.0568867 13.9749050
v -48.8694611 1.0724156 10.5118570
v -48.1600838 1.5843521 13.3407764
v -45.2245445 2.8450685 21.1212406
v -44.5195847 3.0318949 22.5466423
v -41.5147400 3.6429310 27.6206932
v -39.8304672 3.9503167 29.9596424
v -38.9178391 4.9158778 30.9983616
v -37.9920158 4.2788873 32.2181015
v -36.0329666 4.4091654 34.3783951
v -35.0557289 5.1984367 35.2673759
v -32.9757843 5.4886556 37.1768684
v -31.8684120 4.7895036 38.2230339
v -29.6463432 5.0820651 39.9338150
v -28.5738449 6.0421009 40.5763092
v -27.2251053 5.5758939 41.5610352
v -25.7400494 5.9793262 42.4426651
v -22.2007904 6.2932796 44.3559532
v -20.9390507 5.6392827 45.0464935
v -19.6473141 6.4528079 45.5214424
v -15.8008738 7.0749888 46.8989372
v -13.1168556 7.1270566 47.7112236
v -10.3645992 7.2094841 48.3712502
v -7.9697475 7.2538462 48.8152809
v -6.7261038 7.0759940 49.0321274
v -2.8658240 6.6892200 49.4591599
v -1.5460167 7.4139132 49.4126015
v 7.3483257 7.2772608 48.9100914
v 10.2797709 7.1968317 48.3913536
v 13.0855446 7.0871243 47.7254105
v 15.4604874 6.9397273 47.0314789
v 16.9126854 6.8061762 46.5492401
v 22.1709805 6.3824544 44.3519020
v 24.8411846 6.0331950 42.9646988
v 27.0606308 6.6020479 41.5135536
v 29.3314266 5.5570130 40.1050644
v 30.4779625 5.6593318 39.2262611
v 32.5593338 5.3041086 37.5732117
v 33.4249573 4.5430369 36.8984528
v 34.3737602 4.5293198 36.0165634
v 35.6254730 4.4165950 34.7978249
v 36.6931458 4.8370266 33.6174812
v 38.4745102 3.8504913 31.6931019
v 39.3957138 4.0075440 30.5212708
v 40.2903786 4.2082920 29.3052559
v 41.9371109 3.2701426 27.0247326
v 43.4558754 2.6118181 24.5901375
v 44.1475449 3.0351553 23.2731113
v 44.7663918 3.5214958 21.9846668
v 45.4140053 2.6326976 20.7480335
v 46.5745888 2.1477456 18.0569553
v -47.7426910 0.9906614 14.8164005
v -47.3118706 1.6872237 16.0784817
v -45.7473297 2.0690255 20.0630665
v -43.7096519 2.4565041 24.1505451
v -42.2898064 2.7466507 26.5279655
v -40.6979713 3.0255041 28.8826160
v -38.9422073 3.3109698 31.1813431
v -37.0421791 3.6200862 33.3859177
v -35.0870705 3.7216883 35.4221115
v -34.0479660 4.5546341 36.3252792
v -32.9769402 3.8824565 37.3776474
v -28.4664841 4.5075459 40.8554955
v -27.2475491 3.8236203 41.7424202
v -26.0435982 4.5155377 42.4383316
v -24.6377163 4.9107256 43.2270584
v -23.2395439 4.6056471 44.0244026
v -22.1213760 4.9071641 44.5698280
v -18.4265652 5.6407757 46.1293106
v -15.8428802 5.6125889 47.0819397
v -13.1271763 5.6528311 47.9054070
v -10.3662949 5.7577491 48.5648155
v -7.7589264 6.0310602 49.0131912
v -6.3341875 5.6129832 49.2702370
v 7.3580666 5.8030739 49.1052017
v 10.2890320 5.7454729 48.5828781
v 13.1113186 5.6841474 47.9053955
v 15.7456312 5.7369142 47.0972595
v 18.4841862 5.8384666 46.0783997
v 21.1139183 5.7273045 44.9487190
v 22.5255108 4.9261112 44.3595428
v 24.0602016 4.8306050 43.5590706
v 25.5491352 4.5001817 42.7402229
v 26.9461956 4.9525294 41.8189049
v 28.9878922 4.4339132 40.4936447
v 30.2524376 4.1601229 39.5873108
v 31.5573730 4.4667077 38.5200539
v 32.7479210 3.8085587 37.5831566
v 36.6296501 3.6054323 33.8383102
v 37.5135193 3.6958320 32.8443336
v 41.0558090 2.9315526 28.3802280
v 42.7023048 2.1669099 25.9162407
v 44.7969170 2.1054723 22.1052208
v 48.3388062 1.1237178 12.7304649
v -48.5364876 0.7719618 11.9783573
v -46.9552002 1.0804851 17.1309052
v -41.5159111 2.1550896 27.7766895
v -39.8389130 2.3955584 30.1153145
v -38.0195541 2.6996984 32.3567848
v -37.0718880 2.1239932 33.4776688
v -36.0986137 2.9372268 34.4663467
v -35.1573601 2.2599680 35.4724693
v -34.0806427 3.0103054 36.4571724
v -32.9809227 2.3292563 37.5015182
v -31.8582211 3.2204883 38.3980026
v -30.7478447 4.1398244 39.2062454
v -29.5919189 3.5562744 40.1404076
v -28.3987255 2.9685860 41.0410004
v -26.0459042 3.0381465 42.5665436
v -25.1160431 3.7116549 43.0656776
v -23.9193878 3.6044025 43.7519150
v -22.3712616 3.4346888 44.5795670
v -20.9745426 4.1438780 45.1917686
v -19.7297211 3.3864152 45.8122749
v -18.4668446 4.1412740 46.2718582
v -15.8707066 4.1249905 47.2262230
v -13.1204014 4.1559086 48.0605202
v -10.3179464 4.2797155 48.7278442
v -7.5069404 4.5418577 49.2132072
v -5.9197807 4.0998135 49.4715118
v 0.0430064 3.6838844 49.8600349
v 7.3824320 4.3360181 49.2526550
v 10.3081512 4.2983489 48.7280312
v 13.1611290 4.2597771 48.0394554
v 15.9005527 4.2655182 47.2022285
v 18.5837097 4.2354202 46.2140160
v 21.1825047 4.1657586 45.0882835
v 23.3845310 3.6460137 44.0372963
v 24.5388279 3.6539798 43.4046440
v 25.5164871 2.7378402 42.9057655
v 26.8076801 3.4339619 42.0643921
v 28.0081825 3.9688115 41.2233543
v 29.1248455 3.1656594 40.5165062
v 31.1407795 3.1773136 38.9826698
v 33.8141251 3.3916738 36.6673775
v 34.9285660 3.1314464 35.6310425
v 37.1788597 2.2969944 33.3422966
v 38.2793007 2.4955025 32.0619621
v 39.2405586 2.6184192 30.8672447
v 40.1463623 2.7442348 29.6676598
v 41.8329544 1.5052730 27.3372478
v 44.1363220 1.6061743 23.4356518
v 47.0655899 1.1794466 16.8331699
v 48.9630394 0.8594742 10.0839911
v 49.1335258 1.6947863 9.0792923
v -46.3991547 1.2892330 18.5719700
v -45.1353798 1.6817971 21.4393959
v -43.7078896 1.1403083 24.2532730
v -42.2716599 1.2550591 26.6712284
v -40.6867790 1.5387692 29.0163326
v -38.9546204 1.7421277 31.2915401
v -38.0199738 1.2179674 32.4440689
v -36.1430168 1.5220090 34.5106735
v -35.3179245 1.0271747 35.3677521
v -31.8137321 1.6927783 38.5332565
v -30.7029495 2.6269698 39.3705406
v -29.5258427 2.0999427 40.2946091
v -28.3140030 1.5121357 41.1772728
v -27.1577454 2.2846239 41.9162483
v -24.7693176 2.5186038 43.3552971
v -23.3911018 2.2641435 44.1304398
v -22.0699635 1.8913367 44.8203239
v -20.9709187 2.6483164 45.3063354
v -18.4539356 2.6653669 46.3860321
v -15.9122753 2.6471732 47.3181534
v -13.0838928 2.6333904 48.1787491
v -10.2645540 2.7824717 48.8480873
v -7.1906166 2.8109844 49.3932495
v -5.3471565 2.6330161 49.6388741
v -2.2433388 2.5073195 49.8830261
v -0.7080346 2.5438526 49.9273186
v 7.4303746 2.8970754 49.3510895
v 10.3344011 2.8755929 48.8270340
v 13.2231398 2.8424225 48.1274986
v 16.0112782 2.7963023 47.2757835
v 18.6644440 2.6962597 46.2980156
v 21.3613091 2.5160360 45.1286583
v 22.8085861 2.4423101 44.4205360
v 24.0925064 2.5157144 43.7327156
v 25.8828220 1.3663481 42.7480164
v 26.8351364 1.9910642 42.1397362
v 27.9862309 2.5345020 41.3515778
v 29.1544571 1.6875418 40.5815468
v 30.2706108 2.4713187 39.7130928
v 31.3813152 1.8113385 38.8807297
v 32.4606056 1.3665434 37.9992790
v 33.1153984 2.4119627 37.3726425
v 34.2198334 2.0613780 36.3869667
v 35.3318520 1.6652236 35.3319778
v 36.4054375 1.2894918 34.2388763
v 37.2213364 0.9726821 33.3597755
v 40.7879601 1.4126270 28.8761368
v 43.4180984 1.1852216 24.7653522
v 45.4061546 1.1800290 20.8981915
v 46.5567932 0.8175752 18.2140675
v 47.9628372 0.7822157 14.1019478
v -45.7263412 0.8163467 20.2016239
v -41.4936485 0.8163199 27.8798676
v -39.8125420 0.9338266 30.2282810
v -37.0395432 0.8058316 33.5733452
v -32.9192085 0.8906942 37.6203766
v -30.6201458 1.1904428 39.5036201
v -29.4586334 0.7973715 40.3899956
v -27.0549126 0.8783848 42.0350838
v -25.7642632 1.4130740 42.8194962
v -24.2422943 1.1887200 43.7040062
v -22.8791542 1.0186666 44.4381676
v -21.8277931 0.8185786 44.9718323
v -20.9014168 1.1993717 45.4013138
v -18.3711205 1.2150618 46.4806252
v -17.0738525 0.7712331 46.9852524
v -16.0664387 1.4053090 47.3171082
v -12.8922033 1.1934298 48.2891846
v -11.6046038 0.8905437 48.6236153
v -10.2330437 1.2260088 48.9191933
v -8.6971979 0.7862158 49.2283478
v -7.6035905 1.4041198 49.3876953
v -3.0376725 1.2495979 49.8823624
v -1.5686247 1.2540313 49.9497452
v -0.1348673 1.2582594 49.9787788
v 1.4453887 1.1226636 49.9615746
v 3.1306045 0.7727946 49.8943787
v 4.5998878 1.4552698 49.7597542
v 6.1924572 0.8533598 49.6060677
v 7.5051951 1.4924225 49.4023476
v 8.8905182 0.8568324 49.1919746
v 10.3479576 1.4829971 48.8858910
v 11.8549643 0.8470036 48.5638123
v 13.3077393 1.4585241 48.1664505
v 14.7909956 0.8141285 47.7534332
v 16.1585579 1.3189548 47.2917061
v 17.4899902 0.8497283 46.8307114
v 18.7218361 1.2289033 46.3377266
v 21.0743580 1.1047003 45.3188324
v 22.2465000 1.2158672 44.7516441
v 26.8066025 0.7453738 42.1997185
v 27.9567833 1.1464514 41.4330482
v 30.3720684 0.9791908 39.7019882
v 33.5137711 1.0945528 37.0826378
v 34.5411568 0.7923808 36.1373253
v 39.8958015 1.3368909 30.0984764
v 42.7094650 0.8009071 25.9814129
v 44.7826157 0.8030429 22.2187138
v 0.0000000 0.0000000 50.0000000
v -49.9702568 0.0000000 1.6358569
v -49.8929443 0.0000000 3.2701564
v -49.7562752 0.0000000 4.9005651
v -49.5722427 0.0000000 6.5263095
v -49.4180756 0.0000000 7.6061692
v -49.1398277 0.0000000 9.2184620
v -48.8148003 0.0000000 10.8219805
v -48.5671043 0.0000000 11.8842945
v -48.1493912 0.0000000 13.4662018
v -47.6858482 0.0000000 15.0352898
v -47.3465080 0.0000000 16.0719738
v -46.7925148 0.0000000 17.6114540
v -46.1939774 0.0000000 19.1341724
v -45.7655754 0.0000000 20.1373348
v -45.0795135 0.0000000 21.6226730
v -44.3505402 0.0000000 23.0874310
v -43.8363380 0.0000000 24.0494385
v -43.0234299 0.0000000 25.4693317
v -42.1695709 0.0000000 26.8649807
v -41.5734825 0.0000000 27.7785110
v -40.6399155 0.0000000 29.1221542
v -39.6676674 0.0000000 30.4380722
v -38.9942245 0.0000000 31.2961731
v -37.9471054 0.0000000 32.5533371
v -36.8638687 0.0000000 33.7795105
v -36.1181984 0.0000000 34.5756531
v -34.9654961 0.0000000 35.7367706
v -33.7795105 0.0000000 36.8638687
v -32.9672890 0.0000000 37.5919914
v -31.7177773 0.0000000 38.6482239
v -30.4380722 0.0000000 39.6676674
v -29.5654831 0.0000000 40.3222313
v -28.2286663 0.0000000 41.2655411
v -26.8649807 0.0000000 42.1695709
v -25.9386635 0.0000000 42.7455940
v -25.0000000 0.0000000 43.3012695
v -23.5684357 0.0000000 44.0934372
v -22.1144352 0.0000000 44.8436356
v -21.1309128 0.0000000 45.3153877
v -19.6357536 0.0000000 45.9797745
v -18.1219025 0.0000000 46.6003952
v -17.1010075 0.0000000 46.9846306
v -15.5536318 0.0000000 47.5161781
v -13.9914503 0.0000000 48.0024910
v -12.4126234 0.0000000 48.4316978
v -10.8219805 0.0000000 48.8148003
v -9.7545156 0.0000000 49.0392647
v -8.6824093 0.0000000 49.2403870
v -7.0662394 0.0000000 49.4951591
v -5.4433436 0.0000000 49.7028160
v -3.8139710 0.0000000 49.8513412
v -2.1809695 0.0000000 49.9524117
v -1.0907443 0.0000000 49.9881020
v 1.6358569 0.0000000 49.9702568
v 3.2701564 0.0000000 49.8929443
v 4.9005651 0.0000000 49.7562752
v 6.5263095 0.0000000 49.5722427
v 7.6061692 0.0000000 49.4180756
v 8.6824093 0.0000000 49.2403870
v 10.2882481 0.0000000 48.9270325
v 11.8842945 0.0000000 48.5671043
v 13.4662018 0.0000000 48.1493912
v 15.0352898 0.0000000 47.6858482
v 16.0719738 0.0000000 47.3465080
v 17.1010075 0.0000000 46.9846306
v 18.6280365 0.0000000 46.3971863
v 20.1373348 0.0000000 45.7655754
v 21.6226730 0.0000000 45.0795135
v 23.0874310 0.0000000 44.3505402
v 24.0494385 0.0000000 43.8363380
v 25.4693317 0.0000000 43.0234299
v 26.8649807 0.0000000 42.1695709
v 27.7785110 0.0000000 41.5734825
v 29.1221542 0.0000000 40.6399155
v 30.4380722 0.0000000 39.6676674
v 31.7177773 0.0000000 38.6482239
v 32.9672890 0.0000000 37.5919914
v 33.7795105 0.0000000 36.8638687
v 34.5756531 0.0000000 36.1181984
v 35.7367706 0.0000000 34.9654961
v 36.8638687 0.0000000 33.7795105
v 37.5919914 0.0000000 32.9672890
v 38.6482239 0.0000000 31.7177773
v 39.6676674 0.0000000 30.4380722
v 40.3222313 0.0000000 29.5654831
v 41.2655411 0.0000000 28.2286663
v 42.1695709 0.0000000 26.8649807
v 42.7455940 0.0000000 25.9386635
v 43.3012695 0.0000000 25.0000000
v 44.0934372 0.0000000 23.5684357
v 44.8436356 0.0000000 22.1144352
v 45.3153877 0.0000000 21.1309128
v 45.9797745 0.0000000 19.6357536
v 46.6003952 0.0000000 18.1219025
v 46.9846306 0.0000000 17.1010075
v 47.5161781 0.0000000 15.5536318
v 48.0024910 0.0000000 13.9914503
v 48.2962914 0.0000000 12.9409523
v 48.6909523 0.0000000 11.3531380
v 49.0392647 0.0000000 9.7545156
v 49.2403870 0.0000000 8.6824093
v 49.4951591 0.0000000 7.0662394
v 49.7028160 0.0000000 5.4433436
v 49.8513374 0.0000001 3.8139715
v 49.9524117 0.0000000 2.1809695
v 49.9881020 0.0000000 1.0907443
v 49.9940491 0.0000000 -0.5453721
v 49.9524117 0.0000000 -2.1809695
v 49.8929443 0.0000000 -3.2701564
v 49.8097343 0.0000000 -4.3577871
v 49.6375275 0.0000000 -5.9848266
v 49.4180756 0.0000000 -7.6061692
v 49.1398277 0.0000000 -9.2184620
v 48.8148003 0.0000000 -10.8219805
v 48.5671043 0.0000000 -11.8842945
v 48.1493912 0.0000000 -13.4662018
v 47.6858482 0.0000000 -15.0352898
v 47.3465080 0.0000000 -16.0719738
v 46.9846306 0.0000000 -17.1010075
v 46.3971863 0.0000000 -18.6280365
v 45.7655754 0.0000000 -20.1373348
v 45.3153877 0.0000000 -21.1309128
v 44.5970879 0.0000000 -22.6009331
v 43.8363380 0.0000000 -24.0494385
v 43.3012695 0.0000000 -25.0000000
v 42.4575806 0.0000000 -26.4018230
v 41.5734825 0.0000000 -27.7785110
v 40.9576035 0.0000000 -28.6788216
v 39.9949493 0.0000000 -30.0017776
v 38.9942245 0.0000000 -31.2961731
v 38.3022232 0.0000000 -32.1393814
v 37.2279320 0.0000000 -33.3733978
v 36.1181984 0.0000000 -34.5756531
v 35.3553391 0.0000000 -35.3553391
v 34.1775818 0.0000000 -36.4910355
v 32.9672890 0.0000000 -37.5919914
v 32.1393814 0.0000000 -38.3022232
v 30.8671227 0.0000000 -39.3309479
v 29.5654831 0.0000000 -40.3222313
v 28.6788216 0.0000000 -40.9576035
v 27.3217449 0.0000000 -41.8715286
v 25.9386635 0.0000000 -42.7455940
v 25.0000000 0.0000000 -43.3012695
v 23.5684357 0.0000000 -44.0934372
v 22.1144352 0.0000000 -44.8436356
v 21.1309128 0.0000000 -45.3153877
v 19.6357536 0.0000000 -45.9797745
v 18.1219025 0.0000000 -46.6003952
v 17.1010075 0.0000000 -46.9846306
v 15.5536318 0.0000000 -47.5161781
v 13.9914503 0.0000000 -48.0024910
v 12.9409523 0.0000000 -48.2962914
v 11.8842945 0.0000000 -48.5671043
v 10.2882481 0.0000000 -48.9270325
v 8.6824093 0.0000000 -49.2403870
v 7.0662394 0.0000000 -49.4951591
v 5.4433436 0.0000000 -49.7028160
v 4.3577871 0.0000000 -49.8097343
v 2.7255630 0.0000000 -49.9226761
v 1.0907443 0.0000000 -49.9881020
v -0.5453721 0.0000000 -49.9940491
v -2.1809695 0.0000000 -49.9524117
v -3.2701564 0.0000000 -49.8929443
v -4.9005651 0.0000000 -49.7562752
v -6.5263095 0.0000000 -49.5722427
v -8.1442890 0.0000000 -49.3292313
v -9.7545156 0.0000000 -49.0392647
v -10.8219805 0.0000000 -48.8148003
v -12.4126234 0.0000000 -48.4316978
v -13.9914503 0.0000000 -48.0024910
v -15.0352898 0.0000000 -47.6858482
v -16.0719738 0.0000000 -47.3465080
v -17.6114540 0.0000000 -46.7925148
v -19.1341724 0.0000000 -46.1939774
v -20.1373348 0.0000000 -45.7655754
v -21.6226730 0.0000000 -45.0795135
v -23.0874310 0.0000000 -44.3505402
v -24.0494385 0.0000000 -43.8363380
v -25.4693317 0.0000000 -43.0234299
v -26.8649807 0.0000000 -42.1695709
v -27.7785110 0.0000000 -41.5734825
v -29.1221542 0.0000000 -40.6399155
v -30.4380722 0.0000000 -39.6676674
v -31.2961731 0.0000000 -38.9942245
v -32.5533371 0.0000000 -37.9471054
v -33.7795105 0.0000000 -36.8638687
v -34.5756531 0.0000000 -36.1181984
v -35.7367706 0.0000000 -34.9654961
v -36.8638687 0.0000000 -33.7795105
v -37.9471054 0.0000000 -32.5533371
v -38.9942245 0.0000000 -31.2961731
v -39.9949493 0.0000000 -30.0017776
v -40.9576035 0.0000000 -28.6788216
v -41.5734825 0.0000000 -27.7785110
v -42.4575806 0.0000000 -26.4018230
v -43.3012695 0.0000000 -25.0000000
v -43.8363380 0.0000000 -24.0494385
v -44.5970879 0.0000000 -22.6009331
v -45.3153877 0.0000000 -21.1309128
v -45.9797745 0.0000000 -19.6357536
v -46.6003952 0.0000000 -18.1219025
v -46.9846306 0.0000000 -17.1010075
v -47.5161781 0.0000000 -15.5536318
v -48.0024910 0.0000000 -13.9914503
v -48.2962914 0.0000000 -12.9409523
v -48.6909523 0.0000000 -11.3531380
v -49.0392647 0.0000000 -9.7545156
v -49.3292313 0.0000000 -8.1442890
v -49.5722427 0.0000000 -6.5263095
v -49.7562752 0.0000000 -4.9005651
v -49.8929443 0.0000000 -3.2701564
v -49.9702568 0.0000000 -1.6358569
v -14.3953333 1.9277056 -47.8363457
v 4.1240273 2.7715526 -49.7422218
v 21.5997410 1.8756303 -45.0477066
v -18.8493118 2.9992259 -46.2073021
v -17.2084541 3.0818131 -46.8387222
v -14.7413206 3.2975001 -47.6549873
v -13.5509920 3.1877902 -48.0158310
v -10.8201208 2.9665287 -48.7179680
v 9.9089031 3.1530187 -48.9006119
v 11.3820267 3.2983961 -48.5670891
v 12.7696304 3.2333517 -48.2257576
v 14.2080908 3.0684366 -47.8344803
v 15.6883125 2.9653237 -47.3759537
v 17.1122456 2.8750806 -46.8853111
v 18.6479626 2.9553559 -46.2931366
v 22.4480629 3.0332010 -44.5658493
v -19.3846664 4.5061984 -45.8635025
v -16.9904137 4.8672824 -46.7656631
v -10.0923958 4.6099725 -48.7518654
v -1.4611626 5.5537724 -49.6572342
v 18.6641636 4.6258440 -46.1464005
v -14.2481451 4.7803769 -47.6830940
v -12.9073744 6.0095620 -47.9270935
v -10.1848497 6.3993626 -48.5260773
v -7.5482011 5.3762112 -49.1219025
v -6.2744389 5.5575418 -49.2802353
v -2.2005754 6.8796225 -49.4671593
v 4.0187593 5.4457617 -49.5275154
v 6.5153022 6.5760093 -49.1289406
v 8.1539803 6.3032432 -48.9205742
v 9.7968473 6.1433635 -48.6385651
v 11.3980980 6.0957084 -48.2942505
v 12.9123564 6.0166383 -47.9212952
v 14.3730650 5.9083014 -47.5165939
v 15.9767113 5.9500909 -46.9992714
v 18.4767876 5.8964210 -46.0787582
v -12.9872513 7.5971475 -47.6781502
v -10.2651663 7.9575782 -48.2760201
v -5.8928943 7.9191175 -49.0083580
v 1.3071204 7.8662806 -49.3546829
v 4.1539884 7.9805212 -49.1751823
v 15.9933624 7.5758553 -46.7565460
v -13.0123138 9.0775290 -47.4104385
v -10.3452415 9.4114790 -47.9956245
v -5.9963913 9.4389372 -48.7243958
v -1.2473341 9.5499830 -49.0554352
v 1.3438741 9.4545345 -49.0730171
v 4.3112311 9.3339176 -48.9246216
v 6.9607115 9.0875988 -48.6661491
v 11.5032635 8.8606405 -47.8384819
v 13.1743965 8.8839417 -47.4038048
v 15.8996439 8.9381676 -46.5468445
v -13.0443764 10.4947186 -47.1074982
v -10.4163303 10.7614279 -47.6955147
v -6.1637239 11.1871157 -48.3296242
v -1.5141970 10.8357620 -48.7798233
v 1.3407569 10.9630623 -48.7575912
v 4.4370165 11.0081520 -48.5628891
v 13.2700081 10.4868116 -47.0464592
v 15.9409866 10.3295250 -46.2437630
v -13.0662117 11.9085617 -46.7634315
v -10.3594360 12.0808382 -47.3920708
v -5.7110910 12.6373959 -48.0296516
v -1.7027453 12.5514116 -48.3579369
v 1.3388426 12.4411535 -48.4011765
v 3.9604685 12.3623600 -48.2754135
v 10.2549925 11.8334312 -47.4800491
v 13.2139006 11.9071779 -46.7221184
v 15.9091339 11.7470036 -45.9144096
v -13.0466805 13.3163500 -46.3875275
v -10.2888393 13.4704256 -47.0320816
v -6.2382402 14.0693369 -47.5607147
v -1.2896827 14.1119375 -47.9397163
v 1.3904247 13.8942375 -48.0031242
v 4.4457865 13.6555414 -47.8868561
v 10.3785295 13.4272585 -47.0253944
v 13.1704683 13.3128948 -46.3528061
v 15.8873806 13.1137047 -45.5501633
v -13.0267916 14.6846123 -45.9784660
v -10.3238640 14.8842478 -46.5955276
v 1.4400287 15.3162241 -47.5675697
v 4.3142810 15.1907053 -47.4318695
v 7.2258849 14.7420788 -47.2223663
v 10.3286438 14.8384914 -46.6096039
v 13.1515074 14.6942863 -45.9386406
v 15.8759317 14.4604645 -45.1445389
v -13.0395517 16.0218525 -45.5260277
v -10.3521624 16.2626743 -46.1258087
v -6.2701659 15.7501755 -47.0274734
v 1.4311869 16.7076492 -47.0970154
v 4.3282070 16.5853081 -46.9611816
v 7.3064761 16.3638783 -46.6698532
v 10.2905216 16.2391911 -46.1481171
v 13.1404619 16.0501213 -45.4856873
v 15.8626719 15.7893410 -44.7016716
v 18.2728519 14.8535156 -44.0976105
v -13.0544558 17.3521938 -45.0312958
v -10.3627644 17.6200924 -45.6219559
v -6.2461934 17.2405853 -46.5058708
v -1.6712881 17.8678722 -46.6593361
v 1.3841393 18.0968151 -46.5816231
v 4.3397880 17.9747372 -46.4459915
v 7.3314266 17.7970963 -46.1378326
v 10.2814283 17.6170464 -45.6416054
v 13.1358852 17.3844509 -44.9938774
v 15.8460655 17.0867119 -44.2279701
v -13.0428076 18.6692905 -44.5049324
v -10.3595037 18.9633808 -45.0808487
v -6.2229652 18.6871414 -45.9477730
v 1.3589894 19.4981804 -46.0128326
v 4.3451781 19.3465271 -45.8909645
v 7.3407893 19.1701012 -45.5827980
v 10.2812653 18.9648151 -45.0981712
v 13.1402054 18.7010136 -44.4615440
v 15.8440313 18.3431854 -43.7228775
v -13.0250034 19.9624214 -43.9456787
v -10.3462467 20.2941551 -44.5007210
v -6.2387829 20.1050644 -45.3440742
v -3.2286069 20.6065598 -45.4317436
v 1.3751061 20.8815517 -45.4012756
v 4.3508472 20.6948814 -45.2983475
v 7.3446398 20.5085125 -44.9958382
v 10.2827129 20.2866058 -44.5188751
v 13.1509447 20.0056839 -43.8867874
v 15.9718208 19.6236687 -43.1170273
v 18.6700382 18.7235279 -42.4284401
v -13.0101833 21.2451019 -43.3447723
v -10.3259115 21.6102333 -43.8815269
v -6.2743196 21.4661751 -44.7114105
v -2.5550308 21.8796310 -44.8814392
v 1.4053497 22.2214947 -44.7600975
v 4.3576546 22.0163174 -44.6704369
v 7.3464775 21.8193741 -44.3747253
v 10.2835302 21.5850811 -43.9038277
v 13.1563511 21.3003578 -43.2715149
v 16.0104866 20.9724674 -42.4623375
v -10.3027515 22.9042244 -43.2259712
v -6.1901507 22.8129578 -44.0519981
v -2.7197418 23.0530586 -44.2803574
v 1.4306337 23.5165596 -44.0932083
v 4.3635349 23.3089123 -44.0094528
v 7.3473492 23.1040840 -43.7196579
v 10.2824459 22.8606129 -43.2537842
v 13.1481743 22.5819874 -42.6191063
v 15.9526148 22.3144150 -41.7938957
v -10.2816448 24.1675663 -42.5377235
v -6.1686292 24.1420841 -43.3418465
v -2.6714923 24.3661804 -43.5744095
v -1.3517654 23.6926212 -43.9980240
v 1.4420545 24.7741470 -43.3989716
v 4.3666472 24.5733452 -43.3158798
v 7.3472214 24.3625660 -43.0310745
v 10.2770052 24.1127930 -42.5696182
v 13.1208620 23.8514881 -41.9298630
v 15.8754320 23.6388874 -41.0883408
v -10.2658062 25.3979149 -41.8187027
v -6.1973896 25.3874817 -42.6198578
v 1.4362890 26.0087833 -42.6706276
v 4.3667331 25.8127174 -42.5888901
v 7.3459601 25.5952225 -42.3096313
v 10.2629461 25.3396816 -41.8541260
v 13.0556097 25.1133080 -41.2063637
v -10.2566004 26.5987415 -41.0677071
v -6.0941606 26.6031494 -41.8872986
v 1.4247879 27.2322273 -41.9005890
v 4.3656950 27.0292377 -41.8274498
v 7.3441477 26.8024559 -41.5556488
v 10.2393274 26.5327492 -41.1138573
v 12.9148674 26.3476124 -40.4725075
v -10.2522755 27.7749443 -40.2826271
v -6.0181580 27.8241825 -41.0974121
v -3.0135677 27.9585381 -41.3359566
v 1.4278669 28.4402580 -41.0900650
v 4.3664527 28.2215843 -41.0323067
v 7.3432932 27.9845409 -40.7691193
v 10.2255936 27.6857033 -40.3500366
v 12.6402521 27.3563251 -39.8871307
v -10.2466602 28.9298134 -39.4628792
v -5.9944673 29.0276203 -40.2594376
v -2.9817781 29.2444191 -40.4368477
v 1.4602005 29.6123772 -40.2529106
v 4.3700013 29.3856487 -40.2065353
v 7.3442011 29.1421089 -39.9497414
v 10.2397804 28.8121662 -39.5502052
v 12.9228687 28.2603951 -39.1624336
v -10.2337217 30.0604630 -38.6121025
v -6.0047112 30.2103424 -39.3773117
v -2.9551134 30.5164337 -39.4859962
v 1.5223763 30.7078114 -39.4226227
v 4.3720908 30.5191536 -39.3529434
v 7.3456860 30.2757587 -39.0973549
v 10.2638245 29.9294090 -38.7055244
v 13.0781136 29.3888836 -38.2703171
v 16.0499039 28.4318924 -37.8596230
v -10.2155247 31.1537933 -37.7406845
v -6.0519781 31.3730564 -38.4488029
v -3.0393860 31.7968788 -38.4537544
v -1.2280018 31.2553940 -38.9989395
v 1.5007678 31.7496605 -38.5896263
v 4.3668303 31.6266518 -38.4691772
v 7.3461838 31.3854294 -38.2122154
v 10.2767153 31.0345230 -37.8217316
v 13.1388931 30.5356293 -37.3397598
v -10.2127447 32.2001266 -36.8530350
v -6.1641369 32.5261803 -37.4584961
v -1.5885348 32.6445580 -37.8291435
v 1.4034849 32.8290405 -37.6778984
v 4.3576040 32.7153931 -37.5486603
v 7.3456836 32.4703598 -37.2947884
v 10.2781963 32.1169014 -36.9065208
v 13.1283875 31.6548557 -36.3986015
v -10.2347164 33.2156410 -35.9341774
v -6.3879399 33.7610359 -36.3089714
v 1.3752154 33.9458923 -36.6749344
v 4.3550434 33.7848778 -36.5895729
v 7.3451490 33.5292091 -36.3458939
v 10.2732697 33.1718178 -35.9625778
v 13.0895662 32.7297707 -35.4486580
v 15.6952505 32.3096733 -34.7674332
v -10.2555113 34.2255592 -34.9673309
v 1.4317312 35.0273972 -35.6417847
v 4.3623652 34.8259621 -35.5992241
v 7.3450246 34.5601616 -35.3670425
v 10.2659521 34.1972313 -34.9909363
v 13.0478106 33.7649422 -34.4792709
v -10.2628794 35.2302895 -33.9522934
v -2.7672820 35.8698540 -34.7122879
v 1.5282183 36.0145073 -34.6420517
v 4.3706503 35.8309746 -34.5865746
v 7.3449693 35.5616341 -34.3599091
v 10.2597628 35.1906052 -33.9935036
v 13.0072203 34.7573700 -33.4939690
v -10.2681570 36.2119560 -32.9013023
v -5.9274611 36.5189705 -33.6239891
v -1.1394371 36.4913216 -34.1535034
v 1.5254868 36.9257355 -33.6700287
v 4.3688631 36.8013496 -33.5525322
v 7.3445725 36.5329437 -33.3254242
v 10.2600403 36.1503067 -32.9710312
v 12.9815426 35.6873322 -32.5116997
v -10.2741747 37.1554146 -31.8298149
v -6.0567245 37.5244713 -32.4715042
v -1.4484228 37.6391907 -32.8731499
v 1.4269799 37.8401031 -32.6421242
v 4.3567839 37.7435341 -32.4906158
v 7.3437562 37.4740868 -32.2636833
v 10.2668629 37.0784492 -31.9216194
v 13.0850296 36.5613174 -31.4841080
v -10.2747326 38.0555916 -30.7476921
v -1.6085101 38.6478386 -31.6699982
v 1.3541410 38.7675095 -31.5368233
v 4.3434544 38.6601410 -31.3960915
v 7.3426676 38.3848724 -31.1748180
v 10.2706556 37.9781113 -30.8446236
v 13.1157246 37.4494972 -30.4092846
v -10.2680902 38.9177208 -29.6514187
v -6.5267591 39.1535721 -30.3951340
v -1.6905124 39.6149673 -30.4449596
v 1.3159909 39.6772995 -30.3848534
v 4.3355784 39.5490494 -30.2696705
v 7.3416710 39.2645302 -30.0595894
v 10.2664261 38.8480682 -29.7429008
v 13.0552273 38.3283920 -29.3199425
v 15.5779114 37.4373512 -29.2418728
v -10.2633362 39.7511902 -28.5261898
v -6.2417092 39.9063721 -29.4566746
v 1.3048892 40.5586052 -29.1978512
v 4.3339906 40.4071083 -29.1144695
v 7.3412871 40.1119728 -28.9191341
v 10.2598333 39.6846886 -28.6194363
v 12.9996071 39.1532555 -28.2344284
v -10.2609434 40.5612907 -27.3628769
v -6.1223831 40.7806091 -28.2613907
v 1.3091202 41.4037514 -27.9859486
v 4.3363452 41.2315674 -27.9342060
v 7.3418036 40.9263268 -27.7545509
v 10.2587519 40.4872017 -27.4728699
v 12.9604540 39.9215851 -27.1564827
v -10.2385235 41.3429413 -26.1759472
v -6.0920243 41.6140785 -27.0275555
v 1.3179692 42.2070503 -26.7585049
v 4.3398075 42.0203857 -26.7323246
v 7.3429499 41.7069626 -26.5667400
v 10.2652483 41.2583275 -26.2981796
v 13.0350075 40.6578674 -26.0049686
v -10.1806555 42.0700531 -25.0156975
v -6.1038289 42.3936386 -25.7857800
v 1.3281116 42.9678993 -25.5183697
v 4.3431354 42.7725830 -25.5109310
v 7.3441062 42.4533195 -25.3566742
v 10.2728567 41.9998207 -25.0938473
v 13.0892172 41.4064255 -24.7668324
v -10.1829758 42.7298126 -23.8712654
v -6.1315513 43.1347046 -24.5197773
v 1.3453431 43.6889915 -24.2624474
v 4.3468156 43.4878616 -24.2709179
v 7.3448801 43.1646576 -24.1256142
v 10.2764196 42.7091255 -23.8649845
v 13.0969915 42.1352692 -23.5001888
v -10.2464333 43.3659401 -22.6658535
v -6.1767983 43.8518028 -23.1985493
v 1.3826029 44.3676338 -22.9966888
v 4.3512239 44.1659927 -23.0131016
v 7.3452716 43.8402138 -22.8749371
v 10.2776213 43.3823357 -22.6174164
v 13.1044989 42.8133736 -22.2359219
v -10.2791672 43.9968224 -21.3990021
v -6.3453655 44.5012016 -21.8777485
v -2.2262161 45.1405525 -21.3682842
v 1.4228429 45.0000763 -21.7318592
v 4.3548203 44.8069916 -21.7381020
v 7.3452349 44.4793930 -21.6057949
v 10.2776537 44.0183334 -21.3530769
v 13.1307821 43.4464378 -20.9556351
v 15.4928713 42.1995201 -21.8682022
v -10.2915611 44.6019974 -20.1001072
v -6.6040840 44.9948578 -20.7676411
v -1.2479930 45.5787544 -20.4985657
v 1.4250711 45.5959396 -20.4523563
v 4.3557181 45.4114685 -20.4451752
v 7.3444486 45.0818329 -20.3191013
v 10.2726021 44.6180725 -20.0720901
v 13.1248474 44.0564346 -19.6441536
v -10.2964497 45.1763687 -18.7700920
v -6.0680828 45.6022797 -19.5666599
v -1.5952569 46.1913795 -19.0458012
v 1.4071609 46.1654778 -19.1328182
v 4.3551097 45.9799881 -19.1324921
v 7.3427210 45.6470795 -19.0159416
v 10.2568150 45.1812477 -18.7783318
v 13.0547352 44.6442757 -18.3173714
v -10.2940664 45.7144241 -17.4194355
v -6.2951441 46.2035561 -18.0256901
v -1.3636065 46.7746696 -17.5859032
v 1.4095026 46.7048111 -17.7752819
v 4.3561454 46.5120659 -17.7996731
v 7.3407621 46.1744347 -17.6977806
v 10.2305031 45.7036972 -17.4834042
v 12.9037342 45.1992264 -17.0152760
v -10.2763271 46.2129135 -16.0615444
v -6.5305686 46.6134834 -16.8491802
v 1.4256165 47.2063980 -16.3956242
v 4.3599606 47.0062370 -16.4493103
v 7.3401613 46.6632957 -16.3656788
v 10.2151098 46.1805725 -16.1918545
v 12.6224728 45.6580658 -15.9721222
v -10.2372084 46.6702042 -14.7080460
v 1.4470423 47.6661415 -15.0051775
v 4.3656874 47.4607887 -15.0860634
v 7.3417263 47.1136131 -15.0194750
v 10.2295856 46.6154022 -14.8848286
v 12.9045067 45.9555664 -14.8608379
v 15.3513060 45.1554146 -14.9869471
v -10.1725321 47.0767708 -13.4019709
v -6.2498922 47.5870285 -13.9907837
v -2.6289191 47.9314651 -13.9708138
v 1.4854237 48.0791931 -13.6214209
v 4.3718700 47.8745575 -13.7146959
v 7.3442488 47.5257530 -13.6580839
v 10.2555733 47.0168533 -13.5447445
v 13.0594149 46.3313065 -13.4975624
v -10.1810741 47.4186745 -12.1313305
v -6.4903274 47.8993607 -12.7625360
v -2.6710322 48.3311729 -12.5040836
v 1.5438305 48.4359665 -12.2897253
v 4.3738751 48.2480698 -12.3359184
v 7.3458185 47.9001961 -12.2794199
v 10.2719297 47.3864250 -12.1752596
v 13.1273928 46.6976776 -12.0956907
v -10.2722712 47.7197456 -10.7980690
v -5.9015603 48.2924042 -11.5021429
v -2.8636920 48.6864548 -10.9795523
v 1.5100138 48.7485657 -10.9892311
v 4.3655257 48.5839691 -10.9413309
v 7.3456316 48.2372971 -10.8795891
v 10.2787609 47.7209740 -10.7826262
v 13.1434422 47.0354729 -10.6854591
v -14.4593372 47.0105705 -8.9483747
v -10.3452759 48.0010948 -9.3835411
v -6.0130286 48.6449623 -9.8426170
v -3.1760011 48.9814034 -9.4684839
v -1.5530787 48.9672432 -9.9596052
v 1.3845208 49.0411339 -9.6094007
v 4.3488464 48.8835602 -9.5182638
v 7.3437500 48.5365791 -9.4538765
v 10.2809496 48.0182228 -9.3651514
v 13.1476526 47.3339729 -9.2643585
v 15.9426031 46.4957657 -9.1206493
v 18.7988071 45.4473152 -8.9723120
v -19.4282379 45.3423119 -8.1297817
v -14.4859142 47.2644958 -7.4381771
v -13.1356630 47.5508652 -8.1152554
v -10.3837776 48.2546310 -7.9257689
v -6.0983796 48.9076767 -8.3785086
v 1.3073670 49.3080673 -8.1374493
v 4.3324823 49.1459579 -8.0633535
v 7.3393707 48.7980156 -7.9998326
v 10.2813444 48.2775536 -7.9201779
v 13.1511936 47.5925331 -7.8221064
v 15.9573088 46.7536469 -7.6577697
v 18.7048550 45.7783737 -7.3198581
v 20.0578270 45.1413689 -7.7089863
v -17.1196365 46.5731049 -6.0921793
v -13.1460991 47.7825165 -6.5875964
v -10.3806028 48.4765930 -6.4341812
v -6.1261797 49.1294060 -6.9424777
v 1.3015727 49.5307579 -6.6503501
v 4.3157806 49.3674545 -6.5832028
v 7.3274817 49.0198631 -6.5164557
v 10.2798929 48.4966240 -6.4462013
v 13.1530285 47.8091087 -6.3614230
v 15.9475136 46.9745331 -6.1814065
v 19.9651451 45.3968544 -6.3181419
v -19.7333088 45.6906357 -4.7330313
v -17.1726952 46.7307281 -4.5267496
v -15.8454370 47.1320267 -5.2073045
v -13.1382189 47.9713554 -5.0439348
v -10.3479834 48.6604004 -4.9217496
v -6.1138129 49.3158264 -5.4725180
v -1.3175818 49.7210464 -5.0123196
v 1.2957416 49.7061119 -5.1847177
v 4.2848449 49.5470467 -5.0819178
v 7.2966747 49.2020340 -4.9991174
v 10.2784472 48.6733513 -4.9390960
v 13.1540098 47.9812737 -4.8937287
v 15.9089012 47.1557350 -4.7270889
v 19.9935856 45.5668945 -4.8180175
v -15.8589916 47.2730064 -3.6377392
v -13.1231136 48.1121826 -3.5008740
v -10.3105021 48.7981911 -3.4041302
v 1.0456235 49.8515701 -3.5669239
v 4.2412701 49.6831055 -3.5596137
v 7.2253838 49.3456268 -3.4372671
v 10.2942810 48.8019524 -3.3941586
v 13.1615982 48.1060753 -3.4313512
v 15.8399305 47.2968483 -3.3478410
v 19.8769531 45.7526474 -3.2740960
v -19.7978058 45.8775520 -1.5833814
v -18.5062695 46.3897018 -2.2736986
v -15.8584280 47.3660507 -2.0750773
v -13.1087284 48.2028313 -1.9623747
v -10.2847366 48.8857651 -1.8868489
v -6.0013318 49.5736427 -2.4285352
v 1.3492386 49.9385529 -1.8561187
v 4.2054253 49.7720642 -2.0197804
v 7.0420604 49.4545250 -1.8979344
v 10.4129782 48.8583908 -1.9111196
v 13.1788654 48.1831093 -1.9798471
v 15.8461733 47.3708572 -2.0217130
v 19.8123188 45.8627510 -1.7619511
v -21.0358562 45.3463631 0.6834012
v -17.1958122 46.9434509 0.1727085
v -14.4870749 47.8464012 0.3130211
v -11.6944742 48.6036186 0.3717906
v -8.8407030 49.2011681 0.4372337
v -6.0280166 49.6209488 0.5608242
v -2.7248390 49.8986969 1.4768642
v -1.8863931 49.9565353 0.1535325
v 2.8647943 49.9075699 0.3981709
v 4.2600994 49.7959023 1.0952700
v 5.5927129 49.6754189 0.2804934
v 21.1990089 45.2705879 0.4561023
v -23.1630363 44.2513428 2.1055183
v -17.1897964 46.9132195 1.7334541
v -14.4852324 47.8115349 1.8610926
v -11.6975012 48.5667725 1.9103187
v -8.8345518 49.1655083 1.9599509
v -6.0092020 49.5861092 2.0182126
v 1.5699401 49.9041824 2.5450184
v 2.9399452 49.8700562 1.9012461
v 4.3211365 49.7324066 2.6503053
v 5.6905818 49.6321487 1.8256043
v 15.9805918 47.3091736 2.3501184
v 17.3311901 46.8705101 1.5240574
v 21.2565632 45.1988220 2.0544322
v -19.7870293 45.8112297 3.0559621
v -17.1793804 46.8324051 3.3001659
v -14.4794989 47.7279892 3.4074371
v -11.7010145 48.4814301 3.4452708
v -8.8210611 49.0831985 3.4953012
v -7.3122826 49.2671890 4.2983623
v -5.9291162 49.5163422 3.4781358
v 2.9077127 49.7925262 3.4044430
v 5.7817955 49.5402756 3.3864992
v 17.3492432 46.7875061 3.0679696
v 21.2316017 45.1149216 3.5877316
v 22.5936813 44.5051918 2.8749597
v -19.8068771 45.6722412 4.5933776
v -14.4677267 47.5962105 4.9445200
v -11.7020464 48.3485374 4.9662127
v -8.8143501 48.9494896 5.0393271
v -5.5896473 49.4130478 5.1403556
v -1.3872619 49.6816330 5.3558173
v 1.4164886 49.6554947 5.6084757
v 2.8813119 49.6658401 4.9298878
v 4.3508010 49.4710884 5.7169156
v 5.8239574 49.4052391 4.9317980
v 8.7734098 48.9839630 4.7880831
v 13.1680393 48.0658722 3.9187887
v 14.5897217 47.5899773 4.6621685
v 17.3649597 46.6529045 4.6167307
v -14.4521694 47.4197845 6.4600921
v -11.7033482 48.1719437 6.4622779
v -8.8385277 48.7636719 6.5710368
v -5.8443108 49.1723442 6.8541574
v -4.2795782 49.4016190 6.3742523
v 1.3892832 49.4660568 7.0971026
v 2.8672388 49.4945145 6.4399891
v 4.3482900 49.2754250 7.2192206
v 5.8398232 49.2289772 6.4518914
v 14.5797377 47.4215775 6.1688905
v 17.3791370 46.4681969 6.1648798
v -14.4341917 47.2002716 7.9372382
v -11.7071791 47.9518356 7.9241266
v -8.8865871 48.5294914 8.0642767
v -4.4508257 49.1688957 7.8675261
v -1.5477511 49.2778320 8.2603664
v 1.3611670 49.2344437 8.5601330
v 2.8513219 49.2792549 7.9231648
v 4.3407521 49.0368576 8.6975021
v 5.8439245 49.0083008 7.9502053
v 8.8106108 48.5837402 7.8303843
v 11.7184153 47.9855881 7.7095699
v 14.5704107 47.2071686 7.6496253
v 17.3107414 46.2740631 7.6322966
v -14.4249325 46.9408379 9.3640404
v -11.7140207 47.6925278 9.3496046
v -8.9478989 48.2571106 9.5001459
v -4.5618248 48.8851318 9.4108028
v -1.5816747 49.0088806 9.7235088
v 1.3403870 48.9617462 10.0043621
v 2.8338931 49.0232124 9.3816309
v 4.3312359 48.7574844 10.1514072
v 5.8422894 48.7459679 9.4251289
v 8.8166704 48.3177185 9.3232336
v 11.7211599 47.7215652 9.1958447
v 14.5675697 46.9496078 9.0990028
v 17.2748203 46.0403404 9.0022144
v -14.4292107 46.6400871 10.7563124
v -11.7171993 47.3965111 10.7464838
v -9.0054998 47.9601250 10.8534822
v -4.6769323 48.5123444 11.1173716
v -1.5656489 48.6970901 11.1828508
v 1.3351482 48.6467781 11.4384527
v 2.8208346 48.7265930 10.8199282
v 4.3261828 48.4375954 11.5837965
v 5.8395762 48.4434967 10.8739481
v 8.8195972 48.0117035 10.7848225
v 11.7238674 47.4172859 10.6491175
v 14.5686092 46.6514244 10.5185261
v 17.3459797 45.7176743 10.4020348
v -14.3938751 46.3031425 12.1679373
v -11.7090483 47.0640450 12.1282406
v -8.9339514 47.6565781 12.1743116
v -4.0690174 48.2474556 12.4505358
v -1.5312999 48.3461304 12.6184711
v 1.3459686 48.2875023 12.8704748
v 2.8205345 48.3877182 12.2467613
v 5.8401098 48.1012230 12.2994614
v 8.8214893 47.6675186 12.2144566
v 11.7258797 47.0754700 12.0678902
v 14.5673971 46.3160400 11.9094992
v 17.3036709 45.3936729 11.7954168
v -14.2437258 45.9966698 13.4478121
v -11.6979332 46.6911736 13.5027809
v -8.8485069 47.2984581 13.5578499
v -4.3515487 47.9010544 13.6326904
v -1.5382463 47.9522781 14.0402460
v 1.3603529 47.8831139 14.3010416
v 2.8325896 48.0042801 13.6703672
v 4.3398147 47.6702614 14.4161997
v 5.8442287 47.7177582 13.7103233
v 8.8228550 47.2848854 13.6196480
v 11.7271252 46.6962929 13.4592714
v 14.5670691 45.9431343 13.2756615
v 17.2635784 45.0475540 13.1074286
v -14.4315271 45.5610237 14.6692076
v -11.6953239 46.2739525 14.8719101
v -8.8494110 46.8714676 14.9661827
v 1.3676152 47.4343033 15.7255669
v 2.8456395 47.5761070 15.0906029
v 4.3471947 47.2214127 15.8230209
v 5.8487554 47.2918472 15.1123867
v 8.8236055 46.8626785 15.0076113
v 11.7277784 46.2787437 14.8308792
v 14.5707788 45.5301781 14.6256514
v 17.3291664 44.6179810 14.4255323
v -14.5050592 45.0567474 16.0825768
v -11.6944351 45.8130722 16.2366753
v -8.7965307 46.4077759 16.3764896
v -1.5770739 47.0202484 16.8967171
v 1.3647234 46.9414787 17.1411228
v 2.8512568 47.1047478 16.5017433
v 4.3489623 46.7309990 17.2173691
v 5.8511634 46.8241882 16.5035114
v 8.8238363 46.4004021 16.3809872
v 11.7277842 45.8221092 16.1867409
v 14.5724297 45.0775490 15.9646130
v 17.3581390 44.1456604 15.7803011
v -14.3940315 44.5678520 17.4856548
v -11.6878271 45.3113785 17.5925217
v -8.7934418 45.8783035 17.8061199
v -4.4233727 46.4419632 17.9629784
v -1.6039912 46.4842262 18.3172874
v 1.3482481 46.4029961 18.5505352
v 2.8473566 46.5910683 17.9006653
v 4.3454762 46.1999626 18.5963249
v 5.8509297 46.3161583 17.8796215
v 8.8237209 45.8983116 17.7392235
v 11.7270098 45.3263588 17.5275345
v 14.5666332 44.5874634 17.2908306
v 17.3381290 43.6481514 17.1277008
v -14.2829113 44.0728912 18.7866096
v -11.6799774 44.7704659 18.9315643
v -8.8709021 45.2954865 19.2022610
v 1.3209571 45.8152733 19.9597530
v 2.8356068 46.0344391 19.2878990
v 4.3397913 45.6285477 19.9586792
v 5.8489265 45.7685623 19.2386093
v 8.8234339 45.3570328 19.0808678
v 11.7256126 44.7920074 18.8521080
v 14.5521593 44.0621605 18.5996780
v 17.2757225 43.1266327 18.4586163
v -14.2502995 43.5271950 20.0430374
v -11.6730242 44.1901207 20.2532368
v -8.9347858 44.6859169 20.5518951
v -4.7752013 45.2905273 20.6155262
v 1.3111414 45.1792297 21.3617649
v 2.8247931 45.4347382 20.6616096
v 4.3371954 45.0177460 21.3012447
v 5.8469939 45.1821175 20.5786514
v 8.8232050 44.7774811 20.4039955
v 11.7244520 44.2196465 20.1587620
v 14.5319185 43.5046692 19.8832397
v 17.1446476 42.5971146 19.7625122
v -14.2140903 42.9341240 21.3092613
v -11.6628714 43.5704918 21.5594597
v -8.9854002 44.0453568 21.8694878
v -5.0017147 44.6375961 21.9446583
v 1.3411945 44.5048485 22.7332611
v 2.8275774 44.7948456 22.0137234
v 4.3418694 44.3697968 22.6191769
v 5.8472075 44.5582008 21.8968067
v 8.8232765 44.1609344 21.7062397
v 11.7248697 43.6094360 21.4467697
v 14.5279913 42.9087982 21.1413040
v 16.8934288 42.1828308 20.8394299
v -11.6495876 42.9138222 22.8457584
v -9.0281858 43.3797760 23.1449165
v 1.3952976 43.8009109 24.0610447
v 2.8476250 44.1196823 23.3353081
v 4.3540859 43.6875343 23.9088478
v 5.8506579 43.8987503 23.1900806
v 8.8236494 43.5090256 22.9852982
v 11.7259684 42.9613228 22.7168903
v 14.5567808 42.2556496 22.4001427
v 17.2128067 41.5411491 21.8472462
v -11.6345062 42.2225456 24.1068096
v -9.0519238 42.7094688 24.3510780
v -4.0159817 43.6049423 24.1292057
v -1.4169817 43.7084274 24.2262897
v 1.4644247 43.0719948 25.3413429
v 2.8800819 43.4132004 24.6213207
v 4.3707404 42.9731789 25.1679153
v 5.8568392 43.2051964 24.4564838
v 8.8238096 42.8229790 24.2393723
v 11.7222986 42.2767334 23.9683647
v 14.5737791 41.5424309 23.6857014
v -11.6159630 41.4975357 25.3431244
v -8.9450884 42.0369949 25.5336189
v -1.3355246 42.9288635 25.5890884
v 1.5496989 42.3420525 26.5399151
v 2.9176581 42.6816483 25.8651791
v 4.3838959 42.2291183 26.3954468
v 5.8635187 42.4789505 25.6956539
v 8.8230877 42.1041832 25.4675827
v 11.7073803 41.5614700 25.1946888
v 14.5217524 40.7970848 24.9764748
v -11.5989180 40.7368126 26.5562744
v -8.8272915 41.2862587 26.7709446
v -5.6083221 42.4120102 25.8670998
v 0.4157878 41.9941635 27.1185989
v 2.9340196 41.9300690 27.0653610
v 4.3827486 41.4558144 27.5942020
v 5.8667760 41.7209587 26.9082031
v 8.8214798 41.3535995 26.6695499
v 11.6820021 40.8246078 26.3828316
v 14.3845654 40.0595665 26.2171440
v -11.5872517 39.9402657 27.7448292
v -8.8342056 40.4579430 28.0042324
v -4.4694705 41.1082840 28.0944786
v 2.9057815 41.1500893 28.2397842
v 4.3658137 40.6505280 28.7695770
v 5.8636751 40.9313507 28.0953369
v 8.8201180 40.5711250 27.8458614
v 11.6688118 40.0648079 27.5286198
v 14.1105566 39.4843979 27.2199593
v -11.5690489 39.1130295 28.9069004
v -8.8589087 39.6199036 29.1698818
v -4.7070942 40.2169800 29.3168163
v 1.3239788 39.9664879 30.0028839
v 2.8550413 40.3283234 29.4055729
v 4.3441777 39.8101883 29.9244270
v 5.8556218 40.1094246 29.2582874
v 8.8198061 39.7558136 28.9981079
v 11.6828785 39.2659607 28.6512032
v 14.4358282 38.7057991 28.1545315
v -11.5239210 38.2680779 30.0347347
v -8.8701372 38.7686539 30.2886810
v 2.8155806 39.4632568 30.5596828
v 4.3294072 38.9338493 31.0579395
v 5.8473468 39.2541428 30.3976574
v 8.8197632 38.9072800 30.1270580
v 11.6963224 38.4238319 29.7659378
v 14.5119238 37.7796173 29.3473816
v -11.4474659 37.4378662 31.0933437
v -8.8685846 37.8945007 31.3760071
v -4.8149867 38.7592812 31.2056522
v -1.8094864 39.0544930 31.1531982
v 1.2689853 38.1253204 32.3125763
v 2.7988501 38.5597229 31.6932106
v 4.3257575 38.0221672 32.1681252
v 5.8428197 38.3650475 31.5131359
v 8.8195505 38.0264244 31.2315731
v 11.6904020 37.5540199 30.8582458
v 14.3646955 36.9088516 30.5032215
v -11.4459286 36.5907402 32.0868835
v -8.8680229 36.9886780 32.4391823
v -4.7237296 37.8348122 32.3341675
v -1.7784642 38.0561066 32.3686867
v 1.2921141 37.1547661 33.4240074
v 2.8034034 37.6208076 32.8017082
v 4.3324480 37.0765610 33.2529068
v 5.8432174 37.4426193 32.6036720
v 8.8202753 37.1142273 32.3101044
v 11.6949015 36.6611443 31.9124489
v 14.1533813 36.1981201 31.4407902
v -11.5211983 35.6596413 33.0911865
v -8.8742104 36.0457649 33.4821396
v -4.6862931 36.8677711 33.4386101
v -1.7358794 37.0539131 33.5148430
v 1.3462256 36.1468849 34.5109138
v 2.8260918 36.6478806 33.8834610
v 4.3488326 36.0989876 34.3098984
v 5.8480940 36.4880638 33.6677017
v 8.8223047 36.1709633 33.3621902
v 11.7191467 35.7316551 32.9416122
v 14.7173300 35.2389488 32.2670479
v -11.5700903 34.6598930 34.1193466
v -8.8838673 35.0643463 34.5059662
v -4.6666384 35.8664322 34.5139351
v 1.4614424 35.1064987 35.5668411
v 2.8716631 35.6433029 34.9353943
v 4.3760171 35.0941811 35.3340263
v 5.8569698 35.5034142 34.7030373
v 8.8243484 35.1971321 34.3875160
v 11.7305269 34.7623863 33.9589844
v 14.5512552 34.1833534 33.4510574
v -11.5945673 33.6267662 35.1293678
v -8.8983545 34.0458374 35.5074348
v -4.6698222 34.8222122 35.5664558
v 2.9487419 34.6218643 35.9428215
v 4.4090648 34.0731430 36.3159065
v 5.8684459 34.4924049 35.7063332
v 8.8254547 34.1940880 35.3848000
v 11.7265015 33.7621727 34.9547272
v 14.5409727 33.1812325 34.4492226
v -11.6043921 32.5709190 36.1070709
v -8.9283714 32.9942894 36.4789352
v -4.6852779 33.7181740 36.6112595
v -0.8465679 33.6441803 36.9712410
v 1.9212322 33.2061806 37.3201752
v 3.0366914 33.6209984 36.8755989
v 4.4207330 33.0425262 37.2544937
v 5.8768353 33.4590836 36.6752243
v 8.8254766 33.1635094 36.3524513
v 11.7186995 32.7356911 35.9201813
v 14.5441818 32.0974960 35.4592400
v -11.6019068 31.4993954 37.0463333
v -8.9883585 31.9046535 37.4207420
v -1.8009988 32.8379517 37.6535912
v 1.4002317 32.3169365 38.1166306
v 2.9981232 32.6331253 37.7562065
v 4.3993497 31.9874439 38.1661415
v 5.8756676 32.4028244 37.6119995
v 8.8245096 32.1066093 37.2894363
v 11.7042513 31.6893463 36.8509865
v 14.3958073 30.9823227 36.4949951
v -11.5863228 30.4228859 37.9403191
v -9.1096067 30.8746834 38.2460365
v -5.2604985 31.2337914 38.6784897
v -1.3055617 31.6256809 38.6962929
v 1.4632144 31.1366749 39.0855789
v 2.9093506 31.5772133 38.6497307
v 4.3740435 30.8905048 39.0617256
v 5.8672843 31.3182106 38.5211029
v 8.8233070 31.0239658 38.1951714
v 11.6937437 30.6297588 37.7395592
v 14.2152472 29.6545658 37.6518440
v -11.5768557 29.3354549 38.7902298
v -8.9131546 29.8972836 39.0623703
v -4.1679902 30.5043526 39.3918114
v -1.4487579 30.3481312 39.6981430
v 1.3901427 30.0085335 39.9596901
v 2.8821650 30.4503307 39.5452003
v 4.3606877 29.7547970 39.9349518
v 5.8595209 30.2023945 39.4031677
v 8.8228512 29.9156590 39.0694237
v 11.7007513 29.5474472 38.5909157
v -11.5924139 28.2064209 39.6140289
v -8.8775921 28.7019405 39.9565277
v -4.3555536 29.2885342 40.2809143
v -1.5162408 29.1934814 40.5520172
v 1.3206396 28.7901802 40.8478355
v 2.8570557 29.2871914 40.4154243
v 4.3661103 28.5930862 40.7742882
v 5.8572974 29.0582809 40.2546234
v 8.8232327 28.7819366 39.9119148
v 11.7140779 28.4290352 39.4182930
v 14.4541168 28.0977345 38.7411842
v -11.5894537 27.0401344 40.4199791
v -8.9127512 27.4654236 40.8079224
v -1.4374700 28.0418720 41.3601456
v 1.6542685 27.6728821 41.6036949
v 2.9159288 28.1139755 41.2367821
v 4.3847828 27.4159527 41.5730820
v 5.8607745 27.8907375 41.0717354
v 8.8237171 27.6237373 40.7220039
v 11.7179642 27.2786274 40.2218208
v 14.5233688 26.8553581 39.5863991
v -11.5232420 25.9132366 41.1710701
v -8.9765425 26.2666855 41.5754013
v -4.0607147 26.4594631 42.2225380
v -1.3184391 26.7830067 42.1904106
v 2.9669111 26.9527397 42.0025864
v 4.3878984 26.2193966 42.3375511
v 5.8641520 26.7019176 41.8539505
v 8.8236866 26.4424572 41.4987869
v 11.7132778 26.1068306 40.9933319
v 14.4307585 25.6702194 40.3970299
v -11.5031910 24.8158531 41.8478394
v -9.0409203 25.1149139 42.2673645
v -1.2870717 25.4846821 42.9878540
v 1.4825786 25.2774258 43.1066704
v 2.9308712 25.7495003 42.7529907
v 4.3752851 24.9931583 43.0739632
v 5.8627391 25.4903908 42.6028442
v 8.8231955 25.2394104 42.2413635
v 11.7083349 24.9170856 41.7285156
v 14.3983841 24.5367146 41.1068192
v -11.5398865 23.6641045 42.4996719
v -9.0199623 23.9933929 42.9192390
v -5.2578130 24.3194523 43.3623848
v -1.3433417 24.2592487 43.6890678
v 1.4245068 23.9959507 43.8340683
v 2.8950229 24.4954643 43.4853745
v 4.3623705 23.7407742 43.7779083
v 5.8586249 24.2556400 43.3182487
v 8.8226137 24.0157490 42.9489708
v 11.7069807 23.7087975 42.4270401
v 14.4532976 23.3427315 41.7777901
v -11.5553455 22.4571114 43.1454620
v -8.9158344 22.8054829 43.5846138
v 1.3735181 22.7206688 44.5093765
v 2.8665283 23.2250843 44.1783142
v 4.3500595 22.4675789 44.4459076
v 5.8544049 22.9994125 43.9986153
v 8.8223257 22.7724552 43.6209869
v 11.7069635 22.4833851 43.0889854
v 14.4254255 22.1352234 42.4392281
v -11.5847530 21.2009945 43.7682037
v -8.8739538 21.5129452 44.2453079
v -4.4298830 22.1606045 44.5945129
v -1.6075574 21.7941551 44.9602814
v 1.3094763 21.4341030 45.1441460
v 2.8355525 21.9368382 44.8334579
v 4.3365421 21.1645584 45.0822678
v 5.8507724 21.7210941 44.6439285
v 8.8229342 21.5099983 44.2570343
v 11.7126732 21.2400169 43.7138290
v 14.4343243 20.9524059 43.0329742
v -11.6250763 19.8800526 44.3724632
v -8.8923025 20.1824837 44.8636360
v -4.6077375 20.8418503 45.2076721
v -1.7207642 20.5287361 45.5481148
v 1.2039547 20.1129894 45.7499046
v 2.7891855 20.5967979 45.4665909
v 4.3322854 19.8063354 45.6960945
v 5.8521523 20.4149818 45.2558022
v 8.8253298 20.2284317 44.8568153
v 11.7245302 19.9736233 44.3037453
v 14.5781450 19.6792850 43.5830269
v -11.6422892 18.5084877 44.9568291
v -8.9044180 18.8463631 45.4383659
v -4.7029219 19.4606400 45.8099442
v -1.7948822 19.2325115 46.1079025
v 0.9604172 18.8316689 46.2961426
v 2.7056227 19.0715847 46.1298294
v 4.4195681 18.4241409 46.2638054
v 5.8744478 19.0800343 45.8317223
v 8.8304625 18.9284630 45.4196777
v 11.7323666 18.6856003 44.8601494
v 14.6184931 18.3340874 44.1522064
v -11.6210556 17.1191750 45.5094681
v -8.9031582 17.4847012 45.9794922
v -4.8223624 17.8817196 46.4336510
v -1.7798604 17.8947678 46.6438751
v 0.6613381 17.7724743 46.7185516
v 4.4254560 16.9462605 46.8265038
v 5.9135880 17.7174664 46.3705826
v 8.8391953 17.6130848 45.9441338
v 11.7333975 17.3838406 45.3801651
v 14.5623741 17.0278988 44.6897736
v -11.5568180 15.6882067 46.0393486
v -8.9658279 16.1468048 46.4537086
v -4.3123813 16.3738308 47.0363846
v -1.6781493 16.5087337 47.1555595
v 2.8032835 16.7504883 47.0207481
v 3.6631355 15.6786432 47.3287010
v 6.0152764 16.3849583 46.8461533
v 8.8485355 16.2870598 46.4290733
v 11.7337198 16.0716190 45.8612213
v 14.5572052 15.7453613 45.1592636
v -11.3287992 13.9839811 46.6453209
v -8.9758978 14.8897104 46.8702545
v -3.9689803 15.2444878 47.4502983
v 1.2147005 15.0013084 47.6712036
v 2.3469932 15.6569548 47.4186859
v 4.6364355 14.6483479 47.5745506
v 6.0488477 15.1093540 47.2696915
v 8.8501368 14.9513502 46.8760109
v 11.7341633 14.7463198 46.3042526
v 14.5711250 14.4383879 45.5896149
v -8.8928022 13.6294947 47.2690239
v -4.4117866 14.1840429 47.7362404
v 1.3149509 13.4723577 48.1237221
v 2.9048595 14.3263693 47.8092003
v 5.9499068 13.7937431 47.6820107
v 8.8418598 13.6004715 47.2871132
v 11.7316275 13.4051657 46.7107430
v 14.5640383 13.1065512 45.9922867
v -11.5165281 12.2741432 47.0779724
v -8.8595533 12.2922134 47.6409569
v -4.9148026 13.1022816 47.9918480
v 1.3324500 11.9261885 48.5299911
v 2.8488178 12.6340342 48.2875214
v 4.3569102 11.7739887 48.3894424
v 5.8800731 12.3985958 48.0714531
v 8.8317432 12.2283735 47.6620979
v 11.7259207 12.0463982 47.0807533
v 14.5413485 11.7579012 46.3622284
v -11.6267443 10.7982655 47.4089470
v -8.8438768 10.8943901 47.9827194
v -4.6596308 11.9064550 48.3264542
v 1.3401924 10.4149799 48.8769836
v 2.8370380 11.1072874 48.6605110
v 4.3440104 10.3025455 48.7254944
v 5.8558340 10.9665461 48.4205971
v 8.8256073 10.8323936 47.9995499
v 11.7182884 10.6684437 47.4136848
v 14.5136995 10.3898964 46.6960945
v -14.4309235 9.2647753 46.9600449
v -11.6881886 9.3488712 47.6994019
v -8.8508329 9.4255056 48.2904739
v -4.3673406 9.0311375 48.9731216
v -1.6066126 10.5206833 48.8432465
v 1.3402282 8.9037962 49.1745872
v 2.8349268 9.6131554 48.9766426
v 4.3412733 8.8261395 49.0143661
v 5.8498116 9.5164881 48.7263222
v 8.8231144 9.4117537 48.2980766
v 11.7094316 9.2715502 47.7080956
v 14.4678831 9.0103331 46.9950676
v 18.6245918 9.1074181 45.4919243
v -19.4258499 8.1895943 45.3320503
v -14.4633560 7.8233700 47.2111626
v -11.7260666 7.8944411 47.9519157
v -8.9792089 7.9565916 48.5295982
v -4.1974616 7.5439968 49.2403450
v 1.3403730 7.3702383 49.4278946
v 2.8329737 8.1121159 49.2474442
v 4.3423600 7.3356528 49.2593231
v 5.8496923 8.0486736 48.9902077
v 8.8237038 7.9682250 48.5571060
v 11.7039309 7.8584270 47.9625969
v 14.3943119 7.6703110 47.2546768
v 18.4628525 7.4474730 45.8551102
v 19.6594353 7.9077644 45.2804184
v -17.1174068 6.3536301 46.5410728
v -14.4897280 6.3628817 47.4216156
v -11.7437153 6.4329181 48.1653137
v -9.0639286 6.5553412 48.7231903
v 1.3510622 5.8239346 49.6338959
v 2.8358910 6.5961676 49.4730301
v 4.3508863 5.8347292 49.4587860
v 5.8551149 6.5662665 49.2102852
v 8.8288574 6.5082970 48.7734833
v 11.7098932 6.4307890 48.1736183
v 14.4027119 6.3545351 47.4478416
v 19.7958031 6.5455112 45.4377708
v -19.7173538 4.8967261 45.6822205
v -17.1718788 4.8779650 46.6977501
v -14.5068951 4.8747816 47.5919647
v -11.7340908 4.9580083 48.3418159
v -8.9757986 5.1236577 48.9117050
v -1.5507442 5.6778283 49.6438828
v 1.3450118 4.2968884 49.7894669
v 2.8427064 5.0746737 49.6517944
v 4.3739467 4.3360305 49.6106567
v 5.8727465 5.0809426 49.3839607
v 8.8424053 5.0455866 48.9443283
v 11.7309361 4.9937820 48.3390961
v 14.5003519 4.9715810 47.5841904
v 17.1738739 5.0634532 46.6776695
v 19.8642578 4.9709520 45.6081810
v -17.1909103 3.4080482 46.8205223
v -14.5221176 3.3392413 47.7190895
v -11.6994314 3.4729834 48.4798241
v -8.8496265 3.6003428 49.0709648
v -4.2794504 3.8154662 49.6644974
v -1.4182624 3.9430509 49.8187103
v 1.1069390 2.6442428 49.9097061
v 2.8364582 3.5469437 49.7845726
v 4.4420648 2.8654480 49.7116737
v 5.9175391 3.6133964 49.5084534
v 8.8676682 3.6000266 49.0680199
v 11.7649260 3.5647182 48.4580231
v 14.5890779 3.5355523 47.6863251
v 17.3000603 3.5117555 46.7728386
v 19.9482193 3.3879426 45.7146950
v -19.6924858 1.8496866 45.9152451
v -17.1869316 2.0154665 46.9028435
v -14.5826511 1.6022073 47.7891693
v -11.6363764 2.0326056 48.5774765
v -8.8132458 2.0972393 49.1648521
v -3.7545099 2.5033963 49.7922554
v 2.9263344 2.0660679 49.8638954
v 6.0131450 2.1905372 49.5819702
v 8.8976908 2.1923318 49.1466942
v 11.8085432 2.1692615 48.5311089
v 14.6840849 2.1211679 47.7423248
v 17.3949699 2.0592096 46.8245926
v 19.9903469 1.8138945 45.7845268
v -37.2883949 2.4747188 -33.2080307
v -25.5885029 3.6581583 -42.7908707
v -3.2413740 2.8579032 -49.8031807
v -18.1472416 4.2598743 -46.3922043
v -18.2226543 5.7913427 -46.1981316
v 19.5538082 8.3341370 -45.2495499
v -37.9984932 8.7949371 -31.2830887
v 20.6548119 13.8188019 -43.3798141
v 19.5901413 17.4830971 -42.5439644
v 16.9589520 33.5370598 -32.9702682
v 47.9619827 10.6199751 -9.3166342
v 17.9882355 36.1856041 -29.4336224
v 16.6204872 38.8828201 -26.6718254
v 17.7929306 41.9130859 -20.6504860
v 31.5008698 36.4217567 -13.4462109
v -33.2995186 35.2037277 -12.2927780
v 15.9663982 45.8339272 -11.9907064
v -33.6070709 36.0052490 -8.5784025
v -2.6261168 49.9081154 -1.2683674
v -23.4110699 44.1657600 0.8819534
v -1.8990037 49.8710365 2.8937240
v -0.1036386 49.9031982 3.0695014
v -38.0078011 31.2757301 8.7804794
v 0.0098171 43.4044304 24.8102398
v -0.0968371 35.5429230 35.1582069
v 0.1792136 34.4404144 36.2361832
v 0.6448144 33.3788872 37.2063751
v 16.0173874 27.3231678 38.6793098
v 17.3259392 19.8970089 42.4636383
v 31.5008640 13.4462996 36.4217262
v -33.2995338 12.2927456 35.2037239
v 15.9403515 14.9008493 44.9803925
v -33.6081696 8.5763865 36.0047302
v 47.5442963 1.5955155 15.3905163
v 46.0167427 1.6381643 19.4861469
v -42.9919510 1.8642513 25.4569321
v -15.3201399 0.9592754 -47.5788155
v 7.8157721 1.4373196 -49.3619347
v 8.8213596 4.5965896 -48.9957733
v 18.1211777 8.2647686 -45.8531876
v -1.5145313 21.0942917 -45.2949905
v -1.4944890 27.3255081 -41.8331909
v -2.7517977 34.9277229 -35.6605644
v 16.6552830 44.6662064 -15.0572672
v -2.6692812 47.4888916 -15.4022284
v -3.2843139 49.3887825 -7.0234518
v -1.6756381 49.9025917 -2.4989789
v -24.7053280 43.4642029 0.3583227
v -21.0238361 45.3047905 2.1804376
v 10.2342577 48.8715668 2.4068813
v 14.5954132 47.7133255 3.1452706
v 8.7978830 48.8067474 6.3169775
v 10.2395458 48.7695007 3.9621317
v -1.8888565 45.1422462 21.3932533
v -1.6105471 15.0765371 47.6347160
v -6.2201757 1.3488786 49.5824890
v -4.6138978 1.2812345 49.7600136
v 12.0247374 2.1821802 -48.4767456
v -6.3384042 2.9007976 -49.5025902
v 5.5918007 2.7479894 -49.5991173
v 8.4263124 2.8991146 -49.1909332
v -5.4947968 4.3068871 -49.5056038
v 1.2327669 5.0320668 -49.7222404
v 11.7443581 48.5661774 1.6798341
v -3.9778800 49.5708694 5.1338573
v -29.8524208 8.9230986 -39.0958748
v 19.5207806 11.9742355 -44.4370804
v -27.4096718 11.6306515 -40.1595993
v 41.9861984 7.8998151 -25.9730587
v -20.6018124 15.0898142 -42.9795532
v 21.8527164 15.7743969 -42.1104240
v 17.3053799 22.8711586 -40.9502678
v 41.9919815 13.4902716 -23.5476284
v -38.6731796 19.6083202 -24.8867569
v 15.9257927 31.1847839 -35.6798363
v 16.6427174 34.6947327 -31.9173737
v -48.8297691 8.9078226 -6.0113130
v -37.8762970 25.9012489 -19.8547955
v -0.1119870 49.6426201 -5.9184394
v 23.7222481 43.5567970 -6.2764468
v 35.8540840 34.8296623 -0.9375491
v -29.7724037 39.2095528 8.7014427
v -27.4043446 40.1600647 11.6415997
v 21.7678814 42.8193130 13.8641148
v -20.7056160 42.9600754 15.0086336
v -0.2186491 45.5358467 20.6391106
v -0.1852010 44.8470383 22.0940437
v -45.1316833 17.6821594 12.2507076
v -38.6826439 24.8791485 19.5996342
v -0.2452415 37.6216812 32.9230042
v -0.1972759 36.6130714 34.0413589
v -19.6010914 32.7327461 32.3092461
v 44.4746742 15.7708740 16.5124683
v -37.8763084 19.8547974 25.9012337
v 18.5119019 24.7237339 39.3076210
v 16.6911278 21.2259235 42.0722008
v 18.1923294 16.1272240 43.6813698
v 18.1688576 10.4835176 45.3799400
v -0.1176082 6.5825181 49.5590515
v 23.4257107 6.2398715 43.7240105
v -0.0722360 5.0030942 49.7433395
v 23.5094280 1.2479547 44.1005936
v 38.0151901 1.1848173 32.4455414
v -1.6669687 8.3060322 -49.2659302
v 6.8780909 12.0950508 -48.0176659
v -1.1253936 15.4788322 -47.5218544
v 0.0318196 25.4744797 -43.0215950
v 15.3424530 27.4534569 -38.8597488
v -7.4692907 36.7590065 -33.0451546
v -7.5481758 40.2064018 -28.7306252
v -1.7081128 40.5477066 -29.1884613
v -1.6961969 41.4309921 -27.9201965
v -1.6849264 42.2564964 -26.6545486
v 16.0939121 42.6291656 -20.5680981
v -7.5840635 46.7022438 -16.1350822
v 18.1238384 44.0274353 -15.2384462
v -0.1815077 49.1824455 -8.9682417
v 22.1990719 44.5985451 4.2023516
v -5.9923511 40.6730881 28.4388256
v -6.1432090 38.1655846 31.6949959
v 43.7564659 16.4796486 17.6987419
v 15.4973907 29.7769451 37.0429535
v 18.0443001 28.5262814 36.8796082
v 16.9654026 29.7551689 36.4147644
v 17.7071972 27.3082218 37.9514656
v -5.2189221 25.6414146 42.5993996
v -5.2082143 15.3327465 47.2998695
v -2.8752520 3.6134746 49.7775803
v -14.3291092 6.6336708 -47.4338150
v -7.3971233 8.4056435 -48.7200928
v -6.9874167 12.6743240 -47.8538818
v -2.4562328 13.7465248 -48.0066757
v -2.3728237 14.9534712 -47.6505051
v 6.2268486 13.4439526 -47.7524948
v -2.1965201 16.3424301 -47.1985397
v -7.5221734 25.8358116 -42.1295662
v -7.4665165 30.5558949 -38.8534088
v -3.2465246 40.0070229 -29.7977085
v -1.6755422 43.0316544 -25.3845139
v -1.6538061 43.7773666 -24.0770645
v -1.6076837 44.5419807 -22.6354675
v -7.6363783 45.1278191 -20.1025486
v -7.5400229 47.9238548 -12.0593557
v -18.3051071 45.9949379 -6.9885998
v -7.5459456 48.8067665 -7.7370305
v -7.5137382 49.1894379 -4.7813845
v -5.4603047 48.0875473 12.5395594
v -5.1914091 43.9470711 23.2582016
v -5.2907414 26.7590981 41.8970680
v -18.3026009 7.1301270 45.9737740
v -7.8662438 2.9257407 -49.2819824
v 18.2784195 12.1954660 -44.9028473
v -2.5226247 46.5826492 -17.9798241
v -8.9099293 49.0213699 -4.0977225
v 10.2545938 48.6178246 5.4884896
v 23.3587818 44.1764679 -1.4034848
v -2.6403828 47.0142822 -16.8024216
v 23.3611698 6.7553844 -43.6819916
v 21.0619850 8.3902292 -44.5577774
v 22.9707432 10.2396021 -43.2084503
v -19.3063030 14.7708073 -43.6859512
v -15.6770086 17.0087624 -44.3223457
v 19.8130436 20.9825821 -40.8217278
v 20.3667755 23.5801544 -39.1003036
v -36.6578941 20.8661575 -26.8351936
v -36.8014870 21.7057343 -25.9605484
v -15.4559498 31.7622433 -35.3813705
v -14.2199945 39.2233772 -27.5468464
v 18.2378578 39.4682045 -24.6714058
v -12.9625711 46.9895897 -11.1158648
v 23.1378975 43.7815781 6.9020634
v -43.7769928 22.9372616 7.5556726
v -17.2534828 44.4636269 14.9851074
v -15.7509127 44.3599548 16.8446007
v 21.9439392 39.6223907 21.1622086
v -44.0463676 20.1775131 12.3350363
v 0.0866226 41.3346443 28.1265278
v -36.6594963 26.8342056 20.8646564
v -36.8025970 25.9599323 21.7046165
v -15.4598942 35.4362907 31.6982155
v 19.5649166 29.3676834 35.4130020
v -14.2084122 27.7058392 39.1148796
v -34.8620949 0.8117968 -35.8274727
v 5.8112283 9.8934422 -48.6546516
v -4.8053694 18.0392628 -46.3729134
v -4.4412565 23.6389065 -43.8229599
v 17.9774761 26.2442226 -38.5681953
v 16.0635681 29.9134979 -36.6965828
v -4.6424570 44.4630470 -22.3727779
v 18.0658569 41.0867424 -22.0197315
v 18.4516659 43.3957329 -16.5967789
v 18.2718716 45.3733292 -10.3233690
v -4.8801799 49.7548676 -0.0855215
v -4.7251077 47.4059753 15.1456251
v -4.5679231 45.9006920 19.2698021
v -5.0574236 39.4834328 30.2469292
v -0.2313045 39.5511589 30.5799770
v 19.2700653 34.6653214 30.4346409
v 16.1299210 32.2733803 34.6094666
v -4.5245061 27.8376026 41.2745323
v -4.1345429 23.4908848 43.9393539
v 19.7512913 15.7615824 43.1351814
v 38.9960823 1.2750473 31.2568378
v 5.7367406 8.1996574 -48.9774208
v -6.2246509 38.4551888 -31.3296032
v -5.2876320 45.0898399 -20.9391975
v -5.9877028 47.1097946 -15.6217117
v -4.1338573 42.8323517 25.4562397
v 8.4637365 11.8468285 -47.8268089
v -5.0657630 24.9159546 -43.0415268
v -5.9214740 47.6506195 13.9060726
v -5.8064117 16.6223278 46.7908020
v -5.8751674 9.6499891 48.6988335
v -5.2903113 6.6641049 49.2644501
v -1.2292546 49.8078270 4.0879269
v 5.9778333 11.1741343 -48.3577499
v 16.6014252 26.9484386 -38.6955948
v -17.8805904 15.0428419 -44.1969490
v -0.9873695 16.6464443 -47.1316872
v 31.3681221 13.0555468 -36.6763611
v 23.0511456 18.8726864 -40.1506844
v 29.0889874 31.6341591 -25.5473557
v 32.5018158 30.3776131 -22.8132057
v -36.2872467 33.7138138 -6.7916188
v 35.7131310 34.7896652 3.7323365
v -15.7638044 46.6347313 8.7408876
v -19.2887077 43.7190437 14.6930971
v 31.4670219 36.5655937 13.1316519
v 29.0909386 25.5469589 31.6327286
v 32.5018158 22.8132076 30.3776150
v -36.2945366 6.7807741 33.7079277
v -0.1271513 8.1717939 49.3225250
v -1.7508646 2.8074815 -49.8801079
v 8.3522110 9.0683842 -48.4507713
v 20.7731514 17.6855717 -41.8914566
v -3.8361404 22.0951691 -44.6816711
v -7.4127884 49.4230804 1.2392664
v 18.3375492 45.7542076 8.3360176
v -4.2826200 41.9927750 26.7901707
v -3.1315107 40.5930214 29.0115395
v -3.7834373 24.9756165 43.1424332
v -5.6436949 8.1434593 49.0024300
v -4.4975734 29.7816544 -39.8975372
v -3.8604457 48.0220222 -13.3544998
v -1.4761009 49.5022926 6.8045974
v -1.4765842 23.0397587 44.3395386
v -2.7309358 4.8585062 49.6791267
v 22.2533379 3.5321469 44.6294250
v -4.4863324 37.2745285 -33.0088387
v -5.2341599 46.6879044 -17.0932255
v 15.8796806 39.9116096 25.5773773
v -6.7113686 30.8064537 38.7955322
v -21.7333984 16.9917660 -41.6925888
v -0.2870545 2.7598054 -49.9163017
v -0.8757809 4.1368065 -49.8150864
v -35.0925484 5.3603721 -35.2061310
v 22.7173843 34.9654579 -27.5793438
v -12.9278374 40.9074593 -25.6666145
v -45.0346909 20.6799507 -6.6435618
v 35.6843834 33.9960403 8.4151487
v -42.3214874 22.6129665 14.0415668
v 22.5426655 27.4377117 35.1909294
v -12.8702269 26.0757542 40.6699181
v 24.7600479 1.3200237 43.4085464
v -12.1889038 2.9845316 -48.3930130
v 18.6420364 46.3794250 0.6580474
v 20.4454193 45.0050812 7.4882188
v 21.7938080 44.2690887 8.0584955
v 20.7035809 44.6524773 8.7617188
v 20.9998322 44.8606186 -6.7528124
v 15.9639845 47.3655586 0.8364661
v -1.3008435 24.9137096 -43.3203278
v -2.8728244 36.9454384 -33.5537758
v 15.5420961 34.3537598 -32.8217125
v 15.9302092 40.6254730 -24.3949223
v -4.4592156 46.9191017 16.6653233
v -5.3654604 43.2103004 24.5659142
v -5.6423779 30.0629940 39.5434151
v 17.2156601 15.3836536 44.3402100
v 19.6097317 44.2405891 12.5510836
v 7.1829886 5.1132059 -49.2059746
v 1.8898791 4.0236864 -49.7922516
v 18.9719105 28.0118351 -36.8132248
v -20.1122475 7.1620016 -45.2063866
v -31.8111763 13.8304911 -36.0078011
v -38.8614235 17.9900990 -25.8056316
v -29.6856689 31.3864307 -25.1611538
v -31.6553459 36.0948448 -13.9535999
v -31.8112717 36.0072174 13.8317404
v 24.1577911 38.6000481 20.6352615
v -38.8849602 25.7826862 17.9712830
v -29.6856308 25.1611595 31.3864632
v -31.6553516 13.9536009 36.0948410
v -5.7154593 6.6978598 -49.2108841
v -30.3204708 10.2812853 -38.3952217
v 4.2053185 49.8134117 -0.4656796
v -30.3093987 38.4153633 10.2378035
v -3.8827686 44.3032684 22.8438110
v 5.6322322 5.3371572 -49.3817215
v -3.6599569 34.1698227 -36.3066826
v -1.9589211 49.2709579 -8.2276392
v -7.3208036 41.9820213 26.1361694
v 16.4639530 36.5829163 -29.8350811
v -4.3188596 36.2312012 -34.1726570
v -5.1237035 22.2233696 -44.4850349
v 23.0510178 39.3371811 20.5218010
v -28.9109440 2.7226179 -40.6949806
v -0.1321042 8.7494526 -49.2225952
v -28.3310966 14.5725021 -38.5348587
v -49.5241890 3.4861383 -5.8899155
v -44.9306374 13.4227676 -17.3413086
v 34.7291069 25.5752907 -25.2897015
v 38.5825958 29.9018555 -10.8254919
v -49.0830994 9.3174810 -1.9141641
v -30.7115650 38.7791061 -7.2506490
v 28.2480412 40.7009315 6.6973782
v -49.1875801 8.5002480 2.8305793
v -28.3294659 38.5329247 14.5803766
v 25.3938503 39.7405663 16.5945282
v -41.5644150 24.0529308 13.9070549
v 34.7291069 25.2896900 25.5753059
v 20.4194622 26.2054291 37.3622437
v 38.5825043 10.8320971 29.8994904
v -45.5138512 5.0042734 20.0746632
v -30.7133846 7.2507019 38.7776146
v -34.1824074 1.3567162 36.4566460
v -10.1891890 1.5010793 -48.9245148
v -29.5563831 14.8429384 -37.4929008
v -29.5559616 37.4924355 14.8449869
v -17.0298023 46.3894157 -7.5760231
v 11.7187948 48.4975510 3.1812143
v -17.0243435 7.7613606 46.3624191
v 16.8392620 24.5883884 40.1387939
v 31.0182991 35.7869377 -16.0119228
v 19.2248726 43.9558945 -14.0620098
v 31.0184193 16.0118599 35.7868652
v -21.8086910 3.7838931 -44.8243523
v 17.2749424 40.2008057 -24.1825237
v -24.4441566 4.3115368 -43.3969879
v -23.7536335 6.7862129 -43.4660301
v 36.3481941 10.4941711 -32.6804390
v -44.3539925 14.9738140 -17.5618591
v 29.0614719 35.6262360 -19.6389599
v -28.6406822 40.2763519 -7.5347290
v -1.5672148 47.5094109 15.4693289
v -48.1447945 12.1770191 5.8117480
v -47.7235565 13.7614365 5.7483878
v -40.7172356 24.6980534 15.2217989
v 45.1248932 15.0368700 15.3979282
v -49.6695366 2.6475649 5.0317163
v 29.0617847 19.6383057 35.6263504
v -28.6391315 7.5363479 40.2771645
v -5.2227039 47.9969788 -12.9756899
v -4.5031042 10.4912233 48.6685562
v 7.5713301 3.8735991 -49.2631645
v -3.2522256 34.3054047 36.2145729
v -44.8774948 7.9660878 -20.5447063
v -16.8772869 33.0947304 -33.4576645
v -24.8830605 32.1335793 -29.1146259
v 27.6736031 36.8559952 -19.3705883
v -46.2607460 18.6422672 -3.4934318
v 49.4268684 7.3491359 -1.5629029
v -25.3435478 42.9555244 -3.4569159
v -27.1528740 41.9665413 -1.0899386
v 27.1725979 41.9558563 0.6822207
v 45.4593544 18.8942833 8.7329521
v -16.8951321 33.4459152 33.0978699
v -16.9219208 32.3537064 34.1526871
v -24.8830605 29.1154861 32.1328087
v 27.6753635 19.3667088 36.8566895
v -46.2848740 2.7268565 18.7090950
v -20.4514351 3.0883651 -45.5138817
v 21.1426468 3.3718667 -45.1734467
v -40.7217140 25.5281677 13.7707996
v -0.2635796 38.5976295 31.7735538
v 18.4335232 32.8486023 32.8670464
v 20.7989197 4.5878358 -45.2277451
v 2.9832983 6.9223933 -49.4204712
v 3.2615867 17.8143234 46.5989723
v 4.9424119 15.7562151 47.1872749
v -21.1440697 15.9847984 -42.3913651
v 20.6747551 15.2240276 -42.8958435
v -3.0809364 49.6122513 -5.3265076
v 35.6417313 8.6642561 -33.9751892
v -28.6798744 17.6841564 -36.9349136
v -47.8091469 7.3280053 -12.6570358
v -18.2382565 33.2483406 -32.5868378
v 21.6494179 33.8932686 -29.7040730
v 26.6218300 36.9283524 -20.6654510
v -48.4750748 11.8542566 -3.0652976
v 20.6449738 43.2720833 -14.1758223
v -47.7910156 14.6760626 -0.5507885
v 49.2806931 8.4292555 0.5269256
v -28.6791573 36.9345856 17.6860847
v -49.9040909 2.3518808 1.9737363
v -39.8086662 26.1904678 15.1333828
v 43.9663467 17.2159386 16.4347229
v 26.6209259 20.6621571 36.9307976
v 4.4157491 13.2548513 47.9996452
v -49.6517944 1.2542592 -5.7100611
v 39.4658279 11.1807518 -28.5869560
v 37.7382088 18.8585835 -26.8292274
v 24.0116100 42.9497833 -8.8468256
v -24.3738747 41.7058716 12.8830242
v -24.4370422 41.2703629 14.1102076
v -38.8742218 26.7276516 16.5595398
v 37.7386055 26.8272228 18.8606262
v 26.0245380 5.8288140 42.2858963
v 1.9380298 17.8099670 46.6709404
v 1.1941260 16.5645885 47.1523514
v 15.6065302 33.3289452 -33.8324165
v -6.0735765 49.4644814 -3.9690504
v 4.3303323 48.0757866 13.0027285
v 0.0300406 49.7732925 -4.6889100
v -2.2722564 49.7945328 -3.8734858
v 28.1020794 37.9209366 -16.4869251
v -45.6519699 19.9109859 -4.3989325
v 43.3468590 24.4796677 4.6346993
v 42.6173286 25.6065407 5.2585521
v -42.3382454 24.1040459 11.2265539
v 28.1079426 16.4823284 37.9185066
v -18.0364494 45.8918953 -8.2464895
v -3.9893246 31.4829502 38.6333427
v -18.0323963 8.3476763 45.8744011
v -4.6713352 32.4373665 37.7490921
v -45.6450005 19.2522526 -6.7686181
v -45.5215797 19.8780251 -5.6765480
v -49.1076508 1.6079553 -9.2513275
v -27.1156502 23.1214218 -35.0671806
v -45.6310539 15.3426590 -13.5024118
v -46.2574196 16.3668690 -9.6016140
v -30.6270237 38.5822716 -8.5433807
v -27.1154022 35.0671806 23.1217079
v -45.4990616 13.6192818 15.6187286
v -0.0141834 27.3321400 41.8652382
v -46.2328339 9.6256065 16.4249420
v -30.6274891 8.5428963 38.5820160
v -31.4067631 27.2101707 -27.7938118
v -31.4067574 27.7938175 27.2101746
v -31.2399750 28.1817913 -27.0006123
v -31.2399712 27.0006142 28.1817932
v 48.3191109 11.4637127 5.8064752
v -49.9689064 1.0710338 1.3341942
v 17.4486713 22.2619133 41.2227554
v -7.3921776 10.2566624 48.3663673
v 1.5639496 26.5578651 42.3282585
v -18.9124241 7.2524743 -45.7067337
v 26.9248428 41.8894615 -4.4665508
v 24.4324894 27.0282078 -34.2342186
v -48.0743675 12.9840927 4.4680214
v -16.8276424 6.2351141 -46.6639557
v -4.0094924 6.2185354 49.4428024
v -44.5468140 1.2819915 22.6588306
v -4.7901840 5.2197399 49.4866066
v -45.0330658 21.0764294 -5.2623701
v 30.1538887 39.8241501 -2.0891967
v -48.3285332 12.4021196 3.1588831
v 7.4740448 7.7978535 -48.8141327
v 6.9804811 49.4894218 0.9739639
v 44.5116920 21.8946934 6.2264943
v 28.8371906 5.3078256 -40.4926224
v -45.0319405 15.7350740 -14.9806995
v -28.6661739 40.8562202 2.8886170
v -49.3486557 6.5736222 4.5994849
v 25.4476910 33.2276535 27.3467693
v -49.0338707 5.5277729 8.0380135
v -25.7782555 28.8368816 -31.6801929
v -25.7779732 31.6815910 28.8356266
v -31.7544403 35.5528679 -15.0840569
v -31.7544498 15.0840597 35.5528641
v -15.7300558 46.0141106 11.6112223
v 24.2133064 33.1316032 -28.5581112
v -31.2234383 37.8822899 -9.4445457
v -31.2237415 9.4440250 37.8821754
v 36.0351601 2.7445345 34.5466423
v -2.7224767 45.6743088 -20.1391010
v 22.6884251 41.2372742 16.8564434
v 18.8829308 17.1432152 43.0002327
v 9.0741711 7.6344948 -48.5714340
v -2.1459699 33.7733459 36.7985611
v 20.1250153 35.1878510 29.2577534
v 9.9489489 8.9688702 -48.1660843
v -20.9273453 44.4426041 9.2990894
v 20.6548996 41.0701294 -19.6433811
v -20.8451252 9.2256174 -44.4961891
v 27.2992039 7.8866000 -41.1322250
v 47.0806999 12.8574705 -10.8602676
v 22.8967552 34.0532341 -28.5578938
v -46.2149734 14.7501974 -12.1053667
v -28.8390751 39.5126610 -10.3163242
v 23.8649158 43.8162155 3.1273606
v -28.8389187 10.3163404 39.5127716
v -29.5122795 38.7304115 -11.3512325
v -45.2854156 6.6331763 20.1165981
v -29.5122566 11.3511944 38.7304420
v 28.5344429 8.0376396 -40.2531662
v -1.0059555 45.0869904 -21.5753574
v -28.8791218 40.0632210 7.7580171
v 19.3002663 40.1968880 22.6088772
v 0.2480047 31.6822758 38.6735916
v -45.9217987 5.8283567 18.8838902
v 29.0620022 9.4642220 -39.5644989
v -24.3161087 28.2905140 -33.2823601
v 45.3937683 19.5727406 -7.4917736
v -24.3165932 33.2836838 28.2885113
v -45.5633469 8.6028252 18.7006702
v 29.5680428 8.1139669 -39.4853325
v -28.2222633 39.6675186 -11.3796873
v 46.0895538 13.2272816 14.1597090
v -28.2221680 11.3797159 39.6675835
v -25.0442696 1.3114332 -43.2503891
v -23.7354794 3.1150196 -43.8888969
v 0.1167459 26.0909042 42.6482124
v 31.0321178 39.1724701 -1.2966169
v 46.9774590 11.8220768 -12.3712864
v -44.9015350 21.8373661 2.5576074
v -24.2392387 7.5340281 43.0707359
v -29.5974846 38.2053413 -12.8053169
v -29.5974789 12.8053036 38.2053452
v -24.2753220 43.0285950 -7.6507897
v -49.1545372 7.1514339 5.7101836
v 32.0732193 2.8380740 38.2433853
v 23.2253990 36.4210472 -25.1744900
v 21.7390289 35.7604256 -27.3546219
v -24.4962368 9.0551319 -42.6310310
v 46.5289040 17.0293636 -6.7047391
v -3.6507082 47.6595612 -14.6419725
v 47.8984947 12.3653135 7.2511511
v -24.4231949 6.2864604 43.1672440
v -5.6219349 22.9192429 44.0734787
v 26.2970505 7.6517377 -41.8238068
v -48.2653313 2.7477922 -12.7446432
v 47.5413513 12.6743031 8.8914957
v -46.8531876 2.2785926 17.2980042
v 39.5256920 1.1393911 -30.5971260
v -48.8247261 1.3704950 -10.6812429
v -48.6138802 4.5300164 -10.7569065
v 29.2674255 34.3236465 21.5630589
v 23.0145855 44.2726250 -3.1370764
v -48.5991669 2.4446907 -11.4777670
v 24.4493637 43.5537376 -2.2324307
v 28.4001598 6.8534279 40.5689011
v -23.4173164 5.6223226 43.8122635
v 23.3768291 43.9318695 -4.8024426
v 28.1957741 5.5705638 40.9078598
v 44.1001549 13.1533327 19.5423546
v 44.2510262 11.9299288 19.9795856
v 17.6129436 35.5166054 -30.4607391
v 28.4645863 40.5428467 -6.7299299
v -5.5766044 35.6034966 -34.6543961
v 46.0567856 1.2242016 -19.4193172
v 49.9435577 1.0567753 2.0957227
v 19.7844601 16.0310898 -43.0208435
v 49.0216141 8.7717600 4.4391799
v 28.2561073 34.4820099 22.6246681
v -48.0478058 4.4554605 -13.0825806
v 48.7983818 10.2116680 3.7331855
v 48.6449356 10.5165634 4.7789984
v -6.7571645 23.8682346 43.4031219
v -23.2885933 42.4533958 12.4382486
v 45.6103172 10.1139011 17.8034534
v -6.6022949 34.6413155 -35.4336929
v 45.5538788 11.2808924 17.2392082
# 7474 vertices, 0 vertices normals

f 98 22 21
f 6912 24 23
f 99 25 24
f 100 7094 25
f 101 27 26
f 101 28 27
f 103 30 29
f 7218 31 30
f 104 32 31
f 105 33 32
f 106 34 7422
f 117 64 63
f 118 65 64
f 119 66 65
f 120 67 66
f 121 68 67
f 122 69 68
f 123 70 69
f 124 71 70
f 125 72 71
f 126 73 72
f 177 75 74
f 127 76 75
f 128 15 14
f 129 17 16
f 130 18 17
f 131 19 130
f 132 20 131
f 133 21 132
f 134 98 133
f 135 23 98
f 137 100 99
f 138 26 100
f 139 101 138
f 140 29 102
f 140 103 29
f 142 104 199
f 142 105 104
f 5888 7166 151
f 165 116 164
f 166 117 165
f 167 118 166
f 168 119 167
f 169 120 168
f 170 121 169
f 171 122 170
f 172 123 171
f 173 124 172
f 174 125 173
f 175 126 174
f 176 74 126
f 178 127 177
f 179 7446 127
f 180 77 7446
f 181 78 180
f 182 79 181
f 183 80 182
f 184 12 11
f 185 13 12
f 186 14 185
f 187 16 128
f 188 130 129
f 189 131 130
f 190 132 131
f 191 133 132
f 192 135 134
f 193 99 136
f 193 137 99
f 194 138 137
f 195 139 194
f 196 102 139
f 197 140 196
f 198 141 197
f 201 143 200
f 205 5885 204
f 206 145 5886
f 211 152 7166
f 220 166 165
f 221 167 166
f 7372 169 168
f 223 170 169
f 224 171 170
f 276 172 171
f 225 173 172
f 226 174 173
f 227 176 175
f 228 177 176
f 229 179 178
f 230 180 179
f 230 181 180
f 328 182 181
f 232 81 183
f 233 82 81
f 234 83 82
f 235 84 83
f 237 9 8
f 238 10 9
f 239 11 10
f 240 185 184
f 241 128 186
f 242 129 187
f 243 134 191
f 297 192 243
f 244 136 192
f 244 193 136
f 246 194 7167
f 247 196 195
f 248 197 196
f 249 199 198
f 249 200 199
f 252 7250 202
f 253 203 252
f 254 205 204
f 256 206 7362
f 269 216 268
f 270 217 269
f 271 220 219
f 272 221 220
f 275 223 274
f 276 224 275
f 277 225 276
f 278 226 225
f 279 175 226
f 280 228 227
f 281 178 228
f 282 230 229
f 283 183 231
f 284 233 232
f 285 234 284
f 286 235 285
f 288 86 236
f 289 87 288
f 290 88 87
f 290 89 88
f 292 187 241
f 293 189 188
f 294 190 293
f 295 191 190
f 296 243 295
f 298 244 297
f 299 246 7167
f 342 195 246
f 300 248 247
f 301 198 248
f 302 249 301
f 303 250 302
f 304 201 303
f 305 253 7251
f 307 254 253
f 308 7358 7195
f 310 256 255
f 6917 269 268
f 7070 270 269
f 322 222 273
f 7407 274 322
f 324 276 275
f 325 226 278
f 326 227 279
f 327 229 281
f 329 231 328
f 330 232 283
f 331 238 237
f 332 239 238
f 333 184 332
f 334 186 240
f 335 242 292
f 336 188 242
f 337 293 336
f 338 295 294
f 339 297 296
f 340 245 298
f 341 246 299
f 343 247 342
f 344 300 343
f 345 302 301
f 346 303 302
f 347 304 303
f 7436 251 304
f 348 305 7436
f 349 350 7396
f 351 309 350
f 352 310 309
f 353 311 310
f 360 7219 5914
f 369 7070 6917
f 372 272 321
f 376 324 323
f 377 277 324
f 378 278 277
f 378 325 278
f 380 279 325
f 380 326 279
f 382 280 326
f 384 282 327
f 385 328 282
f 386 283 329
f 387 284 330
f 388 285 387
f 389 236 287
f 390 288 389
f 391 90 291
f 392 91 90
f 393 92 392
f 395 241 334
f 396 336 335
f 397 294 337
f 398 296 338
f 399 298 339
f 400 299 340
f 401 342 341
f 402 343 401
f 402 344 343
f 405 346 404
f 406 347 405
f 408 348 7436
f 409 306 348
f 410 351 350
f 411 352 351
f 412 353 352
f 426 369 425
f 427 370 426
f 428 371 7071
f 430 373 429
f 7413 7407 374
f 431 376 375
f 432 377 431
f 433 378 377
f 435 327 383
f 436 385 384
f 437 329 385
f 438 287 286
f 439 290 289
f 440 291 439
f 444 237 7467
f 445 332 331
f 446 240 333
f 447 292 395
f 448 337 396
f 449 338 397
f 6918 339 398
f 450 399 6918
f 451 340 399
f 452 400 451
f 453 341 400
f 454 401 453
f 7206 344 402
f 455 404 403
f 456 406 405
f 457 407 406
f 458 408 407
f 459 409 408
f 459 349 409
f 461 410 349
f 463 411 462
f 464 412 463
f 479 427 478
f 480 7071 427
f 480 428 7071
f 482 429 428
f 483 430 482
f 484 374 430
f 484 7413 374
f 486 375 7413
f 487 431 486
f 488 433 432
f 489 379 433
f 489 7295 379
f 492 383 434
f 493 384 435
f 494 386 437
f 495 330 494
f 496 286 388
f 497 389 438
f 498 289 390
f 499 333 445
f 500 334 446
f 501 395 500
f 502 335 447
f 503 396 502
f 504 397 448
f 505 398 449
f 507 451 450
f 508 453 452
f 509 402 454
f 510 7206 402
f 511 455 403
f 512 6979 455
f 514 456 513
f 515 457 514
f 515 458 457
f 517 459 458
f 518 460 517
f 519 461 460
f 520 463 462
f 521 464 567
f 527 471 5941
f 6919 478 534
f 6919 479 478
f 535 480 479
f 536 481 535
f 537 482 481
f 538 483 537
f 539 484 483
f 540 485 539
f 541 486 485
f 542 487 541
f 543 432 487
f 544 490 489
f 545 435 492
f 546 436 493
f 546 6980 436
f 6980 494 437
f 547 387 495
f 548 388 547
f 549 93 393
f 550 7467 443
f 551 331 444
f 552 447 501
f 553 502 447
f 554 448 503
f 555 449 504
f 556 505 555
f 557 450 506
f 558 452 507
f 559 454 508
f 560 509 559
f 561 510 560
f 563 513 512
f 565 515 514
f 566 517 516
f 575 527 7017
f 583 479 6919
f 585 537 536
f 585 538 537
f 587 539 538
f 588 540 587
f 589 541 540
f 589 542 541
f 595 493 545
f 598 495 597
f 599 438 496
f 600 390 497
f 601 439 498
f 602 392 391
f 603 94 549
f 605 445 551
f 606 446 499
f 607 7268 606
f 608 503 553
f 609 504 554
f 610 506 556
f 611 507 557
f 612 558 611
f 613 508 558
f 614 559 508
f 7196 560 559
f 615 561 560
f 7220 512 562
f 616 564 563
f 617 565 564
f 618 516 565
f 618 566 516
f 639 535 583
f 640 584 639
f 641 585 584
f 642 586 641
f 643 587 586
f 644 589 588
f 645 7131 644
f 646 543 7131
f 646 590 543
f 648 591 647
f 649 593 592
f 650 546 595
f 651 597 596
f 652 547 598
f 653 496 548
f 654 391 440
f 655 394 441
f 656 442 655
f 658 499 605
f 659 501 7268
f 660 553 552
f 661 554 608
f 662 555 609
f 663 556 662
f 664 610 663
f 665 557 610
f 666 611 665
f 667 613 612
f 668 614 667
f 670 7239 615
f 671 563 7220
f 672 616 671
f 673 617 616
f 674 618 617
f 674 619 618
f 677 623 622
f 677 7073 623
f 6920 638 7464
f 692 6982 638
f 693 640 639
f 695 643 642
f 696 588 643
f 697 644 696
f 698 646 645
f 699 590 646
f 699 647 590
f 701 648 700
f 702 592 648
f 703 649 702
f 704 594 649
f 705 595 7312
f 706 596 650
f 707 548 652
f 708 497 599
f 709 498 600
f 710 440 601
f 711 4 3
f 714 606 658
f 715 552 659
f 716 608 660
f 717 609 661
f 718 662 609
f 718 663 662
f 720 665 664
f 720 666 665
f 722 612 666
f 723 667 722
f 724 670 669
f 725 726 7239
f 728 673 672
f 729 674 673
f 730 7164 674
f 733 677 676
f 733 678 677
f 741 684 740
f 751 694 750
f 752 641 694
f 753 642 752
f 753 695 642
f 754 696 695
f 755 645 697
f 755 698 645
f 757 699 698
f 758 700 757
f 759 702 701
f 760 7312 704
f 761 650 705
f 762 598 651
f 763 599 653
f 764 605 713
f 766 659 607
f 767 660 715
f 768 661 716
f 769 718 717
f 770 664 719
f 771 720 770
f 772 722 721
f 773 723 722
f 774 668 723
f 775 669 668
f 776 724 775
f 777 725 724
f 778 727 7296
f 779 672 727
f 780 729 728
f 781 730 729
f 786 734 733
f 792 741 6952
f 800 748 799
f 801 749 800
f 7132 751 750
f 803 752 751
f 803 753 752
f 805 695 753
f 806 754 805
f 807 697 754
f 808 755 807
f 809 756 808
f 809 810 756
f 811 758 810
f 812 701 758
f 812 759 701
f 814 703 759
f 815 704 703
f 816 705 760
f 817 706 761
f 818 651 706
f 819 652 762
f 820 653 707
f 821 600 708
f 822 601 709
f 823 393 602
f 824 3 2
f 825 550 712
f 826 658 764
f 827 766 765
f 828 715 766
f 829 716 767
f 830 717 768
f 831 719 769
f 832 770 831
f 834 774 773
f 835 775 774
f 836 777 776
f 836 7296 777
f 838 779 778
f 839 728 779
f 840 780 839
f 841 782 781
f 843 783 842
f 844 784 843
f 845 785 844
f 846 786 845
f 852 792 851
f 7074 800 799
f 860 801 800
f 861 7132 801
f 862 802 861
f 863 803 802
f 863 804 803
f 865 805 804
f 866 806 865
f 867 807 806
f 868 809 808
f 869 810 809
f 870 812 811
f 872 760 815
f 873 761 816
f 874 818 817
f 875 762 874
f 876 707 819
f 877 708 763
f 878 654 710
f 879 602 878
f 881 655 441
f 883 714 826
f 884 767 828
f 885 768 829
f 886 769 830
f 887 832 831
f 888 771 832
f 889 721 771
f 890 772 889
f 891 834 833
f 892 835 834
f 893 776 835
f 894 836 893
f 895 778 837
f 895 838 778
f 897 839 838
f 897 840 839
f 899 841 840
f 901 843 842
f 902 844 843
f 902 845 844
f 904 846 903
f 905 847 846
f 906 848 905
f 6017 852 851
f 917 860 7074
f 919 861 860
f 920 863 862
f 921 864 920
f 922 865 864
f 923 808 867
f 925 811 869
f 926 870 925
f 927 813 870
f 928 814 927
f 929 816 872
f 6984 874 817
f 930 819 875
f 931 763 820
f 932 709 821
f 933 95 603
f 934 656 881
f 937 828 827
f 938 829 884
f 939 830 885
f 940 831 886
f 940 887 831
f 941 889 888
f 942 890 941
f 943 833 890
f 944 892 891
f 945 893 892
f 946 837 894
f 947 895 946
f 948 897 896
f 950 900 949
f 951 901 950
f 951 902 901
f 953 903 952
f 955 905 904
f 955 906 905
f 969 919 918
f 970 862 919
f 971 920 970
f 972 921 971
f 973 866 922
f 974 867 866
f 975 923 974
f 976 868 923
f 977 925 924
f 978 927 926
f 979 871 928
f 980 872 979
f 981 873 929
f 983 820 876
f 984 821 877
f 985 710 822
f 986 549 823
f 987 712 934
f 988 826 935
f 989 827 936
f 990 884 937
f 991 885 938
f 992 886 939
f 993 887 940
f 994 888 887
f 994 941 888
f 995 943 942
f 996 891 943
f 997 944 996
f 998 945 944
f 999 894 945
f 1000 947 946
f 1001 896 947
f 1059 948 1001
f 1002 898 948
f 1002 949 898
f 1004 951 950
f 1006 952 1005
f 1007 953 1006
f 1008 954 953
f 1009 955 954
f 1010 956 1009
f 1016 7018 1015
f 1078 967 1022
f 1024 968 1023
f 1025 7075 1024
f 1026 918 7075
f 1027 969 1026
f 1028 970 969
f 1029 971 1028
f 1030 972 1029
f 1031 922 972
f 1032 973 1031
f 1033 974 973
f 1034 976 975
f 1035 924 976
f 1086 977 1035
f 1036 926 977
f 1037 928 978
f 1038 979 1037
f 1039 929 980
f 1041 875 982
f 1042 876 930
f 1043 877 931
f 1044 822 932
f 1045 825 987
f 1046 7297 825
f 1048 883 988
f 1049 938 990
f 1050 939 991
f 1051 994 993
f 1052 941 994
f 1053 942 941
f 1054 996 995
f 1055 998 997
f 1056 999 998
f 1057 1000 999
f 1058 1059 1001
f 1060 1061 1003
f 1063 1006 1062
f 1064 1008 1007
f 1065 1009 1008
f 1066 1010 1065
f 1071 1016 6953
f 1079 1024 1023
f 1079 1025 1024
f 1081 1026 1025
f 1082 1028 1027
f 1083 1031 1030
f 1085 1035 1034
f 1085 1086 1035
f 7313 1037 1087
f 1088 980 1038
f 1089 981 1039
f 1090 982 1040
f 1091 930 1041
f 1092 931 983
f 1093 878 985
f 1094 823 879
f 1095 604 711
f 1096 935 1047
f 1097 937 989
f 1098 990 1097
f 1099 991 1049
f 1100 992 1050
f 1102 1052 1051
f 1103 1053 1052
f 1104 995 1053
f 1105 997 1054
f 1107 7340 1057
f 1109 1058 1108
f 1109 1110 1058
f 1111 1060 1110
f 1112 1061 1111
f 1114 1063 1113
f 1115 1007 1063
f 1116 1064 1115
f 1117 1065 1064
f 1118 1066 1117
f 1124 1071 1123
f 1129 1079 7098
f 1130 1081 1080
f 1131 1027 1081
f 1132 1082 1131
f 1133 1029 1082
f 1134 1030 1133
f 1135 1032 1083
f 1136 1033 1032
f 1137 1084 1136
f 1138 1034 1084
f 1139 1085 1138
f 1140 1086 1085
f 1140 1036 1086
f 1143 1038 7313
f 1144 1039 1088
f 1145 1040 1089
f 1146 1041 1090
f 1147 983 1042
f 1148 984 1043
f 1149 932 984
f 1150 881 880
f 1151 988 1096
f 1153 1049 1098
f 1154 1050 1099
f 1155 1051 1101
f 1156 1103 1102
f 1157 1104 1103
f 1158 1054 1104
f 1159 1105 1158
f 1160 1055 1105
f 1161 1056 1160
f 1162 1106 1161
f 1163 1107 1106
f 1164 1108 1107
f 1164 1109 1108
f 1166 1110 1109
f 1167 1111 1110
f 1169 1114 1168
f 1170 1115 1114
f 1171 1116 1170
f 1172 1117 1116
f 1173 1118 1172
f 1178 1124 1177
f 1186 1130 1185
f 1187 1131 1130
f 1188 1132 1131
f 1189 1133 1132
f 1190 1134 1189
f 1191 1083 1134
f 1191 1135 1083
f 1193 1136 1135
f 1195 1140 1139
f 1196 1141 1195
f 1197 1087 1141
f 1198 1143 1142
f 1199 1088 1143
f 1200 1089 1144
f 1201 1090 1145
f 1202 1091 1146
f 1203 1042 1091
f 1204 1043 1092
f 1205 985 1044
f 1206 879 1093
f 1207 934 1150
f 1208 987 1207
f 1209 1046 1045
f 1210 1047 1046
f 1211 1048 1151
f 1213 1098 1212
f 1214 1099 1153
f 1215 1100 1154
f 1217 1156 1216
f 1218 1157 1156
f 1219 1158 1157
f 1220 1160 1159
f 1221 1161 1220
f 1222 1163 1162
f 1223 1164 1163
f 1224 1166 1165
f 1225 1167 1166
f 1227 1168 1226
f 1228 1170 1169
f 1229 1171 1228
f 1230 1172 1171
f 1231 1173 1230
f 6066 1178 1177
f 1244 1186 1243
f 1245 1187 1244
f 1245 1188 1187
f 1246 1189 7360
f 1247 1191 1190
f 1248 1137 1193
f 1249 1139 1194
f 1304 1195 1249
f 1250 1197 1196
f 1251 1142 1197
f 1252 1144 1199
f 1253 1145 1200
f 1255 1149 1148
f 1256 1044 1149
f 1257 603 986
f 1258 1096 1210
f 1260 1212 7253
f 1261 1153 1213
f 1262 1154 1214
f 1265 1323 7077
f 1266 1218 1217
f 1267 1219 1218
f 1268 1159 1219
f 1269 1220 1268
f 1269 1221 1220
f 1271 1162 1270
f 1272 1222 1271
f 1273 1165 1223
f 1275 1225 1224
f 1276 1226 1225
f 1277 1227 1276
f 1278 1169 1227
f 1279 1228 1278
f 1280 1230 1229
f 1281 1231 1280
f 1292 1242 1241
f 1294 1243 1242
f 1295 1244 1294
f 1296 1245 1295
f 1297 7360 1245
f 1297 1246 7360
f 1299 1190 1246
f 1300 1192 1247
f 1301 1193 1192
f 1302 1194 1248
f 1303 1249 1302
f 1305 1196 1304
f 1306 1251 1250
f 1307 1198 1251
f 1308 1199 1198
f 1309 1200 1252
f 1310 1201 1253
f 1311 1146 1201
f 1312 1203 1202
f 1313 1147 1312
f 7426 1148 1204
f 1314 96 933
f 1315 880 1095
f 1316 1045 1208
f 1317 1151 1258
f 1319 1213 1260
f 1320 1214 1261
f 1321 1215 1262
f 1322 1264 1263
f 1323 1216 7077
f 1324 1217 1323
f 1325 1267 1266
f 1267 1377 1268
f 1327 1270 1269
f 1328 1271 1270
f 1329 1272 1271
f 1330 1273 7378
f 1331 1275 1274
f 1332 1276 1275
f 1333 1277 1332
f 1334 1278 1277
f 1336 1281 1280
f 1349 1293 1292
f 1350 1294 1293
f 1351 1295 1350
f 1352 1296 1351
f 1353 1297 1296
f 1354 1299 1298
f 1355 1247 1299
f 1356 1300 1355
f 1357 1301 1300
f 1358 1248 1301
f 1359 1302 1358
f 1360 1304 1303
f 1361 1305 1360
f 1362 1250 1305
f 1363 1308 1307
f 1364 1252 1308
f 1365 1253 1309
f 1366 1202 1311
f 1366 1312 1202
f 1368 986 1094
f 1369 1210 1209
f 1371 1261 1319
f 1372 1262 1320
f 1373 1263 1321
f 1374 1265 1322
f 1375 1323 1265
f 1375 1324 1323
f 1376 1266 1324
f 1379 1327 1378
f 1380 1328 1379
f 1381 1329 1380
f 1383 1384 1330
f 1385 1331 1384
f 1386 1332 1331
f 1387 1333 1386
f 1388 1334 1333
f 1389 1279 1334
f 1391 1336 1335
f 1397 1342 1396
f 1404 1348 1403
f 1405 1349 1404
f 1406 1350 1405
f 1407 1351 1406
f 1408 1298 1353
f 1408 1354 1298
f 1410 1355 1354
f 1411 1358 1357
f 1412 1303 1359
f 1413 1306 1362
f 1413 1307 1306
f 1415 1309 1364
f 1416 1310 1365
f 1417 1311 1416
f 1418 1312 1366
f 1419 1254 1313
f 1420 1205 1256
f 1420 1093 1205
f 1422 1094 1206
f 1423 711 824
f 1424 1150 1315
f 1425 1207 1150
f 1426 1209 1316
f 1427 1258 1369
f 1428 1260 1318
f 1429 1319 1428
f 1430 1320 1371
f 1431 1321 1372
f 1432 1322 1373
f 1433 1375 1374
f 1434 1324 1375
f 1435 1376 1434
f 1436 1377 1325
f 1438 1380 1379
f 1441 1384 1383
f 1442 1385 1441
f 1443 1386 1385
f 7298 1388 1387
f 1446 1335 1390
f 1447 1391 1446
f 1453 1397 1452
f 6921 1404 1403
f 1459 1405 1404
f 1459 1460 1405
f 1461 1353 1352
f 1462 1408 1461
f 1463 1410 1409
f 1464 1356 1410
f 1465 1357 1464
f 1466 1411 1465
f 1467 1359 1411
f 1468 1412 1467
f 1470 1362 1361
f 1471 1413 1470
f 1472 1363 1414
f 1473 1364 1472
f 1474 1365 1415
f 1475 1366 1417
f 1476 1313 1418
f 1478 1208 1425
f 1479 1317 1427
f 1481 1428 1480
f 1482 1371 1429
f 1483 1372 1430
f 1484 1373 1431
f 1485 1374 1432
f 1486 1433 1374
f 1487 1434 1433
f 1488 1325 1435
f 1491 1438 1437
f 1492 1381 1438
f 7270 1440 1439
f 1494 1443 1442
f 1495 1387 1443
f 1495 7298 1387
f 1496 1444 7298
f 1497 1445 1444
f 1498 1446 1445
f 1499 1447 1498
f 6103 1453 1452
f 1510 1459 1509
f 1511 1460 1510
f 1513 1352 1407
f 1514 1461 1513
f 1514 1462 1461
f 1516 1409 1462
f 1517 1463 1516
f 1518 1464 1463
f 1518 1465 1464
f 1520 1467 1466
f 1522 1470 1469
f 1523 1414 1471
f 1524 1472 1523
f 1525 1415 1473
f 1526 1416 1474
f 1527 1367 1419
f 1528 1369 1426
f 7400 7341 1479
f 1530 1429 1481
f 1531 1430 1482
f 1532 1431 1483
f 1533 1432 1484
f 1534 1486 1485
f 1535 1435 1487
f 1536 1488 1535
f 1588 1489 1536
f 1537 1490 7351
f 1538 1491 1437
f 1539 1492 1491
f 1540 1439 1492
f 1543 1442 1493
f 1544 1494 1543
f 1545 1495 1494
f 1549 1498 1497
f 1550 1499 1549
f 1560 1510 7459
f 1561 1511 1560
f 1564 1518 1517
f 1565 1519 1564
f 1566 1466 1519
f 1566 1520 1466
f 1567 1468 1520
f 1568 1471 1522
f 1569 1473 1524
f 1570 1474 1525
f 1571 1417 1526
f 1572 1418 1475
f 1573 1419 1476
f 1575 1420 6922
f 1576 1206 1421
f 1577 1316 1478
f 1578 1427 1528
f 1579 7373 7341
f 1580 1480 1579
f 1581 1482 1530
f 1582 1483 1531
f 1583 1484 1532
f 1584 1485 1533
f 1586 1535 1585
f 1587 1536 1586
f 1589 1537 1588
f 7198 1538 1589
f 1591 1539 1590
f 1592 1540 1591
f 1593 1542 1541
f 1594 1543 1542
f 1595 1544 1594
f 1596 1545 1544
f 1597 1546 1596
f 1598 1547 1546
f 1599 1548 1598
f 1600 1549 1548
f 1601 1550 1600
f 1607 1553 6111
f 1614 1560 6923
f 1615 1561 1614
f 1616 7299 1561
f 1617 1515 7383
f 1618 1517 1563
f 1618 1564 1517
f 1619 1566 1565
f 1620 1520 1566
f 1621 1521 1567
f 1622 1469 1521
f 1623 1522 1622
f 1624 1523 1568
f 1625 1524 1624
f 1626 1525 1569
f 1627 1526 1570
f 1628 1475 1571
f 1629 1476 1572
f 7398 7426 1527
f 1631 1421 1575
f 1632 1095 1423
f 1634 1426 1577
f 1636 1481 1580
f 1637 1530 1636
f 1638 1531 1581
f 1639 1532 1582
f 6989 1533 1583
f 6989 1584 1533
f 1640 1534 1584
f 1641 1585 1534
f 1642 1586 1641
f 1643 1588 1587
f 1644 1589 1643
f 1644 7198 1589
f 1646 1590 7198
f 1647 1591 1590
f 1648 1592 1591
f 1649 1541 1592
f 1650 1593 1649
f 1651 1594 1593
f 1652 1595 1651
f 1653 1596 1595
f 1654 1598 1597
f 1655 1600 1599
f 1656 1601 1655
f 7435 1616 1615
f 7168 7399 1616
f 1671 1617 1670
f 1672 1563 1617
f 1673 1618 1672
f 1673 7133 1618
f 1675 1565 7133
f 1675 1619 1565
f 7134 1620 1619
f 1676 1567 1620
f 1677 1621 1676
f 1678 1622 1621
f 1679 1568 1623
f 1679 1624 1568
f 1681 1569 1625
f 1682 1570 1626
f 1683 1571 1627
f 1684 1527 1573
f 1685 1368 1422
f 1686 1315 1632
f 1687 1528 1634
f 1689 1579 1529
f 1690 1636 1580
f 1691 1581 1637
f 1692 1582 1638
f 1693 1583 1639
f 1693 1694 6989
f 1695 1584 6989
f 1696 1641 1640
f 1697 1587 1642
f 1698 1643 1697
f 1699 1646 1645
f 1700 1647 1699
f 1701 1648 1700
f 1701 1649 1648
f 1703 1653 1652
f 1704 1597 1653
f 1705 1654 1704
f 1706 1599 1654
f 1707 1655 1706
f 1708 1656 1707
f 1722 1615 1669
f 1726 1671 1725
f 1727 1672 1671
f 1727 1673 1672
f 1729 1675 1674
f 1730 1619 1729
f 1732 1678 1677
f 1733 1623 1678
f 1734 1625 1680
f 1735 1626 1681
f 1736 1627 1682
f 1737 1628 1683
f 1738 1572 1628
f 1739 1573 1629
f 1740 1257 1685
f 1741 933 1740
f 1743 1578 1687
f 1744 1689 1688
f 1745 1580 1689
f 1747 1638 1691
f 1748 1639 1692
f 1749 1695 1694
f 1750 1640 1695
f 1751 1696 1750
f 1752 1642 1696
f 1753 1697 1752
f 1754 1644 1698
f 1755 1645 1754
f 1756 1699 1755
f 1757 1701 1700
f 1758 1650 1702
f 1759 1651 1650
f 1760 1652 1759
f 1760 1703 1652
f 1762 1704 1703
f 1764 1708 7079
f 1768 1713 7022
f 1776 1722 1721
f 1777 1723 1776
f 1779 1727 1726
f 1779 1728 1727
f 1781 1674 1728
f 1781 1729 1674
f 1783 7134 1730
f 1784 1677 1731
f 1785 1732 1784
f 1786 1679 1733
f 1787 1680 1786
f 1788 1681 1734
f 1789 1682 1735
f 1790 1629 1738
f 1793 1575 1630
f 1794 1422 1576
f 1795 1424 1686
f 1796 1577 1742
f 7342 1635 1743
f 1797 1691 1746
f 1798 1692 1747
f 1799 1693 1748
f 1800 1694 1693
f 1801 1749 1800
f 1802 1750 1749
f 1803 1752 1751
f 1804 1698 1753
f 1805 1754 1698
f 1806 1755 1805
f 1806 1756 1755
f 1808 1700 1756
f 1808 1757 1700
f 1810 1702 1757
f 1811 1758 1810
f 1812 1759 1758
f 1812 1760 1759
f 1814 1762 1761
f 1815 1705 1762
f 1816 1763 1815
f 7169 1764 1817
f 1823 1768 7023
f 1830 1721 1775
f 1831 1776 1830
f 1832 1777 1831
f 1835 1778 1834
f 1836 1779 1778
f 1837 1780 1836
f 1838 1781 1780
f 1839 1730 1782
f 1900 1783 1839
f 1840 1731 1783
f 1840 1784 1731
f 1842 1733 1785
f 1842 1786 1733
f 1844 1734 1787
f 1845 1735 1788
f 1846 1736 1789
f 1847 1683 1846
f 1848 1738 1737
f 1849 1684 1739
f 1850 1630 1792
f 1851 1576 1631
f 1852 1634 1796
f 1853 1687 1852
f 1855 1745 1744
f 1856 1690 1745
f 1857 1747 1797
f 1858 1748 1798
f 1859 1800 1799
f 1860 1802 1801
f 1861 1751 1802
f 1862 1803 1861
f 1863 1753 1803
f 1864 1804 1863
f 1865 1805 1804
f 1866 1806 1865
f 1867 1807 1866
f 1868 1808 1807
f 1868 1809 1808
f 1870 1811 1869
f 1871 1812 1811
f 1871 1813 1812
f 1873 1761 1813
f 1874 1814 1873
f 1875 1815 1814
f 1876 1816 1875
f 1876 1817 1816
f 1884 1823 7024
f 1892 1831 1891
f 1893 1833 1832
f 1894 1834 1833
f 1895 1836 1835
f 1896 1837 1895
f 1897 1838 1837
f 1898 1782 1838
f 1898 1839 1782
f 1901 1840 1900
f 1902 1785 1841
f 1902 1842 1785
f 1904 1787 1843
f 1905 1788 1844
f 1906 1789 1845
f 1906 1846 1789
f 1907 1737 1847
f 1908 1739 1790
f 1910 1743 1853
f 1912 1797 1911
f 1913 1798 1857
f 1914 1799 1858
f 1915 1801 1859
f 1916 1860 1915
f 1917 1861 1860
f 1918 1863 1862
f 1919 1865 1864
f 1920 1866 1919
f 1921 1868 1867
f 1922 1809 1921
f 1922 1869 1809
f 1924 1870 1923
f 1925 1871 1870
f 1926 1872 1925
f 1927 1873 1872
f 1928 1874 1927
f 1929 1875 1874
f 1930 1876 1929
f 1931 1877 1930
f 1937 1884 7050
f 1944 1891 1943
f 1945 1832 1892
f 1946 1893 1945
f 1947 1894 1893
f 1948 1835 1894
f 7300 1895 1948
f 7254 1897 1896
f 1949 1898 1897
f 1950 1900 1899
f 1950 1901 1900
f 1952 1841 1901
f 1953 1902 1952
f 1953 1903 1902
f 1955 1843 1903
f 1956 1904 1955
f 1957 1844 1904
f 1958 1845 1905
f 1959 1960 1906
f 1961 1790 1848
f 1962 1631 1793
f 1963 1633 1795
f 1966 1744 1854
f 1967 1856 1855
f 1968 1911 1856
f 1969 1857 1912
f 1970 1858 1913
f 1971 1859 1914
f 1972 1917 1916
f 1973 1862 1917
f 1974 1864 1918
f 1975 1919 1974
f 1976 1867 1920
f 1977 1921 1976
f 1978 1922 1977
f 1979 1923 1978
f 1980 1925 1924
f 1981 1926 1980
f 1982 1927 1926
f 1983 1928 1982
f 1984 1929 1928
f 1985 1930 1984
f 1986 1931 1985
f 1987 1878 1931
f 1993 1937 7051
f 2001 1944 7101
f 2002 1892 1944
f 2003 1947 1946
f 2004 1948 1947
f 2004 7300 1948
f 7271 1896 7300
f 7271 7254 1896
f 2007 1949 7254
f 2008 1899 1949
f 2009 1950 2008
f 2010 1952 1951
f 2011 1955 1954
f 2012 1905 1957
f 2013 1906 1958
f 2016 1792 1909
f 2017 1793 1850
f 2018 824 2
f 2019 1423 824
f 2020 1632 1423
f 1964 1796 1742
f 2022 1852 2021
f 2023 1853 1852
f 2024 1854 1965
f 2025 1855 1966
f 2026 1968 1967
f 2027 1912 1968
f 2028 1913 1969
f 2029 1914 1970
f 2030 1915 1971
f 2031 1918 1973
f 2032 1975 1974
f 2033 1920 1975
f 2034 1976 2033
f 2034 1977 1976
f 2037 1924 1979
f 2038 1980 1924
f 2039 1981 2038
f 2040 1982 1981
f 2041 1983 2040
f 2042 1984 1983
f 2043 1986 1985
f 2044 1987 1986
f 2049 1993 7052
f 2056 1945 2002
f 2057 1946 2056
f 2058 2004 2003
f 2059 2005 2058
f 2061 2006 2060
f 2062 2007 2006
f 2063 2008 2007
f 2063 2009 2008
f 2115 1951 2009
f 2064 1953 2010
f 2065 1954 1953
f 2066 1956 2011
f 2067 1957 1956
f 2068 1958 2012
f 2069 1960 1959
f 2071 1908 1961
f 2072 1850 2016
f 2403 1794 1851
f 2073 1685 1794
f 2075 1910 2023
f 2076 1969 2027
f 2077 1970 2028
f 2078 1971 2029
f 2132 2030 2078
f 2079 1916 2030
f 2079 1972 1916
f 2081 1973 1972
f 2082 2031 2081
f 2083 1974 2031
f 2084 2032 2083
f 2085 2033 2032
f 2085 2034 2033
f 2087 2036 2035
f 2088 1979 2036
f 2089 2037 2088
f 2090 2038 2037
f 2091 2040 2039
f 2092 2042 2041
f 2093 1985 2042
f 2094 2043 2093
f 2095 2044 2043
f 6925 2055 7025
f 2107 2056 7395
f 2108 2057 2107
f 2109 2003 2057
f 2110 2058 2109
f 2110 2059 2058
f 2113 2062 2061
f 7245 2063 2062
f 2114 2009 2063
f 2114 2115 2009
f 2117 2065 2064
f 2118 2011 2065
f 2119 2067 2066
f 2120 2012 2067
f 2121 2013 2068
f 2122 1959 2013
f 2125 1965 2075
f 2126 1966 2024
f 2127 1967 2025
f 2128 2027 2026
f 2129 2028 2076
f 2130 2029 2077
f 2131 2078 2130
f 2133 2079 2132
f 2134 2081 2080
f 2135 2084 7380
f 2136 2085 2084
f 2137 2035 2086
f 2138 2087 2137
f 2139 2088 2087
f 2140 2089 2139
f 2141 2090 2089
f 2143 2091 2142
f 2144 2041 2091
f 2145 2092 2144
f 2146 2093 2092
f 2147 2094 2146
f 2148 2095 2094
f 2152 2100 6186
f 2161 7395 2106
f 2163 2108 2162
f 2164 2109 2108
f 2165 2110 2164
f 7327 2060 2111
f 2166 2114 7245
f 2167 2115 2114
f 2168 2116 2167
f 2169 2064 2116
f 2170 2066 2118
f 2171 2068 2120
f 2172 2122 2121
f 2173 2069 2122
f 2173 2070 2069
f 2175 2014 2070
f 2179 2021 1964
f 2180 2023 2022
f 2181 2025 2126
f 2182 2026 2127
f 2183 2076 2128
f 2184 2077 2129
f 2185 2132 2131
f 2186 2133 2185
f 2187 2080 2133
f 2188 2134 2187
f 2189 2082 2134
f 2190 2136 2135
f 2191 2086 2136
f 2192 2137 2086
f 2193 2138 2192
f 2194 2139 2138
f 2195 2141 2140
f 2197 2143 2196
f 2198 2144 2143
f 2199 2145 2198
f 2200 2146 2145
f 2201 2148 2147
f 2275 2276 2215
f 2217 2164 2163
f 2218 2165 2217
f 2219 2111 2165
f 2220 7327 2219
f 2221 2112 2220
f 2222 2113 2221
f 6926 2166 2222
f 2225 2169 2168
f 2226 2117 2169
f 2227 2118 2226
f 2228 2119 2170
f 2229 2120 2228
f 2230 2121 2171
f 2232 2016 2124
f 2233 2017 2072
f 2234 1962 2233
f 2235 1740 2073
f 5763 97 2236
f 2237 2022 2179
f 2238 2075 2180
f 2239 2127 2181
f 2240 2128 2182
f 2241 2129 2183
f 2242 2130 2184
f 2243 2131 2242
f 2244 2185 2243
f 2244 2186 2185
f 2245 2187 2186
f 2245 2188 2187
f 6927 2189 2188
f 2247 7199 2189
f 7429 2190 2248
f 2249 2191 2190
f 2250 2192 2191
f 2251 2193 2250
f 2252 2194 2193
f 2253 2140 2194
f 2255 2196 2254
f 2255 2197 2196
f 2259 2200 2199
f 2260 2147 2259
f 2261 2201 2260
f 2266 2207 6202
f 2279 2220 2219
f 2280 2221 2220
f 2281 2222 2221
f 2283 2168 2224
f 2284 2226 2225
f 7224 2170 2227
f 2286 2171 2229
f 2287 2173 2172
f 2288 2175 2174
f 7415 2123 2175
f 2289 2124 7437
f 2290 2072 2232
f 2291 1963 7225
f 2292 2125 2238
f 2293 2182 2239
f 2294 2183 2240
f 2295 2184 2241
f 2296 2242 2184
f 2297 2243 2296
f 2298 2244 2297
f 2298 2299 2244
f 2301 2246 2300
f 2301 6927 2246
f 2303 2247 2302
f 2303 2248 2247
f 2305 2249 7429
f 2306 2250 2249
f 2307 2252 2251
f 2307 2253 2252
f 2309 2254 2253
f 2310 2255 2254
f 2312 2259 2258
f 2312 2260 2259
f 2314 2261 2313
f 2319 2266 2318
f 6221 6955 2272
f 2274 7302 2276
f 2326 2216 2325
f 2327 2277 2326
f 2328 2218 2327
f 2328 2278 2218
f 2330 2279 2329
f 2331 2280 2330
f 2332 2281 2331
f 2333 6926 2332
f 2334 2224 2282
f 2334 2283 2224
f 2336 2225 2283
f 2337 2284 2336
f 2338 2227 2284
f 2339 2229 2285
f 2340 2230 2286
f 2341 2172 2230
f 2342 7437 2231
f 7273 2073 2403
f 2343 2179 7301
f 2344 2180 2237
f 2345 2181 7170
f 2346 2240 2293
f 2347 2241 2294
f 2348 2296 2295
f 2349 2297 2348
f 2350 2299 2298
f 2351 2302 2301
f 2352 2303 2302
f 2353 2304 2303
f 7401 7419 7404
f 2355 2251 2306
f 2356 2307 2355
f 2357 2309 2308
f 2358 2310 2357
f 2361 2258 2311
f 2362 2312 2258
f 2362 2313 2312
f 2364 2314 2363
f 2370 2319 2369
f 2377 7246 2324
f 2379 2325 7302
f 2380 2326 2325
f 2381 2327 2326
f 2382 2328 2327
f 2383 2329 2328
f 2384 2330 2329
f 2385 2331 2330
f 2386 2332 2331
f 2387 2333 2332
f 2388 2282 2333
f 2389 2334 2388
f 2390 2335 2389
f 2391 2336 2335
f 2391 2337 2336
f 2393 2338 2337
f 2394 7224 2338
f 2395 2286 2339
f 2396 2341 2340
f 2397 2287 2341
f 2398 2174 2287
f 2399 2288 2398
f 2400 7415 2288
f 2401 2231 2400
f 2402 2233 2290
f 2404 2020 2019
f 2405 2238 2344
f 2406 2239 2345
f 2407 2294 2346
f 2408 2295 2347
f 2409 2298 2349
f 2410 2300 2350
f 2410 2411 2300
f 2464 2352 2351
f 2468 7419 7401
f 2412 2355 2354
f 2412 2356 2355
f 2414 2308 2356
f 2415 2357 2414
f 2415 2416 2357
f 2418 2360 2417
f 2419 2361 2360
f 2420 2362 2361
f 2421 2363 2420
f 2426 2370 2425
f 2433 2377 2432
f 2434 2378 2377
f 2435 2436 2379
f 2436 2381 2380
f 2437 2382 2381
f 2439 2383 2438
f 2440 2384 2439
f 2441 2385 2440
f 2441 2386 2385
f 2442 2389 2388
f 2444 2391 2390
f 2445 2393 2392
f 2446 2394 2393
f 2447 2285 2394
f 2448 2339 2447
f 2449 2340 2395
f 2450 2289 2342
f 2451 2232 2450
f 2452 2176 2234
f 2453 2074 2404
f 2454 7301 2291
f 2455 2237 2343
f 2457 2293 2406
f 2458 2346 2457
f 2459 2347 2407
f 2460 2348 2408
f 2461 2349 2348
f 2463 2410 2462
f 6929 2411 2463
f 2464 2351 6929
f 2464 7384 2352
f 7343 2466 7384
f 2470 2413 2412
f 2471 2414 2413
f 2472 2415 2471
f 2473 2416 2415
f 2474 2417 2416
f 2475 2419 2418
f 2476 2420 2419
f 7081 2364 2421
f 2482 2426 2481
f 2490 2433 7103
f 2491 2434 2490
f 2492 2435 2491
f 2493 2436 2492
f 2494 2437 2493
f 2495 2438 2494
f 2496 2440 2439
f 2497 2386 2441
f 2497 2387 2386
f 2499 2442 2498
f 2499 2443 2442
f 2500 2390 2443
f 2501 2392 2444
f 2502 2447 2446
f 2503 2395 2448
f 2504 2397 2396
f 2505 2398 2397
f 2506 2399 2505
f 2507 2400 2399
f 2508 2342 2401
f 2509 2290 2451
f 2510 1314 1741
f 2511 7225 2453
f 2513 2456 7328
f 2516 2407 2458
f 2517 2408 2459
f 2518 2461 2460
f 2519 2409 2461
f 7135 2462 2409
f 2520 2463 2462
f 2521 6929 2463
f 2522 2464 6929
f 2523 2467 2466
f 2524 2468 2467
f 2525 2469 2524
f 2526 2470 2525
f 2527 2471 2526
f 2528 2472 2527
f 2529 2473 2472
f 2530 2474 2473
f 2532 2475 2531
f 6246 2477 2533
f 6250 2539 2481
f 2546 2491 2490
f 2547 2492 2491
f 2548 2493 2492
f 7314 2494 2493
f 2549 2495 2494
f 2553 2497 2441
f 2554 2498 2497
f 2555 2499 2498
f 2556 2443 2499
f 2556 2500 2443
f 2557 2444 2500
f 2558 2501 2557
f 2559 2445 2501
f 2560 2446 2445
f 2561 2448 2502
f 2562 2449 2503
f 2563 2396 2449
f 2564 2401 2507
f 2565 2450 2508
f 2566 2234 2402
f 2567 2405 2512
f 2570 2458 2515
f 2571 2459 2516
f 2621 2460 2517
f 2572 2519 2518
f 2574 2521 2520
f 2575 2465 2522
f 2576 7226 2575
f 2577 2523 7226
f 2579 2524 2578
f 2580 2525 2579
f 2582 2529 2528
f 2596 2548 2547
f 2597 2549 7314
f 2651 2551 2550
f 2600 2553 2599
f 2601 2554 2600
f 2602 2603 2556
f 2604 2557 2500
f 2605 2559 2558
f 2606 2560 2559
f 2607 2502 2560
f 2608 2503 2561
f 2609 2563 2562
f 2610 2504 2563
f 2611 2505 2610
f 2612 2507 2506
f 2613 2019 2018
f 2615 2343 2454
f 2616 7272 2567
f 2617 2456 2513
f 2618 2514 2456
f 2619 2516 2570
f 2620 2517 2571
f 2622 2518 2621
f 2624 2520 2573
f 2625 2522 2574
f 2626 2575 2625
f 2627 2577 2576
f 2628 2578 7255
f 2630 2580 2579
f 2631 2581 7431
f 2635 6258 2582
f 6991 2597 2596
f 2651 2550 2598
f 2651 7460 2551
f 2653 2599 7460
f 2654 2600 2599
f 2655 2555 2601
f 2656 2602 2655
f 2657 2603 2602
f 2658 2604 2603
f 2659 2558 2604
f 2660 2606 2605
f 2662 2561 2607
f 2663 2562 2608
f 2664 2610 2609
f 2665 2506 2611
f 2666 2508 2564
f 2667 2451 2565
f 2668 2402 2509
f 2669 2403 2452
f 2671 1741 2235
f 2672 2512 2455
f 2673 2513 2616
f 2674 2568 2618
f 2676 2571 2619
f 2677 2621 2620
f 2678 2572 2622
f 2679 2624 2623
f 2679 2680 2624
f 2681 2625 2680
f 2681 2626 2625
f 2682 2628 2627
f 2683 2629 2682
f 2684 2630 2629
f 2685 2631 2630
f 2686 2632 2685
f 2687 2633 2686
f 2702 2650 6991
f 2705 2653 2652
f 2706 2654 2653
f 2707 2601 2654
f 2709 2658 2657
f 2710 2659 2658
f 2711 2605 2659
f 2712 2608 2662
f 2713 2609 2663
f 2715 2509 2667
f 2716 2235 2670
f 2717 2454 2614
f 2718 2567 2672
f 2719 2618 2617
f 2720 2569 2674
f 2722 2620 2676
f 2723 2622 2677
f 2723 2678 2622
f 2725 2623 2678
f 2726 2679 2725
f 2727 2680 2679
f 2728 2681 2727
f 2729 2626 2681
f 2730 2576 2626
f 2731 2627 2730
f 2732 2682 2731
f 2733 2683 2732
f 2734 2684 2683
f 7274 2685 2684
f 2735 2686 2685
f 2736 2687 2686
f 2737 2634 2687
f 2754 2703 2753
f 2755 7359 2703
f 2756 2652 7359
f 2757 2705 2756
f 2758 2656 2708
f 2759 2657 2758
f 2760 2710 2709
f 2761 2711 2710
f 2762 2660 2711
f 2763 2661 2660
f 2765 2663 2712
f 2766 2611 2664
f 2767 2665 2766
f 2768 2612 2767
f 2769 2565 2666
f 2770 2452 2566
f 2771 2404 2613
f 2772 2453 2404
f 2773 2672 7303
f 2774 2616 2718
f 2775 2617 2673
f 2776 2674 2719
f 2777 2675 2720
f 2779 2722 2778
f 2781 2723 2780
f 2782 2725 2724
f 2783 2726 2782
f 2784 2727 2726
f 2785 2729 2728
f 2786 2730 2729
f 2786 2731 2730
f 2787 2732 2731
f 2789 2734 2733
f 2791 2735 2790
f 2791 2736 2735
f 2793 2737 2736
f 6306 2738 2793
f 2811 2754 7452
f 2812 2755 2754
f 2813 2756 2755
f 2814 2757 2813
f 2815 2706 7367
f 2882 2758 2708
f 2818 2759 2758
f 2819 2709 2759
f 2820 2761 2760
f 2821 2762 2761
f 2822 2763 2762
f 2823 2764 2763
f 2824 2712 2823
f 2825 2713 2765
f 2826 2664 2825
f 2827 2766 2826
f 2828 2767 2827
f 2830 2566 2668
f 2831 2511 2772
f 2832 2615 2717
f 2833 2673 2774
f 2834 2719 2775
f 2835 2720 2776
f 2836 2721 2777
f 2837 2780 2779
f 2839 2724 2781
f 2839 2782 2724
f 2841 2784 2783
f 2842 2728 2784
f 2843 2786 2785
f 2845 2790 2789
f 2846 2791 2845
f 2847 2792 2846
f 2848 2793 2792
f 2862 2801 2861
f 2866 6314 2865
f 2868 2804 2867
f 2879 2812 2811
f 2880 2813 2879
f 2884 2818 2883
f 6992 2819 2884
f 2886 2820 2885
f 2887 2821 2886
f 2888 2822 2821
f 2889 2823 2822
f 2890 2765 2824
f 2890 2825 2765
f 2892 2714 2768
f 2893 2667 2769
f 2894 2668 2715
f 2895 7303 2832
f 2896 2718 2773
f 2897 2777 2835
f 2898 2778 2836
f 2899 2839 2838
f 2900 2783 2840
f 2902 2785 2842
f 2902 2843 2785
f 2904 2787 2843
f 2906 2789 7275
f 2906 2845 2789
f 6959 2846 2845
f 6319 2848 2847
f 6320 2851 2850
f 6321 2853 2852
f 6322 2855 2854
f 6323 2857 2856
f 6324 2859 2907
f 2908 2860 7104
f 2909 2862 2861
f 6327 2864 2863
f 6329 2866 2865
f 2910 2867 2866
f 2911 2868 2867
f 2912 2870 2869
f 7182 2873 2913
f 2914 2874 2873
f 6330 2877 2876
f 2916 2811 2915
f 7276 2879 2916
f 2917 2814 2880
f 2918 2881 2917
f 2919 2816 7425
f 2920 2882 2816
f 2922 2824 2889
f 2923 2826 2891
f 2924 2827 2923
f 2925 2768 2828
f 2927 2715 2893
f 2930 2774 2896
f 2931 2775 2833
f 2932 2776 2834
f 2933 2836 2897
f 2934 2779 2898
f 2935 2838 2837
f 2936 2840 2899
f 2936 2900 2840
f 2938 2841 2900
f 2939 2902 2901
f 2942 2906 2905
f 2942 6959 2906
f 2952 2909 2951
f 2961 2916 2915
f 2962 7276 2916
f 2963 2880 7276
f 2963 2917 2880
f 2964 2918 2917
f 2965 2919 2918
f 2966 2920 2919
f 2967 2883 2920
f 2967 2921 2883
f 2969 2885 2968
f 2969 2886 2885
f 2971 2888 2887
f 2972 2889 2888
f 2973 2890 2922
f 2974 2829 2892
f 7304 2669 2770
f 2976 2717 2929
f 2977 2773 2895
f 2978 2833 2930
f 2979 2834 2931
f 2980 2835 2932
f 2981 2897 2980
f 2982 2898 2933
f 2983 2837 2934
f 2984 2899 2935
f 2985 2936 2984
f 2987 2901 2938
f 2987 2939 2901
f 2989 2903 2939
f 2990 2940 2989
f 2992 2942 2991
f 2993 6331 2943
f 2994 2944 6331
f 6933 2952 2951
f 3011 2963 7276
f 3012 2964 2963
f 3013 2918 2964
f 3014 2966 2965
f 3015 2967 2966
f 3016 2921 2967
f 3018 2887 2970
f 3019 2972 2971
f 3020 2922 2972
f 3021 2891 2973
f 3022 2923 3021
f 3023 2828 2924
f 3024 2892 2925
f 3025 2770 2830
f 3026 2832 2976
f 3027 2896 2977
f 3028 2932 2979
f 3029 2980 2932
f 3030 2933 2981
f 3031 2934 2982
f 3032 2983 3031
f 3033 2935 2983
f 3035 2937 2985
f 3036 2987 2986
f 3037 2989 2988
f 3037 2990 2989
f 3039 2991 7374
f 3039 2992 2991
f 3041 2943 2992
f 3098 2993 3041
f 6361 7126 3048
f 3059 3009 3058
f 3060 3010 3059
f 3061 3011 3060
f 3062 3012 3061
f 3063 3013 3062
f 3064 2965 3063
f 3065 3014 3064
f 3066 3015 3065
f 3067 3016 3066
f 3069 2970 3068
f 3070 3018 3069
f 3071 2971 3018
f 3072 2973 3020
f 3073 3021 3072
f 3074 2924 3022
f 3075 2925 3023
f 3076 2926 2974
f 3078 2894 2927
f 3079 2830 3078
f 3080 2772 2771
f 3081 2895 3026
f 3082 2930 3027
f 3083 7427 2978
f 3084 2979 7427
f 3085 3029 3028
f 3086 2981 3029
f 3087 2982 3030
f 3088 3031 2982
f 3089 3033 3032
f 3090 2985 3034
f 3091 2988 3036
f 3092 3037 3091
f 3093 3038 3092
f 3096 3040 3095
f 3097 3041 3040
f 3102 3043 6356
f 3104 3044 3103
f 3109 3049 6361
f 3120 3059 3058
f 3121 3060 3059
f 3122 3061 3060
f 3123 3062 3061
f 3124 3063 3062
f 3125 3064 3063
f 3178 3065 3064
f 3126 3066 3065
f 3127 3067 3066
f 7136 3017 3067
f 3128 3069 3068
f 3130 3071 3070
f 3131 3019 3071
f 3132 3020 3019
f 3134 3023 3074
f 3135 2974 3024
f 3138 2613 3137
f 3139 2929 2831
f 3140 2977 3081
f 3141 2978 3082
f 3142 3028 3084
f 3143 3030 3086
f 3144 3032 3088
f 3197 3089 3144
f 3145 3034 3089
f 3145 3090 3034
f 3147 3035 3090
f 3149 3036 3148
f 3150 3091 3149
f 3152 3094 3093
f 3152 3095 3094
f 3154 3097 3096
f 3155 3098 3097
f 3156 3099 3155
f 3157 3101 3100
f 3159 3102 3101
f 3159 3160 3102
f 3161 3104 3160
f 3167 3109 7156
f 3172 3117 3116
f 3173 3120 3119
f 3174 3121 3120
f 3177 3124 3176
f 3178 3125 3177
f 3179 3126 3178
f 3180 3127 3126
f 3181 7136 3127
f 3182 3128 3181
f 3229 3070 3129
f 3183 3131 3130
f 3184 3132 3131
f 3185 3072 3132
f 3187 3024 3075
f 3188 3077 3076
f 3189 2671 2716
f 3190 2976 3139
f 3191 3027 3140
f 3193 3086 3085
f 3194 3087 3143
f 3195 3088 3087
f 3196 3144 3195
f 3198 3145 3197
f 3199 3147 3146
f 3199 3200 3147
f 3246 3149 3200
f 3201 3151 3150
f 3203 3152 7409
f 3204 3153 3203
f 3205 3096 3204
f 3206 3155 3154
f 3206 3156 3155
f 3208 3157 3156
f 3209 3158 3208
f 3210 3159 3209
f 3211 3161 3160
f 3216 3167 6385
f 7179 3172 7178
f 3221 7082 7179
f 3222 3174 3173
f 3274 3175 3223
f 7227 3122 3175
f 3224 3225 3176
f 3226 3178 3177
f 3227 3127 3180
f 3228 3181 3227
f 3281 3129 3182
f 3230 3130 3229
f 3231 3184 3183
f 7329 3133 3073
f 3232 3075 3134
f 3233 3076 3135
f 3235 7304 3025
f 3236 2928 3235
f 3238 3082 3191
f 3240 3085 3142
f 3241 3143 3193
f 3242 3195 3194
f 3243 3197 3196
f 3244 3146 3198
f 3245 3200 3199
f 3247 3150 3246
f 3248 3201 3247
f 3250 3204 3203
f 3251 3205 3204
f 3252 3154 3205
f 3253 3206 3252
f 3256 3210 3255
f 3257 3211 3210
f 3272 3222 3221
f 3276 3226 3225
f 3277 3179 3226
f 3278 3180 3179
f 3278 3227 3180
f 3279 3228 3227
f 3280 3182 3228
f 3280 3281 3182
f 3283 3183 3230
f 3284 3185 3231
f 3287 3135 3187
f 3288 3025 3079
f 3289 2716 3236
f 3290 2771 3138
f 3291 3081 3237
f 3292 3140 3291
f 3293 3141 3238
f 3295 3193 3240
f 3296 3194 3241
f 3297 3196 3242
f 3298 3198 3243
f 3299 3199 3244
f 3300 3246 3245
f 3301 3247 3300
f 3301 3248 3247
f 3304 3250 3303
f 3305 3251 3304
f 3307 3253 3252
f 3308 3207 3253
f 3310 3257 3256
f 3316 3264 6411
f 3324 3272 3323
f 3325 3223 3272
f 3326 3273 3325
f 3327 3274 3273
f 3328 3224 3327
f 3329 3276 3275
f 3330 3277 3329
f 3331 3278 3277
f 3332 3279 3331
f 3332 7171 3279
f 3333 3280 7171
f 3334 3281 3280
f 3335 3230 3282
f 3336 3231 3283
f 3337 7330 3284
f 3339 3187 3232
f 3340 3136 3188
f 3342 3139 7228
f 3343 3191 3292
f 3344 3192 3293
f 3345 3239 3192
f 3347 3241 3295
f 3348 3242 3296
f 6934 3243 3297
f 3349 3298 6934
f 3350 3244 3298
f 3351 3299 3350
f 3352 3245 3299
f 3353 3300 3352
f 7208 3248 3301
f 3354 3303 3302
f 3355 3305 3304
f 3356 3306 3305
f 3358 3308 3307
f 3358 3254 3308
f 3362 7382 3361
f 3367 3316 6424
f 3375 3323 3374
f 3375 3324 3323
f 3377 3325 3324
f 3378 3326 3377
f 3379 3327 3326
f 3379 3328 3327
f 3381 3275 3328
f 3382 3329 3381
f 3383 3331 3330
f 3383 3332 3331
f 3384 3333 7171
f 3385 3334 3333
f 3386 3282 3334
f 3387 3283 3335
f 3388 3284 3336
f 3389 3285 3337
f 3391 3233 3287
f 3392 3188 3233
f 3393 2510 3189
f 3394 3080 3290
f 3396 3238 3343
f 3398 3296 3347
f 3399 3297 3348
f 3401 3350 3349
f 3402 3352 3351
f 3403 3301 3353
f 3404 7208 3301
f 3405 3354 3302
f 3406 6994 3354
f 3408 3355 3407
f 7315 3356 3408
f 7315 3357 3356
f 3410 3358 7471
f 3411 3359 3410
f 3412 3309 3359
f 3413 3361 3360
f 3420 3367 6436
f 3428 3375 3427
f 3429 3377 3376
f 3430 3378 3429
f 3431 3379 3378
f 3432 3380 3431
f 3433 3381 3380
f 3434 3382 3433
f 3435 3330 3382
f 3436 3332 3383
f 3436 3384 3332
f 3437 3333 3384
f 3438 3335 3386
f 3439 3336 3387
f 3440 3337 3388
f 3441 3338 3389
f 3444 3292 3291
f 3445 3293 3396
f 3494 3446 3344
f 3447 3346 7083
f 3449 3348 3398
f 3450 3399 3449
f 3451 3349 3400
f 3452 3351 3401
f 3453 3353 3402
f 3454 3403 3453
f 3455 3404 3454
f 3457 3407 3406
f 3459 3410 3409
f 3466 3420 7256
f 3474 3429 3376
f 3474 3430 3429
f 3476 3431 3430
f 3477 3432 3476
f 3478 3433 3432
f 3478 3434 3433
f 3479 3435 3434
f 3479 3383 3435
f 3481 3384 3436
f 3482 3437 3481
f 3483 3385 3437
f 3484 3386 3483
f 3485 3387 3438
f 3486 3388 3439
f 3538 3441 3389
f 3488 3339 3539
f 3489 3392 3391
f 3491 3235 3288
f 3492 7228 3394
f 3493 3343 3444
f 3494 3344 3445
f 3495 3397 3447
f 3497 3400 3450
f 3498 3401 3451
f 3499 3452 3498
f 3500 3402 3452
f 3501 3453 3402
f 7200 3454 3453
f 3502 3455 3454
f 7229 3406 3456
f 3503 3458 3457
f 3505 3459 3409
f 3509 7084 7138
f 3516 3466 6459
f 3526 3474 3473
f 3527 3475 3526
f 3528 3476 3475
f 3529 3478 3477
f 3530 7139 3529
f 3531 3479 7139
f 3531 3480 3479
f 3532 3436 3480
f 3533 3481 3532
f 3534 3483 3482
f 3535 3438 3484
f 3536 3439 3485
f 3537 3440 3486
f 3538 3389 3440
f 3541 3340 3489
f 3542 3396 3493
f 3543 7083 3446
f 3544 3447 3543
f 3546 3449 3496
f 3547 3450 3546
f 3548 3497 3547
f 3549 3451 3497
f 3550 3498 3549
f 3551 3500 3499
f 3552 3501 3551
f 3554 7240 3502
f 3555 3457 7229
f 3556 3503 3555
f 3557 3504 3503
f 3558 3505 3504
f 3559 3506 3505
f 3562 3510 3509
f 3569 3516 6472
f 7230 3526 3525
f 3577 3528 3527
f 3578 3477 3528
f 3579 3529 3578
f 3580 3531 3530
f 3581 3480 3531
f 3581 3532 3480
f 3583 3533 3582
f 3584 3482 3533
f 3585 3534 3584
f 3586 3484 3534
f 3587 3485 3535
f 3588 3486 3536
f 3589 3538 3537
f 3590 3487 3589
f 3591 3442 3487
f 3592 3443 3488
f 3593 3342 3492
f 3594 3395 3342
f 7258 3291 7361
f 3595 3444 7258
f 3596 3445 3542
f 7331 3495 3544
f 3600 3547 3546
f 3602 3549 3548
f 3602 3550 3549
f 3604 3499 3550
f 3605 3551 3604
f 3606 3554 3553
f 3607 3608 7240
f 3610 3557 3556
f 3611 3558 3557
f 3612 3559 3558
f 3613 3560 3612
f 3615 3562 3561
f 3615 3563 3562
f 3622 3569 6472
f 3631 3577 3527
f 3632 3578 3577
f 3633 3530 3579
f 3633 3580 3530
f 3635 3581 3580
f 3636 3582 3635
f 3637 3584 3583
f 3638 3535 3586
f 3639 3536 3587
f 3640 3537 3588
f 3643 3236 3491
f 3644 3138 3137
f 3645 3493 3595
f 3646 3494 3596
f 3647 3544 3598
f 3649 3600 3599
f 3650 3548 3601
f 3651 3602 3650
f 3652 3604 3603
f 3653 3605 3604
f 3654 3552 3605
f 3655 3553 3552
f 3656 3606 3655
f 3657 3607 3606
f 3658 3609 7305
f 3659 3556 3609
f 3660 3611 3610
f 3661 3612 3611
f 3662 3613 3661
f 3663 3614 3613
f 3666 3616 3615
f 3683 3577 3631
f 3684 3632 3683
f 3685 3579 3632
f 3686 3633 3685
f 3688 3636 3687
f 3689 3583 3636
f 3689 3637 3583
f 3691 3585 3637
f 3692 3586 3585
f 3693 3587 3638
f 3694 3588 3639
f 3695 3589 3640
f 3696 3591 3590
f 7277 3539 3591
f 3697 3540 3592
f 7353 3490 3541
f 7354 7306 2975
f 3700 3290 3644
f 3701 7257 3594
f 3703 3542 3645
f 3704 3597 3646
f 3707 3601 3649
f 3710 3654 3653
f 3711 3655 3654
f 3712 3657 3656
f 3712 7305 3657
f 3714 3659 3658
f 3715 3610 3659
f 3716 3660 3715
f 3717 3662 3661
f 3719 3663 3718
f 3720 3664 3719
f 3721 3665 3720
f 3722 3666 3721
f 3737 3682 3681
f 3739 3683 3682
f 3740 3684 3739
f 3741 3685 3684
f 3742 3634 3686
f 3743 3687 3634
f 3744 3689 3688
f 3746 3638 3692
f 3747 3639 3693
f 3748 3640 3694
f 3749 3590 3695
f 3750 3592 3641
f 3751 3491 7465
f 3752 3189 3289
f 7375 3394 3700
f 3753 3595 3702
f 3754 3596 3703
f 3755 3647 3705
f 3757 3651 3708
f 3758 3603 3651
f 3759 3652 3758
f 3760 3710 3709
f 3761 3711 3710
f 3762 3656 3711
f 3763 3712 3762
f 3764 3658 3713
f 3764 3714 3658
f 3766 3715 3714
f 3766 3716 3715
f 3768 3717 3716
f 3770 3719 3718
f 3771 3720 3719
f 3771 3772 3720
f 3773 3722 3721
f 3775 3723 3774
f 6529 3729 3728
f 3786 3735 3734
f 3788 7217 7086
f 3789 3737 7201
f 3790 3738 3789
f 3791 3739 3738
f 3792 3686 3741
f 3794 3688 3743
f 3795 3744 3794
f 3796 3690 3744
f 3797 3691 3796
f 3798 3693 3746
f 3799 3694 3747
f 3800 3695 3748
f 3801 7277 3696
f 3802 3641 3801
f 3803 3698 3697
f 7432 3492 7375
f 3804 3594 3593
f 3805 3645 3753
f 7087 3705 3704
f 7307 7317 3707
f 7317 3756 3707
f 3807 3758 3757
f 3808 3759 3807
f 3809 3709 3759
f 3810 3761 3760
f 3811 3762 3761
f 3812 3713 3763
f 3813 3764 3812
f 3814 3766 3765
f 3816 3769 3815
f 3817 3770 3816
f 3817 3771 3770
f 3819 3772 3818
f 3820 3773 3772
f 3821 3774 3773
f 3821 3775 3774
f 6539 6935 6529
f 7410 3785 3784
f 3832 3786 7410
f 3833 3788 3787
f 3834 7201 3788
f 3835 3789 3834
f 3836 3790 3835
f 3838 3741 3740
f 3839 3792 3838
f 3840 3742 3792
f 3841 3794 3793
f 3842 3796 3795
f 3843 3745 3797
f 3844 3746 3843
f 3845 3747 3798
f 3846 3748 3799
f 3847 3749 3800
f 3848 3696 3749
f 3849 3697 3750
f 3851 3702 3701
f 3852 3703 3805
f 3855 7231 7172
f 3856 7307 7259
f 3857 3756 7317
f 3858 3757 3756
f 3858 3807 3757
f 3859 3809 3808
f 3860 3760 3809
f 3861 3810 3860
f 3862 3811 3810
f 3863 3763 3811
f 3864 3813 3812
f 3865 3765 3813
f 3916 3814 3865
f 3866 3767 3814
f 3866 3815 3767
f 3868 3817 3816
f 3870 3818 3869
f 3871 3819 3870
f 3872 3820 3819
f 3873 3821 3820
f 3874 3822 3873
f 6550 3827 3928
f 3883 3787 3832
f 3884 3833 3883
f 3885 3834 3833
f 3886 3835 3885
f 3887 3836 3886
f 3889 7449 7466
f 3890 3838 7449
f 3891 3840 3839
f 3892 3793 3840
f 3941 3841 3892
f 3893 3795 3841
f 3894 3797 3842
f 3895 3843 3894
f 3896 3798 3844
f 3897 3799 3845
f 3898 3801 3848
f 3899 3750 3802
f 3900 7353 7439
f 3901 3642 3900
f 3902 3289 3643
f 3903 3593 7432
f 3904 3753 3851
f 3905 3754 3852
f 3906 7172 3854
f 3907 7259 3855
f 3908 3858 3857
f 3909 3807 3858
f 3910 3808 3807
f 3911 3860 3859
f 3912 3862 3861
f 3913 3863 3862
f 3914 3864 3863
f 3915 3916 3865
f 3917 3918 3867
f 3920 3870 3919
f 3921 3872 3871
f 3922 3873 3872
f 3923 3874 3922
f 7088 6550 3928
f 3929 6540 6550
f 3937 3885 3884
f 3938 7466 3887
f 3940 3892 3891
f 3940 3941 3892
f 7318 3894 3942
f 3943 3844 3895
f 3944 3845 3896
f 3945 3800 3846
f 3946 3848 3847
f 3947 3802 3898
f 3949 3701 3804
f 3950 3805 3904
f 3952 7087 3853
f 3953 3854 3952
f 3954 3855 3906
f 3955 3856 3907
f 3957 3909 3908
f 3958 3910 3909
f 3959 3859 3910
f 3960 3861 3911
f 3962 7344 3914
f 3964 3915 3963
f 3964 3965 3915
f 3966 3917 3965
f 3967 3918 3966
f 3969 3920 3968
f 3970 3871 3920
f 3971 3921 3970
f 3972 3922 3921
f 3973 3923 3972
f 3978 3929 7088
f 3984 3934 3933
f 4038 3935 3984
f 3988 3886 3937
f 3989 3887 3988
f 3990 3889 3938
f 3991 3890 3889
f 3992 3939 3991
f 3993 3891 3939
f 3994 3940 3993
f 3995 3941 3940
f 3995 3893 3941
f 3998 3895 7318
f 3999 3896 3943
f 4000 3897 3944
f 4001 3846 3897
f 4002 3847 3945
f 4003 3849 3899
f 7444 3803 3849
f 4004 3643 3751
f 4005 3852 3950
f 4006 3853 3951
f 4007 3906 3953
f 4008 3907 3954
f 4009 3908 3956
f 4010 3958 3957
f 4011 3959 3958
f 4012 3911 3959
f 4013 3960 4012
f 4014 3912 3960
f 4015 3913 4014
f 4016 3961 4015
f 4017 3962 3961
f 4018 3963 3962
f 4018 3964 3963
f 4020 3965 3964
f 4021 3966 3965
f 4023 3969 4022
f 4024 3970 3969
f 4025 3971 4024
f 4026 3972 3971
f 4027 3973 4026
f 4036 3983 3982
f 4041 3988 3987
f 4042 3989 4041
f 4043 3938 3989
f 4043 3990 3938
f 4045 3991 3990
f 4047 3995 3994
f 4048 3996 4047
f 4049 3942 3996
f 4050 3998 3997
f 4051 3943 3998
f 4052 3944 3999
f 4053 4001 4000
f 4054 3945 4001
f 4055 3898 3946
f 4056 3899 3947
f 4057 3900 3948
f 4058 3751 3850
f 4059 3644 7306
f 4061 7375 3700
f 4062 3804 3903
f 4063 3851 3949
f 4064 3904 3851
f 4065 3905 4005
f 4067 3953 4066
f 4068 3954 4007
f 4069 3955 4008
f 4071 4010 4070
f 4072 4011 4010
f 4073 4012 4011
f 4074 4014 4013
f 4075 4015 4074
f 4076 4017 4016
f 4077 4018 4017
f 4078 4020 4019
f 4079 4021 4020
f 4081 4022 4080
f 4082 4024 4023
f 4083 4025 4082
f 4084 4026 4025
f 4085 4027 4084
f 4095 4038 4037
f 4097 4040 4096
f 4099 4043 4042
f 4100 3992 4045
f 4101 3994 4046
f 4153 4047 4101
f 4102 4049 4048
f 4103 3997 4049
f 4104 3999 4051
f 4105 4000 4052
f 4107 3946 4002
f 4108 3947 4055
f 4109 7444 4003
f 4110 3850 3901
f 4112 3950 4064
f 4113 3951 4065
f 4114 4066 4006
f 4115 4007 4067
f 4116 4008 4068
f 4119 4169 7090
f 4120 4072 4071
f 4121 4073 4072
f 4122 4013 4073
f 4123 4074 4122
f 4123 4075 4074
f 4125 4016 4124
f 4126 4076 4125
f 4127 4019 4077
f 4129 4079 4078
f 4130 4080 4079
f 4131 4081 4130
f 4132 4023 4081
f 4133 4082 4132
f 4134 4084 4083
f 4135 4085 4134
f 4145 4097 4144
f 4148 4042 7376
f 4149 4044 4099
f 4150 4045 4044
f 4151 4046 4100
f 4152 4101 4151
f 4154 4048 4153
f 4155 4103 4102
f 4156 4050 4103
f 4157 4051 4050
f 4158 4052 4104
f 4159 4054 4053
f 4160 4003 4056
f 4161 3948 4109
f 4162 4064 4063
f 4163 4005 4112
f 4164 4006 4113
f 4165 4067 4114
f 4166 4068 4115
f 4167 4069 4116
f 4168 4118 4117
f 4169 4070 7090
f 4170 4071 4169
f 4171 4121 4120
f 4121 4223 4122
f 4173 4124 4123
f 4174 4125 4124
f 4175 4126 4125
f 4176 4127 7379
f 4177 4129 4128
f 4178 4130 4129
f 4179 4131 4178
f 4180 4132 4131
f 4182 4135 4134
f 6609 7001 6598
f 4193 7392 7109
f 4194 4144 4193
f 4195 4145 4194
f 4196 4146 4145
f 4197 4148 4147
f 4198 4099 4148
f 4199 4149 4198
f 4200 4150 4149
f 4201 4100 4150
f 4202 4151 4201
f 4203 4153 4152
f 4204 4154 4203
f 4205 4102 4154
f 4206 4157 4156
f 4207 4104 4157
f 4208 4105 4158
f 4209 4053 4105
f 4210 4107 4106
f 4212 4056 4108
f 4213 3901 4057
f 4215 3949 4062
f 4216 4065 4163
f 4217 4115 4165
f 4218 4116 4166
f 4219 4117 4167
f 4220 4119 4168
f 4221 4169 4119
f 4221 4170 4169
f 4222 4120 4170
f 4225 4173 4224
f 4226 4174 4225
f 4227 4175 4226
f 4229 4230 4176
f 4231 4177 4230
f 4232 4178 4177
f 7003 4179 4232
f 4233 4180 4179
f 4234 4133 4180
f 4236 4182 4181
f 4246 4191 4245
f 4248 4193 4247
f 4249 4194 4248
f 4250 4147 4196
f 4250 4197 4147
f 4252 4198 4197
f 4253 4201 4200
f 4254 4152 4202
f 4255 4155 4205
f 4255 4156 4155
f 4257 4158 4207
f 4258 4209 4208
f 4259 7308 4159
f 4261 4063 4215
f 4262 4112 4162
f 4263 4113 4216
f 4264 4114 4164
f 4265 4165 4264
f 4266 4166 4217
f 4267 4167 4218
f 4268 4168 4219
f 4269 4221 4220
f 4270 4170 4221
f 4271 4222 4270
f 4272 4223 4171
f 4274 4226 4225
f 4277 4230 4229
f 4278 4231 4277
f 4279 4232 4231
f 4281 4233 7003
f 7278 4234 4233
f 4283 4181 4235
f 4284 4236 4283
f 7287 4247 4246
f 4297 4196 4195
f 4298 4250 4297
f 4299 4252 4251
f 4300 4199 4252
f 4301 4200 4300
f 4302 4253 4301
f 4303 4202 4253
f 4304 4254 4303
f 4306 4205 4204
f 4307 4255 4306
f 4308 4206 4256
f 4309 4207 4308
f 4310 4208 4257
f 4312 4160 4212
f 4313 4109 4160
f 4314 4057 4161
f 4315 4058 4110
f 4316 4004 4315
f 4317 4062 4214
f 4318 4163 4262
f 4319 4164 4263
f 4320 4264 4319
f 4321 4217 4265
f 4322 4218 4266
f 4323 4219 4267
f 4324 4220 4268
f 4325 4269 4220
f 4326 4270 4269
f 4327 4171 4271
f 4330 4274 4273
f 4331 4227 4274
f 7280 4276 4275
f 4333 4279 4278
f 4334 4281 4280
f 7279 7278 4281
f 4336 4283 4282
f 4337 4284 4336
f 4341 6620 6937
f 4347 4296 4346
f 4348 4249 4296
f 4349 4195 4249
f 4350 4297 4349
f 4350 4298 4297
f 4352 4251 4298
f 4353 4299 4352
f 4354 4300 4299
f 4354 4301 4300
f 4356 4303 4302
f 4358 4306 4305
f 4359 4256 4307
f 4360 4308 4359
f 4361 4257 4309
f 4362 4258 4310
f 4366 4161 4313
f 4367 3902 4316
f 4368 3752 3902
f 4370 4162 4261
f 4371 7345 4318
f 4372 4265 4320
f 4373 4266 4321
f 4374 4267 4322
f 4375 4268 4323
f 4376 4325 4324
f 4377 4271 4326
f 4378 4327 4377
f 4431 4328 4378
f 4379 4329 7352
f 4380 4330 4273
f 4381 4331 4330
f 4382 4275 4331
f 4385 4278 4332
f 4386 4333 4385
f 4387 4280 4333
f 4388 4334 4387
f 4389 7279 4334
f 4389 4335 7279
f 4391 4336 4335
f 4392 4337 4391
f 4402 4346 4345
f 4403 4347 4402
f 4404 4348 4347
f 4405 4349 4348
f 4406 4350 4405
f 4408 4354 4353
f 4409 4355 4408
f 4410 4302 4355
f 4410 4356 4302
f 4411 4304 4356
f 4412 4307 4358
f 4413 4309 4360
f 4414 4310 4361
f 4416 4313 4312
f 4418 4059 3699
f 4420 4215 4317
f 4421 4262 4370
f 4422 4263 7345
f 4423 4319 4422
f 4424 4321 4372
f 4425 4322 4373
f 4426 4323 4374
f 4427 4324 4375
f 4429 4377 4428
f 4430 4378 4429
f 4432 4379 4431
f 7203 4380 4432
f 4434 4381 4433
f 4435 4382 4434
f 4436 4384 4383
f 4437 4385 4384
f 4438 4386 4437
f 4439 4387 4386
f 4440 4388 4439
f 4441 4389 4388
f 4442 4390 4441
f 4443 4391 4390
f 4444 4392 4443
f 4455 4404 4403
f 4456 4405 4404
f 4457 4351 4406
f 4458 4353 4407
f 4458 4408 4353
f 4459 4410 4409
f 4460 4356 4410
f 4461 4357 4411
f 4462 4305 4357
f 4463 4358 4462
f 4464 4359 4412
f 4465 4360 4464
f 4466 4361 4413
f 4467 4362 4414
f 4469 4312 4365
f 7463 3393 4368
f 4470 4261 4420
f 4471 4318 4421
f 4472 4320 4423
f 4473 4372 4472
f 4474 4373 4424
f 4475 4374 4425
f 7005 4375 4426
f 7005 4427 4375
f 4476 4376 4427
f 4477 4428 4376
f 4478 4429 4477
f 4479 4431 4430
f 4480 4432 4479
f 4480 7203 4432
f 4482 4433 7203
f 4483 4434 4433
f 4484 4435 4434
f 4485 4383 4435
f 4486 4436 4485
f 4487 4437 4436
f 4488 4438 4487
f 4489 4439 4438
f 4490 4441 4440
f 4491 4443 4442
f 4492 4444 4491
f 4495 7411 6660
f 4499 4453 7034
f 4500 4455 4454
f 7173 4456 4455
f 4501 4406 4456
f 4502 4457 4501
f 4503 4407 4457
f 4504 4458 4503
f 4504 7140 4458
f 4506 4409 7140
f 4506 4459 4409
f 7141 4460 4459
f 4507 4411 4460
f 4508 4461 4507
f 4509 4462 4461
f 4510 4412 4463
f 4510 4464 4412
f 4512 4413 4465
f 4513 4414 4466
f 4514 4362 4467
f 4515 4363 4514
f 4517 4365 4415
f 4518 4314 4366
f 4519 4213 4518
f 4521 4370 4470
f 4523 4422 4371
f 4524 4472 4423
f 4525 4424 4473
f 4526 4425 4474
f 4527 4426 4475
f 4527 4528 7005
f 4529 4427 7005
f 4530 4477 4476
f 4531 4430 4478
f 4532 4479 4531
f 4533 4482 4481
f 4534 4483 4533
f 4535 4484 4534
f 4535 4485 4484
f 4537 4489 4488
f 4538 4440 4489
f 4539 4490 4538
f 4540 4442 4490
f 4541 4491 4540
f 4542 4492 4541
f 4546 4495 6671
f 4553 4454 4499
f 4554 4500 4553
f 4556 4501 4555
f 4557 4502 4556
f 4558 4503 4502
f 4558 4504 4503
f 4560 4506 4505
f 4561 4459 4560
f 4563 4509 4508
f 4564 4463 4509
f 4565 4465 4511
f 4566 4466 4512
f 4567 4467 4513
f 4568 4514 4467
f 4569 4415 7474
f 4570 4366 4416
f 4573 4421 4521
f 4574 4523 4522
f 4575 4423 4523
f 4577 4474 4525
f 4578 4475 4526
f 4579 4529 4528
f 4580 4476 4529
f 4581 4530 4580
f 4582 4478 4530
f 4583 4531 4582
f 4584 4480 4532
f 4585 4481 4584
f 4586 4533 4585
f 4587 4535 4534
f 4588 4486 4536
f 4589 4487 4486
f 4590 4488 4589
f 4590 4537 4488
f 4592 4538 4537
f 4594 4542 7093
f 4605 4555 4554
f 4607 4558 4557
f 4607 4559 4558
f 4609 4505 4559
f 4609 4560 4505
f 4611 7141 4561
f 4612 4508 4562
f 4613 4563 4612
f 4614 4510 4564
f 4615 4511 4614
f 4616 4512 4565
f 4617 4513 4566
f 4618 4568 4567
f 4619 4468 7457
f 4620 4469 4517
f 4621 4416 4620
f 4623 4420 4572
f 7347 4471 4573
f 4624 4525 4576
f 4625 4526 4577
f 4626 4527 4578
f 4627 4528 4527
f 4628 4579 4627
f 4629 4580 4579
f 4630 4582 4581
f 4631 4532 4583
f 4632 4584 4532
f 4633 4585 4632
f 4633 4586 4585
f 4635 4534 4586
f 4635 4587 4534
f 4637 4536 4587
f 4638 4588 4637
f 4639 4589 4588
f 4639 4590 4589
f 4641 4592 4591
f 4642 4539 4592
f 4643 4593 4642
f 7174 4594 4644
f 7346 4599 6691
f 4654 7233 4653
f 4655 4604 4654
f 4656 4605 4604
f 4657 4556 4605
f 4658 4606 4657
f 4659 4607 4606
f 4660 4608 4659
f 4661 4609 4608
f 4662 4561 4610
f 4718 4611 4662
f 4663 4562 4611
f 4663 4612 4562
f 4665 4564 4613
f 4665 4614 4564
f 4667 4565 4615
f 4668 4566 4616
f 4669 4567 4617
f 4670 7474 4619
f 4671 4517 4569
f 4672 4518 4570
f 4673 4369 4622
f 4674 4470 4623
f 4675 4521 4674
f 4677 4575 4574
f 4678 4524 4575
f 4679 4577 4624
f 4680 4578 4625
f 4681 4627 4626
f 4682 4629 4628
f 4683 4581 4629
f 4684 4630 4683
f 4685 4583 4630
f 4686 4631 4685
f 4687 4632 4631
f 4688 4633 4687
f 4689 4634 4688
f 4690 4635 4634
f 4690 4636 4635
f 4692 4638 4691
f 4693 4639 4638
f 4693 4640 4639
f 4695 4591 4640
f 4696 4641 4695
f 4697 4642 4641
f 4698 4643 4697
f 4698 4644 4643
f 4710 4654 4709
f 4711 4656 4655
f 4712 4657 4656
f 4713 4659 4658
f 4714 4660 4713
f 4715 4661 4660
f 4716 4610 4661
f 4716 4662 4610
f 4719 4663 4718
f 4720 4613 4664
f 4720 4665 4613
f 4722 4615 4666
f 4723 4616 4667
f 4724 4617 4668
f 4726 4620 4671
f 4727 4417 4519
f 4729 4419 4673
f 4730 4573 4675
f 4732 4624 4731
f 4733 4625 4679
f 4734 4626 4680
f 4735 4628 4681
f 4736 4682 4735
f 4737 4683 4682
f 4738 4685 4684
f 4739 4687 4686
f 4740 4688 4739
f 4741 4690 4689
f 4742 4636 4741
f 4742 4691 4636
f 4744 4692 4743
f 4745 4693 4692
f 4746 4694 4745
f 4747 4695 4694
f 4748 4696 4747
f 4749 4697 4696
f 4750 4698 4749
f 4751 4699 4750
f 4752 4700 4699
f 4757 7424 6711
f 4763 4709 4762
f 4764 4710 4709
f 4765 4655 4710
f 4766 4711 4765
f 4767 4712 4711
f 4768 4658 4712
f 7309 4713 4768
f 7262 4715 4714
f 4769 4716 4715
f 4770 4718 4717
f 4770 4719 4718
f 4772 4664 4719
f 4773 4720 4772
f 4773 4721 4720
f 4775 4666 4721
f 4776 4722 4775
f 4777 4667 4722
f 4778 4668 4723
f 4779 4669 4724
f 4780 4618 4669
f 4782 4570 4621
f 4783 4520 4729
f 4786 4574 4676
f 4787 4678 4677
f 4788 4731 4678
f 4789 4679 4732
f 4790 4680 4733
f 4791 4681 4734
f 4792 4737 4736
f 4793 4684 4737
f 4794 4686 4738
f 4795 4739 4794
f 4796 4689 4740
f 4797 4741 4796
f 4798 4742 4797
f 4799 4743 4798
f 4800 4745 4744
f 4801 4746 4800
f 4802 4747 4746
f 4803 4748 4802
f 4804 4749 4748
f 4805 4750 4804
f 4806 4751 4805
f 4807 4752 4751
f 4811 4757 6722
f 4818 4764 4763
f 4819 4765 4764
f 4820 4767 4766
f 4821 4768 4767
f 4821 7309 4768
f 7281 4714 7309
f 7281 7262 4714
f 4824 4769 7262
f 4825 4717 4769
f 4826 4770 4825
f 4827 4772 4771
f 4828 4775 4774
f 4829 4723 4777
f 4830 4724 4778
f 4831 4780 4779
f 4833 4670 4781
f 4834 4671 4725
f 4835 4621 4726
f 4836 4519 4672
f 4837 4368 4367
f 4838 4623 4784
f 4839 4674 4838
f 4840 4675 4674
f 4841 7417 4785
f 4842 4677 4786
f 4843 4788 4787
f 4844 4732 4788
f 4845 4733 4789
f 4846 4734 4790
f 4847 4735 4791
f 4848 4738 4793
f 4849 4795 4794
f 4850 4740 4795
f 4851 4796 4850
f 4851 4797 4796
f 4854 4744 4799
f 4855 4800 4744
f 4856 4801 4855
f 4857 4802 4801
f 4858 4803 4857
f 4859 4804 4803
f 4860 4806 4805
f 4861 4807 4806
f 4866 4811 7157
f 4919 4818 4817
f 4872 4819 4818
f 4873 4766 4872
f 4874 4821 4820
f 4875 4822 4874
f 4877 4823 4876
f 4878 4824 4823
f 4879 4825 4824
f 4879 4826 4825
f 4928 4771 4826
f 4880 4773 4827
f 4881 4774 4773
f 4882 4776 4828
f 4883 4777 4776
f 4884 4778 4829
f 4885 4779 4830
f 4886 4831 4885
f 4887 4725 4833
f 4888 4730 4840
f 4889 4789 4844
f 4890 4790 4845
f 4891 4791 4846
f 4947 4847 4891
f 4892 4736 4847
f 4892 4792 4736
f 4894 4793 4792
f 4895 4848 4894
f 4896 4794 4848
f 4897 4849 4896
f 4898 4850 4849
f 4898 4851 4850
f 4900 4853 4852
f 4901 4799 4853
f 4902 4854 4901
f 4903 4855 4854
f 4904 4857 4856
f 4905 4859 4858
f 4906 4805 4859
f 4907 4860 4906
f 4908 4861 4860
f 4913 4866 6742
f 4920 4872 4919
f 4921 4873 4920
f 4922 4820 4873
f 4923 4874 4922
f 4923 4875 4874
f 4926 4878 4877
f 7247 4879 4878
f 4927 4826 4879
f 4927 4928 4826
f 4930 4881 4880
f 4931 4828 4881
f 4932 4883 4882
f 4933 4829 4883
f 4934 4830 4884
f 4935 4832 4831
f 4936 4781 4935
f 4937 4726 4834
f 4938 4672 4782
f 4939 4571 4727
f 4941 4786 7417
f 4942 4787 4842
f 4943 4844 4843
f 4944 4845 4889
f 4945 4846 4890
f 4946 4891 4945
f 4948 4892 4947
f 4949 4894 4893
f 4950 4897 7381
f 4951 4898 4897
f 4952 4852 4899
f 4953 4900 4952
f 4954 4901 4900
f 4955 4902 4954
f 4956 4903 4902
f 4958 4904 4957
f 4959 4858 4904
f 4960 4905 4959
f 4961 4906 4905
f 4962 4907 4961
f 4963 4908 4907
f 4973 5028 4918
f 4975 4920 4974
f 4976 4921 4975
f 4977 4922 4921
f 4978 4923 4977
f 7332 4876 4924
f 4979 4927 7247
f 4980 4928 4927
f 4981 4929 4980
f 4982 4880 4929
f 4983 4882 4931
f 4984 4884 4933
f 4985 4885 4934
f 4987 4833 4936
f 4988 4834 4887
f 4989 4782 4835
f 4994 4784 4783
f 4995 4838 4784
f 4996 4840 4839
f 4997 4842 4941
f 4998 4843 4942
f 4999 4889 4943
f 5000 4890 4944
f 5001 4947 4946
f 5002 4948 5001
f 5003 4893 4948
f 5004 4949 5003
f 5005 4895 4949
f 5006 4951 4950
f 5007 4899 4951
f 5008 4952 4899
f 5009 4953 5008
f 5010 4954 4953
f 5011 4956 4955
f 5013 4958 5012
f 5014 4959 4958
f 5015 4960 5014
f 5016 4961 4960
f 5017 4963 4962
f 5029 4974 5028
f 5029 4975 4974
f 5031 4977 4976
f 5032 4978 5031
f 5033 4924 4978
f 5034 7332 5033
f 5035 4925 5034
f 5036 4926 5035
f 6941 4979 5036
f 5039 4982 4981
f 5040 4930 4982
f 5041 4931 5040
f 5042 4932 4983
f 5043 4933 5042
f 5044 4934 4984
f 5045 4886 4985
f 5046 4887 4987
f 5047 4835 4937
f 5048 4727 4836
f 5049 4839 4995
f 5050 4888 4996
f 5051 4942 4997
f 5052 4943 4998
f 5053 4944 4999
f 5054 4945 5000
f 5055 4946 5054
f 5056 5001 5055
f 5056 5002 5001
f 5057 5003 5002
f 5057 5004 5003
f 6942 5005 5004
f 5059 7204 5005
f 7430 5006 5060
f 5061 5007 5006
f 5062 5008 5007
f 5063 5009 5062
f 5064 5010 5009
f 5065 4955 5010
f 5067 5012 5066
f 5067 5013 5012
f 5069 5014 5013
f 5070 5015 5069
f 5071 5016 5015
f 5072 4962 5071
f 5073 5017 5072
f 7113 5084 5029
f 5085 4976 5030
f 5086 5031 4976
f 5088 5034 5033
f 5089 5035 5034
f 5090 5036 5035
f 5092 4981 5038
f 5093 5040 5039
f 7234 4983 5041
f 5095 4984 5043
f 5096 4985 5044
f 5097 4936 4986
f 5098 4937 4988
f 5099 4783 4993
f 5102 4998 5051
f 5103 4999 5052
f 5104 5000 5053
f 5105 5054 5000
f 5106 5055 5105
f 5107 5056 5106
f 5107 5108 5056
f 5110 5058 5109
f 5110 6942 5058
f 5112 5059 5111
f 5112 5060 5059
f 5114 5061 7430
f 5115 5062 5061
f 5116 5064 5063
f 5116 5065 5064
f 5118 5066 5065
f 5119 5067 5066
f 5120 5069 5068
f 5120 5070 5069
f 5121 5071 5070
f 5121 5072 5071
f 5123 5073 5122
f 5133 7113 5083
f 5133 5084 7113
f 5135 5085 5134
f 5136 5086 5135
f 5137 5032 5136
f 5137 5087 5032
f 5139 5088 5138
f 5140 5089 5139
f 5141 5090 5140
f 5142 6941 5141
f 5143 5038 5091
f 5143 5092 5038
f 5145 5039 5092
f 5146 5093 5145
f 5147 5041 5093
f 5148 5043 5094
f 5149 5044 5095
f 5150 4986 5045
f 5151 4987 5097
f 5152 4988 5046
f 5153 4938 4989
f 5154 4836 4938
f 5155 4995 4994
f 5156 4996 5049
f 5157 4997 5101
f 5158 5052 5102
f 5159 5053 5103
f 5160 5105 5104
f 5161 5106 5160
f 5162 5108 5107
f 5163 5111 5110
f 5164 5112 5111
f 5165 5113 5112
f 7403 7421 7406
f 5167 5063 5115
f 5168 5116 5167
f 5169 5118 5117
f 5170 5119 5169
f 5171 5068 5170
f 5172 5120 5171
f 5173 5070 5120
f 5174 5121 5070
f 5174 5122 5121
f 5176 5123 5175
f 5188 5134 5133
f 5189 5135 5134
f 5190 5136 5135
f 5191 5137 5136
f 5192 5138 5137
f 5193 5139 5138
f 5194 5140 5139
f 5195 5141 5140
f 5196 5142 5141
f 5197 5091 5142
f 5198 5143 5197
f 5199 5144 5198
f 5200 5145 5144
f 5200 5146 5145
f 5202 5147 5146
f 5203 7234 5147
f 5204 5095 5148
f 5205 5096 5149
f 5206 5045 5096
f 5207 5046 5151
f 5208 4989 5047
f 5209 4728 4939
f 5210 5050 5156
f 5211 5051 5157
f 5212 5103 5158
f 5213 5104 5159
f 5214 5107 5161
f 5215 5109 5162
f 5215 5216 5109
f 5272 5164 5163
f 5276 7421 7403
f 5217 5167 5166
f 5217 5168 5167
f 5219 5117 5168
f 5220 5169 5219
f 5220 5221 5169
f 5222 5171 5170
f 5223 5172 5222
f 5224 5173 5172
f 5225 5174 5173
f 5226 5175 5225
f 5232 5181 5231
f 5239 5187 5186
f 5240 5241 5188
f 5241 5190 5189
f 5242 5191 5190
f 5244 5192 5243
f 5245 5193 5244
f 5246 5194 5245
f 5246 5195 5194
f 5247 5198 5197
f 5249 5200 5199
f 5250 5202 5201
f 5251 5203 5202
f 5252 5094 5203
f 5253 5148 5252
f 5254 5149 5204
f 5255 5206 5205
f 5256 5150 5206
f 5257 5097 5150
f 5258 5098 5152
f 5259 5047 5258
f 5557 4939 5048
f 5260 4993 4992
f 5261 4994 5099
f 5262 5049 5155
f 5264 5101 7235
f 5265 5102 5211
f 5266 5158 5265
f 5267 5159 5212
f 5268 5160 5213
f 5269 5161 5160
f 5271 5215 5270
f 6944 5216 5271
f 5272 5163 6944
f 5272 7385 5164
f 7348 5274 7385
f 5278 5218 5217
f 5279 5219 5218
f 5280 5220 5279
f 5281 5221 5220
f 5282 5222 5221
f 5283 5224 5223
f 5284 5225 5224
f 5292 5232 5291
f 5298 5238 7009
f 5299 5239 5298
f 5300 5240 5299
f 5301 5241 5300
f 5302 5242 5301
f 5303 5243 5302
f 5304 5245 5244
f 5305 5195 5246
f 5305 5196 5195
f 5307 5247 5306
f 5307 5248 5247
f 5308 5199 5248
f 5309 5201 5249
f 5310 5252 5251
f 5311 5204 5253
f 5312 5205 5254
f 5313 5151 5257
f 5314 5152 5207
f 5315 5156 5262
f 5319 5212 5266
f 5320 5213 5267
f 5321 5269 5268
f 5322 5214 5269
f 7142 5270 5214
f 5323 5271 5270
f 5324 6944 5271
f 5325 5272 6944
f 5326 5275 5274
f 5327 5276 5275
f 5328 5277 5327
f 5329 5278 5328
f 5330 5279 5329
f 5331 5280 5330
f 5332 5281 5280
f 5333 5282 5281
f 5335 5283 5334
f 6830 5285 5336
f 6834 5292 5291
f 6842 5298 7009
f 5347 5299 5298
f 5348 5300 5299
f 5349 5301 5300
f 5350 5302 5301
f 5351 5303 5302
f 5355 5305 5246
f 5356 5306 5305
f 5357 5307 5306
f 5358 5248 5307
f 5358 5308 5248
f 5359 5249 5308
f 5360 5309 5359
f 5361 5250 5309
f 5362 5251 5250
f 5363 5253 5310
f 5364 5254 5311
f 5365 5256 5255
f 5366 5257 5256
f 5367 5207 5313
f 5368 5258 5314
f 5369 5153 5208
f 5370 5154 5369
f 5371 5048 5154
f 5658 4418 3699
f 7445 5210 5315
f 5374 5266 5318
f 5375 5267 5319
f 5420 5268 5320
f 5376 5322 5321
f 5378 5324 5323
f 5379 5273 5325
f 5380 7236 5379
f 5381 5326 7236
f 5383 5327 5382
f 5384 5328 5383
f 5386 5332 5331
f 7143 5341 5391
f 5398 5349 5348
f 5399 5350 5349
f 5399 5351 5350
f 5447 5353 5352
f 5402 5355 5401
f 5403 5356 5402
f 5404 5405 5358
f 5406 5359 5308
f 5407 5361 5360
f 5408 5362 5361
f 5409 5310 5362
f 5410 5311 5363
f 5411 5312 5364
f 5412 5255 5312
f 5413 5208 5259
f 5414 5099 5260
f 5415 5155 5261
f 5417 5317 5264
f 5418 5319 5374
f 5419 5320 5375
f 5421 5321 5420
f 5423 5323 5377
f 5424 5325 5378
f 5425 5379 5424
f 5426 5381 5380
f 5427 5382 7263
f 5429 5384 5383
f 7440 5385 7428
f 5432 6843 5386
f 5439 7143 5391
f 7011 5399 5398
f 5447 5352 5400
f 5447 7456 7453
f 5448 5401 7453
f 5449 5402 5401
f 5450 5357 5403
f 5451 5404 5450
f 5452 5405 5404
f 5453 5406 5405
f 5454 5360 5406
f 5455 5408 5407
f 5457 5363 5409
f 5458 5364 5410
f 5459 5412 5411
f 5460 5365 5412
f 5461 5366 5365
f 5462 5313 5461
f 5463 5314 5367
f 5759 4837 4990
f 5464 5262 5415
f 5464 5465 5262
f 5466 5316 7282
f 5467 5372 5417
f 5469 5375 5418
f 5470 5420 5419
f 5471 5376 5421
f 5472 5423 5422
f 5472 5473 5423
f 5474 5424 5473
f 5474 5425 5424
f 5475 5427 5426
f 5476 5428 5475
f 5477 5429 5428
f 5478 7440 5429
f 5480 5430 7454
f 6874 7012 7010
f 5494 5446 7011
f 5496 5447 7319
f 5497 5448 7456
f 5498 5449 5448
f 5499 5403 5449
f 5500 5450 5499
f 5548 5453 5452
f 5501 5454 5453
f 5502 5407 5454
f 5503 5410 5457
f 5504 5411 5458
f 5505 5461 5460
f 5506 5369 5413
f 5507 5261 5414
f 5510 5419 5469
f 5511 5421 5470
f 5511 5471 5421
f 5513 5422 5471
f 5514 5472 5513
f 5515 5473 5472
f 5516 5474 5515
f 5517 5425 5474
f 5518 5380 5425
f 5519 5426 5518
f 5520 5475 5519
f 5571 5476 5520
f 5521 5477 5476
f 5522 5478 5477
f 5523 5479 5478
f 5525 5431 5480
f 6889 5533 7012
f 5543 5496 5495
f 5544 7456 5496
f 5545 5497 5544
f 5547 5451 5500
f 5548 5452 5547
f 5549 5501 7386
f 5549 5502 5501
f 5550 5455 5502
f 5551 5456 5455
f 5553 5458 5503
f 5555 5368 5463
f 5556 5371 5370
f 5559 5416 5466
f 5561 5468 6947
f 5563 5470 5510
f 5564 5511 5563
f 5565 5513 5512
f 5566 5514 5565
f 5567 5517 5516
f 5568 5518 5517
f 5568 5519 5518
f 5569 5520 5519
f 5572 5522 5521
f 5573 5523 5572
f 5573 5524 5523
f 5574 5575 5524
f 6899 5526 5575
f 5583 5533 6889
f 5593 5543 5542
f 5594 5544 5543
f 5595 5545 5594
f 5596 5498 5545
f 5597 5546 5596
f 5599 5547 5500
f 5600 5548 5547
f 5601 7386 5548
f 5602 5549 7386
f 7014 5550 5549
f 7114 5551 5550
f 5604 5503 5552
f 5605 5459 5504
f 5606 5462 5505
f 5607 5463 6946
f 5608 5413 6945
f 5609 5466 5558
f 5610 5509 5561
f 5611 5510 5562
f 5612 5512 5564
f 5612 5565 5512
f 5614 5568 5567
f 5615 5569 5614
f 5618 5572 5617
f 5619 5573 5618
f 5620 5574 5619
f 5620 5621 5574
f 5633 6890 5632
f 5648 5593 5592
f 5649 5594 5593
f 5650 5596 5595
f 5733 5651 5598
f 5652 5600 5651
f 5738 7014 5603
f 5655 5505 5554
f 5868 1 2
f 4 5867 3
f 5867 5868 3
f 5863 5864 7339
f 7 5861 5862
f 5859 5860 9
f 5860 5861 8
f 5864 5865 6
f 10 5858 5859
f 5856 5857 12
f 5857 5858 11
f 13 5855 5856
f 5854 5855 14
f 16 5852 5853
f 5851 5852 17
f 19 5849 5850
f 5848 5849 20
f 5850 5851 18
f 5853 5854 15
f 22 5846 5847
f 5845 5846 24
f 5843 5844 7094
f 5844 5845 25
f 29 5839 5840
f 5840 5841 28
f 32 5836 5837
f 5837 5838 31
f 5838 5839 30
f 5841 5842 27
f 34 5833 5834
f 37 5830 5831
f 5831 5832 36
f 5832 5833 35
f 6948 5827 5828
f 5828 5829 39
f 5825 5826 40
f 41 5824 5825
f 5826 5827 6948
f 5829 5830 38
f 5835 5836 33
f 5847 5848 21
f 2 3 5868
f 10 11 5858
f 13 14 5855
f 7 8 5861
f 16 17 5852
f 22 23 5846
f 19 20 5849
f 28 29 5840
f 31 32 5837
f 5822 5823 42
f 5822 43 5821
f 5820 5821 44
f 5819 46 5818
f 5817 5818 47
f 45 5819 5820
f 36 37 5831
f 39 6948 5828
f 5824 7238 5823
f 5822 42 43
f 5819 45 46
f 49 5815 5816
f 51 5813 5814
f 5812 5813 52
f 5814 5815 50
f 53 5810 5811
f 55 5810 54
f 56 5807 5808
f 5806 5807 57
f 5808 5809 55
f 5811 5812 6949
f 59 5804 5805
f 5803 5804 60
f 5800 5801 62
f 5802 5803 61
f 64 5798 5799
f 5797 5798 65
f 67 5795 5796
f 5794 5795 68
f 5796 5797 66
f 5799 5800 63
f 5805 5806 58
f 70 5792 5793
f 5791 5792 71
f 73 5789 5790
f 5788 5789 73
f 5790 5791 72
f 76 5786 5787
f 5785 5786 7446
f 78 5783 5784
f 5782 5783 79
f 5784 5785 77
f 5787 5788 75
f 81 5780 5781
f 5779 5780 82
f 84 5777 5778
f 5776 5777 7462
f 5778 5779 83
f 86 5774 5775
f 5772 5773 88
f 5773 5774 87
f 5771 5772 89
f 91 5769 5770
f 5770 5771 90
f 5775 5776 85
f 5781 5782 80
f 5793 5794 69
f 49 50 5815
f 51 52 5813
f 53 54 5810
f 58 59 5805
f 55 56 5808
f 63 64 5799
f 69 70 5793
f 66 67 5796
f 78 79 5783
f 81 82 5780
f 92 5768 5769
f 5768 93 5767
f 5766 5767 94
f 5765 96 5764
f 5763 5764 97
f 95 5765 5766
f 86 87 5774
f 90 91 5770
f 5768 92 93
f 5765 95 96
f 48 49 5816
f 5657 3699 7354
f 5260 4992 5661
f 5661 4992 5660
f 5507 5414 5663
f 5464 5415 5665
f 5415 5507 5665
f 5609 5558 5669
f 5558 5508 5668
f 5667 5464 5666
f 5414 5260 5662
f 5559 5609 5671
f 5560 5672 5673
f 5610 5561 5675
f 5611 5562 5677
f 5562 5610 5677
f 5561 6947 5674
f 5563 5611 5679
f 5682 5612 5681
f 5612 5564 5680
f 5684 7237 5683
f 5685 5613 5684
f 5566 5565 5682
f 5615 5614 5687
f 5616 5570 5689
f 5570 5615 5689
f 5618 5617 5692
f 5694 5619 5693
f 5619 5618 5693
f 5614 5567 5686
f 5623 5622 5697
f 5622 6899 5696
f 6901 5624 5699
f 5626 5625 5701
f 5625 6901 5700
f 5624 5623 5699
f 5628 5627 5703
f 5706 6967 5705
f 5629 5628 5705
f 5632 5631 5709
f 5709 5631 5708
f 5627 5626 5702
f 5621 5620 5695
f 5626 5701 5702
f 5634 5633 5710
f 5635 5634 5712
f 5714 5636 5713
f 5639 5638 5716
f 5638 5637 5714
f 5636 5635 5712
f 5641 5640 5718
f 5643 5642 5720
f 5642 5641 5718
f 5645 5644 5722
f 5646 6911 5723
f 5721 5644 5643
f 5640 5639 5716
f 5726 7013 5725
f 5728 5648 5727
f 5727 7175 5726
f 5595 5649 5730
f 5649 5648 5729
f 5650 5595 5730
f 5597 5650 5732
f 5725 5647 5724
f 5633 5632 5656
f 5652 5651 5734
f 5602 5601 5736
f 5603 5602 5737
f 5736 5652 5735
f 5553 5604 5742
f 5604 5653 5741
f 5605 5654 5745
f 5655 5554 5746
f 5554 5605 5746
f 5654 5553 5743
f 6946 5606 5749
f 5555 5607 5751
f 5607 6946 5749
f 5608 6945 5752
f 5370 5506 5755
f 5754 5608 5753
f 6945 5555 5752
f 5757 5556 5756
f 5763 2236 5762
f 5762 7463 5761
f 5556 5370 5755
f 5606 5655 5748
f 5638 5715 5716
f 5644 5721 5722
f 23 22 98
f 99 24 6912
f 100 25 99
f 26 7094 100
f 102 28 101
f 29 28 102
f 7218 30 103
f 104 31 7218
f 105 32 104
f 106 7422 105
f 37 36 7283
f 38 37 5872
f 39 38 5873
f 6948 39 109
f 5874 5869 109
f 7238 41 5876
f 44 43 6970
f 46 45 6914
f 49 48 112
f 54 53 5877
f 58 57 5881
f 7284 5871 115
f 62 5871 5884
f 63 62 116
f 117 63 116
f 118 64 117
f 119 65 118
f 120 66 119
f 121 67 120
f 122 68 121
f 123 69 122
f 124 70 123
f 125 71 124
f 126 72 125
f 74 73 126
f 127 75 177
f 7446 76 127
f 16 15 128
f 130 17 129
f 19 18 130
f 20 19 131
f 21 20 132
f 98 21 133
f 135 98 134
f 136 6912 135
f 99 6912 136
f 138 100 137
f 101 26 138
f 102 101 139
f 141 103 140
f 199 7218 141
f 104 7218 199
f 108 107 7248
f 5885 7283 204
f 5886 5873 6915
f 147 7176 146
f 151 6914 150
f 156 5877 6950
f 161 5882 160
f 164 5884 163
f 116 5884 164
f 117 116 165
f 118 117 166
f 119 118 167
f 120 119 168
f 121 120 169
f 122 121 170
f 123 122 171
f 124 123 172
f 125 124 173
f 126 125 174
f 176 126 175
f 177 74 176
f 179 127 178
f 180 7446 179
f 78 77 180
f 79 78 181
f 80 79 182
f 81 80 183
f 185 12 184
f 14 13 185
f 128 14 186
f 129 16 187
f 189 130 188
f 190 131 189
f 191 132 190
f 134 133 191
f 136 135 192
f 7167 137 193
f 194 137 7167
f 139 138 194
f 196 139 195
f 140 102 196
f 141 140 197
f 200 142 199
f 143 142 200
f 146 5890 5891
f 5892 5887 207
f 157 156 5900
f 165 164 219
f 220 165 219
f 221 166 220
f 7372 168 222
f 223 169 7372
f 224 170 223
f 276 171 224
f 225 172 276
f 226 173 225
f 175 174 226
f 228 176 227
f 178 177 228
f 230 179 229
f 328 181 230
f 231 182 328
f 183 182 231
f 233 81 232
f 234 82 233
f 235 83 234
f 86 85 236
f 238 9 237
f 239 10 238
f 184 11 239
f 186 185 240
f 187 128 241
f 188 129 242
f 192 134 243
f 244 192 297
f 245 193 244
f 299 7167 245
f 195 194 246
f 248 196 247
f 198 197 248
f 250 200 249
f 201 200 250
f 207 5891 257
f 5906 5892 257
f 208 5892 258
f 209 5894 7205
f 262 5895 7015
f 7390 5898 7369
f 263 5899 7390
f 264 5900 263
f 265 5901 264
f 266 5902 265
f 268 5904 267
f 216 5904 268
f 217 216 269
f 218 217 270
f 271 219 7069
f 272 220 271
f 273 221 272
f 222 221 273
f 223 7372 274
f 224 223 275
f 278 225 277
f 227 175 279
f 281 228 280
f 229 178 281
f 232 183 283
f 234 233 284
f 235 234 285
f 287 235 286
f 87 86 288
f 290 87 289
f 291 89 290
f 90 89 291
f 8 7 7443
f 242 187 292
f 190 189 293
f 295 190 294
f 243 191 295
f 297 243 296
f 245 244 298
f 247 195 342
f 301 248 300
f 249 198 301
f 250 249 302
f 251 201 304
f 306 253 305
f 307 253 306
f 311 256 310
f 5911 5905 312
f 257 5905 313
f 5912 5906 313
f 258 5906 314
f 7219 7015 5914
f 5915 5908 7219
f 264 263 5918
f 266 265 318
f 268 267 6951
f 6917 268 6951
f 7070 269 6917
f 321 271 7069
f 272 271 321
f 322 273 7397
f 324 275 323
f 277 276 324
f 279 226 325
f 280 227 326
f 282 229 327
f 283 231 329
f 284 232 330
f 332 238 331
f 184 239 332
f 240 184 333
f 241 186 334
f 336 242 335
f 293 188 336
f 294 293 337
f 296 295 338
f 298 297 339
f 299 245 340
f 342 246 341
f 300 247 343
f 345 301 6977
f 346 302 345
f 347 303 346
f 407 7436 347
f 305 251 7436
f 306 305 348
f 350 308 7396
f 352 309 351
f 353 310 352
f 312 311 354
f 5922 5912 355
f 314 5912 356
f 5923 5913 357
f 360 5914 5924
f 5925 5915 360
f 317 5915 361
f 365 5918 364
f 5927 5919 365
f 320 7070 370
f 374 7397 373
f 376 323 375
f 377 324 376
f 378 277 377
f 379 325 378
f 380 325 379
f 381 326 380
f 382 326 381
f 383 281 382
f 327 281 383
f 385 282 384
f 329 328 385
f 330 283 386
f 285 284 387
f 286 285 388
f 288 236 389
f 289 288 390
f 392 90 391
f 92 91 392
f 93 92 393
f 292 241 395
f 337 336 396
f 338 294 397
f 339 296 398
f 340 298 399
f 341 299 400
f 343 342 401
f 403 345 6977
f 346 345 404
f 347 346 405
f 407 347 406
f 408 7436 407
f 409 348 408
f 349 7396 409
f 410 350 349
f 411 351 410
f 412 352 411
f 358 5923 417
f 363 362 7120
f 367 5928 424
f 370 369 426
f 7071 370 427
f 371 320 7071
f 373 372 429
f 374 373 430
f 377 376 431
f 433 377 432
f 379 378 433
f 7295 380 379
f 381 380 7295
f 434 382 381
f 383 382 434
f 384 327 435
f 437 385 436
f 386 329 437
f 389 287 438
f 291 290 439
f 391 291 440
f 7467 7443 443
f 331 237 444
f 333 332 445
f 334 240 446
f 335 292 447
f 397 337 448
f 398 338 449
f 505 6918 398
f 399 339 6918
f 451 399 450
f 400 340 451
f 453 400 452
f 401 341 453
f 402 401 454
f 403 6977 7206
f 6979 405 404
f 456 405 6979
f 457 406 456
f 458 407 457
f 459 408 458
f 460 349 459
f 461 349 460
f 462 410 461
f 411 410 462
f 412 411 463
f 414 5929 466
f 417 5931 469
f 474 7120 473
f 5944 5935 474
f 5945 5936 475
f 424 5937 477
f 427 426 478
f 480 427 479
f 481 428 480
f 482 428 481
f 430 429 482
f 484 430 483
f 486 7413 485
f 431 375 486
f 432 431 487
f 489 433 488
f 491 7295 490
f 434 381 491
f 435 383 492
f 436 384 493
f 330 386 494
f 387 330 495
f 438 286 496
f 390 389 497
f 439 289 498
f 446 333 499
f 395 334 500
f 447 395 501
f 396 335 502
f 448 396 503
f 449 397 504
f 506 6918 505
f 450 6918 506
f 452 451 507
f 454 453 508
f 510 402 509
f 456 6979 513
f 457 456 514
f 517 458 516
f 460 459 517
f 519 460 518
f 520 462 519
f 567 463 520
f 464 463 567
f 465 464 522
f 5947 5938 522
f 527 5941 7017
f 474 473 530
f 5952 5944 530
f 476 5945 532
f 477 5946 533
f 481 480 535
f 537 481 536
f 483 482 537
f 539 483 538
f 485 484 539
f 541 485 540
f 487 486 541
f 543 487 542
f 488 432 543
f 493 435 545
f 597 494 6980
f 388 387 547
f 496 388 548
f 94 93 549
f 445 331 551
f 553 447 552
f 503 502 553
f 504 448 554
f 505 449 555
f 506 505 556
f 507 450 557
f 508 452 558
f 509 454 559
f 510 509 560
f 511 510 561
f 564 514 513
f 565 514 564
f 516 515 565
f 518 517 566
f 7072 520 519
f 568 521 567
f 522 521 569
f 5955 5947 569
f 5956 5948 570
f 575 7017 7130
f 528 5949 576
f 529 5950 577
f 5960 5951 577
f 530 5951 578
f 5961 5952 578
f 531 5952 579
f 532 5953 580
f 7293 6919 582
f 535 479 583
f 584 536 535
f 585 536 584
f 586 538 585
f 587 538 586
f 540 539 587
f 589 540 588
f 7131 542 589
f 543 542 7131
f 590 488 543
f 591 490 544
f 593 491 7252
f 492 434 593
f 545 492 594
f 546 493 595
f 597 6980 596
f 495 494 597
f 547 495 598
f 497 438 599
f 498 390 600
f 440 439 601
f 393 392 602
f 95 94 603
f 499 445 605
f 500 446 606
f 554 503 608
f 555 504 609
f 557 506 610
f 558 507 611
f 613 558 612
f 614 508 613
f 7196 559 614
f 615 560 7196
f 562 561 615
f 563 512 7220
f 617 564 616
f 618 565 617
f 619 566 618
f 7073 568 623
f 5965 5955 624
f 630 7130 5968
f 5971 5960 632
f 578 5960 633
f 5972 5961 633
f 579 5961 634
f 580 5962 635
f 5974 5963 635
f 581 5963 636
f 582 5964 637
f 639 583 6982
f 584 535 639
f 641 584 640
f 586 585 641
f 643 586 642
f 588 587 643
f 7131 589 644
f 646 7131 645
f 591 544 647
f 592 591 648
f 595 545 7312
f 596 546 650
f 598 597 651
f 548 547 652
f 599 496 653
f 602 391 654
f 442 7339 655
f 443 442 7448
f 551 444 713
f 606 499 658
f 552 501 659
f 608 553 660
f 609 554 661
f 556 555 662
f 610 556 663
f 665 610 664
f 611 557 665
f 612 611 666
f 614 613 667
f 669 7196 668
f 7220 562 7239
f 671 7220 726
f 616 563 671
f 673 616 672
f 674 617 673
f 7164 619 674
f 621 620 675
f 624 7073 679
f 625 5965 680
f 628 5967 7096
f 630 5968 684
f 5980 5971 686
f 633 5971 687
f 634 5972 688
f 5982 5973 688
f 635 5973 689
f 5983 5974 689
f 636 5974 690
f 6920 637 691
f 694 640 693
f 641 640 694
f 696 643 695
f 644 588 696
f 645 644 697
f 699 646 698
f 700 647 699
f 648 647 700
f 702 648 701
f 649 592 702
f 704 649 703
f 650 595 705
f 651 596 706
f 653 548 707
f 600 497 708
f 601 498 709
f 654 440 710
f 550 443 7448
f 605 551 713
f 660 552 715
f 661 608 716
f 718 609 717
f 719 663 718
f 664 663 719
f 721 666 720
f 722 666 721
f 667 612 722
f 668 667 723
f 727 671 726
f 672 671 727
f 729 673 728
f 730 674 729
f 675 7164 731
f 676 621 732
f 734 678 733
f 679 678 735
f 5984 5975 735
f 680 5975 736
f 5985 5976 736
f 681 5976 737
f 5988 5978 741
f 685 5978 742
f 5989 5979 742
f 5990 5980 743
f 687 5980 744
f 5991 5981 744
f 688 5981 745
f 5992 5982 745
f 689 5982 746
f 690 5983 747
f 748 6920 5994
f 750 693 692
f 694 693 750
f 752 694 751
f 642 641 752
f 697 696 754
f 756 698 755
f 757 698 756
f 700 699 757
f 701 700 758
f 703 702 759
f 706 650 761
f 652 598 762
f 708 599 763
f 658 605 764
f 766 607 765
f 715 659 766
f 716 660 767
f 717 661 768
f 719 718 769
f 720 664 770
f 721 720 771
f 773 722 772
f 774 723 773
f 775 668 774
f 724 669 775
f 777 724 776
f 727 726 7296
f 779 727 778
f 728 672 779
f 781 729 780
f 786 733 785
f 735 734 787
f 5995 5984 787
f 736 5984 788
f 5996 5985 788
f 5998 5987 7147
f 740 5987 6952
f 741 740 6952
f 5999 5988 792
f 742 5988 793
f 6000 5989 793
f 743 5989 794
f 6001 5990 794
f 744 5990 795
f 6002 5991 795
f 745 5991 796
f 799 5994 798
f 748 5994 799
f 802 751 7132
f 803 751 802
f 804 753 803
f 805 753 804
f 754 695 805
f 807 754 806
f 755 697 807
f 756 755 808
f 810 757 756
f 758 757 810
f 812 758 811
f 813 759 812
f 814 759 813
f 815 703 814
f 760 704 815
f 761 705 816
f 818 706 817
f 762 651 818
f 707 652 819
f 763 653 820
f 709 600 821
f 710 601 822
f 549 393 823
f 711 3 824
f 714 658 826
f 828 766 827
f 767 715 828
f 768 716 829
f 769 717 830
f 770 719 831
f 771 770 832
f 833 773 772
f 834 773 833
f 835 774 834
f 776 775 835
f 837 7296 836
f 839 779 838
f 780 728 839
f 842 782 841
f 783 782 842
f 784 783 843
f 785 784 844
f 786 785 845
f 787 786 847
f 848 5995 847
f 788 5995 849
f 6005 5996 849
f 6952 5998 851
f 792 6952 851
f 6008 5999 852
f 793 5999 853
f 6009 6000 853
f 794 6000 854
f 6010 6001 854
f 795 6001 855
f 796 6002 856
f 6012 6003 856
f 797 6003 857
f 6013 6004 857
f 7074 799 859
f 860 800 7074
f 861 801 860
f 802 7132 861
f 863 802 862
f 864 804 863
f 865 804 864
f 806 805 865
f 867 806 866
f 808 807 867
f 869 809 868
f 811 810 869
f 813 812 870
f 871 815 814
f 872 815 871
f 816 760 872
f 817 761 873
f 762 818 874
f 819 762 875
f 820 707 876
f 821 708 877
f 602 654 878
f 823 602 879
f 881 441 880
f 656 655 881
f 764 713 882
f 829 767 884
f 830 768 885
f 831 769 886
f 888 832 887
f 889 771 888
f 772 721 889
f 833 772 890
f 892 834 891
f 893 835 892
f 836 776 893
f 837 836 894
f 896 838 895
f 897 838 896
f 898 840 897
f 899 840 898
f 901 842 900
f 902 843 901
f 846 845 903
f 905 846 904
f 848 847 905
f 849 848 907
f 6014 6005 907
f 851 6007 6017
f 910 852 6017
f 6018 6008 910
f 853 6008 911
f 854 6009 912
f 6020 6010 912
f 856 6011 914
f 6022 6012 914
f 857 6012 915
f 6023 6013 915
f 858 6013 6983
f 917 7074 916
f 918 860 917
f 919 860 918
f 862 861 919
f 864 863 920
f 922 864 921
f 866 865 922
f 868 808 923
f 924 869 868
f 925 869 924
f 870 811 925
f 927 870 926
f 814 813 927
f 871 814 928
f 873 816 929
f 982 874 6984
f 876 819 930
f 877 763 931
f 822 709 932
f 96 95 933
f 712 656 934
f 826 764 935
f 884 828 937
f 885 829 938
f 886 830 939
f 890 889 941
f 943 890 942
f 891 833 943
f 945 892 944
f 894 893 945
f 895 837 946
f 896 895 947
f 898 897 948
f 949 899 898
f 900 899 949
f 901 900 950
f 952 902 951
f 955 904 954
f 956 906 955
f 907 906 957
f 6024 6014 957
f 908 6014 958
f 912 6019 963
f 6028 6020 963
f 913 6020 964
f 6029 6021 964
f 914 6021 965
f 6030 6022 965
f 915 6022 966
f 1022 6023 966
f 917 916 968
f 918 917 7075
f 970 919 969
f 920 862 970
f 921 920 971
f 922 921 972
f 974 866 973
f 923 867 974
f 976 923 975
f 924 868 976
f 926 925 977
f 928 927 978
f 872 871 979
f 929 872 980
f 875 874 982
f 931 820 983
f 932 821 984
f 878 710 985
f 603 549 986
f 825 712 987
f 883 826 988
f 937 827 989
f 938 884 990
f 939 885 991
f 940 886 992
f 994 887 993
f 996 943 995
f 944 891 996
f 998 944 997
f 999 945 998
f 948 896 1001
f 1002 948 1059
f 1003 949 1002
f 1004 950 1003
f 1005 951 1004
f 952 951 1005
f 953 952 1006
f 1008 953 1007
f 1009 954 1008
f 956 955 1009
f 957 956 1011
f 958 6024 1012
f 6033 6026 1016
f 962 6026 1017
f 6035 6028 1018
f 964 6028 1019
f 6036 6029 1019
f 965 6029 1020
f 6037 6030 1020
f 966 6030 1021
f 7075 968 1024
f 1026 7075 1025
f 969 918 1026
f 1028 969 1027
f 971 970 1028
f 972 971 1029
f 1031 972 1030
f 973 922 1031
f 1033 973 1032
f 975 974 1033
f 1035 976 1034
f 977 924 1035
f 1036 977 1086
f 978 926 1036
f 979 928 1037
f 980 979 1038
f 981 929 1039
f 982 6984 1040
f 930 875 1041
f 983 876 1042
f 984 877 1043
f 985 822 1044
f 1046 825 1045
f 936 883 1048
f 991 938 1049
f 992 939 1050
f 1052 994 1051
f 1053 941 1052
f 995 942 1053
f 997 996 1054
f 1056 998 1055
f 1057 999 1056
f 1001 947 7340
f 1003 1002 1060
f 1061 1004 1003
f 1062 1005 1004
f 1006 1005 1062
f 1007 1006 1063
f 1065 1008 1064
f 1010 1009 1065
f 6038 6031 1067
f 1012 6031 1068
f 6040 1014 1070
f 1015 1014 6953
f 1016 1015 6953
f 6043 6035 1073
f 1019 6035 1074
f 6045 6037 1075
f 1080 1025 1079
f 1081 1025 1080
f 1027 1026 1081
f 1029 1028 1082
f 1032 1031 1083
f 1084 975 1033
f 1034 975 1084
f 1037 978 1087
f 1038 1037 7313
f 1039 980 1088
f 1040 981 1089
f 1041 982 1090
f 1042 930 1091
f 1043 931 1092
f 879 878 1093
f 986 823 1094
f 880 7221 1095
f 988 935 1096
f 989 936 7222
f 990 937 1097
f 1049 990 1098
f 1050 991 1099
f 7197 992 1100
f 1051 993 1101
f 1103 1052 1102
f 1104 1053 1103
f 1054 995 1104
f 1055 997 1105
f 1106 1057 1056
f 1107 1057 1106
f 1108 7340 1107
f 1058 1001 1108
f 1110 1059 1058
f 1060 1059 1110
f 1061 1060 1111
f 1063 1062 1113
f 1115 1063 1114
f 1064 1007 1115
f 1117 1064 1116
f 1066 1065 1117
f 6046 6038 1119
f 1068 6038 1120
f 1071 6953 1123
f 6051 6043 1126
f 1074 6043 1127
f 1075 6044 1128
f 1080 1079 1129
f 1131 1081 1130
f 1082 1027 1131
f 1133 1082 1132
f 1030 1029 1133
f 1083 1030 1134
f 1136 1032 1135
f 1084 1033 1136
f 1138 1084 1137
f 1085 1034 1138
f 1140 1085 1139
f 1141 1036 1140
f 1143 7313 1142
f 1088 1038 1143
f 1089 1039 1144
f 1090 1040 1145
f 1091 1041 1146
f 1092 983 1147
f 1149 984 1148
f 1044 932 1149
f 934 881 1150
f 1048 988 1151
f 1099 1049 1153
f 1100 1050 1154
f 1102 1051 7076
f 1157 1103 1156
f 1158 1104 1157
f 1105 1054 1158
f 1160 1105 1159
f 1056 1055 1160
f 1106 1056 1161
f 1163 1106 1162
f 1164 1107 1163
f 1165 1109 1164
f 1166 1109 1165
f 1167 1110 1166
f 1114 1113 1168
f 1170 1114 1169
f 1116 1115 1170
f 1172 1116 1171
f 1118 1117 1172
f 1120 6046 1175
f 1124 1123 1177
f 6057 6049 1178
f 6060 6052 1181
f 1128 6052 1182
f 6061 6053 1182
f 1076 6053 1183
f 1130 1080 1185
f 1187 1130 1186
f 1188 1131 1187
f 1134 1133 1189
f 1191 1134 1190
f 1192 1135 1191
f 1193 1135 1192
f 1137 1136 1193
f 1194 1138 1137
f 1139 1138 1194
f 1141 1140 1195
f 1197 1141 1196
f 1142 7313 1197
f 1199 1143 1198
f 1144 1088 1199
f 1145 1089 1200
f 1146 1090 1201
f 1203 1091 1202
f 1147 1042 1203
f 1148 1043 1204
f 1093 985 1205
f 1094 879 1206
f 987 934 1207
f 1045 987 1208
f 1210 1046 1209
f 1096 1047 1210
f 1098 1097 1212
f 1153 1098 1213
f 1154 1099 1214
f 1156 1102 1216
f 1218 1156 1217
f 1219 1157 1218
f 1159 1158 1219
f 1161 1160 1220
f 1162 1161 1221
f 1223 1163 1222
f 1165 1164 1223
f 1225 1166 1224
f 1226 1167 1225
f 1168 1113 1112
f 1169 1168 1227
f 1171 1170 1228
f 1230 1171 1229
f 1173 1172 1230
f 1175 6054 1233
f 1177 6056 6066
f 1235 1178 6066
f 6070 6060 1238
f 1182 6060 1239
f 1183 6061 1240
f 1242 7194 1241
f 1186 1185 1243
f 1187 1186 1244
f 7360 1188 1245
f 1189 1132 7360
f 1190 1189 1246
f 1192 1191 1247
f 1194 1137 1248
f 1195 1139 1249
f 1196 1195 1304
f 1251 1197 1250
f 1198 1142 1251
f 1200 1144 1252
f 1201 1145 1253
f 1204 1092 1254
f 1256 1149 1255
f 1205 1044 1256
f 933 603 1257
f 1151 1096 1258
f 1213 1212 1260
f 1214 1153 1261
f 1215 1154 1262
f 1216 7076 7077
f 1267 1218 1266
f 1268 1219 1267
f 1270 1221 1269
f 1162 1221 1270
f 1222 1162 1271
f 1224 1165 7414
f 1275 1224 1274
f 1276 1225 1275
f 1227 1226 1276
f 1278 1227 1277
f 1228 1169 1278
f 1229 1228 1279
f 1231 1230 1280
f 1232 1231 1282
f 6072 6063 1282
f 1233 6063 1283
f 6073 6064 1284
f 6078 6070 1289
f 1239 6070 1290
f 1292 1241 7099
f 1293 1242 1292
f 1294 1242 1293
f 1244 1243 1294
f 1245 1244 1295
f 1297 1245 1296
f 1298 1246 1297
f 1299 1246 1298
f 1247 1190 1299
f 1301 1192 1300
f 1248 1193 1301
f 1249 1194 1302
f 1304 1249 1303
f 1250 1196 1305
f 1307 1251 1306
f 1308 1198 1307
f 1252 1199 1308
f 1253 1200 1309
f 1311 1201 1310
f 1202 1146 1311
f 1147 1203 1312
f 1255 1148 7426
f 97 96 1314
f 1150 880 1315
f 1209 1045 1316
f 1261 1213 1319
f 1262 1214 1320
f 1263 1215 1321
f 1265 1264 1322
f 1217 1216 1323
f 1266 1217 1324
f 1326 1269 1268
f 1327 1269 1326
f 1328 1270 1327
f 1329 1271 1328
f 1382 7378 1329
f 1274 7414 1330
f 1332 1275 1331
f 1277 1276 1332
f 1334 1277 1333
f 1280 1229 7078
f 1335 1280 7078
f 1282 1281 1337
f 6080 6072 1337
f 1283 6072 1338
f 6085 6078 1345
f 1349 1292 1348
f 1350 1293 1349
f 1295 1294 1350
f 1296 1295 1351
f 1353 1296 1352
f 1298 1297 1353
f 1355 1299 1354
f 1300 1247 1355
f 1357 1300 1356
f 1358 1301 1357
f 1302 1248 1358
f 1303 1302 1359
f 1305 1304 1360
f 1362 1305 1361
f 1306 1250 1362
f 1364 1308 1363
f 1309 1252 1364
f 1310 1253 1365
f 7426 1204 1367
f 1257 986 1368
f 1258 1210 1369
f 1259 1211 1370
f 1320 1261 1371
f 1321 1262 1372
f 1322 1263 1373
f 1375 1265 1374
f 1325 1266 1376
f 1327 1326 1378
f 1328 1327 1379
f 1329 1328 1380
f 1383 1330 7378
f 1331 1274 1384
f 1386 1331 1385
f 1333 1332 1386
f 1388 1333 1387
f 1389 1334 1388
f 1335 7078 1390
f 6088 6080 1392
f 1338 6080 1393
f 6089 6082 1397
f 1343 6082 1398
f 6091 6084 1399
f 1345 6084 1400
f 6092 6085 1400
f 1348 6087 1403
f 1349 1348 1404
f 1350 1349 1405
f 1351 1350 1406
f 1352 1351 1407
f 1409 1354 1408
f 1410 1354 1409
f 1356 1355 1410
f 1359 1358 1411
f 1360 1303 1412
f 1361 1360 7223
f 1414 1307 1413
f 1363 1307 1414
f 1365 1309 1415
f 1311 1310 1416
f 1366 1311 1417
f 1313 1312 1418
f 1420 1256 6922
f 1421 1093 1420
f 1206 1093 1421
f 1368 1094 1422
f 1095 711 1423
f 1425 1150 1424
f 1208 1207 1425
f 1369 1209 1426
f 1317 1258 1427
f 1319 1260 1428
f 1371 1319 1429
f 1372 1320 1430
f 1373 1321 1431
f 1374 1322 1432
f 1434 1375 1433
f 1376 1324 1434
f 1325 1376 1435
f 1438 1379 1437
f 1381 1380 1438
f 1439 1382 1381
f 1441 1383 1440
f 1385 1384 1441
f 1443 1385 1442
f 1387 1386 1443
f 1444 7269 7298
f 1445 1390 7269
f 1446 1390 1445
f 1391 1335 1446
f 1392 1391 1448
f 6094 6088 1448
f 1393 6088 1449
f 6095 6954 1451
f 1397 1396 1452
f 6096 6089 1453
f 1398 6089 1454
f 1400 6091 1456
f 6099 6092 1456
f 6921 1403 7322
f 1459 1404 6921
f 1460 1406 1405
f 1408 1353 1461
f 1409 1408 1462
f 1464 1410 1463
f 1357 1356 1464
f 1411 1357 1465
f 1467 1411 1466
f 1412 1359 1467
f 1469 1361 7223
f 1413 1362 1470
f 1414 1413 1471
f 1364 1363 1472
f 1415 1364 1473
f 1416 1365 1474
f 1418 1366 1475
f 1419 1313 1476
f 6922 1256 1477
f 1316 1208 1478
f 1429 1428 1481
f 1430 1371 1482
f 1431 1372 1483
f 1432 1373 1484
f 1486 1374 1485
f 1487 1433 1486
f 1435 1434 1487
f 1492 1438 1491
f 1439 1381 1492
f 1442 1441 1493
f 1495 1443 1494
f 1497 1444 1547
f 1498 1445 1497
f 1447 1446 1498
f 6101 6094 1500
f 1449 6094 1501
f 1452 6095 6103
f 1503 1453 6103
f 6105 6097 1504
f 1457 6099 1507
f 6108 6100 1507
f 1458 6100 1508
f 1509 6921 6987
f 1459 6921 1509
f 1460 1459 1510
f 1512 1460 1511
f 1513 1407 1512
f 1461 1352 1513
f 1515 1462 1514
f 1516 1462 1515
f 1463 1409 1516
f 1518 1463 1517
f 1519 1465 1518
f 1466 1465 1519
f 1468 1467 1520
f 1469 7223 1521
f 1471 1470 1522
f 1472 1414 1523
f 1473 1472 1524
f 1474 1415 1525
f 1417 1416 1526
f 1427 1369 1528
f 1482 1429 1530
f 1483 1430 1531
f 1484 1431 1532
f 1485 1432 1533
f 1488 1435 1535
f 1489 1488 1536
f 1537 1489 1588
f 1540 1492 1539
f 1493 1440 7270
f 1542 1493 7270
f 1543 1493 1542
f 1494 1442 1543
f 1545 1494 1544
f 1547 1496 1546
f 1548 1497 1547
f 1549 1497 1548
f 1499 1498 1549
f 1500 1499 1551
f 6109 6101 1551
f 1501 6101 1552
f 7184 7215 7160
f 1506 6106 1556
f 6115 6107 1556
f 1507 6107 1557
f 6116 6108 1557
f 1510 1509 7459
f 1511 1510 1560
f 7299 1511 1561
f 1514 1513 1562
f 1515 1514 7383
f 1563 1516 1515
f 1517 1516 1563
f 1519 1518 1564
f 1566 1519 1565
f 1521 1468 1567
f 1523 1471 1568
f 1525 1473 1569
f 1526 1474 1570
f 1475 1417 1571
f 1476 1418 1572
f 1527 1419 1573
f 1630 6922 1574
f 1421 1420 1575
f 1422 1206 1576
f 1426 1316 1577
f 1479 1427 7400
f 1480 7373 1579
f 1481 1480 1580
f 1531 1482 1581
f 1532 1483 1582
f 1533 1484 1583
f 1534 1485 1584
f 1535 1487 1585
f 1536 1535 1586
f 1588 1536 1587
f 1538 1537 1589
f 1491 1538 1590
f 1539 1491 1590
f 1540 1539 1591
f 1541 1540 1592
f 1594 1542 1593
f 1544 1543 1594
f 1596 1544 1595
f 1546 1545 1596
f 1548 1547 1598
f 1600 1548 1599
f 1550 1549 1600
f 1551 1550 1602
f 6117 6109 1602
f 1607 6111 6118
f 1556 6114 1610
f 6122 6115 1610
f 1557 6115 1611
f 1558 6116 1612
f 1561 1560 1614
f 1616 1561 1615
f 1563 1515 1617
f 7133 1564 1618
f 1565 1564 7133
f 1620 1566 1619
f 1567 1520 1620
f 1622 1521 1621
f 1522 1469 1622
f 1568 1522 1623
f 1524 1523 1624
f 1569 1524 1625
f 1570 1525 1626
f 1571 1526 1627
f 1572 1475 1628
f 1573 1476 1629
f 1575 6922 1630
f 1576 1421 1631
f 1315 1095 1632
f 1633 1742 6988
f 1528 1426 1634
f 1530 1481 1636
f 1581 1530 1637
f 1582 1531 1638
f 1583 1532 1639
f 1641 1534 1640
f 1586 1585 1641
f 1587 1586 1642
f 1589 1588 1643
f 1646 7198 1645
f 1647 1590 1646
f 1648 1591 1647
f 1649 1592 1648
f 1593 1541 1649
f 1651 1593 1650
f 1595 1594 1651
f 1653 1595 1652
f 1597 1596 1653
f 1599 1598 1654
f 1601 1600 1655
f 6127 6119 1662
f 1608 6119 1663
f 6128 6120 1663
f 1609 6120 1664
f 6129 6121 1664
f 1613 1612 7214
f 1615 1614 1669
f 7168 1616 7435
f 1672 1617 1671
f 1618 1563 1672
f 1675 7133 1674
f 1676 1620 7134
f 1621 1567 1676
f 1678 1621 1677
f 1623 1622 1678
f 1680 1624 1679
f 1625 1624 1680
f 1626 1569 1681
f 1627 1570 1682
f 1628 1571 1683
f 7398 1527 1684
f 1257 1368 1685
f 1424 1315 1686
f 1578 1528 1687
f 1689 1529 1688
f 1580 1579 1689
f 1638 1581 1691
f 1639 1582 1692
f 1695 6989 1694
f 1640 1584 1695
f 1642 1641 1696
f 1643 1587 1697
f 1644 1643 1698
f 1647 1646 1699
f 1648 1647 1700
f 1702 1649 1701
f 1650 1649 1702
f 1704 1653 1703
f 1654 1597 1704
f 1706 1654 1705
f 1655 1599 1706
f 1656 1655 1707
f 1657 1656 1709
f 1663 6127 1714
f 6136 6128 1714
f 1664 6128 1715
f 6137 6129 1715
f 1667 6131 1718
f 1720 1669 1668
f 1722 1669 1721
f 7435 1615 1722
f 1724 7168 7435
f 1670 7168 1724
f 1671 1670 1725
f 1727 1671 1726
f 1728 1673 1727
f 1674 1673 1728
f 1619 1675 1729
f 1731 1676 7134
f 1677 1676 1731
f 1733 1678 1732
f 1679 1623 1733
f 1681 1625 1734
f 1682 1626 1735
f 1683 1627 1736
f 1738 1628 1737
f 1629 1572 1738
f 1684 1573 1739
f 933 1257 1740
f 1314 933 1741
f 1577 1478 1742
f 1635 1578 1743
f 1745 1689 1744
f 1690 1580 1745
f 1691 1637 1746
f 1692 1638 1747
f 1693 1639 1748
f 1750 1695 1749
f 1696 1640 1750
f 1752 1696 1751
f 1697 1642 1752
f 1698 1697 1753
f 1645 1644 1754
f 1699 1645 1755
f 1700 1699 1756
f 1702 1701 1757
f 1759 1650 1758
f 1652 1651 1759
f 1761 1703 1760
f 1762 1703 1761
f 1705 1704 1762
f 1708 1707 7079
f 1768 7022 7023
f 6144 6137 1770
f 1716 6137 1771
f 6145 6138 1771
f 6146 6139 1772
f 1719 1718 1774
f 1720 1719 6924
f 1721 1720 1775
f 1777 7434 1723
f 1725 1724 7434
f 1778 1726 1725
f 1779 1726 1778
f 1780 1728 1779
f 1781 1728 1780
f 1782 1729 1781
f 1730 1729 1782
f 1731 7134 1783
f 1732 1677 1784
f 1733 1732 1785
f 1680 1679 1786
f 1734 1680 1787
f 1735 1681 1788
f 1736 1682 1789
f 1739 1629 1790
f 1574 7398 1791
f 1631 1575 1793
f 1685 1422 1794
f 1633 6988 1795
f 1634 1577 1796
f 1688 1635 7342
f 1747 1691 1797
f 1748 1692 1798
f 1800 1693 1799
f 1749 1694 1800
f 1802 1749 1801
f 1751 1750 1802
f 1753 1752 1803
f 1805 1698 1804
f 1755 1754 1805
f 1807 1756 1806
f 1808 1756 1807
f 1809 1757 1808
f 1810 1757 1809
f 1758 1702 1810
f 1812 1758 1811
f 1813 1760 1812
f 1761 1760 1813
f 1815 1762 1814
f 1764 7079 1817
f 1766 6140 1819
f 6148 6141 1820
f 1712 6141 1821
f 1823 7023 7024
f 1771 6144 1826
f 6152 6145 1826
f 1772 6145 1827
f 6153 6146 1827
f 1773 6146 1828
f 1776 1721 1830
f 1777 1776 1831
f 1833 1777 1832
f 1834 7434 1833
f 1834 1725 7434
f 1836 1778 1835
f 1780 1779 1836
f 1838 1780 1837
f 1782 1781 1838
f 1783 1730 1839
f 1840 1783 1900
f 1841 1784 1840
f 1785 1784 1841
f 1843 1786 1842
f 1787 1786 1843
f 1788 1734 1844
f 1789 1735 1845
f 1683 1736 1846
f 1737 1683 1847
f 1790 1738 1848
f 1793 1630 1850
f 1794 1576 1851
f 1687 1634 1852
f 1743 1687 1853
f 1856 1745 1855
f 1798 1747 1857
f 1799 1748 1858
f 1801 1800 1859
f 1861 1802 1860
f 1803 1751 1861
f 1863 1803 1862
f 1804 1753 1863
f 1865 1804 1864
f 1806 1805 1865
f 1807 1806 1866
f 1868 1807 1867
f 1869 1810 1809
f 1811 1810 1869
f 1871 1811 1870
f 1872 1813 1871
f 1873 1813 1872
f 1814 1761 1873
f 1875 1814 1874
f 1816 1815 1875
f 1877 1817 1876
f 1878 7169 1877
f 1818 7169 1879
f 1819 6147 1880
f 1821 6148 1882
f 1884 7024 7050
f 6156 6149 1884
f 1824 6149 1885
f 1826 6151 1887
f 6159 6152 1887
f 1827 6152 1888
f 6160 6153 1888
f 1828 6153 1889
f 1830 1775 7080
f 1831 1830 1891
f 1832 1831 1892
f 1894 1833 1893
f 1835 1834 1894
f 1837 1836 1895
f 1897 1837 1896
f 1898 1838 1897
f 1899 1839 1898
f 1841 1840 1901
f 1903 1842 1902
f 1843 1842 1903
f 1844 1787 1904
f 1845 1788 1905
f 1960 1846 1906
f 1847 1846 1960
f 1848 1737 1907
f 1849 1739 1908
f 1792 1791 1909
f 1797 1746 1911
f 1857 1797 1912
f 1858 1798 1913
f 1859 1799 1914
f 1860 1801 1915
f 1917 1860 1916
f 1862 1861 1917
f 1864 1863 1918
f 1866 1865 1919
f 1867 1866 1920
f 1809 1868 1921
f 1923 1869 1922
f 1870 1869 1923
f 1925 1870 1924
f 1872 1871 1925
f 1927 1872 1926
f 1874 1873 1927
f 1929 1874 1928
f 1876 1875 1929
f 1877 1876 1930
f 1878 1877 1931
f 1879 1878 1932
f 1880 6154 1933
f 1937 7050 7051
f 6163 6156 1937
f 1885 6156 1938
f 6167 6160 1941
f 1891 7080 1943
f 1892 1891 1944
f 1893 1832 1945
f 1947 1893 1946
f 1948 1894 1947
f 1895 1835 1948
f 1896 1895 7300
f 1949 1897 7254
f 1899 1898 1949
f 1951 1901 1950
f 1952 1901 1951
f 1902 1841 1952
f 1954 1903 1953
f 1955 1903 1954
f 1904 1843 1955
f 1957 1904 1956
f 1905 1844 1957
f 1906 1845 1958
f 1907 1847 1960
f 1908 1790 1961
f 1851 1631 1962
f 1964 1742 1633
f 2021 1796 1964
f 1854 7342 1965
f 1855 1744 1966
f 1968 1856 1967
f 1912 1911 1968
f 1913 1857 1969
f 1914 1858 1970
f 1915 1859 1971
f 1973 1917 1972
f 1918 1862 1973
f 1919 1864 1974
f 1920 1919 1975
f 1921 1867 1976
f 1922 1921 1977
f 1923 1922 1978
f 1924 1923 1979
f 1926 1925 1980
f 1982 1926 1981
f 1928 1927 1982
f 1984 1928 1983
f 1930 1929 1984
f 1931 1930 1985
f 1987 1931 1986
f 1933 6161 1989
f 1993 7051 7052
f 6174 6167 1997
f 7101 1943 2000
f 2002 1944 2001
f 1945 1892 2002
f 2004 1947 2003
f 7271 7300 2005
f 2007 7254 2006
f 2008 1949 2007
f 1950 1899 2008
f 1951 1950 2009
f 1953 1952 2010
f 1956 1955 2011
f 1958 1905 2012
f 1959 1906 2013
f 1961 1848 2014
f 1909 1849 2015
f 1850 1792 2016
f 1962 1793 2017
f 2019 824 2018
f 2020 1423 2019
f 1852 1796 2021
f 2023 1852 2022
f 1910 1853 2023
f 1966 1854 2024
f 1967 1855 2025
f 2027 1968 2026
f 1969 1912 2027
f 1970 1913 2028
f 1971 1914 2029
f 1916 1915 2030
f 1974 1918 2031
f 2033 1975 2032
f 2035 1977 2034
f 2036 1978 1977
f 1979 1978 2036
f 2038 1924 2037
f 1981 1980 2038
f 2040 1981 2039
f 1983 1982 2040
f 2042 1983 2041
f 1985 1984 2042
f 2044 1986 2043
f 1988 1987 2045
f 6175 6168 2045
f 1991 6169 7100
f 2049 7052 7408
f 6182 6174 2053
f 1998 6174 2054
f 2056 2002 7395
f 1946 1945 2056
f 2003 1946 2057
f 2005 2004 2058
f 2060 7271 2059
f 2006 7271 2060
f 2062 2006 2061
f 2063 2007 2062
f 2010 1951 2115
f 2065 1953 2064
f 2011 1954 2065
f 2067 1956 2066
f 2012 1957 2067
f 2013 1958 2068
f 2070 1907 2069
f 2017 1850 2072
f 2073 1794 2403
f 1740 1685 2073
f 1795 1686 2177
f 1965 1910 2075
f 2028 1969 2076
f 2029 1970 2077
f 2030 1971 2078
f 2079 2030 2132
f 2080 1972 2079
f 2081 1972 2080
f 2031 1973 2081
f 2083 2031 2082
f 2032 1974 2083
f 2085 2032 2084
f 2086 2034 2085
f 2035 2034 2086
f 2088 2036 2087
f 2037 1979 2088
f 2090 2037 2089
f 2039 2038 2090
f 2041 2040 2091
f 2093 2042 2092
f 2043 1985 2093
f 2095 2043 2094
f 2045 2044 2096
f 6184 6175 2096
f 2046 6175 2097
f 7100 6176 7117
f 2100 7408 6186
f 6187 6178 2100
f 2050 6178 2101
f 2052 6180 2103
f 6190 6181 2103
f 2053 6181 2104
f 2106 2001 6925
f 2057 2056 2107
f 2109 2057 2108
f 2058 2003 2109
f 2111 2059 2110
f 2060 2059 2111
f 2113 2061 2112
f 7245 2062 2113
f 2114 2063 7245
f 2116 2010 2115
f 2064 2010 2116
f 2118 2065 2117
f 2066 2011 2118
f 2120 2067 2119
f 2068 2012 2120
f 2122 2013 2121
f 2069 1959 2122
f 2071 1961 2123
f 2024 1965 2125
f 2025 1966 2126
f 2026 1967 2127
f 2076 2027 2128
f 2077 2028 2129
f 2078 2029 2130
f 2132 2078 2131
f 2080 2079 2133
f 2082 2081 2134
f 2136 2084 2135
f 2086 2085 2136
f 2087 2035 2137
f 2139 2087 2138
f 2089 2088 2139
f 2141 2089 2140
f 2091 2039 2142
f 2144 2091 2143
f 2092 2041 2144
f 2146 2092 2145
f 2094 2093 2146
f 2148 2094 2147
f 6192 6184 2149
f 2097 6184 2150
f 2152 6186 6194
f 6195 6187 2152
f 2101 6187 2153
f 6196 6188 2153
f 6197 6189 2154
f 2103 6189 2155
f 6198 6190 2155
f 2104 6190 2156
f 2161 2106 2160
f 2108 2107 2162
f 2164 2108 2163
f 2110 2109 2164
f 2111 2110 2165
f 2112 2061 7327
f 2167 2114 2223
f 2116 2115 2167
f 2169 2116 2168
f 2117 2064 2169
f 2119 2066 2170
f 2121 2068 2171
f 2173 2122 2172
f 2174 2070 2173
f 2175 2070 2174
f 2124 2015 7437
f 2403 1851 2176
f 1963 1795 2177
f 2179 1964 2178
f 2022 2021 2179
f 2075 2023 2180
f 2126 2024 7337
f 2127 2025 2181
f 2128 2026 2182
f 2129 2076 2183
f 2130 2077 2184
f 2133 2132 2185
f 2187 2133 2186
f 2134 2080 2187
f 2189 2134 2188
f 2191 2136 2190
f 2192 2086 2191
f 2138 2137 2192
f 2194 2138 2193
f 2140 2139 2194
f 2142 2141 2196
f 2143 2142 2196
f 2198 2143 2197
f 2145 2144 2198
f 2200 2145 2199
f 2147 2146 2200
f 2149 2148 2202
f 6200 6192 2202
f 2150 6192 2203
f 2151 6193 2205
f 6203 6195 2207
f 2153 6195 2208
f 6204 6196 2208
f 2154 6196 2209
f 6205 6197 2209
f 2155 6197 2210
f 2157 6199 2212
f 2159 2158 2214
f 2160 2159 2214
f 2163 2162 2215
f 2217 2163 2277
f 2165 2164 2217
f 7327 2111 2219
f 2112 7327 2220
f 2113 2112 2221
f 2223 2166 6926
f 2224 2167 2223
f 2168 2167 2224
f 2226 2169 2225
f 2118 2117 2226
f 2170 2118 2227
f 2120 2119 2228
f 2171 2120 2229
f 2172 2121 2230
f 7437 2071 2231
f 2072 2016 2232
f 1962 2017 2233
f 1741 1740 2235
f 2180 2022 2237
f 2125 2075 2238
f 2182 2127 2239
f 2183 2128 2240
f 2184 2129 2241
f 2131 2130 2242
f 2185 2131 2243
f 2299 2186 2244
f 2245 2186 2299
f 2246 2188 2245
f 6927 2188 2246
f 2247 2189 6927
f 2190 2135 2248
f 2249 2190 7429
f 2250 2191 2249
f 2193 2192 2250
f 2252 2193 2251
f 2253 2194 2252
f 2196 2195 2254
f 2256 2197 2255
f 2199 2198 2257
f 2259 2199 2258
f 2147 2200 2259
f 2201 2147 2260
f 2203 6200 2263
f 2266 6202 2318
f 6210 6203 2266
f 2208 6203 2267
f 6211 6204 2267
f 2209 6204 2268
f 6212 6205 2268
f 6213 6206 2269
f 2211 6206 2270
f 2212 6207 2271
f 2214 2213 2273
f 2216 2163 2215
f 2218 2217 2277
f 2279 2219 2278
f 2280 2220 2279
f 2281 2221 2280
f 6926 2222 2281
f 2224 2223 2282
f 2225 2168 2283
f 2227 2226 2284
f 2285 2228 7224
f 2229 2228 2285
f 2230 2171 2286
f 2174 2173 2287
f 7415 2175 2288
f 2231 2071 7415
f 2232 2124 2289
f 2233 2072 2290
f 2178 1963 2291
f 2240 2182 2293
f 2241 2183 2294
f 2296 2184 2295
f 2243 2242 2296
f 2244 2243 2297
f 2300 2245 2299
f 2246 2245 2300
f 2247 6927 2302
f 2304 2248 2303
f 7429 2248 2304
f 2306 2249 2305
f 2251 2250 2306
f 2308 2253 2307
f 2309 2253 2308
f 2310 2254 2309
f 2313 2260 2312
f 2261 2260 2313
f 6216 6210 2319
f 2267 6210 2320
f 6217 6211 2320
f 2268 6211 2321
f 6219 6213 2322
f 2270 6213 2323
f 6220 6214 2323
f 2325 2276 7302
f 2277 2216 2326
f 2218 2277 2327
f 2329 2278 2328
f 2279 2278 2329
f 2280 2279 2330
f 2281 2280 2331
f 6926 2281 2332
f 2282 6926 2333
f 2335 2283 2334
f 2336 2283 2335
f 2284 2225 2336
f 2338 2284 2337
f 7224 2227 2338
f 2286 2229 2339
f 2341 2230 2340
f 2287 2172 2341
f 2235 2073 7273
f 2237 2179 2343
f 2238 2180 2344
f 2239 2181 2345
f 2294 2240 2346
f 2295 2241 2347
f 2297 2296 2348
f 2298 2297 2349
f 2300 2299 2350
f 2352 2302 2351
f 2353 2303 2352
f 7404 2304 2353
f 2354 2306 7419
f 2355 2306 2354
f 2307 2251 2355
f 2308 2307 2356
f 2310 2309 2357
f 2362 2258 2361
f 2363 2313 2362
f 2314 2313 2363
f 2315 2314 2365
f 2319 2318 2369
f 6225 6216 2370
f 6229 6220 2374
f 2324 7246 7027
f 2379 7302 2378
f 2380 2325 2379
f 2381 2326 2380
f 2382 2327 2381
f 2383 2328 2382
f 2384 2329 2383
f 2385 2330 2384
f 2386 2331 2385
f 2387 2332 2386
f 2388 2333 2387
f 2334 2282 2388
f 2335 2334 2389
f 2391 2335 2390
f 2392 2337 2391
f 2393 2337 2392
f 2394 2338 2393
f 2285 7224 2394
f 2340 2286 2395
f 2397 2341 2396
f 2398 2287 2397
f 2288 2174 2398
f 2400 2288 2399
f 2231 7415 2400
f 2342 2231 2401
f 2234 2233 2402
f 2074 2020 2404
f 2293 2239 2406
f 2347 2294 2407
f 2348 2295 2408
f 2350 2298 2409
f 2351 2301 2411
f 2353 2352 7384
f 2354 7419 2468
f 2413 2356 2412
f 2414 2356 2413
f 2357 2308 2414
f 2416 2358 2357
f 2417 2358 2416
f 2360 2359 2417
f 2419 2360 2418
f 2420 2361 2419
f 2363 2362 2420
f 2364 2363 2421
f 2370 2369 2425
f 6233 6225 2426
f 2374 6228 2430
f 6237 6229 2430
f 2432 2376 6928
f 2377 2324 2432
f 2434 2377 2433
f 2436 2380 2379
f 2437 2381 2436
f 2438 2382 2437
f 2383 2382 2438
f 2384 2383 2439
f 2385 2384 2440
f 2442 2388 2387
f 2443 2389 2442
f 2390 2389 2443
f 2392 2391 2444
f 2446 2393 2445
f 2447 2394 2446
f 2339 2285 2447
f 2395 2339 2448
f 2396 2340 2449
f 2232 2289 2450
f 2290 2232 2451
f 2177 2074 2453
f 2344 2237 2512
f 2346 2293 2457
f 2407 2346 2458
f 2408 2347 2459
f 2461 2348 2460
f 2409 2349 2461
f 2462 2350 2409
f 2410 2350 2462
f 2411 2410 2463
f 2351 2411 6929
f 2465 7384 2464
f 2470 2412 2469
f 2471 2413 2470
f 2415 2414 2471
f 2473 2415 2472
f 2474 2416 2473
f 2418 2417 2474
f 2476 2419 2475
f 7081 2421 2477
f 2422 2364 2478
f 6238 6230 2478
f 2426 2425 2481
f 6241 6233 2482
f 6242 6234 2483
f 6244 6236 2485
f 2433 2432 2489
f 2434 2433 2490
f 2435 2434 2491
f 2436 2435 2492
f 2437 2436 2493
f 2438 2437 2494
f 2439 2438 2495
f 2498 2387 2497
f 2442 2387 2498
f 2444 2390 2500
f 2445 2392 2501
f 2448 2447 2502
f 2449 2395 2503
f 2505 2397 2504
f 2399 2398 2505
f 2507 2399 2506
f 2401 2400 2507
f 2450 2342 2508
f 2402 2290 2509
f 2405 2344 2512
f 2406 2345 2514
f 2515 2457 2406
f 2458 2457 2515
f 2459 2407 2516
f 2460 2408 2517
f 2519 2461 2518
f 7135 2409 2519
f 2520 2462 7135
f 2521 2463 2520
f 2522 6929 2521
f 2465 2464 2522
f 2469 2468 2524
f 2470 2469 2525
f 2471 2470 2526
f 2472 2471 2527
f 2529 2472 2528
f 2530 2473 2529
f 2418 2474 2530
f 2475 2418 2531
f 2477 2476 2533
f 6247 6238 2535
f 2479 6238 2536
f 6251 6241 2539
f 2483 6241 2540
f 6253 6243 2541
f 2486 6244 2543
f 2487 6245 2544
f 2546 2490 6257
f 2547 2491 2546
f 2548 2492 2547
f 7314 2493 2548
f 2549 2494 7314
f 2550 2495 2549
f 2552 2496 2551
f 2553 2441 2552
f 2554 2497 2553
f 2555 2498 2554
f 2556 2499 2555
f 2501 2444 2557
f 2559 2501 2558
f 2560 2445 2559
f 2502 2446 2560
f 2503 2448 2561
f 2563 2449 2562
f 2504 2396 2563
f 2508 2401 2564
f 2451 2450 2565
f 2452 2234 2566
f 7272 2405 2567
f 2515 2406 2568
f 2570 2515 2569
f 2516 2458 2570
f 2517 2459 2571
f 2518 2460 2621
f 2573 7135 2572
f 2520 7135 2573
f 2522 2521 2574
f 7226 2465 2575
f 2628 7255 2577
f 2524 2467 7255
f 2525 2524 2579
f 2526 2525 2580
f 2527 2526 7431
f 2528 2527 2581
f 2530 2529 6258
f 2531 2530 6258
f 2532 2531 7333
f 6259 6246 2583
f 2534 6246 6260
f 2539 6250 7028
f 2542 6253 2591
f 6268 6256 2593
f 2596 2547 2595
f 2597 7314 2596
f 2598 2549 2597
f 2550 2549 2598
f 2552 2551 7460
f 2554 2553 2600
f 2555 2554 2601
f 2602 2556 2555
f 2603 2500 2556
f 2604 2500 2603
f 2558 2557 2604
f 2606 2559 2605
f 2607 2560 2606
f 2561 2502 2607
f 2562 2503 2608
f 2610 2563 2609
f 2505 2504 2610
f 2506 2505 2611
f 2564 2507 2612
f 2404 2019 2613
f 2454 2291 2614
f 2618 2456 2617
f 2571 2516 2619
f 2621 2517 2620
f 2572 2518 2622
f 2623 2573 2572
f 2624 2573 2623
f 2574 2520 2624
f 2575 2522 2625
f 2576 2575 2626
f 2628 2577 2627
f 2629 2579 2578
f 2630 2579 2629
f 2631 2580 2630
f 2632 2581 2631
f 2633 2528 2581
f 2584 6260 2637
f 6275 6263 2641
f 6277 6265 2643
f 2591 6265 2644
f 2595 6270 7181
f 2596 2595 2649
f 6991 2596 2649
f 2650 2598 2597
f 2652 7460 2651
f 2654 2599 2653
f 2601 2600 2654
f 2602 2555 2655
f 2657 2602 2656
f 2658 2603 2657
f 2659 2604 2658
f 2605 2558 2659
f 2662 2607 2661
f 2608 2561 2662
f 2609 2562 2663
f 2611 2610 2664
f 2612 2506 2665
f 2565 2508 2666
f 2509 2451 2667
f 2566 2402 2668
f 2670 7273 2669
f 2235 7273 2670
f 2510 1741 2671
f 2672 2455 7303
f 2567 2512 2672
f 2617 2513 2673
f 2619 2570 2675
f 2620 2571 2676
f 2622 2621 2677
f 2623 2572 2678
f 2680 2574 2624
f 2625 2574 2680
f 2629 2628 2682
f 2684 2629 2683
f 2685 2630 2684
f 2632 2631 2685
f 2633 2632 2686
f 2634 2633 2687
f 6283 6271 2688
f 6259 2636 2689
f 6285 6272 2689
f 6289 6275 6990
f 2642 6275 2694
f 6290 6276 2694
f 6291 6277 2695
f 2644 6277 2696
f 6292 6278 2696
f 2646 6279 2698
f 2647 6280 2699
f 6295 6281 2648
f 2649 7181 2700
f 2703 2650 2702
f 2704 2650 2703
f 2652 2651 2704
f 2706 2653 2705
f 2655 2601 2707
f 2656 2655 2708
f 2710 2658 2709
f 2711 2659 2710
f 2660 2605 2711
f 2663 2608 2712
f 2664 2609 2713
f 2666 2564 2714
f 2668 2509 2715
f 2671 2235 2716
f 2615 2454 2717
f 2616 2567 2718
f 2674 2618 2719
f 2676 2619 2721
f 2677 2620 2722
f 2724 2678 2723
f 2725 2678 2724
f 2679 2623 2725
f 2727 2679 2726
f 2681 2680 2727
f 2729 2681 2728
f 2730 2626 2729
f 2627 2576 2730
f 2682 2627 2731
f 2683 2682 2732
f 2734 2683 2733
f 7274 2684 2734
f 2735 2685 7274
f 2736 2686 2735
f 2737 2687 2736
f 2738 6282 2737
f 2688 6282 2739
f 6296 6284 6283
f 2690 6285 2741
f 6298 6286 2741
f 2691 6286 7065
f 2744 6288 7326
f 6299 6289 7325
f 2694 6289 2745
f 2696 6291 2747
f 6302 6292 2747
f 2697 6292 2748
f 6304 6294 2749
f 2699 6294 2750
f 2648 2699 2751
f 6305 6295 2751
f 2703 2702 2753
f 2755 2703 2754
f 2705 2652 2756
f 2706 2705 2757
f 2709 2657 2759
f 2761 2710 2760
f 2762 2711 2761
f 2763 2660 2762
f 2712 2662 2764
f 2713 2663 2765
f 2665 2611 2766
f 2612 2665 2767
f 2667 2565 2769
f 2669 2452 2770
f 2772 2404 2771
f 2511 2453 2772
f 2718 2672 2773
f 2673 2616 2774
f 2719 2617 2775
f 2720 2674 2776
f 2722 2676 2778
f 2723 2677 2780
f 2724 2723 2781
f 2726 2725 2782
f 2784 2726 2783
f 2728 2727 2784
f 2786 2729 2785
f 2787 2731 2786
f 2788 2732 2787
f 2733 2732 2788
f 2790 7274 2789
f 2735 7274 2790
f 2792 2736 2791
f 2793 2736 2792
f 2738 2737 2793
f 2740 6296 2795
f 6309 6297 2795
f 6312 6299 2801
f 2745 6299 2802
f 6313 6300 2802
f 6314 6301 2803
f 2747 6301 2804
f 6316 6303 2805
f 6317 6304 2806
f 2754 2753 7452
f 2812 2754 2811
f 2813 2755 2812
f 2757 2756 2813
f 2707 2706 2815
f 2882 2708 2817
f 2818 2758 2882
f 2819 2759 2818
f 2760 2709 2819
f 2821 2761 2820
f 2822 2762 2821
f 2823 2763 2822
f 2712 2764 2823
f 2765 2712 2824
f 2664 2713 2825
f 2766 2664 2826
f 2767 2766 2827
f 2768 2767 2828
f 2769 2666 2829
f 2770 2566 2830
f 2614 2511 2929
f 7303 2615 2832
f 2775 2673 2833
f 2776 2719 2834
f 2777 2720 2835
f 2838 2781 2780
f 2839 2781 2838
f 2840 2782 2839
f 2783 2782 2840
f 2842 2784 2841
f 2785 2728 2842
f 2787 2786 2843
f 2844 2788 2787
f 2789 2733 7275
f 2791 2790 2845
f 2792 2791 2846
f 2848 2792 2847
f 2794 6307 2851
f 2852 6308 2851
f 2796 6309 2855
f 2856 6310 2855
f 2799 6311 2860
f 2863 6312 2862
f 2802 6312 2864
f 2803 6313 2865
f 2869 6315 2868
f 2805 6315 2870
f 2806 6316 2872
f 2807 6317 2874
f 2808 2807 2874
f 2809 6318 2877
f 2811 7452 2915
f 2813 2812 2879
f 2814 2813 2880
f 2816 2815 7425
f 2818 2882 2883
f 2819 2818 2884
f 2820 2760 2885
f 2821 2820 2886
f 2888 2821 2887
f 2889 2822 2888
f 2824 2823 2889
f 2891 2825 2890
f 2826 2825 2891
f 2715 2667 2893
f 2830 2668 2894
f 2774 2718 2896
f 2836 2777 2897
f 2779 2778 2898
f 2840 2839 2899
f 2841 2783 2900
f 2901 2842 2841
f 2902 2842 2901
f 2904 2843 2903
f 2844 2787 2904
f 2905 7275 2844
f 2906 7275 2905
f 6959 2845 2906
f 6931 2846 6959
f 2847 2846 6931
f 2849 2848 6319
f 2852 2851 6320
f 2854 2853 6321
f 2856 2855 6322
f 6326 6930 2908
f 2861 6958 6930
f 2909 2861 6326
f 2863 2862 2909
f 2911 2867 2910
f 2869 2868 2911
f 2873 2872 2913
f 2914 2873 7182
f 2875 2874 2914
f 2878 2877 6330
f 2879 2811 2916
f 2880 2879 7276
f 2881 2814 2917
f 2919 2881 2918
f 2920 2816 2919
f 2883 2882 2920
f 2890 2824 2922
f 2827 2826 2923
f 2828 2827 2924
f 2892 2768 2925
f 2893 2769 2926
f 2894 2715 2927
f 2716 2670 2928
f 2717 2614 2929
f 2833 2774 2930
f 2834 2775 2931
f 2835 2776 2932
f 2898 2836 2933
f 2837 2779 2934
f 2899 2838 2935
f 2937 2900 2936
f 2938 2900 2937
f 2901 2841 2938
f 2903 2902 2939
f 2905 2844 2941
f 2943 6959 2942
f 2847 6931 2944
f 6960 6319 2944
f 2850 2849 2946
f 6333 6321 2947
f 6334 6322 2948
f 6336 6324 7148
f 2951 6326 6325
f 2909 6326 2951
f 6329 7207 6328
f 2910 2866 7370
f 2869 2911 2955
f 2914 7182 6342
f 2875 2914 7177
f 3011 7276 2962
f 2964 2917 2963
f 2966 2919 2965
f 2967 2920 2966
f 2970 2886 2969
f 2887 2886 2970
f 2972 2888 2971
f 2922 2889 2972
f 2891 2890 2973
f 2928 2670 7304
f 2018 2 2975
f 2832 2717 2976
f 2896 2773 2977
f 2931 2833 2978
f 2932 2834 2979
f 2897 2835 2980
f 2933 2897 2981
f 2934 2898 2982
f 2935 2837 2983
f 2936 2899 2984
f 2937 2936 2985
f 2986 2938 2937
f 2987 2938 2986
f 2988 2939 2987
f 2989 2939 2988
f 2942 2905 2991
f 2943 2942 2992
f 2994 6331 2993
f 2995 6960 2994
f 2946 2945 2996
f 2947 6332 2997
f 6346 6333 2997
f 2949 6334 2999
f 6348 6335 2999
f 6933 2951 6932
f 2953 2952 6337
f 6351 6338 6337
f 6352 6340 6339
f 6353 6342 6341
f 3011 2962 3010
f 3012 2963 3011
f 3013 2964 3012
f 2965 2918 3013
f 3015 2966 3014
f 3016 2967 3015
f 2969 2968 3017
f 2971 2887 3018
f 3020 2972 3019
f 2973 2922 3020
f 2923 2891 3021
f 2924 2923 3022
f 2925 2828 3023
f 2974 2892 3024
f 7304 2770 3025
f 2895 2832 3026
f 2930 2896 3027
f 3029 2932 3028
f 2981 2980 3029
f 2982 2933 3030
f 2983 2934 3031
f 3033 2983 3032
f 2985 2984 3034
f 2986 2937 3035
f 2988 2987 3036
f 3038 2990 3037
f 7374 2990 3038
f 2991 2941 7374
f 3040 2992 3039
f 3041 2992 3040
f 2993 2943 3041
f 2995 2994 3042
f 6356 6344 2995
f 2996 6344 3043
f 3103 6345 3043
f 2998 6346 3045
f 6358 6347 3045
f 2999 6347 3046
f 3000 6348 6349
f 6360 6350 6349
f 3001 6350 3047
f 6932 3002 3048
f 6337 6933 3050
f 6363 6351 3050
f 6365 6352 3051
f 3005 7242 6367
f 6369 6353 3054
f 3006 6353 3055
f 3057 6355 7029
f 3008 6355 7402
f 3009 3008 7402
f 3010 3009 3059
f 3011 3010 3060
f 3012 3011 3061
f 3013 3012 3062
f 2965 3013 3063
f 3014 2965 3064
f 3015 3014 3065
f 3016 3015 3066
f 3017 2921 3016
f 3068 2969 3017
f 2970 2969 3068
f 3018 2970 3069
f 3071 3018 3070
f 3019 2971 3071
f 3021 2973 3072
f 3022 3021 3133
f 3023 2924 3074
f 3024 2925 3075
f 2927 2893 3077
f 2830 2894 3078
f 3025 2830 3079
f 2977 2895 3081
f 2978 2930 3082
f 3028 2979 3084
f 3086 3029 3085
f 3030 2981 3086
f 3088 2982 3087
f 3032 3031 3088
f 3034 3033 3089
f 3035 2985 3090
f 3037 2988 3091
f 3038 3037 3092
f 3094 7374 3038
f 3095 3039 3094
f 3040 3039 3095
f 3097 3040 3096
f 3101 6356 3100
f 6370 6357 3104
f 3045 6357 3105
f 6371 6358 3105
f 6372 6359 3106
f 6373 6360 3107
f 3109 6361 7156
f 3050 3049 6362
f 6376 6363 6362
f 3052 6365 3110
f 6379 6368 3113
f 6380 6369 3114
f 3055 6369 3115
f 3116 3056 3115
f 3058 3057 3119
f 3120 3058 3119
f 3121 3059 3120
f 3122 3060 3121
f 3123 3061 3122
f 3124 3062 3123
f 3125 3063 3124
f 3178 3064 3125
f 3126 3065 3178
f 3127 3066 3126
f 7136 3067 3127
f 3128 3068 7136
f 3129 3069 3128
f 3070 3069 3129
f 3131 3071 3130
f 3132 3019 3131
f 3072 3020 3132
f 3074 3022 3133
f 3075 3023 3134
f 3076 2974 3135
f 3078 2927 3136
f 2613 2018 3137
f 2771 2613 3138
f 3139 2831 7228
f 2976 2929 3139
f 3027 2977 3140
f 3085 3028 3142
f 3087 3030 3143
f 3089 3032 3144
f 3145 3089 3197
f 3146 3090 3145
f 3147 3090 3146
f 3036 2986 3148
f 3091 3036 3149
f 3093 3092 3151
f 3153 3095 3152
f 3096 3095 3153
f 3155 3097 3154
f 3099 3098 3155
f 3100 3099 3157
f 3158 3101 3157
f 3159 3101 3158
f 3104 3103 3160
f 3105 6370 3162
f 3167 7156 6385
f 6362 3109 6375
f 6387 6376 6375
f 3110 6378 3168
f 6390 6963 3168
f 6392 6379 3169
f 3114 6379 3170
f 6393 6380 3170
f 3116 3115 3171
f 3172 3116 7178
f 3118 3117 3172
f 3173 3119 7082
f 3174 3120 3173
f 3175 3121 3174
f 3122 3121 3175
f 3124 3123 3176
f 3125 3124 3177
f 3180 3126 3179
f 3128 7136 3181
f 3129 3128 3182
f 3130 3070 3229
f 3184 3131 3183
f 3185 3132 3184
f 3134 3074 3186
f 3135 3024 3187
f 2510 2671 3189
f 3026 2976 7368
f 3082 3027 3191
f 3143 3086 3193
f 3195 3087 3194
f 3144 3088 3195
f 3197 3144 3196
f 3146 3145 3198
f 3200 3148 3147
f 3149 3148 3200
f 3150 3149 3246
f 3152 3093 3202
f 3153 3152 3203
f 3154 3096 3205
f 3207 3156 3206
f 3208 3156 3207
f 3158 3157 3208
f 3159 3158 3209
f 7137 3161 3211
f 6394 6381 7137
f 6397 6384 3165
f 3216 6385 6398
f 3170 6392 3220
f 6406 6393 3220
f 3171 6393 7149
f 3222 3173 7082
f 3223 3174 3222
f 3175 3174 3223
f 7227 3175 3274
f 3176 3123 7227
f 3226 3177 3225
f 3179 3178 3226
f 3181 3127 3227
f 3182 3181 3228
f 3229 3129 3281
f 3183 3130 3230
f 3185 3184 3231
f 7329 3073 7330
f 3187 3075 3232
f 3188 3076 3233
f 3079 3078 3234
f 2928 7304 3235
f 2716 2928 3236
f 3081 3026 3237
f 3141 3082 3238
f 3142 3084 3239
f 3193 3085 3240
f 3194 3143 3241
f 3196 3195 3242
f 3198 3197 3243
f 3199 3146 3244
f 3246 3200 3245
f 3201 3150 3247
f 3249 7409 6993
f 3250 3203 3249
f 3251 3204 3250
f 3206 3154 3252
f 3207 3206 3253
f 3255 3209 7394
f 3210 3209 3255
f 3257 3210 3256
f 3258 7137 3257
f 3212 6394 3259
f 6408 6395 3259
f 3214 6396 3261
f 3215 6397 3263
f 6411 6398 3263
f 6388 6400 6401
f 3218 6403 3266
f 6417 6404 3266
f 6418 6405 3267
f 3220 6405 3268
f 6419 6406 3268
f 3223 3222 3272
f 3273 3274 3223
f 3224 3176 7227
f 3275 3225 3224
f 3276 3225 3275
f 3277 3226 3276
f 3278 3179 3277
f 3279 3227 3278
f 7171 3228 3279
f 3280 3228 7171
f 3282 3229 3281
f 3230 3229 3282
f 3231 3183 3283
f 7330 3185 3284
f 3232 3134 3286
f 3233 3135 3287
f 3235 3025 3288
f 3189 2716 3289
f 3080 2771 3290
f 3140 3081 3291
f 3191 3140 3292
f 3192 3141 3293
f 3240 3142 3294
f 3241 3193 3295
f 3242 3194 3296
f 3243 3196 3297
f 3244 3198 3298
f 3245 3199 3299
f 3247 3246 3300
f 3302 3249 6993
f 3250 3249 3303
f 3251 3250 3304
f 3306 3251 3305
f 3307 3252 3306
f 3308 3253 3307
f 3256 3255 3309
f 6420 6407 7382
f 3259 6407 3311
f 6421 6408 3311
f 3260 6408 3312
f 6422 6409 3312
f 3316 6411 6424
f 6401 6413 6414
f 6429 6417 3318
f 3267 6417 3319
f 6430 6418 3319
f 3268 6418 3320
f 3269 6419 3321
f 3271 7180 3322
f 3272 3221 3323
f 3325 3272 3324
f 3273 3223 3325
f 3327 3273 3326
f 3224 3274 3327
f 3275 3224 3328
f 3277 3276 3329
f 3331 3277 3330
f 3279 3278 3331
f 3334 3280 3333
f 3282 3281 3334
f 3283 3230 3335
f 3284 3231 3336
f 3287 3187 3339
f 3288 3079 7468
f 3238 3191 3343
f 3295 3240 3346
f 3296 3241 3347
f 3297 3242 3348
f 3399 6934 3297
f 3298 3243 6934
f 3350 3298 3349
f 3299 3244 3350
f 3352 3299 3351
f 3300 3245 3352
f 3301 3300 3353
f 3302 6993 7208
f 6994 3304 3303
f 3355 3304 6994
f 3356 3305 3355
f 3358 3307 3357
f 3359 3254 3358
f 3309 3254 3359
f 3360 3256 3309
f 7382 3310 3361
f 6432 6420 3362
f 3311 6420 3363
f 3312 6421 3364
f 6434 6422 3364
f 3313 6422 3365
f 3367 6424 6436
f 6412 3316 6425
f 6438 6426 6425
f 6441 6428 3368
f 6442 6429 3369
f 6443 6430 3370
f 3320 6430 3371
f 3376 3324 3375
f 3377 3324 3376
f 3326 3325 3377
f 3379 3326 3378
f 3380 3328 3379
f 3381 3328 3380
f 3329 3275 3381
f 3330 3329 3382
f 3386 3334 3385
f 3335 3282 3386
f 3336 3283 3387
f 3337 3284 3388
f 3338 3285 3389
f 3339 3232 3390
f 3392 3233 3391
f 3340 3188 3392
f 2236 2510 3393
f 7228 3080 3394
f 3293 3238 3396
f 3346 3294 7083
f 3347 3295 3397
f 3348 3296 3398
f 3400 6934 3399
f 3349 6934 3400
f 3351 3350 3401
f 3353 3352 3402
f 3404 3301 3403
f 3355 6994 3407
f 3356 3355 3408
f 3359 3358 3410
f 3412 3359 3411
f 3413 3360 3412
f 3414 3361 3413
f 3362 3361 3414
f 6446 6433 3415
f 3364 6433 3416
f 6447 6434 3416
f 3365 6434 3417
f 3420 6436 7256
f 6425 3367 6437
f 6449 6438 6437
f 7324 6438 6439
f 6451 6440 6439
f 6453 6442 3422
f 3370 6442 3423
f 3371 6443 3424
f 3427 3374 3426
f 3376 3375 3428
f 3378 3377 3429
f 3431 3378 3430
f 3380 3379 3431
f 3433 3380 3432
f 3382 3381 3433
f 3435 3382 3434
f 3383 3330 3435
f 3385 3333 3437
f 3387 3335 3438
f 3388 3336 3439
f 3389 3337 3440
f 7371 3338 3441
f 3391 3287 3443
f 3291 3237 7361
f 3343 3292 3444
f 3344 3293 3445
f 7083 3345 3446
f 3398 3347 3448
f 3399 3348 3449
f 3400 3399 3450
f 3401 3349 3451
f 3402 3351 3452
f 3403 3353 3453
f 3404 3403 3454
f 3405 3404 3455
f 3458 3408 3407
f 3409 7315 7316
f 3411 3410 3459
f 7084 3413 7138
f 6457 6446 3461
f 6458 6447 3462
f 3417 6447 3463
f 3466 7256 6459
f 6437 3420 6448
f 6439 6449 6450
f 3423 6453 3469
f 3424 6454 3470
f 6467 6455 3470
f 3428 3427 6995
f 3473 3376 3428
f 3474 3376 3473
f 3475 3430 3474
f 3476 3430 3475
f 3432 3431 3476
f 3478 3432 3477
f 7139 3434 3478
f 3479 3434 7139
f 3480 3383 3479
f 3436 3383 3480
f 3437 3384 3481
f 3483 3437 3482
f 3386 3385 3483
f 3438 3386 3484
f 3439 3387 3485
f 3440 3388 3486
f 3442 3441 3487
f 3340 3392 3489
f 3236 3235 3491
f 3396 3343 3493
f 3449 3398 3496
f 3451 3400 3497
f 3452 3401 3498
f 3500 3452 3499
f 3501 3402 3500
f 7200 3453 3501
f 3502 3454 7200
f 3456 3455 3502
f 3457 3406 7229
f 3504 3458 3503
f 3505 7316 3504
f 3506 3459 3505
f 7138 3411 6996
f 6468 6456 7085
f 6469 6457 3511
f 3462 6457 3512
f 6470 6458 3512
f 3463 6458 3513
f 6471 7187 3514
f 3516 6459 6472
f 6448 3466 6460
f 6474 6461 6460
f 6450 6461 6462
f 6476 6463 6462
f 3469 6465 3519
f 3471 6467 3521
f 3472 3471 3522
f 3473 3428 3524
f 3526 3473 3525
f 3475 3474 3526
f 3528 3475 3527
f 3477 3476 3528
f 7139 3478 3529
f 3531 7139 3530
f 3481 3436 3532
f 3482 3481 3533
f 3484 3483 3534
f 3485 3438 3535
f 3486 3439 3536
f 3538 3440 3537
f 3487 3441 3538
f 3489 3391 3540
f 3491 3288 7465
f 3445 3396 3542
f 3447 7083 3543
f 3495 3447 3544
f 3450 3449 3546
f 3497 3450 3547
f 3549 3497 3548
f 3498 3451 3549
f 3499 3498 3550
f 3501 3500 3551
f 3553 7200 3552
f 7229 3456 7240
f 3555 7229 3608
f 3503 3457 3555
f 3557 3503 3556
f 3558 3504 3557
f 3559 3505 3558
f 3508 3507 3560
f 3563 7085 3562
f 3511 6468 3564
f 3512 6469 3565
f 6483 6470 3565
f 3513 6470 3566
f 3515 6471 3568
f 6460 3516 6473
f 6485 6474 6473
f 6462 6474 6475
f 6487 6476 6475
f 3518 6477 3571
f 3522 3521 3575
f 3578 3528 3577
f 3529 3477 3578
f 3530 3529 3579
f 3581 3531 3580
f 3582 3532 3581
f 3533 3532 3582
f 3584 3533 3583
f 3534 3482 3584
f 3586 3534 3585
f 3535 3484 3586
f 3536 3485 3587
f 3537 3486 3588
f 3487 3538 3589
f 3591 3487 3590
f 3594 3342 3593
f 7257 3395 3594
f 3444 3291 7258
f 3493 3444 3595
f 3494 3445 3596
f 3598 3543 3597
f 3544 3543 3598
f 3548 3547 3601
f 3603 3550 3602
f 3604 3550 3603
f 3551 3499 3604
f 3552 3551 3605
f 3609 3555 3608
f 3556 3555 3609
f 3611 3557 3610
f 3612 3558 3611
f 3560 3559 3612
f 3614 3508 3560
f 3561 3508 3614
f 3616 3563 3615
f 3566 6483 3619
f 6997 3569 3622
f 6499 6487 6486
f 3573 6490 3626
f 3579 3578 3632
f 3634 3580 3633
f 3635 3580 3634
f 3582 3581 3635
f 3583 3582 3636
f 3585 3584 3637
f 3587 3535 3638
f 3588 3536 3639
f 3589 3537 3640
f 3592 3488 3641
f 3289 3236 3643
f 3290 3138 3644
f 3542 3493 3645
f 3602 3548 3650
f 3603 3602 3651
f 3653 3604 3652
f 3654 3605 3653
f 3655 3552 3654
f 3606 3553 3655
f 3657 3606 3656
f 3609 3608 7305
f 3659 3609 3658
f 3610 3556 3659
f 3661 3611 3660
f 3613 3612 3661
f 3663 3613 3662
f 3664 3561 3614
f 3666 3615 3665
f 6506 6494 3668
f 3619 6494 3669
f 3622 3621 6965
f 3625 6501 3674
f 6514 6502 3674
f 3626 6502 3675
f 6515 6503 3675
f 3628 3627 3677
f 3683 3631 3682
f 3632 3577 3683
f 3685 3632 3684
f 3633 3579 3685
f 3634 3633 3686
f 3687 3635 3634
f 3636 3635 3687
f 3689 3636 3688
f 3690 3637 3689
f 3691 3637 3690
f 3692 3585 3691
f 3638 3586 3692
f 3639 3587 3693
f 3640 3588 3694
f 3590 3589 3695
f 7277 3591 3696
f 3641 3488 7277
f 3541 3489 3698
f 3642 7469 7353
f 3394 3290 3700
f 7258 7361 7257
f 3595 7258 3702
f 3596 3542 3703
f 3704 3705 3597
f 3647 3598 3705
f 3649 3599 7285
f 3650 3601 3707
f 3651 3650 3708
f 3709 3653 3652
f 3710 3653 3709
f 3711 3654 3710
f 3656 3655 3711
f 3713 7305 3712
f 3715 3659 3714
f 3660 3610 3715
f 3718 3662 3717
f 3663 3662 3718
f 3664 3663 3719
f 3665 3664 3720
f 3666 3665 3721
f 6517 6506 3724
f 3669 6506 3725
f 3726 7059 6507
f 3673 6512 3731
f 6525 6515 3733
f 3677 3676 3734
f 3738 3682 3737
f 3739 3682 3738
f 3684 3683 3739
f 3741 3684 3740
f 3686 3685 3741
f 3743 3634 3742
f 3688 3687 3743
f 3690 3689 3744
f 3745 3692 3691
f 3746 3692 3745
f 3693 3638 3746
f 3694 3639 3747
f 3695 3640 3748
f 3696 3590 3749
f 3697 3592 3750
f 7353 3541 7439
f 3643 3491 3751
f 3393 3189 3752
f 3492 3394 7375
f 3645 3595 3753
f 3646 3596 3754
f 3757 3708 3756
f 3758 3651 3757
f 3652 3603 3758
f 3709 3652 3759
f 3761 3710 3760
f 3762 3711 3761
f 3712 3656 3762
f 3713 3712 3763
f 3765 3714 3764
f 3766 3714 3765
f 3767 3716 3766
f 3768 3716 3767
f 3770 3718 3769
f 3771 3719 3770
f 3772 3721 3720
f 3773 3721 3772
f 6527 6517 3776
f 3727 7209 3779
f 6935 3729 6529
f 6510 6519 6520
f 6534 6522 3780
f 3731 6522 3781
f 3734 3676 3785
f 3787 7086 3786
f 3738 3737 3789
f 3791 3738 3790
f 3740 3739 3791
f 3742 3686 3792
f 3793 3743 3742
f 3794 3743 3793
f 3744 3688 3794
f 3796 3744 3795
f 3691 3690 3796
f 3745 3691 3797
f 3747 3693 3798
f 3748 3694 3799
f 3749 3695 3800
f 3641 7277 3801
f 3750 3641 3802
f 3593 3492 7432
f 3701 3594 3804
f 3703 3645 3805
f 3704 3646 3806
f 7231 3706 7172
f 3759 3758 3807
f 3809 3759 3808
f 3760 3709 3809
f 3811 3761 3810
f 3763 3762 3811
f 3764 3713 3812
f 3765 3764 3813
f 3767 3766 3814
f 3815 3768 3767
f 3769 3768 3815
f 3770 3769 3816
f 3818 3771 3817
f 3772 3771 3818
f 3820 3772 3819
f 3821 3773 3820
f 3822 3775 3821
f 3779 6528 3826
f 6541 6531 6530
f 6520 6531 6532
f 3786 3734 7410
f 3787 3786 3832
f 3834 3788 3833
f 3789 7201 3834
f 3790 3789 3835
f 3791 3790 3836
f 3838 3740 3837
f 3792 3741 3838
f 3840 3792 3839
f 3793 3742 3840
f 3795 3794 3841
f 3797 3796 3842
f 3746 3745 3843
f 3798 3746 3844
f 3799 3747 3845
f 3800 3748 3846
f 3848 3749 3847
f 3801 3696 3848
f 3803 3697 3849
f 3751 7465 3850
f 3753 3702 3851
f 3754 3703 3852
f 3858 3756 3857
f 3860 3809 3859
f 3810 3760 3860
f 3862 3810 3861
f 3863 3811 3862
f 3814 3765 3865
f 3866 3814 3916
f 3867 3815 3866
f 3868 3816 3867
f 3869 3817 3868
f 3818 3817 3869
f 3819 3818 3870
f 3872 3819 3871
f 3873 3820 3872
f 3822 3821 3873
f 3823 6537 3875
f 3827 6539 3928
f 6532 6541 6542
f 6553 6543 6542
f 3784 3831 3880
f 3832 7410 3881
f 3883 3832 3882
f 3833 3787 3883
f 3885 3833 3884
f 3835 3834 3885
f 3836 3835 3886
f 3888 3836 3887
f 3839 3838 3890
f 3892 3840 3891
f 3841 3793 3892
f 3893 3841 3941
f 3842 3795 3893
f 3843 3797 3894
f 3844 3843 3895
f 3845 3798 3896
f 3846 3799 3897
f 3802 3801 3898
f 3849 3750 3899
f 3642 7353 3900
f 3752 3289 3902
f 3804 3593 3903
f 3805 3753 3904
f 3855 7172 3906
f 3856 7259 3907
f 3909 3858 3908
f 3910 3807 3909
f 3859 3808 3910
f 3861 3860 3911
f 3913 3862 3912
f 3914 3863 3913
f 3865 3813 7344
f 3867 3866 3917
f 3918 3868 3867
f 3919 3869 3868
f 3870 3869 3919
f 3871 3870 3920
f 3922 3872 3921
f 3874 3873 3922
f 6557 6547 3923
f 6560 6551 3929
f 6542 6551 6552
f 6562 6553 6552
f 3878 6554 3931
f 6564 6555 3931
f 6565 6556 3932
f 3935 3882 3934
f 3884 3883 3936
f 3886 3885 3937
f 3939 3839 3890
f 3891 3839 3939
f 3894 3842 3942
f 3895 3894 7318
f 3896 3844 3943
f 3897 3845 3944
f 3847 3800 3945
f 3898 3848 3946
f 3899 3802 3947
f 3851 3701 3949
f 3852 3805 3950
f 3853 3806 6999
f 3906 3854 3953
f 3907 3855 3954
f 7202 3856 3955
f 3908 3857 3956
f 3958 3909 3957
f 3959 3910 3958
f 3911 3859 3959
f 3912 3861 3960
f 3961 3914 3913
f 3962 3914 3961
f 3963 7344 3962
f 3915 3865 3963
f 3965 3916 3915
f 3917 3916 3965
f 3918 3917 3966
f 3920 3919 3968
f 3970 3920 3969
f 3921 3871 3970
f 3972 3921 3971
f 3923 3922 3972
f 6566 6557 3973
f 3927 6559 7151
f 3977 7088 3976
f 6570 6560 3978
f 6552 6560 6561
f 6572 6562 6561
f 3931 6563 3980
f 3932 6564 3981
f 3984 3933 3983
f 3935 3934 3984
f 3937 3884 3986
f 3988 3937 3987
f 3887 3886 3988
f 3938 3887 3989
f 3991 3889 3990
f 3939 3890 3991
f 3993 3939 3992
f 3940 3891 3993
f 3995 3940 3994
f 3996 3893 3995
f 3998 7318 3997
f 3943 3895 3998
f 3944 3896 3999
f 4001 3897 4000
f 3945 3846 4001
f 3946 3847 4002
f 7444 3849 4003
f 3948 7439 7444
f 3902 3643 4004
f 3905 3852 4005
f 3954 3906 4007
f 3955 3907 4008
f 3957 3908 7089
f 4011 3958 4010
f 4012 3959 4011
f 3960 3911 4012
f 4014 3960 4013
f 3913 3912 4014
f 3961 3913 4015
f 4017 3961 4016
f 4018 3962 4017
f 4019 3964 4018
f 4020 3964 4019
f 4021 3965 4020
f 3969 3968 4022
f 4024 3969 4023
f 3971 3970 4024
f 4026 3971 4025
f 3973 3972 4026
f 6576 6566 4027
f 3974 6566 4028
f 6578 6570 6569
f 6561 6570 6571
f 6580 6572 6571
f 3979 6572 4033
f 6581 6573 4033
f 4037 3983 4036
f 3984 3983 4037
f 4096 3985 4039
f 3989 3988 4041
f 4043 3989 4042
f 4044 3990 4043
f 4045 3990 4044
f 3992 3991 4045
f 4046 3993 3992
f 3994 3993 4046
f 3996 3995 4047
f 4049 3996 4048
f 3997 7318 4049
f 4051 3998 4050
f 3999 3943 4051
f 4000 3944 4052
f 4054 4001 4053
f 4002 3945 4054
f 3947 3898 4055
f 4003 3899 4056
f 3901 3900 4057
f 4004 3751 4058
f 3699 7306 7354
f 3700 3644 4060
f 4061 3700 4060
f 3949 3804 4062
f 4064 3851 4063
f 3950 3904 4064
f 3951 3905 4065
f 3953 3952 4066
f 4007 3953 4067
f 4008 3954 4068
f 4010 3957 4070
f 4072 4010 4071
f 4073 4011 4072
f 4013 4012 4073
f 4015 4014 4074
f 4016 4015 4075
f 4077 4017 4076
f 4019 4018 4077
f 4079 4020 4078
f 4080 4021 4079
f 4022 3968 3967
f 4023 4022 4081
f 4025 4024 4082
f 4084 4025 4083
f 4027 4026 4084
f 6584 6576 4085
f 4028 6576 4086
f 6589 6578 4089
f 6571 6578 6579
f 6591 6580 6579
f 4033 6580 4090
f 6592 6581 4090
f 4035 6582 4092
f 4036 6583 4093
f 4095 4037 4094
f 4041 3987 4098
f 4042 4041 7376
f 4044 4043 4099
f 4046 3992 4100
f 4047 3994 4101
f 4048 4047 4153
f 4103 4049 4102
f 4050 3997 4103
f 4052 3999 4104
f 4053 4000 4105
f 4107 4002 4106
f 4055 3946 4107
f 4056 3947 4108
f 3948 7444 4109
f 4058 3850 4110
f 3903 7432 4111
f 4005 3950 4112
f 4006 3951 4113
f 4067 4066 4114
f 4068 4007 4115
f 4069 4008 4116
f 4070 7089 7090
f 4121 4072 4120
f 4122 4073 4121
f 4124 4075 4123
f 4016 4075 4124
f 4076 4016 4125
f 4078 4019 7416
f 4129 4078 4128
f 4130 4079 4129
f 4081 4080 4130
f 4132 4081 4131
f 4082 4023 4132
f 4083 4082 4133
f 4085 4084 4134
f 4087 6585 4137
f 7001 7286 6598
f 6600 6589 6588
f 6579 6589 6590
f 6602 6591 6590
f 4090 6591 4139
f 6603 6592 4139
f 4092 6593 4141
f 6605 6594 4141
f 4093 6594 4190
f 4094 4093 4142
f 4096 4039 7392
f 4097 4096 4144
f 4099 4042 4148
f 4150 4044 4149
f 4100 4045 4150
f 4101 4046 4151
f 4153 4101 4152
f 4102 4048 4154
f 4156 4103 4155
f 4157 4050 4156
f 4104 4051 4157
f 4105 4052 4158
f 4109 4003 4160
f 4057 3948 4161
f 4112 4064 4162
f 4065 4005 4163
f 4114 4006 4164
f 4115 4067 4165
f 4116 4068 4166
f 4117 4069 4167
f 4119 4118 4168
f 4071 4070 4169
f 4120 4071 4170
f 4172 4123 4122
f 4173 4123 4172
f 4174 4124 4173
f 4175 4125 4174
f 4228 7379 4175
f 4128 7416 4176
f 4178 4129 4177
f 4131 4130 4178
f 4180 4131 4179
f 4134 4083 7091
f 4181 4134 7091
f 6588 7001 6599
f 6611 6600 6599
f 6590 6600 6601
f 6613 6602 6601
f 4139 6602 4187
f 6614 6603 4187
f 6615 6604 4188
f 4141 6604 4189
f 6616 6605 4189
f 4144 7392 4193
f 4145 4144 4194
f 4196 4145 4195
f 4147 7376 4146
f 4198 4148 4197
f 4149 4099 4198
f 4200 4149 4199
f 4201 4150 4200
f 4151 4100 4201
f 4152 4151 4202
f 4154 4153 4203
f 4205 4154 4204
f 4155 4102 4205
f 4207 4157 4206
f 4158 4104 4207
f 4209 4105 4208
f 4159 4053 4209
f 4108 4055 4211
f 4160 4056 4212
f 4110 3901 4213
f 4062 3903 4214
f 4063 3949 4215
f 4113 4065 4216
f 4166 4115 4217
f 4167 4116 4218
f 4168 4117 4219
f 4221 4119 4220
f 4171 4120 4222
f 4173 4172 4224
f 4174 4173 4225
f 4175 4174 4226
f 4229 4176 7379
f 4177 4128 4230
f 4232 4177 4231
f 4179 4178 4232
f 4233 4179 7003
f 4234 4180 4233
f 4181 7091 4235
f 6617 6606 4236
f 6601 6611 6612
f 6623 6613 6612
f 6625 6615 4243
f 4189 6615 4244
f 6626 6616 4244
f 4193 7109 4247
f 4194 4193 4248
f 4195 4194 4249
f 4251 4197 4250
f 4252 4197 4251
f 4199 4198 4252
f 4202 4201 4253
f 4203 4152 4254
f 4204 4203 7232
f 4256 4156 4255
f 4206 4156 4256
f 4208 4158 4257
f 4259 7032 7308
f 4212 4108 7420
f 4162 4063 4261
f 4163 4112 4262
f 4164 4113 4263
f 4165 4114 4264
f 4217 4165 4265
f 4218 4166 4266
f 4219 4167 4267
f 4220 4168 4268
f 4270 4221 4269
f 4222 4170 4270
f 4171 4222 4271
f 4274 4225 4273
f 4227 4226 4274
f 4275 4228 4227
f 4277 4229 4276
f 4231 4230 4277
f 4279 4231 4278
f 4280 7003 4279
f 4281 7003 4280
f 7278 4233 4281
f 4282 4235 7278
f 4283 4235 4282
f 4236 4181 4283
f 6937 6936 4289
f 6612 6621 6622
f 6632 6623 6622
f 4242 6623 4290
f 6634 6625 4291
f 4244 6625 4292
f 6635 6626 4292
f 4246 4245 4294
f 4295 4247 7287
f 4296 4248 4295
f 4249 4248 4296
f 4250 4196 4297
f 4251 4250 4298
f 4300 4252 4299
f 4200 4199 4300
f 4253 4200 4301
f 4303 4253 4302
f 4254 4202 4303
f 4305 4204 7232
f 4255 4205 4306
f 4256 4255 4307
f 4207 4206 4308
f 4257 4207 4309
f 4258 4208 4310
f 7260 4210 7004
f 4313 4160 4312
f 4161 4109 4313
f 4213 4057 4314
f 4004 4058 4315
f 3902 4004 4316
f 4215 4062 4317
f 4216 4163 4318
f 4264 4164 4319
f 4265 4264 4320
f 4266 4217 4321
f 4267 4218 4322
f 4268 4219 4323
f 4325 4220 4324
f 4326 4269 4325
f 4271 4270 4326
f 4331 4274 4330
f 4275 4227 4331
f 4278 4277 4332
f 4280 4279 4333
f 7279 4281 4334
f 4335 4282 7279
f 4336 4282 4335
f 4284 4283 4336
f 6636 6627 4337
f 6641 6630 4341
f 6643 6632 6631
f 4290 6632 4342
f 6644 6633 4342
f 4291 6633 4343
f 4293 6635 7110
f 4345 4294 7110
f 4295 7287 4346
f 4296 4295 4346
f 4348 4296 4347
f 4349 4249 4348
f 4297 4195 4349
f 4351 4298 4350
f 4352 4298 4351
f 4299 4251 4352
f 4354 4299 4353
f 4355 4301 4354
f 4302 4301 4355
f 4304 4303 4356
f 4305 7232 4357
f 4307 4306 4358
f 4308 4256 4359
f 4309 4308 4360
f 4310 4257 4361
f 4312 4212 4365
f 4314 4161 4366
f 4368 3902 4367
f 3393 3752 4368
f 4262 4162 4370
f 4321 4265 4372
f 4322 4266 4373
f 4323 4267 4374
f 4324 4268 4375
f 4327 4271 4377
f 4328 4327 4378
f 4379 4328 4431
f 4382 4331 4381
f 4332 4276 7280
f 4384 4332 7280
f 4385 4332 4384
f 4333 4278 4385
f 4387 4333 4386
f 4334 4280 4387
f 4389 4334 4388
f 4390 4335 4389
f 4391 4335 4390
f 4337 4336 4391
f 4341 6938 6640
f 6651 6641 6640
f 6631 6641 6642
f 6653 6643 6642
f 4342 6643 4397
f 6656 6646 4399
f 4402 4345 4401
f 4347 4346 4402
f 4404 4347 4403
f 4405 4348 4404
f 4350 4349 4405
f 4351 4350 4406
f 4407 4352 4351
f 4353 4352 4407
f 4355 4354 4408
f 4410 4355 4409
f 4357 4304 4411
f 4359 4307 4412
f 4361 4309 4413
f 4362 4310 4414
f 7420 4260 4364
f 4366 4313 4416
f 4315 4110 4417
f 7261 4059 4418
f 4261 4215 4420
f 4318 4262 4421
f 4319 4263 4422
f 4320 4319 4423
f 4373 4321 4424
f 4374 4322 4425
f 4375 4323 4426
f 4376 4324 4427
f 4377 4326 4428
f 4378 4377 4429
f 4431 4378 4430
f 4380 4379 4432
f 4330 4380 4433
f 4381 4330 4433
f 4382 4381 4434
f 4383 4382 4435
f 4437 4384 4436
f 4386 4385 4437
f 4439 4386 4438
f 4388 4387 4439
f 4441 4388 4440
f 4390 4389 4441
f 4443 4390 4442
f 4392 4391 4443
f 6658 6648 4445
f 4394 6648 4446
f 4449 6649 6660
f 6640 6938 6650
f 6662 6651 6650
f 6642 6651 6652
f 6664 6653 6652
f 4397 6653 4450
f 4399 6655 4452
f 4400 6656 7033
f 4402 4401 4453
f 4403 4402 7092
f 4455 4403 4454
f 4456 4404 4455
f 4406 4405 4456
f 4407 4351 4457
f 7140 4408 4458
f 4409 4408 7140
f 4460 4410 4459
f 4411 4356 4460
f 4462 4357 4461
f 4358 4305 4462
f 4412 4358 4463
f 4360 4359 4464
f 4413 4360 4465
f 4414 4361 4466
f 4416 4312 4469
f 4370 4261 4470
f 4372 4320 4472
f 4424 4372 4473
f 4425 4373 4474
f 4426 4374 4475
f 4477 4376 4476
f 4429 4428 4477
f 4430 4429 4478
f 4432 4431 4479
f 4482 7203 4481
f 4483 4433 4482
f 4484 4434 4483
f 4485 4435 4484
f 4436 4383 4485
f 4487 4436 4486
f 4438 4437 4487
f 4489 4438 4488
f 4440 4439 4489
f 4442 4441 4490
f 4444 4443 4491
f 6668 6657 4492
f 4445 6657 4493
f 6669 6658 4493
f 4495 6660 6671
f 6676 6665 4496
f 4451 6665 4497
f 6677 6666 4497
f 4452 6666 4498
f 4453 7035 7034
f 4454 7092 4499
f 7173 4455 4500
f 4501 4456 7173
f 4457 4406 4501
f 4503 4457 4502
f 4458 4407 4503
f 4506 7140 4505
f 4507 4460 7141
f 4461 4411 4507
f 4509 4461 4508
f 4463 4462 4509
f 4511 4464 4510
f 4465 4464 4511
f 4466 4413 4512
f 4467 4414 4513
f 4363 7032 4514
f 4468 4311 4363
f 4415 4364 4516
f 4469 4365 4517
f 4213 4314 4518
f 4421 4370 4521
f 4523 4371 4522
f 4423 4422 4523
f 4474 4424 4525
f 4475 4425 4526
f 4529 7005 4528
f 4476 4427 4529
f 4478 4477 4530
f 4479 4430 4531
f 4480 4479 4532
f 4483 4482 4533
f 4484 4483 4534
f 4536 4485 4535
f 4486 4485 4536
f 4538 4489 4537
f 4490 4440 4538
f 4540 4490 4539
f 4491 4442 4540
f 4492 4491 4541
f 4493 6668 4543
f 6679 6669 4543
f 4546 6671 6681
f 6661 4495 6672
f 6686 6676 4547
f 4497 6676 4548
f 6687 6677 4548
f 4498 6677 4549
f 4553 4499 4552
f 4500 4454 4553
f 4555 7173 4554
f 4501 7173 4555
f 4502 4501 4556
f 4558 4502 4557
f 4559 4504 4558
f 4505 4504 4559
f 4459 4506 4560
f 4562 4507 7141
f 4508 4507 4562
f 4564 4509 4563
f 4510 4463 4564
f 4512 4465 4565
f 4513 4466 4566
f 4568 4467 4567
f 4515 4514 4568
f 4517 4415 4569
f 4518 4366 4570
f 4316 4315 4571
f 4420 4317 4572
f 4471 4421 4573
f 4575 4523 4574
f 4524 4423 4575
f 4525 4473 4576
f 4526 4474 4577
f 4527 4475 4578
f 4580 4529 4579
f 4530 4476 4580
f 4582 4530 4581
f 4531 4478 4582
f 4532 4531 4583
f 4481 4480 4584
f 4533 4481 4585
f 4534 4533 4586
f 4536 4535 4587
f 4589 4486 4588
f 4488 4487 4589
f 4591 4537 4590
f 4592 4537 4591
f 4539 4538 4592
f 4542 4541 7093
f 6689 6678 4594
f 4543 6678 4595
f 6690 6679 4595
f 4545 6680 4598
f 6691 6681 4598
f 6672 4546 6682
f 6693 6683 6682
f 6674 6683 6684
f 6695 6685 6684
f 6697 6687 4601
f 6698 6688 4602
f 4550 6688 6939
f 4551 4550 6939
f 4554 4553 7233
f 4605 4554 4604
f 4556 4555 4605
f 4606 4557 4556
f 4607 4557 4606
f 4608 4559 4607
f 4609 4559 4608
f 4610 4560 4609
f 4561 4560 4610
f 4562 7141 4611
f 4563 4508 4612
f 4564 4563 4613
f 4511 4510 4614
f 4565 4511 4615
f 4566 4512 4616
f 4567 4513 4617
f 7457 4515 4568
f 4468 4515 7457
f 4516 4468 4619
f 4416 4469 4620
f 4570 4416 4621
f 4369 4060 7261
f 4470 4420 4623
f 4522 4471 7347
f 4577 4525 4624
f 4578 4526 4625
f 4627 4527 4626
f 4579 4528 4627
f 4629 4579 4628
f 4581 4580 4629
f 4583 4582 4630
f 4632 4532 4631
f 4585 4584 4632
f 4634 4586 4633
f 4635 4586 4634
f 4636 4587 4635
f 4637 4587 4636
f 4588 4536 4637
f 4639 4588 4638
f 4640 4590 4639
f 4591 4590 4640
f 4642 4592 4641
f 4594 7093 4644
f 6699 6689 7174
f 4595 6689 4645
f 4596 6690 4646
f 6702 6691 4648
f 6703 6693 6692
f 6684 6693 6694
f 6705 6695 6694
f 4600 6695 4649
f 4603 6939 4652
f 4604 7233 4654
f 4656 4604 4655
f 4657 4605 4656
f 4606 4556 4657
f 4659 4606 4658
f 4608 4607 4659
f 4661 4608 4660
f 4610 4609 4661
f 4611 4561 4662
f 4663 4611 4718
f 4664 4612 4663
f 4613 4612 4664
f 4666 4614 4665
f 4615 4614 4666
f 4616 4565 4667
f 4617 4566 4668
f 4618 4567 4669
f 4619 7457 7458
f 4620 4517 4671
f 4519 4518 4672
f 4419 4369 4673
f 4521 4470 4674
f 4573 4521 4675
f 4678 4575 4677
f 4625 4577 4679
f 4626 4578 4680
f 4628 4627 4681
f 4683 4629 4682
f 4630 4581 4683
f 4685 4630 4684
f 4631 4583 4685
f 4687 4631 4686
f 4633 4632 4687
f 4634 4633 4688
f 4690 4634 4689
f 4691 4637 4636
f 4638 4637 4691
f 4693 4638 4692
f 4694 4640 4693
f 4695 4640 4694
f 4641 4591 4695
f 4697 4641 4696
f 4643 4642 4697
f 4699 4644 4698
f 4700 7174 4699
f 4645 6699 4701
f 4648 6701 4704
f 6711 6702 4704
f 7424 6702 6711
f 6694 6703 6704
f 6715 6705 6704
f 4649 6705 4705
f 4652 6708 4708
f 4653 4603 7006
f 4654 4653 7006
f 4655 4654 4710
f 4712 4656 4711
f 4658 4657 4712
f 4660 4659 4713
f 4715 4660 4714
f 4716 4661 4715
f 4717 4662 4716
f 4664 4663 4719
f 4721 4665 4720
f 4666 4665 4721
f 4667 4615 4722
f 4668 4616 4723
f 4669 4617 4724
f 4671 4569 4725
f 4621 4620 4726
f 4367 4316 4728
f 4520 7377 4729
f 4624 4576 4731
f 4679 4624 4732
f 4680 4625 4733
f 4681 4626 4734
f 4682 4628 4735
f 4737 4682 4736
f 4684 4683 4737
f 4686 4685 4738
f 4688 4687 4739
f 4689 4688 4740
f 4636 4690 4741
f 4743 4691 4742
f 4692 4691 4743
f 4745 4692 4744
f 4694 4693 4745
f 4747 4694 4746
f 4696 4695 4747
f 4749 4696 4748
f 4698 4697 4749
f 4699 4698 4750
f 4752 4699 4751
f 4701 6709 4753
f 6721 7152 7037
f 4704 7152 4756
f 4757 6711 6722
f 6704 6713 6714
f 6726 6715 6714
f 4705 6715 4758
f 6727 6716 4758
f 4706 6716 4759
f 6728 6717 4759
f 6729 6718 4760
f 4708 6718 4761
f 4709 7006 4762
f 4764 4709 4763
f 4765 4710 4764
f 4711 4655 4765
f 4767 4711 4766
f 4768 4712 4767
f 4713 4658 4768
f 4714 4713 7309
f 4769 4715 7262
f 4717 4716 4769
f 4771 4719 4770
f 4772 4719 4771
f 4720 4664 4772
f 4774 4721 4773
f 4775 4721 4774
f 4722 4666 4775
f 4777 4722 4776
f 4723 4667 4777
f 4724 4668 4778
f 4780 4669 4779
f 4672 4570 4782
f 4784 4572 4520
f 4623 4572 4784
f 4676 7347 4785
f 4677 4574 4786
f 4788 4678 4787
f 4732 4731 4788
f 4733 4679 4789
f 4734 4680 4790
f 4735 4681 4791
f 4793 4737 4792
f 4738 4684 4793
f 4739 4686 4794
f 4740 4739 4795
f 4741 4689 4796
f 4742 4741 4797
f 4743 4742 4798
f 4744 4743 4799
f 4746 4745 4800
f 4802 4746 4801
f 4748 4747 4802
f 4804 4748 4803
f 4750 4749 4804
f 4751 4750 4805
f 4807 4751 4806
f 6730 6719 4807
f 4753 6719 4808
f 4811 6722 7157
f 6712 4757 6723
f 6733 6724 6723
f 6714 6724 6725
f 6735 6726 6725
f 4758 6726 4812
f 6736 6727 4812
f 4759 6727 4813
f 6737 6728 4813
f 6738 6729 4814
f 4818 4763 4817
f 4819 4764 4818
f 4766 4765 4819
f 4821 4767 4820
f 7281 7309 4822
f 4824 7262 4823
f 4825 4769 4824
f 4770 4717 4825
f 4771 4770 4826
f 4773 4772 4827
f 4776 4775 4828
f 4778 4723 4829
f 4779 4724 4830
f 4832 4780 4831
f 4781 7458 4832
f 4725 7472 4833
f 4726 4671 4834
f 4782 4621 4835
f 4727 4519 4836
f 4674 4623 4838
f 4840 4674 4839
f 4730 4675 4840
f 4787 4677 4842
f 4844 4788 4843
f 4789 4732 4844
f 4790 4733 4845
f 4791 4734 4846
f 4736 4735 4847
f 4794 4738 4848
f 4850 4795 4849
f 4852 4797 4851
f 4853 4798 4797
f 4799 4798 4853
f 4855 4744 4854
f 4801 4800 4855
f 4857 4801 4856
f 4803 4802 4857
f 4859 4803 4858
f 4805 4804 4859
f 4861 4806 4860
f 6740 6731 4862
f 4866 7157 6742
f 6723 4811 6732
f 6744 6733 6732
f 6725 6733 6734
f 6746 6735 6734
f 4812 6735 4867
f 6747 6736 4867
f 4813 6736 4868
f 6748 6737 4868
f 4872 4818 4919
f 4766 4819 4872
f 4820 4766 4873
f 4822 4821 4874
f 4876 7281 4875
f 4823 7281 4876
f 4878 4823 4877
f 4879 4824 4878
f 4827 4771 4928
f 4881 4773 4880
f 4828 4774 4881
f 4883 4776 4882
f 4829 4777 4883
f 4830 4778 4884
f 4831 4779 4885
f 4935 4831 4886
f 4834 4725 4887
f 4785 4730 4888
f 4845 4789 4889
f 4846 4790 4890
f 4847 4791 4891
f 4892 4847 4947
f 4893 4792 4892
f 4894 4792 4893
f 4848 4793 4894
f 4896 4848 4895
f 4849 4794 4896
f 4898 4849 4897
f 4899 4851 4898
f 4852 4851 4899
f 4901 4853 4900
f 4854 4799 4901
f 4903 4854 4902
f 4856 4855 4903
f 4858 4857 4904
f 4906 4859 4905
f 4860 4805 4906
f 4908 4860 4907
f 4913 6742 6753
f 6734 6744 6745
f 6757 6746 6745
f 4867 6746 4914
f 4869 6748 4916
f 6760 6749 4916
f 4870 6749 4917
f 6940 7007 4917
f 4873 4872 4920
f 4922 4873 4921
f 4874 4820 4922
f 4924 4875 4923
f 4876 4875 4924
f 4926 4877 4925
f 7247 4878 4926
f 4927 4879 7247
f 4929 4827 4928
f 4880 4827 4929
f 4931 4881 4930
f 4882 4828 4931
f 4933 4883 4932
f 4884 4829 4933
f 4885 4830 4934
f 4781 4832 4935
f 4833 4781 4936
f 4835 4726 4937
f 4836 4672 4938
f 4841 4785 4940
f 4842 4786 4941
f 4843 4787 4942
f 4889 4844 4943
f 4890 4845 4944
f 4891 4846 4945
f 4947 4891 4946
f 4893 4892 4948
f 4895 4894 4949
f 4951 4897 4950
f 4899 4898 4951
f 4900 4852 4952
f 4954 4900 4953
f 4902 4901 4954
f 4956 4902 4955
f 4904 4856 4957
f 4959 4904 4958
f 4905 4858 4959
f 4961 4905 4960
f 4907 4906 4961
f 4963 4907 4962
f 6761 6750 4963
f 6768 6757 6756
f 4916 6759 4971
f 6771 6760 4971
f 4918 6940 4973
f 4974 4919 4918
f 4920 4919 4974
f 4921 4920 4975
f 4977 4921 4976
f 4923 4922 4977
f 4924 4923 4978
f 4925 4877 7332
f 4980 4927 5037
f 4929 4928 4980
f 4982 4929 4981
f 4930 4880 4982
f 4932 4882 4983
f 4934 4884 4984
f 4886 4885 4985
f 4936 4935 4986
f 4887 4833 4987
f 4937 4834 4988
f 4938 4782 4989
f 4837 4367 4990
f 4622 7261 4991
f 4992 4673 4622
f 4993 4729 4673
f 4783 4729 4993
f 4995 4784 4994
f 4839 4838 4995
f 4888 4840 4996
f 4942 4842 4997
f 4943 4843 4998
f 4944 4889 4999
f 4945 4890 5000
f 4948 4947 5001
f 5003 4948 5002
f 4949 4893 5003
f 5005 4949 5004
f 5007 4951 5006
f 5008 4899 5007
f 4953 4952 5008
f 5010 4953 5009
f 4955 4954 5010
f 4957 4956 5012
f 4958 4957 5012
f 5014 4958 5013
f 4960 4959 5014
f 5016 4960 5015
f 4962 4961 5016
f 4965 6762 5019
f 4970 6769 5024
f 6780 6770 5024
f 4971 6770 5025
f 4973 4972 5027
f 5030 4975 5029
f 4976 4975 5030
f 4978 4977 5031
f 7332 4924 5033
f 4925 7332 5034
f 4926 4925 5035
f 5037 4979 6941
f 5038 4980 5037
f 4981 4980 5038
f 5040 4982 5039
f 4931 4930 5040
f 4983 4931 5041
f 4933 4932 5042
f 4984 4933 5043
f 4985 4934 5044
f 4986 4935 4886
f 4988 4887 5046
f 4989 4835 5047
f 4939 4727 5048
f 4996 4839 5049
f 4998 4942 5051
f 4999 4943 5052
f 5000 4944 5053
f 4946 4945 5054
f 5001 4946 5055
f 5108 5002 5056
f 5057 5002 5108
f 5058 5004 5057
f 6942 5004 5058
f 5059 5005 6942
f 5006 4950 5060
f 5061 5006 7430
f 5062 5007 5061
f 5009 5008 5062
f 5064 5009 5063
f 5065 5010 5064
f 5012 5011 5066
f 5068 5013 5067
f 5069 5013 5068
f 5015 5014 5069
f 5071 5015 5070
f 4962 5016 5071
f 5017 4962 5072
f 6782 6772 5073
f 5018 6772 5074
f 6784 6774 7123
f 6789 6779 5078
f 5025 6780 5080
f 5027 5026 5082
f 5028 4973 7389
f 5085 5030 5084
f 5086 4976 5085
f 5032 5031 5086
f 5088 5033 5087
f 5089 5034 5088
f 5090 5035 5089
f 6941 5036 5090
f 5038 5037 5091
f 5039 4981 5092
f 5041 5040 5093
f 5094 5042 7234
f 5043 5042 5094
f 5044 4984 5095
f 5045 4985 5096
f 4987 4936 5097
f 5047 4937 5098
f 4994 4783 5099
f 5052 4998 5102
f 5053 4999 5103
f 5105 5000 5104
f 5055 5054 5105
f 5056 5055 5106
f 5109 5057 5108
f 5058 5057 5109
f 5059 6942 5111
f 5113 5060 5112
f 7430 5060 5113
f 5115 5061 5114
f 5063 5062 5115
f 5117 5065 5116
f 5118 5065 5117
f 5119 5066 5118
f 5068 5067 5119
f 5122 5072 5121
f 5073 5072 5122
f 6792 6782 5123
f 5074 6782 5124
f 6793 6783 5124
f 5126 7038 7123
f 5076 6784 5127
f 5078 6788 5129
f 6799 6789 5129
f 5081 6791 6943
f 5083 7008 7190
f 5134 5084 5133
f 5085 5084 5134
f 5086 5085 5135
f 5032 5086 5136
f 5138 5087 5137
f 5088 5087 5138
f 5089 5088 5139
f 5090 5089 5140
f 6941 5090 5141
f 5091 6941 5142
f 5144 5092 5143
f 5145 5092 5144
f 5093 5039 5145
f 5147 5093 5146
f 7234 5041 5147
f 5095 5043 5148
f 5096 5044 5149
f 5097 4986 5150
f 5046 4987 5151
f 5098 4988 5152
f 5154 4938 5153
f 5048 4836 5154
f 5049 4995 5155
f 5050 4996 5156
f 5051 4997 5157
f 5103 5052 5158
f 5104 5053 5159
f 5106 5105 5160
f 5107 5106 5161
f 5109 5108 5162
f 5164 5111 5163
f 5165 5112 5164
f 7406 5113 5165
f 5166 5115 7421
f 5167 5115 5166
f 5116 5063 5167
f 5117 5116 5168
f 5119 5118 5169
f 5068 5119 5170
f 5120 5068 5171
f 5173 5120 5172
f 5174 5070 5173
f 5175 5122 5174
f 5123 5122 5175
f 5124 6792 5177
f 6802 6793 5177
f 5125 6793 5178
f 6803 6794 7038
f 5127 6794 5180
f 5181 5128 6966
f 6806 6798 6797
f 5129 6798 5182
f 6807 6799 5182
f 5130 6799 5183
f 6808 6800 5183
f 6809 6801 5184
f 6943 6801 5185
f 5132 6943 5185
f 5188 5133 5187
f 5189 5134 5188
f 5190 5135 5189
f 5191 5136 5190
f 5192 5137 5191
f 5193 5138 5192
f 5194 5139 5193
f 5195 5140 5194
f 5196 5141 5195
f 5197 5142 5196
f 5143 5091 5197
f 5144 5143 5198
f 5200 5144 5199
f 5201 5146 5200
f 5202 5146 5201
f 5203 5147 5202
f 5094 7234 5203
f 5149 5095 5204
f 5206 5096 5205
f 5150 5045 5206
f 5152 5046 5207
f 5153 4989 5208
f 5102 5051 5211
f 5159 5103 5212
f 5160 5104 5213
f 5162 5107 5214
f 5163 5110 5216
f 5165 5164 7385
f 5166 7421 5276
f 5218 5168 5217
f 5219 5168 5218
f 5169 5117 5219
f 5221 5170 5169
f 5222 5170 5221
f 5172 5171 5222
f 5224 5172 5223
f 5225 5173 5224
f 5175 5174 5225
f 5176 5175 5226
f 6810 6792 5176
f 5177 6792 5227
f 6811 6802 5227
f 5178 6802 5228
f 5180 6803 5230
f 5181 6966 5231
f 6814 6805 6804
f 5182 6806 5233
f 6817 6807 5233
f 5183 6807 5234
f 6819 6809 5235
f 5185 6809 5236
f 5186 5132 5237
f 5239 5186 5238
f 5241 5189 5188
f 5242 5190 5241
f 5243 5191 5242
f 5192 5191 5243
f 5193 5192 5244
f 5194 5193 5245
f 5247 5197 5196
f 5248 5198 5247
f 5199 5198 5248
f 5201 5200 5249
f 5251 5202 5250
f 5252 5203 5251
f 5148 5094 5252
f 5204 5148 5253
f 5205 5149 5254
f 5256 5206 5255
f 5257 5150 5256
f 5151 5097 5257
f 5047 5098 5258
f 5208 5047 5259
f 5209 4939 5557
f 5099 4993 5260
f 5155 4994 5261
f 5156 5049 5262
f 7235 7412 5263
f 5158 5102 5265
f 5212 5158 5266
f 5213 5159 5267
f 5269 5160 5268
f 5214 5161 5269
f 5270 5162 5214
f 5215 5162 5270
f 5216 5215 5271
f 5163 5216 6944
f 5273 7385 5272
f 5278 5217 5277
f 5279 5218 5278
f 5220 5219 5279
f 5281 5220 5280
f 5282 5221 5281
f 5223 5222 5282
f 5284 5224 5283
f 5286 5226 5285
f 6821 6811 5287
f 5232 5231 5291
f 6824 6814 6813
f 6826 6816 6815
f 5233 6816 5293
f 6827 6817 5293
f 6828 6818 5294
f 5235 6818 5295
f 6829 6819 5295
f 5236 6819 5296
f 5239 5238 5298
f 5240 5239 5299
f 5241 5240 5300
f 5242 5241 5301
f 5243 5242 5302
f 5244 5243 5303
f 5306 5196 5305
f 5247 5196 5306
f 5249 5199 5308
f 5250 5201 5309
f 5253 5252 5310
f 5254 5204 5311
f 5255 5205 5312
f 5207 5151 5313
f 5258 5152 5314
f 5210 5156 5315
f 5211 5157 5317
f 5318 5265 5211
f 5266 5265 5318
f 5267 5212 5319
f 5268 5213 5320
f 5322 5269 5321
f 7142 5214 5322
f 5323 5270 7142
f 5324 5271 5323
f 5325 6944 5324
f 5273 5272 5325
f 5277 5276 5327
f 5278 5277 5328
f 5279 5278 5329
f 5280 5279 5330
f 5332 5280 5331
f 5333 5281 5332
f 5223 5282 5333
f 5283 5223 5334
f 5285 5284 5336
f 6831 6820 5337
f 5341 5292 6834
f 6815 6824 6825
f 6838 6826 6825
f 6839 6827 5342
f 5294 6827 5343
f 5295 6828 5344
f 5347 5298 6842
f 5348 5299 5347
f 5349 5300 5348
f 5350 5301 5349
f 5351 5302 5350
f 5352 5303 5351
f 5354 5304 5353
f 5355 5246 5354
f 5356 5305 5355
f 5357 5306 5356
f 5358 5307 5357
f 5309 5249 5359
f 5361 5309 5360
f 5362 5250 5361
f 5310 5251 5362
f 5311 5253 5363
f 5312 5254 5364
f 5366 5256 5365
f 5313 5257 5366
f 5314 5207 5367
f 5259 5258 5368
f 5154 5153 5369
f 5371 5154 5370
f 5557 5048 5371
f 5660 4991 5659
f 7282 5210 7445
f 5318 5211 5372
f 5374 5318 5373
f 5319 5266 5374
f 5320 5267 5375
f 5321 5268 5420
f 5377 7142 5376
f 5323 7142 5377
f 5325 5324 5378
f 7236 5273 5379
f 5427 7263 5381
f 5327 5275 7263
f 5328 5327 5383
f 5329 5328 5384
f 5330 5329 7428
f 5331 5330 5385
f 5333 5332 6843
f 5334 5333 6843
f 5335 5334 7335
f 6844 6830 5387
f 5337 6830 5388
f 6845 6831 5388
f 5338 6831 5389
f 6846 6832 5389
f 5340 6833 5390
f 5341 6834 5391
f 6849 6836 6835
f 6825 6836 6837
f 6851 6838 6837
f 5342 6838 5392
f 5343 6839 5393
f 6853 6840 5393
f 5344 6840 5394
f 6854 6841 5394
f 5398 5348 5397
f 5399 5349 5398
f 5400 5351 5399
f 5352 5351 5400
f 5354 5353 7453
f 5401 5354 7453
f 5356 5355 5402
f 5357 5356 5403
f 5404 5358 5357
f 5405 5308 5358
f 5406 5308 5405
f 5360 5359 5406
f 5408 5361 5407
f 5409 5362 5408
f 5363 5310 5409
f 5364 5311 5410
f 5412 5312 5411
f 5365 5255 5412
f 5369 5208 5413
f 5261 5099 5414
f 5262 5155 5415
f 5316 5263 7282
f 5417 5264 5416
f 5375 5319 5418
f 5420 5320 5419
f 5376 5321 5421
f 5422 5377 5376
f 5423 5377 5422
f 5378 5323 5423
f 5379 5325 5424
f 5380 5379 5425
f 5427 5381 5426
f 5428 5383 5382
f 5429 5383 5428
f 7440 5384 5429
f 5430 5331 5385
f 5388 6844 5434
f 5389 6845 5435
f 6860 6846 5435
f 7125 6847 7153
f 5390 6847 5438
f 6862 6849 6848
f 6837 6849 6850
f 6864 6851 6850
f 5393 6852 5441
f 6866 6853 5441
f 5394 6853 5442
f 6867 6854 5442
f 5395 6854 5443
f 5398 5397 5445
f 7011 5398 5445
f 5448 7453 7456
f 5449 5401 5448
f 5403 5402 5449
f 5404 5357 5450
f 5452 5404 5451
f 5453 5405 5452
f 5454 5406 5453
f 5407 5360 5454
f 5457 5409 5456
f 5410 5363 5457
f 5411 5364 5458
f 5460 5412 5459
f 5461 5365 5460
f 5313 5366 5461
f 5367 5313 5462
f 5368 5314 5463
f 5413 5259 6945
f 5508 7445 5465
f 5418 5374 5468
f 5419 5375 5469
f 5421 5420 5470
f 5422 5376 5471
f 5473 5378 5423
f 5424 5378 5473
f 5428 5427 5475
f 5477 5428 5476
f 5478 5429 5477
f 5479 7454 5478
f 5430 5385 7454
f 5431 5430 5480
f 6870 6857 5481
f 6872 6859 5483
f 5435 6859 5484
f 6873 6860 5484
f 5436 6860 5485
f 6878 6864 6863
f 6880 6866 5488
f 5442 6866 5489
f 5443 6867 5490
f 5494 7011 5493
f 5495 5446 5494
f 5496 7319 5495
f 7456 5447 5496
f 5498 5448 5497
f 5450 5403 5499
f 5451 5450 5500
f 5502 5454 5501
f 5455 5407 5502
f 5458 5410 5503
f 5459 5411 5504
f 5462 5461 5505
f 5463 5367 6946
f 5370 5369 5506
f 4990 5209 5758
f 5415 5261 5507
f 7282 7445 5558
f 5469 5418 5509
f 5470 5419 5510
f 5512 5471 5511
f 5513 5471 5512
f 5472 5422 5513
f 5515 5472 5514
f 5474 5473 5515
f 5517 5474 5516
f 5518 5425 5517
f 5426 5380 5518
f 5475 5426 5519
f 5476 5475 5520
f 5521 5476 5571
f 5522 5477 5521
f 5523 5478 5522
f 5524 5480 5479
f 5525 5480 5524
f 5526 6869 5525
f 5481 6869 5527
f 6885 6871 5528
f 5483 6871 5529
f 6863 6876 6877
f 6893 6878 6877
f 5487 6878 5534
f 5489 6880 5536
f 6896 6881 5536
f 5491 6882 5538
f 6898 6883 5538
f 5494 5493 5540
f 5495 5494 5541
f 5543 5495 5542
f 5544 5496 5543
f 5497 7456 5544
f 5498 5497 5545
f 5452 5451 5547
f 5501 5453 7386
f 5550 5502 5549
f 5551 5455 5550
f 5503 5457 5552
f 5504 5458 5553
f 5505 5460 5554
f 6945 5368 5555
f 5757 5557 5556
f 5757 5209 5557
f 5466 7282 5558
f 5510 5469 5562
f 5511 5470 5563
f 5512 5511 5564
f 5514 5513 5565
f 7237 5514 5566
f 5568 5517 5567
f 5569 5519 5568
f 5570 5520 5569
f 5571 5520 5570
f 5523 5522 5572
f 5574 5524 5573
f 5526 5525 5575
f 6900 6884 5576
f 5528 6884 5577
f 6902 6886 5578
f 5530 6886 5579
f 6903 6887 5579
f 5531 6887 5580
f 6904 6888 5581
f 5583 6889 5582
f 6906 6893 6892
f 5535 6894 5585
f 6908 6895 5585
f 6909 6896 5586
f 6910 6897 5587
f 5591 5541 5540
f 5542 5541 5591
f 5593 5542 5592
f 5594 5543 5593
f 5545 5544 5594
f 5596 5545 5595
f 5600 5547 5599
f 5601 5548 5600
f 5602 7386 5601
f 5603 5549 5602
f 7014 5549 5603
f 7114 5550 7014
f 5553 5503 5604
f 6946 5462 5606
f 5555 5463 5607
f 5506 5413 5608
f 5559 5466 5609
f 5563 5510 5611
f 5686 5567 5613
f 5569 5568 5614
f 5570 5569 5615
f 5616 5571 5570
f 5572 5521 5617
f 5573 5572 5618
f 5574 5573 5619
f 5576 6899 5622
f 5578 6901 5625
f 5628 6903 5627
f 5581 5580 6967
f 5582 6904 5630
f 5632 5583 5631
f 6892 6905 5635
f 5584 6906 5637
f 5638 6907 5637
f 5586 6908 5641
f 5587 6909 5643
f 5588 6910 5645
f 7175 5591 7013
f 5592 5542 7175
f 5649 5593 5648
f 5595 5594 5649
f 5597 5596 5650
f 5600 5599 5651
f 5601 5600 5652
f 5740 5653 7114
f 5604 5552 5653
f 5654 5504 5553
f 5605 5504 5654
f 5606 5505 5655
f 5866 5867 4
f 5860 8 9
f 5862 7447 7
f 5857 11 12
f 5854 14 15
f 5856 12 13
f 5851 17 18
f 5848 20 21
f 5850 18 19
f 5853 15 16
f 5859 9 10
f 5846 23 24
f 5844 25 7094
f 5845 24 25
f 5841 27 28
f 5838 30 31
f 5839 29 30
f 5842 26 27
f 5832 35 36
f 5833 34 35
f 5829 38 39
f 5830 37 38
f 5836 32 33
f 5847 21 22
f 5823 7238 42
f 5820 44 45
f 5821 43 44
f 5817 47 48
f 5818 46 47
f 5812 52 6949
f 5814 50 51
f 5806 57 58
f 5807 56 57
f 5811 6949 53
f 5803 60 61
f 5804 59 60
f 5800 62 63
f 5801 5871 62
f 5797 65 66
f 5798 64 65
f 5794 68 69
f 5795 67 68
f 5791 71 72
f 5792 70 71
f 5788 74 75
f 5790 72 73
f 5785 7446 77
f 5782 79 80
f 5784 77 78
f 5787 75 76
f 5779 82 83
f 5776 7462 85
f 5778 83 84
f 5773 87 88
f 5771 89 90
f 5772 88 89
f 5775 85 86
f 5781 80 81
f 5766 94 95
f 5767 93 94
f 5764 96 97
f 5769 91 92
f 48 5816 5817
f 5260 5661 5662
f 4992 4991 5660
f 4418 5658 5659
f 5507 5663 5664
f 5464 5665 5666
f 5507 5664 5665
f 5609 5669 5670
f 5558 5668 5669
f 5465 5464 5667
f 5414 5662 5663
f 5609 5670 5671
f 7364 5672 5560
f 5610 5675 5676
f 5611 5677 5678
f 5610 5676 5677
f 5561 5674 5675
f 5611 5678 5679
f 5565 5612 5682
f 5612 5680 5681
f 5613 7237 5684
f 5566 5682 5683
f 5615 5687 5688
f 5616 5689 5690
f 5615 5688 5689
f 5617 5691 5692
f 5620 5619 5694
f 5618 5692 5693
f 5617 5616 5691
f 5614 5686 5687
f 5621 5695 5696
f 5623 5697 5698
f 5622 5696 5697
f 6901 5699 5700
f 5625 5700 5701
f 5623 5698 5699
f 5628 5703 5704
f 5628 5704 5705
f 5630 5707 5708
f 5632 5709 5656
f 5627 5702 5703
f 5620 5694 5695
f 5634 5710 5711
f 5634 5711 5712
f 5637 5636 5714
f 5638 5714 5715
f 5636 5712 5713
f 5640 5717 5718
f 5642 5719 5720
f 5642 5718 5719
f 5646 5723 5724
f 5721 5643 5720
f 5640 5716 5717
f 7175 7013 5726
f 5648 5592 5727
f 5592 7175 5727
f 5649 5729 5730
f 5648 5728 5729
f 5650 5730 5731
f 5650 5731 5732
f 5633 5656 5710
f 5652 5734 5735
f 5651 5733 5734
f 5602 5736 5737
f 7114 7014 5739
f 5603 5737 5738
f 5601 5652 5736
f 5653 5740 5741
f 5553 5742 5743
f 5604 5741 5742
f 5654 5744 5745
f 5655 5746 5747
f 5605 5745 5746
f 5654 5743 5744
f 7114 5739 5740
f 5606 5748 5749
f 5607 5750 5751
f 5607 5749 5750
f 5608 5752 5753
f 5506 5754 5755
f 5506 5608 5754
f 5555 5751 5752
f 5557 5371 5556
f 4990 5758 5759
f 5209 5757 5758
f 4837 5759 5760
f 5556 5755 5756
f 5655 5747 5748
f 107 35 34
f 108 36 35
f 5875 40 5869
f 111 45 44
f 7144 47 46
f 113 50 49
f 5870 51 50
f 6971 52 51
f 114 6949 52
f 5878 6969 54
f 5879 56 6969
f 5880 57 56
f 5882 59 58
f 5883 60 59
f 115 61 60
f 6915 5872 5885
f 145 109 5873
f 5890 5874 145
f 146 5875 5890
f 5887 5876 147
f 157 5878 156
f 158 5879 157
f 159 5880 158
f 160 5881 159
f 5889 5883 161
f 207 147 146
f 208 148 5887
f 212 6974 211
f 5901 158 157
f 5902 159 158
f 5903 160 159
f 215 161 160
f 5904 5889 215
f 216 162 5889
f 162 7288 7284
f 218 164 163
f 5905 5891 7040
f 5907 7205 259
f 7369 5897 7115
f 5910 5903 266
f 267 215 5903
f 312 7040 256
f 315 260 5907
f 5919 265 264
f 5920 5910 318
f 319 267 5910
f 5921 5911 354
f 355 313 5911
f 358 315 5913
f 5926 5916 361
f 363 7145 362
f 364 7393 363
f 366 318 5919
f 5928 5920 366
f 367 319 5920
f 413 354 353
f 5929 5921 413
f 414 355 5921
f 5930 5922 414
f 415 356 5922
f 5933 5925 419
f 420 361 5925
f 5934 5926 420
f 5935 364 363
f 422 365 364
f 5936 5927 422
f 423 366 5927
f 5937 5928 423
f 465 413 412
f 5938 5929 465
f 5939 5930 466
f 467 415 5930
f 5941 5932 7043
f 5942 5933 471
f 472 420 5933
f 5943 5934 472
f 475 422 5935
f 476 423 5936
f 5946 5937 476
f 523 466 5938
f 5948 5939 523
f 524 467 5939
f 573 469 5940
f 526 7044 7043
f 5949 5942 527
f 528 472 5942
f 5950 5943 528
f 531 475 5944
f 5953 5945 531
f 5954 5946 532
f 570 523 5947
f 571 524 5948
f 5958 5949 575
f 5959 5950 576
f 5962 5953 579
f 5963 5954 580
f 581 533 5954
f 5964 534 533
f 624 569 568
f 625 570 5955
f 5966 5956 625
f 626 571 5956
f 5969 5958 630
f 631 576 5958
f 5970 5959 631
f 632 577 5959
f 5973 5962 634
f 5975 5965 679
f 5976 5966 680
f 681 626 5966
f 5978 5969 684
f 685 631 5969
f 5979 5970 685
f 686 632 5970
f 5981 5972 687
f 743 686 5979
f 5993 5983 746
f 747 691 690
f 789 737 5985
f 6003 5992 796
f 797 746 5992
f 6004 5993 797
f 798 747 5993
f 850 789 5996
f 6011 6002 855
f 858 798 6004
f 859 799 798
f 908 850 6005
f 6016 6007 7097
f 6019 6009 911
f 913 855 6010
f 6021 6011 913
f 961 6016 960
f 1015 7183 961
f 962 911 6018
f 6027 6019 962
f 6031 6024 1011
f 6034 6027 1017
f 1018 963 6027
f 1067 1011 1010
f 6039 6032 1069
f 1070 1013 6032
f 6041 6033 1071
f 1072 1017 6033
f 6042 6034 1072
f 1073 1018 6034
f 6044 6036 1074
f 1075 1020 6036
f 1076 1021 6037
f 1119 1067 1066
f 1122 1070 6039
f 6048 6040 1122
f 1123 6953 6040
f 6049 6041 1124
f 1125 1072 6041
f 6050 6042 1125
f 1126 1073 6042
f 6052 6044 1127
f 6053 6045 1128
f 1174 1119 1118
f 6054 6046 1174
f 1177 1123 6048
f 1179 1125 6049
f 6058 6050 1179
f 1180 1126 6050
f 6059 6051 1180
f 1181 1127 6051
f 1232 1174 1173
f 6063 6054 1232
f 6067 6057 1235
f 1236 1179 6057
f 6068 6058 1236
f 1237 1180 6058
f 6069 6059 1237
f 1238 1181 6059
f 6071 6061 1239
f 7099 6062 1240
f 1285 1234 6064
f 6075 6067 1286
f 1287 1236 6067
f 6076 6068 1287
f 1288 1237 6068
f 6077 6069 1288
f 1289 1238 6069
f 6079 6071 1290
f 1291 1240 6071
f 6082 6075 1342
f 1343 1287 6075
f 6083 6076 1343
f 1344 1288 6076
f 6084 6077 1344
f 1345 1289 6077
f 1346 1290 6078
f 6086 6079 1346
f 1347 1291 6079
f 1392 1337 1336
f 6090 6083 1398
f 1399 1344 6083
f 1401 1346 6085
f 6093 6086 1401
f 1402 1347 6086
f 6097 6090 1454
f 1455 1399 6090
f 6098 6091 1455
f 1457 1401 6092
f 6100 6093 1457
f 1458 1402 6093
f 1500 1448 1447
f 6104 6096 1503
f 1504 1454 6096
f 1505 1455 6097
f 6106 6098 1505
f 1506 1456 6098
f 6107 6099 1506
f 6111 6103 7184
f 6112 6104 1553
f 1554 1504 6104
f 6113 6105 1554
f 1555 1505 6105
f 6114 6106 1555
f 1558 1508 6108
f 1603 1552 6109
f 6119 6112 1607
f 1608 1554 6112
f 6120 6113 1608
f 1609 1555 6113
f 6121 6114 1609
f 6123 6116 1611
f 1657 1602 1601
f 6124 6117 1657
f 1658 1603 6117
f 1660 1605 7116
f 1665 1610 6121
f 6130 6122 1665
f 1666 1611 6122
f 6131 6123 1666
f 1667 1612 6123
f 6133 6124 1709
f 1710 1658 6124
f 6135 6127 1713
f 1716 1665 6129
f 6138 6130 1716
f 1717 1666 6130
f 6139 6131 1717
f 1765 1709 1708
f 6140 6133 1765
f 1766 1710 6133
f 6142 6135 1768
f 1769 1714 6135
f 6143 6136 1769
f 1770 1715 6136
f 1772 1717 6138
f 1773 1718 6139
f 1818 1765 1764
f 6147 6140 1818
f 6149 6142 1823
f 1824 1769 6142
f 6150 6143 1824
f 1825 1770 6143
f 6151 6144 1825
f 1828 1774 1773
f 6154 6147 1879
f 6157 6150 1885
f 1886 1825 6150
f 6158 6151 1886
f 6161 6154 1932
f 6164 6157 1938
f 1939 1886 6157
f 6165 6158 1939
f 1940 1887 6158
f 6166 6159 1940
f 1941 1888 6159
f 1942 1889 6160
f 1988 1932 1878
f 6168 6161 1988
f 6170 6163 1993
f 1994 1938 6163
f 6171 6164 1994
f 1995 1939 6164
f 6172 6165 1995
f 1996 1940 6165
f 6173 6166 1996
f 1997 1941 6166
f 1998 1942 6167
f 2046 1989 6168
f 6178 6170 2049
f 2050 1994 6170
f 6179 6171 2050
f 2051 1995 6171
f 6180 6172 2051
f 2052 1996 6172
f 6181 6173 2052
f 2053 1997 6173
f 6183 1999 1998
f 6186 6177 7387
f 6188 6179 2101
f 2102 2051 6179
f 6189 6180 2102
f 6191 6182 2104
f 2105 2054 6182
f 2149 2096 2095
f 2154 2102 6188
f 6199 6191 2156
f 2157 2105 6191
f 2158 7025 2105
f 6201 6193 2204
f 6202 6194 7064
f 6206 6198 2210
f 2211 2156 6198
f 6207 6199 2211
f 2213 2158 2157
f 2262 2202 2201
f 6208 6200 2262
f 7161 2205 6201
f 2269 2210 6205
f 6214 6207 2270
f 2272 2213 2212
f 2315 2262 2261
f 6215 6208 2315
f 2316 2263 6208
f 6218 6212 2321
f 2322 2269 6212
f 6222 6215 2365
f 2366 2316 6215
f 2371 2320 6216
f 6226 6217 2371
f 2372 2321 6217
f 6227 6218 2372
f 2373 2322 6218
f 6228 6219 2373
f 2374 2323 6219
f 2375 2271 6220
f 2376 6221 2375
f 2422 2365 2364
f 6230 6222 2422
f 2423 2366 6222
f 2425 2369 6224
f 2427 2371 6225
f 6234 6226 2427
f 2428 2372 6226
f 6235 6227 2428
f 2429 2373 6227
f 6236 6228 2429
f 2431 2375 6229
f 2479 2423 6230
f 6240 6232 2480
f 2481 2425 6232
f 2483 2427 6233
f 2484 2428 6234
f 6243 6235 2484
f 2485 2429 6235
f 2486 2430 6236
f 6245 6237 2486
f 2487 2431 6237
f 2535 2478 7081
f 6248 6239 2537
f 2538 2480 6239
f 6249 6240 2538
f 6250 2481 6240
f 6252 6242 2540
f 2541 2484 6242
f 2542 2485 6243
f 6254 6244 2542
f 6255 6245 2543
f 2544 2488 2487
f 2583 2533 2532
f 2585 2536 6247
f 2587 2538 6248
f 2588 6249 2587
f 2589 2540 6251
f 6264 6252 2589
f 2590 2541 6252
f 6265 6253 2590
f 6266 6254 2591
f 2592 2543 6254
f 6267 6255 2592
f 2593 2544 6255
f 2594 2545 6256
f 6269 6257 2594
f 2595 2547 2546
f 6271 7241 7055
f 6272 6260 6259
f 6273 6261 2637
f 2642 2589 6263
f 6276 6264 2642
f 2643 2590 6264
f 6278 6266 2644
f 2645 2592 6266
f 6279 6267 2645
f 2646 2593 6267
f 6280 6268 2646
f 2647 2594 6268
f 2648 6269 2647
f 6282 2635 2634
f 2688 7055 2635
f 6284 2636 6271
f 2690 2637 6272
f 6286 6273 2690
f 2693 2639 6274
f 7294 6957 2693
f 2695 2643 6276
f 2697 2645 6278
f 6293 6279 2697
f 6294 6280 2698
f 2740 2689 6284
f 6297 6285 2740
f 6300 6290 2745
f 2746 2695 6290
f 6301 6291 2746
f 6303 6293 2748
f 2749 2698 6293
f 2752 2700 6295
f 6307 2739 2738
f 2794 6283 2739
f 6308 6296 2794
f 2796 2741 6297
f 6310 6298 2796
f 2797 7065 6298
f 6311 7323 2798
f 2799 2742 7323
f 2803 2746 6300
f 6315 6302 2804
f 2805 2748 6302
f 2806 2749 6303
f 2807 2750 6304
f 2808 2751 2750
f 6318 6305 2808
f 2809 2752 6305
f 2849 6306 2848
f 2853 2795 6308
f 2854 6309 2853
f 2857 2797 6310
f 2861 2801 6958
f 2865 6313 7207
f 2867 6314 2866
f 2867 2804 6314
f 2871 6316 2870
f 2873 6317 2872
f 2876 6318 2875
f 2877 2810 2809
f 2945 2849 6319
f 6332 6320 2946
f 2947 2852 6320
f 2948 2854 6321
f 2949 2856 6322
f 6335 6323 2949
f 2950 2908 7104
f 2953 2863 2952
f 6338 6327 2953
f 6340 6329 6328
f 2954 2911 2910
f 2957 7182 2913
f 6343 6330 2958
f 6345 6332 2996
f 2998 2948 6333
f 6347 6334 2998
f 3000 7148 6335
f 6350 6336 3000
f 3001 2950 6336
f 6339 6328 6338
f 6961 7242 6975
f 3005 2956 6975
f 6962 2957 3005
f 3044 2997 6345
f 6357 6346 3044
f 6359 6348 3046
f 3051 6339 6351
f 3052 3003 6352
f 3055 3007 3006
f 3098 3042 2993
f 3100 2995 3042
f 3102 6356 3101
f 3106 3046 6358
f 3107 6349 6359
f 6374 6976 6360
f 3108 3048 6976
f 7156 6361 3108
f 6364 3051 6363
f 6378 6365 6364
f 3114 3054 6368
f 3117 6354 3056
f 6381 6370 3161
f 6382 6371 3162
f 3163 3106 6371
f 6383 6372 3163
f 3164 3107 6372
f 3165 6373 3164
f 3166 3108 6374
f 6377 6364 6376
f 6389 6378 6377
f 3169 3113 3112
f 3171 3115 6380
f 3212 3162 6381
f 6395 6382 3212
f 3213 3163 6382
f 6396 6383 3213
f 3214 3164 6383
f 6386 6375 3167
f 6400 6387 6386
f 6388 6377 6387
f 6402 6389 6388
f 3217 3168 6389
f 6403 6390 3217
f 3218 3111 6390
f 6404 6391 3218
f 3219 3169 6391
f 6405 6392 3219
f 6407 6394 3258
f 3260 3213 6395
f 6409 6396 3260
f 6399 6386 3216
f 6413 6400 6399
f 6415 6402 6401
f 3265 3217 6402
f 6416 6403 3265
f 3267 3219 6404
f 3313 3261 6409
f 3314 7058 6410
f 3315 3263 6410
f 6424 6411 3315
f 6427 6415 6414
f 3317 3265 6415
f 6428 6416 3317
f 3318 3266 6416
f 6431 6419 3320
f 6433 6421 3363
f 6435 6423 7058
f 3366 3315 6423
f 6436 6424 3366
f 3368 3317 6427
f 3369 3318 6428
f 3370 3319 6429
f 6444 6431 3371
f 6445 6432 3362
f 3415 3363 6432
f 3419 3366 6435
f 3421 3368 6440
f 6452 6441 3421
f 3422 3369 6441
f 6454 6443 3423
f 6455 6444 3424
f 6456 6445 3460
f 3461 3415 6445
f 3462 3416 6446
f 6461 6449 6448
f 6463 6451 6450
f 3467 3421 6451
f 6464 6452 3467
f 3468 3422 6452
f 6465 6453 3468
f 6466 6454 3469
f 3471 3425 6455
f 3511 3461 6456
f 6472 6459 3515
f 3517 3467 6463
f 6477 6464 3517
f 3518 3468 6464
f 6478 6465 3518
f 6479 6466 3519
f 3520 3470 6466
f 6480 6467 3520
f 6481 6468 3563
f 6482 6469 3564
f 3570 3517 6476
f 6488 6477 3570
f 6489 6478 3571
f 3572 3519 6478
f 6490 6479 3572
f 3573 3520 6479
f 6491 6480 3573
f 6492 6481 3616
f 3617 3564 6481
f 6493 6482 3617
f 3618 3565 6482
f 6494 6483 3618
f 6484 6473 3569
f 6497 6485 6484
f 6486 6475 6485
f 3623 3570 6487
f 6500 6488 3623
f 3624 3571 6488
f 6501 6489 3624
f 3625 3572 6489
f 6502 6490 3625
f 6503 6491 3626
f 3627 3574 6491
f 6504 6492 3666
f 3667 3617 6492
f 6505 6493 3667
f 3668 3618 6493
f 6496 6484 6997
f 6509 6497 6496
f 6498 6486 6497
f 6511 6499 6498
f 3672 3623 6499
f 6512 6500 3672
f 3673 3624 6500
f 6513 6501 3673
f 3676 3627 6503
f 3723 3667 6504
f 6516 6505 3723
f 3724 3668 6505
f 6508 6496 6998
f 6519 6509 6508
f 6510 6498 6509
f 6521 6511 6510
f 3730 3672 6511
f 6522 6512 3730
f 6523 6513 3731
f 3732 3674 6513
f 6524 6514 3732
f 3733 3675 6514
f 6526 6516 3775
f 3776 3724 6516
f 3777 3725 6517
f 6528 7209 7059
f 6518 6508 3729
f 6531 6519 6518
f 6533 6521 6520
f 3780 3730 6521
f 6535 6523 3781
f 3782 3732 6523
f 6536 6524 3782
f 3783 3733 6524
f 3784 6525 3783
f 6537 6526 3822
f 3823 3776 6526
f 6538 6527 3823
f 3824 3777 6527
f 6539 6529 3826
f 6530 6518 6935
f 6543 6533 6532
f 3828 3780 6533
f 6544 6534 3828
f 3829 3781 6534
f 6545 6535 3829
f 3830 3782 6535
f 6546 6536 3830
f 3831 3783 6536
f 6547 6537 3874
f 6548 6538 3875
f 7213 3824 6538
f 3876 3826 7119
f 3928 6539 3876
f 6540 6530 3827
f 6551 6541 6540
f 3877 3828 6543
f 6554 6544 3877
f 3878 3829 6544
f 6555 6545 3878
f 3879 3830 6545
f 6556 6546 3879
f 7162 3831 6546
f 3924 3875 6547
f 6558 6548 3924
f 3929 6550 7088
f 3930 3877 6553
f 6563 6554 3930
f 3932 3879 6555
f 3974 3924 6557
f 6567 6558 3974
f 3975 3925 6558
f 3978 7088 3977
f 3979 3930 6562
f 6573 6563 3979
f 6574 6564 3980
f 6575 6565 3981
f 6577 6567 4028
f 4029 3975 6567
f 6569 3978 3977
f 4034 3980 6573
f 6582 6574 4034
f 4035 3981 6574
f 6583 6575 4035
f 4036 3982 6575
f 6585 6577 4086
f 4091 4034 6581
f 6593 6582 4091
f 6594 6583 4092
f 6595 6584 4135
f 4136 4086 6584
f 6596 6585 4136
f 4140 4091 6592
f 6604 6593 4140
f 6606 6595 4182
f 4183 4136 6595
f 6607 6596 4183
f 4184 4137 6596
f 4188 4140 6603
f 4237 4183 6606
f 6618 6607 4237
f 4238 4184 6607
f 4241 6609 4240
f 6610 6599 7002
f 6621 6611 6610
f 4242 4187 6613
f 6624 6614 4242
f 4243 4188 6614
f 6627 6617 4284
f 4285 4237 6617
f 6628 6618 4285
f 4286 4238 6618
f 6620 6610 6936
f 6630 6621 6620
f 6633 6624 4290
f 4291 4243 6624
f 4293 4245 6626
f 4338 4285 6627
f 6637 6628 4338
f 4339 4286 6628
f 4341 6937 6938
f 6631 6622 6630
f 6645 6634 4343
f 4344 4292 6634
f 6646 6635 4344
f 6647 6636 4392
f 4393 4338 6636
f 6648 6637 4393
f 4394 4339 6637
f 6654 6644 4397
f 4398 4343 6644
f 6655 6645 4398
f 4399 4344 6645
f 6657 6647 4444
f 4445 4393 6647
f 7334 4448 7336
f 6660 6649 4448
f 6665 6654 4450
f 4451 4398 6654
f 6666 6655 4451
f 6667 6656 4452
f 6671 6660 4494
f 6661 6650 7411
f 6673 6662 6661
f 6663 6652 6662
f 6675 6664 6663
f 4496 4450 6664
f 6678 6668 4542
f 6680 6670 7189
f 6683 6673 6672
f 6674 6663 6673
f 6685 6675 6674
f 4547 4496 6675
f 6688 6667 4549
f 4596 4544 6679
f 4600 4547 6685
f 6696 6686 4600
f 4601 4548 6686
f 4602 4549 6687
f 6700 6690 4645
f 6701 7111 7060
f 6706 6696 4649
f 4650 4601 6696
f 6707 6697 4650
f 4651 4602 6697
f 6708 6698 4651
f 4652 6939 6698
f 6709 6699 4700
f 6710 6700 4701
f 4702 4646 6700
f 4703 7037 7060
f 6713 6703 7357
f 6716 6706 4705
f 4706 4650 6706
f 6717 6707 4706
f 4707 4651 6707
f 6718 6708 4707
f 6719 6709 4752
f 6720 6710 4753
f 4754 4702 6710
f 6722 6711 4756
f 6712 7357 7424
f 6724 6713 6712
f 4760 4707 6717
f 6731 6720 4808
f 4809 4754 6720
f 7157 6722 4810
f 4814 4760 6728
f 6739 6730 4861
f 4862 4808 6730
f 4863 4809 6731
f 4869 4814 6737
f 6749 6738 4869
f 4870 4815 6738
f 6750 6739 4908
f 4909 4862 6739
f 6751 6740 4909
f 4910 4863 6740
f 6743 6732 4866
f 6755 6744 6743
f 6758 6747 4914
f 4915 4868 6747
f 6759 6748 4915
f 4964 4909 6750
f 6762 6751 4964
f 4965 4910 6751
f 6754 6743 4913
f 6766 6755 6754
f 6756 6745 6755
f 4969 4914 6757
f 6769 6758 4969
f 4970 4915 6758
f 6770 6759 4970
f 4972 4917 6760
f 6772 6761 5017
f 5018 4964 6761
f 6773 6762 5018
f 6767 6756 6766
f 6778 6768 6767
f 5023 4969 6768
f 6779 6769 5023
f 6781 6771 5025
f 5026 4972 6771
f 6783 6773 5074
f 5075 5019 6773
f 6788 6778 6777
f 5078 5023 6778
f 5079 5024 6779
f 6790 6780 5079
f 6791 6781 5080
f 5081 5026 6781
f 5125 5075 6783
f 6966 6785 5127
f 5130 5079 6789
f 6800 6790 5130
f 5131 5080 6790
f 6801 6791 5131
f 5184 5131 6800
f 6804 6795 5181
f 6818 6808 5234
f 5235 5184 6808
f 6820 6810 5286
f 5287 5227 6810
f 5288 5228 6811
f 6813 6804 5232
f 6815 7310 6814
f 5294 5234 6817
f 5338 5287 6820
f 6832 6821 5338
f 6823 6813 5292
f 6836 6824 6823
f 5342 5293 6826
f 6840 6828 5343
f 6841 6829 5344
f 5345 5296 6829
f 5387 5336 5335
f 6835 6823 5341
f 6852 6839 5392
f 5395 5345 6841
f 5396 5346 5345
f 6856 5347 6842
f 5397 5348 5347
f 6857 7243 7061
f 6858 6844 5433
f 6859 6845 5434
f 5436 5339 6846
f 6848 6835 7143
f 5440 5392 6851
f 6865 6852 5440
f 6869 5432 5431
f 5481 7061 5432
f 5482 5433 6857
f 6871 6858 5482
f 5483 5434 6858
f 6861 6848 7010
f 6876 6862 6861
f 6863 6850 6862
f 5487 5440 6864
f 6879 6865 5487
f 5488 5441 6865
f 6881 6867 5489
f 6884 6870 5527
f 5528 5482 6870
f 6886 6872 5529
f 5530 5484 6872
f 6887 6873 5530
f 5531 5485 6873
f 6875 6861 7012
f 6891 6876 6875
f 6894 6879 5534
f 5535 5488 6879
f 6895 6880 5535
f 5537 5490 6881
f 6897 6882 5537
f 5576 5527 5526
f 6901 6885 5577
f 5578 5529 6885
f 6905 6891 6890
f 6892 6877 6891
f 5584 5534 6893
f 6907 6894 5584
f 5586 5536 6895
f 5587 5537 6896
f 5588 5538 6897
f 6911 6898 5588
f 5589 5539 6898
f 5623 6900 5622
f 5624 5577 6900
f 5626 6902 5625
f 5627 5579 6902
f 5629 5580 6903
f 5706 6968 6967
f 5632 6890 5583
f 5634 6905 5633
f 5636 6906 5635
f 5639 5585 6907
f 5640 6908 5639
f 5642 6909 5641
f 5644 6910 5643
f 55 5809 5810
f 107 34 7423
f 108 35 107
f 5873 38 5872
f 109 39 5873
f 5869 6948 109
f 5875 5869 5874
f 5876 41 7176
f 110 7238 5876
f 6970 43 7062
f 111 44 6970
f 6914 45 111
f 5870 50 113
f 6971 51 5870
f 114 52 6971
f 6972 6949 114
f 5877 53 6972
f 5878 54 5877
f 5880 56 5879
f 5881 57 5880
f 5882 58 5881
f 5883 59 5882
f 115 60 5883
f 5871 61 115
f 5884 5871 7284
f 116 62 5884
f 5872 7283 5885
f 5873 5872 6915
f 145 5873 5886
f 5874 109 145
f 5875 5874 5890
f 7176 5875 146
f 5876 7176 147
f 6973 6970 149
f 150 111 6973
f 5877 6972 6950
f 5878 5877 156
f 5879 5878 157
f 5880 5879 158
f 5881 5880 159
f 5882 5881 160
f 5883 5882 161
f 7284 115 162
f 5884 7284 163
f 203 144 252
f 5886 6915 6916
f 207 146 5891
f 5887 147 207
f 208 5887 5892
f 5888 151 210
f 6974 152 211
f 214 7210 5896
f 5900 156 5899
f 5901 157 5900
f 5902 158 5901
f 5903 159 5902
f 215 160 5903
f 5889 161 215
f 216 5889 5904
f 217 7288 216
f 218 163 217
f 219 164 218
f 7040 206 256
f 5891 5890 7040
f 257 5891 5905
f 5892 207 257
f 258 5892 5906
f 5894 5893 259
f 212 211 262
f 5900 5899 263
f 5901 5900 264
f 5902 5901 265
f 5903 5902 266
f 267 5903 5910
f 5904 215 267
f 312 256 311
f 5905 7040 312
f 313 5905 5911
f 5906 257 313
f 314 5906 5912
f 5907 259 7041
f 315 5907 5913
f 5908 262 7219
f 7115 5909 5916
f 7145 7369 5917
f 5918 263 7393
f 5919 264 5918
f 318 265 5919
f 5910 266 318
f 319 5910 5920
f 354 311 353
f 5911 312 354
f 355 5911 5921
f 5912 313 355
f 356 5912 5922
f 357 7041 314
f 5913 7041 357
f 358 5913 5923
f 5915 7219 360
f 361 5915 5925
f 5916 317 361
f 5917 7115 7095
f 362 7145 5917
f 7393 7145 363
f 5919 5918 365
f 366 5919 5927
f 5920 318 366
f 367 5920 5928
f 368 6951 367
f 413 353 412
f 5921 354 413
f 414 5921 5929
f 5922 355 414
f 415 5922 5930
f 5923 357 416
f 417 5923 5931
f 5925 360 419
f 420 5925 5933
f 5926 361 420
f 421 5926 5934
f 7120 362 7016
f 422 364 5935
f 5927 365 422
f 423 5927 5936
f 5928 366 423
f 424 5928 5937
f 425 368 424
f 465 412 464
f 5929 413 465
f 466 5929 5938
f 5930 414 466
f 467 5930 5939
f 468 7042 467
f 469 5931 5940
f 5933 419 471
f 472 5933 5942
f 5934 420 472
f 5935 363 7120
f 475 5935 5944
f 5936 422 475
f 476 5936 5945
f 5937 423 476
f 477 5937 5946
f 522 464 521
f 5938 465 522
f 523 5938 5947
f 5939 466 523
f 524 5939 5948
f 525 468 524
f 5942 471 527
f 528 5942 5949
f 5943 472 528
f 529 5943 5950
f 530 473 5951
f 5944 474 530
f 531 5944 5952
f 5945 475 531
f 532 5945 5953
f 5946 476 532
f 533 5946 5954
f 569 521 568
f 5947 522 569
f 570 5947 5955
f 5948 523 570
f 571 5948 5956
f 572 525 571
f 5940 525 5957
f 5949 527 575
f 576 5949 5958
f 5950 528 576
f 577 5950 5959
f 5951 529 577
f 578 5951 5960
f 5952 530 578
f 579 5952 5961
f 5953 531 579
f 580 5953 5962
f 5954 532 580
f 581 5954 5963
f 5964 533 581
f 624 568 7073
f 5955 569 624
f 625 5955 5965
f 5956 570 625
f 626 5956 5966
f 627 572 626
f 5957 572 5967
f 629 574 628
f 5958 575 630
f 631 5958 5969
f 5959 576 631
f 632 5959 5970
f 5960 577 632
f 633 5960 5971
f 5961 578 633
f 634 5961 5972
f 5962 579 634
f 635 5962 5973
f 5963 580 635
f 636 5963 5974
f 5964 581 636
f 679 7073 678
f 5965 624 679
f 680 5965 5975
f 5966 625 680
f 681 5966 5976
f 682 627 681
f 5967 627 5977
f 683 629 7096
f 5969 630 684
f 685 5969 5978
f 5970 631 685
f 686 5970 5979
f 5971 632 686
f 687 5971 5980
f 5972 633 687
f 688 5972 5981
f 5973 634 688
f 689 5973 5982
f 5974 635 689
f 690 5974 5983
f 735 678 734
f 5975 679 735
f 736 5975 5984
f 5976 680 736
f 737 5976 5985
f 738 682 737
f 5977 682 5986
f 5978 684 741
f 742 5978 5988
f 5979 685 742
f 743 5979 5989
f 5980 686 743
f 744 5980 5990
f 5981 687 744
f 745 5981 5991
f 5982 688 745
f 746 5982 5992
f 5983 689 746
f 747 5983 5993
f 5994 691 747
f 787 734 786
f 5984 735 787
f 788 5984 5995
f 5985 736 788
f 789 5985 5996
f 790 738 789
f 5986 738 5997
f 5987 739 791
f 5988 741 792
f 793 5988 5999
f 5989 742 793
f 794 5989 6000
f 5990 743 794
f 795 5990 6001
f 5991 744 795
f 796 5991 6002
f 5992 745 796
f 797 5992 6003
f 5993 746 797
f 798 5993 6004
f 5994 747 798
f 847 786 846
f 5995 787 847
f 849 5995 848
f 5996 788 849
f 850 5996 6005
f 851 5998 6007
f 5999 792 852
f 853 5999 6008
f 6000 793 853
f 854 6000 6009
f 6001 794 854
f 855 6001 6010
f 6002 795 855
f 856 6002 6011
f 6003 796 856
f 857 6003 6012
f 6004 797 857
f 858 6004 6013
f 859 798 858
f 907 848 906
f 6005 849 907
f 908 6005 6014
f 6006 790 909
f 7097 7216 6006
f 6017 6007 6016
f 6008 852 910
f 911 6008 6018
f 6009 853 911
f 912 6009 6019
f 6010 854 912
f 913 6010 6020
f 6011 855 913
f 914 6011 6021
f 6012 856 914
f 915 6012 6022
f 6013 857 915
f 6983 6013 6023
f 957 906 956
f 6014 907 957
f 958 6014 6024
f 6016 7097 960
f 6018 910 7018
f 962 6018 6026
f 6019 911 962
f 963 6019 6027
f 6020 912 963
f 964 6020 6028
f 6021 913 964
f 965 6021 6029
f 6022 914 965
f 966 6022 6030
f 6023 915 966
f 1011 956 1010
f 6024 957 1011
f 1012 6024 6031
f 1013 7121 6025
f 1014 961 960
f 1015 961 1014
f 6026 7018 1016
f 1017 6026 6033
f 6027 962 1017
f 1018 6027 6034
f 6028 963 1018
f 1019 6028 6035
f 6029 964 1019
f 1020 6029 6036
f 6030 965 1020
f 1021 6030 6037
f 1022 966 1021
f 1067 1010 1066
f 6031 1011 1067
f 1068 6031 6038
f 1069 7047 1012
f 6032 7047 1069
f 1070 6032 6039
f 1014 1013 1070
f 6033 1016 1071
f 1072 6033 6041
f 6034 1017 1072
f 1073 6034 6042
f 6035 1018 1073
f 1074 6035 6043
f 6036 1019 1074
f 1075 6036 6044
f 6037 1020 1075
f 1076 6037 6045
f 1119 1066 1118
f 6038 1067 1119
f 1120 6038 6046
f 6039 1069 1121
f 1122 6039 6047
f 6040 1070 1122
f 1123 6040 6048
f 6041 1071 1124
f 1125 6041 6049
f 6042 1072 1125
f 1126 6042 6050
f 6043 1073 1126
f 1127 6043 6051
f 6044 1074 1127
f 1128 6044 6052
f 6045 1075 1128
f 1076 6045 6053
f 1174 1118 1173
f 6046 1119 1174
f 1175 6046 6054
f 6048 1122 7154
f 1177 6048 6056
f 6049 1124 1178
f 1179 6049 6057
f 6050 1125 1179
f 1180 6050 6058
f 6051 1126 1180
f 1181 6051 6059
f 6052 1127 1181
f 1182 6052 6060
f 6053 1128 1182
f 1183 6053 6061
f 6062 7019 1183
f 1232 1173 1231
f 6054 1174 1232
f 1233 6054 6063
f 6056 7154 1234
f 6066 6056 6065
f 6057 1178 1235
f 1236 6057 6067
f 6058 1179 1236
f 1237 6058 6068
f 6059 1180 1237
f 1238 6059 6069
f 6060 1181 1238
f 1239 6060 6070
f 6061 1182 1239
f 1240 6061 6071
f 6062 1183 1240
f 1282 1231 1281
f 6063 1232 1282
f 1283 6063 6072
f 1284 7048 1233
f 6064 7048 1284
f 1285 6064 6073
f 6067 1235 1286
f 1287 6067 6075
f 6068 1236 1287
f 1288 6068 6076
f 6069 1237 1288
f 1289 6069 6077
f 6070 1238 1289
f 1290 6070 6078
f 6071 1239 1290
f 1291 6071 6079
f 6986 7099 1291
f 1337 1281 1336
f 6072 1282 1337
f 1338 6072 6080
f 6073 1284 1339
f 6075 1286 1342
f 1343 6075 6082
f 6076 1287 1343
f 1344 6076 6083
f 6077 1288 1344
f 1345 6077 6084
f 6078 1289 1345
f 1346 6078 6085
f 6079 1290 1346
f 1347 6079 6086
f 1392 1336 1391
f 6080 1337 1392
f 1393 6080 6088
f 6082 1342 1397
f 1398 6082 6089
f 6083 1343 1398
f 1399 6083 6090
f 6084 1344 1399
f 1400 6084 6091
f 6085 1345 1400
f 1401 6085 6092
f 6086 1346 1401
f 1402 6086 6093
f 6087 1347 1402
f 1448 1391 1447
f 6088 1392 1448
f 1449 6088 6094
f 7461 1395 7473
f 1452 6954 6095
f 6089 1397 1453
f 1454 6089 6096
f 6090 1398 1454
f 1455 6090 6097
f 6091 1399 1455
f 1456 6091 6098
f 6092 1400 1456
f 1457 6092 6099
f 6093 1401 1457
f 1458 6093 6100
f 1500 1447 1499
f 6094 1448 1500
f 1501 6094 6101
f 6095 1451 7215
f 6096 1453 1503
f 1504 6096 6104
f 6097 1454 1504
f 1505 6097 6105
f 6098 1455 1505
f 1506 6098 6106
f 6099 1456 1506
f 1507 6099 6107
f 6100 1457 1507
f 1508 6100 6108
f 1551 1499 1550
f 6101 1500 1551
f 1552 6101 6109
f 6103 6095 7184
f 6104 1503 1553
f 1554 6104 6112
f 6105 1504 1554
f 1555 6105 6113
f 6106 1505 1555
f 1556 6106 6114
f 6107 1506 1556
f 1557 6107 6115
f 6108 1507 1557
f 1558 6108 6116
f 1602 1550 1601
f 6109 1551 1602
f 1603 6109 6117
f 1604 7020 1552
f 1605 6110 7116
f 6111 7184 1606
f 6112 1553 1607
f 1608 6112 6119
f 6113 1554 1608
f 1609 6113 6120
f 6114 1555 1609
f 1610 6114 6121
f 6115 1556 1610
f 1611 6115 6122
f 6116 1557 1611
f 1612 6116 6123
f 1613 1559 1612
f 1657 1601 1656
f 6117 1602 1657
f 1658 6117 6124
f 7116 1604 1659
f 1660 7116 6125
f 6119 1607 1662
f 1663 6119 6127
f 6120 1608 1663
f 1664 6120 6128
f 6121 1609 1664
f 1665 6121 6129
f 6122 1610 1665
f 1666 6122 6130
f 6123 1611 1666
f 1667 6123 6131
f 6132 1612 1667
f 1709 1656 1708
f 6124 1657 1709
f 1710 6124 6133
f 1712 1660 6134
f 6127 1662 1713
f 1714 6127 6135
f 6128 1663 1714
f 1715 6128 6136
f 6129 1664 1715
f 1716 6129 6137
f 6130 1665 1716
f 1717 6130 6138
f 6131 1666 1717
f 1718 6131 6139
f 1765 1708 1764
f 6133 1709 1765
f 1766 6133 6140
f 6135 1713 1768
f 1769 6135 6142
f 6136 1714 1769
f 1770 6136 6143
f 6137 1715 1770
f 1771 6137 6144
f 6138 1716 1771
f 1772 6138 6145
f 6139 1717 1772
f 1773 6139 6146
f 1774 1718 1773
f 1818 1764 7169
f 6140 1765 1818
f 1819 6140 6147
f 1820 7021 1766
f 6141 7021 1820
f 1821 6141 6148
f 1822 1767 1821
f 6142 1768 1823
f 1824 6142 6149
f 6143 1769 1824
f 1825 6143 6150
f 6144 1770 1825
f 1826 6144 6151
f 6145 1771 1826
f 1827 6145 6152
f 6146 1772 1827
f 1828 6146 6153
f 1829 1774 1828
f 1879 7169 1878
f 6147 1818 1879
f 1880 6147 6154
f 6148 1820 1881
f 1882 6148 6155
f 1883 1822 1882
f 6149 1823 1884
f 1885 6149 6156
f 6150 1824 1885
f 1886 6150 6157
f 6151 1825 1886
f 1887 6151 6158
f 6152 1826 1887
f 1888 6152 6159
f 6153 1827 1888
f 1889 6153 6160
f 6154 1879 1932
f 1933 6154 6161
f 1936 1883 1935
f 6156 1884 1937
f 1938 6156 6163
f 6157 1885 1938
f 1939 6157 6164
f 6158 1886 1939
f 1940 6158 6165
f 6159 1887 1940
f 1941 6159 6166
f 6160 1888 1941
f 1942 6160 6167
f 1988 1878 1987
f 6161 1932 1988
f 1989 6161 6168
f 1992 1936 1991
f 6163 1937 1993
f 1994 6163 6170
f 6164 1938 1994
f 1995 6164 6171
f 6165 1939 1995
f 1996 6165 6172
f 6166 1940 1996
f 1997 6166 6173
f 6167 1941 1997
f 1998 6167 6174
f 2045 1987 2044
f 6168 1988 2045
f 2046 6168 6175
f 2048 1992 7100
f 6170 1993 2049
f 2050 6170 6178
f 6171 1994 2050
f 2051 6171 6179
f 6172 1995 2051
f 2052 6172 6180
f 6173 1996 2052
f 2053 6173 6181
f 6174 1997 2053
f 2054 6174 6182
f 6183 1998 2054
f 2096 2044 2095
f 6175 2045 2096
f 2097 6175 6184
f 6178 2049 2100
f 2101 6178 6187
f 6179 2050 2101
f 2102 6179 6188
f 6180 2051 2102
f 2103 6180 6189
f 6181 2052 2103
f 2104 6181 6190
f 6182 2053 2104
f 2105 6182 6191
f 2149 2095 2148
f 6184 2096 2149
f 2150 6184 6192
f 2151 7117 6193
f 6187 2100 2152
f 2153 6187 6195
f 6188 2101 2153
f 2154 6188 6196
f 6189 2102 2154
f 2155 6189 6197
f 6190 2103 2155
f 2156 6190 6198
f 6191 2104 2156
f 2157 6191 6199
f 2158 2105 2157
f 2202 2148 2201
f 6192 2149 2202
f 2203 6192 6200
f 2204 7053 2150
f 6193 7053 2204
f 2205 6193 6201
f 6195 2152 2207
f 2208 6195 6203
f 6196 2153 2208
f 2209 6196 6204
f 6197 2154 2209
f 2210 6197 6205
f 6198 2155 2210
f 2211 6198 6206
f 6199 2156 2211
f 2212 6199 6207
f 2213 2157 2212
f 2262 2201 2261
f 6200 2202 2262
f 2263 6200 6208
f 6201 2204 2264
f 7161 6201 6209
f 6203 2207 2266
f 2267 6203 6210
f 6204 2208 2267
f 2268 6204 6211
f 6205 2209 2268
f 2269 6205 6212
f 6206 2210 2269
f 2270 6206 6213
f 6207 2211 2270
f 2271 6207 6214
f 2272 2212 2271
f 2315 2261 2314
f 6208 2262 2315
f 2316 6208 6215
f 6210 2266 2319
f 2320 6210 6216
f 6211 2267 2320
f 2321 6211 6217
f 6212 2268 2321
f 2322 6212 6218
f 6213 2269 2322
f 2323 6213 6219
f 6214 2270 2323
f 2271 6214 6220
f 6221 2272 2271
f 2365 2314 2364
f 6215 2315 2365
f 2366 6215 6222
f 2367 7026 2316
f 6956 2317 7438
f 2369 6956 6224
f 6216 2319 2370
f 2371 6216 6225
f 6217 2320 2371
f 2372 6217 6226
f 6218 2321 2372
f 2373 6218 6227
f 6219 2322 2373
f 2374 6219 6228
f 6220 2323 2374
f 2375 6220 6229
f 6221 2271 2375
f 6222 2365 2422
f 2423 6222 6230
f 6223 2367 2424
f 6224 7438 7155
f 2425 6224 6232
f 6225 2370 2426
f 2427 6225 6233
f 6226 2371 2427
f 2428 6226 6234
f 6227 2372 2428
f 2429 6227 6235
f 6228 2373 2429
f 2430 6228 6236
f 6229 2374 2430
f 2431 6229 6237
f 6928 2376 2431
f 2478 2364 7081
f 6230 2422 2478
f 2479 6230 6238
f 2480 7264 6239
f 6232 7155 2480
f 2481 6232 6240
f 6233 2426 2482
f 2483 6233 6241
f 6234 2427 2483
f 2484 6234 6242
f 6235 2428 2484
f 2485 6235 6243
f 6236 2429 2485
f 2486 6236 6244
f 6237 2430 2486
f 2487 6237 6245
f 2488 6928 2487
f 2535 7081 2534
f 6238 2478 2535
f 2536 6238 6247
f 2537 7054 2479
f 6239 7054 2537
f 2538 6239 6248
f 6240 2480 2538
f 6250 6240 6249
f 6241 2482 2539
f 2540 6241 6251
f 6242 2483 2540
f 2541 6242 6252
f 6243 2484 2541
f 2542 6243 6253
f 6244 2485 2542
f 2543 6244 6254
f 6245 2486 2543
f 2544 6245 6255
f 6256 2488 2544
f 2583 2532 7241
f 6246 2533 2583
f 6260 6246 6259
f 6247 2535 2584
f 2585 6247 6261
f 6248 2537 2586
f 2587 6248 6262
f 6249 2538 2587
f 6250 6249 7212
f 6251 2539 7028
f 2589 6251 6263
f 6252 2540 2589
f 2590 6252 6264
f 6253 2541 2590
f 2591 6253 6265
f 6254 2542 2591
f 2592 6254 6266
f 6255 2543 2592
f 2593 6255 6267
f 6256 2544 2593
f 2594 6256 6268
f 6257 2545 2594
f 6270 2546 6257
f 2595 2546 6270
f 2636 7241 6271
f 6259 2583 2636
f 2637 6260 6272
f 6263 7028 2641
f 2642 6263 6275
f 6264 2589 2642
f 2643 6264 6276
f 6265 2590 2643
f 2644 6265 6277
f 6266 2591 2644
f 2645 6266 6278
f 6267 2592 2645
f 2646 6267 6279
f 6268 2593 2646
f 2647 6268 6280
f 6269 2594 2647
f 7181 6270 6281
f 2649 2595 7181
f 2688 2635 6282
f 6271 7055 2688
f 6284 6271 6283
f 2689 2636 6284
f 6272 6259 2689
f 2690 6272 6285
f 6273 2637 2690
f 6274 7056 2692
f 6275 2641 6990
f 2694 6275 6289
f 6276 2642 2694
f 2695 6276 6290
f 6277 2643 2695
f 2696 6277 6291
f 6278 2644 2696
f 2697 6278 6292
f 6279 2645 2697
f 2698 6279 6293
f 6280 2646 2698
f 2699 6280 6294
f 2648 2647 2699
f 2700 7181 6281
f 2701 2649 2700
f 6282 2634 2737
f 2739 6282 2738
f 6283 2688 2739
f 2740 6284 6296
f 6285 2689 2740
f 2741 6285 6297
f 6286 2690 2741
f 7065 6286 6298
f 2745 6289 6299
f 6290 2694 2745
f 2746 6290 6300
f 6291 2695 2746
f 2747 6291 6301
f 6292 2696 2747
f 2748 6292 6302
f 6293 2697 2748
f 2749 6293 6303
f 6294 2698 2749
f 2750 6294 6304
f 2751 2699 2750
f 6295 2648 2751
f 2752 6295 6305
f 6307 2738 6306
f 2794 2739 6307
f 6296 6283 2794
f 2795 6296 6308
f 6297 2740 2795
f 2796 6297 6309
f 6298 2741 2796
f 2797 6298 6310
f 7323 7057 2798
f 6299 2744 2801
f 2802 6299 6312
f 6300 2745 2802
f 2803 6300 6313
f 6301 2746 2803
f 2804 6301 6314
f 6302 2747 2804
f 2805 6302 6315
f 6303 2748 2805
f 2806 6303 6316
f 6304 2749 2806
f 2807 6304 6317
f 2808 2750 2807
f 6305 2751 2808
f 2809 6305 6318
f 6306 2793 2848
f 2851 6307 2850
f 6308 2794 2851
f 2853 6308 2852
f 6309 2795 2853
f 2855 6309 2854
f 6310 2796 2855
f 2857 6310 2856
f 6311 2798 2858
f 6312 2801 2862
f 2864 6312 2863
f 6313 2802 2864
f 6314 2803 2865
f 6315 2804 2868
f 2870 6315 2869
f 6316 2805 2870
f 2872 6316 2871
f 6317 2806 2872
f 2874 6317 2873
f 6318 2808 2875
f 2877 6318 2876
f 2878 2810 2877
f 2944 6931 6331
f 6319 2847 2944
f 2945 6319 6960
f 2946 2849 2945
f 6320 2850 2946
f 2947 6320 6332
f 6321 2852 2947
f 2948 6321 6333
f 6322 2854 2948
f 2949 6322 6334
f 6323 2856 2949
f 7148 6323 6335
f 6324 2907 7148
f 2950 6324 6336
f 6325 6326 2908
f 2863 2909 2952
f 6327 2863 2953
f 6328 6327 6338
f 7370 6329 6340
f 2954 2910 7370
f 2955 2911 2954
f 2956 2912 6975
f 2957 2913 2956
f 6342 7182 6341
f 2876 2875 7177
f 6330 2876 2958
f 6960 2944 2994
f 6344 2945 6960
f 2996 2945 6344
f 6332 2946 2996
f 2997 6332 6345
f 6333 2947 2997
f 2998 6333 6346
f 6334 2948 2998
f 2999 6334 6347
f 6335 2949 2999
f 3000 6335 6348
f 3001 6336 6350
f 6337 2952 6933
f 6338 2953 6337
f 6339 6338 6351
f 6340 6328 6339
f 3004 2954 3003
f 3005 6975 7242
f 6341 2957 6962
f 3006 6342 6353
f 6343 2958 3007
f 6355 6343 6354
f 3043 6344 6356
f 6345 2996 3043
f 3044 6345 3103
f 6346 2997 3044
f 3045 6346 6357
f 6347 2998 3045
f 3046 6347 6358
f 6348 2999 3046
f 6349 6348 6359
f 6350 3000 6349
f 3047 6350 6360
f 3048 3002 3047
f 3050 6933 3049
f 6351 6337 3050
f 3051 6351 6363
f 6352 6339 3051
f 3052 6352 6365
f 6367 7242 3053
f 6353 6341 3054
f 3055 6353 6369
f 3056 3007 3055
f 3098 3041 3097
f 3099 3042 3098
f 3100 3042 3099
f 6356 2995 3100
f 3103 3043 3102
f 6357 3044 3104
f 3105 6357 6370
f 6358 3045 3105
f 3106 6358 6371
f 6359 3046 3106
f 3107 6359 6372
f 6360 6349 3107
f 6374 6360 6373
f 6361 3048 3108
f 6362 3049 3109
f 6363 3050 6362
f 6364 6363 6376
f 6365 3051 6364
f 3110 6365 6378
f 6366 3052 3110
f 3111 7066 6963
f 6368 6367 3113
f 3114 6368 6379
f 6369 3054 3114
f 3115 6369 6380
f 3056 3055 3115
f 3117 3056 3116
f 3119 3057 3118
f 6370 3104 3161
f 3162 6370 6381
f 6371 3105 3162
f 3163 6371 6382
f 6372 3106 3163
f 3164 6372 6383
f 6373 3107 3164
f 3166 6374 6384
f 6375 3109 3167
f 6376 6362 6375
f 6377 6376 6387
f 6378 6364 6377
f 3168 6378 6389
f 6963 3110 3168
f 3111 6963 6390
f 6391 3112 3111
f 3169 3112 6391
f 6379 3113 3169
f 3170 6379 6392
f 6380 3114 3170
f 3171 6380 6393
f 6381 3161 7137
f 3212 6381 6394
f 6382 3162 3212
f 3213 6382 6395
f 6383 3163 3213
f 3214 6383 6396
f 6385 3166 3215
f 6386 3167 3216
f 6387 6375 6386
f 6388 6387 6400
f 6389 6377 6388
f 3217 6389 6402
f 6390 3168 3217
f 3218 6390 6403
f 6391 3111 3218
f 3219 6391 6404
f 6392 3169 3219
f 3220 6392 6405
f 6393 3170 3220
f 6394 7137 3258
f 3259 6394 6407
f 6395 3212 3259
f 3260 6395 6408
f 6396 3213 3260
f 3261 6396 6409
f 6397 3165 3262
f 3263 6397 6410
f 6399 3216 3264
f 6400 6386 6399
f 6401 6400 6413
f 6402 6388 6401
f 3265 6402 6415
f 6403 3217 3265
f 3266 6403 6416
f 6404 3218 3266
f 3267 6404 6417
f 6405 3219 3267
f 3268 6405 6418
f 6406 3220 3268
f 3269 6406 6419
f 6407 3258 7382
f 3311 6407 6420
f 6408 3259 3311
f 3312 6408 6421
f 6409 3260 3312
f 3313 6409 6422
f 3315 6410 6423
f 6411 3263 3315
f 6413 6399 6412
f 6414 6413 6426
f 6415 6401 6414
f 3317 6415 6427
f 6416 3265 3317
f 3318 6416 6428
f 6417 3266 3318
f 3319 6417 6429
f 6418 3267 3319
f 3320 6418 6430
f 6419 3268 3320
f 3321 6419 6431
f 6420 7382 3362
f 3363 6420 6432
f 6421 3311 3363
f 3364 6421 6433
f 6422 3312 3364
f 3365 6422 6434
f 3366 6423 6435
f 6424 3315 3366
f 6425 3316 3367
f 6427 6414 7324
f 3368 6427 6440
f 6428 3317 3368
f 3369 6428 6441
f 6429 3318 3369
f 3370 6429 6442
f 6430 3319 3370
f 3371 6430 6443
f 6431 3320 3371
f 3415 6432 6445
f 6433 3363 3415
f 3416 6433 6446
f 6434 3364 3416
f 3417 6434 6447
f 6436 3366 3419
f 6437 3367 3420
f 6438 6425 6437
f 6439 6438 6449
f 6440 7324 6439
f 3421 6440 6451
f 6441 3368 3421
f 3422 6441 6452
f 6442 3369 3422
f 3423 6442 6453
f 6443 3370 3423
f 3424 6443 6454
f 6444 3371 3424
f 6445 3362 3460
f 3461 6445 6456
f 6446 3415 3461
f 3462 6446 6457
f 6447 3416 3462
f 3463 6447 6458
f 3464 3418 3463
f 3465 7105 7187
f 6448 3420 3466
f 6449 6437 6448
f 6450 6449 6461
f 6451 6439 6450
f 3467 6451 6463
f 6452 3421 3467
f 3468 6452 6464
f 6453 3422 3468
f 3469 6453 6465
f 6454 3423 3469
f 3470 6454 6466
f 6455 3424 3470
f 3471 6455 6467
f 6456 3460 3510
f 3511 6456 6468
f 6457 3461 3511
f 3512 6457 6469
f 6458 3462 3512
f 3513 6458 6470
f 3514 3464 3513
f 7187 3464 3514
f 3515 3465 7187
f 6459 3465 3515
f 6460 3466 3516
f 6461 6448 6460
f 6462 6461 6474
f 6463 6450 6462
f 3517 6463 6476
f 6464 3467 3517
f 3518 6464 6477
f 6465 3468 3518
f 3519 6465 6478
f 6466 3469 3519
f 3520 6466 6479
f 6467 3470 3520
f 3521 6467 6480
f 6468 7085 3563
f 3564 6468 6481
f 6469 3511 3564
f 3565 6469 6482
f 6470 3512 3565
f 3566 6470 6483
f 6472 3515 3568
f 6473 3516 3569
f 6474 6460 6473
f 6475 6474 6485
f 6476 6462 6475
f 3570 6476 6487
f 6477 3517 3570
f 3571 6477 6488
f 6478 3518 3571
f 3572 6478 6489
f 6479 3519 3572
f 3573 6479 6490
f 6480 3520 3573
f 6481 3563 3616
f 3617 6481 6492
f 6482 3564 3617
f 3618 6482 6493
f 6483 3565 3618
f 3619 6483 6494
f 3621 7106 6495
f 6484 3569 6997
f 6485 6473 6484
f 6486 6485 6497
f 6487 6475 6486
f 3623 6487 6499
f 6488 3570 3623
f 3624 6488 6500
f 6489 3571 3624
f 3625 6489 6501
f 6490 3572 3625
f 3626 6490 6502
f 6491 3573 3626
f 3627 6491 6503
f 6492 3616 3666
f 3667 6492 6504
f 6493 3617 3667
f 3668 6493 6505
f 6494 3618 3668
f 3669 6494 6506
f 6496 6997 6998
f 6497 6484 6496
f 6498 6497 6509
f 6499 6486 6498
f 3672 6499 6511
f 6500 3623 3672
f 3673 6500 6512
f 6501 3624 3673
f 3674 6501 6513
f 6502 3625 3674
f 3675 6502 6514
f 6503 3626 3675
f 3676 6503 6515
f 6504 3666 3722
f 6505 3667 3723
f 3724 6505 6516
f 6506 3668 3724
f 3725 6506 6517
f 3727 3671 7209
f 3728 6965 3727
f 6508 6998 3729
f 6509 6496 6508
f 6510 6509 6519
f 6511 6498 6510
f 3730 6511 6521
f 6512 3672 3730
f 3731 6512 6522
f 6513 3673 3731
f 3732 6513 6523
f 6514 3674 3732
f 3733 6514 6524
f 6515 3675 3733
f 3676 6515 6525
f 6516 3723 3775
f 3776 6516 6526
f 6517 3724 3776
f 3777 6517 6527
f 3779 7209 6528
f 6518 3729 6935
f 6519 6508 6518
f 6520 6519 6531
f 6521 6510 6520
f 3780 6521 6533
f 6522 3730 3780
f 3781 6522 6534
f 6523 3731 3781
f 3782 6523 6535
f 6524 3732 3782
f 3783 6524 6536
f 6525 3733 3783
f 6526 3775 3822
f 3823 6526 6537
f 6527 3776 3823
f 3824 6527 6538
f 3826 6528 7119
f 6529 3779 3826
f 6530 6935 3827
f 6531 6518 6530
f 6532 6531 6541
f 6533 6520 6532
f 3828 6533 6543
f 6534 3780 3828
f 3829 6534 6544
f 6535 3781 3829
f 3830 6535 6545
f 6536 3782 3830
f 3831 6536 6546
f 6537 3822 3874
f 3875 6537 6547
f 6538 3823 3875
f 7213 6538 6548
f 3876 7119 7150
f 6539 3826 3876
f 6540 3827 6550
f 6541 6530 6540
f 6542 6541 6551
f 6543 6532 6542
f 3877 6543 6553
f 6544 3828 3877
f 3878 6544 6554
f 6545 3829 3878
f 3879 6545 6555
f 6546 3830 3879
f 7162 6546 6556
f 6547 3874 3923
f 3924 6547 6557
f 6548 3875 3924
f 6549 7213 3926
f 3927 7150 6559
f 6551 6540 3929
f 6552 6551 6560
f 6553 6542 6552
f 3930 6553 6562
f 6554 3877 3930
f 3931 6554 6563
f 6555 3878 3931
f 3932 6555 6564
f 6556 3879 3932
f 6557 3923 3973
f 3974 6557 6566
f 6558 3924 3974
f 3975 6558 6567
f 6559 3926 7030
f 6560 3929 3978
f 6561 6560 6570
f 6562 6552 6561
f 3979 6562 6572
f 6563 3930 3979
f 3980 6563 6573
f 6564 3931 3980
f 3981 6564 6574
f 6565 3932 3981
f 3982 6565 6575
f 6566 3973 4027
f 4028 6566 6576
f 6567 3974 4028
f 4029 6567 6577
f 4030 7030 3975
f 4031 6568 7107
f 6569 3977 7108
f 6570 3978 6569
f 6571 6570 6578
f 6572 6561 6571
f 4033 6572 6580
f 6573 3979 4033
f 4034 6573 6581
f 6574 3980 4034
f 4035 6574 6582
f 6575 3981 4035
f 4036 6575 6583
f 6576 4027 4085
f 4086 6576 6584
f 6577 4028 4086
f 7107 4030 4088
f 4031 7107 6586
f 6578 6569 4089
f 6579 6578 6589
f 6580 6571 6579
f 4090 6580 6591
f 6581 4033 4090
f 4091 6581 6592
f 6582 4034 4091
f 4092 6582 6593
f 6583 4035 4092
f 4093 6583 6594
f 6584 4085 4135
f 4136 6584 6595
f 6585 4086 4136
f 4137 6585 6596
f 6588 7286 7001
f 6589 4089 6588
f 6590 6589 6600
f 6591 6579 6590
f 4139 6591 6602
f 6592 4090 4139
f 4140 6592 6603
f 6593 4091 4140
f 4141 6593 6604
f 6594 4092 4141
f 4190 6594 6605
f 6595 4135 4182
f 4183 6595 6606
f 6596 4136 4183
f 4184 6596 6607
f 4185 7031 4137
f 4186 6597 6608
f 6598 4138 4186
f 6599 7001 7002
f 6600 6588 6599
f 6601 6600 6611
f 6602 6590 6601
f 4187 6602 6613
f 6603 4139 4187
f 4188 6603 6614
f 6604 4140 4188
f 4189 6604 6615
f 6605 4141 4189
f 4190 6605 6616
f 6606 4182 4236
f 4237 6606 6617
f 6607 4183 4237
f 4238 6607 6618
f 6608 4185 4239
f 6610 7002 6936
f 6611 6599 6610
f 6612 6611 6621
f 6613 6601 6612
f 4242 6613 6623
f 6614 4187 4242
f 4243 6614 6624
f 6615 4188 4243
f 4244 6615 6625
f 6616 4189 4244
f 4245 6616 6626
f 6617 4236 4284
f 4285 6617 6627
f 6618 4237 4285
f 4286 6618 6628
f 4289 4241 4288
f 6620 6936 6937
f 6621 6610 6620
f 6622 6621 6630
f 6623 6612 6622
f 4290 6623 6632
f 6624 4242 4290
f 4291 6624 6633
f 6625 4243 4291
f 4292 6625 6634
f 6626 4244 4292
f 4293 6626 6635
f 6627 4284 4337
f 4338 6627 6636
f 6628 4285 4338
f 4339 6628 6637
f 6639 4289 7391
f 6630 6620 4341
f 6631 6630 6641
f 6632 6622 6631
f 4342 6632 6643
f 6633 4290 4342
f 4343 6633 6644
f 6634 4291 4343
f 4344 6634 6645
f 6635 4292 4344
f 6636 4337 4392
f 4393 6636 6647
f 6637 4338 4393
f 4394 6637 6648
f 6641 4341 6640
f 6642 6641 6651
f 6643 6631 6642
f 4397 6643 6653
f 6644 4342 4397
f 4398 6644 6654
f 6645 4343 4398
f 4399 6645 6655
f 6646 4344 4399
f 4400 6646 6656
f 6647 4392 4444
f 4445 6647 6657
f 6648 4393 4445
f 4446 6648 6658
f 4447 4395 4394
f 6650 6938 4449
f 6651 6640 6650
f 6652 6651 6662
f 6653 6642 6652
f 4450 6653 6664
f 6654 4397 4450
f 4451 6654 6665
f 6655 4398 4451
f 4452 6655 6666
f 6656 4399 4452
f 6657 4444 4492
f 4493 6657 6668
f 6658 4445 4493
f 4446 6658 6669
f 4494 7334 6670
f 6660 4448 4494
f 6662 6650 6661
f 6663 6662 6673
f 6664 6652 6663
f 4496 6664 6675
f 6665 4450 4496
f 4497 6665 6676
f 6666 4451 4497
f 4498 6666 6677
f 6667 4452 4498
f 6668 4492 4542
f 4543 6668 6678
f 6669 4493 4543
f 4544 6669 6679
f 6670 6659 7189
f 6671 4494 4545
f 6672 4495 4546
f 6673 6661 6672
f 6674 6673 6683
f 6675 6663 6674
f 4547 6675 6685
f 6676 4496 4547
f 4548 6676 6686
f 6677 4497 4548
f 4549 6677 6687
f 6667 4498 4549
f 4550 6667 6688
f 6678 4542 4594
f 4595 6678 6689
f 6679 4543 4595
f 4596 6679 6690
f 6680 7189 4597
f 4598 6680 7111
f 6682 4546 4599
f 6683 6672 6682
f 6684 6683 6693
f 6685 6674 6684
f 4600 6685 6695
f 6686 4547 4600
f 4601 6686 6696
f 6687 4548 4601
f 4602 6687 6697
f 6688 4549 4602
f 6939 6688 6698
f 6689 4594 7174
f 4645 6689 6699
f 6690 4595 4645
f 4646 6690 6700
f 4648 7111 6701
f 6691 4598 4648
f 6693 6682 6692
f 6694 6693 6703
f 6695 6684 6694
f 4649 6695 6705
f 6696 4600 4649
f 4650 6696 6706
f 6697 4601 4650
f 4651 6697 6707
f 6698 4602 4651
f 4652 6698 6708
f 6699 7174 4700
f 4701 6699 6709
f 6700 4645 4701
f 4702 6700 6710
f 4704 6701 7152
f 6702 4648 4704
f 7357 6692 7346
f 6703 6692 7357
f 6704 6703 6713
f 6705 6694 6704
f 4705 6705 6715
f 6706 4649 4705
f 4706 6706 6716
f 6707 4650 4706
f 4707 6707 6717
f 6708 4651 4707
f 4708 6708 6718
f 6709 4700 4752
f 4753 6709 6719
f 6710 4701 4753
f 4754 6710 6720
f 4755 4703 4702
f 6711 4704 4756
f 6713 7357 6712
f 6714 6713 6724
f 6715 6704 6714
f 4758 6715 6726
f 6716 4705 4758
f 4759 6716 6727
f 6717 4706 4759
f 4760 6717 6728
f 6718 4707 4760
f 4761 6718 6729
f 6719 4752 4807
f 4808 6719 6730
f 6720 4753 4808
f 4809 6720 6731
f 4810 7152 7112
f 6722 4756 4810
f 6723 4757 4811
f 6724 6712 6723
f 6725 6724 6733
f 6726 6714 6725
f 4812 6726 6735
f 6727 4758 4812
f 4813 6727 6736
f 6728 4759 4813
f 4814 6728 6737
f 6729 4760 4814
f 6730 4807 4861
f 4862 6730 6739
f 6731 4808 4862
f 4863 6731 6740
f 4864 7441 4863
f 7112 6721 7441
f 4865 7112 6741
f 6732 4811 4866
f 6733 6723 6732
f 6734 6733 6744
f 6735 6725 6734
f 4867 6735 6746
f 6736 4812 4867
f 4868 6736 6747
f 6737 4813 4868
f 4869 6737 6748
f 6738 4814 4869
f 4870 6738 6749
f 6739 4861 4908
f 4909 6739 6750
f 6740 4862 4909
f 4910 6740 6751
f 4911 4864 4910
f 6741 4864 6752
f 6742 4865 4912
f 6743 4866 4913
f 6744 6732 6743
f 6745 6744 6755
f 6746 6734 6745
f 4914 6746 6757
f 6747 4867 4914
f 4915 6747 6758
f 6748 4868 4915
f 4916 6748 6759
f 6749 4869 4916
f 4917 6749 6760
f 6750 4908 4963
f 4964 6750 6761
f 6751 4909 4964
f 4965 6751 6762
f 4966 4911 4965
f 6752 4911 6763
f 6754 4913 4968
f 6755 6743 6754
f 6756 6755 6766
f 6757 6745 6756
f 4969 6757 6768
f 6758 4914 4969
f 4970 6758 6769
f 6759 4915 4970
f 4971 6759 6770
f 6760 4916 4971
f 4972 6760 6771
f 6761 4963 5017
f 5018 6761 6772
f 6762 4964 5018
f 5019 6762 6773
f 5020 4966 5019
f 6763 4966 6774
f 6766 6754 6765
f 6767 6766 7290
f 6768 6756 6767
f 5023 6768 6778
f 6769 4969 5023
f 5024 6769 6779
f 6770 4970 5024
f 5025 6770 6780
f 6771 4971 5025
f 5026 6771 6781
f 6772 5017 5073
f 5074 6772 6782
f 6773 5018 5074
f 5075 6773 6783
f 5126 7123 5075
f 6774 5020 7123
f 6778 6767 6777
f 5078 6778 6788
f 6779 5023 5078
f 5079 6779 6789
f 6780 5024 5079
f 5080 6780 6790
f 6781 5025 5080
f 5081 6781 6791
f 6782 5073 5123
f 5124 6782 6792
f 6783 5074 5124
f 5125 6783 6793
f 5127 6784 6794
f 6788 6777 7291
f 5129 6788 6798
f 6789 5078 5129
f 5130 6789 6799
f 6790 5079 5130
f 5131 6790 6800
f 6791 5080 5131
f 6943 6791 6801
f 6792 5123 5176
f 6793 5124 5177
f 5178 6793 6802
f 5178 5126 5125
f 5180 6794 6803
f 6797 6787 6805
f 6798 7291 6797
f 5182 6798 6806
f 6799 5129 5182
f 5183 6799 6807
f 6800 5130 5183
f 5184 6800 6808
f 6801 5131 5184
f 5185 6801 6809
f 5227 6792 6810
f 6802 5177 5227
f 5228 6802 6811
f 5229 5179 5228
f 6803 5179 6812
f 5230 6803 6812
f 6804 5181 5232
f 6806 6797 7310
f 5233 6806 6816
f 6807 5182 5233
f 5234 6807 6817
f 6808 5183 5234
f 5235 6808 6818
f 6809 5184 5235
f 5236 6809 6819
f 6810 5176 5286
f 5287 6810 6820
f 6811 5227 5287
f 5288 6811 6821
f 5289 5229 5288
f 6822 5229 5289
f 6813 5232 5292
f 6814 6804 6813
f 6815 6814 6824
f 6816 7310 6815
f 5293 6816 6826
f 6817 5233 5293
f 5294 6817 6827
f 6818 5234 5294
f 5295 6818 6828
f 6819 5235 5295
f 5296 6819 6829
f 6820 5286 5337
f 5338 6820 6831
f 6821 5287 5338
f 5339 7356 6832
f 6822 5289 7265
f 5340 5290 7265
f 6834 5291 5290
f 6823 5292 5341
f 6824 6813 6823
f 6825 6824 6836
f 6826 6815 6825
f 5342 6826 6838
f 6827 5293 5342
f 5343 6827 6839
f 6828 5294 5343
f 5344 6828 6840
f 6829 5295 5344
f 5345 6829 6841
f 5387 5335 7243
f 6830 5336 5387
f 5388 6830 6844
f 6831 5337 5388
f 5389 6831 6845
f 6832 5338 5389
f 5339 6832 6846
f 5390 6833 6847
f 6835 5341 7143
f 6836 6823 6835
f 6837 6836 6849
f 6838 6825 6837
f 5392 6838 6851
f 6839 5342 5392
f 5393 6839 6852
f 6840 5343 5393
f 5394 6840 6853
f 6841 5344 5394
f 5395 6841 6854
f 5396 5345 5395
f 6842 5346 5396
f 6856 6842 6855
f 5397 5347 6856
f 5433 7243 6857
f 6844 5387 5433
f 5434 6844 6858
f 6845 5388 5434
f 5435 6845 6859
f 6846 5389 5435
f 5436 6846 6860
f 5438 6847 7363
f 6848 7143 7010
f 6849 6835 6848
f 6850 6849 6862
f 6851 6837 6850
f 5440 6851 6864
f 6852 5392 5440
f 5441 6852 6865
f 6853 5393 5441
f 5442 6853 6866
f 6854 5394 5442
f 5443 6854 6867
f 5397 6856 6868
f 5481 5432 6869
f 6857 7061 5481
f 5482 6857 6870
f 6858 5433 5482
f 5483 6858 6871
f 6859 5434 5483
f 5484 6859 6872
f 6860 5435 5484
f 5485 6860 6873
f 5486 5437 5485
f 6861 7010 7012
f 6862 6848 6861
f 6863 6862 6876
f 6864 6850 6863
f 5487 6864 6878
f 6865 5440 5487
f 5488 6865 6879
f 6866 5441 5488
f 5489 6866 6880
f 6867 5442 5489
f 5490 6867 6881
f 6882 5444 5490
f 6869 5431 5525
f 5527 6869 5526
f 6870 5481 5527
f 5528 6870 6884
f 6871 5482 5528
f 5529 6871 6885
f 6872 5483 5529
f 5530 6872 6886
f 6873 5484 5530
f 5531 6873 6887
f 5532 5486 5531
f 7039 7158 6888
f 6874 5438 7158
f 6875 7012 5533
f 6876 6861 6875
f 6877 6876 6891
f 6878 6863 6877
f 5534 6878 6893
f 6879 5487 5534
f 5535 6879 6894
f 6880 5488 5535
f 5536 6880 6895
f 6881 5489 5536
f 5537 6881 6896
f 6882 5490 5537
f 5538 6882 6897
f 5540 5493 7159
f 5576 5526 6899
f 6884 5527 5576
f 5577 6884 6900
f 6885 5528 5577
f 5578 6885 6901
f 6886 5529 5578
f 5579 6886 6902
f 6887 5530 5579
f 5580 6887 6903
f 5581 5532 5580
f 6888 5532 5581
f 5582 7039 6904
f 6890 6875 5533
f 6891 6875 6890
f 6892 6891 6905
f 6893 6877 6892
f 5584 6893 6906
f 6894 5534 5584
f 5585 6894 6907
f 6895 5535 5585
f 5586 6895 6908
f 6896 5536 5586
f 5587 6896 6909
f 6897 5537 5587
f 5588 6897 6910
f 6898 5538 5588
f 5646 5589 6911
f 5590 7159 5589
f 6899 5575 5621
f 5696 6899 5621
f 6900 5576 5622
f 5624 6900 5623
f 6901 5577 5624
f 6902 5578 5625
f 5627 6902 5626
f 6903 5579 5627
f 5629 6903 5628
f 6968 5581 6967
f 5630 6904 6968
f 5631 5583 5582
f 6905 6890 5633
f 5635 6905 5634
f 6906 6892 5635
f 5637 6906 5636
f 6907 5584 5637
f 5639 6907 5638
f 6908 5585 5639
f 5641 6908 5640
f 6909 5586 5641
f 5643 6909 5642
f 6910 5587 5643
f 5645 6910 5644
f 6911 5588 5645
f 6913 106 105
f 7166 7144 151
f 7063 6978 425
f 534 478 6978
f 748 749 7146
f 800 749 748
f 916 859 858
f 7183 910 6017
f 968 916 6983
f 1268 1220 1159
f 1286 1235 6066
f 1348 1292 6986
f 1384 1274 1330
f 1553 1503 6103
f 1746 1637 1636
f 1775 1720 6924
f 1889 7186 1829
f 2033 1976 1920
f 6925 2001 7101
f 6955 2273 2272
f 2469 2412 2354
f 2539 2482 2481
f 2545 2489 2488
f 2744 7325 6288
f 2907 2858 2857
f 7207 6329 2865
f 3033 2984 2935
f 3160 3103 3102
f 3239 3084 3083
f 3322 3270 3269
f 3338 3186 7329
f 3373 3322 3321
f 3446 3345 3344
f 3785 3676 6525
f 4122 4074 4013
f 4191 4142 4190
f 4230 4128 4176
f 4401 4345 7110
f 4362 4259 4258
f 7035 4401 4400
f 4576 4473 4472
f 6939 4603 7036
f 7244 4603 4652
f 4850 4796 4740
f 4973 6940 4972
f 5237 5132 5185
f 5277 5217 5166
f 5297 5237 5236
f 5317 5157 5101
f 5346 5297 5296
f 6945 5259 5368
f 6946 5367 5462
f 6947 5373 5467
f 6889 7012 6874
f 5554 5460 5459
f 33 7422 5835
f 7422 34 5834
f 61 5801 5802
f 61 5871 5801
f 73 74 5788
f 5691 5616 5690
f 6967 5629 5705
f 5631 5630 5708
f 5723 5645 5722
f 5647 5646 5724
f 53 6949 6972
f 6912 23 135
f 6914 111 150
f 211 7166 5888
f 7166 152 7165
f 199 141 198
f 156 6950 5899
f 259 5893 208
f 328 230 282
f 6917 6951 368
f 564 513 563
f 622 7129 7072
f 683 740 5968
f 683 7096 739
f 6920 691 5994
f 916 858 6983
f 968 6983 967
f 7128 1077 7019
f 1286 6066 6074
f 1336 1280 1335
f 1396 6074 1341
f 1348 6986 6087
f 1396 6954 1452
f 6921 7322 7185
f 1553 6103 6111
f 6922 1477 1574
f 1746 1636 1690
f 1721 1669 1720
f 6924 1719 1774
f 6924 1774 1829
f 1900 1839 1899
f 2036 1977 2035
f 2159 7025 2158
f 2214 2158 2213
f 2273 2213 2272
f 7102 2214 2273
f 2302 6927 2301
f 2265 7161 2317
f 2318 6956 2369
f 6221 2376 6955
f 2469 2354 2468
f 2545 2488 6256
f 6258 2529 2582
f 2634 2582 2633
f 2528 2633 2582
f 2635 2582 2634
f 2588 2587 2639
f 2753 7455 7450
f 2808 2874 2875
f 2907 2857 6323
f 6930 2860 2908
f 7207 2864 6327
f 6331 6931 2943
f 6959 2943 6931
f 2912 2869 2955
f 6354 6343 3007
f 3009 2961 3008
f 3034 2984 3033
f 3049 6933 7126
f 6367 6962 3005
f 6341 6962 3054
f 3094 3038 3093
f 6963 6366 3110
f 3157 3099 3156
f 3239 3083 3192
f 3270 7149 3269
f 3338 7329 3285
f 3322 3269 3321
f 3458 3407 3457
f 3472 3425 3471
f 3509 7138 3507
f 3522 3471 3521
f 3575 3521 3574
f 3614 3560 3613
f 3664 3614 3663
f 3677 3627 3676
f 3774 3722 3773
f 3728 3727 3779
f 3785 6525 3784
f 3827 6935 6539
f 3784 3783 3831
f 3880 3831 7162
f 7108 4032 6587
f 7286 6587 6598
f 4142 4093 4190
f 4182 4134 4181
f 6936 4241 4289
f 4294 4245 4293
f 6937 4289 6639
f 6938 6937 6639
f 4401 7110 4400
f 7035 4400 7033
f 7034 7035 4551
f 4468 4363 4515
f 4576 4472 4524
f 4551 7033 4550
f 7244 4652 4708
f 4718 4662 4717
f 4784 4520 4783
f 4816 4761 4815
f 4853 4797 4852
f 4918 4871 6940
f 6940 4917 4972
f 5027 4972 5026
f 4986 4886 5045
f 5082 5026 5081
f 5111 6942 5110
f 6943 5132 7190
f 5237 5185 5236
f 5317 5101 5264
f 5277 5166 5276
f 5297 5236 5296
f 5346 5296 5345
f 6843 5332 5386
f 5431 5386 5430
f 5331 5430 5386
f 5432 5386 5431
f 5541 5494 5540
f 5591 5540 5590
f 5554 5459 5605
f 5707 6968 5706
f 6911 5645 5723
f 7062 43 42
f 6969 55 54
f 6969 56 55
f 155 114 6971
f 5893 149 148
f 149 5894 6973
f 210 151 150
f 7041 259 258
f 5917 7369 7115
f 416 357 356
f 418 359 358
f 7016 362 7127
f 470 418 417
f 7063 425 424
f 526 470 469
f 740 684 5968
f 909 790 850
f 959 909 908
f 7047 959 958
f 1077 1022 1021
f 1121 1069 1068
f 1176 1121 1120
f 7048 1176 1175
f 1339 1284 1283
f 1341 6065 1285
f 1394 1339 1338
f 1450 1394 1393
f 1502 1450 1449
f 7020 1502 1501
f 1606 7184 7160
f 1661 1606 1605
f 1711 1659 1658
f 7049 1661 1660
f 1718 6132 1667
f 7021 1711 1710
f 1881 1820 1819
f 1934 1881 1880
f 1990 1934 1933
f 2047 1990 1989
f 2098 2047 2046
f 7025 6183 2054
f 7053 2098 2097
f 2206 7387 2151
f 2264 2204 2203
f 2265 2206 2205
f 2265 7068 7064
f 7026 2264 2263
f 7054 2424 2423
f 2586 2537 2536
f 7056 2586 2585
f 2810 7450 2752
f 2850 6307 6306
f 2858 2798 2797
f 6958 2801 2744
f 7207 6313 2864
f 6961 6975 2955
f 3005 2957 2956
f 6964 6961 3004
f 6976 3047 6360
f 6976 3048 3047
f 3262 3165 3214
f 3314 3262 3261
f 3567 3514 3513
f 3620 3567 3566
f 3622 6472 3568
f 3670 3620 3619
f 3726 3670 3669
f 3976 3928 3927
f 4032 3976 7151
f 4287 4239 4238
f 4340 4287 4286
f 4395 4340 4339
f 4597 7189 4544
f 4647 4597 4596
f 4703 4647 4646
f 5231 6966 5180
f 5291 5231 5230
f 6855 6842 5396
f 5439 5391 5390
f 5444 5396 5395
f 5491 6855 5444
f 6968 6904 5581
f 5647 5590 5589
f 110 42 7238
f 5879 6969 5878
f 149 7062 148
f 6970 7062 149
f 111 6970 6973
f 6950 6972 7266
f 5890 145 206
f 5893 148 208
f 210 150 209
f 6974 212 213
f 5896 153 213
f 5899 6950 5898
f 7192 5898 6950
f 259 208 258
f 7041 258 314
f 316 261 260
f 6951 267 319
f 357 314 356
f 6951 319 367
f 416 356 415
f 418 358 417
f 368 367 424
f 470 417 469
f 7063 424 477
f 468 467 524
f 526 469 573
f 5951 473 7045
f 534 7063 533
f 525 524 571
f 572 571 626
f 574 573 628
f 627 626 681
f 629 628 7096
f 691 636 690
f 682 681 737
f 5987 683 739
f 740 683 5987
f 738 737 789
f 6952 5987 5998
f 790 789 850
f 909 850 908
f 959 908 958
f 7047 958 1012
f 1014 960 1013
f 1069 1012 1068
f 6953 1014 6040
f 1077 1021 1076
f 1121 1068 1120
f 1176 1120 1175
f 7048 1175 1233
f 1284 1233 1283
f 7099 1240 1291
f 1339 1283 1338
f 1341 1285 1340
f 1394 1338 1393
f 1450 1393 1449
f 7322 1402 1458
f 1502 1449 1501
f 7185 1458 1508
f 7020 1501 1552
f 1604 1552 1603
f 1606 7160 1605
f 1559 1558 1612
f 1661 1605 1660
f 1711 1658 1710
f 7049 1660 1712
f 1719 6132 1718
f 7021 1710 1766
f 1820 1766 1819
f 1767 1712 1821
f 1881 1819 1880
f 1822 1821 1882
f 1829 1828 1889
f 1934 1880 1933
f 1883 1882 1935
f 1990 1933 1989
f 1936 1935 1991
f 1999 1942 1998
f 2047 1989 2046
f 1992 1991 7100
f 2098 2046 2097
f 2048 7100 2099
f 7025 2054 2105
f 7053 2097 2150
f 7387 2099 2151
f 2204 2150 2203
f 2206 2151 2205
f 2264 2203 2263
f 2265 2205 7161
f 7026 2263 2316
f 6956 7068 2317
f 2367 2316 2366
f 2376 2375 2431
f 7054 2423 2479
f 6928 2431 2487
f 2537 2479 2536
f 2586 2536 2585
f 7056 2585 2638
f 2798 7065 2797
f 2810 2752 2809
f 2850 6306 2849
f 2858 2797 2857
f 6958 2800 6930
f 6975 2912 2955
f 2958 2876 7177
f 2960 2878 2959
f 6344 6960 2995
f 2954 7370 3003
f 2955 2954 6961
f 3008 2959 6355
f 3002 3001 3047
f 6964 3004 6366
f 3054 6962 6368
f 6367 6368 6962
f 3108 6976 6374
f 3112 3053 7066
f 3118 7029 3117
f 3165 3164 3214
f 3262 3214 3261
f 3314 3261 3313
f 3418 3417 3463
f 3464 3463 3513
f 3567 3513 3566
f 3620 3566 3619
f 3622 3568 3621
f 3670 3619 3669
f 6965 3621 3671
f 3726 3669 3725
f 6965 3671 3727
f 6529 3728 3779
f 3825 3777 3824
f 3926 7213 3925
f 3928 3876 3927
f 3976 3927 7151
f 4030 3975 4029
f 4032 7151 4031
f 6587 4032 4031
f 4185 4137 4184
f 4287 4238 4286
f 4241 4240 4288
f 4340 4286 4339
f 4395 4339 4394
f 4447 4394 4446
f 7189 7163 4544
f 4597 4544 4596
f 4647 4596 4646
f 4703 4646 4702
f 4755 4702 4754
f 7470 4809 4863
f 4864 4863 4910
f 4911 4910 4965
f 4966 4965 5019
f 5020 5019 5075
f 5126 5075 5125
f 5179 5126 5178
f 6966 5127 5180
f 5179 5178 5228
f 5231 5180 5230
f 5229 5228 5288
f 5291 5230 5290
f 5289 5288 7356
f 6834 5290 5340
f 7153 7124 5339
f 5439 5390 5438
f 5444 5395 5443
f 6855 5396 5444
f 5437 5436 5485
f 6874 5439 5438
f 5491 5444 6882
f 5486 5485 5531
f 5532 5531 5580
f 6890 5533 5583
f 5621 5575 5574
f 5630 6968 5707
f 5631 5582 5630
f 5647 5589 5646
f 320 7069 270
f 6978 478 426
f 6980 437 436
f 596 6980 546
f 6981 518 566
f 623 567 7129
f 785 733 676
f 6984 817 873
f 1040 6984 981
f 1241 1184 6062
f 1263 6985 1215
f 6986 1292 7099
f 1613 1509 6987
f 1424 6988 1425
f 1693 6989 1583
f 1720 1668 1719
f 1911 1746 1690
f 7025 2055 6183
f 2222 7245 2113
f 2378 7302 7246
f 2432 2324 2376
f 2489 2432 6928
f 2568 2406 2514
f 2661 2607 2606
f 6288 6990 2640
f 6992 2760 2819
f 2968 2885 6992
f 3294 3142 3239
f 6996 3411 3459
f 3510 3460 7084
f 3576 3523 3522
f 3629 3576 3575
f 3665 3615 3561
f 6998 6997 6965
f 3729 6998 3728
f 3735 3678 3677
f 3806 3646 3754
f 3881 7410 3784
f 3934 3881 3880
f 3951 6999 3905
f 4066 3952 3853
f 4117 7000 4069
f 4192 4143 4142
f 6936 7002 4241
f 4259 4159 4209
f 7308 4106 4159
f 4363 7004 7032
f 7032 7004 7308
f 4527 7005 4426
f 4572 4317 4214
f 4731 4576 4524
f 6940 4871 7007
f 5036 7247 4926
f 4990 4367 4728
f 5187 5133 5083
f 7009 5238 5297
f 6842 7009 5346
f 5372 5211 5317
f 5456 5409 5408
f 6874 7010 5439
f 5575 5525 5524
f 5647 7013 5590
f 7013 5647 5725
f 5739 7014 5738
f 359 7015 316
f 320 270 7070
f 321 7069 320
f 369 6917 368
f 5931 5923 7042
f 416 7042 5923
f 473 7120 7016
f 7016 7045 473
f 513 6979 512
f 519 462 461
f 619 7292 566
f 623 7129 622
f 623 568 567
f 675 620 7292
f 677 622 621
f 785 676 784
f 6026 6018 7018
f 7075 917 968
f 981 6984 873
f 1062 1004 1061
f 6047 6039 1121
f 7019 1077 1076
f 1155 1101 6985
f 1215 6985 1100
f 1241 6062 7099
f 1155 6985 1264
f 1279 1278 1334
f 6986 1291 1347
f 1496 7298 1495
f 1547 1444 1496
f 6102 7461 1502
f 1496 1495 1545
f 1545 1546 1496
f 6110 6102 7020
f 1478 6988 1742
f 6988 1478 1425
f 6141 6134 7021
f 7023 7022 1767
f 6988 1424 1795
f 7024 7023 1822
f 1911 1690 1856
f 6155 6148 1881
f 7050 7024 1883
f 6925 7025 2159
f 2223 2114 2166
f 7102 2160 2214
f 7118 6209 7026
f 6955 7027 2273
f 2324 7027 6955
f 2489 6928 2488
f 6257 2490 7103
f 6262 6248 2586
f 7028 6263 6251
f 2568 2514 2618
f 2661 2606 2660
f 6990 2641 2640
f 6991 2649 7455
f 2861 6930 6326
f 2871 2870 2912
f 2871 2912 2956
f 2961 2915 2960
f 7029 6355 6354
f 3113 6367 3053
f 3222 7082 3221
f 6410 6397 3262
f 3294 3239 3345
f 3407 6994 3406
f 3412 3360 3309
f 3506 6996 3459
f 3510 7084 3509
f 3560 3507 3506
f 3562 3509 3508
f 3576 3522 3575
f 6495 7106 3620
f 3629 3575 3628
f 3665 3561 3664
f 6507 6495 3670
f 6997 3622 6965
f 6507 7059 7209
f 6998 6965 3728
f 3735 3677 3734
f 3774 3723 6504
f 3881 3784 3880
f 3806 3754 6999
f 3905 6999 3754
f 3919 3868 3918
f 3933 3880 7162
f 3934 3880 3933
f 3853 6999 3951
f 6568 6559 7030
f 4066 3853 4006
f 4009 3956 7000
f 7108 3977 4032
f 4069 7000 3955
f 4009 7000 4118
f 6597 6586 7031
f 4133 4132 4180
f 7002 7001 6609
f 4192 4142 4191
f 7002 6609 4241
f 4259 4209 4258
f 7003 4232 4279
f 4211 4210 7260
f 7110 4294 4293
f 4311 7004 4363
f 4362 7032 4259
f 4453 4401 7035
f 7032 4362 4514
f 4572 4214 4520
f 6939 7036 4551
f 4731 4524 4678
f 7006 4603 7244
f 6721 7037 4755
f 7006 7244 4762
f 7007 4871 7355
f 7007 4870 4917
f 5037 4927 4979
f 4993 4673 4992
f 7389 4973 5027
f 7008 5027 5082
f 6794 6784 7038
f 7123 7038 6784
f 7008 5082 7190
f 5081 7190 5082
f 6803 7038 5179
f 5187 5083 5186
f 4990 4728 5209
f 5238 5186 5237
f 5346 7009 5297
f 6847 6833 7153
f 5372 5317 5417
f 7363 6847 7125
f 5456 5408 5455
f 6883 6868 5491
f 7011 5445 5493
f 6967 5580 5629
f 7013 5591 5590
f 5895 5888 210
f 7040 5890 206
f 5913 5907 7041
f 5932 5924 418
f 5940 5931 7042
f 7043 5932 470
f 7017 5941 7044
f 7043 7044 5941
f 529 7045 5943
f 5968 7046 629
f 6015 6006 909
f 6025 6015 959
f 6032 6025 7047
f 6055 6047 1176
f 6064 6055 7048
f 6081 6073 1339
f 1340 1285 6073
f 6118 6111 1606
f 6126 6118 1661
f 6134 6125 1711
f 7022 6126 7049
f 6162 6155 1934
f 7051 7050 1936
f 6169 6162 1990
f 7052 7051 1992
f 6176 6169 2047
f 6177 7052 2048
f 6185 6176 2098
f 6193 6185 7053
f 7064 6194 2206
f 6209 6201 2264
f 6239 6231 7054
f 7055 6258 2635
f 6274 6262 7056
f 7323 6287 7057
f 6384 6374 6373
f 6410 7058 6423
f 6435 7058 7122
f 7106 6471 3567
f 3574 3521 6480
f 3774 6504 3722
f 6528 7059 7188
f 6629 6619 4287
f 4395 7336 6638
f 7111 6680 4597
f 7060 7111 4647
f 7037 6701 7060
f 6701 7037 7152
f 4815 4761 6729
f 7061 6843 5432
f 6868 6856 6855
f 113 49 112
f 153 5870 113
f 261 5895 210
f 5895 261 316
f 260 315 316
f 467 416 415
f 467 7042 416
f 5932 418 470
f 421 5943 7045
f 5943 421 5934
f 7016 421 7045
f 5940 468 525
f 526 7043 470
f 5957 525 572
f 574 526 573
f 7044 574 7046
f 574 7044 526
f 5967 572 627
f 5977 627 682
f 5968 629 683
f 5986 682 738
f 5997 738 790
f 6015 909 959
f 7097 6015 7121
f 7018 910 7183
f 7047 6025 959
f 7018 7183 1015
f 6047 1121 1176
f 1183 7019 1076
f 7048 6055 1176
f 1340 6073 6081
f 6087 6986 1347
f 6081 1339 1394
f 1340 7211 1341
f 7473 1450 1502
f 7020 6102 1502
f 6118 1606 1661
f 7049 6126 1661
f 7021 6134 1711
f 1767 7049 1712
f 7049 1767 7022
f 7023 1767 1822
f 7024 1822 1883
f 6155 1881 1934
f 7050 1883 1936
f 6162 1934 1990
f 7051 1936 1992
f 6169 1990 2047
f 7052 1992 2048
f 6176 2047 2098
f 7053 6185 2098
f 2265 7064 2206
f 7026 6209 2264
f 7026 2367 7118
f 7212 6249 2588
f 7056 6262 2586
f 7065 7057 2691
f 7057 7065 2798
f 6325 2908 2950
f 3002 6325 2950
f 6932 2951 6325
f 7066 6366 6963
f 6964 7066 3053
f 3113 3053 3112
f 6384 6373 3165
f 3314 6410 3262
f 3365 3314 3313
f 3365 7058 3314
f 7105 7122 3418
f 7187 7105 3464
f 3574 6480 6491
f 7106 3567 3620
f 6495 3620 3670
f 3726 6507 3670
f 3778 3726 3725
f 3778 7059 3726
f 6629 4287 4340
f 4447 7336 4395
f 7033 6656 6667
f 7111 4597 4647
f 4703 7060 4647
f 4755 7037 4703
f 7441 6721 7470
f 4815 6729 6738
f 6752 4864 4911
f 6763 4911 4966
f 6774 4966 5020
f 5179 7038 5126
f 6812 5179 5229
f 6822 6812 5229
f 7365 7125 5486
f 5490 5444 5443
f 6868 6855 5491
f 6888 7365 5532
f 6883 5491 5538
f 5493 5492 5539
f 7039 6888 6904
f 6889 7039 5582
f 255 6916 7358
f 425 369 368
f 6978 426 425
f 534 6978 7063
f 6982 583 7293
f 7128 1078 1077
f 1668 6923 7214
f 6924 1829 1890
f 2055 2000 1999
f 7027 7102 2273
f 2915 7452 7067
f 6995 3427 3426
f 7036 4603 4653
f 622 620 621
f 677 621 676
f 1184 7128 6062
f 1668 6132 1719
f 2055 1999 6183
f 2324 6955 2376
f 7067 7450 2810
f 7067 2810 2878
f 6995 3426 3472
f 3509 3507 3508
f 3562 3508 3561
f 7035 7033 4551
f 4551 7036 7034
f 4870 7007 4815
f 7190 5132 5083
f 153 7193 213
f 2318 6202 7068
f 7064 7068 6202
f 7212 7028 6250
f 6957 7212 2588
f 7029 3118 3057
f 7062 110 148
f 261 210 209
f 7063 477 533
f 7211 1340 1395
f 1396 1341 7211
f 7068 2265 2317
f 2318 7068 6956
f 3002 2950 3001
f 6932 6325 3002
f 6354 3007 3056
f 6366 7066 6964
f 3112 7066 3111
f 7029 6354 3117
f 3778 3725 3777
f 5437 7153 5339
f 7283 108 7248
f 251 202 201
f 7069 218 270
f 7069 219 218
f 371 321 320
f 7071 320 370
f 471 419 5932
f 7072 7129 520
f 693 639 6982
f 6985 1101 7197
f 1185 1080 1129
f 7076 1216 1102
f 1243 1185 7194
f 1265 7077 1264
f 7078 1279 1389
f 1390 7078 1389
f 1585 1487 1486
f 1662 1607 6118
f 1713 1662 6126
f 1763 1706 1705
f 1763 7079 1706
f 1891 1830 7080
f 7101 1944 1943
f 2159 2106 6925
f 2207 2152 6194
f 2236 97 1314
f 2411 2301 2300
f 2435 2379 2378
f 7103 2433 2489
f 2569 2515 2568
f 2764 2662 2661
f 2913 2872 2871
f 3009 2962 2961
f 7126 6932 3048
f 7082 3118 3172
f 3118 7082 3119
f 3211 3160 3159
f 3346 3240 3294
f 3374 3323 3271
f 7083 3294 3345
f 3427 3375 3374
f 7138 3413 3412
f 7084 3414 3413
f 3524 3428 6995
f 3494 3597 3446
f 3597 3543 3446
f 7086 3736 3735
f 3854 3755 3952
f 7000 3956 7202
f 7089 4070 3957
f 4089 6569 7108
f 4119 7090 4118
f 7091 4133 4234
f 4235 7091 4234
f 4428 4326 4325
f 4454 4403 7092
f 4593 4540 4539
f 4593 7093 4540
f 4653 4552 7036
f 7113 5029 7389
f 5084 5030 5029
f 5216 5110 5109
f 5240 5188 5187
f 5337 5286 5285
f 5373 5318 5372
f 5552 5457 5456
f 7094 5842 5843
f 7094 26 5842
f 252 202 7251
f 370 7070 369
f 7095 5926 7127
f 421 7127 5926
f 6979 404 455
f 471 5932 5941
f 7072 519 518
f 678 7073 677
f 693 6982 692
f 750 692 749
f 7074 859 916
f 7128 7098 1078
f 7076 1051 1155
f 1185 1129 7194
f 7194 1184 1241
f 1243 7194 1242
f 7076 1155 7077
f 1264 7077 1155
f 7078 1229 1279
f 1585 1486 1534
f 1598 1546 1597
f 1662 6118 6126
f 1713 6126 7022
f 7079 1707 1706
f 1763 1705 1815
f 7080 1775 1890
f 7080 1890 7249
f 2055 7101 2000
f 7100 7117 2099
f 2160 2106 2159
f 2207 6194 6202
f 2275 7102 2274
f 2282 2223 6926
f 2435 2378 2434
f 2236 1314 2510
f 2545 7103 2489
f 2569 2568 2674
f 2764 2661 2763
f 2838 2780 2837
f 2885 2760 6992
f 6324 7104 2859
f 2962 2916 2961
f 3010 2962 3009
f 3211 3159 3210
f 3271 3322 3373
f 6994 3303 3354
f 7138 3412 3411
f 3426 3374 3373
f 7138 6996 3507
f 3524 6995 3523
f 7085 3510 3562
f 3568 7106 3621
f 3628 3575 3574
f 3597 3494 3646
f 3679 3629 3678
f 7086 3735 3786
f 3788 7086 3787
f 3755 3705 7087
f 7088 3928 3976
f 7089 3908 4009
f 7089 4009 7090
f 4118 7090 4009
f 7091 4083 4133
f 4192 7109 4143
f 7109 4192 4247
f 4428 4325 4376
f 7110 6646 4400
f 7092 4402 4453
f 7092 4453 4499
f 7093 4541 4540
f 4593 4539 4642
f 4598 7111 4648
f 4810 7112 4865
f 5091 5037 6941
f 5240 5187 5239
f 5337 5285 6830
f 4991 4418 5659
f 5373 5372 5467
f 5552 5456 5551
f 203 204 7248
f 628 573 5957
f 739 7096 5977
f 791 739 5986
f 7121 1013 960
f 7154 1122 6047
f 1234 7154 6055
f 1935 1882 6155
f 1991 1935 6162
f 2151 2099 7117
f 7118 2317 7161
f 7264 2368 6223
f 2859 6311 2858
f 2950 7104 6324
f 2956 2913 2871
f 3671 3621 6495
f 3927 3876 7150
f 7108 7286 4089
f 4240 4186 6608
f 6638 7267 6629
f 4545 4494 6670
f 4967 4912 6752
f 5021 4967 6763
f 5076 5021 6774
f 5391 6834 5340
f 5492 5397 6868
f 5539 5492 6883
f 7115 5916 7095
f 5926 7095 5916
f 7127 362 7095
f 5935 7120 474
f 573 5940 5957
f 628 5957 5967
f 7096 5967 5977
f 739 5977 5986
f 791 5986 5997
f 7216 5997 6006
f 6007 7147 7097
f 960 7097 7121
f 1013 6025 6032
f 7154 6047 6055
f 1234 6055 6064
f 1395 6081 7473
f 6110 7020 1604
f 1712 6134 6141
f 1935 6155 6162
f 1991 6162 6169
f 7100 6169 6176
f 6185 7117 6176
f 7117 6185 6193
f 7264 6223 6231
f 6270 6257 6269
f 6435 7122 7105
f 3425 3372 6444
f 3515 7187 6471
f 3671 6495 6507
f 6528 7188 7119
f 7119 6549 7150
f 6568 7030 4030
f 6597 7031 4185
f 4240 6608 6619
f 7110 6635 6646
f 4545 6670 6680
f 4967 6752 6763
f 5021 6763 6774
f 7123 5020 5075
f 5076 6774 6784
f 5290 5230 6822
f 5339 7124 7356
f 5290 6822 7265
f 5391 5340 5390
f 7363 7125 7365
f 5492 6868 6883
f 5539 6883 6898
f 47 7165 48
f 6925 7101 2055
f 7148 2907 6323
f 7126 6933 6932
f 3049 7126 6361
f 3426 3373 7191
f 3628 3574 3627
f 3983 3933 3982
f 209 150 6973
f 7095 362 5917
f 154 153 5896
f 7016 7127 421
f 5951 7045 529
f 3006 2958 7177
f 7163 4447 4446
f 1184 7194 1129
f 2000 1943 7249
f 5083 7113 7008
f 5297 5238 5237
f 7046 7017 7044
f 7098 7128 1184
f 6257 7103 2545
f 3270 7180 7178
f 7087 3704 3806
f 3977 3976 4032
f 7125 7153 5437
f 2907 2859 2858
f 7122 7058 3365
f 7188 7059 3778
f 113 112 7193
f 7046 574 629
f 7121 6015 6025
f 6110 1604 7116
f 7118 2367 6223
f 7122 3365 3417
f 3425 6444 6455
f 7188 3778 3825
f 6568 4030 7107
f 6597 4185 6608
f 6659 4447 7163
f 6721 4755 7470
f 7125 5437 5486
f 7365 5486 5532
f 1999 2000 7186
f 7128 7019 6062
f 7087 3806 3853
f 5083 5132 5186
f 261 209 260
f 7115 214 5909
f 254 204 203
f 350 309 308
f 7129 567 520
f 630 575 7130
f 7146 692 638
f 801 7132 749
f 1272 1223 1222
f 2675 2570 2569
f 2780 2677 2722
f 7136 3068 3017
f 7179 7082 3172
f 3397 3295 3346
f 3679 3630 7388
f 4126 4077 4076
f 5468 5374 5373
f 7144 6914 151
f 254 203 253
f 344 6977 300
f 6977 301 300
f 429 371 428
f 7130 7017 7046
f 7130 7046 5968
f 7292 620 6981
f 6920 7146 638
f 7147 5987 791
f 7132 750 749
f 6007 5998 7147
f 967 6983 6023
f 1003 950 949
f 1264 6985 1263
f 1674 7133 1673
f 7134 1619 1730
f 1817 7079 1763
f 7135 2519 2572
f 2675 2569 2720
f 2780 2722 2779
f 3248 6993 3201
f 6993 3202 3201
f 7137 3211 3257
f 7149 6406 3269
f 3271 3323 3221
f 3397 3346 3447
f 6459 7256 3465
f 6996 3506 3507
f 3568 6471 7106
f 3680 3630 3679
f 3680 3679 3736
f 3867 3816 3815
f 6559 7150 3926
f 7151 6568 4031
f 4118 7000 4117
f 4505 7140 4504
f 7141 4459 4561
f 4644 7093 4593
f 4756 7152 4810
f 7142 5322 5376
f 7010 7143 5439
f 5445 5397 5492
f 5468 5373 6947
f 6056 6048 7154
f 6065 6056 1234
f 1605 7160 6110
f 6232 6224 7155
f 2639 2587 6262
f 6281 6270 6269
f 2691 2638 6273
f 6385 7156 3166
f 3372 3321 6431
f 4087 4029 6577
f 7334 4494 4448
f 6681 6671 4545
f 6742 7157 4865
f 6764 6753 4967
f 6775 6764 5021
f 6785 6775 5076
f 5590 5540 7159
f 7144 46 6914
f 359 316 315
f 6065 1234 1285
f 1559 6987 7185
f 1659 1604 1603
f 7155 2368 7264
f 7155 7264 2480
f 2639 6262 6274
f 6281 6269 2648
f 2691 6273 6286
f 2860 6311 2859
f 6336 7148 3000
f 7156 3108 3166
f 3215 3166 6384
f 7149 6393 6406
f 3372 6431 6444
f 7256 3419 3465
f 3933 7162 3982
f 7151 6559 6568
f 4087 6577 6585
f 4088 4030 4029
f 4239 4185 4184
f 7334 6659 6670
f 6681 4545 4598
f 7152 6721 7112
f 7157 4810 4865
f 4912 4865 6741
f 6764 4967 5021
f 6775 5021 5076
f 6785 5076 5127
f 5493 5445 5492
f 7159 5493 5539
f 7159 5539 5589
f 7166 7165 7144
f 748 7146 6920
f 6974 7193 152
f 7165 152 112
f 622 7072 620
f 7146 749 692
f 6973 5894 209
f 359 315 358
f 1559 1508 1558
f 1659 1603 1658
f 4088 4029 4087
f 4239 4184 4238
f 7163 4446 4544
f 7006 4709 4654
f 359 5914 7015
f 967 6023 1022
f 1817 1763 1816
f 3560 3506 3559
f 4644 4593 4643
f 7124 7153 6833
f 3567 6471 3514
f 3006 7177 6342
f 213 7193 6974
f 153 113 7193
f 1078 7098 1023
f 7104 2860 2859
f 3374 3271 3373
f 3678 3629 3628
f 3952 3755 7087
f 3678 3628 3677
f 7118 7161 6209
f 6006 5997 790
f 7147 7216 7097
f 7160 6102 6110
f 3215 6384 6397
f 7150 6549 3926
f 3982 6556 6565
f 6556 3982 7162
f 4912 6741 6752
f 6822 5230 6812
f 7165 112 48
f 3007 2958 3006
f 3052 3004 3003
f 7186 2000 7249
f 3418 7122 3417
f 3825 3778 3777
f 7144 7165 47
f 323 275 274
f 403 404 345
f 544 489 488
f 670 615 7196
f 841 781 780
f 1023 968 967
f 1480 1318 7373
f 2721 2619 2675
f 2758 2657 2656
f 3042 2994 2993
f 3225 3177 3176
f 3302 3303 3249
f 3384 7171 3332
f 3448 3347 3397
f 3539 3339 3390
f 3539 3390 3442
f 3554 3502 7200
f 3525 7388 3630
f 3717 3661 3660
f 7201 3680 7217
f 3737 3681 3680
f 3985 3936 3935
f 4599 4546 6681
f 5022 4968 6764
f 5128 5077 6785
f 5509 5418 5468
f 7175 5542 5591
f 5564 5563 5679
f 7176 41 40
f 110 5876 5887
f 7167 193 245
f 5924 5914 359
f 590 647 544
f 491 490 7252
f 670 7196 669
f 731 7164 730
f 732 621 675
f 841 780 840
f 1060 1002 1059
f 1395 1340 6081
f 1428 1318 1480
f 1724 7435 1723
f 7169 1817 1877
f 2069 1907 1960
f 2534 7081 2477
f 2721 2675 2777
f 2800 2799 2860
f 6398 6385 3215
f 3221 7179 3271
f 7180 3270 3322
f 3448 3397 3495
f 3554 7200 3553
f 3681 3630 3680
f 3705 3598 3597
f 3717 3660 3716
f 3737 3680 7201
f 3706 3647 3755
f 3917 3866 3916
f 3985 3935 4038
f 6586 7107 4088
f 6609 6598 4186
f 4552 4499 7034
f 7173 4500 4554
f 4599 6681 6691
f 7174 4644 4699
f 5022 6764 6775
f 5128 6785 6966
f 6833 7265 7124
f 5509 5468 5561
f 5825 40 41
f 5564 5679 5680
f 6074 6066 6065
f 6125 7116 1659
f 6619 6608 4239
f 6753 6742 4912
f 7176 40 5875
f 148 110 5887
f 154 6971 5870
f 5924 359 418
f 7097 6006 6015
f 7183 6016 961
f 6074 6065 1341
f 7184 6095 7215
f 1458 7185 7322
f 6125 1659 1711
f 2700 6281 6295
f 6341 7182 2957
f 6398 3215 3263
f 7213 3825 3824
f 7119 7188 6549
f 3925 7213 6548
f 6586 4088 7031
f 4138 6586 6597
f 6609 4186 4240
f 6619 4239 4287
f 6753 4912 4967
f 7265 5289 7124
f 5589 6898 6911
f 1613 7459 1509
f 7186 1890 1829
f 7191 3373 3321
f 6943 7190 5081
f 732 675 731
f 6921 7185 6987
f 2800 2860 6930
f 3372 7191 3321
f 3425 7191 3372
f 7183 6017 6016
f 1999 7186 1942
f 153 154 5870
f 5893 5894 149
f 1942 7186 1889
f 7031 4088 4087
f 6985 7197 1100
f 7000 7202 3955
f 7036 4552 7034
f 7057 2692 2691
f 7105 3418 3464
f 7188 3825 6549
f 6549 3825 7213
f 7189 6659 7163
f 5437 5339 5436
f 3171 3270 7178
f 3171 7149 3270
f 3882 3832 3881
f 3934 3882 3881
f 7072 518 6981
f 2534 2477 6246
f 5340 7265 6833
f 7031 4087 4137
f 1078 1023 967
f 7180 7179 7178
f 1077 1078 1022
f 3736 3679 3678
f 1318 7253 1259
f 3736 3678 3735
f 3854 7172 3755
f 1559 7185 1508
f 3925 6548 6558
f 4186 4138 6597
f 7193 112 152
f 1613 6987 1559
f 7177 2914 6342
f 6366 3004 3052
f 3271 7179 7180
f 262 211 5888
f 308 7195 307
f 419 360 5924
f 604 5 7311
f 782 731 730
f 783 732 731
f 900 842 841
f 7197 940 992
f 1342 1286 6074
f 2278 2219 2165
f 2778 2676 2721
f 3264 3216 6398
f 3496 3398 3448
f 3769 3718 3717
f 7217 3736 7086
f 7202 7317 3856
f 7233 4553 4552
f 4968 4913 6753
f 5087 5033 4978
f 5562 5469 5509
f 7237 5566 5683
f 262 5888 5895
f 209 7205 260
f 309 7358 308
f 382 281 280
f 7206 6977 344
f 419 5924 5932
f 562 511 561
f 604 4 711
f 782 730 781
f 783 731 782
f 784 676 732
f 900 841 899
f 993 7197 1101
f 7197 993 940
f 1097 989 1152
f 1342 6074 1396
f 1382 1329 1381
f 1470 1361 1469
f 1590 1538 7198
f 1645 7198 1644
f 7214 1612 6132
f 2177 1686 2074
f 2278 2165 2218
f 2778 2721 2836
f 7207 6327 6328
f 3264 6398 6411
f 7208 6993 3248
f 3456 3405 3455
f 3496 3448 3545
f 3682 3631 3681
f 3769 3717 3768
f 3857 7202 3956
f 7202 3857 7317
f 3936 3883 3882
f 4228 4175 4227
f 4306 4204 4305
f 4433 4380 7203
f 4481 7203 4480
f 7233 4552 4653
f 4968 6753 6764
f 5087 4978 5032
f 5562 5509 5610
f 7205 5894 259
f 2584 2535 2534
f 7209 3671 6507
f 4288 4240 6619
f 6776 6765 5022
f 6795 7321 5128
f 7250 6913 143
f 7210 154 5896
f 260 7205 5907
f 6954 7211 1451
f 2424 2367 2366
f 2584 2534 6260
f 2640 7212 6957
f 2693 6274 6287
f 3419 6435 7105
f 4288 6619 6629
f 6776 5022 5077
f 6795 5128 5181
f 784 732 783
f 7062 42 110
f 154 7210 155
f 2424 2366 2423
f 6957 2588 2639
f 6961 2954 3004
f 7030 3926 3925
f 202 7250 143
f 5895 316 7015
f 1890 1775 6924
f 7214 6132 1668
f 1395 1451 7211
f 2274 7102 7027
f 3419 7105 3465
f 7216 791 5997
f 7030 3925 3975
f 3936 3882 3935
f 7216 7147 791
f 7215 1451 7461
f 7098 1079 1023
f 7217 3680 3736
f 7195 205 254
f 307 7195 254
f 544 488 590
f 7201 7217 3788
f 5826 6948 5869
f 155 7266 114
f 2693 6957 2639
f 40 5826 5869
f 3003 7370 6340
f 3003 6340 6352
f 6258 7055 7333
f 6843 7061 7335
f 7219 262 7015
f 880 441 7221
f 7222 936 1048
f 7223 1360 1412
f 1440 1383 1382
f 1468 7223 1412
f 1521 7223 1468
f 2074 1686 1632
f 2176 1851 1962
f 7224 2228 2170
f 7225 1963 2177
f 7246 2274 7027
f 7225 2177 2453
f 3148 2986 3035
f 7227 3123 3122
f 3204 3096 3153
f 3600 3546 3496
f 3631 3527 7230
f 7259 7285 7231
f 3986 3884 3936
f 7232 4203 4254
f 4276 4229 4228
f 4304 7232 4254
f 4357 7232 4304
f 7233 4604 4554
f 7234 5042 4983
f 7237 5515 5514
f 41 7238 5824
f 7218 103 141
f 491 381 7295
f 516 458 515
f 7221 5 604
f 7239 562 615
f 726 7220 7239
f 7221 604 1095
f 1440 1382 1439
f 2074 1632 2020
f 2176 1962 2234
f 2456 7366 7328
f 2577 7226 2576
f 2629 2578 2628
f 3017 2968 2921
f 2831 2772 3080
f 3148 3035 3147
f 3342 7228 3492
f 7240 3456 3502
f 3608 7229 7240
f 3648 7331 3706
f 7231 3855 7259
f 3986 3936 3985
f 4276 4228 4275
f 4992 4622 4991
f 6805 6796 6795
f 5264 7235 5316
f 5381 7236 5380
f 5428 5382 5427
f 5516 5515 7237
f 7237 5613 5516
f 5908 212 262
f 6231 6223 2424
f 6261 6247 2584
f 6765 6754 4968
f 252 144 7250
f 7192 155 7210
f 6134 1660 6125
f 6231 2424 7054
f 6261 2584 2637
f 3053 7242 6964
f 7256 6436 3419
f 6587 4031 4138
f 7267 4289 4288
f 6765 4968 5022
f 6786 7320 7321
f 6805 6795 6804
f 6964 7242 6961
f 7244 4708 4761
f 7246 7302 2274
f 2166 7245 2222
f 2378 7246 2377
f 4979 7247 5036
f 1396 7211 6954
f 7248 107 144
f 7249 1890 7186
f 203 7248 144
f 204 7283 7248
f 7215 6102 7160
f 3442 7371 3441
f 5897 7192 7210
f 155 6971 154
f 1184 1129 7098
f 7249 1943 7080
f 7230 3630 3681
f 7253 7222 1259
f 7172 3706 3755
f 7222 1152 989
f 7228 2831 3080
f 7231 3648 3706
f 6598 6587 4138
f 2636 2583 7241
f 5433 5387 7243
f 7250 106 6913
f 303 201 250
f 305 7251 251
f 7251 253 252
f 592 7252 591
f 593 434 491
f 725 7239 670
f 936 765 883
f 7253 1212 1152
f 1325 1377 1267
f 1377 1326 1268
f 2523 7255 2467
f 3607 7240 3554
f 7257 7361 3395
f 3987 3937 3986
f 4171 4223 4121
f 4223 4172 4122
f 4364 7260 4311
f 7261 4060 4059
f 5077 5022 6775
f 5326 7263 5275
f 593 7252 592
f 441 5 7221
f 607 606 714
f 765 714 883
f 827 765 936
f 1260 7253 1318
f 1493 1441 1440
f 2006 7254 7271
f 2195 2140 2253
f 2403 2176 2452
f 7255 2523 2577
f 2524 7255 2578
f 2929 2511 2831
f 2991 2905 2941
f 3017 3016 3067
f 3224 7227 3274
f 3539 3442 3591
f 3601 3547 3600
f 3601 3600 3649
f 3702 7257 3701
f 7257 3702 7258
f 3987 3986 4040
f 4295 4248 4247
f 4332 4277 4276
f 4260 7260 4364
f 4823 7262 7281
f 7261 4418 4991
f 5011 4955 5065
f 5226 5225 5284
f 7263 5326 5381
f 5327 7263 5382
f 5613 5567 5516
f 5613 5685 5686
f 162 115 5883
f 7250 144 7423
f 2638 2585 6261
f 7320 6766 6765
f 6787 6777 6786
f 162 5883 5889
f 7264 6231 6239
f 2638 6261 6273
f 6412 6399 3264
f 4138 4031 6586
f 7320 6765 6776
f 6787 6786 6796
f 582 6919 534
f 582 534 5964
f 7286 7108 6587
f 2743 7326 7294
f 6950 7266 7192
f 7260 7004 4311
f 5285 5226 5284
f 7251 202 251
f 7267 4288 6629
f 6785 5077 6775
f 7252 490 591
f 7192 7266 155
f 7072 6981 620
f 7253 1152 7222
f 724 725 670
f 3606 3607 3554
f 7266 6972 114
f 7230 3527 3526
f 765 607 714
f 2254 2195 2253
f 5066 5011 5065
f 6412 3264 3316
f 594 492 593
f 7268 500 606
f 7293 582 7464
f 659 7268 607
f 7296 726 725
f 7269 1389 1388
f 1389 7269 1390
f 1512 1407 1406
f 1541 7270 1540
f 2178 1964 1633
f 2614 2291 7225
f 2844 7275 2788
f 7277 3488 3539
f 7305 3608 3607
f 7307 3649 7285
f 7278 4235 4234
f 7279 4282 7278
f 4383 7280 4382
f 5316 7235 5263
f 7282 5263 5210
f 5866 7311 5865
f 4 7311 5866
f 7283 36 108
f 501 500 7268
f 594 593 649
f 7296 725 777
f 1445 7269 1444
f 1512 1406 1460
f 7270 1439 1540
f 1542 7270 1541
f 7271 2005 2059
f 2196 2141 2195
f 2513 7272 2616
f 7273 2403 2669
f 7274 2734 2789
f 7275 2733 2788
f 6426 6413 6412
f 3409 7471 7315
f 3599 3545 3648
f 7305 3607 3657
f 7285 7259 7307
f 4089 7286 6588
f 7287 4246 4294
f 7287 4345 4346
f 4345 7287 4294
f 7280 4275 4382
f 4384 7280 4383
f 7281 4822 4875
f 5012 4956 5011
f 5286 5176 5226
f 5865 7311 6
f 217 163 7288
f 7284 7288 163
f 6777 6767 7290
f 7321 6776 5077
f 6798 6788 7291
f 7283 5872 37
f 7288 162 216
f 5896 213 7289
f 6426 6412 6425
f 7290 6766 7320
f 7290 7320 6786
f 7321 5077 5128
f 7291 6777 6787
f 7291 6787 6797
f 7310 6797 6805
f 2178 1633 1963
f 2743 2742 2799
f 2743 2800 7326
f 2800 2743 2799
f 7292 6981 566
f 675 7292 7164
f 2692 7056 2638
f 7293 583 6919
f 6982 7293 638
f 2692 2638 2691
f 2275 2161 2160
f 7102 2275 2160
f 7164 7292 619
f 1378 1490 1437
f 4224 4329 4273
f 2248 2135 7199
f 5060 4950 7204
f 604 7311 4
f 1152 1212 1097
f 2614 7225 2511
f 1378 1437 1379
f 7230 3681 3631
f 4224 4273 4225
f 2743 7294 2742
f 7285 3599 3648
f 317 5908 5915
f 7294 2693 2742
f 7310 6805 6814
f 7312 545 594
f 1087 978 1036
f 7298 7269 1388
f 7299 1512 1511
f 2142 2039 2090
f 2274 2276 2275
f 7301 2179 2178
f 7301 2178 2291
f 2641 7028 7212
f 7304 2670 2669
f 7316 3505 3409
f 3942 3842 3893
f 4059 7306 3699
f 4957 4856 4903
f 5446 5400 5399
f 5465 5315 5262
f 317 5916 5909
f 490 7295 489
f 7312 594 704
f 778 7296 837
f 1087 1036 1141
f 2005 7300 2004
f 2142 2090 2141
f 2343 7301 2454
f 2455 2343 2615
f 2650 2597 6991
f 2773 7303 2895
f 3644 3137 7306
f 3658 7305 3713
f 3707 3649 7307
f 7307 3856 7317
f 3942 3893 3996
f 4822 7309 4821
f 4957 4903 4956
f 6816 6806 7310
f 5446 5399 7011
f 6796 6786 7321
f 6796 7321 6795
f 5885 205 6916
f 2640 2641 7212
f 7308 7004 4210
f 6287 6274 2692
f 6287 2692 7057
f 7199 2135 7380
f 7204 4950 7381
f 7199 7380 2189
f 7204 7381 5005
f 3599 3496 3545
f 6786 6777 7290
f 7326 6288 7294
f 7303 2455 2615
f 7311 5 6
f 2640 6957 7294
f 2640 7294 6288
f 2883 2921 2884
f 3504 7316 3458
f 3707 3708 3650
f 3756 3708 3707
f 4417 4110 4213
f 7319 5447 5400
f 5546 7433 5499
f 713 444 657
f 705 7312 760
f 7313 1087 1197
f 2512 2237 2455
f 7314 2548 2596
f 7315 3408 7316
f 3458 7316 3408
f 7318 3942 4049
f 4191 4190 6616
f 4417 4213 4519
f 5446 7319 5400
f 7319 5446 5495
f 4245 4191 6616
f 6638 6629 4340
f 7324 6414 6426
f 6787 6796 6805
f 4816 4762 7244
f 4816 7244 4761
f 6958 2744 7326
f 4395 6638 4340
f 7320 6776 7321
f 1538 1437 1490
f 4380 4273 4329
f 5909 7289 317
f 7324 6426 6438
f 3600 3496 3599
f 1000 946 894
f 2968 6992 2884
f 3850 7465 3642
f 3864 3812 3763
f 4571 4315 4417
f 1000 894 999
f 7322 6087 1402
f 2531 2418 2530
f 6299 7325 2744
f 2817 2707 2815
f 2903 2843 2902
f 2968 2884 2921
f 7330 3073 3185
f 7285 3648 7231
f 3864 3763 3863
f 3850 3642 3901
f 4571 4417 4727
f 5334 5223 5333
f 6440 6427 7324
f 5908 7289 212
f 6289 6990 7325
f 2799 7323 6311
f 7325 6990 6288
f 7326 2800 6958
f 7322 1403 6087
f 4246 4192 4191
f 3472 3426 7191
f 3472 7191 3425
f 2742 2693 6287
f 7289 213 212
f 317 7289 5908
f 1377 1436 7349
f 4223 4272 7350
f 1436 7351 7349
f 4272 7352 7350
f 1537 7351 1489
f 4379 7352 4328
f 5885 6916 6915
f 2292 7328 7338
f 3545 3448 3495
f 3545 3495 7331
f 7331 3648 3545
f 7323 2742 6287
f 2181 2126 7170
f 7340 947 1000
f 7327 2061 2060
f 2513 7328 7272
f 3523 6995 3472
f 3706 7331 3647
f 7344 3813 3864
f 4246 4247 4192
f 4728 4316 4571
f 7332 4877 4876
f 5336 5284 5283
f 394 6 5
f 441 394 5
f 7340 1000 1057
f 1529 7341 7400
f 1744 1688 1854
f 7342 1854 1688
f 2325 2216 2276
f 7272 7328 2292
f 2421 2420 2476
f 2532 7333 7241
f 3285 7330 3337
f 7330 3285 7329
f 3523 3472 3522
f 7331 3544 3647
f 7344 3864 3914
f 4371 4318 4471
f 4574 4522 4676
f 7347 4676 4522
f 4728 4571 4939
f 5336 5283 5335
f 5335 7335 7243
f 5864 6 394
f 4448 4396 7336
f 255 7362 6916
f 2477 2421 2476
f 6659 7336 4447
f 7336 6659 7334
f 7241 7333 7055
f 7243 7335 7061
f 6258 7333 2531
f 6843 7335 5334
f 4396 7267 6638
f 1436 1325 1488
f 4272 4171 4327
f 1538 1490 1537
f 4380 4329 4379
f 2292 2238 2405
f 322 7372 222
f 7272 2292 2405
f 1489 1436 1488
f 4328 4272 4327
f 7337 2024 2125
f 2292 7338 7337
f 1688 1529 1635
f 3073 3072 3185
f 4522 4371 4471
f 2514 7366 2456
f 214 5896 7289
f 7336 4396 6638
f 5909 214 7289
f 7328 7366 7338
f 7170 7338 7366
f 7339 442 7447
f 1108 1001 7340
f 7341 1370 1479
f 1579 7341 1529
f 1965 7342 1910
f 7226 2523 7343
f 7343 2465 7226
f 2533 2476 2475
f 3490 3234 3340
f 3576 3524 3523
f 3963 3865 7344
f 7345 4216 4318
f 4422 7345 4371
f 7424 7357 7346
f 4785 7347 4730
f 7236 5326 7348
f 7348 5273 7236
f 7339 394 655
f 7373 1370 7341
f 7342 1743 1910
f 2215 2162 2161
f 7343 7384 2465
f 2533 2475 2532
f 3133 3021 3073
f 3309 3255 3254
f 3490 3340 3541
f 4263 4216 7345
f 7347 4573 4730
f 7348 7385 5273
f 6649 6639 7391
f 6649 4396 4448
f 7358 309 255
f 2275 2215 2161
f 5863 7447 5862
f 1326 7349 1378
f 4172 7350 4224
f 1377 7349 1326
f 4223 7350 4172
f 1490 1378 7351
f 7349 7351 1378
f 4329 4224 7352
f 7350 7352 4224
f 7351 1436 1489
f 7352 4272 4328
f 2466 7401 7404
f 5274 7403 7406
f 2523 2466 7343
f 2704 2651 2598
f 3186 3074 3133
f 3254 3255 7394
f 7353 7469 3490
f 5326 5274 7348
f 5658 3699 5657
f 7401 2467 2468
f 2704 2598 2650
f 3186 3133 7329
f 3254 7394 3308
f 3395 3190 3342
f 4060 3644 4059
f 7355 4762 4816
f 7403 5275 5276
f 7356 5288 6821
f 7356 6821 6832
f 7124 5289 7356
f 7355 4871 4763
f 2162 2107 7395
f 7358 205 7195
f 7358 6916 205
f 4040 3986 3985
f 4040 3985 4096
f 5897 7210 214
f 2514 2345 7366
f 5864 394 7339
f 255 309 310
f 7115 5897 214
f 256 7362 255
f 1226 1112 1167
f 7359 2704 2703
f 7359 2652 2704
f 2940 2904 2903
f 2941 2844 2904
f 3286 3134 3186
f 4080 3967 4021
f 4369 4061 4060
f 1112 1111 1167
f 7360 1132 1188
f 1168 1112 1226
f 2756 7359 2755
f 2817 2815 2816
f 2941 2904 2940
f 3286 3186 3338
f 7361 7368 3395
f 3967 3966 4021
f 4098 3987 4040
f 4022 3967 4080
f 4098 4040 4097
f 4369 7261 4622
f 206 5886 7362
f 5438 7363 7158
f 7361 3237 7368
f 7366 2345 7170
f 2989 2940 2903
f 7362 5886 6916
f 7354 1 5657
f 222 168 167
f 222 167 221
f 2707 2654 2706
f 3190 3139 3342
f 1562 1513 1512
f 7367 2706 2757
f 2881 7367 2814
f 7368 3237 3026
f 3525 3473 3524
f 3576 7388 3524
f 4038 3984 4037
f 7376 4041 4098
f 4146 7376 4098
f 2814 7367 2757
f 7370 2866 6329
f 7374 2941 2940
f 7368 2976 3190
f 4419 4061 4369
f 4918 4919 4817
f 4094 4037 4036
f 4918 4817 4871
f 5898 7192 5897
f 3390 3232 3286
f 3390 7371 3442
f 7371 3390 3286
f 7371 3286 3338
f 2248 7199 2247
f 5060 7204 5059
f 7299 1562 1512
f 4106 7308 4210
f 2292 7337 2125
f 7374 2940 2990
f 274 7372 322
f 4094 4036 4093
f 7369 5898 5897
f 3395 7368 3190
f 1254 1092 1147
f 7373 1259 1370
f 7383 1514 1562
f 2708 2655 2707
f 2960 2915 7067
f 7374 3094 3039
f 4106 4002 4054
f 4520 4214 7377
f 5028 4974 4918
f 5653 5552 5551
f 1254 1147 1313
f 7378 1272 1329
f 1383 7378 1382
f 7383 1562 7399
f 4148 7376 4147
f 4106 4054 4159
f 7379 4126 4175
f 4229 7379 4228
f 7377 4111 4419
f 7377 4419 4729
f 5653 5551 7114
f 2960 7067 2878
f 7390 5899 5898
f 4143 4095 4094
f 4143 4094 4142
f 6194 6186 7387
f 3525 3630 7230
f 7373 1318 1259
f 7380 2084 2083
f 7381 4897 4896
f 2082 7380 2083
f 7380 2082 2189
f 4895 7381 4896
f 7381 4895 5005
f 7170 2126 7337
f 2817 2708 2707
f 7170 7337 7338
f 1367 1204 1254
f 1367 1254 1419
f 1617 7383 1670
f 3985 4038 4039
f 7392 4095 4143
f 4147 4146 4196
f 4214 3903 4111
f 7389 5027 7008
f 7386 5453 5548
f 7393 263 7390
f 7387 6177 2099
f 7391 4289 7267
f 3679 7388 3629
f 7109 7392 4143
f 7389 5029 5028
f 3629 7388 3576
f 7389 7008 7113
f 7145 7393 7390
f 4396 7391 7267
f 2216 2215 2276
f 7384 2466 2353
f 7385 5274 5165
f 6649 7391 4396
f 4815 7007 7355
f 2162 7395 2161
f 7388 3525 3524
f 7390 7369 7145
f 5210 5100 5050
f 5263 5100 5210
f 3151 3092 3091
f 4144 4096 7392
f 4146 4098 4097
f 5304 5244 5303
f 5352 5304 5303
f 5598 5651 5599
f 5598 5597 5732
f 5733 5598 5732
f 202 143 201
f 7426 1367 1527
f 1670 7399 7168
f 2277 2163 2216
f 7419 2306 2305
f 2959 6343 6355
f 3151 3091 3150
f 4146 4097 4145
f 4763 4762 7355
f 7421 5115 5114
f 5353 5304 5352
f 2959 2878 6330
f 5918 7393 364
f 6343 2959 6330
f 3008 2961 2960
f 1479 1370 1317
f 3207 7394 3208
f 7394 3209 3208
f 7394 3207 3308
f 2001 7395 2002
f 7395 2001 2106
f 6194 7387 2206
f 2959 3008 2960
f 4997 4941 7405
f 306 7396 307
f 7396 308 307
f 7398 1574 1477
f 7299 7399 1562
f 1635 7400 1578
f 2014 1848 1907
f 2467 7401 2466
f 2496 2439 2495
f 2550 2496 2495
f 3058 7402 3057
f 3202 3093 3151
f 4940 4785 4888
f 5275 7403 5274
f 7396 306 409
f 7400 1427 1578
f 7399 7299 1616
f 2014 1907 2070
f 2551 2496 2550
f 7402 6355 3057
f 3009 7402 3058
f 3202 3151 3201
f 4940 4888 5050
f 5050 5100 4940
f 5101 7405 7235
f 1529 7400 1635
f 4449 6938 6639
f 4449 6639 6649
f 6177 2048 2099
f 4941 4841 7405
f 7412 7405 4841
f 7407 7418 274
f 7408 2100 2049
f 2123 1961 2014
f 7409 3152 3202
f 3249 3203 7409
f 7410 3734 3785
f 4095 4039 4038
f 7411 4449 6660
f 5617 5521 5571
f 7407 7413 7418
f 1273 1223 1272
f 7408 7052 6177
f 7408 6177 6186
f 2123 2014 2175
f 7404 2305 7429
f 7409 3202 6993
f 7392 4039 4095
f 4127 4077 4126
f 7406 5114 7430
f 7412 5100 5263
f 5617 5571 5616
f 7411 6650 4449
f 6661 7411 4495
f 7378 1273 1272
f 7379 4127 4126
f 4997 7405 5101
f 7407 322 7397
f 7405 7412 7235
f 7407 7397 374
f 5100 7412 4940
f 4841 4940 7412
f 1274 1224 7414
f 7415 2071 2123
f 4128 4078 7416
f 7417 4676 4785
f 4941 7417 4841
f 6913 105 142
f 485 7413 484
f 7414 1165 1273
f 7414 1273 1330
f 7416 4019 4127
f 7416 4127 4176
f 7417 4786 4676
f 7178 3116 3171
f 4211 4055 4107
f 5416 5264 5316
f 5416 5316 5466
f 4210 4211 4107
f 143 6913 142
f 4815 7355 4816
f 7418 323 274
f 375 323 7418
f 7418 7413 375
f 4260 4108 4211
f 4260 4211 7260
f 7422 5834 5835
f 4871 4817 4763
f 7419 2305 7404
f 2816 2882 2817
f 4365 4212 7420
f 7421 5114 7406
f 7422 33 105
f 107 7423 144
f 3968 3919 3918
f 7420 4108 4260
f 4365 7420 4415
f 4364 4415 7420
f 7423 34 106
f 6712 7424 4757
f 7250 7423 106
f 3967 3968 3918
f 5559 7364 5417
f 5416 5559 5417
f 2881 7425 7367
f 2919 7425 2881
f 4516 4364 4311
f 1113 1062 1061
f 1477 1256 1255
f 7425 2815 7367
f 3083 2978 3141
f 3345 3192 3344
f 4516 4311 4468
f 5599 5500 7433
f 2466 7404 2353
f 5274 7406 5165
f 1112 1113 1061
f 5546 5597 7433
f 3192 3083 3141
f 7426 1477 1255
f 2975 2 1
f 7427 2931 2978
f 3084 7427 3083
f 7474 4415 4516
f 7474 4516 4619
f 5384 7428 5329
f 7440 7428 5384
f 2633 2581 2632
f 2979 2931 7427
f 7033 6667 4550
f 5330 7428 5385
f 1670 7383 7399
f 4214 4111 7377
f 7398 1477 7426
f 7404 7429 2304
f 7406 7430 5113
f 7354 2975 1
f 2580 7431 2526
f 2631 7431 2580
f 3137 2018 2975
f 5546 5499 5498
f 1725 1670 1724
f 1630 1574 1792
f 1791 1792 1574
f 2527 7431 2581
f 7432 4061 4111
f 4061 7432 7375
f 4111 4061 4419
f 5546 5498 5596
f 7306 3137 2975
f 2256 2255 2310
f 2256 2310 2358
f 1791 7398 1684
f 3443 3287 3339
f 903 845 902
f 903 902 952
f 1778 1725 1834
f 1791 1684 1849
f 1849 1909 1791
f 3443 3339 3488
f 2359 2311 2257
f 7433 5500 5499
f 5598 7433 5597
f 7433 5598 5599
f 954 904 903
f 1833 7434 1777
f 3540 3391 3443
f 954 903 953
f 1723 7434 1724
f 2016 1909 2124
f 2015 2124 1909
f 3540 3443 3592
f 3310 7382 3258
f 3310 3258 3257
f 1723 7435 1722
f 2015 1849 1908
f 2714 2564 2612
f 3698 3489 3540
f 1723 1722 1776
f 2015 1908 2071
f 2071 7437 2015
f 2714 2612 2768
f 3698 3540 3697
f 5542 5495 5541
f 2368 2317 7118
f 2368 7118 6223
f 372 373 7442
f 3310 3256 3360
f 3361 3310 3360
f 272 372 7442
f 2829 2666 2714
f 7439 3541 3698
f 5508 5465 5667
f 7436 304 347
f 2289 7437 2342
f 2829 2714 2892
f 7439 3698 3803
f 5508 5667 5668
f 6224 6956 7438
f 7438 2317 2368
f 7438 2368 7155
f 372 321 371
f 429 372 371
f 2926 2769 2829
f 2926 2829 2974
f 3900 7439 3948
f 5558 7445 5508
f 7441 7470 4863
f 7112 7441 6741
f 5940 7042 468
f 6741 7441 4864
f 7158 7363 7365
f 7158 7365 6888
f 6692 4599 7346
f 373 7397 7442
f 273 7442 7397
f 272 7442 273
f 7443 7 7451
f 2257 2198 2197
f 2552 2441 2440
f 3077 2893 2926
f 3837 3740 3791
f 7444 7439 3803
f 5354 5246 5245
f 7446 5786 76
f 2256 2257 2197
f 3077 2926 3076
f 3837 3791 3888
f 7445 5315 5465
f 7450 2701 2752
f 7339 7447 5863
f 5304 5354 5245
f 2496 2552 2440
f 2359 2257 2256
f 287 7462 84
f 236 85 7462
f 6889 6874 7158
f 442 443 7451
f 237 8 7443
f 712 7448 656
f 3136 2927 3077
f 7449 3837 3888
f 7449 3838 3837
f 7448 442 656
f 550 7448 712
f 2599 2552 7460
f 7452 2753 7450
f 3136 3077 3188
f 3890 7449 3889
f 5355 5354 5401
f 5524 5479 5523
f 7450 7067 7452
f 5498 5499 5449
f 6947 5467 5560
f 7451 7 7447
f 2701 2700 2752
f 442 7451 7447
f 7451 443 7443
f 237 7443 7467
f 2311 2258 2199
f 3234 3078 3136
f 5447 7453 5353
f 7440 7454 5385
f 2702 6991 7455
f 2702 7455 2753
f 3234 3136 3340
f 7454 7440 5478
f 5480 7454 5479
f 7455 2701 7450
f 7455 2649 2701
f 512 455 511
f 3406 3354 3405
f 1669 1614 6923
f 2257 2311 2199
f 2553 2552 2599
f 511 403 7206
f 3306 3252 3205
f 3341 3079 3234
f 3405 3302 7208
f 4832 7458 4780
f 511 7206 510
f 657 7467 550
f 1560 7459 6923
f 3306 3205 3251
f 3405 7208 3404
f 3341 3234 3490
f 7468 3341 7469
f 7457 4618 7458
f 4780 7458 4618
f 637 5964 636
f 691 637 636
f 7461 7473 1502
f 7215 7461 6102
f 7461 1451 1395
f 7214 6923 7459
f 3888 3791 3836
f 287 84 235
f 236 7462 287
f 7463 5760 5761
f 5560 5467 7364
f 2653 7460 2652
f 638 7293 7464
f 6920 7464 637
f 3357 3307 3306
f 7466 7449 3888
f 7466 3888 3887
f 4670 7472 7474
f 444 7467 657
f 668 7196 614
f 7468 3079 3341
f 3357 3306 3356
f 3552 7200 3501
f 7469 3341 3490
f 3889 7466 3938
f 7457 4568 4618
f 3460 3362 3414
f 7470 4754 4809
f 7464 582 637
f 7297 657 550
f 882 713 657
f 882 657 7297
f 7297 550 825
f 7470 4755 4754
f 6682 4599 6692
f 6947 5560 5674
f 5560 5673 5674
f 512 511 562
f 3406 3405 3456
f 1669 6923 1668
f 1211 1151 1317
f 1370 1211 1317
f 7468 7465 3288
f 2360 2311 2359
f 7465 7469 3642
f 7469 7465 7468
f 4670 4619 7458
f 7364 5467 5417
f 4670 7458 4781
f 5762 3393 7463
f 935 764 882
f 1047 882 7297
f 7471 3358 3357
f 7462 5777 84
f 1047 7297 1046
f 935 882 1047
f 3410 7471 3409
f 7472 4670 4833
f 6456 3510 7085
f 7084 3460 3414
f 7473 1394 1450
f 4544 4446 6669
f 7471 3357 7315
f 7346 6691 6702
f 7424 7346 6702
f 6889 7158 7039
f 7473 6081 1394
f 5672 7364 5671
f 7364 5559 5671
f 7214 7459 1613
f 1211 1259 7222
f 1211 7222 1048
f 2359 2256 2358
f 2417 2359 2358
f 4725 4569 7472
f 7474 7472 4569
f 2361 2311 2360
f 7463 4368 4837
f 5760 7463 4837
f 2236 3393 5762
# 14732 faces, 0 coords texture

# End of File
