# Rhino

mtllib drop.mtl
usemtl diffuse_ControlText
v 97.230674743652344 0.8874971866607666 5.7886815071105957
v 97.169586181640625 1.0715036392211914 2.9238557815551758
v 97.623329162597656 0.87605243921279907 -2.9840030670166016
v 95.566444396972656 0.92419290542602539 11.745309829711914
v 93.275749206542969 1.9766440391540527 10.962862014770508
v 92.898117065429688 2.5116093158721924 7.8499813079833984
v 93.562210083007812 2.6351859569549561 -0.73559939861297607
v 95.139816284179688 1.9148128032684326 -3.1532056331634521
v 94.329254150390625 2.0745613574981689 -6.0260190963745117
v 94.052436828613281 1.1750664710998535 -13.929096221923828
v 93.322784423828125 0.88069581985473633 17.009986877441406
v 91.060470581054688 2.5189454555511475 13.208592414855957
v 90.61993408203125 3.1772482395172119 10.161839485168457
v 90.196746826171875 3.7114639282226562 7.1591348648071289
v 91.830055236816406 3.3491809368133545 1.8061038255691528
v 92.047874450683594 3.1752603054046631 -3.7341749668121338
v 89.657577514648438 4.016228199005127 -6.0597114562988281
v 92.016326904296875 2.9759910106658936 -6.654566764831543
v 92.320243835449219 2.2748560905456543 -11.440129280090332
v 91.093124389648438 2.3386468887329102 -14.004367828369141
v 91.292518615722656 1.183225154876709 -19.118671417236328
v 89.615745544433594 1.2171175479888916 21.577451705932617
v 91.259712219238281 1.8720961809158325 16.187280654907227
v 87.831298828125 4.4387698173522949 9.4416275024414062
v 87.491844177246094 4.9241547584533691 6.4021797180175781
v 87.295654296875 5.2245721817016602 3.2041726112365723
v 87.408485412597656 5.2414975166320801 -0.13583722710609436
v 90.632347106933594 3.3107335567474365 -8.8980312347412109
v 89.377815246582031 3.4750618934631348 -11.390016555786133
v 86.188644409179688 0.97932571172714233 26.621583938598633
v 87.339408874511719 1.3820821046829224 23.999231338500977
v 86.965827941894531 2.4146642684936523 20.88774299621582
v 86.5369873046875 3.3651862144470215 17.868261337280273
v 86.099647521972656 4.2136149406433105 14.910661697387695
v 84.879600524902344 5.7684245109558105 8.7115507125854492
v 85.078781127929688 6.0240912437438965 5.2667536735534668
v 86.4444580078125 5.5839014053344727 -2.6888339519500732
v 86.96832275390625 5.1903510093688965 -5.3974905014038086
v 87.58953857421875 4.6111841201782227 -8.5509138107299805
v 86.610244750976562 4.5641226768493652 -11.576078414916992
v 88.177207946777344 3.4830770492553711 -14.078822135925293
v 86.752830505371094 3.5001688003540039 -16.657949447631836
v 88.44793701171875 2.2945959568023682 -19.000705718994141
v 87.265289306640625 2.1639282703399658 -21.229534149169922
v 87.495986938476562 1.3260769844055176 -23.907455444335938
v 83.966072082519531 1.1732474565505981 28.392757415771484
v 84.600341796875 2.735055685043335 22.918560028076172
v 83.840606689453125 4.5512351989746094 17.425548553466797
v 83.377204895019531 5.3895564079284668 14.603079795837402
v 82.837516784667969 6.1582832336425781 11.779494285583496
v 82.959152221679688 7.0008535385131836 3.9499168395996094
v 81.839851379394531 7.566338062286377 1.2864178419113159
v 82.027519226074219 6.8233108520507812 -9.0651121139526367
v 83.748764038085938 5.6951446533203125 -11.736099243164062
v 82.85382080078125 5.5840182304382324 -14.185592651367188
v 83.522239685058594 4.6978626251220703 -16.916337966918945
v 82.917732238769531 4.1163911819458008 -20.040231704711914
v 85.00830078125 2.7566242218017578 -22.090198516845703
v 84.247772216796875 2.0249931812286377 25.593103408813477
v 81.748954772949219 3.2673993110656738 24.627214431762695
v 82.222602844238281 3.8698585033416748 22.175893783569336
v 81.515434265136719 4.780916690826416 20.027643203735352
v 81.064865112304688 5.6954889297485352 17.301677703857422
v 80.585456848144531 6.5513839721679688 14.492724418640137
v 79.963699340820312 7.3651275634765625 11.652782440185547
v 82.498641967773438 6.9695067405700684 6.8277697563171387
v 78.874496459960938 8.7912406921386719 2.5420682430267334
v 79.411079406738281 8.5923519134521484 -0.64209192991256714
v 79.59600830078125 8.3733091354370117 -3.9058337211608887
v 79.543891906738281 8.0859699249267578 -7.2040858268737793
v 81.029220581054688 6.7019400596618652 -12.238789558410645
v 80.647911071777344 6.1961088180541992 -15.368227958679199
v 80.613441467285156 5.4925775527954102 -18.257043838500977
v 80.356430053710938 4.7434086799621582 -21.275430679321289
v 79.765068054199219 4.0296211242675781 -24.213523864746094
v 81.813682556152344 2.7502186298370361 -25.860143661499023
v 81.398612976074219 1.2559573650360107 -30.522186279296875
v 79.001747131347656 1.3895658254623413 32.336669921875
v 81.562217712402344 2.3615157604217529 27.458833694458008
v 79.126502990722656 3.6352012157440186 26.367456436157227
v 79.371269226074219 4.6670498847961426 23.095497131347656
v 78.758827209472656 5.8412408828735352 20.104867935180664
v 78.303504943847656 6.8235301971435547 17.235483169555664
v 77.804046630859375 7.7080254554748535 14.394746780395508
v 77.243736267089844 8.5153160095214844 11.505986213684082
v 76.369117736816406 9.3049402236938477 8.8644866943359375
v 76.175865173339844 9.8856782913208008 3.5584878921508789
v 76.653839111328125 9.7656955718994141 0.60291355848312378
v 77.033088684082031 9.5442647933959961 -2.3612005710601807
v 77.282974243164062 9.2298412322998047 -5.4090733528137207
v 76.858192443847656 9.0424995422363281 -8.5270242691040039
v 78.93157958984375 7.8923382759094238 -10.341231346130371
v 77.814781188964844 6.9974584579467773 -16.70686149597168
v 78.171859741210938 6.0231332778930664 -19.732086181640625
v 77.845169067382812 5.2415027618408203 -22.66901969909668
v 78.999496459960938 3.3504693508148193 -26.992156982421875
v 78.799835205078125 2.4134092330932617 -29.743808746337891
v 79.059783935546875 1.2679867744445801 -32.514553070068359
v 76.531173706054688 1.3905701637268066 34.309917449951172
v 76.564926147460938 2.5999612808227539 31.417417526245117
v 76.622108459472656 3.7591519355773926 28.472187042236328
v 76.628677368164062 4.868708610534668 25.523956298828125
v 76.395484924316406 5.9402499198913574 22.716814041137695
v 75.961112976074219 7.0020918846130371 19.928823471069336
v 75.518547058105469 7.9710178375244141 17.139636993408203
v 75.009857177734375 8.8607978820800781 14.363779067993164
v 74.32794189453125 9.6992158889770508 11.674749374389648
v 73.378189086914062 10.522452354431152 9.1083536148071289
v 75.093391418457031 10.121610641479492 6.4760794639587402
v 73.854904174804688 10.925909996032715 1.7345302104949951
v 74.1776123046875 10.783934593200684 -1.1068618297576904
v 74.74908447265625 10.397653579711914 -4.0204968452453613
v 74.003501892089844 10.132550239562988 -9.0691537857055664
v 75.707794189453125 8.9916820526123047 -11.614212036132812
v 76.028678894042969 8.2546939849853516 -14.467126846313477
v 74.620590209960938 8.2539920806884766 -16.734439849853516
v 75.600128173828125 7.2118310928344727 -19.088394165039062
v 76.120452880859375 6.3235325813293457 -21.35038948059082
v 76.99560546875 4.5992722511291504 -25.488248825073242
v 76.168502807617188 3.792370080947876 -28.475738525390625
v 76.575553894042969 2.4638364315032959 -31.529134750366211
v 76.576225280761719 1.3117311000823975 -34.379791259765625
v 73.934036254882812 1.4508125782012939 36.093921661376953
v 73.964950561523438 2.6888153553009033 33.290550231933594
v 74.12957763671875 3.8208694458007812 30.518600463867188
v 74.116188049316406 4.9485077857971191 27.770313262939453
v 73.834495544433594 6.0571022033691406 25.16581916809082
v 73.513526916503906 7.1323070526123047 22.509164810180664
v 73.135810852050781 8.1633872985839844 19.804622650146484
v 72.701286315917969 9.1269779205322266 17.085992813110352
v 72.145683288574219 10.034875869750977 14.388810157775879
v 71.402076721191406 10.910503387451172 11.719997406005859
v 70.479248046875 11.757564544677734 9.0113353729248047
v 71.48382568359375 11.86944580078125 3.5607659816741943
v 71.08441162109375 12.127941131591797 0.21267110109329224
v 72.041007995605469 11.605810165405273 -3.1443111896514893
v 71.167510986328125 11.349194526672363 -8.8305215835571289
v 72.294532775878906 10.382712364196777 -11.633940696716309
v 73.369338989257812 9.4013338088989258 -14.160131454467773
v 71.781776428222656 9.3655967712402344 -16.788381576538086
v 72.808456420898438 8.2359743118286133 -19.287269592285156
v 73.719978332519531 7.1367912292480469 -21.648893356323242
v 72.24249267578125 6.7609663009643555 -24.312149047851562
v 74.129219055175781 5.3211574554443359 -26.353141784667969
v 73.036346435546875 4.7058005332946777 -28.918550491333008
v 74.423233032226562 3.4906044006347656 -30.760156631469727
v 74.060836791992188 2.5288395881652832 -33.364170074462891
v 73.933090209960938 1.3972682952880859 -36.094551086425781
v 71.878433227539062 4.9433679580688477 29.768758773803711
v 71.293907165527344 6.0345268249511719 27.662725448608398
v 70.984016418457031 7.1827907562255859 25.063665390014648
v 70.671485900878906 8.2819032669067383 22.40608024597168
v 70.309608459472656 9.3160057067871094 19.730936050415039
v 69.862319946289062 10.292855262756348 17.049169540405273
v 69.276687622070312 11.22740364074707 14.356281280517578
v 68.5240478515625 12.130846977233887 11.615341186523438
v 69.543922424316406 12.507842063903809 6.1171274185180664
v 67.887748718261719 13.484228134155273 0.11467073857784271
v 69.319107055664062 12.785088539123535 -2.7305951118469238
v 70.227783203125 12.146429061889648 -5.8133959770202637
v 69.266525268554688 11.661694526672363 -11.467909812927246
v 70.082939147949219 10.660391807556152 -14.433895111083984
v 69.355049133300781 10.181704521179199 -17.292119979858398
v 70.1300048828125 9.1945457458496094 -19.556941986083984
v 70.973464965820312 8.0457363128662109 -22.044521331787109
v 69.009590148925781 7.7453517913818359 -24.879993438720703
v 71.098060607910156 6.1812357902526855 -26.948705673217773
v 70.243545532226562 5.3488693237304688 -29.722579956054688
v 69.469863891601562 4.3961873054504395 -32.523704528808594
v 71.148773193359375 2.8015933036804199 -34.860855102539062
v 71.442451477050781 1.3747010231018066 -37.813026428222656
v 68.656715393066406 1.5807205438613892 39.266536712646484
v 71.310028076171875 1.5040477514266968 37.749008178710938
v 68.682701110839844 2.8998188972473145 36.586719512939453
v 68.761703491210938 4.2560229301452637 33.725761413574219
v 69.052726745605469 5.6000995635986328 30.577613830566406
v 68.52703857421875 7.0544881820678711 27.686525344848633
v 68.182044982910156 8.2928094863891602 24.978439331054688
v 67.855377197265625 9.4179344177246094 22.32464599609375
v 67.48822021484375 10.468591690063477 19.671600341796875
v 67.028671264648438 11.465513229370117 16.997550964355469
v 66.433349609375 12.42338752746582 14.279573440551758
v 65.683334350585938 13.34480094909668 11.481419563293457
v 66.660690307617188 13.754117965698242 5.777313232421875
v 65.799057006835938 14.321139335632324 2.7730512619018555
v 64.953567504882812 14.717984199523926 -0.23192478716373444
v 66.551132202148438 13.953640937805176 -2.7864844799041748
v 65.577362060546875 13.75886058807373 -8.3214588165283203
v 66.358604431152344 12.925010681152344 -11.167074203491211
v 67.006500244140625 12.026838302612305 -13.974736213684082
v 67.20147705078125 11.204622268676758 -16.745468139648438
v 67.43115234375 10.249910354614258 -19.554763793945312
v 68.228553771972656 9.0806865692138672 -22.078727722167969
v 68.187362670898438 6.8439817428588867 -27.897748947143555
v 67.024322509765625 4.9968829154968262 -32.974765777587891
v 68.012001037597656 3.7429866790771484 -34.97039794921875
v 69.198654174804688 1.1605656147003174 -39.665294647216797
v 65.907325744628906 1.5664063692092896 40.877803802490234
v 66.020065307617188 2.9108691215515137 38.256103515625
v 66.104438781738281 4.2490315437316895 35.574821472167969
v 66.268310546875 5.5711250305175781 32.769439697265625
v 66.118270874023438 6.8951506614685059 30.069461822509766
v 65.716217041015625 8.2106761932373047 27.455907821655273
v 65.371551513671875 9.4279603958129883 24.859245300292969
v 65.043281555175781 10.556641578674316 22.252010345458984
v 64.673271179199219 11.62201976776123 19.619524002075195
v 64.205703735351562 12.637510299682617 16.950141906738281
v 63.601699829101562 13.611330032348633 14.236217498779297
v 62.843048095703125 14.537367820739746 11.489357948303223
v 63.495223999023438 15.12235164642334 5.4560766220092773
v 62.854225158691406 15.589888572692871 1.9619165658950806
v 62.167026519775391 15.863471031188965 -1.3254736661911011
v 64.039543151855469 15.000141143798828 -2.9795877933502197
v 64.724075317382812 14.490081787109375 -5.5266847610473633
v 62.737709045410156 14.978571891784668 -8.0806245803833008
v 63.500335693359375 14.145914077758789 -10.948890686035156
v 64.111038208007812 13.261575698852539 -13.750133514404297
v 64.508506774902344 12.348658561706543 -16.530660629272461
v 64.804161071777344 11.350974082946777 -19.345678329467773
v 65.300857543945312 10.213506698608398 -22.04823112487793
v 66.271163940429688 9.0548076629638672 -24.146785736083984
v 65.298652648925781 7.2565760612487793 -29.311254501342773
v 67.553146362304688 5.8844165802001953 -30.628437042236328
v 64.912918090820312 6.131312370300293 -32.067146301269531
v 65.101806640625 4.8137688636779785 -34.693004608154297
v 65.860160827636719 3.4026069641113281 -37.079620361328125
v 66.730621337890625 1.8956079483032227 -39.607681274414062
v 63.424896240234375 1.4553482532501221 42.436161041259766
v 63.305583953857422 4.2227792739868164 37.404376983642578
v 63.613414764404297 5.4861617088317871 34.788612365722656
v 63.612560272216797 6.7837667465209961 32.209793090820312
v 63.230491638183594 8.0817375183105469 29.80023193359375
v 62.866260528564453 9.3499670028686523 27.323450088500977
v 62.550182342529297 10.554325103759766 24.784530639648438
v 62.234416961669922 11.691944122314453 22.204555511474609
v 61.861484527587891 12.772737503051758 19.58830451965332
v 61.377590179443359 13.806239128112793 16.938144683837891
v 60.741123199462891 14.798095703125 14.266270637512207
v 59.918052673339844 15.747457504272461 11.612945556640625
v 58.890228271484375 16.656082153320312 9.0325641632080078
v 60.643867492675781 16.448282241821289 3.9603581428527832
v 59.836990356445312 16.900720596313477 0.65414708852767944
v 59.695316314697266 16.856744766235352 -2.8195188045501709
v 59.936283111572266 16.153833389282227 -8.0654392242431641
v 60.682365417480469 15.335668563842773 -10.827503204345703
v 61.286716461181641 14.449282646179199 -13.603780746459961
v 61.745212554931641 13.508310317993164 -16.368585586547852
v 62.109329223632812 12.47559642791748 -19.161611557006836
v 62.527481079101562 11.293112754821777 -22.012224197387695
v 63.215961456298828 9.8723335266113281 -24.957347869873047
v 62.882030487060547 8.6583423614501953 -28.111043930053711
v 62.608108520507812 7.3928947448730469 -31.059391021728516
v 63.807415008544922 2.9947817325592041 -39.1190185546875
v 64.829856872558594 1.4385091066360474 -41.560340881347656
v 60.727504730224609 1.5242558717727661 43.660991668701172
v 60.327423095703125 4.127769947052002 39.310592651367188
v 60.772994995117188 5.5512628555297852 36.486000061035156
v 61.354423522949219 6.6096057891845703 34.127956390380859
v 60.732452392578125 7.8405351638793945 32.156879425048828
v 60.346111297607422 9.1660442352294922 29.76580810546875
v 60.030124664306641 10.451249122619629 27.281335830688477
v 59.740409851074219 11.667536735534668 24.748468399047852
v 59.430252075195312 12.821258544921875 22.182502746582031
v 59.044143676757812 13.920197486877441 19.586912155151367
v 58.531074523925781 14.974458694458008 16.966827392578125
v 57.850933074951172 15.992318153381348 14.32804012298584
v 58.213932037353516 17.309103012084961 6.2500958442687988
v 57.327186584472656 17.911916732788086 -1.6120734214782715
v 56.937164306640625 17.432514190673828 -7.9157557487487793
v 57.856983184814453 16.517925262451172 -10.772793769836426
v 58.478324890136719 15.619206428527832 -13.517210006713867
v 58.954193115234375 14.67008113861084 -16.234413146972656
v 59.344635009765625 13.641949653625488 -18.952802658081055
v 59.720432281494141 12.500015258789062 -21.692951202392578
v 60.136684417724609 11.240126609802246 -24.449092864990234
v 60.296562194824219 9.9836263656616211 -27.223934173583984
v 60.171089172363281 8.699854850769043 -30.10594367980957
v 60.09295654296875 7.3042197227478027 -32.998313903808594
v 59.775115966796875 5.8102059364318848 -36.093673706054688
v 60.828777313232422 4.0899205207824707 -38.724952697753906
v 61.815208435058594 2.4807794094085693 -41.187038421630859
v 62.699844360351562 1.1779768466949463 -43.168346405029297
v 57.825550079345703 1.6516033411026001 44.804733276367188
v 58.793727874755859 2.9656352996826172 42.138031005859375
v 57.079544067382812 4.4410333633422852 40.524234771728516
v 58.025074005126953 5.7066569328308105 37.833911895751953
v 58.543052673339844 7.1791296005249023 34.873687744140625
v 57.904163360595703 8.7983903884887695 32.271015167236328
v 57.522796630859375 10.218061447143555 29.763843536376953
v 57.225631713867188 11.538633346557617 27.254234313964844
v 56.943122863769531 12.774898529052734 24.727218627929688
v 56.623836517333984 13.947624206542969 22.181083679199219
v 56.213474273681641 15.066798210144043 19.613317489624023
v 55.667839050292969 16.142850875854492 17.026533126831055
v 54.963386535644531 17.177692413330078 14.428713798522949
v 56.9674072265625 16.986942291259766 11.644706726074219
v 55.819190979003906 17.998184204101562 8.751220703125
v 54.809520721435547 19.031286239624023 -0.3943239152431488
v 54.715396881103516 18.924612045288086 -3.3142657279968262
v 54.564136505126953 18.677740097045898 -6.2407016754150391
v 55.078037261962891 17.64069938659668 -10.92645263671875
v 55.667510986328125 16.772266387939453 -13.50999927520752
v 56.139289855957031 15.830026626586914 -16.148834228515625
v 56.532920837402344 14.809606552124023 -18.789638519287109
v 56.887954711914062 13.702349662780762 -21.429380416870117
v 57.225673675537109 12.503415107727051 -24.066534042358398
v 57.473110198974609 11.251923561096191 -26.710756301879883
v 57.548309326171875 9.9591159820556641 -29.408924102783203
v 57.529304504394531 8.6137962341308594 -32.136058807373047
v 57.740268707275391 7.300142765045166 -34.529323577880859
v 56.382709503173828 6.5211653709411621 -36.780494689941406
v 57.836669921875 4.9676198959350586 -38.770038604736328
v 59.064544677734375 3.3455963134765625 -41.036735534667969
v 59.951343536376953 1.6185119152069092 -43.685386657714844
v 55.014976501464844 1.6827908754348755 45.982566833496094
v 55.941104888916016 3.111530065536499 43.283096313476562
v 55.045806884765625 5.971165657043457 39.029201507568359
v 55.981418609619141 7.0357575416564941 36.694320678710938
v 55.471412658691406 8.3789987564086914 34.637191772460938
v 55.048828125 9.8722076416015625 32.1943359375
v 54.718624114990234 11.296076774597168 29.706977844238281
v 54.43365478515625 12.629921913146973 27.214771270751953
v 54.145782470703125 13.883358001708984 24.71229362487793
v 53.806640625 15.075665473937988 22.193531036376953
v 53.366127014160156 16.217781066894531 19.652114868164062
v 52.785488128662109 17.320095062255859 17.08683967590332
v 52.040077209472656 18.384271621704102 14.506006240844727
v 53.058723449707031 18.997629165649414 9.7648763656616211
v 52.498283386230469 20.023794174194336 1.2048419713973999
v 52.329109191894531 20.029460906982422 -1.8913189172744751
v 51.910507202148438 19.5289306640625 -7.9997458457946777
v 52.241836547851562 18.831222534179688 -10.855508804321289
v 52.817584991455078 17.949676513671875 -13.469588279724121
v 53.2940673828125 17.000028610229492 -16.074420928955078
v 53.691112518310547 15.976806640625 -18.669544219970703
v 54.040294647216797 14.880623817443848 -21.244117736816406
v 54.357635498046875 13.708849906921387 -23.798778533935547
v 54.627532958984375 12.472556114196777 -26.345401763916016
v 54.813709259033203 11.176789283752441 -28.917976379394531
v 54.91339111328125 9.799464225769043 -31.575279235839844
v 54.9390869140625 8.2493257522583008 -34.481441497802734
v 54.620429992675781 5.5992131233215332 -39.353313446044922
v 57.509433746337891 2.6815710067749023 -42.978660583496094
v 57.170856475830078 1.5193771123886108 -45.144317626953125
v 49.720058441162109 3.4711647033691406 45.428371429443359
v 52.964794158935547 3.2370369434356689 44.43121337890625
v 54.112277984619141 4.6158370971679688 41.712589263916016
v 52.326206207275391 6.1810436248779297 40.103157043457031
v 53.024448394775391 7.7084593772888184 37.232196807861328
v 52.5859375 9.41900634765625 34.584667205810547
v 52.229988098144531 10.954892158508301 32.089298248291016
v 51.924434661865234 12.385480880737305 29.630550384521484
v 51.640365600585938 13.726024627685547 27.173244476318359
v 51.339511871337891 14.995471954345703 24.702610015869141
v 50.976959228515625 16.209741592407227 22.207309722900391
v 50.509056091308594 17.378887176513672 19.675369262695312
v 49.905773162841797 18.513465881347656 17.090450286865234
v 49.146812438964844 19.625827789306641 14.391017913818359
v 48.165248870849609 20.762556076049805 11.36707878112793
v 50.148365020751953 20.997720718383789 2.8696205615997314
v 49.901386260986328 20.94911003112793 -3.5122616291046143
v 49.255268096923828 20.796018600463867 -7.0022578239440918
v 49.600070953369141 20.052707672119141 -10.245587348937988
v 50.013629913330078 19.170341491699219 -13.18598461151123
v 50.447265625 18.196880340576172 -15.913938522338867
v 50.834304809570312 17.154184341430664 -18.541200637817383
v 51.181900024414062 16.044635772705078 -21.103851318359375
v 51.497333526611328 14.875054359436035 -23.619352340698242
v 51.776435852050781 13.646136283874512 -26.099885940551758
v 52.009555816650391 12.362836837768555 -28.564804077148438
v 52.193710327148438 11.029390335083008 -31.031806945800781
v 52.329402923583984 9.6625146865844727 -33.481513977050781
v 52.188522338867188 8.4607152938842773 -35.709579467773438
v 53.299041748046875 7.1145052909851074 -37.437320709228516
v 53.270439147949219 4.4758396148681641 -41.926235198974609
v 52.408149719238281 3.0454785823822021 -44.655200958251953
v 55.032657623291016 2.9127910137176514 -43.716472625732422
v 52.094005584716797 1.7734558582305908 47.038494110107422
v 51.244674682617188 4.7726831436157227 42.820842742919922
v 50.106498718261719 7.5378012657165527 39.072357177734375
v 50.060428619384766 9.0141439437866211 36.730049133300781
v 49.736019134521484 10.562535285949707 34.346538543701172
v 49.418155670166016 12.057525634765625 31.954404830932617
v 49.125957489013672 13.476547241210938 29.555185317993164
v 48.838981628417969 14.824070930480957 27.138507843017578
v 48.523349761962891 16.112277984619141 24.693563461303711
v 48.139636993408203 17.351955413818359 22.208135604858398
v 47.653511047363281 18.549449920654297 19.669580459594727
v 47.051853179931641 19.702224731445312 17.073198318481445
v 46.384105682373047 20.771739959716797 14.439923286437988
v 47.284221649169922 22.248025894165039 1.3505474328994751
v 46.168045043945312 22.084266662597656 -7.0474152565002441
v 46.908756256103516 21.264499664306641 -9.7970952987670898
v 47.296787261962891 20.395999908447266 -12.753299713134766
v 47.644489288330078 19.417383193969727 -15.620707511901855
v 47.987583160400391 18.350187301635742 -18.347715377807617
v 48.323711395263672 17.211755752563477 -20.960325241088867
v 48.641304016113281 16.015768051147461 -23.485969543457031
v 48.927566528320312 14.773409843444824 -25.947330474853516
v 49.178108215332031 13.487337112426758 -28.363864898681641
v 49.394184112548828 12.156499862670898 -30.754758834838867
v 49.578258514404297 10.786689758300781 -33.129001617431641
v 49.741367340087891 9.3781518936157227 -35.494064331054688
v 50.289836883544922 7.81695556640625 -37.837501525878906
v 51.212680816650391 6.1096014976501465 -40.194522857666016
v 50.608348846435547 4.5407805442810059 -43.030006408691406
v 49.778072357177734 3.0466833114624023 -45.73748779296875
v 49.309871673583984 1.7269628047943115 48.163406372070312
v 47.273052215576172 3.0083322525024414 47.048427581787109
v 48.325981140136719 5.3165140151977539 43.288249969482422
v 47.570693969726562 7.0307741165161133 41.083091735839844
v 47.389286041259766 8.6016674041748047 38.790294647216797
v 47.179229736328125 10.137681007385254 36.499252319335938
v 46.894622802734375 11.662015914916992 34.188858032226562
v 46.605655670166016 13.140712738037109 31.857919692993164
v 46.322826385498047 14.558932304382324 29.501523971557617
v 46.031223297119141 15.921566963195801 27.112005233764648
v 45.701057434082031 17.234146118164062 24.677497863769531
v 45.299156188964844 18.503843307495117 22.185745239257812
v 44.791126251220703 19.735742568969727 19.624519348144531
v 44.150020599365234 20.924116134643555 17.008554458618164
v 43.578037261962891 21.972492218017578 14.337547302246094
v 43.216453552246094 22.872091293334961 11.278870582580566
v 42.694370269775391 23.680915832519531 8.0324440002441406
v 43.338027954101562 23.776330947875977 4.7649340629577637
v 45.353019714355469 22.810276031494141 -4.1487650871276855
v 44.053493499755859 22.521665573120117 -9.4583549499511719
v 44.556076049804688 21.63050651550293 -12.331976890563965
v 44.884319305419922 20.651185989379883 -15.234389305114746
v 45.170066833496094 19.567068099975586 -18.063491821289062
v 45.474533081054688 18.393924713134766 -20.768644332885742
v 45.793766021728516 17.154193878173828 -23.353546142578125
v 46.091442108154297 15.871907234191895 -25.840486526489258
v 46.353900909423828 14.561958312988281 -28.25446891784668
v 46.588233947753906 13.212656021118164 -30.617519378662109
v 46.812091827392578 11.818281173706055 -32.958633422851562
v 47.055118560791016 10.36428165435791 -35.301631927490234
v 47.440464019775391 8.8178510665893555 -37.649440765380859
v 48.013992309570312 7.2153477668762207 -39.9447021484375
v 48.275100708007812 5.7081112861633301 -42.204959869384766
v 45.815860748291016 4.8891658782958984 -44.485645294189453
v 46.918800354003906 3.22994065284729 -46.546646118164062
v 46.384487152099609 1.7408174276351929 49.168659210205078
v 46.380935668945312 4.5072269439697266 45.257675170898438
v 45.417049407958984 6.2350864410400391 43.19232177734375
v 44.897247314453125 7.9630250930786133 40.929485321044922
v 44.61517333984375 9.6048288345336914 38.641033172607422
v 44.353824615478516 11.182915687561035 36.369808197021484
v 44.078060150146484 12.715606689453125 34.095767974853516
v 43.800491333007812 14.197749137878418 31.798898696899414
v 43.520298004150391 15.6307373046875 29.466442108154297
v 43.220413208007812 17.017946243286133 27.086997985839844
v 42.876502990722656 18.360630035400391 24.64893913269043
v 42.464359283447266 19.661693572998047 22.138277053833008
v 41.942882537841797 20.934469223022461 19.524211883544922
v 41.152309417724609 22.252073287963867 16.725612640380859
v 41.165687561035156 23.180013656616211 13.572053909301758
v 41.458118438720703 24.711832046508789 2.4135763645172119
v 42.087837219238281 24.438041687011719 -0.65282970666885376
v 43.358917236328125 23.34039306640625 -6.5627098083496094
v 41.251411437988281 23.77781867980957 -9.0257434844970703
v 41.774768829345703 22.885150909423828 -11.901059150695801
v 42.135921478271484 21.900337219238281 -14.789838790893555
v 42.390174865722656 20.804849624633789 -17.682693481445312
v 42.641933441162109 19.599338531494141 -20.500560760498047
v 42.948169708251953 18.306230545043945 -23.184125900268555
v 43.267742156982422 16.964183807373047 -25.73512077331543
v 43.547245025634766 15.604108810424805 -28.183029174804688
v 43.791912078857422 14.22441291809082 -30.550405502319336
v 44.032321929931641 12.805035591125488 -32.872432708740234
v 44.298625946044922 11.330272674560547 -35.182994842529297
v 44.637493133544922 9.7848434448242188 -37.496517181396484
v 45.068050384521484 8.1809682846069336 -39.802192687988281
v 45.466190338134766 6.5567045211791992 -42.114707946777344
v 43.817947387695312 3.6524980068206787 -47.048511505126953
v 43.481834411621094 1.9997774362564087 49.755180358886719
v 44.448192596435547 3.474989652633667 47.414581298828125
v 43.260910034179688 5.271174430847168 45.390663146972656
v 42.577766418457031 7.1298961639404297 43.103858947753906
v 42.14544677734375 8.9082088470458984 40.797836303710938
v 41.835151672363281 10.585343360900879 38.531337738037109
v 41.554607391357422 12.187241554260254 36.289829254150391
v 41.279621124267578 13.734611511230469 34.042854309082031
v 41.005081176757812 15.234966278076172 31.764387130737305
v 40.719661712646484 16.694904327392578 29.438539505004883
v 40.404697418212891 18.115488052368164 27.055625915527344
v 40.045841217041016 19.489885330200195 24.611166000366211
v 39.635875701904297 20.804536819458008 22.113061904907227
v 39.147365570068359 22.035610198974609 19.620941162109375
v 38.384841918945312 23.117937088012695 17.570068359375
v 38.692455291748047 23.757492065429688 15.203838348388672
v 37.841026306152344 25.24683952331543 10.732419013977051
v 39.488609313964844 25.031408309936523 8.0939207077026367
v 38.694568634033203 25.874614715576172 3.0358502864837646
v 37.580982208251953 26.303354263305664 -1.4732643365859985
v 39.662670135498047 25.321290969848633 -3.1101937294006348
v 37.736660003662109 25.780759811401367 -6.0177130699157715
v 38.979701995849609 24.136371612548828 -11.504611015319824
v 39.372703552246094 23.16346549987793 -14.325636863708496
v 39.643245697021484 22.067642211914062 -17.203243255615234
v 39.848201751708984 20.840871810913086 -20.107706069946289
v 40.099018096923828 19.495889663696289 -22.927988052368164
v 40.434555053710938 18.072444915771484 -25.594793319702148
v 40.75640869140625 16.634561538696289 -28.113653182983398
v 41.013198852539062 15.206987380981445 -30.513040542602539
v 41.256160736083984 13.75827693939209 -32.832557678222656
v 41.524681091308594 12.264748573303223 -35.119194030761719
v 41.845149993896484 10.71161937713623 -37.398918151855469
v 42.234283447265625 9.0969085693359375 -39.682624816894531
v 42.668407440185547 7.4211444854736328 -41.994510650634766
v 43.136028289794922 5.6412806510925293 -44.415637969970703
v 40.97137451171875 3.0203697681427002 -48.882148742675781
v 43.310825347900391 1.9246957302093506 -49.696292877197266
v 40.843040466308594 2.0504302978515625 50.480556488037109
v 41.188594818115234 3.9852724075317383 47.842006683349609
v 40.348945617675781 6.1381773948669434 45.300148010253906
v 39.779693603515625 8.0698156356811523 42.939674377441406
v 39.376701354980469 9.8569459915161133 40.67041015625
v 39.057270050048828 11.543637275695801 38.450855255126953
v 38.770530700683594 13.160750389099121 36.242958068847656
v 38.495822906494141 14.728630065917969 34.013916015625
v 38.218402862548828 16.259464263916016 31.739141464233398
v 37.917400360107422 17.759912490844727 29.403982162475586
v 37.57562255859375 19.225378036499023 27.003519058227539
v 37.194976806640625 20.638175964355469 24.539604187011719
v 36.778530120849609 21.97637939453125 22.034076690673828
v 36.301681518554688 23.226680755615234 19.516025543212891
v 36.072265625 24.32945442199707 16.769767761230469
v 36.171134948730469 25.217880249023438 13.744129180908203
v 36.520782470703125 26.252552032470703 8.3159599304199219
v 35.736225128173828 27.110681533813477 3.4291691780090332
v 36.728214263916016 26.740524291992188 0.89326918125152588
v 36.501296997070312 26.584095001220703 -3.692662239074707
v 34.838310241699219 26.971630096435547 -6.0863471031188965
v 35.597393035888672 26.213830947875977 -8.5728292465209961
v 36.144924163818359 25.373500823974609 -11.212566375732422
v 36.560501098632812 24.424434661865234 -13.923922538757324
v 36.879711151123047 23.348844528198242 -16.69511604309082
v 37.108501434326172 22.125743865966797 -19.565889358520508
v 37.27191162109375 20.740976333618164 -22.531164169311523
v 37.576042175292969 19.236717224121094 -25.355178833007812
v 37.972911834716797 17.67774772644043 -28.007852554321289
v 38.251434326171875 16.171207427978516 -30.481906890869141
v 38.492633819580078 14.684828758239746 -32.81744384765625
v 38.753700256347656 13.169353485107422 -35.090824127197266
v 39.058135986328125 11.604150772094727 -37.343624114990234
v 39.420825958251953 9.983973503112793 -39.592231750488281
v 39.847621917724609 8.3088502883911133 -41.848251342773438
v 40.334255218505859 6.5715532302856445 -44.138809204101562
v 40.848724365234375 4.7699527740478516 -46.487102508544922
v 38.355552673339844 1.9438884258270264 -51.106815338134766
v 38.369525909423828 1.6894932985305786 51.627197265625
v 38.016574859619141 5.213381290435791 47.2962646484375
v 37.454086303710938 7.1600470542907715 45.001827239990234
v 36.975719451904297 9.0208625793457031 42.762741088867188
v 36.598518371582031 10.783601760864258 40.57269287109375
v 36.283344268798828 12.471403121948242 38.401962280273438
v 35.998943328857422 14.106112480163574 36.219150543212891
v 35.724967956542969 15.704043388366699 33.995471954345703
v 35.436882019042969 17.278589248657227 31.707792282104492
v 35.105003356933594 18.835784912109375 29.34333610534668
v 34.730175018310547 20.363391876220703 26.895309448242188
v 34.349906921386719 21.834266662597656 24.352138519287109
v 33.983993530273438 23.227052688598633 21.706130981445312
v 33.685665130615234 24.51068115234375 18.920948028564453
v 33.511928558349609 25.609155654907227 16.067483901977539
v 33.210556030273438 26.531599044799805 13.418420791625977
v 33.812088012695312 27.965032577514648 1.1113287210464478
v 32.692375183105469 27.457799911499023 -8.3212862014770508
v 33.281021118164062 26.601743698120117 -10.932685852050781
v 33.695270538330078 25.66558837890625 -13.598048210144043
v 34.042991638183594 24.615657806396484 -16.278802871704102
v 34.340065002441406 23.430534362792969 -19.006155014038086
v 34.581039428710938 22.06330680847168 -21.864633560180664
v 34.594394683837891 20.476585388183594 -25.040670394897461
v 35.223320007324219 18.714818954467773 -27.875484466552734
v 35.516468048095703 17.119953155517578 -30.444442749023438
v 35.744682312011719 15.587859153747559 -32.814498901367188
v 35.993843078613281 14.045686721801758 -35.084194183349609
v 36.282070159912109 12.463048934936523 -37.318836212158203
v 36.618675231933594 10.831469535827637 -39.542087554931641
v 37.015933990478516 9.1528606414794922 -41.759674072265625
v 37.483791351318359 7.435295581817627 -43.971839904785156
v 38.008365631103516 5.6904988288879395 -46.177669525146484
v 38.436801910400391 3.9103829860687256 -48.450042724609375
v 36.332939147949219 3.1495428085327148 -50.070133209228516
v 35.782222747802734 2.1392412185668945 51.74249267578125
v 35.491058349609375 4.253075122833252 49.256290435791016
v 35.088909149169922 6.2055439949035645 46.986133575439453
v 34.602619171142578 8.0979423522949219 44.797351837158203
v 34.176052093505859 9.9169034957885742 42.650402069091797
v 33.823226928710938 11.668051719665527 40.519908905029297
v 33.518962860107422 13.366077423095703 38.381214141845703
v 33.240814208984375 15.027240753173828 36.209705352783203
v 32.965206146240234 16.666004180908203 33.976554870605469
v 32.655380249023438 18.301605224609375 31.654796600341797
v 32.277469635009766 19.940959930419922 29.227193832397461
v 31.887825012207031 21.549520492553711 26.681484222412109
v 31.568996429443359 23.088144302368164 23.987409591674805
v 31.297023773193359 24.529806137084961 21.161369323730469
v 31.012197494506836 25.835723876953125 18.282302856445312
v 30.653512954711914 26.98432731628418 15.441431999206543
v 30.533746719360352 27.85499382019043 12.622674942016602
v 31.025867462158203 28.352449417114258 9.5283670425415039
v 31.770538330078125 28.507465362548828 6.5492229461669922
v 32.027885437011719 28.632987976074219 -1.4036600589752197
v 30.607376098632812 28.979389190673828 -4.1472716331481934
v 30.496696472167969 27.836954116821289 -10.451071739196777
v 30.843122482299805 26.903875350952148 -13.231233596801758
v 31.162622451782227 25.855178833007812 -15.938009262084961
v 31.476474761962891 24.684747695922852 -18.60261344909668
v 31.786432266235352 23.397882461547852 -21.241464614868164
v 32.027198791503906 22.025205612182617 -23.860118865966797
v 31.815696716308594 20.851833343505859 -26.198251724243164
v 32.514430999755859 19.531543731689453 -28.089269638061523
v 32.802410125732422 18.007091522216797 -30.479814529418945
v 33.010932922363281 16.460813522338867 -32.830364227294922
v 33.246311187744141 14.894745826721191 -35.092487335205078
v 33.521526336669922 13.290898323059082 -37.313419342041016
v 33.836391448974609 11.64066219329834 -39.520675659179688
v 34.201751708984375 9.9443702697753906 -41.721992492675781
v 34.634040832519531 8.2109527587890625 -43.913433074951172
v 35.144599914550781 6.4610261917114258 -46.073894500732422
v 35.7257080078125 4.7410874366760254 -48.160572052001953
v 35.296237945556641 1.760489821434021 -52.139419555664062
v 30.395305633544922 2.0780613422393799 53.060176849365234
v 32.71142578125 5.1881837844848633 48.908740997314453
v 32.248367309570312 7.0919680595397949 46.777076721191406
v 31.785455703735352 8.9467287063598633 44.683929443359375
v 31.390987396240234 10.750986099243164 42.598117828369141
v 31.05926513671875 12.509328842163086 40.502468109130859
v 30.767129898071289 14.22983455657959 38.379562377929688
v 30.495706558227539 15.926125526428223 36.206893920898438
v 30.216909408569336 17.617246627807617 33.948135375976562
v 29.877765655517578 19.335731506347656 31.562437057495117
v 29.42503547668457 21.093067169189453 29.029821395874023
v 29.087291717529297 22.785638809204102 26.337890625
v 28.885686874389648 24.383884429931641 23.461374282836914
v 28.616069793701172 25.849218368530273 20.576328277587891
v 28.236446380615234 27.195728302001953 17.660621643066406
v 27.715436935424805 28.464130401611328 14.549713134765625
v 29.529853820800781 29.63719367980957 4.3469047546386719
v 26.226865768432617 31.12091064453125 0.18951243162155151
v 25.284889221191406 29.576091766357422 -11.631940841674805
v 28.034109115600586 28.166662216186523 -12.711017608642578
v 28.315113067626953 27.102001190185547 -15.524565696716309
v 28.601076126098633 25.899103164672852 -18.287708282470703
v 28.905511856079102 24.59161376953125 -20.95185661315918
v 29.211694717407227 23.210643768310547 -23.512212753295898
v 29.393032073974609 21.808746337890625 -25.990337371826172
v 29.672317504882812 20.33354377746582 -28.373706817626953
v 30.036142349243164 18.843715667724609 -30.60063362121582
v 30.270225524902344 17.303642272949219 -32.86993408203125
v 30.506507873535156 15.717567443847656 -35.111156463623047
v 30.775440216064453 14.089821815490723 -37.319366455078125
v 31.075571060180664 12.416875839233398 -39.513900756835938
v 31.416652679443359 10.696488380432129 -41.705490112304688
v 31.817996978759766 8.9301872253417969 -43.898235321044922
v 32.304443359375 7.1226329803466797 -46.086654663085938
v 32.9080810546875 5.2941136360168457 -48.249843597412109
v 33.757858276367188 3.4739530086517334 -50.330657958984375
v 30.387996673583984 4.1025924682617188 50.765392303466797
v 29.930221557617188 6.0116758346557617 48.693851470947266
v 29.429466247558594 7.8753600120544434 46.675083160400391
v 28.987937927246094 9.7190561294555664 44.641830444335938
v 28.620708465576172 11.532322883605957 42.587757110595703
v 28.307655334472656 13.313080787658691 40.508010864257812
v 28.02735710144043 15.065099716186523 38.390090942382812
v 27.764810562133789 16.801216125488281 36.209529876708984
v 27.491743087768555 18.54670524597168 33.921226501464844
v 27.130517959594727 20.3502197265625 31.467565536499023
v 26.459497451782227 22.292896270751953 28.801307678222656
v 26.449365615844727 24.093137741088867 25.750953674316406
v 26.212020874023438 25.677087783813477 22.928020477294922
v 25.871807098388672 27.10908317565918 20.16309928894043
v 25.379053115844727 28.417697906494141 17.422920227050781
v 24.44627571105957 29.652877807617188 14.966427803039551
v 25.971771240234375 29.816240310668945 12.290309906005859
v 24.35835075378418 31.369110107421875 7.8826460838317871
v 23.810726165771484 32.097015380859375 2.1653003692626953
v 25.877162933349609 31.075143814086914 -2.8553190231323242
v 24.986597061157227 31.019340515136719 -5.950770378112793
v 23.878374099731445 30.831087112426758 -8.9982404708862305
v 25.541027069091797 28.396560668945312 -14.886416435241699
v 25.788726806640625 27.124715805053711 -17.867507934570312
v 26.050678253173828 25.756689071655273 -20.682811737060547
v 26.381027221679688 24.300491333007812 -23.343990325927734
v 26.701881408691406 22.791948318481445 -25.884397506713867
v 26.979965209960938 21.254707336425781 -28.329326629638672
v 27.260107040405273 19.699949264526367 -30.661348342895508
v 27.522172927856445 18.128772735595703 -32.911334991455078
v 27.77232551574707 16.516515731811523 -35.135074615478516
v 28.040916442871094 14.861813545227051 -37.332569122314453
v 28.332006454467773 13.163610458374023 -39.516029357910156
v 28.654367446899414 11.419218063354492 -41.696399688720703
v 29.030065536499023 9.6261472702026367 -43.881359100341797
v 29.493650436401367 7.7776980400085449 -46.076461791992188
v 30.091337203979492 5.864966869354248 -48.292182922363281
v 30.892190933227539 3.8786337375640869 -50.535449981689453
v 32.274402618408203 2.0074634552001953 -52.529407501220703
v 28.240230560302734 3.2327597141265869 52.220081329345703
v 25.633108139038086 3.5103867053985596 52.440555572509766
v 27.107999801635742 6.7047333717346191 48.624843597412109
v 26.612663269042969 8.569005012512207 46.656223297119141
v 26.198602676391602 10.4306640625 44.645542144775391
v 25.858470916748047 12.269536018371582 42.603057861328125
v 25.566032409667969 14.082559585571289 40.526744842529297
v 25.297607421875 15.870428085327148 38.409374237060547
v 25.043581008911133 17.637912750244141 36.233924865722656
v 24.780351638793945 19.388593673706055 33.985137939453125
v 24.422416687011719 21.099660873413086 31.723917007446289
v 23.693523406982422 22.53199577331543 29.95478630065918
v 23.94078254699707 23.856637954711914 27.724855422973633
v 23.752094268798828 25.400594711303711 25.199153900146484
v 23.446071624755859 26.876876831054688 22.621870040893555
v 23.019081115722656 28.258003234863281 20.043588638305664
v 22.356281280517578 29.562589645385742 17.53203010559082
v 21.402830123901367 30.828901290893555 15.048966407775879
v 23.131565093994141 30.862983703613281 12.633457183837891
v 21.74311637878418 32.551624298095703 7.1198124885559082
v 21.317596435546875 33.030422210693359 4.1342763900756836
v 23.570684432983398 32.145057678222656 -0.86064010858535767
v 23.051548004150391 32.084259033203125 -3.9166538715362549
v 21.208711624145508 31.771648406982422 -9.3876171112060547
v 22.149312973022461 30.762628555297852 -11.707566261291504
v 22.780820846557617 29.631431579589844 -14.384143829345703
v 23.058502197265625 28.358732223510742 -17.342294692993164
v 23.232637405395508 26.93775749206543 -20.326898574829102
v 23.528514862060547 25.40656852722168 -23.127105712890625
v 23.945064544677734 23.784242630004883 -25.77305793762207
v 24.263378143310547 22.168849945068359 -28.280117034912109
v 24.529464721679688 20.561136245727539 -30.655393600463867
v 24.783287048339844 18.939798355102539 -32.936450958251953
v 25.042877197265625 17.291788101196289 -35.158519744873047
v 25.315517425537109 15.606898307800293 -37.347965240478516
v 25.603443145751953 13.880587577819824 -39.522178649902344
v 25.908092498779297 12.110529899597168 -41.693439483642578
v 26.251239776611328 10.296847343444824 -43.865432739257812
v 26.679250717163086 8.433384895324707 -46.039199829101562
v 27.248285293579102 6.5089154243469238 -48.225055694580078
v 28.01716423034668 4.4866881370544434 -50.465084075927734
v 28.963109970092773 2.3058567047119141 -52.862697601318359
v 27.014507293701172 1.8357797861099243 53.985706329345703
v 22.813161849975586 3.8372988700866699 52.610847473144531
v 24.861288070678711 5.3783502578735352 50.590816497802734
v 24.274539947509766 7.2863864898681641 48.657833099365234
v 23.785995483398438 9.2052764892578125 46.677803039550781
v 23.396753311157227 11.100870132446289 44.671962738037109
v 23.099758148193359 12.972596168518066 42.628570556640625
v 22.839555740356445 14.824374198913574 40.544853210449219
v 22.57335090637207 16.647916793823242 38.432350158691406
v 22.306564331054688 18.432125091552734 36.291126251220703
v 22.009960174560547 20.163335800170898 34.1387939453125
v 21.589941024780273 21.819215774536133 32.043361663818359
v 21.316686630249023 23.451824188232422 29.795724868774414
v 21.208511352539062 24.990785598754883 27.448451995849609
v 20.964603424072266 26.501058578491211 25.032796859741211
v 20.616722106933594 27.954563140869141 22.568351745605469
v 20.119794845581055 29.341506958007812 20.082124710083008
v 19.420295715332031 30.684442520141602 17.559064865112305
v 18.551143646240234 31.992336273193359 14.906557083129883
v 20.386240005493164 32.028861999511719 12.392734527587891
v 19.617965698242188 33.016757965087891 9.4931011199951172
v 19.059610366821289 33.745624542236328 6.3887825012207031
v 18.386074066162109 34.278221130371094 3.0179564952850342
v 16.578100204467773 34.837860107421875 -2.53299880027771
v 20.281118392944336 33.042533874511719 -5.0380048751831055
v 18.869226455688477 32.994468688964844 -8.1610593795776367
v 19.192733764648438 32.019168853759766 -11.318859100341797
v 19.830015182495117 30.853525161743164 -14.07423210144043
v 20.288761138916016 29.593364715576172 -16.832809448242188
v 20.553646087646484 28.176214218139648 -19.734659194946289
v 20.544641494750977 26.545429229736328 -22.899026870727539
v 21.197729110717773 24.748027801513672 -25.673419952392578
v 21.546541213989258 23.054782867431641 -28.243467330932617
v 21.80925178527832 21.393135070800781 -30.654441833496094
v 22.057916641235352 19.727920532226562 -32.953536987304688
v 22.317813873291016 18.041847229003906 -35.180370330810547
v 22.595193862915039 16.32554817199707 -37.363090515136719
v 22.890129089355469 14.572572708129883 -39.523097991943359
v 23.177019119262695 12.770265579223633 -41.693733215332031
v 23.44873046875 10.927652359008789 -43.873916625976562
v 23.815286636352539 9.0676908493041992 -46.011219024658203
v 24.348127365112305 7.1457571983337402 -48.153457641601562
v 25.038188934326172 5.1950397491455078 -50.276622772216797
v 25.895702362060547 3.2644295692443848 -52.343887329101562
v 26.476762771606445 1.5881532430648804 -54.187187194824219
v 23.997493743896484 1.9166971445083618 54.414680480957031
v 22.024919509887695 5.8448495864868164 50.666439056396484
v 21.411725997924805 7.8597550392150879 48.675563812255859
v 20.897842407226562 9.8360748291015625 46.685024261474609
v 20.56434440612793 11.756418228149414 44.686912536621094
v 20.377199172973633 13.667336463928223 42.621498107910156
v 20.139707565307617 15.559473991394043 40.531303405761719
v 19.840494155883789 17.401927947998047 38.454158782958984
v 19.548263549804688 19.201242446899414 36.350685119628906
v 19.230802536010742 20.95591926574707 34.225914001464844
v 18.919185638427734 22.681703567504883 32.035308837890625
v 18.682094573974609 24.354707717895508 29.755014419555664
v 18.456430435180664 25.952804565429688 27.424406051635742
v 18.166929244995117 27.488803863525391 25.04334831237793
v 17.78746223449707 28.964738845825195 22.612846374511719
v 17.274465560913086 30.383630752563477 20.122323989868164
v 16.611597061157227 31.760032653808594 17.528423309326172
v 15.79627799987793 33.098003387451172 14.750068664550781
v 17.620595932006836 33.211597442626953 12.049745559692383
v 16.912775039672852 34.181941986083984 9.0066671371459961
v 16.353876113891602 34.869304656982422 5.8407654762268066
v 15.511045455932617 35.416915893554688 3.13344407081604
v 16.034513473510742 35.238922119140625 0.50998377799987793
v 17.513771057128906 34.070575714111328 -5.4774103164672852
v 15.726683616638184 34.225910186767578 -8.0204648971557617
v 16.424997329711914 33.203685760498047 -10.839664459228516
v 16.915422439575195 32.064640045166016 -13.709081649780273
v 17.411375045776367 30.803817749023438 -16.440824508666992
v 17.791778564453125 29.444263458251953 -19.126338958740234
v 18.002164840698242 28.021390914916992 -21.768764495849609
v 17.745027542114258 26.795549392700195 -24.101081848144531
v 18.474952697753906 25.457656860351562 -25.95042610168457
v 18.832187652587891 23.84730339050293 -28.315290451049805
v 19.091148376464844 22.179718017578125 -30.682575225830078
v 19.334598541259766 20.48347282409668 -32.977085113525391
v 19.593814849853516 18.762432098388672 -35.203643798828125
v 19.873878479003906 17.014366149902344 -37.380485534667969
v 20.177654266357422 15.239127159118652 -39.520687103271484
v 20.525218963623047 13.434426307678223 -41.632560729980469
v 20.552068710327148 11.569250106811523 -43.852928161621094
v 20.739912033081055 9.7381305694580078 -45.947940826416016
v 21.379985809326172 7.7644357681274414 -48.085941314697266
v 22.041774749755859 5.7570786476135254 -50.231742858886719
v 22.851530075073242 3.7719464302062988 -52.321495056152344
v 23.825479507446289 1.8757505416870117 -54.295215606689453
v 21.035520553588867 2.1173763275146484 54.649013519287109
v 19.918905258178711 4.2200827598571777 52.699581146240234
v 19.141407012939453 6.3899259567260742 50.636371612548828
v 18.452922821044922 8.4927940368652344 48.611164093017578
v 17.865291595458984 10.530713081359863 46.620578765869141
v 17.765314102172852 12.448305130004883 44.621322631835938
v 17.764926910400391 14.40544605255127 42.505538940429688
v 17.417797088623047 16.273426055908203 40.515445709228516
v 17.094217300415039 18.12578010559082 38.479251861572266
v 16.791587829589844 19.957141876220703 36.386909484863281
v 16.495817184448242 21.757411956787109 34.243930816650391
v 16.218547821044922 23.517366409301758 32.041378021240234
v 15.959256172180176 25.219995498657227 29.779125213623047
v 15.690516471862793 26.856527328491211 27.464780807495117
v 15.376973152160645 28.42607307434082 25.096649169921875
v 14.98701286315918 29.932802200317383 22.671607971191406
v 14.493448257446289 31.374780654907227 20.174480438232422
v 13.88707447052002 32.746410369873047 17.598968505859375
v 13.152420997619629 34.014774322509766 15.005167961120605
v 14.682780265808105 34.432300567626953 11.70380687713623
v 13.543274879455566 36.044395446777344 5.0110540390014648
v 13.035755157470703 36.400650024414062 1.4438153505325317
v 12.84759521484375 35.382694244384766 -7.6691770553588867
v 13.513483047485352 34.355087280273438 -10.57142448425293
v 14.037029266357422 33.209789276123047 -13.406326293945312
v 14.502779960632324 31.939617156982422 -16.16925048828125
v 14.930989265441895 30.567686080932617 -18.830392837524414
v 15.238251686096191 29.135408401489258 -21.408876419067383
v 15.358040809631348 27.681285858154297 -23.902900695800781
v 15.627561569213867 26.139184951782227 -26.279121398925781
v 16.052188873291016 24.567722320556641 -28.485519409179688
v 16.348737716674805 22.914382934570312 -30.75297737121582
v 16.603588104248047 21.200948715209961 -33.013484954833984
v 16.866771697998047 19.449399948120117 -35.230899810791016
v 17.148916244506836 17.667875289916992 -37.403560638427734
v 17.45343017578125 15.864568710327148 -39.533683776855469
v 17.777013778686523 14.062578201293945 -41.606327056884766
v 18.24211311340332 12.387906074523926 -43.451438903808594
v 17.371772766113281 10.653564453125 -45.635223388671875
v 18.227960586547852 8.4894199371337891 -47.893035888671875
v 19.024709701538086 6.3464560508728027 -50.123935699462891
v 19.843235015869141 4.1951570510864258 -52.349552154541016
v 20.929216384887695 2.1092767715454102 -54.47064208984375
v 17.943328857421875 2.4100320339202881 54.769668579101562
v 17.01795768737793 4.8320541381835938 52.527294158935547
v 16.157230377197266 7.0416984558105469 50.481254577636719
v 15.356061935424805 9.2073307037353516 48.458736419677734
v 14.611696243286133 11.438614845275879 46.344642639160156
v 15.557577133178711 13.287211418151855 44.234275817871094
v 15.050737380981445 15.032938957214355 42.504119873046875
v 14.663928985595703 16.912347793579102 40.554054260253906
v 14.347091674804688 18.809619903564453 38.510200500488281
v 14.048468589782715 20.684896469116211 36.411407470703125
v 13.760159492492676 22.52476692199707 34.264633178710938
v 13.482024192810059 24.318788528442383 32.067207336425781
v 13.207618713378906 26.055822372436523 29.817035675048828
v 12.9200439453125 27.727691650390625 27.513519287109375
v 12.594949722290039 29.330360412597656 25.154300689697266
v 12.207186698913574 30.86351203918457 22.7376708984375
v 11.732065200805664 32.317356109619141 20.264253616333008
v 11.144048690795898 33.673076629638672 17.764638900756836
v 10.409440040588379 34.916858673095703 15.288496971130371
v 12.135392189025879 35.057086944580078 12.921217918395996
v 8.2722578048706055 37.929527282714844 6.4682331085205078
v 10.892475128173828 37.144973754882812 4.1527271270751953
v 10.019752502441406 37.561042785644531 1.1152265071868896
v 11.243102073669434 36.961326599121094 -1.6166160106658936
v 10.655126571655273 35.497581481933594 -10.202188491821289
v 11.149294853210449 34.337013244628906 -13.110263824462891
v 11.590675354003906 33.03759765625 -15.940158843994141
v 12.047467231750488 31.614021301269531 -18.654108047485352
v 12.447877883911133 30.109457015991211 -21.268817901611328
v 12.718664169311523 28.563283920288086 -23.797037124633789
v 12.956896781921387 26.95720100402832 -26.243501663208008
v 13.265619277954102 25.303276062011719 -28.574075698852539
v 13.581192970275879 23.618564605712891 -30.824575424194336
v 13.858887672424316 21.882585525512695 -33.056404113769531
v 14.133859634399414 20.10093879699707 -35.260719299316406
v 14.421568870544434 18.283824920654297 -37.430076599121094
v 14.72464656829834 16.440813064575195 -39.564247131347656
v 15.061424255371094 14.574661254882812 -41.666034698486328
v 15.628602027893066 12.612321853637695 -43.786113739013672
v 14.945329666137695 9.1084814071655273 -47.799861907958984
v 15.943610191345215 7.004997730255127 -49.909099578857422
v 16.848989486694336 4.8158059120178223 -52.123653411865234
v 17.810661315917969 2.4075415134429932 -54.563804626464844
v 15.446986198425293 1.6625635623931885 55.766036987304688
v 14.86625862121582 3.4617092609405518 54.1259765625
v 13.943961143493652 5.5311098098754883 52.266117095947266
v 13.046636581420898 7.6480436325073242 50.351310729980469
v 12.16075325012207 9.7768955230712891 48.4202880859375
v 13.001940727233887 13.457379341125488 44.603630065917969
v 12.31474494934082 15.503767013549805 42.631145477294922
v 11.924355506896973 17.496063232421875 40.605247497558594
v 11.609335899353027 19.45384407043457 38.539413452148438
v 11.310250282287598 21.374538421630859 36.435123443603516
v 11.018659591674805 23.254980087280273 34.288700103759766
v 10.732239723205566 25.086591720581055 32.096511840820312
v 10.445491790771484 26.859813690185547 29.854579925537109
v 10.146561622619629 28.567525863647461 27.559904098510742
v 9.8166713714599609 30.203647613525391 25.209661483764648
v 9.432612419128418 31.761875152587891 22.80345344543457
v 8.9697074890136719 33.233062744140625 20.344577789306641
v 8.4102315902709961 34.612110137939453 17.829584121704102
v 7.8133506774902344 35.8985595703125 15.178842544555664
v 7.2243518829345703 37.052104949951172 12.366070747375488
v 7.0701503753662109 38.669403076171875 1.1315608024597168
v 7.816246509552002 36.645545959472656 -9.7293119430541992
v 8.316227912902832 35.483352661132812 -12.655069351196289
v 8.6855106353759766 34.143028259277344 -15.632787704467773
v 9.1265983581542969 32.651866912841797 -18.465242385864258
v 9.6378898620605469 31.041469573974609 -21.168882369995117
v 9.9926080703735352 29.407854080200195 -23.747413635253906
v 10.262914657592773 27.747444152832031 -26.211347579956055
v 10.530391693115234 26.047739028930664 -28.577114105224609
v 10.816834449768066 24.309629440307617 -30.861255645751953
v 11.105674743652344 22.534069061279297 -33.091564178466797
v 11.394455909729004 20.717283248901367 -35.288311004638672
v 11.691836357116699 18.863254547119141 -37.454387664794922
v 12.000869750976562 16.977939605712891 -39.593208312988281
v 12.334657669067383 15.064117431640625 -41.708297729492188
v 12.782931327819824 13.106664657592773 -43.808788299560547
v 13.762543678283691 11.10633659362793 -45.826778411865234
v 12.721132278442383 7.5217466354370117 -49.825000762939453
v 13.694555282592773 5.4771251678466797 -51.839248657226562
v 14.67554759979248 3.4432022571563721 -53.845207214355469
v 15.286801338195801 1.6596838235855103 -55.633823394775391
v 12.804359436035156 2.0091433525085449 55.68536376953125
v 11.756325721740723 3.9266364574432373 54.01470947265625
v 10.800623893737793 5.981198787689209 52.2064208984375
v 9.8546504974365234 8.0704727172851562 50.360492706298828
v 11.112415313720703 11.82478141784668 46.583248138427734
v 10.122322082519531 13.917095184326172 44.683380126953125
v 9.5602073669433594 16.010013580322266 42.677455902099609
v 9.1928024291992188 18.057260513305664 40.6319580078125
v 8.8793859481811523 20.062404632568359 38.559337615966797
v 8.5766019821166992 22.027414321899414 36.452651977539062
v 8.2761354446411133 23.949028015136719 34.308685302734375
v 7.9775605201721191 25.819475173950195 32.122776031494141
v 7.6787753105163574 27.630304336547852 29.888608932495117
v 7.3713688850402832 29.374612808227539 27.601064682006836
v 7.0395998954772949 31.04588508605957 25.256677627563477
v 6.6627292633056641 32.635509490966797 22.851186752319336
v 6.2240810394287109 34.1385498046875 20.376405715942383
v 5.7292385101318359 35.548778533935547 17.806224822998047
v 5.1903743743896484 36.843318939208984 15.131209373474121
v 4.5588884353637695 37.992603302001953 12.410232543945312
v 6.4713387489318848 38.064319610595703 9.4976081848144531
v 5.0912694931030273 39.046916961669922 6.8268065452575684
v 5.9137864112854004 39.032703399658203 4.0026068687438965
v 4.1421165466308594 39.743057250976562 1.3602651357650757
v 5.5137214660644531 39.114238739013672 -1.3614858388900757
v 4.9282054901123047 37.814357757568359 -9.1848468780517578
v 5.4871883392333984 36.664108276367188 -12.056528091430664
v 5.9213047027587891 35.320606231689453 -15.009653091430664
v 6.0775957107543945 33.721668243408203 -18.230514526367188
v 6.8449258804321289 31.931634902954102 -21.078975677490234
v 7.2510876655578613 30.210920333862305 -23.720497131347656
v 7.5361919403076172 28.495643615722656 -26.205757141113281
v 7.7954959869384766 26.753921508789062 -28.580862045288086
v 8.0655431747436523 24.973379135131836 -30.876176834106445
v 8.3513431549072266 23.154445648193359 -33.113777160644531
v 8.6490955352783203 21.298330307006836 -35.309329986572266
v 8.9570035934448242 19.406646728515625 -37.472602844238281
v 9.2755756378173828 17.482797622680664 -39.610748291015625
v 9.6134223937988281 15.526599884033203 -41.731449127197266
v 10.01878547668457 13.535272598266602 -43.838554382324219
v 10.649397850036621 11.507537841796875 -45.914131164550781
v 11.646240234375 9.5159406661987305 -47.877498626708984
v 10.489639282226562 5.8417739868164062 -51.821468353271484
v 11.50667667388916 3.864060640335083 -53.737602233886719
v 12.60280704498291 1.9905946254730225 -55.539505004882812
v 9.7341413497924805 2.1663928031921387 55.779228210449219
v 8.6580476760864258 4.1636958122253418 54.066120147705078
v 7.6334018707275391 6.2533488273620605 52.259963989257812
v 8.8881292343139648 10.151372909545898 48.521968841552734
v 7.9628849029541016 12.243934631347656 46.659156799316406
v 7.2613520622253418 14.375308036804199 44.708766937255859
v 6.8088021278381348 16.499799728393555 42.690750122070312
v 6.4706330299377441 18.587905883789062 40.639873504638672
v 6.1612424850463867 20.638069152832031 38.562873840332031
v 5.8501529693603516 22.646200180053711 36.456691741943359
v 5.5342082977294922 24.607481002807617 34.319255828857422
v 5.2195806503295898 26.515802383422852 32.142837524414062
v 4.9088215827941895 28.364730834960938 29.917184829711914
v 4.5953478813171387 30.147722244262695 27.634973526000977
v 4.2652263641357422 31.857326507568359 25.291288375854492
v 3.9021198749542236 33.484249114990234 22.878610610961914
v 3.4950902462005615 35.0196533203125 20.386131286621094
v 3.0356175899505615 36.448932647705078 17.809499740600586
v 2.4954178333282471 37.750461578369141 15.17104434967041
v 1.8135662078857422 38.91070556640625 12.522850036621094
v 2.6076931953430176 39.838329315185547 7.4237313270568848
v 2.6908063888549805 40.169704437255859 4.4033021926879883
v 1.2171382904052734 40.791084289550781 1.2060304880142212
v 2.6344449520111084 40.127899169921875 -1.6357077360153198
v 4.0178036689758301 39.357795715332031 -3.7748622894287109
v 2.0266385078430176 39.014064788818359 -8.5158014297485352
v 2.6125819683074951 37.836170196533203 -11.479107856750488
v 3.1073174476623535 36.540904998779297 -14.293974876403809
v 3.4532008171081543 35.148597717285156 -17.013824462890625
v 3.3059186935424805 33.912422180175781 -19.404539108276367
v 4.1068687438964844 32.571662902832031 -21.334901809692383
v 4.5171999931335449 30.921117782592773 -23.781534194946289
v 4.7994775772094727 29.191379547119141 -26.224658966064453
v 5.0508923530578613 27.415359497070312 -28.592409133911133
v 5.3120393753051758 25.597095489501953 -30.887319564819336
v 5.593876838684082 23.738834381103516 -33.125770568847656
v 5.8960504531860352 21.843656539916992 -35.320468902587891
v 6.2136549949645996 19.914037704467773 -37.480930328369141
v 6.5428709983825684 17.953372955322266 -39.616107940673828
v 6.8869867324829102 15.962054252624512 -41.734287261962891
v 7.2724075317382812 13.937945365905762 -43.842983245849609
v 7.7777070999145508 11.883252143859863 -45.932083129882812
v 8.5217885971069336 9.8328447341918945 -47.961421966552734
v 9.4761190414428711 7.8268418312072754 -49.905769348144531
v 8.3673086166381836 4.0413637161254883 -53.817928314208984
v 9.4886445999145508 2.1221780776977539 -55.64654541015625
v 6.7227392196655273 2.1852190494537354 55.943737030029297
v 5.535639762878418 4.2968249320983887 54.152732849121094
v 6.6476125717163086 8.3536224365234375 50.442340850830078
v 5.7323160171508789 10.471632957458496 48.595111846923828
v 4.9826459884643555 12.625303268432617 46.685916900634766
v 4.4508533477783203 14.80142879486084 44.703739166259766
v 4.0786681175231934 16.964405059814453 42.674541473388672
v 3.7692940235137939 19.095438003540039 40.617130279541016
v 3.460392951965332 21.188421249389648 38.538661956787109
v 3.1300256252288818 23.234207153320312 36.440887451171875
v 2.7892253398895264 25.229349136352539 34.318565368652344
v 2.4561975002288818 27.172948837280273 32.155834197998047
v 2.1354532241821289 29.060998916625977 29.938186645507812
v 1.8188029527664185 30.885309219360352 27.658897399902344
v 1.4931683540344238 32.635910034179688 25.313695907592773
v 1.1442165374755859 34.300323486328125 22.896078109741211
v 0.75683248043060303 35.865795135498047 20.402441024780273
v 0.30740371346473694 37.316280364990234 17.837381362915039
v -0.2406797856092453 38.639362335205078 15.214168548583984
v -0.91749399900436401 39.833114624023438 12.524225234985352
v -1.6809343099594116 40.882114410400391 9.6952962875366211
v 0.26008567214012146 40.76385498046875 6.8893108367919922
v -0.60000485181808472 41.371799468994141 3.9599370956420898
v -1.7104835510253906 41.810352325439453 0.90837591886520386
v -0.82224792242050171 40.079124450683594 -8.0801610946655273
v -0.24957238137722015 38.92095947265625 -11.062919616699219
v 0.25398534536361694 37.616043090820312 -13.884117126464844
v 0.66038191318511963 36.212661743164062 -16.567634582519531
v 0.89911854267120361 34.752250671386719 -19.13969612121582
v 1.2666358947753906 33.179718017578125 -21.599271774291992
v 1.7398806810379028 31.5623779296875 -23.897357940673828
v 2.0516669750213623 29.839035034179688 -26.254146575927734
v 2.3015809059143066 28.03828239440918 -28.596395492553711
v 2.5523757934570312 26.185016632080078 -30.885965347290039
v 2.8267910480499268 24.289438247680664 -33.122413635253906
v 3.1301319599151611 22.356409072875977 -35.31396484375
v 3.4571030139923096 20.389802932739258 -37.471248626708984
v 3.7984070777893066 18.393135070800781 -39.603347778320312
v 4.1516547203063965 16.368593215942383 -41.717319488525391
v 4.5305733680725098 14.315162658691406 -43.821441650390625
v 4.9768691062927246 12.23061466217041 -45.916297912597656
v 5.5666050910949707 10.134325981140137 -47.980396270751953
v 6.3531417846679688 8.0647115707397461 -49.978397369384766
v 7.3084545135498047 6.0397639274597168 -51.912593841552734
v 6.4484248161315918 2.1132404804229736 -55.828411102294922
v 3.6280567646026611 2.2315576076507568 56.024005889892578
v 4.4594612121582031 6.434624195098877 52.33563232421875
v 3.490595817565918 8.5880470275878906 50.498405456542969
v 2.6864652633666992 10.773861885070801 48.610336303710938
v 2.0926053524017334 12.993280410766602 46.655735015869141
v 1.6828770637512207 15.219851493835449 44.646724700927734
v 1.3811256885528564 17.425539016723633 42.606678009033203
v 1.1010204553604126 19.596433639526367 40.544994354248047
v 0.7762984037399292 21.721006393432617 38.477348327636719
v 0.40516668558120728 23.789613723754883 36.406761169433594
v 0.033168748021125793 25.809581756591797 34.309867858886719
v -0.31425368785858154 27.789173126220703 32.159442901611328
v -0.64124977588653564 29.719701766967773 29.94609260559082
v -0.95905840396881104 31.587966918945312 27.667716979980469
v -1.2804746627807617 33.380645751953125 25.322296142578125
v -1.6205571889877319 35.082286834716797 22.906002044677734
v -1.9984103441238403 36.679847717285156 20.418901443481445
v -2.4419505596160889 38.156745910644531 17.861125946044922
v -2.9791278839111328 39.506351470947266 15.232444763183594
v -3.6245677471160889 40.718067169189453 12.521350860595703
v -4.4152436256408691 41.769412994384766 9.7560234069824219
v -2.5750789642333984 41.759227752685547 6.7737541198730469
v -3.8515138626098633 42.492725372314453 3.8310105800628662
v -4.4396095275878906 42.726924896240234 0.46245777606964111
v -2.9431288242340088 41.996063232421875 -2.2516851425170898
v -3.7644274234771729 41.04345703125 -7.9703383445739746
v -3.1390938758850098 39.889293670654297 -10.834903717041016
v -2.605224609375 38.571533203125 -13.639400482177734
v -2.1275243759155273 37.123264312744141 -16.345483779907227
v -1.7481821775436401 35.580989837646484 -18.94917106628418
v -1.3959832191467285 33.944831848144531 -21.468446731567383
v -1.0164706707000732 32.235488891601562 -23.884384155273438
v -0.68910443782806396 30.473411560058594 -26.231576919555664
v -0.4390718936920166 28.643613815307617 -28.558618545532227
v -0.20617857575416565 26.754280090332031 -30.845775604248047
v 0.048642128705978394 24.820158004760742 -33.083106994628906
v 0.34464633464813232 22.849983215332031 -35.273006439208984
v 0.68061661720275879 20.847204208374023 -37.427024841308594
v 1.0375984907150269 18.813850402832031 -39.557399749755859
v 1.4019116163253784 16.754966735839844 -41.669326782226562
v 1.7825422286987305 14.674093246459961 -43.766769409179688
v 2.2065885066986084 12.564836502075195 -45.8577880859375
v 2.7132411003112793 10.425661087036133 -47.943435668945312
v 3.3602092266082764 8.2867889404296875 -49.994907379150391
v 4.202704906463623 6.1886663436889648 -51.983871459960938
v 5.2411832809448242 4.1331148147583008 -53.922550201416016
v 0.47207531332969666 2.2775473594665527 56.047599792480469
v 2.3828365802764893 4.3990950584411621 54.208404541015625
v 1.2881966829299927 6.6030979156494141 52.360542297363281
v 0.3784925639629364 8.8318815231323242 50.480056762695312
v -0.2934441864490509 11.098538398742676 48.537193298339844
v -0.74231421947479248 13.393374443054199 46.533653259277344
v -1.0441830158233643 15.677268028259277 44.499813079833984
v -1.2649606466293335 17.913516998291016 42.456653594970703
v -1.523716926574707 20.105308532714844 40.407623291015625
v -1.9144158363342285 22.226896286010742 38.387535095214844
v -2.345365047454834 24.294668197631836 36.372764587402344
v -2.7354390621185303 26.345306396484375 34.29193115234375
v -3.0900745391845703 28.369674682617188 32.143100738525391
v -3.4208571910858154 30.34722900390625 29.929250717163086
v -3.7394773960113525 32.261024475097656 27.65123176574707
v -4.0587577819824219 34.09576416015625 25.308294296264648
v -4.3945269584655762 35.834362030029297 22.897983551025391
v -4.7665348052978516 37.463771820068359 20.421052932739258
v -5.2013564109802246 38.965953826904297 17.875560760498047
v -5.7253952026367188 40.330516815185547 15.268844604492188
v -6.3737831115722656 41.540283203125 12.627603530883789
v -7.2182168960571289 42.583118438720703 10.023775100708008
v -7.1892261505126953 43.477455139160156 4.8944888114929199
v -7.2555136680603027 43.607345581054688 0.11913368850946426
v -5.7708024978637695 42.906047821044922 -2.4062204360961914
v -6.6573319435119629 41.978263854980469 -7.774202823638916
v -6.0727710723876953 40.810379028320312 -10.674726486206055
v -5.5250473022460938 39.465507507324219 -13.479117393493652
v -4.9372086524963379 37.954338073730469 -16.198322296142578
v -4.481020450592041 36.351551055908203 -18.814657211303711
v -4.0811491012573242 34.678524017333984 -21.317802429199219
v -3.7027032375335693 32.935813903808594 -23.737140655517578
v -3.3838322162628174 31.12506103515625 -26.103092193603516
v -3.1461608409881592 29.258184432983398 -28.433889389038086
v -2.9465498924255371 27.334325790405273 -30.725015640258789
v -2.7323739528656006 25.360515594482422 -32.972297668457031
v -2.466083288192749 23.350399017333984 -35.168174743652344
v -2.1271247863769531 21.311594009399414 -37.321197509765625
v -1.7439948320388794 19.240177154541016 -39.451438903808594
v -1.3630956411361694 17.140632629394531 -41.568862915039062
v -0.98474228382110596 15.028371810913086 -43.664608001708984
v -0.56872326135635376 12.903368949890137 -45.741500854492188
v -0.085608445107936859 10.744645118713379 -47.822223663330078
v 0.46668261289596558 8.5382633209228516 -49.919822692871094
v 1.1623340845108032 6.349393367767334 -51.980457305908203
v 2.1250083446502686 4.2208290100097656 -53.970973968505859
v 3.3501236438751221 2.1447575092315674 -55.910678863525391
v -0.80324369668960571 4.5177183151245117 54.19158935546875
v -1.8991131782531738 6.8078150749206543 52.29254150390625
v -2.7217681407928467 9.1276607513427734 50.34979248046875
v -3.2184817790985107 11.508191108703613 48.328475952148438
v -3.5186336040496826 13.91044807434082 46.254009246826172
v -3.7271363735198975 16.23893928527832 44.202964782714844
v -3.8228435516357422 18.453287124633789 42.195949554443359
v -4.1378045082092285 20.597892761230469 40.231266021728516
v -4.6677131652832031 22.640514373779297 38.342502593994141
v -5.1128931045532227 24.742706298828125 36.336318969726562
v -5.508784294128418 26.852193832397461 34.24249267578125
v -5.8696637153625488 28.929105758666992 32.085647583007812
v -6.2034683227539062 30.955339431762695 29.869575500488281
v -6.5227108001708984 32.914279937744141 27.593202590942383
v -6.842045783996582 34.788009643554688 25.255205154418945
v -7.1764736175537109 36.562702178955078 22.85807991027832
v -7.5456709861755371 38.219078063964844 20.400241851806641
v -7.9766073226928711 39.739498138427734 17.885398864746094
v -8.5052118301391602 41.108661651611328 15.335597038269043
v -9.1729307174682617 42.309810638427734 12.800907135009766
v -10.017558097839355 43.330821990966797 10.362724304199219
v -8.4688253402709961 43.518905639648438 7.5745382308959961
v -8.9054079055786133 44.163181304931641 2.688654899597168
v -10.024699211120605 44.470954895019531 0.1441953182220459
v -8.5389699935913086 43.778228759765625 -2.3740408420562744
v -9.5193700790405273 42.931907653808594 -7.3447751998901367
v -8.6124629974365234 40.351753234863281 -13.33273983001709
v -7.7527041435241699 38.706924438476562 -16.12278938293457
v -7.2429919242858887 37.049118041992188 -18.744085311889648
v -6.8220062255859375 35.348308563232422 -21.220060348510742
v -6.395350456237793 33.604114532470703 -23.570957183837891
v -6.0183854103088379 31.788106918334961 -25.880512237548828
v -5.7925443649291992 29.902791976928711 -28.19310188293457
v -5.6493453979492188 27.961765289306641 -30.474956512451172
v -5.49359130859375 25.954706192016602 -32.730876922607422
v -5.2969465255737305 23.893589019775391 -34.951305389404297
v -4.9891314506530762 21.813549041748047 -37.114692687988281
v -4.559016227722168 19.706073760986328 -39.244937896728516
v -4.1324191093444824 17.556421279907227 -41.378673553466797
v -3.7674989700317383 15.398044586181641 -43.491119384765625
v -3.3825047016143799 13.254369735717773 -45.561054229736328
v -2.9018242359161377 11.10787296295166 -47.605194091796875
v -2.3345181941986084 8.898707389831543 -49.682113647460938
v -1.8037363290786743 6.5761423110961914 -51.854339599609375
v -1.0206634998321533 4.3442068099975586 -53.927474975585938
v 0.21691702306270599 2.1927614212036133 -55.921669006347656
v -2.7260403633117676 2.3424005508422852 55.997005462646484
v -4.0252127647399902 4.6783242225646973 54.078704833984375
v -5.1644511222839355 7.0819931030273438 52.097625732421875
v -5.799990177154541 9.5440034866333008 50.051948547363281
v -6.0234551429748535 12.139641761779785 47.871833801269531
v -6.2390384674072266 14.657381057739258 45.723743438720703
v -6.3988833427429199 17.03411865234375 43.651256561279297
v -6.1588320732116699 19.032148361206055 41.841053009033203
v -6.9339165687561035 20.792802810668945 40.302646636962891
v -7.4268627166748047 22.97430419921875 38.312705993652344
v -7.8751311302185059 25.184333801269531 36.238582611083984
v -8.2879257202148438 27.357654571533203 34.124645233154297
v -8.6550378799438477 29.485256195068359 31.961431503295898
v -8.9887123107910156 31.557048797607422 29.743446350097656
v -9.3074588775634766 33.557167053222656 27.47038459777832
v -9.6296215057373047 35.466575622558594 25.143682479858398
v -9.9686069488525391 37.269306182861328 22.768728256225586
v -10.338775634765625 38.948326110839844 20.344444274902344
v -10.772818565368652 40.486083984375 17.871465682983398
v -11.320209503173828 41.865867614746094 15.370746612548828
v -12.010333061218262 43.083175659179688 12.875493049621582
v -10.988519668579102 44.162712097167969 8.1574172973632812
v -11.797761917114258 45.045036315917969 2.5071611404418945
v -12.791333198547363 45.236316680908203 -0.39548817276954651
v -11.712639808654785 42.798603057861328 -9.4895734786987305
v -11.309343338012695 41.58575439453125 -12.134211540222168
v -11.392226219177246 40.451580047607422 -14.46208381652832
v -10.520380973815918 39.219722747802734 -16.378896713256836
v -10.012564659118652 37.6265869140625 -18.791011810302734
v -9.6034784317016602 35.919708251953125 -21.207387924194336
v -9.1757993698120117 34.168357849121094 -23.505954742431641
v -8.6546411514282227 32.421375274658203 -25.640430450439453
v -8.3487367630004883 30.58404541015625 -27.837409973144531
v -8.303044319152832 28.679971694946289 -30.056100845336914
v -8.2129945755004883 26.663997650146484 -32.297473907470703
v -8.0972900390625 24.558137893676758 -34.541149139404297
v -7.9211459159851074 22.392822265625 -36.769859313964844
v -7.4609389305114746 20.250356674194336 -38.904598236083984
v -6.8836202621459961 18.041473388671875 -41.063430786132812
v -6.5280947685241699 15.823408126831055 -43.207355499267578
v -6.229621410369873 13.630322456359863 -45.300899505615234
v -5.8126888275146484 11.485711097717285 -47.321754455566406
v -5.1879663467407227 9.3570241928100586 -49.307037353515625
v -4.5066490173339844 7.1088085174560547 -51.385169982910156
v -4.3072876930236816 4.5380573272705078 -53.758319854736328
v -2.9391789436340332 2.2626814842224121 -55.854816436767578
v -5.9380841255187988 2.4197113513946533 55.876922607421875
v -7.2776436805725098 4.857245922088623 53.886714935302734
v -8.6316471099853516 7.4601473808288574 51.742057800292969
v -8.5811824798583984 10.390349388122559 49.347805023193359
v -8.6945285797119141 13.103601455688477 47.096145629882812
v -8.9017839431762695 15.737813949584961 44.867473602294922
v -8.9121227264404297 18.469989776611328 42.500862121582031
v -9.6092061996459961 21.017620086669922 40.266853332519531
v -10.143520355224609 23.402528762817383 38.124393463134766
v -10.654695510864258 25.670022964477539 36.036781311035156
v -11.082601547241211 27.888006210327148 33.919406890869141
v -11.445501327514648 30.061594009399414 31.75068473815918
v -11.770962715148926 32.174442291259766 29.532197952270508
v -12.088127136230469 34.210357666015625 27.265243530273438
v -12.422828674316406 36.147045135498047 24.958221435546875
v -12.775150299072266 37.965641021728516 22.618757247924805
v -13.142421722412109 39.656803131103516 20.233362197875977
v -13.574197769165039 41.222698211669922 17.791934967041016
v -14.139684677124023 42.631389617919922 15.296696662902832
v -14.815276145935059 43.892528533935547 12.731002807617188
v -13.845719337463379 45.513214111328125 4.7663202285766602
v -15.471174240112305 45.911151885986328 -1.137235164642334
v -13.352795600891113 44.941841125488281 -3.6160154342651367
v -14.458069801330566 43.71392822265625 -8.9396953582763672
v -14.184874534606934 42.567901611328125 -11.524223327636719
v -13.828898429870605 41.228595733642578 -14.063497543334961
v -13.373866081237793 39.727989196777344 -16.535371780395508
v -12.821112632751465 38.146892547607422 -18.848424911499023
v -12.407661437988281 36.426540374755859 -21.206708908081055
v -12.009941101074219 34.613979339599609 -23.531547546386719
v -11.513338088989258 32.784412384033203 -25.719949722290039
v -10.708096504211426 31.254959106445312 -27.415834426879883
v -10.942106246948242 29.580209732055664 -29.384244918823242
v -10.868117332458496 27.541494369506836 -31.624423980712891
v -10.842668533325195 25.417123794555664 -33.873329162597656
v -10.763124465942383 23.215961456298828 -36.113460540771484
v -10.656644821166992 20.84467887878418 -38.460868835449219
v -9.5776071548461914 18.589788436889648 -40.633457183837891
v -9.2171125411987305 16.341541290283203 -42.782604217529297
v -9.0248746871948242 14.109001159667969 -44.888881683349609
v -8.8193902969360352 11.870718955993652 -46.974277496337891
v -8.241363525390625 9.7586097717285156 -48.930370330810547
v -9.2741756439208984 5.8522787094116211 -52.451026916503906
v -7.7245545387268066 3.9714868068695068 -54.197963714599609
v -6.1032466888427734 2.1714541912078857 -55.875942230224609
v -9.1518115997314453 2.4258670806884766 55.755901336669922
v -10.507634162902832 4.7230830192565918 53.873977661132812
v -12.108145713806152 6.6584134101867676 52.261566162109375
v -11.335302352905273 9.0734024047851562 50.362758636474609
v -11.194923400878906 11.634441375732422 48.292182922363281
v -11.63557243347168 16.800043106079102 43.988258361816406
v -11.865363121032715 19.181707382202148 41.952224731445312
v -12.280206680297852 21.629663467407227 39.8236083984375
v -12.952383995056152 23.916662216186523 37.805156707763672
v -13.479131698608398 26.193386077880859 35.740837097167969
v -13.890267372131348 28.465967178344727 33.604587554931641
v -14.235629081726074 30.679859161376953 31.431818008422852
v -14.537153244018555 32.826217651367188 29.215047836303711
v -14.860231399536133 34.891269683837891 26.958440780639648
v -15.236255645751953 36.841903686523438 24.687320709228516
v -15.603961944580078 38.658672332763672 22.40205192565918
v -15.929091453552246 40.353118896484375 20.048891067504883
v -16.354364395141602 41.944477081298828 17.609701156616211
v -16.953350067138672 43.401008605957031 15.120753288269043
v -17.576313018798828 44.689002990722656 12.490447044372559
v -18.225664138793945 45.810863494873047 9.6320905685424805
v -19.196405410766602 46.759742736816406 6.5441188812255859
v -17.558120727539062 46.665763854980469 1.048159122467041
v -18.420656204223633 46.607807159423828 -1.8573822975158691
v -17.791038513183594 45.433315277099609 -6.2658200263977051
v -17.232662200927734 43.567348480224609 -10.870059013366699
v -16.508611679077148 42.058307647705078 -13.580620765686035
v -16.018840789794922 40.45050048828125 -16.177528381347656
v -15.586737632751465 38.749042510986328 -18.661552429199219
v -15.200704574584961 36.967727661132812 -21.06103515625
v -14.832979202270508 35.085319519042969 -23.428367614746094
v -14.341797828674316 33.094661712646484 -25.765192031860352
v -13.502416610717773 30.948112487792969 -28.139179229736328
v -13.389163970947266 28.654582977294922 -30.652227401733398
v -13.500956535339355 26.437768936157227 -32.989955902099609
v -13.60983943939209 24.323104858398438 -35.132785797119141
v -13.511038780212402 22.104280471801758 -37.309814453125
v -11.982212066650391 18.89227294921875 -40.379280090332031
v -11.725974082946777 14.784252166748047 -44.246829986572266
v -11.666488647460938 12.512938499450684 -46.336925506591797
v -10.272880554199219 7.9232363700866699 -50.554523468017578
v -10.963665962219238 3.9436032772064209 -54.083259582519531
v -9.4157466888427734 2.0188446044921875 -55.883205413818359
v -12.448668479919434 2.3096203804016113 55.660747528076172
v -13.711359977722168 12.800229072570801 47.263534545898438
v -13.999581336975098 15.260146141052246 45.24261474609375
v -14.21148681640625 20.028640747070312 41.239459991455078
v -15.152061462402344 22.099584579467773 39.464096069335938
v -15.851930618286133 24.39239501953125 37.464859008789062
v -16.303569793701172 26.797384262084961 35.309429168701172
v -17.009958267211914 31.358404159545898 30.991281509399414
v -17.252874374389648 33.532279968261719 28.774620056152344
v -18.11468505859375 37.554679870605469 24.338481903076172
v -18.451797485351562 39.352115631103516 22.112161636352539
v -18.621971130371094 41.035953521728516 19.772790908813477
v -19.15894889831543 42.652671813964844 17.369842529296875
v -19.815546035766602 44.09747314453125 14.967491149902344
v -20.318595886230469 45.419708251953125 12.255083084106445
v -20.955320358276367 46.493621826171875 9.5587053298950195
v -21.867048263549805 47.598701477050781 4.9026951789855957
v -19.636266708374023 47.207180023193359 3.1428625583648682
v -20.478921890258789 47.334266662597656 -0.041782140731811523
v -21.521856307983398 47.075054168701172 -3.306776762008667
v -19.008600234985352 46.269596099853516 -4.2544112205505371
v -19.190309524536133 44.923233032226562 -8.6722288131713867
v -20.522176742553711 44.195098876953125 -10.94948673248291
v -19.283376693725586 42.768318176269531 -13.22907829284668
v -18.637975692749023 41.168315887451172 -15.728694915771484
v -17.937807083129883 37.615287780761719 -20.681488037109375
v -17.657711029052734 35.677776336669922 -23.09272575378418
v -17.27269172668457 33.656997680664062 -25.439241409301758
v -16.649612426757812 31.584054946899414 -27.710634231567383
v -16.638771057128906 25.565029144287109 -33.952136993408203
v -16.461732864379883 21.008073806762695 -38.332412719726562
v -14.313539505004883 17.849258422851562 -41.345726013183594
v -14.351746559143066 15.699908256530762 -43.338020324707031
v -14.403342247009277 13.518553733825684 -45.327560424804688
v -14.931665420532227 8.9813461303710938 -49.368160247802734
v -12.272326469421387 5.9501738548278809 -52.22918701171875
v -14.158437728881836 4.0774011611938477 -53.760963439941406
v -13.942906379699707 4.3476533889770508 53.965591430664062
v -15.137578010559082 6.0857234001159668 52.525608062744141
v -16.468982696533203 11.723082542419434 47.991706848144531
v -15.965789794921875 13.753071784973145 46.390129089355469
v -16.969505310058594 15.623435020446777 44.832710266113281
v -18.228334426879883 17.646425247192383 43.11724853515625
v -18.215095520019531 22.368276596069336 39.209300994873047
v -18.649425506591797 25.078073501586914 36.873580932617188
v -19.142269134521484 27.545671463012695 34.689044952392578
v -19.591852188110352 29.900617599487305 32.536464691162109
v -19.700613021850586 32.108467102050781 30.418264389038086
v -19.885637283325195 34.310279846191406 28.198293685913086
v -20.512130737304688 36.344558715820312 26.070316314697266
v -21.253786087036133 40.092021942138672 21.670259475708008
v -20.985855102539062 41.694480895996094 19.3668212890625
v -22.255161285400391 43.166740417480469 17.460968017578125
v -22.558568954467773 44.831981658935547 14.565999984741211
v -23.137018203735352 46.150356292724609 11.884014129638672
v -24.329614639282227 47.952072143554688 6.638298511505127
v -24.580173492431641 48.3306884765625 3.9430153369903564
v -23.416719436645508 47.904056549072266 -0.96612149477005005
v -22.108806610107422 45.523788452148438 -8.6584844589233398
v -22.192546844482422 43.348522186279297 -13.061463356018066
v -23.539648056030273 41.003009796142578 -16.952468872070312
v -20.872207641601562 40.185390472412109 -17.666753768920898
v -23.080904006958008 37.310073852539062 -21.659454345703125
v -20.40966796875 36.408271789550781 -22.506227493286133
v -21.080842971801758 28.259834289550781 -31.273324966430664
v -20.011989593505859 26.049896240234375 -33.449363708496094
v -19.14518928527832 23.934276580810547 -35.503993988037109
v -18.624429702758789 21.979940414428711 -37.369197845458984
v -17.431291580200195 10.301638603210449 -48.016529083251953
v -15.495133399963379 6.3597431182861328 -51.655635833740234
v -17.588111877441406 4.4710507392883301 53.571475982666016
v -19.820272445678711 8.5389556884765625 50.206752777099609
v -19.393362045288086 11.022481918334961 48.319644927978516
v -20.925296783447266 21.47789192199707 39.845119476318359
v -21.018501281738281 23.575885772705078 38.090312957763672
v -22.034391403198242 28.358453750610352 33.944965362548828
v -21.863519668579102 33.009975433349609 29.619644165039062
v -22.64935302734375 34.93658447265625 27.738645553588867
v -23.499471664428711 36.994037628173828 25.627885818481445
v -25.145553588867188 42.604690551757812 18.931577682495117
v -24.837238311767578 44.218330383300781 16.36768913269043
v -25.388273239135742 45.690040588378906 13.838113784790039
v -26.623134613037109 47.962738037109375 8.4839878082275391
v -27.069353103637695 48.639095306396484 5.6458230018615723
v -27.105804443359375 48.898265838623047 3.1904830932617188
v -28.318422317504883 49.116485595703125 1.0602526664733887
v -26.469047546386719 48.486961364746094 -1.3798173666000366
v -26.581148147583008 47.200096130371094 -6.3768482208251953
v -25.124954223632812 46.026653289794922 -8.7370061874389648
v -26.762638092041016 45.058624267578125 -11.181770324707031
v -23.734567642211914 42.412113189697266 -14.899799346923828
v -26.289350509643555 42.125553131103516 -15.736960411071777
v -25.784067153930664 40.20208740234375 -18.278562545776367
v -22.980894088745117 35.216045379638672 -24.061983108520508
v -22.969629287719727 32.851226806640625 -26.619014739990234
v -21.977479934692383 30.509765625 -29.020534515380859
v -23.141300201416016 26.484708786010742 -32.922027587890625
v -19.039230346679688 17.945791244506836 -41.050701141357422
v -19.909358978271484 13.861165046691895 -44.657478332519531
v -20.291818618774414 9.3779315948486328 -48.56353759765625
v -20.409767150878906 7.4247722625732422 -50.258476257324219
v -18.793197631835938 5.8705477714538574 -51.786930084228516
v -17.297754287719727 4.0549774169921875 -53.515251159667969
v -15.916481018066406 2.0506656169891357 -55.396198272705078
v -21.052461624145508 3.7814218997955322 53.735149383544922
v -21.809206008911133 12.85660457611084 46.652603149414062
v -24.869325637817383 13.480306625366211 45.820541381835938
v -23.044919967651367 15.404654502868652 44.538108825683594
v -24.501819610595703 17.695720672607422 42.583351135253906
v -23.445892333984375 21.910331726074219 39.320518493652344
v -25.768449783325195 31.25892448425293 31.266044616699219
v -25.487119674682617 35.275436401367188 27.486148834228516
v -26.568471908569336 37.319679260253906 25.443460464477539
v -29.161718368530273 40.790428161621094 21.681888580322266
v -27.975202560424805 42.393135070800781 19.634431838989258
v -27.003467559814453 43.702907562255859 17.688495635986328
v -27.625883102416992 45.071968078613281 15.624855041503906
v -31.404666900634766 47.268115997314453 12.493879318237305
v -29.392040252685547 48.775230407714844 7.297055721282959
v -31.300655364990234 49.637050628662109 0.87949395179748535
v -29.458202362060547 49.015430450439453 -1.5208925008773804
v -28.193225860595703 46.399402618408203 -8.9201440811157227
v -30.068746566772461 45.232810974121094 -11.486130714416504
v -28.052219390869141 43.782112121582031 -13.570097923278809
v -28.258321762084961 39.380355834960938 -19.426488876342773
v -25.951517105102539 32.489738464355469 -26.948307037353516
v -24.950775146484375 30.770851135253906 -28.697633743286133
v -24.103609085083008 28.65510368347168 -30.798727035522461
v -22.818387985229492 10.569353103637695 -47.238956451416016
v -23.063676834106445 8.0452909469604492 -49.402034759521484
v -21.95728874206543 5.783989429473877 -51.503711700439453
v -20.556343078613281 3.8895649909973145 -53.318466186523438
v -19.148563385009766 2.0062639713287354 -55.110122680664062
v -24.251596450805664 2.801816463470459 54.0633544921875
v -23.365850448608398 5.186429500579834 52.373497009277344
v -24.604948043823242 11.235518455505371 47.583812713623047
v -26.057256698608398 15.641171455383301 44.004360198974609
v -27.691568374633789 17.545675277709961 42.311576843261719
v -25.978113174438477 20.034526824951172 40.588382720947266
v -28.159530639648438 21.897052764892578 38.861225128173828
v -27.27446174621582 27.237661361694336 34.646877288818359
v -27.136890411376953 33.425254821777344 29.233720779418945
v -31.042543411254883 39.148235321044922 23.545799255371094
v -30.763734817504883 42.498264312744141 19.746742248535156
v -32.520355224609375 44.139373779296875 17.749824523925781
v -30.491878509521484 45.617610931396484 15.307473182678223
v -31.539119720458984 48.594593048095703 9.2477455139160156
v -32.279018402099609 49.483180999755859 6.1755080223083496
v -29.904148101806641 49.38214111328125 3.9654645919799805
v -34.552162170410156 50.029705047607422 0.10154268890619278
v -32.459281921386719 49.405448913574219 -2.041987419128418
v -33.105308532714844 47.574249267578125 -7.6039047241210938
v -33.038490295410156 46.087516784667969 -10.422393798828125
v -29.489906311035156 42.330696105957031 -15.75363826751709
v -30.649196624755859 40.717086791992188 -17.866724014282227
v -28.32421875 37.46539306640625 -21.638442993164062
v -28.486791610717773 35.387165069580078 -23.880575180053711
v -27.19264030456543 29.002002716064453 -30.264595031738281
v -25.944171905517578 21.052831649780273 -37.653339385986328
v -22.688777923583984 12.965662956237793 -45.164234161376953
v -25.430438995361328 9.5319433212280273 -47.792510986328125
v -23.780754089355469 3.8633439540863037 -52.928600311279297
v -22.435436248779297 1.9615709781646729 -54.749160766601562
v -27.120418548583984 2.0383107662200928 54.215496063232422
v -26.443353652954102 4.3805322647094727 52.547920227050781
v -31.148160934448242 16.750734329223633 42.4005126953125
v -29.285022735595703 19.366950988769531 40.693687438964844
v -30.057849884033203 23.569135665893555 37.314971923828125
v -30.082563400268555 29.999931335449219 32.090049743652344
v -33.574203491210938 37.494361877441406 25.131031036376953
v -33.817043304443359 39.870292663574219 22.761209487915039
v -33.472133636474609 42.093494415283203 20.353620529174805
v -33.520908355712891 48.266525268554688 10.699432373046875
v -35.551048278808594 50.021133422851562 5.4529819488525391
v -35.586555480957031 49.528484344482422 -3.0069968700408936
v -36.212093353271484 48.430713653564453 -6.2344198226928711
v -33.058582305908203 44.44610595703125 -12.994043350219727
v -33.496006011962891 37.993392944335938 -20.857141494750977
v -30.147405624389648 19.134931564331055 -38.75482177734375
v -28.00531005859375 12.795597076416016 -44.587657928466797
v -27.022171020507812 3.9671554565429688 -52.351661682128906
v -25.742105484008789 1.99442458152771 -54.25341796875
v -30.019216537475586 1.6340396404266357 54.024070739746094
v -29.334358215332031 3.6265323162078857 52.641315460205078
v -28.912046432495117 5.9948287010192871 50.917888641357422
v -32.252914428710938 18.917436599731445 40.5699462890625
v -32.979312896728516 22.826496124267578 37.462249755859375
v -34.807998657226562 24.569299697875977 35.811344146728516
v -33.090217590332031 26.855655670166016 34.305652618408203
v -35.864467620849609 32.701496124267578 29.148805618286133
v -36.997200012207031 36.566242218017578 25.67369270324707
v -36.411769866943359 38.869266510009766 23.577121734619141
v -36.124244689941406 41.194908142089844 21.265935897827148
v -37.619312286376953 44.580974578857422 17.282751083374023
v -36.189849853515625 46.209007263183594 15.029953956604004
v -37.512245178222656 47.593929290771484 12.836539268493652
v -36.116222381591797 48.633426666259766 10.448158264160156
v -37.491191864013672 49.711891174316406 7.8031964302062988
v -39.129718780517578 50.436630249023438 5.0253643989562988
v -38.050830841064453 50.271728515625 -0.72174417972564697
v -38.794330596923828 49.465049743652344 -3.9943902492523193
v -37.725776672363281 47.124523162841797 -8.9929542541503906
v -35.717567443847656 41.402175903320312 -16.932052612304688
v -34.758682250976562 34.528839111328125 -24.239404678344727
v -33.699928283691406 32.477142333984375 -26.321544647216797
v -35.397872924804688 28.581296920776367 -29.606424331665039
v -31.900632858276367 25.326787948608398 -33.066799163818359
v -33.198204040527344 22.889921188354492 -34.992122650146484
v -30.945228576660156 15.576889991760254 -41.692752838134766
v -30.752918243408203 13.450188636779785 -43.554065704345703
v -30.760499954223633 11.213838577270508 -45.470249176025391
v -30.489028930664062 9.0796184539794922 -47.350513458251953
v -30.200523376464844 6.7520613670349121 -49.402683258056641
v -29.017162322998047 2.1693596839904785 -53.566051483154297
v -32.330394744873047 2.7063567638397217 52.780502319335938
v -32.158504486083984 6.6424837112426758 49.838050842285156
v -32.520191192626953 9.0286388397216797 47.969104766845703
v -32.528701782226562 11.507292747497559 46.100872039794922
v -37.797695159912109 23.847949981689453 35.79705810546875
v -36.48486328125 26.318754196166992 34.175247192382812
v -38.462917327880859 28.088588714599609 32.434440612792969
v -39.325439453125 37.988101959228516 24.080890655517578
v -38.83026123046875 40.362606048583984 21.90936279296875
v -38.389156341552734 42.613414764404297 19.555509567260742
v -40.636688232421875 49.877853393554688 7.9813995361328125
v -41.98284912109375 50.830753326416016 3.0890839099884033
v -41.098052978515625 50.699310302734375 0.41298311948776245
v -41.425018310546875 50.232406616210938 -2.0540790557861328
v -40.445529937744141 47.010761260986328 -9.1970071792602539
v -37.906700134277344 44.307109832763672 -13.219905853271484
v -39.230209350585938 38.814445495605469 -19.382766723632812
v -38.521320343017578 37.087535858154297 -21.243728637695312
v -37.774749755859375 34.918846130371094 -23.44462776184082
v -38.330249786376953 31.366044998168945 -26.606765747070312
v -36.240966796875 22.656116485595703 -34.607200622558594
v -34.781009674072266 20.660726547241211 -36.611385345458984
v -35.927879333496094 14.702006340026855 -41.428260803222656
v -33.517055511474609 11.866562843322754 -44.372577667236328
v -32.628505706787109 5.7413702011108398 -49.804420471191406
v -33.842182159423828 3.7861998081207275 -51.233795166015625
v -37.546150207519531 3.0839571952819824 51.375530242919922
v -34.588710784912109 4.5800790786743164 50.897708892822266
v -34.981124877929688 7.3072609901428223 48.755474090576172
v -35.111297607421875 9.9495449066162109 46.74188232421875
v -39.571376800537109 25.65496826171875 34.066749572753906
v -42.130321502685547 37.323070526123047 24.264955520629883
v -42.993309020996094 48.060943603515625 12.152040481567383
v -43.916374206542969 49.577129364013672 9.0931053161621094
v -45.117950439453125 50.9122314453125 3.7659721374511719
v -44.261802673339844 50.004188537597656 -2.9012608528137207
v -45.088470458984375 48.799724578857422 -5.7372117042541504
v -42.169296264648438 45.799877166748047 -10.937219619750977
v -42.964935302734375 42.688495635986328 -14.667019844055176
v -40.857707977294922 41.829612731933594 -15.951546669006348
v -41.626445770263672 37.524562835693359 -20.286155700683594
v -40.688316345214844 30.501947402954102 -26.890552520751953
v -40.763553619384766 28.213649749755859 -28.853170394897461
v -37.934467315673828 24.752096176147461 -32.45318603515625
v -40.018115997314453 20.62005615234375 -35.457668304443359
v -36.490386962890625 16.500818252563477 -39.777072906494141
v -36.386268615722656 10.54742431640625 -44.861778259277344
v -35.145683288574219 5.3051114082336426 -49.645580291748047
v -35.952907562255859 2.0618126392364502 -52.273601531982422
v -32.480613708496094 2.1339244842529297 -52.9505615234375
v -40.371345520019531 6.7004203796386719 47.928600311279297
v -40.222137451171875 9.3159723281860352 46.002544403076172
v -40.807647705078125 18.654678344726562 38.966194152832031
v -40.729251861572266 23.143436431884766 35.677227020263672
v -42.554206848144531 24.914901733398438 33.926921844482422
v -43.207977294921875 31.18792724609375 29.050825119018555
v -44.507953643798828 38.701686859130859 22.631193161010742
v -44.108493804931641 40.754543304443359 20.802089691162109
v -46.324653625488281 41.885017395019531 19.276229858398438
v -46.345062255859375 45.271167755126953 15.66901969909668
v -47.291950225830078 49.403411865234375 9.2657928466796875
v -47.176952362060547 50.871303558349609 1.5809917449951172
v -48.80938720703125 50.401165008544922 -0.8503425121307373
v -46.4283447265625 47.321029663085938 -8.2016944885253906
v -45.67132568359375 42.239463806152344 -14.700235366821289
v -43.629692077636719 40.917633056640625 -16.497735977172852
v -44.686084747314453 36.8394775390625 -20.298324584960938
v -43.043132781982422 31.592695236206055 -25.399887084960938
v -43.36212158203125 29.318885803222656 -27.276384353637695
v -41.170879364013672 23.83466911315918 -32.470699310302734
v -41.868629455566406 21.686624526977539 -34.086475372314453
v -39.302162170410156 16.681325912475586 -38.947200775146484
v -39.06689453125 11.701777458190918 -43.221176147460938
v -37.118198394775391 3.9069092273712158 -50.395038604736328
v -39.977596282958984 1.9568111896514893 51.645290374755859
v -40.264251708984375 4.2319374084472656 49.829227447509766
v -42.939746856689453 7.8164715766906738 46.391933441162109
v -42.738861083984375 10.324807167053223 44.575626373291016
v -42.522598266601562 12.467705726623535 43.055854797363281
v -43.753490447998047 18.375217437744141 38.390522003173828
v -43.659812927246094 22.550716400146484 35.376468658447266
v -46.189064025878906 30.005029678344727 29.216733932495117
v -45.776371002197266 32.254566192626953 27.617099761962891
v -47.609897613525391 35.691020965576172 24.451828002929688
v -50.588947296142578 43.517486572265625 16.73487663269043
v -49.131168365478516 45.377334594726562 15.085184097290039
v -50.421520233154297 48.701488494873047 10.024856567382812
v -48.500701904296875 50.729106903076172 4.4199919700622559
v -50.335357666015625 50.717639923095703 1.9114381074905396
v -49.878665924072266 49.481914520263672 -3.4525697231292725
v -49.549144744873047 46.9534912109375 -8.1376228332519531
v -49.801734924316406 43.540798187255859 -12.315703392028809
v -48.841201782226562 41.497459411621094 -14.751415252685547
v -47.394050598144531 35.831230163574219 -20.543680191040039
v -48.148159027099609 33.621597290039062 -22.273494720458984
v -45.903827667236328 30.361766815185547 -25.71563720703125
v -46.163028717041016 28.130157470703125 -27.512947082519531
v -43.705509185791016 24.909826278686523 -30.89439582824707
v -46.463584899902344 23.715328216552734 -31.075529098510742
v -44.41900634765625 20.502176284790039 -34.353889465332031
v -41.781101226806641 15.125015258789062 -39.593502044677734
v -42.566364288330078 5.7540326118469238 -47.369186401367188
v -39.899280548095703 4.7006783485412598 -49.013595581054688
v -45.603401184082031 6.7398743629455566 46.423164367675781
v -45.5157470703125 9.2498741149902344 44.564006805419922
v -43.860382080078125 14.105073928833008 41.466716766357422
v -46.703220367431641 18.070381164550781 37.746829986572266
v -45.130130767822266 20.268381118774414 36.621490478515625
v -48.684627532958984 31.17454719543457 27.654304504394531
v -50.311920166015625 34.896888732910156 24.342016220092773
v -49.408523559570312 37.377151489257812 22.612039566040039
v -51.247158050537109 39.158382415771484 20.618013381958008
v -52.047794342041016 41.48919677734375 18.319986343383789
v -52.726539611816406 49.281879425048828 8.2140092849731445
v -52.046947479248047 50.373924255371094 4.833594799041748
v -53.428680419921875 50.369823455810547 1.5622678995132446
v -52.585411071777344 49.128108978271484 -3.4402236938476562
v -51.133834838867188 45.166297912597656 -10.05002498626709
v -51.894546508789062 41.740608215332031 -13.660332679748535
v -51.653392791748047 39.649662017822266 -15.787557601928711
v -50.17755126953125 35.017108917236328 -20.454126358032227
v -51.224010467529297 32.493389129638672 -22.272899627685547
v -48.761100769042969 29.120674133300781 -25.905673980712891
v -49.027839660644531 26.923139572143555 -27.624027252197266
v -48.951374053955078 24.665735244750977 -29.495754241943359
v -46.695064544677734 21.472513198852539 -32.852890014648438
v -44.466484069824219 16.03181266784668 -38.049118041992188
v -46.937908172607422 14.68780517578125 -38.3885498046875
v -45.152736663818359 6.7520394325256348 -45.734653472900391
v -42.652812957763672 3.5233855247497559 -49.301315307617188
v -45.375274658203125 2.4053850173950195 49.8175048828125
v -46.564830780029297 4.361518383026123 47.951168060302734
v -48.092227935791016 5.9328327178955078 46.251667022705078
v -48.192409515380859 8.0600652694702148 44.607826232910156
v -50.643718719482422 15.467403411865234 38.316310882568359
v -49.553470611572266 17.924095153808594 36.936031341552734
v -51.826229095458984 22.731281280517578 32.727523803710938
v -50.008697509765625 24.467609405517578 32.113346099853516
v -52.176292419433594 27.638189315795898 29.12791633605957
v -51.634658813476562 30.050033569335938 27.577550888061523
v -52.232891082763672 36.460884094238281 22.535024642944336
v -54.265090942382812 39.814460754394531 19.129478454589844
v -54.434955596923828 41.766201019287109 17.357580184936523
v -54.71319580078125 45.291015625 13.643550872802734
v -55.697036743164062 48.345073699951172 9.0530176162719727
v -54.983699798583984 50.206031799316406 3.4876949787139893
v -56.931571960449219 49.707050323486328 0.84418338537216187
v -56.633937835693359 47.470333099365234 -4.9772725105285645
v -57.011222839355469 44.627906799316406 -8.7108297348022461
v -54.420555114746094 40.170673370361328 -14.367414474487305
v -54.203788757324219 38.050327301025391 -16.422782897949219
v -54.166175842285156 36.054115295410156 -18.205215454101562
v -51.952896118164062 27.90403938293457 -25.820734024047852
v -51.567386627197266 25.516824722290039 -27.898832321166992
v -49.025253295898438 22.387445449829102 -31.331180572509766
v -49.201400756835938 20.132656097412109 -33.117500305175781
v -49.349323272705078 15.629583358764648 -36.784442901611328
v -47.233989715576172 10.118613243103027 -42.161258697509766
v -48.622310638427734 2.6198215484619141 -48.289676666259766
v -48.4033203125 2.1926164627075195 49.055740356445312
v -50.678974151611328 6.2926840782165527 45.104839324951172
v -51.070159912109375 8.5996112823486328 43.216930389404297
v -52.962993621826172 15.250288963317871 37.629264831542969
v -52.243282318115234 17.465900421142578 36.320297241210938
v -51.295162200927734 20.143589019775391 34.746051788330078
v -54.418510437011719 23.525751113891602 31.227436065673828
v -52.320457458496094 25.242712020874023 30.778568267822266
v -53.895252227783203 31.329385757446289 25.87000846862793
v -57.302257537841797 36.221858978271484 20.967508316040039
v -56.790462493896484 40.762672424316406 17.448476791381836
v -58.464347839355469 42.115009307861328 15.565288543701172
v -57.545711517333984 44.477184295654297 13.541304588317871
v -58.864372253417969 47.389747619628906 9.2412023544311523
v -60.951496124267578 47.944721221923828 6.8259177207946777
v -57.507610321044922 49.637542724609375 3.9416964054107666
v -59.314865112304688 47.229511260986328 -3.9589250087738037
v -58.310523986816406 45.821094512939453 -6.6208620071411133
v -56.922458648681641 38.492252349853516 -14.994936943054199
v -56.580921173095703 36.303634643554688 -17.076345443725586
v -58.554313659667969 34.268722534179688 -17.996738433837891
v -54.458118438720703 32.250175476074219 -21.326499938964844
v -53.473941802978516 23.882774353027344 -28.511356353759766
v -51.665084838867188 18.762752532958984 -33.347843170166016
v -49.678028106689453 11.074318885803223 -40.498138427734375
v -50.590785980224609 6.4310407638549805 -44.20428466796875
v -51.406162261962891 2.1462819576263428 48.085113525390625
v -52.475700378417969 4.2637147903442383 46.036899566650391
v -54.046237945556641 9.0023918151855469 41.805908203125
v -54.409988403320312 11.410518646240234 39.873916625976562
v -54.898502349853516 13.751110076904297 37.971145629882812
v -54.409526824951172 18.642093658447266 34.662643432617188
v -56.746997833251953 21.766895294189453 31.546297073364258
v -56.680072784423828 23.964742660522461 30.051164627075195
v -57.475761413574219 27.663597106933594 27.147871017456055
v -56.872337341308594 30.22291374206543 25.566884994506836
v -59.181587219238281 31.789888381958008 23.510417938232422
v -60.740028381347656 41.329345703125 15.341510772705078
v -63.798439025878906 47.041782379150391 6.1920585632324219
v -62.314022064208984 48.262557983398438 3.7473742961883545
v -61.038528442382812 45.388202667236328 -5.8463764190673828
v -62.570068359375 43.363452911376953 -7.4863119125366211
v -59.615447998046875 38.918563842773438 -13.481842041015625
v -57.511959075927734 32.113979339599609 -20.222450256347656
v -58.129325866699219 27.876785278320312 -23.396356582641602
v -55.847003936767578 22.875223159790039 -28.365560531616211
v -56.396923065185547 20.417060852050781 -30.115779876708984
v -54.092666625976562 17.373386383056641 -33.54107666015625
v -53.589588165283203 5.1108694076538086 -44.261444091796875
v -51.711868286132812 1.9447789192199707 -47.852195739746094
v -57.250869750976562 4.7697300910949707 43.769317626953125
v -56.850811004638672 7.2438530921936035 42.0111083984375
v -56.908187866210938 9.6964092254638672 40.135269165039062
v -57.163337707519531 12.127609252929688 38.233188629150391
v -57.385814666748047 14.57988452911377 36.35589599609375
v -57.278633117675781 17.023170471191406 34.651901245117188
v -59.335018157958984 20.280376434326172 31.487407684326172
v -60.418975830078125 26.411128997802734 26.76902961730957
v -59.723300933837891 29.00678825378418 25.257759094238281
v -62.015293121337891 32.510898590087891 21.749246597290039
v -62.246086120605469 35.023021697998047 19.803476333618164
v -62.450000762939453 37.500576019287109 17.811441421508789
v -62.717491149902344 39.692844390869141 15.854009628295898
v -64.62615966796875 42.667728424072266 12.052609443664551
v -65.235877990722656 45.368877410888672 8.120086669921875
v -62.966743469238281 47.756507873535156 0.31717520952224731
v -63.897151947021484 41.122814178466797 -9.1814422607421875
v -61.835330963134766 36.884506225585938 -14.256190299987793
v -61.31072998046875 34.377117156982422 -16.658641815185547
v -61.136806488037109 27.24812126159668 -22.524385452270508
v -60.4195556640625 22.686349868774414 -26.488876342773438
v -59.00653076171875 18.858806610107422 -30.22504997253418
v -56.456264495849609 15.848249435424805 -33.813068389892578
v -57.252304077148438 9.8430910110473633 -38.561336517333984
v -56.486431121826172 4.0729365348815918 -44.053134918212891
v -57.342700958251953 2.3857667446136475 45.644634246826172
v -59.826789855957031 5.534998893737793 42.059902191162109
v -59.63714599609375 8.0341615676879883 40.209228515625
v -59.641880035400391 10.46988582611084 38.376304626464844
v -59.788429260253906 12.921578407287598 36.501640319824219
v -59.98828125 15.370870590209961 34.644023895263672
v -61.929611206054688 18.797317504882812 31.335674285888672
v -63.249122619628906 25.019411087036133 26.410322189331055
v -62.574176788330078 27.505300521850586 25.016712188720703
v -61.954456329345703 30.081510543823242 23.505229949951172
v -64.615333557128906 33.022384643554688 20.13853645324707
v -64.724418640136719 35.482269287109375 18.240753173828125
v -64.988937377929688 40.382251739501953 14.040342330932617
v -66.553199768066406 43.355648040771484 10.002593994140625
v -67.165283203125 44.943889617919922 -1.7446401119232178
v -66.947921752929688 43.569023132324219 -4.2263641357421875
v -66.254837036132812 40.557395935058594 -8.3742599487304688
v -65.359077453613281 38.964649200439453 -10.481075286865234
v -63.486133575439453 31.934671401977539 -17.593618392944336
v -66.38140869140625 30.365924835205078 -17.30817985534668
v -63.469631195068359 27.697271347045898 -21.023246765136719
v -62.054092407226562 24.353170394897461 -24.37384033203125
v -62.983364105224609 21.701313018798828 -26.021141052246094
v -61.403064727783203 17.047824859619141 -30.568893432617188
v -61.084739685058594 14.655014038085938 -32.698402404785156
v -61.1444091796875 12.330451965332031 -34.626655578613281
v -59.112476348876953 11.30870246887207 -36.461483001708984
v -59.559158325195312 9.2224063873291016 -38.080142974853516
v -58.503871917724609 7.463768482208252 -40.113231658935547
v -58.819503784179688 5.2068548202514648 -42.025440216064453
v -59.179233551025391 3.3358864784240723 -43.599956512451172
v -54.430213928222656 2.5652298927307129 -46.269874572753906
v -60.208511352539062 2.7562716007232666 44.122421264648438
v -62.505962371826172 6.4390783309936523 40.111953735351562
v -62.3486328125 8.8507909774780273 38.332286834716797
v -62.230777740478516 11.228899002075195 36.604850769042969
v -62.849437713623047 16.098045349121094 32.783058166503906
v -64.6168212890625 17.885843276977539 30.651298522949219
v -65.96795654296875 19.80897331237793 28.603996276855469
v -65.688117980957031 26.186569213867188 24.380870819091797
v -67.078376770019531 30.920602798461914 20.340749740600586
v -66.970932006835938 35.577953338623047 16.933305740356445
v -68.497665405273438 36.632099151611328 15.204620361328125
v -69.049118041992188 39.927787780761719 11.91468620300293
v -69.275314331054688 41.741283416748047 9.7869930267333984
v -69.642509460449219 44.126270294189453 5.0365428924560547
v -69.888801574707031 44.300418853759766 2.3753211498260498
v -71.036705017089844 43.191974639892578 0.25225496292114258
v -69.365768432617188 43.383762359619141 -2.1609847545623779
v -68.49945068359375 32.903800964355469 -13.956174850463867
v -68.113517761230469 31.159059524536133 -15.642080307006836
v -67.501594543457031 27.903905868530273 -18.645175933837891
v -65.87811279296875 26.627937316894531 -20.586507797241211
v -64.696029663085938 23.187795639038086 -23.946096420288086
v -65.394279479980469 21.107294082641602 -25.230514526367188
v -64.598129272460938 19.376255035400391 -27.054056167602539
v -64.03912353515625 17.276067733764648 -29.050596237182617
v -63.741497039794922 14.942853927612305 -31.12934684753418
v -63.772743225097656 11.014161109924316 -34.443470001220703
v -61.573192596435547 10.051651954650879 -36.387969970703125
v -61.497859954833984 7.8407797813415527 -38.389293670654297
v -61.397384643554688 5.792572021484375 -40.307315826416016
v -61.582344055175781 3.7035045623779297 -42.164894104003906
v -65.465614318847656 4.7785649299621582 39.962787628173828
v -65.181816101074219 7.2912688255310059 38.116706848144531
v -65.007659912109375 9.7435998916625977 36.337596893310547
v -64.572776794433594 11.8685302734375 34.968673706054688
v -66.026939392089844 15.693901062011719 31.461620330810547
v -67.395729064941406 17.54359245300293 29.415054321289062
v -68.768409729003906 19.291179656982422 27.427879333496094
v -67.95611572265625 23.822509765625 24.776716232299805
v -68.669532775878906 26.154270172119141 22.773942947387695
v -69.584907531738281 28.681838989257812 20.469507217407227
v -71.243270874023438 39.305961608886719 10.745692253112793
v -72.057746887207031 40.580356597900391 8.4041767120361328
v -72.239494323730469 41.940567016601562 5.710721492767334
v -74.170036315917969 40.887527465820312 3.623666524887085
v -71.874473571777344 41.592632293701172 -2.0158076286315918
v -71.041694641113281 37.150962829589844 -8.3763875961303711
v -70.142318725585938 26.80662727355957 -17.899692535400391
v -68.504783630371094 25.390485763549805 -20.059528350830078
v -67.362503051757812 21.873201370239258 -23.522192001342773
v -67.367958068847656 19.574455261230469 -25.366025924682617
v -66.842475891113281 17.384235382080078 -27.439788818359375
v -66.378868103027344 15.052657127380371 -29.623119354248047
v -65.891517639160156 12.482414245605469 -32.057178497314453
v -66.225296020507812 9.7307825088500977 -34.263542175292969
v -63.943466186523438 8.6827287673950195 -36.411838531494141
v -63.961658477783203 6.3999981880187988 -38.481605529785156
v -64.141357421875 4.1284003257751465 -40.518756866455078
v -64.088600158691406 2.0144071578979492 -42.594692230224609
v -67.973831176757812 5.6638674736022949 37.913761138916016
v -67.715087890625 8.3555316925048828 35.944736480712891
v -67.462905883789062 11.147951126098633 33.975173950195312
v -68.145538330078125 13.565601348876953 31.826135635375977
v -68.59674072265625 15.556863784790039 30.140745162963867
v -71.296295166015625 25.898216247558594 21.356569290161133
v -72.484085083007812 27.927734375 19.135555267333984
v -73.904975891113281 30.0679931640625 16.550224304199219
v -75.512542724609375 39.427635192871094 1.1884164810180664
v -74.267379760742188 39.670024871826172 -1.6610138416290283
v -73.033355712890625 37.440078735351562 -6.2556872367858887
v -73.373855590820312 35.171466827392578 -8.3725185394287109
v -73.305404663085938 32.866844177246094 -10.57763671875
v -72.884246826171875 30.592453002929688 -12.897692680358887
v -72.103591918945312 28.288774490356445 -15.405707359313965
v -72.309043884277344 25.850820541381836 -17.237937927246094
v -69.452171325683594 22.835517883300781 -21.51109504699707
v -69.856575012207031 20.3701171875 -23.242238998413086
v -69.554275512695312 17.91142463684082 -25.420150756835938
v -69.073822021484375 15.519420623779297 -27.67919921875
v -68.647468566894531 13.103973388671875 -29.965688705444336
v -68.529327392578125 10.636407852172852 -32.163814544677734
v -68.691650390625 8.1137657165527344 -34.329250335693359
v -68.684928894042969 5.8091340065002441 -36.479129791259766
v -66.382987976074219 4.9120631217956543 -38.611545562744141
v -65.515045166015625 2.4592201709747314 41.848640441894531
v -70.247604370117188 9.3634223937988281 33.735233306884766
v -70.480339050292969 11.853630065917969 31.726633071899414
v -70.860137939453125 14.358770370483398 29.673418045043945
v -71.596748352050781 18.674734115600586 26.163650512695312
v -72.413658142089844 20.960777282714844 24.061197280883789
v -73.001914978027344 23.27607536315918 22.069805145263672
v -74.935157775878906 27.223857879638672 17.9013671875
v -76.08612060546875 30.910308837890625 14.103988647460938
v -75.944503784179688 33.376419067382812 12.173335075378418
v -76.07623291015625 35.611724853515625 9.7853822708129883
v -76.140663146972656 38.702629089355469 4.2375149726867676
v -77.517005920410156 37.297779083251953 1.6892833709716797
v -76.512527465820312 37.594142913818359 -1.2558736801147461
v -75.393890380859375 35.363273620605469 -6.1187176704406738
v -75.512954711914062 33.091152191162109 -8.4297752380371094
v -75.267654418945312 30.777812957763672 -10.827075958251953
v -74.775352478027344 28.475536346435547 -13.249555587768555
v -74.358650207519531 26.144201278686523 -15.529220581054688
v -73.673515319824219 23.726995468139648 -18.016942977905273
v -72.387420654296875 21.461643218994141 -20.732515335083008
v -72.136260986328125 18.696352005004883 -23.146636962890625
v -71.729072570800781 16.157947540283203 -25.501066207885742
v -71.309432983398438 13.736733436584473 -27.802986145019531
v -71.0345458984375 11.347213745117188 -30.032697677612305
v -70.998138427734375 8.9142389297485352 -32.219566345214844
v -68.510139465332031 3.7693042755126953 -38.548263549804688
v -66.945625305175781 2.3703482151031494 -40.789646148681641
v -71.409744262695312 2.0212204456329346 38.977550506591797
v -72.932685852050781 5.1970977783203125 35.370986938476562
v -72.8021240234375 7.7004766464233398 33.451950073242188
v -72.935920715332031 10.197066307067871 31.455432891845703
v -73.190742492675781 12.837970733642578 29.323986053466797
v -73.27496337890625 15.831570625305176 27.103961944580078
v -74.291732788085938 18.474119186401367 24.5584716796875
v -75.00616455078125 20.941837310791016 22.330833435058594
v -75.219581604003906 23.067258834838867 20.664815902709961
v -77.051116943359375 26.164421081542969 16.993429183959961
v -76.503623962402344 28.465600967407227 15.695115089416504
v -78.07098388671875 31.387714385986328 11.741045951843262
v -77.679756164550781 33.524192810058594 10.044195175170898
v -78.366256713867188 34.706447601318359 7.5111989974975586
v -79.359840393066406 35.127899169921875 2.2635276317596436
v -79.568496704101562 33.049251556396484 -3.1637551784515381
v -77.606964111328125 33.192466735839844 -5.9796643257141113
v -77.520744323730469 30.937841415405273 -8.5144367218017578
v -77.19873046875 28.650466918945312 -11.013788223266602
v -76.747993469238281 26.337247848510742 -13.453019142150879
v -76.1707763671875 23.965917587280273 -15.9381103515625
v -75.359756469726562 21.614078521728516 -18.507242202758789
v -74.711784362792969 19.266326904296875 -20.911203384399414
v -74.311508178710938 16.779703140258789 -23.252836227416992
v -73.915008544921875 14.353682518005371 -25.566911697387695
v -73.588302612304688 12.000124931335449 -27.815250396728516
v -73.407730102539062 9.694549560546875 -29.97193717956543
v -73.41363525390625 7.4664568901062012 -32.012073516845703
v -70.752204895019531 4.025090217590332 -36.995826721191406
v -75.226280212402344 6.084500789642334 33.155498504638672
v -75.356338500976562 8.4284572601318359 31.214265823364258
v -75.529533386230469 10.956158638000488 29.169586181640625
v -75.7335205078125 13.64937686920166 27.025714874267578
v -76.225395202636719 16.27705192565918 24.773191452026367
v -76.970809936523438 18.911828994750977 22.339767456054688
v -77.535865783691406 21.703893661499023 19.894718170166016
v -78.56982421875 24.054410934448242 17.307367324829102
v -78.808921813964844 26.515348434448242 15.170888900756836
v -80.194595336914062 29.521617889404297 10.94707202911377
v -79.614334106445312 32.029586791992188 9.1187667846679688
v -80.734939575195312 32.438266754150391 6.3766269683837891
v -80.56390380859375 33.412467956542969 0.20022283494472504
v -81.445335388183594 31.608184814453125 -1.3172489404678345
v -79.594970703125 30.892976760864258 -6.0296754837036133
v -79.447181701660156 28.702224731445312 -8.6227836608886719
v -79.104408264160156 26.478662490844727 -11.145315170288086
v -78.615447998046875 24.199090957641602 -13.66021728515625
v -78.007987976074219 21.887899398803711 -16.179458618164062
v -77.388984680175781 19.577005386352539 -18.632297515869141
v -76.887245178222656 17.238502502441406 -20.988491058349609
v -76.480079650878906 14.87429141998291 -23.299934387207031
v -76.132820129394531 12.543160438537598 -25.568708419799805
v -75.889968872070312 10.256370544433594 -27.761884689331055
v -75.800834655761719 8.0355358123779297 -29.858293533325195
v -75.863227844238281 5.90301513671875 -31.845312118530273
v -73.777458190917969 5.5451698303222656 -33.607105255126953
v -76.82080078125 2.1478002071380615 35.399818420410156
v -77.715415954589844 6.5363750457763672 31.05694580078125
v -77.881576538085938 8.9765844345092773 29.005081176757812
v -78.014106750488281 11.598446846008301 26.908998489379883
v -78.348701477050781 14.205799102783203 24.709949493408203
v -78.896064758300781 16.791730880737305 22.384510040283203
v -79.517158508300781 19.391061782836914 19.964408874511719
v -80.209800720214844 21.874834060668945 17.488672256469727
v -80.775962829589844 24.361652374267578 14.967755317687988
v -80.678695678710938 26.9127197265625 12.84380054473877
v -81.627166748046875 30.05974006652832 8.0901784896850586
v -82.328544616699219 31.147024154663086 1.4626361131668091
v -81.476882934570312 30.32103157043457 -3.6428320407867432
v -81.527267456054688 28.453311920166016 -6.1332025527954102
v -81.34454345703125 26.434616088867188 -8.6685171127319336
v -80.963508605957031 24.305261611938477 -11.225492477416992
v -80.470291137695312 22.091621398925781 -13.766483306884766
v -79.941093444824219 19.834817886352539 -16.253484725952148
v -79.445808410644531 17.553508758544922 -18.658365249633789
v -79.018379211425781 15.260491371154785 -20.995271682739258
v -78.651145935058594 12.969786643981934 -23.289569854736328
v -78.361183166503906 10.692032814025879 -25.537364959716797
v -78.196022033691406 8.4408416748046875 -27.732297897338867
v -78.147956848144531 6.2270674705505371 -29.880697250366211
v -78.090019226074219 4.0749402046203613 -32.068092346191406
v -77.886741638183594 2.0650491714477539 -34.311393737792969
v -75.326385498046875 2.0921561717987061 -36.066635131835938
v -77.439163208007812 4.2391567230224609 33.169795989990234
v -80.294479370117188 6.8721179962158203 28.840616226196289
v -80.211265563964844 9.6224470138549805 26.722162246704102
v -80.439628601074219 12.195931434631348 24.564701080322266
v -80.857124328613281 14.717453002929688 22.306991577148438
v -81.400192260742188 17.220808029174805 19.93878173828125
v -82.003013610839844 19.683965682983398 17.468477249145508
v -82.574119567871094 22.134883880615234 14.880875587463379
v -82.932258605957031 24.671642303466797 12.169916152954102
v -83.869384765625 25.957479476928711 9.3434076309204102
v -84.580299377441406 27.480733871459961 4.5082435607910156
v -83.937286376953125 28.823158264160156 1.9185171127319336
v -83.402778625488281 27.853494644165039 -3.4698965549468994
v -83.433570861816406 26.097572326660156 -5.9989538192749023
v -83.1727294921875 24.195964813232422 -8.6313095092773438
v -82.778190612792969 22.140201568603516 -11.244932174682617
v -82.3365478515625 19.982416152954102 -13.78687572479248
v -81.900352478027344 17.760931015014648 -16.248199462890625
v -81.502388000488281 15.509814262390137 -18.626100540161133
v -81.139488220214844 13.262679100036621 -20.952737808227539
v -80.817276000976562 11.020913124084473 -23.25727653503418
v -80.586006164550781 8.7673540115356445 -25.536928176879883
v -80.477249145507812 6.5118613243103027 -27.791603088378906
v -82.386528015136719 7.9569578170776367 26.236394882202148
v -82.498130798339844 10.294040679931641 24.283145904541016
v -82.803192138671875 12.691165924072266 22.135974884033203
v -83.247611999511719 15.091593742370605 19.838817596435547
v -83.775985717773438 17.461690902709961 17.412841796875
v -84.309646606445312 19.77366828918457 14.871039390563965
v -84.750564575195312 21.975284576416016 12.254339218139648
v -85.214057922363281 25.587890625 6.8289456367492676
v -85.4581298828125 26.476785659790039 1.9508328437805176
v -85.298660278320312 25.399076461791992 -3.0363447666168213
v -84.895797729492188 21.963329315185547 -8.5981359481811523
v -84.559783935546875 19.958911895751953 -11.212797164916992
v -84.196098327636719 17.844245910644531 -13.743137359619141
v -83.868919372558594 15.632765769958496 -16.186222076416016
v -83.577598571777344 13.405961990356445 -18.544822692871094
v -83.259483337402344 11.211709976196289 -20.893955230712891
v -82.965461730957031 9.0010967254638672 -23.25694465637207
v -82.794708251953125 6.7481675148010254 -25.598358154296875
v -80.337905883789062 2.1702535152435303 -32.356597900390625
v -81.817695617675781 2.2524604797363281 31.558891296386719
v -82.135963439941406 4.3039374351501465 29.50145149230957
v -82.689300537109375 5.9279947280883789 27.64818000793457
v -84.5657958984375 8.4130945205688477 23.88392448425293
v -84.733604431152344 10.681849479675293 21.87481689453125
v -85.064163208007812 12.975741386413574 19.67732048034668
v -85.507064819335938 15.245758056640625 17.315364837646484
v -85.992401123046875 17.440494537353516 14.800652503967285
v -86.437942504882812 19.511734008789062 12.163578987121582
v -86.770919799804688 21.391742706298828 9.4118728637695312
v -86.827239990234375 23.143817901611328 6.5547904968261719
v -86.349037170410156 24.860237121582031 3.8702757358551025
v -86.795303344726562 24.282260894775391 0.32355973124504089
v -86.969749450683594 22.960126876831055 -2.8096845149993896
v -86.737869262695312 21.509138107299805 -5.8603920936584473
v -86.575447082519531 19.701740264892578 -8.5236406326293945
v -86.318840026855469 17.764873504638672 -11.104327201843262
v -86.031272888183594 15.678046226501465 -13.638768196105957
v -85.8839111328125 13.408270835876465 -16.061269760131836
v -85.685661315917969 11.218631744384766 -18.418842315673828
v -85.332382202148438 9.0808868408203125 -20.889043807983398
v -85.082176208496094 6.8915085792541504 -23.322683334350586
v -84.997787475585938 4.6342735290527344 -25.724246978759766
v -82.745429992675781 4.4801406860351562 -27.93494987487793
v -84.194717407226562 2.1943578720092773 29.591924667358398
v -86.584297180175781 6.4273390769958496 23.534162521362305
v -86.644790649414062 8.6356773376464844 21.574237823486328
v -86.851066589355469 10.843263626098633 19.466552734375
v -87.184898376464844 13.021516799926758 17.190525054931641
v -87.59686279296875 15.123208045959473 14.727758407592773
v -88.0166015625 17.090476989746094 12.08658504486084
v -88.326881408691406 18.90904426574707 9.293940544128418
v -88.374351501464844 20.636734008789062 6.3452930450439453
v -88.639663696289062 21.080602645874023 -0.052423786371946335
v -88.157417297363281 20.767675399780273 -3.2662942409515381
v -88.32196044921875 19.187597274780273 -5.7076959609985352
v -88.251289367675781 17.438638687133789 -8.3035497665405273
v -88.025848388671875 15.586530685424805 -10.905999183654785
v -87.81622314453125 13.53492546081543 -13.463064193725586
v -88.105697631835938 11.003789901733398 -15.747092247009277
v -87.672309875488281 8.9189081192016602 -18.466060638427734
v -87.343040466308594 6.8539552688598633 -20.994892120361328
v -87.210365295410156 2.4633121490478516 -25.881862640380859
v -82.726570129394531 2.2800436019897461 -30.282571792602539
v -86.459365844726562 2.1972193717956543 27.459356307983398
v -86.571243286132812 4.2520632743835449 25.466819763183594
v -88.528076171875 6.5360584259033203 21.279088973999023
v -88.619255065917969 8.6869869232177734 19.227947235107422
v -88.837814331054688 10.782218933105469 17.0384521484375
v -89.133071899414062 12.803127288818359 14.685589790344238
v -89.490547180175781 14.681155204772949 12.092076301574707
v -89.81298828125 16.359210968017578 9.2986869812011719
v -89.8785400390625 17.963535308837891 6.3756299018859863
v -89.529266357421875 19.566261291503906 3.2685012817382812
v -90.442436218261719 17.984531402587891 0.47900676727294922
v -89.602630615234375 18.715782165527344 -2.5682978630065918
v -89.908256530761719 16.86273193359375 -5.3177580833435059
v -89.864608764648438 15.158181190490723 -8.0388355255126953
v -89.655021667480469 13.452404975891113 -10.660270690917969
v -89.42877197265625 11.795849800109863 -12.977536201477051
v -89.599235534667969 6.4909238815307617 -18.686813354492188
v -89.316307067871094 4.5824880599975586 -21.166227340698242
v -89.214889526367188 2.5463876724243164 -23.605754852294922
v -85.028785705566406 2.3845481872558594 -28.111122131347656
v -88.559974670410156 2.2751235961914062 25.221935272216797
v -90.409965515136719 4.4082374572753906 20.949758529663086
v -90.367179870605469 6.5239949226379395 18.961523056030273
v -90.676528930664062 10.468378067016602 14.600095748901367
v -90.854202270507812 12.303408622741699 12.215476036071777
v -91.214179992675781 13.805798530578613 9.4453506469726562
v -91.379753112792969 15.141709327697754 6.5957255363464355
v -91.083702087402344 16.662113189697266 3.5702474117279053
v -92.048606872558594 15.081071853637695 0.79798507690429688
v -91.473175048828125 14.362822532653809 -5.1225748062133789
v -91.393234252929688 12.788683891296387 -8.0182685852050781
v -91.159957885742188 11.179792404174805 -10.77061939239502
v -90.57196044921875 9.741602897644043 -13.607913970947266
v -89.969627380371094 8.2783527374267578 -16.196950912475586
v -90.515251159667969 2.3175597190856934 22.886150360107422
v -92.125930786132812 4.3713979721069336 18.612953186035156
v -92.094017028808594 6.3534688949584961 16.593147277832031
v -92.252876281738281 8.1382436752319336 14.399850845336914
v -92.313270568847656 9.9249458312988281 12.136715888977051
v -92.260917663574219 11.586823463439941 9.9506397247314453
v -92.938285827636719 12.052707672119141 7.0894684791564941
v -93.508308410644531 12.392202377319336 1.3426328897476196
v -92.853050231933594 13.157111167907715 -2.1083898544311523
v -92.926612854003906 11.80438232421875 -5.4092841148376465
v -92.834762573242188 10.334195137023926 -8.3574724197387695
v -92.560333251953125 8.8391866683959961 -11.198513984680176
v -92.175285339355469 7.3202638626098633 -13.915878295898438
v -91.880859375 5.6689419746398926 -16.441162109375
v -91.504257202148438 4.1165604591369629 -18.869379043579102
v -92.347831726074219 2.3225491046905518 20.442251205444336
v -94.059715270996094 2.3703465461730957 17.814853668212891
v -93.83026123046875 5.7056961059570312 14.265866279602051
v -93.824363708496094 7.5625476837158203 11.895817756652832
v -93.625694274902344 9.5492801666259766 9.4230127334594727
v -94.1102294921875 10.887308120727539 4.264040470123291
v -95.005622863769531 9.6047582626342773 1.6990599632263184
v -94.251907348632812 10.909459114074707 -0.68218845129013062
v -94.295059204101562 10.298854827880859 -3.201120138168335
v -94.337791442871094 9.1625986099243164 -5.9868297576904297
v -94.241752624511719 7.8467378616333008 -8.7874422073364258
v -93.899543762207031 4.8084087371826172 -14.14195728302002
v -93.015480041503906 2.0533146858215332 -19.237951278686523
v -95.298431396484375 2.9680414199829102 14.748570442199707
v -95.124214172363281 6.9635090827941895 9.2910823822021484
v -94.677833557128906 9.0066909790039062 6.7986502647399902
v -95.55731201171875 8.4698371887207031 -0.98070001602172852
v -95.738983154296875 7.5784764289855957 -3.6921918392181396
v -95.716140747070312 6.633936882019043 -6.4173588752746582
v -95.733070373535156 5.3352947235107422 -9.0628747940063477
v -94.064979553222656 6.4068412780761719 -11.497445106506348
v -93.912376403808594 2.8837282657623291 -16.737895965576172
v -96.755142211914062 2.6342873573303223 11.776578903198242
v -96.610008239746094 4.3813157081604004 9.1923704147338867
v -96.303909301757812 6.0705780982971191 6.6410698890686035
v -97.233985900878906 5.1244921684265137 3.9424850940704346
v -97.154403686523438 4.9211812019348145 -4.2110967636108398
v -97.485038757324219 2.6462998390197754 -8.8416786193847656
v -97.015869140625 1.9661794900894165 -11.603940010070801
v -95.646072387695312 2.4267621040344238 -14.094727516174316
v -97.826606750488281 2.1521217823028564 9.2439422607421875
v -98.675262451171875 2.5367615222930908 3.4173042774200439
v -98.353546142578125 2.478402853012085 -5.5121383666992188
v 99.946395874023438 -0.063427135348320007 1.3453147411346436
v 99.688743591308594 -0.060811460018157959 4.377342700958252
v 99.043357849121094 -0.052944641560316086 7.9070091247558594
v 98.152778625488281 -0.042336586862802505 11.038829803466797
v 97.056053161621094 -0.030813788995146751 13.936061859130859
v 95.808380126953125 -0.019452160224318504 16.597494125366211
v 94.245384216308594 -0.0074976338073611259 19.38525390625
v 92.51739501953125 0.0035658557899296284 22.016311645507812
v 90.663276672363281 0.013712573796510696 24.48161506652832
v 88.762161254882812 0.023070361465215683 26.72972297668457
v 86.569992065429688 0.032807789742946625 29.055253982543945
v 84.391647338867188 0.041452053934335709 31.14335823059082
v 79.149612426757812 0.058564163744449615 35.486446380615234
v 76.645706176757812 0.065113209187984467 37.295612335205078
v 74.0179443359375 0.071375124156475067 39.046558380126953
v 71.456817626953125 0.076721057295799255 40.625244140625
v 65.702507019042969 0.084595508873462677 43.781650543212891
v 63.141391754150391 0.087485648691654205 45.035785675048828
v 57.099349975585938 0.091824285686016083 47.681175231933594
v 54.339344024658203 0.092524074018001556 48.75750732421875
v 51.476474761962891 0.092626579105854034 49.7947998046875
v 48.549781799316406 0.091886818408966064 50.776912689208984
v 45.656173706054688 0.090737864375114441 51.673988342285156
v 37.346389770507812 0.083039969205856323 53.874786376953125
v 25.522859573364258 0.055104810744524002 56.132770538330078
v 22.59276008605957 0.045331437140703201 56.546112060546875
v 19.739974975585938 0.035466223955154419 56.895366668701172
v 17.087549209594727 0.025906771421432495 57.174392700195312
v 14.269942283630371 0.015496976673603058 57.423564910888672
v 7.9863133430480957 -0.0064347800798714161 57.807464599609375
v 5.0411977767944336 -0.01590341329574585 57.908214569091797
v 1.9174791574478149 -0.024315737187862396 57.960475921630859
v -1.2717092037200928 -0.031655065715312958 57.956691741943359
v -4.4919633865356445 -0.037837669253349304 57.894863128662109
v -7.7177872657775879 -0.041599839925765991 57.774261474609375
v -10.980037689208984 -0.043765097856521606 57.592899322509766
v -14.310546875 -0.044520754367113113 57.345203399658203
v -17.646013259887695 -0.043027687817811966 57.032859802246094
v -21.161748886108398 -0.039837151765823364 56.633296966552734
v -24.892196655273438 -0.034874618053436279 56.127490997314453
v -28.626918792724609 -0.028403712436556816 55.534130096435547
v -32.338634490966797 -0.02082863450050354 54.855224609375
v -38.323318481445312 -0.0069696903228759766 53.562046051025391
v -41.499393463134766 0.0011354994494467974 52.77069091796875
v -44.489181518554688 0.0086837010458111763 51.955642700195312
v -47.379199981689453 0.016114303842186928 51.099445343017578
v -50.371143341064453 0.024142814800143242 50.137897491455078
v -59.674980163574219 0.045994468033313751 46.605716705322266
v -62.245029449462891 0.050894677639007568 45.466354370117188
v -65.046577453613281 0.055646691471338272 44.132610321044922
v -70.855453491210938 0.06458650529384613 41.024578094482422
v -73.588371276855469 0.069687172770500183 39.378936767578125
v -76.241348266601562 0.076281994581222534 37.652610778808594
v -78.955062866210938 0.086851790547370911 35.738544464111328
v -81.53814697265625 0.10069162398576736 33.754463195800781
v -83.974533081054688 0.11623169481754303 31.710872650146484
v -86.316635131835938 0.13386557996273041 29.555606842041016
v -88.544563293457031 0.15237993001937866 27.289644241333008
v -90.626480102539062 0.16999621689319611 24.929668426513672
v -92.565605163574219 0.1842043399810791 22.446981430053711
v -94.37054443359375 0.18954242765903473 19.780857086181641
v -95.937454223632812 0.18394021689891815 17.047319412231445
v -98.468093872070312 0.13711805641651154 10.947888374328613
v -99.249588012695312 0.10898658633232117 8.0290803909301758
v -99.75848388671875 0.087065458297729492 5.2467923164367676
v -100.06623840332031 0.072966545820236206 2.2228143215179443
v -100.12178039550781 0.07338203489780426 -1.0298855304718018
v -99.910392761230469 0.087300300598144531 -4.0870189666748047
v -99.401008605957031 0.11311514675617218 -7.3132805824279785
v -98.632949829101562 0.14072178304195404 -10.354599952697754
v -97.54766845703125 0.16446022689342499 -13.445884704589844
v -96.305145263671875 0.17681464552879333 -16.203847885131836
v -94.987754821777344 0.17810463905334473 -18.628929138183594
v -93.435150146484375 0.17143860459327698 -21.081243515014648
v -89.480926513671875 0.13881130516529083 -26.15519905090332
v -87.436378479003906 0.1230810135602951 -28.357391357421875
v -85.152565002441406 0.10829863697290421 -30.582433700561523
v -82.734504699707031 0.095784060657024384 -32.720619201660156
v -80.227928161621094 0.085465699434280396 -34.743190765380859
v -77.742942810058594 0.077247820794582367 -36.584396362304688
v -72.004463195800781 0.064159438014030457 -40.328819274902344
v -69.282646179199219 0.057417567819356918 -41.895240783691406
v -66.488700866699219 0.049263909459114075 -43.382949829101562
v -63.464767456054688 0.039714738726615906 -44.870647430419922
v -60.33697509765625 0.030293842777609825 -46.289337158203125
v -53.724918365478516 0.013903383165597916 -48.935111999511719
v -50.728794097900391 0.0073851649649441242 -49.991855621337891
v -47.871997833251953 0.0013955794274806976 -50.923534393310547
v -44.818023681640625 -0.0053463801741600037 -51.84246826171875
v -41.598297119140625 -0.012329421937465668 -52.729557037353516
v -34.609302520751953 -0.024470036849379539 -54.386302947998047
v -27.560541152954102 -0.033465147018432617 -55.713829040527344
v -24.350656509399414 -0.036058876663446426 -56.211708068847656
v -21.021808624267578 -0.037462834268808365 -56.660102844238281
v -17.729768753051758 -0.037683863192796707 -57.037181854248047
v -14.462212562561035 -0.036735910922288895 -57.348121643066406
v -11.169319152832031 -0.034155033528804779 -57.598194122314453
v -7.8598356246948242 -0.03056124784052372 -57.786308288574219
v -4.6376605033874512 -0.02600051648914814 -57.909282684326172
v -1.4877983331680298 -0.020004265010356903 -57.971935272216797
v 1.6568970680236816 -0.013336972333490849 -57.977924346923828
v 4.7754631042480469 -0.0062048058025538921 -57.927722930908203
v 7.7408599853515625 0.0014080886030569673 -57.827507019042969
v 14.106925964355469 0.018105683848261833 -57.438003540039062
v 16.958288192749023 0.025498148053884506 -57.184516906738281
v 19.619873046875 0.031981896609067917 -56.902969360351562
v 22.408750534057617 0.038188029080629349 -56.560581207275391
v 25.270807266235352 0.044148955494165421 -56.157363891601562
v 28.129661560058594 0.049268744885921478 -55.70123291015625
v 34.257762908935547 0.057003770023584366 -54.537792205810547
v 37.124565124511719 0.059374276548624039 -53.903099060058594
v 48.261699676513672 0.06341765820980072 -50.844570159912109
v 50.878879547119141 0.063977725803852081 -49.977584838867188
v 53.543312072753906 0.064700216054916382 -49.030845642089844
v 59.57537841796875 0.067405246198177338 -46.6287841796875
v 65.134208679199219 0.07183346152305603 -44.055774688720703
v 68.099678039550781 0.074785657227039337 -42.519927978515625
v 74.030792236328125 0.076575428247451782 -39.039276123046875
v 76.658226013183594 0.074974939227104187 -37.291019439697266
v 79.249305725097656 0.071809381246566772 -35.418132781982422
v 86.701087951660156 0.049610048532485962 -28.93365478515625
v 88.807746887207031 0.03947179764509201 -26.689369201660156
v 90.74261474609375 0.028720686212182045 -24.393003463745117
v 92.628959655761719 0.016817577183246613 -21.868095397949219
v 94.343429565429688 0.0040226220153272152 -19.23423957824707
v 95.852005004882812 -0.0091860629618167877 -16.522787094116211
v 97.157051086425781 -0.022738829255104065 -13.707149505615234
v 98.24102783203125 -0.035789966583251953 -10.781536102294922
v 99.072761535644531 -0.04740583524107933 -7.793571949005127
v 99.641937255859375 -0.056393176317214966 -4.7361645698547363
v 99.936920166015625 -0.062099695205688477 -1.5788756608963013
v 95.741584777832031 1.2441774606704712 8.7004232406616211
v 93.85284423828125 1.2248260974884033 14.165008544921875
v 81.567703247070312 1.3344366550445557 30.261754989624023
v -35.113670349121094 1.8758029937744141 52.841049194335938
v -75.202369689941406 3.991159200668335 34.916259765625
v -69.990821838378906 2.0189023017883301 -39.457515716552734
v -45.570903778076172 2.1164720058441162 -49.707546234130859
v 46.022922515869141 1.8928123712539673 -48.865291595458984
v 51.588283538818359 1.5999071598052979 -47.307910919189453
v 86.190292358398438 1.0200923681259155 -26.444755554199219
v 83.703109741210938 1.3873987197875977 -27.953489303588867
v 89.693199157714844 1.1556024551391602 -21.633934020996094
v 92.732231140136719 1.1946847438812256 -16.554143905639648
v 96.216133117675781 1.0686064958572388 -8.4375820159912109
v 95.240608215332031 1.1214511394500732 -11.24017333984375
v 96.946640014648438 1.0169746875762939 -5.6029095649719238
v -22.194828033447266 1.7009729146957397 55.175624847412109
v 11.143051147460938 0.0043738540261983871 57.643787384033203
v 10.937656402587891 0.0098329801112413406 -57.661975860595703
v -46.470436096191406 40.174880981445312 -16.67359733581543
v -40.562397003173828 32.742473602294922 28.374238967895508
v -42.859607696533203 33.721332550048828 -23.560436248779297
v -51.643440246582031 37.102462768554688 -18.137100219726562
v -54.440773010253906 37.639923095703125 20.877616882324219
v -57.11834716796875 42.870395660400391 -10.648994445800781
v -53.840629577636719 47.735809326171875 -5.6556410789489746
v -34.267856597900391 30.972389221191406 30.816856384277344
v -59.819339752197266 36.946231842041016 19.397787094116211
v -43.966018676757812 44.153976440429688 -12.781272888183594
v -51.004425048828125 32.453044891357422 25.995016098022461
v -59.575553894042969 45.547706604003906 11.424456596374512
v -47.352149963378906 46.830734252929688 13.473057746887207
v -49.197353363037109 28.888420104980469 29.185991287231445
v -48.140628814697266 48.476234436035156 -5.8912487030029297
v -55.095325469970703 28.016847610473633 -24.541923522949219
v -56.555759429931641 0.039395064115524292 47.888134002685547
v -43.512622833251953 27.087263107299805 -29.123771667480469
v -42.119617462158203 20.721460342407227 37.112800598144531
v 30.909368515014648 29.177711486816406 1.2728556394577026
v -33.637607574462891 18.561275482177734 -38.627975463867188
v -24.84589958190918 8.8966255187988281 49.342079162597656
v -25.300863265991211 48.513580322265625 1.2132745981216431
v 39.505973815917969 25.569940567016602 0.1668967604637146
v -34.812446594238281 35.094318389892578 27.239038467407227
v -33.044918060302734 30.177522659301758 -28.542156219482422
v -60.449054718017578 32.07708740234375 -18.961563110351562
v -39.610912322998047 18.799036026000977 -37.088062286376953
v -48.788562774658203 22.610563278198242 33.829338073730469
v 8.4881372451782227 38.122791290283203 3.4560678005218506
v -36.562248229980469 50.376976013183594 2.4767088890075684
v -27.056938171386719 24.659839630126953 36.785457611083984
v 21.119182586669922 33.202930450439453 1.1270333528518677
v -59.49652099609375 25.410179138183594 -24.751211166381836
v -56.901851654052734 0.0212969109416008 -47.72027587890625
v -33.597957611083984 9.505497932434082 -46.368804931640625
v -31.501459121704102 31.54051399230957 30.652246475219727
v -38.076068878173828 18.553607940673828 39.687995910644531
v -27.469915390014648 13.857950210571289 45.179286956787109
v -28.455621719360352 25.081701278686523 -33.746044158935547
v -41.679496765136719 12.812857627868652 -41.572635650634766
v 57.114536285400391 18.057550430297852 0.91471743583679199
v -63.863765716552734 34.631858825683594 -15.157322883605957
v -27.797544479370117 5.9875645637512207 -50.479549407958984
v 84.85528564453125 6.2829890251159668 1.9994083642959595
v -41.797622680664062 46.321743011474609 14.843079566955566
v -22.747730255126953 19.673349380493164 41.178390502929688
v -43.053089141845703 47.637477874755859 -8.0940160751342773
v 24.101409912109375 31.815708160400391 5.0886874198913574
v -44.375118255615234 13.764360427856445 -39.977718353271484
v -40.868782043457031 14.247452735900879 42.180294036865234
v -22.527591705322266 15.385371208190918 -43.052963256835938
v -32.083038330078125 14.04453182220459 44.276092529296875
v -97.877494812011719 4.2653408050537109 0.94384634494781494
v -35.908798217773438 45.503562927246094 -11.548981666564941
v -64.366600036621094 28.52935791015625 23.432392120361328
v -28.6385498046875 31.633277893066406 30.797611236572266
v 27.862424850463867 30.003087997436523 -4.9957585334777832
v -37.636608123779297 11.032217979431152 45.361831665039062
v -21.368703842163086 17.561967849731445 42.978370666503906
v 40.56842041015625 24.582826614379883 -6.1144809722900391
v -31.681892395019531 40.870471954345703 21.66459846496582
v -24.79908561706543 47.667675018310547 -3.738884449005127
v -14.422074317932129 8.1677379608154297 50.931049346923828
v -46.726837158203125 13.478270530700684 41.063499450683594
v -51.735557556152344 14.316874504089355 -37.009773254394531
v -56.95159912109375 19.414220809936523 33.102058410644531
v -18.629402160644531 13.36548900604248 46.531703948974609
v -27.785865783691406 39.095359802246094 23.548927307128906
v -25.69488525390625 34.291366577148438 -25.082399368286133
v -23.488540649414062 19.817489624023438 -39.019523620605469
v -32.758899688720703 42.347320556640625 -15.856471061706543
v 68.593185424804688 0.081139929592609406 42.258697509765625
v -30.565210342407227 48.630733489990234 -3.8940274715423584
v 59.172187805175781 16.814054489135742 -5.6995782852172852
v 32.235462188720703 28.063493728637695 -5.9844746589660645
v -28.075773239135742 40.999984741210938 -17.413053512573242
v 72.823051452636719 11.006181716918945 -6.2292232513427734
v -53.008750915527344 7.4900641441345215 -42.373943328857422
v 82.004875183105469 7.2415866851806641 -5.6505351066589355
v 12.087265968322754 36.263584136962891 -4.6612262725830078
v -51.163406372070312 4.0223689079284668 -46.139549255371094
v -24.880767822265625 28.99553108215332 33.296455383300781
v 6.5688791275024414 38.393711090087891 -4.0857810974121094
v -26.046579360961914 46.945396423339844 11.246730804443359
v -72.245498657226562 37.155136108398438 12.04886531829834
v -34.587104797363281 47.394607543945312 12.847145080566406
v -51.467517852783203 10.962141990661621 41.313591003417969
v 50.605323791503906 20.170713424682617 9.0892562866210938
v 33.724590301513672 27.381664276123047 8.6230411529541016
v -56.684677124023438 12.116069793701172 -36.852848052978516
v 45.591648101806641 22.217817306518555 9.5238571166992188
v -28.907041549682617 47.763935089111328 10.401359558105469
v 9.2206850051879883 37.011787414550781 9.6332664489746094
v -12.801037788391113 44.137313842773438 10.34601879119873
v -47.947055816650391 43.528106689453125 17.316598892211914
v -49.295398712158203 41.449794769287109 19.080806732177734
v -53.895965576171875 6.417417049407959 43.823131561279297
v -46.843551635742188 37.692214965820312 23.000072479248047
v -98.538658142089844 2.8616600036621094 -2.1651408672332764
v -49.6202392578125 4.1422605514526367 47.13427734375
v -46.976516723632812 43.809238433837891 -12.635524749755859
v -52.401039123535156 43.486198425292969 -11.636134147644043
v -49.170703887939453 39.041938781738281 -17.088205337524414
v -70.754966735839844 4.1809577941894531 37.539020538330078
v -40.03021240234375 32.961490631103516 -24.838531494140625
v -42.953029632568359 33.541889190673828 27.254074096679688
v -43.377471923828125 42.894729614257812 18.74006462097168
v -65.358283996582031 37.83807373046875 16.041946411132812
v -57.11474609375 40.683940887451172 -12.863073348999023
v -50.806022644042969 30.219575881958008 -24.311929702758789
v -41.506050109863281 27.392938613891602 32.328018188476562
v -38.965522766113281 21.120777130126953 37.582675933837891
v 88.346710205078125 3.7591464519500732 12.474494934082031
v -24.298259735107422 39.157680511474609 23.267845153808594
v 84.347442626953125 3.6404173374176025 20.140792846679688
v -46.754589080810547 27.710319519042969 30.757511138916016
v -33.489246368408203 14.050739288330078 -42.510566711425781
v -46.31561279296875 25.931734085083008 -29.291501998901367
v -27.359170913696289 7.8720269203186035 49.753543853759766
v -36.812599182128906 18.584770202636719 -37.939998626708984
v -38.805500030517578 14.267325401306152 -41.108871459960938
v 40.650089263916016 24.867954254150391 5.4096112251281738
v -25.282442092895508 14.302627563476562 -43.678619384765625
v -45.629001617431641 48.265644073486328 11.536903381347656
v -33.2523193359375 49.961936950683594 3.2017953395843506
v -60.015495300292969 48.965763092041016 1.8915891647338867
v -30.113059997558594 28.04210090637207 33.706760406494141
v -39.277843475341797 50.631168365478516 2.0558865070343018
v 81.927490234375 7.4905996322631836 -2.2457156181335449
v -42.018596649169922 17.371017456054688 -37.644378662109375
v -39.334522247314453 9.3529939651489258 -45.149791717529297
v 55.088085174560547 18.892509460449219 2.5493907928466797
v -16.936653137207031 9.4722881317138672 49.730327606201172
v -46.884956359863281 19.218259811401367 -34.653076171875
v -36.605312347412109 16.427959442138672 41.589424133300781
v 28.875194549560547 29.931035995483398 -1.5819357633590698
v -20.275835037231445 6.0645914077758789 52.070346832275391
v 34.712120056152344 27.330202102661133 6.011286735534668
v -44.443153381347656 11.462449073791504 -41.905200958251953
v -54.584400177001953 25.602439880371094 -26.689640045166016
v -30.205137252807617 29.512163162231445 -29.498147964477539
v -30.387537002563477 4.2685527801513672 -51.503318786621094
v 89.364990234375 4.3927474021911621 1.5660806894302368
v -31.72502326965332 35.485912322998047 27.130922317504883
v -23.887216567993164 24.301427841186523 37.328563690185547
v -24.858623504638672 5.8225831985473633 -51.080547332763672
v -35.489337921142578 43.472316741943359 -14.380634307861328
v 61.289535522460938 2.6428024768829346 41.422405242919922
v -28.539533615112305 33.300479888916016 -26.01239013671875
v -35.017063140869141 12.585910797119141 44.7889404296875
v -33.391410827636719 40.13348388671875 -18.525651931762695
v -25.214557647705078 24.725858688354492 -34.408966064453125
v -40.131103515625 11.902253150939941 44.103504180908203
v 34.965614318847656 27.406963348388672 -1.3752727508544922
v -39.063304901123047 46.15252685546875 15.194672584533691
v -20.073915481567383 11.610746383666992 -46.626377105712891
v -65.992111206054688 46.41815185546875 0.42172962427139282
v -96.471328735351562 6.8790092468261719 1.433854341506958
v -61.517440795898438 21.382509231567383 29.735496520996094
v -58.599452972412109 21.377145767211914 -28.375450134277344
v -71.645675659179688 32.405593872070312 16.411508560180664
v 61.830368041992188 15.760069847106934 -4.9550786018371582
v 42.643966674804688 24.011600494384766 -3.6018321514129639
v 47.726997375488281 21.742656707763672 -4.7843761444091797
v -48.23565673828125 10.721932411193848 42.609821319580078
v -38.854660034179688 48.869609832763672 10.350704193115234
v -19.80463981628418 19.922460556030273 -39.205188751220703
v 84.320304870605469 6.3884992599487305 -4.0288314819335938
v 9.3339214324951172 37.337642669677734 -4.3619022369384766
v 14.790361404418945 35.176143646240234 -5.0825362205505371
v 1.419201135635376 40.043594360351562 -5.1472640037536621
v 28.523643493652344 29.051591873168945 11.070131301879883
v -54.125652313232422 13.053370475769043 -37.129535675048828
v -10.386434555053711 43.89422607421875 -4.6284303665161133
v -16.346347808837891 45.701076507568359 -3.8296549320220947
v -4.6274361610412598 42.047069549560547 -5.1293740272521973
v 38.907314300537109 24.335142135620117 12.778969764709473
v 28.03312873840332 28.91374397277832 -10.081151008605957
v -55.961429595947266 6.3367500305175781 -42.223720550537109
v -64.766014099121094 29.180824279785156 -19.152114868164062
v 48.103782653808594 21.387247085571289 7.9817991256713867
v -16.823225021362305 16.811922073364258 -42.212226867675781
v 11.355738639831543 36.627025604248047 7.2744240760803223
v 62.465095520019531 6.023160457611084 -33.978137969970703
v -53.822917938232422 21.780111312866211 -30.068304061889648
v 21.033729553222656 33.105098724365234 -1.9472824335098267
v -34.952358245849609 44.855403900146484 16.859340667724609
v -45.276802062988281 16.020809173583984 39.657688140869141
v 32.759529113769531 27.307109832763672 11.038651466369629
v -71.277702331542969 34.860000610351562 -10.335541725158691
v -58.890296936035156 16.377323150634766 -32.300670623779297
v 4.310544490814209 38.770584106445312 -6.3495831489562988
v -41.374794006347656 39.77740478515625 -18.067991256713867
v -39.147480010986328 45.666805267333984 -11.303129196166992
v -43.013046264648438 35.447856903076172 25.693454742431641
v -33.24700927734375 36.001117706298828 -22.930461883544922
v -46.795989990234375 38.044418334960938 -18.665498733520508
v -53.258724212646484 47.416133880615234 11.367641448974609
v -48.188899993896484 33.449600219726562 26.060066223144531
v -43.691310882568359 28.823347091674805 30.733758926391602
v -41.129032135009766 41.816505432128906 20.190778732299805
v -40.546051025390625 35.308818817138672 -22.584722518920898
v -54.997512817382812 48.651336669921875 -3.4981372356414795
v -37.831840515136719 34.223587036132812 27.622087478637695
v -34.859401702880859 24.446067810058594 -33.339279174804688
v -49.661685943603516 26.624944686889648 30.677635192871094
v -45.107292175292969 45.827747344970703 -10.493121147155762
v -40.789077758789062 25.984218597412109 -30.747749328613281
v -48.223892211914062 48.133899688720703 11.386624336242676
v -46.358715057373047 21.948539733886719 35.053421020507812
v -55.079788208007812 49.652057647705078 6.210319995880127
v -35.225563049316406 18.587474822998047 40.267810821533203
v 92.41595458984375 2.9719178676605225 4.76861572265625
v 67.529228210449219 13.302299499511719 -5.6125717163085938
v -27.358144760131836 11.933838844299316 46.665134429931641
v -42.805843353271484 50.497653961181641 5.993441104888916
v -28.723203659057617 21.091073989868164 -37.267704010009766
v -29.480258941650391 27.230857849121094 -31.677640914916992
v -34.448257446289062 15.035099029541016 43.081687927246094
v 50.490306854248047 20.624759674072266 6.0355281829833984
v -59.033790588378906 22.73539924621582 29.916831970214844
v 61.922088623046875 15.40043830871582 8.7950477600097656
v -63.885562896728516 44.756702423095703 -4.9579563140869141
v -41.415019989013672 48.932239532470703 10.412808418273926
v -19.12611198425293 2.1011428833007812 55.236164093017578
v 26.541189193725586 30.96112060546875 3.2856912612915039
v -15.857714653015137 2.243474006652832 55.448116302490234
v -67.069786071777344 36.928962707519531 -11.333969116210938
v -34.689369201660156 7.2086348533630371 -48.099735260009766
v -39.689281463623047 48.310306549072266 -6.8241682052612305
v -69.305839538574219 34.129104614257812 16.644615173339844
v 84.401969909667969 6.4868063926696777 -0.88352876901626587
v -57.655979156494141 23.997186660766602 -26.696361541748047
v -99.066154479980469 2.0570757389068604 0.62186616659164429
v -46.994407653808594 12.411727905273438 -40.284866333007812
v -54.9296875 16.197858810424805 36.204654693603516
v -67.690475463867188 45.723373413085938 2.8946921825408936
v -51.689105987548828 16.555168151855469 -35.158554077148438
v -48.122844696044922 5.3154449462890625 -46.03857421875
v -71.437950134277344 30.112394332885742 18.263771057128906
v -41.880134582519531 10.439634323120117 -43.536087036132812
v -54.623607635498047 10.851784706115723 -38.800018310546875
v 38.450481414794922 25.004478454589844 -8.7238168716430664
v -73.941490173339844 38.013473510742188 9.5825405120849609
v -22.60197639465332 30.89146614074707 31.651447296142578
v -70.483428955078125 39.357837677001953 -6.4540367126464844
v -29.540485382080078 43.995471954345703 17.642539978027344
v -77.97833251953125 36.463359832763672 4.730499267578125
v -55.750141143798828 34.188552856445312 -19.21992301940918
v -60.156135559082031 43.430034637451172 13.55083179473877
v -43.532089233398438 44.913616180419922 16.460165023803711
v -42.346050262451172 16.347759246826172 40.249725341796875
v 26.827896118164062 30.604557037353516 6.1693367958068848
v -64.423164367675781 37.020050048828125 -12.78630256652832
v -66.679779052734375 45.792221069335938 5.5572857856750488
v 33.542213439941406 27.814184188842773 -3.727766752243042
v -17.763156890869141 8.0340280532836914 -49.989063262939453
v -52.233417510986328 13.237783432006836 39.3607177734375
v -46.194278717041016 50.410980224609375 6.6873679161071777
v -59.671073913574219 43.670055389404297 -8.6483631134033203
v -29.985857009887695 47.686931610107422 -6.4501962661743164
v 77.88128662109375 9.0103559494018555 5.8356456756591797
v -92.594757080078125 13.766915321350098 3.9887380599975586
v -56.053043365478516 14.009002685546875 -35.518379211425781
v 12.001442909240723 35.799053192138672 10.293153762817383
v -28.359123229980469 46.498550415039062 13.169191360473633
v -23.418481826782227 41.278644561767578 20.494968414306641
v -18.133962631225586 27.785612106323242 -31.746500015258789
v -53.220474243164062 43.569618225097656 15.970427513122559
v -73.828453063964844 32.923236846923828 14.391599655151367
v -67.03472900390625 33.403484344482422 18.549875259399414
v -16.838424682617188 46.415283203125 4.1327013969421387
v -66.807075500488281 28.471254348754883 22.202993392944336
v -58.307960510253906 25.21998405456543 28.495718002319336
v -45.357131958007812 34.659709930419922 -22.120090484619141
v -47.505977630615234 39.649265289306641 21.147327423095703
v -42.155239105224609 19.511499404907227 -35.819530487060547
v -45.467357635498047 34.421867370605469 25.989875793457031
v -55.4189453125 46.1697998046875 -7.3853087425231934
v -40.2635498046875 35.43670654296875 26.19141960144043
v -40.489086151123047 30.027275085449219 30.530981063842773
v -48.128620147705078 45.500431060791016 -10.354145050048828
v -32.160392761230469 24.821544647216797 36.030601501464844
v -59.823093414306641 48.873081207275391 4.6560153961181641
v 62.166889190673828 0.069145247340202332 -45.475761413574219
v -33.052448272705078 33.296459197998047 28.967994689941406
v 94.942283630371094 1.8765807151794434 5.3533005714416504
v -38.016571044921875 27.154575347900391 -30.370059967041016
v -44.549911499023438 26.410993576049805 32.316490173339844
v 81.694549560546875 0.066829882562160492 -33.491920471191406
v -73.825027465820312 2.524738073348999 37.066276550292969
v -38.16351318359375 29.370302200317383 -28.409242630004883
v 62.877307891845703 4.5613536834716797 -36.62213134765625
v -71.24957275390625 6.3205380439758301 -34.469692230224609
v -32.493427276611328 27.816444396972656 -30.76177978515625
v -31.791440963745117 20.913673400878906 -36.944782257080078
v 65.786758422851562 8.2788724899291992 -26.530124664306641
v -70.03399658203125 37.794017791748047 13.153491020202637
v -28.53447151184082 17.263896942138672 -40.637096405029297
v -33.904548645019531 20.67503547668457 38.941730499267578
v -30.001256942749023 10.568331718444824 47.273902893066406
v -10.611956596374512 44.493553161621094 5.383389949798584
v -5.4835114479064941 42.667621612548828 7.0710391998291016
v -59.7708740234375 34.398777008056641 21.354337692260742
v 45.741893768310547 22.829216003417969 3.7913548946380615
v 55.539043426513672 18.511571884155273 5.4842529296875
v -37.729366302490234 13.903962135314941 43.207351684570312
v -32.328769683837891 7.7211804389953613 -48.1595458984375
v -25.764415740966797 7.5356926918029785 -49.467201232910156
v -49.309864044189453 17.889305114746094 -34.929119110107422
v -67.018569946289062 41.281623840332031 11.976062774658203
v -30.863506317138672 31.857248306274414 -27.224126815795898
v 47.547782897949219 22.062774658203125 -1.928459644317627
v 37.697788238525391 26.095342636108398 5.7068581581115723
v -11.054007530212402 44.54864501953125 -2.218174934387207
v -13.314328193664551 44.963752746582031 7.5449590682983398
v 90.582527160644531 3.8877549171447754 -0.87487667798995972
v -54.184131622314453 21.021282196044922 33.072227478027344
v -35.253726959228516 47.035388946533203 -8.9599485397338867
v -26.288862228393555 26.864459991455078 -32.339347839355469
v -24.461687088012695 26.589012145996094 35.382656097412109
v -21.808744430541992 17.751802444458008 -41.013820648193359
v -21.310085296630859 21.991357803344727 -37.225608825683594
v -30.889703750610352 38.747756958007812 -20.146770477294922
v -42.965366363525391 35.654941558837891 -21.780914306640625
v -33.080387115478516 48.657558441162109 -4.9824109077453613
v -30.827825546264648 46.660621643066406 -9.0186004638671875
v -15.009512901306152 44.762775421142578 -6.197288990020752
v 84.614402770996094 6.0001001358032227 -7.0611820220947266
v -72.485916137695312 39.609321594238281 -4.1703457832336426
v 26.680280685424805 30.215301513671875 9.2051048278808594
v 26.673465728759766 29.917612075805664 -8.1813745498657227
v -73.350532531738281 41.438278198242188 0.68199658393859863
v -38.520473480224609 40.627647399902344 -17.555456161499023
v -80.429481506347656 4.2863168716430664 -30.058937072753906
v -76.268806457519531 37.348865509033203 7.2038655281066895
v 89.093269348144531 2.1888222694396973 18.551288604736328
v -37.657199859619141 8.3115377426147461 47.391014099121094
v -57.127532958984375 38.514030456542969 19.215059280395508
v -56.549205780029297 46.557830810546875 11.423980712890625
v -57.522026062011719 34.010292053222656 22.560642242431641
v 32.036148071289062 0.072768256068229675 55.009498596191406
v 39.725326538085938 0.060721632093191147 -53.275444030761719
v -79.798744201660156 4.4439730644226074 31.242824554443359
v -87.178703308105469 4.6996622085571289 -23.457090377807617
v 84.464317321777344 2.1128003597259521 -24.891836166381836
v 75.133834838867188 5.898475170135498 -23.741519927978516
v 44.907352447509766 23.218318939208984 -1.1592148542404175
v -54.288352966308594 2.204542875289917 46.994037628173828
v 85.564666748046875 3.337653636932373 -19.210941314697266
v -96.988670349121094 5.7841811180114746 -1.4398903846740723
v -56.9493408203125 26.201862335205078 -25.243791580200195
v -17.065122604370117 14.690962791442871 -44.130279541015625
v 47.976943969726562 21.798490524291992 4.7559843063354492
v 56.166053771972656 4.0849819183349609 -41.194854736328125
v 67.633148193359375 12.989725112915039 8.7567930221557617
v -40.250770568847656 47.723003387451172 12.762660026550293
v -93.583755493164062 4.3076305389404297 16.368082046508789
v -39.733367919921875 7.0408754348754883 -47.026699066162109
v -70.35150146484375 6.7611804008483887 35.68267822265625
v -17.441892623901367 7.0832467079162598 51.556438446044922
v -67.419166564941406 38.968807220458984 13.86451530456543
v -61.156181335449219 23.850141525268555 28.194063186645508
v -21.516345977783203 25.945367813110352 36.061283111572266
v -55.334232330322266 8.5662641525268555 -40.49176025390625
v -25.589885711669922 6.5815401077270508 50.997886657714844
v -88.542320251464844 4.3688521385192871 23.245998382568359
v -47.641338348388672 7.7755765914916992 -44.051795959472656
v -12.353344917297363 43.911457061767578 -6.6830024719238281
v 40.262630462646484 0.086975187063217163 53.163219451904297
v -70.97637939453125 32.766063690185547 -12.410247802734375
v -91.189239501953125 16.050592422485352 -2.2706444263458252
v -78.61480712890625 35.423511505126953 -0.78226578235626221
v 85.603584289550781 4.9949297904968262 11.897236824035645
v -49.132347106933594 37.024311065673828 -18.975042343139648
v -29.870706558227539 25.90315055847168 35.474853515625
v -63.071929931640625 1.963170051574707 43.468296051025391
v -34.415798187255859 49.268703460693359 8.2029857635498047
v -22.635452270507812 7.5506820678710938 50.655345916748047
v -67.053909301757812 21.672607421875 26.744375228881836
v -68.280906677246094 38.762588500976562 -8.8080205917358398
v 68.391586303710938 12.554239273071289 -8.5430994033813477
v -62.088291168212891 46.249794006347656 9.1507549285888672
v -90.482955932617188 8.5462579727172852 16.834123611450195
v 57.867767333984375 17.68067741394043 3.3400733470916748
v 54.113178253173828 18.152341842651367 11.862455368041992
v -48.053237915039062 15.67064094543457 39.044956207275391
v 96.800331115722656 1.2774497270584106 -0.23777443170547485
v -84.59130859375 6.2127981185913086 25.694339752197266
v -45.098186492919922 11.673203468322754 42.898841857910156
v -16.164144515991211 45.853599548339844 7.0906753540039062
v -25.180999755859375 43.663715362548828 -13.247132301330566
v -70.324447631835938 42.621841430664062 7.3861870765686035
v 14.19959545135498 35.368766784667969 8.2408113479614258
v -61.564506530761719 19.734014511108398 -28.304933547973633
v -20.6036376953125 38.372058868408203 -20.079591751098633
v -18.981689453125 30.005971908569336 -29.503307342529297
v -68.614936828613281 44.870994567871094 0.28350794315338135
v -55.113483428955078 26.119182586669922 29.144664764404297
v -83.452613830566406 28.010984420776367 7.2445468902587891
v -55.056095123291016 4.0656695365905762 45.213752746582031
v 45.564262390136719 0.062681734561920166 -51.676532745361328
v -35.333599090576172 28.604331970214844 32.575798034667969
v 34.863487243652344 0.078748241066932678 54.430587768554688
v -14.81999683380127 17.73487663269043 43.179634094238281
v -65.592636108398438 23.814548492431641 26.061365127563477
v -85.190238952636719 23.793954849243164 -5.8362722396850586
v 31.090076446533203 0.053501434624195099 -55.171394348144531
v -40.671321868896484 44.242988586425781 17.572994232177734
v -25.694326400756836 36.323459625244141 -22.878507614135742
v 71.18951416015625 0.076656922698020935 -40.780719757080078
v -64.10986328125 44.537265777587891 10.205936431884766
v -44.536647796630859 18.265575408935547 -36.169017791748047
v -51.339122772216797 23.225715637207031 -29.837179183959961
v -68.930671691894531 34.8050537109375 -12.029853820800781
v -62.0496826171875 29.76268196105957 -20.071107864379883
v -42.226974487304688 8.0847368240356445 -45.450420379638672
v -69.355880737304688 31.577630996704102 18.527706146240234
v -7.4995265007019043 42.964668273925781 -5.000277042388916
v -22.147851943969727 24.292243957519531 -35.040035247802734
v -69.874008178710938 41.550140380859375 -4.3321762084960938
v -16.056333541870117 29.510492324829102 -29.902114868164062
v -61.611515045166016 41.782314300537109 -9.7293968200683594
v 48.828586578369141 1.6663056612014771 -48.225418090820312
v -87.954826354980469 22.338438034057617 3.2730312347412109
v -15.483633995056152 44.985710144042969 9.9842567443847656
v -31.459508895874023 34.282451629638672 -24.812797546386719
v 28.879791259765625 0.065011441707611084 55.589698791503906
v 64.762374877929688 14.227181434631348 8.5600910186767578
v -8.885345458984375 41.773639678955078 -10.199215888977051
v 79.477088928222656 8.0572471618652344 8.40496826171875
v -53.320858001708984 30.171348571777344 -23.46312141418457
v 84.908203125 5.5671772956848145 -9.536616325378418
v 51.122142791748047 19.405872344970703 11.919212341308594
v -11.308247566223145 14.232905387878418 46.144527435302734
v 7.2171597480773926 37.616893768310547 -6.8732337951660156
v -1.6899639368057251 41.093124389648438 -5.1348657608032227
v -55.901802062988281 43.107707977294922 15.570230484008789
v -64.833000183105469 45.959537506103516 -2.2998526096343994
v -62.631580352783203 41.999752044677734 13.78520679473877
v -52.845989227294922 34.474533081054688 -20.044672012329102
v -51.984264373779297 12.047355651855469 -38.820442199707031
v -21.124984741210938 38.293766021728516 23.904779434204102
v -51.055339813232422 48.123554229736328 -5.8398070335388184
v -29.949453353881836 37.370803833007812 25.408908843994141
v -59.792896270751953 17.77735710144043 33.026012420654297
v -62.411640167236328 13.636902809143066 34.755023956298828
v -51.928684234619141 45.515674591064453 14.214365005493164
v -56.548439025878906 18.08837890625 -31.934505462646484
v 38.289215087890625 3.3256790637969971 49.595878601074219
v -68.031791687011719 44.011451721191406 7.6905970573425293
v 44.186161041259766 23.563285827636719 1.6838430166244507
v -57.971508026123047 48.837631225585938 6.8398928642272949
v 72.267288208007812 11.307345390319824 6.526491641998291
v -36.309032440185547 39.032726287841797 -19.508237838745117
v -51.613349914550781 50.141529083251953 -0.86393290758132935
v 32.691741943359375 28.363506317138672 3.7753303050994873
v -75.724464416503906 3.8794896602630615 -33.951374053955078
v 35.175453186035156 26.304519653320312 11.017037391662598
v -57.217979431152344 48.751346588134766 -2.2304344177246094
v 45.509082794189453 21.7144775390625 12.184557914733887
v -27.142271041870117 23.009288787841797 -35.774974822998047
v -23.840309143066406 47.195930480957031 9.318516731262207
v -30.107122421264648 33.554512023925781 28.977706909179688
v -69.787696838378906 21.292333602905273 25.451215744018555
v -22.148422241210938 10.085166931152344 48.766853332519531
v -37.351188659667969 6.0787539482116699 -48.457088470458984
v 71.312332153320312 2.8199071884155273 34.957065582275391
v -33.219913482666016 46.020706176757812 15.059415817260742
v -64.013427734375 22.268619537353516 27.916858673095703
v 82.411552429199219 3.4337072372436523 -23.03077507019043
v -84.491867065429688 4.1163244247436523 27.596845626831055
v -16.248331069946289 23.22480583190918 -36.232471466064453
v -63.213436126708984 13.069604873657227 -32.976638793945312
v 49.936195373535156 21.115522384643555 -0.25863626599311829
v 48.244853973388672 4.3223757743835449 -44.374710083007812
v 45.561527252197266 22.66288948059082 6.6047549247741699
v -23.447227478027344 46.708377838134766 -6.1551017761230469
v -53.290782928466797 0.031587995588779449 49.121818542480469
v -81.159156799316406 32.842357635498047 3.3597772121429443
v 85.325447082519531 4.579289436340332 -14.266833305358887
v -63.626613616943359 20.057243347167969 29.6361083984375
v -55.976802825927734 32.672760009765625 24.138519287109375
v -59.754047393798828 39.511573791503906 17.361408233642578
v -77.252662658691406 35.408222198486328 -3.5919814109802246
v 60.126388549804688 0.090177252888679504 46.408088684082031
v -44.736194610595703 9.1300630569458008 -43.815891265869141
v -49.622028350830078 50.039005279541016 7.2388010025024414
v -95.678985595703125 4.0071573257446289 -11.547269821166992
v -20.616250991821289 46.091361999511719 -6.2311949729919434
v -73.976646423339844 35.447265625 12.142045974731445
v -13.95395565032959 10.437665939331055 49.154182434082031
v -22.452396392822266 47.885494232177734 1.9886767864227295
v -51.525730133056641 20.977512359619141 -31.591379165649414
v 43.055149078369141 0.089312687516212463 52.420951843261719
v -6.1986522674560547 43.30181884765625 2.4646081924438477
v -83.072029113769531 29.49308967590332 -0.98272210359573364
v -11.60152530670166 10.07213020324707 -48.558738708496094
v 3.7011559009552002 38.990715026855469 9.7878961563110352
v -65.303367614746094 42.584808349609375 -6.7059788703918457
v 63.387554168701172 2.8722372055053711 39.868202209472656
v -26.225910186767578 40.834041595458984 21.406143188476562
v -55.020442962646484 35.207408905029297 22.588909149169922
v 57.081409454345703 17.79876708984375 -4.6200056076049805
v -32.506591796875 29.267887115478516 32.430652618408203
v -91.238258361816406 2.4340708255767822 -21.253271102905273
v -56.313251495361328 30.078319549560547 -22.379228591918945
v -50.250194549560547 47.079967498779297 12.643891334533691
v -43.334636688232422 4.9708938598632812 48.437530517578125
v -16.698163986206055 44.516399383544922 -8.3136758804321289
v 24.494670867919922 30.841915130615234 10.410603523254395
v -35.921024322509766 22.269208908081055 37.36309814453125
v 10.045394897460938 36.502780914306641 -7.2769885063171387
v 18.680021286010742 34.147232055664062 -0.28993278741836548
v -27.994752883911133 15.137693405151367 -42.560890197753906
v -66.325981140136719 7.278717041015625 -36.423965454101562
v -52.56707763671875 46.501277923583984 -7.9471936225891113
v -25.358510971069336 11.8392333984375 -45.806785583496094
v 56.553585052490234 0.065829649567604065 -47.878971099853516
v -36.739665985107422 32.90985107421875 -25.46776008605957
v 29.103019714355469 29.444082260131836 7.7007365226745605
v -16.772499084472656 19.912059783935547 41.301643371582031
v -40.773296356201172 43.964012145996094 -13.463665962219238
v -71.438125610351562 35.173164367675781 14.384731292724609
v -16.747457504272461 18.977230072021484 -40.221347808837891
v 81.030929565429688 2.2104325294494629 -28.229982376098633
v 93.508415222167969 2.1352953910827637 -8.8771486282348633
v 73.802604675292969 10.831304550170898 4.3638081550598145
v -21.897274017333984 47.225250244140625 7.3935146331787109
v -45.596611022949219 24.019575119018555 33.775154113769531
v -59.624801635742188 41.244163513183594 -11.248127937316895
v 54.262344360351562 1.6060777902603149 -46.243068695068359
v -39.064235687255859 22.488235473632812 -34.121429443359375
v -58.572059631347656 13.822541236877441 -34.570407867431641
v -70.460708618164062 30.72697639465332 -14.501615524291992
v -29.833257675170898 8.2891855239868164 49.027473449707031
v -35.773155212402344 36.680961608886719 -21.991155624389648
v -64.510429382324219 30.653339385986328 21.873626708984375
v -14.704680442810059 45.887088775634766 1.8593586683273315
v -39.420379638671875 16.315145492553711 41.024044036865234
v -26.829132080078125 19.149505615234375 -39.230560302734375
v -36.282634735107422 12.769633293151855 -42.993434906005859
v -63.918567657470703 25.545265197753906 -22.486946105957031
v 52.09051513671875 19.872686386108398 -5.0332117080688477
v -27.892492294311523 48.178169250488281 -3.9928417205810547
v -97.993461608886719 3.024367094039917 6.4746332168579102
v -19.745359420776367 32.179096221923828 -27.24595832824707
v 32.998538970947266 3.2533235549926758 51.112899780273438
v -24.301347732543945 33.099254608154297 29.58056640625
v -33.730136871337891 16.207639694213867 -40.621063232421875
v -12.697340965270996 2.0278933048248291 -55.672279357910156
v -0.11131756752729416 41.053092956542969 -2.0655620098114014
v 91.566619873046875 1.0755133628845215 19.18745231628418
v 52.825557708740234 19.766227722167969 4.2477164268493652
v -25.70256233215332 38.307884216308594 -20.603734970092773
v -17.63770866394043 35.616130828857422 26.54090690612793
v -64.9749755859375 47.165885925292969 3.1498298645019531
v -24.114429473876953 22.458147048950195 -36.583671569824219
v -42.783061981201172 1.6605290174484253 -50.916202545166016
v -95.692245483398438 7.958712100982666 4.182192325592041
v -19.622535705566406 16.026201248168945 -42.744911193847656
v 88.965805053710938 4.5041699409484863 -3.1506052017211914
v -59.219619750976562 36.570949554443359 -15.748102188110352
v 89.779380798339844 2.3435266017913818 -16.559309005737305
v -42.039608001708984 49.206119537353516 -5.0449981689453125
v -73.821304321289062 25.392017364501953 20.037683486938477
v -37.53558349609375 5.6950268745422363 49.391704559326172
v -16.713632583618164 29.127618789672852 33.150703430175781
v -35.511123657226562 43.248653411865234 18.927928924560547
v -45.550811767578125 4.359647274017334 -47.711189270019531
v -65.967735290527344 32.710983276367188 -15.620400428771973
v -41.625728607177734 39.539360046386719 22.357175827026367
v 40.701007843017578 24.068115234375 10.609340667724609
v -62.076396942138672 46.791896820068359 -2.9614505767822266
v -74.932334899902344 37.583805084228516 -3.8974132537841797
v -62.357650756835938 39.391769409179688 -11.717190742492676
v -96.9573974609375 4.3586306571960449 -6.8293967247009277
v -71.936111450195312 42.832180023193359 3.0208570957183838
v -52.449787139892578 9.7758293151855469 -40.586536407470703
v -31.551036834716797 4.7353448867797852 51.393226623535156
v 84.315582275390625 0.059003885835409164 -31.222761154174805
v -17.219766616821289 12.514877319335938 -46.065494537353516
v 22.05860710144043 32.005886077880859 -6.8756752014160156
v 54.241687774658203 18.417755126953125 -8.7827272415161133
v -42.568534851074219 2.3866438865661621 50.631919860839844
v -31.102249145507812 -0.029467048123478889 -55.088104248046875
v -7.352241039276123 7.6887459754943848 -50.836696624755859
v 89.792640686035156 4.1093225479125977 4.2228379249572754
v -54.338741302490234 44.503673553466797 -9.8457479476928711
v -69.323410034179688 36.584209442138672 -10.155647277832031
v -53.080406188964844 33.852279663085938 24.280817031860352
v 81.842720031738281 0.050425872206687927 33.360809326171875
v -25.753986358642578 22.567483901977539 38.592525482177734
v -12.957154273986816 7.8719868659973145 -50.481731414794922
v -59.882442474365234 48.405292510986328 -1.0116256475448608
v -67.95751953125 41.163673400878906 -6.4602146148681641
v 79.064224243164062 2.531120777130127 29.404106140136719
v -48.439399719238281 31.4398193359375 -24.05534553527832
v -44.066978454589844 22.731870651245117 -32.608619689941406
v -82.69769287109375 30.223081588745117 4.7654762268066406
v -44.567855834960938 46.681804656982422 14.059981346130371
v -20.223653793334961 34.309452056884766 -24.931102752685547
v -13.895298004150391 20.013410568237305 -39.314666748046875
v -15.590001106262207 27.531665802001953 -31.940444946289062
v 22.204139709472656 31.866611480712891 9.9822893142700195
v -30.931375503540039 36.626411437988281 -22.442956924438477
v -66.683753967285156 24.222640991210938 -22.035572052001953
v 28.480091094970703 30.184612274169922 1.4780733585357666
v -54.050991058349609 19.56608772277832 -31.766666412353516
v 53.144844055175781 19.344659805297852 7.2052841186523438
v -45.641807556152344 32.545207977294922 -23.908906936645508
v -28.000223159790039 10.515852928161621 -46.549530029296875
v 0.96434450149536133 39.936050415039062 9.8517246246337891
v -72.603424072265625 2.1059207916259766 -37.805400848388672
v 88.739326477050781 3.0209898948669434 15.490394592285156
v -95.305389404296875 5.0108189582824707 11.928958892822266
v 27.664411544799805 4.8872652053833008 50.51641845703125
v -20.068805694580078 15.372239112854004 44.83502197265625
v -37.187534332275391 30.337730407714844 30.899654388427734
v -31.439556121826172 17.429523468017578 -40.014171600341797
v -47.071414947509766 49.708339691162109 -3.4404988288879395
v -54.577522277832031 28.816867828369141 27.448585510253906
v -38.162803649902344 -0.018615398555994034 -53.588150024414062
v 81.973663330078125 6.8772797584533691 9.4294300079345703
v -44.906936645507812 36.566085815429688 24.368804931640625
v 68.784843444824219 2.427715539932251 -37.257080078125
v 72.009323120117188 3.8711214065551758 -31.775997161865234
v -30.751480102539062 43.706310272216797 -13.966465950012207
v -29.899599075317383 12.852336883544922 45.561023712158203
v 49.908290863037109 6.1820497512817383 41.275623321533203
v -19.636856079101562 19.754741668701172 41.318641662597656
v -48.152622222900391 20.159976959228516 35.784687042236328
v -79.400169372558594 2.2268083095550537 33.468173980712891
v -30.236331939697266 23.137065887451172 -35.253597259521484
v -28.520500183105469 35.47015380859375 27.278499603271484
v -73.161392211914062 3.9741394519805908 -35.549819946289062
v 13.958524703979492 35.898048400878906 -1.9276189804077148
v -66.409584045410156 34.891143798828125 -13.536613464355469
v -31.026918411254883 21.197090148925781 39.019477844238281
v -50.088623046875 8.7831640243530273 -42.327548980712891
v -54.531593322753906 49.635360717773438 -1.1440843343734741
v -82.175453186035156 27.561733245849609 10.221851348876953
v -84.832351684570312 27.041234970092773 -0.62420201301574707
v -35.079151153564453 26.351676940917969 -31.630729675292969
v -27.984731674194336 8.268824577331543 -48.4847412109375
v -29.151731491088867 15.236176490783691 43.873538970947266
v -69.233650207519531 29.125001907348633 -16.62110710144043
v -36.825786590576172 8.3273162841796875 -46.648723602294922
v -38.212028503417969 42.612266540527344 -15.300748825073242
v 60.765476226806641 16.166845321655273 6.6644573211669922
v -68.037376403808594 0.060180336236953735 42.594131469726562
v 68.797004699707031 13.042499542236328 3.0481619834899902
v -43.987281799316406 50.821689605712891 0.46030247211456299
v 94.535575866699219 2.1992626190185547 2.2114367485046387
v -79.595855712890625 34.399547576904297 4.9273247718811035
v -37.597267150878906 20.614839553833008 -36.046836853027344
v -27.666967391967773 29.506418228149414 32.701217651367188
v -70.534690856933594 23.567378997802734 23.43939208984375
v -14.475740432739258 11.272093772888184 -47.349758148193359
v -25.146299362182617 17.027437210083008 -41.305137634277344
v -74.352226257324219 39.729022979736328 6.616391658782959
v 78.365440368652344 7.5455002784729004 -13.422837257385254
v -53.982147216796875 15.24013614654541 -35.349510192871094
v -11.820413589477539 16.93848991394043 -42.232196807861328
v -62.146785736083984 44.236446380615234 11.707345008850098
v -49.434181213378906 13.353548049926758 -38.654163360595703
v -23.228912353515625 39.23651123046875 -19.290153503417969
v -44.080802917480469 38.892509460449219 -18.462089538574219
v -27.346761703491211 9.8519659042358398 48.254230499267578
v -28.019996643066406 31.121076583862305 -28.183589935302734
v -23.647102355957031 44.725486755371094 -10.982846260070801
v -91.545166015625 0.1569000631570816 -23.671085357666016
v 75.16595458984375 9.9741115570068359 -6.6617121696472168
v 8.3790779113769531 38.044658660888672 -1.5468206405639648
v -18.246732711791992 39.447772979736328 -18.227504730224609
v -35.796848297119141 30.808618545532227 -27.542205810546875
v -62.706027984619141 4.0467195510864258 41.921745300292969
v -36.524284362792969 20.25611686706543 38.750709533691406
v -59.306938171386719 29.859891891479492 -21.278770446777344
v -78.449935913085938 28.989070892333984 13.438942909240723
v -85.173416137695312 23.794332504272461 9.5608997344970703
v -35.395912170410156 -0.01395356934517622 54.226078033447266
v -97.330474853515625 0.16535709798336029 14.075396537780762
v -65.276611328125 13.687677383422852 33.287395477294922
v 18.840169906616211 33.875514984130859 -3.056706428527832
v -21.259862899780273 41.830883026123047 -15.301560401916504
v 29.766010284423828 28.809711456298828 -7.4266486167907715
v -76.267326354980469 24.508762359619141 18.856950759887695
v -57.955982208251953 2.0192794799804688 -45.376777648925781
v -71.12005615234375 24.191335678100586 -19.384469985961914
v -70.293594360351562 16.853763580322266 28.236757278442383
v -47.505630493164062 25.308765411376953 32.294960021972656
v -38.445339202880859 31.970989227294922 29.373104095458984
v -54.632698059082031 42.267471313476562 -12.203047752380371
v -45.475349426269531 43.736343383789062 17.591306686401367
v 71.401435852050781 4.0526823997497559 32.194358825683594
v -46.947139739990234 16.955015182495117 -36.498905181884766
v 9.786097526550293 36.047157287597656 12.565688133239746
v -6.561126708984375 5.7753753662109375 -52.592067718505859
v -46.229198455810547 50.488483428955078 -0.99713420867919922
v -61.163475036621094 1.8081252574920654 -44.175651550292969
v 80.557212829589844 7.9541940689086914 4.8125810623168945
v -68.491279602050781 2.8911244869232178 39.912651062011719
v -74.918411254882812 0.070399247109889984 -38.508232116699219
v -49.479095458984375 13.153421401977539 40.398876190185547
v 40.866641998291016 1.527857780456543 -50.977691650390625
v 33.175151824951172 1.5946781635284424 53.017906188964844
v 42.572307586669922 0.061708305031061172 -52.529502868652344
v -39.700618743896484 2.3427956104278564 -51.132480621337891
v -33.858661651611328 17.060049057006836 41.678585052490234
vn -0.3860887885093689 -0.91999924182891846 -0.067355908453464508
vn -0.38764920830726624 -0.92114740610122681 -0.034864228218793869
vn -0.38762283325195312 -0.92116552591323853 0.034678619354963303
vn -0.37549915909767151 -0.91698521375656128 -0.13467927277088165
vn -0.37570485472679138 -0.91750729084014893 -0.13048449158668518
vn -0.38212102651596069 -0.91921919584274292 -0.0949716717004776
vn -0.38712629675865173 -0.92198014259338379 0.0092675900086760521
vn -0.3857385516166687 -0.92180758714675903 0.038426198065280914
vn -0.38193634152412415 -0.92122822999954224 0.073913604021072388
vn -0.36464574933052063 -0.91745787858963013 0.15907403826713562
vn -0.36025989055633545 -0.91263318061828613 -0.19316704571247101
vn -0.37109556794166565 -0.91475874185562134 -0.1597013920545578
vn -0.37928146123886108 -0.91661369800567627 -0.12635223567485809
vn -0.38553422689437866 -0.91827654838562012 -0.090174704790115356
vn -0.38835251331329346 -0.92124366760253906 -0.022191800177097321
vn -0.38564932346343994 -0.92136555910110474 0.048580974340438843
vn -0.38358235359191895 -0.92000740766525269 0.080318048596382141
vn -0.38153672218322754 -0.92057126760482788 0.083535991609096527
vn -0.37148210406303406 -0.91816627979278564 0.13773787021636963
vn -0.364053875207901 -0.91605544090270996 0.16824758052825928
vn -0.34630271792411804 -0.91336274147033691 0.21410961449146271
vn -0.34391909837722778 -0.9070669412612915 -0.24279457330703735
vn -0.36193609237670898 -0.91249126195907593 -0.19068814814090729
vn -0.382478266954422 -0.91586446762084961 -0.12207639962434769
vn -0.38573154807090759 -0.91894584894180298 -0.082156233489513397
vn -0.38739445805549622 -0.92102813720703125 -0.040406595915555954
vn -0.38789597153663635 -0.92169630527496338 0.0035512491595000029
vn -0.37768715620040894 -0.91914945840835571 0.11187826097011566
vn -0.37111324071884155 -0.91724288463592529 0.14470815658569336
vn -0.32355150580406189 -0.89940065145492554 -0.29392674565315247
vn -0.33473187685012817 -0.90253746509552002 -0.27088862657546997
vn -0.34878972172737122 -0.90419453382492065 -0.24653184413909912
vn -0.3604927659034729 -0.90632897615432739 -0.22048291563987732
vn -0.36985009908676147 -0.9092637300491333 -0.19091981649398804
vn -0.38204300403594971 -0.91698163747787476 -0.1148383840918541
vn -0.38515686988830566 -0.92034912109375 -0.067909374833106995
vn -0.38448849320411682 -0.92222833633422852 0.040785539895296097
vn -0.38213902711868286 -0.92104053497314453 0.075193986296653748
vn -0.37702691555023193 -0.91908115148544312 0.1146320253610611
vn -0.37048614025115967 -0.91621941328048706 0.1525842696428299
vn -0.36342966556549072 -0.91468298435211182 0.17684443295001984
vn -0.35486066341400146 -0.91181981563568115 0.2065393328666687
vn -0.34676390886306763 -0.91099679470062256 0.22324788570404053
vn -0.33768561482429504 -0.90864002704620361 0.24564549326896667
vn -0.3261181116104126 -0.90785336494445801 0.26353228092193604
vn -0.31626817584037781 -0.89560312032699585 -0.31284099817276001
vn -0.34125393629074097 -0.8996846079826355 -0.27223768830299377
vn -0.36197710037231445 -0.90501028299331665 -0.22344803810119629
vn -0.37037292122840881 -0.90857326984405518 -0.19317993521690369
vn -0.37701818346977234 -0.91263806819915771 -0.15795257687568665
vn -0.38607072830200195 -0.9210020899772644 -0.05200478807091713
vn -0.3877231776714325 -0.92165392637252808 -0.014991744421422482
vn -0.37654748558998108 -0.91715419292449951 0.13053818047046661
vn -0.37009644508361816 -0.91508090496063232 0.16017338633537292
vn -0.36359009146690369 -0.91175061464309692 0.19108392298221588
vn -0.35493922233581543 -0.90884959697723389 0.21911308169364929
vn -0.34418502449989319 -0.90487736463546753 0.25046685338020325
vn -0.33366718888282776 -0.90620124340057373 0.25974124670028687
vn -0.32913282513618469 -0.89714491367340088 -0.29462277889251709
vn -0.3336353600025177 -0.89502370357513428 -0.29600682854652405
vn -0.34385654330253601 -0.89819049835205078 -0.27389141917228699
vn -0.35188969969749451 -0.90021359920501709 -0.25649386644363403
vn -0.36229661107063293 -0.90350449085235596 -0.22895596921443939
vn -0.37012326717376709 -0.90797126293182373 -0.19646115601062775
vn -0.3758680522441864 -0.91281992197036743 -0.15963399410247803
vn -0.38403111696243286 -0.9189155101776123 -0.090080037713050842
vn -0.38985165953636169 -0.92029255628585815 -0.032822504639625549
vn -0.38902240991592407 -0.92109739780426025 0.015530063770711422
vn -0.38560399413108826 -0.92055380344390869 0.062372345477342606
vn -0.38185837864875793 -0.91783654689788818 0.10844466090202332
vn -0.36857753992080688 -0.91344910860061646 0.17251484096050262
vn -0.3606015145778656 -0.90909820795059204 0.20858336985111237
vn -0.35182467103004456 -0.90456557273864746 0.24079138040542603
vn -0.339976966381073 -0.90087127685546875 0.26990112662315369
vn -0.32688936591148376 -0.89760810136795044 0.29570770263671875
vn -0.31922420859336853 -0.89956384897232056 0.29812875390052795
vn -0.29633325338363647 -0.89731097221374512 0.32713845372200012
vn -0.29671648144721985 -0.88592487573623657 -0.35650581121444702
vn -0.32080379128456116 -0.89252156019210815 -0.31700196862220764
vn -0.32612892985343933 -0.88993865251541138 -0.31882461905479431
vn -0.34086063504219055 -0.89385342597961426 -0.29127317667007446
vn -0.35394296050071716 -0.89694184064865112 -0.26499012112617493
vn -0.36308479309082031 -0.90188485383987427 -0.23403662443161011
vn -0.37071993947029114 -0.90700548887252808 -0.1997692734003067
vn -0.37884894013404846 -0.91094070672988892 -0.16328041255474091
vn -0.38417750597000122 -0.91454935073852539 -0.12651935219764709
vn -0.38731428980827332 -0.92070579528808594 -0.04783780500292778
vn -0.38799810409545898 -0.92165505886077881 -0.0030775803606957197
vn -0.38715919852256775 -0.92105358839035034 0.042048264294862747
vn -0.38485139608383179 -0.9189683198928833 0.085945636034011841
vn -0.38014614582061768 -0.91581523418426514 0.12950429320335388
vn -0.37598586082458496 -0.914084792137146 0.15193286538124084
vn -0.35802090167999268 -0.90453028678894043 0.23161607980728149
vn -0.34668055176734924 -0.90030550956726074 0.26317784190177917
vn -0.33545809984207153 -0.89615011215209961 0.29048722982406616
vn -0.31343191862106323 -0.89503633975982666 0.31728595495223999
vn -0.30065068602561951 -0.89309400320053101 0.33465248346328735
vn -0.28640368580818176 -0.89359885454177856 0.345621258020401
vn -0.28839787840843201 -0.88070088624954224 -0.37575602531433105
vn -0.3038724958896637 -0.88097506761550903 -0.36269053816795349
vn -0.31815147399902344 -0.88352286815643311 -0.34375423192977905
vn -0.33277031779289246 -0.88619554042816162 -0.322368323802948
vn -0.3448951244354248 -0.89002841711044312 -0.29815554618835449
vn -0.35504293441772461 -0.89494204521179199 -0.2702280580997467
vn -0.36389222741127014 -0.90040141344070435 -0.23845286667346954
vn -0.37231332063674927 -0.90527725219726562 -0.20458702743053436
vn -0.37897613644599915 -0.90975433588027954 -0.16948194801807404
vn -0.38359376788139343 -0.91404783725738525 -0.13180434703826904
vn -0.38624483346939087 -0.9180411696434021 -0.089528769254684448
vn -0.38948407769203186 -0.92078042030334473 -0.021576916798949242
vn -0.38888838887214661 -0.92095685005187988 0.024581309407949448
vn -0.38556793332099915 -0.92013555765151978 0.068468280136585236
vn -0.37776628136634827 -0.91513800621032715 0.14076590538024902
vn -0.37241557240486145 -0.91144222021102905 0.17487058043479919
vn -0.36498937010765076 -0.90703040361404419 0.20994898676872253
vn -0.35712751746177673 -0.90261191129684448 0.24031579494476318
vn -0.34894430637359619 -0.89924401044845581 0.26381438970565796
vn -0.34177857637405396 -0.89579594135284424 0.28414267301559448
vn -0.32337236404418945 -0.89223504066467285 0.31519344449043274
vn -0.30826470255851746 -0.88889914751052856 0.33886748552322388
vn -0.29233941435813904 -0.88863170146942139 0.35337150096893311
vn -0.27689516544342041 -0.88901478052139282 0.36466667056083679
vn -0.2790108323097229 -0.87514430284500122 -0.39531683921813965
vn -0.29532042145729065 -0.87517368793487549 -0.38321900367736816
vn -0.31003004312515259 -0.87698012590408325 -0.36713382601737976
vn -0.32349467277526855 -0.879547119140625 -0.34892416000366211
vn -0.33512094616889954 -0.88300007581710815 -0.32864078879356384
vn -0.34627500176429749 -0.8874860405921936 -0.30407583713531494
vn -0.35605049133300781 -0.89303982257843018 -0.27515068650245667
vn -0.36497876048088074 -0.89857625961303711 -0.24362105131149292
vn -0.37277370691299438 -0.90386897325515747 -0.20990632474422455
vn -0.37896651029586792 -0.9089733362197876 -0.1736428439617157
vn -0.38404136896133423 -0.91358870267868042 -0.13367103040218353
vn -0.39140519499778748 -0.91888588666915894 -0.049504105001688004
vn -0.39180135726928711 -0.92004144191741943 0.00392948929220438
vn -0.3893716037273407 -0.91927814483642578 0.057597711682319641
vn -0.38038524985313416 -0.91370135545730591 0.14302745461463928
vn -0.37251320481300354 -0.91033649444580078 0.18033681809902191
vn -0.36552014946937561 -0.90626281499862671 0.21232694387435913
vn -0.35653978586196899 -0.90048283338546753 0.24901820719242096
vn -0.34806320071220398 -0.8967972993850708 0.27314209938049316
vn -0.33843544125556946 -0.89391487836837769 0.29390078783035278
vn -0.32780852913856506 -0.88808190822601318 0.32226085662841797
vn -0.31929686665534973 -0.88732415437698364 0.3327241837978363
vn -0.3066820502281189 -0.88297128677368164 0.35539805889129639
vn -0.29684290289878845 -0.88481622934341431 0.35914415121078491
vn -0.28342711925506592 -0.8837549090385437 0.37235239148139954
vn -0.26766648888587952 -0.88381379842758179 0.38370269536972046
vn -0.31386175751686096 -0.8742339015007019 -0.37041306495666504
vn -0.32364457845687866 -0.87595027685165405 -0.35772237181663513
vn -0.33637470006942749 -0.8795238733291626 -0.33658555150032043
vn -0.34724971652030945 -0.88497686386108398 -0.31021535396575928
vn -0.35693734884262085 -0.89097857475280762 -0.28062957525253296
vn -0.36573421955108643 -0.89687895774841309 -0.24868974089622498
vn -0.37312158942222595 -0.90281981229782104 -0.21376782655715942
vn -0.37903353571891785 -0.90860110521316528 -0.17543548345565796
vn -0.38810873031616211 -0.91727966070175171 -0.089272879064083099
vn -0.38980478048324585 -0.92087036371231079 0.0070723239332437515
vn -0.38966190814971924 -0.91941350698471069 0.053313866257667542
vn -0.38595086336135864 -0.91712486743927002 0.099618643522262573
vn -0.3749021589756012 -0.90863704681396484 0.18392142653465271
vn -0.36518752574920654 -0.90371370315551758 0.22347176074981689
vn -0.35619702935218811 -0.89758235216140747 0.25974911451339722
vn -0.34851008653640747 -0.89375609159469604 0.28238403797149658
vn -0.33821383118629456 -0.88983553647994995 0.30627456307411194
vn -0.32744598388671875 -0.88244420289993286 0.33774459362030029
vn -0.31707647442817688 -0.8823733925819397 0.34767758846282959
vn -0.3047260046005249 -0.87729513645172119 0.37080365419387817
vn -0.29017883539199829 -0.87374651432037354 0.39033734798431396
vn -0.27634838223457336 -0.87712883949279785 0.39278057217597961
vn -0.25830939412117004 -0.87857747077941895 0.40171867609024048
vn -0.26121783256530762 -0.86271107196807861 -0.43300673365592957
vn -0.27009126543998718 -0.86924028396606445 -0.41409185528755188
vn -0.27839189767837524 -0.862632155418396 -0.422331303358078
vn -0.29378637671470642 -0.86439144611358643 -0.40806493163108826
vn -0.31045597791671753 -0.86836010217666626 -0.38673999905586243
vn -0.32609528303146362 -0.87095892429351807 -0.36754921078681946
vn -0.33778926730155945 -0.87616908550262451 -0.34384036064147949
vn -0.34812885522842407 -0.88252806663513184 -0.31614953279495239
vn -0.35783669352531433 -0.88883054256439209 -0.28623968362808228
vn -0.36647775769233704 -0.89533025026321411 -0.25313600897789001
vn -0.37393257021903992 -0.90181148052215576 -0.2165883481502533
vn -0.38025471568107605 -0.90793073177337646 -0.17626170814037323
vn -0.38723388314247131 -0.91797566413879395 -0.085852004587650299
vn -0.38851362466812134 -0.92072218656539917 -0.036439020186662674
vn -0.38837146759033203 -0.92140680551528931 0.013309722766280174
vn -0.38857552409172058 -0.91977638006210327 0.054958362132310867
vn -0.38024535775184631 -0.91377013921737671 0.14296005666255951
vn -0.37456187605857849 -0.90872198343276978 0.18419498205184937
vn -0.3677191436290741 -0.90281558036804199 0.22295001149177551
vn -0.35938882827758789 -0.89647823572158813 0.25916486978530884
vn -0.34882935881614685 -0.89140486717224121 0.28933617472648621
vn -0.33959990739822388 -0.88635408878326416 0.31471946835517883
vn -0.31286272406578064 -0.87666147947311401 0.36548814177513123
vn -0.28794160485267639 -0.86881458759307861 0.40280377864837646
vn -0.27727964520454407 -0.86968475580215454 0.40836802124977112
vn -0.24955885112285614 -0.87370818853378296 0.41755768656730652
vn -0.25246089696884155 -0.85571420192718506 -0.45168212056159973
vn -0.26900985836982727 -0.85550212860107422 -0.44243624806404114
vn -0.28471952676773071 -0.85707670450210571 -0.42936500906944275
vn -0.30080059170722961 -0.85947501659393311 -0.4133058488368988
vn -0.31534630060195923 -0.86268776655197144 -0.39538145065307617
vn -0.32766821980476379 -0.86726564168930054 -0.37481167912483215
vn -0.33866095542907715 -0.8733832836151123 -0.35001489520072937
vn -0.34898418188095093 -0.88000565767288208 -0.32218027114868164
vn -0.35867816209793091 -0.88676166534423828 -0.29155400395393372
vn -0.36734509468078613 -0.89375793933868408 -0.25739923119544983
vn -0.3750978410243988 -0.90052402019500732 -0.21990485489368439
vn -0.38221511244773865 -0.90644806623458862 -0.17962038516998291
vn -0.3901212215423584 -0.91719627380371094 -0.080971479415893555
vn -0.39091476798057556 -0.92015367746353149 -0.022425007075071335
vn -0.39002078771591187 -0.92021197080612183 0.033071059733629227
vn -0.38559913635253906 -0.92083865404129028 0.05804770439863205
vn -0.38483297824859619 -0.91752338409423828 0.10027184337377548
vn -0.38035383820533752 -0.91380143165588379 0.14247056841850281
vn -0.3745080828666687 -0.90857923030853271 0.18500678241252899
vn -0.36752524971961975 -0.90253406763076782 0.2244047075510025
vn -0.35971203446388245 -0.89568263292312622 0.26145714521408081
vn -0.34972548484802246 -0.88928252458572388 0.29473495483398438
vn -0.33821389079093933 -0.88402175903320312 0.32267147302627563
vn -0.33031964302062988 -0.88054287433624268 0.33990165591239929
vn -0.30644497275352478 -0.86967456340789795 0.38698533177375793
vn -0.29911714792251587 -0.87208658456802368 0.38729056715965271
vn -0.29259350895881653 -0.86597979068756104 0.40554654598236084
vn -0.27951288223266602 -0.86402970552444458 0.41871857643127441
vn -0.26606461405754089 -0.86496037244796753 0.42550340294837952
vn -0.25027614831924438 -0.86780810356140137 0.42926794290542603
vn -0.24347321689128876 -0.84931600093841553 -0.46838358044624329
vn -0.27472731471061707 -0.84935760498046875 -0.45068454742431641
vn -0.29103204607963562 -0.85144281387329102 -0.43628603219985962
vn -0.30482721328735352 -0.85466426610946655 -0.42027297616004944
vn -0.31661731004714966 -0.85862523317337036 -0.40313294529914856
vn -0.32835671305656433 -0.86385846138000488 -0.38200834393501282
vn -0.33926406502723694 -0.87053000926971436 -0.35647916793823242
vn -0.34975862503051758 -0.8773764967918396 -0.32844999432563782
vn -0.35937675833702087 -0.88471508026123047 -0.29686281085014343
vn -0.36809307336807251 -0.89208817481994629 -0.26208046078681946
vn -0.37589511275291443 -0.89906233549118042 -0.2244766503572464
vn -0.38252201676368713 -0.90519726276397705 -0.18518850207328796
vn -0.38667115569114685 -0.9111139178276062 -0.14267738163471222
vn -0.39370077848434448 -0.91754382848739624 -0.055794581770896912
vn -0.39331871271133423 -0.91940212249755859 0.00040765735320746899
vn -0.39031326770782471 -0.91880398988723755 0.058777082711458206
vn -0.38354381918907166 -0.91184127330780029 0.14642292261123657
vn -0.37567132711410522 -0.90756434202194214 0.18761129677295685
vn -0.36792996525764465 -0.90173745155334473 0.22692966461181641
vn -0.35986486077308655 -0.89478248357772827 0.2643134593963623
vn -0.35072442889213562 -0.88730305433273315 0.29947561025619507
vn -0.33976772427558899 -0.88063228130340576 0.33021917939186096
vn -0.32617473602294922 -0.87564074993133545 0.35617879033088684
vn -0.31183886528015137 -0.86843365430831909 0.38546007871627808
vn -0.29788744449615479 -0.86259758472442627 0.40888684988021851
vn -0.25371479988098145 -0.859763503074646 0.44321051239967346
vn -0.23795512318611145 -0.86312079429626465 0.4454210102558136
vn -0.2348322719335556 -0.84228157997131348 -0.48519644141197205
vn -0.26324480772018433 -0.84057116508483887 -0.47343668341636658
vn -0.28145188093185425 -0.84347468614578247 -0.45753172039985657
vn -0.29397740960121155 -0.84811705350875854 -0.44076612591743469
vn -0.30382856726646423 -0.85015177726745605 -0.4300350546836853
vn -0.31677818298339844 -0.85418933629989624 -0.41232535243034363
vn -0.32875457406044006 -0.86029255390167236 -0.38963717222213745
vn -0.33979183435440063 -0.867484450340271 -0.36333486437797546
vn -0.35019311308860779 -0.8748323917388916 -0.3347133994102478
vn -0.35978424549102783 -0.88266140222549438 -0.30243045091629028
vn -0.36845004558563232 -0.89039558172225952 -0.2672831118106842
vn -0.37598398327827454 -0.89779120683670044 -0.22936220467090607
vn -0.38992777466773987 -0.91593402624130249 -0.094980143010616302
vn -0.39112234115600586 -0.91942399740219116 0.041022263467311859
vn -0.38210493326187134 -0.91241568326950073 0.14660647511482239
vn -0.37586754560470581 -0.90672540664672852 0.19123980402946472
vn -0.36835405230522156 -0.90055751800537109 0.23089262843132019
vn -0.35967573523521423 -0.89382290840148926 0.26779469847679138
vn -0.35070189833641052 -0.88612842559814453 0.30295968055725098
vn -0.34076836705207825 -0.87851446866989136 0.33479729294776917
vn -0.32924869656562805 -0.87198740243911743 0.36226135492324829
vn -0.31584373116493225 -0.86647975444793701 0.38659489154815674
vn -0.30189964175224304 -0.86040079593658447 0.41056916117668152
vn -0.28878942131996155 -0.85507392883300781 0.43063822388648987
vn -0.27146348357200623 -0.85175120830535889 0.44813773036003113
vn -0.25540667772293091 -0.85287857055664062 0.45537406206130981
vn -0.24066910147666931 -0.85502111911773682 0.45936614274978638
vn -0.22811231017112732 -0.85890078544616699 0.45853489637374878
vn -0.22756625711917877 -0.83422058820724487 -0.50228440761566162
vn -0.24561695754528046 -0.83615946769714355 -0.49041786789894104
vn -0.25603517889976501 -0.83101850748062134 -0.49381598830223083
vn -0.27282413840293884 -0.83596140146255493 -0.47616758942604065
vn -0.28951025009155273 -0.8412550687789917 -0.45658919215202332
vn -0.30450427532196045 -0.84419763088226318 -0.44114339351654053
vn -0.31700551509857178 -0.84968066215515137 -0.4213671088218689
vn -0.32878249883651733 -0.85683870315551758 -0.39715173840522766
vn -0.33988511562347412 -0.86450082063674927 -0.37029239535331726
vn -0.35028603672981262 -0.87234628200531006 -0.34104499220848083
vn -0.3598349392414093 -0.88061290979385376 -0.3082851767539978
vn -0.36848297715187073 -0.88867801427841187 -0.27289494872093201
vn -0.37633734941482544 -0.89620482921600342 -0.23491930961608887
vn -0.38184347748756409 -0.90477567911148071 -0.18861748278141022
vn -0.38606277108192444 -0.91182208061218262 -0.13977126777172089
vn -0.39162814617156982 -0.91991186141967773 0.019736733287572861
vn -0.39032882452011108 -0.91789251565933228 0.071531228721141815
vn -0.3863348662853241 -0.91437619924545288 0.12108499556779861
vn -0.37676647305488586 -0.90492826700210571 0.19786836206912994
vn -0.36849001049995422 -0.89912456274032593 0.23619943857192993
vn -0.35969004034996033 -0.89235532283782959 0.27262610197067261
vn -0.35025656223297119 -0.88498646020889282 0.30678868293762207
vn -0.34071803092956543 -0.87702637910842896 0.33872690796852112
vn -0.33025959134101868 -0.86965274810791016 0.36692330241203308
vn -0.31835284829139709 -0.86325812339782715 0.39171019196510315
vn -0.30489158630371094 -0.85775536298751831 0.41388022899627686
vn -0.29086804389953613 -0.85275501012802124 0.43382564187049866
vn -0.28000032901763916 -0.84901648759841919 0.4480745792388916
vn -0.26597994565963745 -0.8433157205581665 0.46698310971260071
vn -0.25475117564201355 -0.84575599431991577 0.46882688999176025
vn -0.24235767126083374 -0.84763509035110474 0.471993088722229
vn -0.22556358575820923 -0.85126322507858276 0.47378474473953247
vn -0.21970973908901215 -0.82550442218780518 -0.51987510919570923
vn -0.23814724385738373 -0.82767170667648315 -0.50817853212356567
vn -0.26515984535217285 -0.82703697681427002 -0.49568143486976624
vn -0.27927002310752869 -0.83275723457336426 -0.47804152965545654
vn -0.29065629839897156 -0.83477038145065308 -0.46762943267822266
vn -0.30433768033981323 -0.83931100368499756 -0.45048370957374573
vn -0.31694489717483521 -0.84567123651504517 -0.42940202355384827
vn -0.32853907346725464 -0.85357958078384399 -0.40430673956871033
vn -0.33964899182319641 -0.86155617237091064 -0.37730559706687927
vn -0.35001644492149353 -0.86993134021759033 -0.34743043780326843
vn -0.35950005054473877 -0.87864500284194946 -0.3142334520816803
vn -0.36802563071250916 -0.88713240623474121 -0.27848383784294128
vn -0.37525045871734619 -0.8952869176864624 -0.24010087549686432
vn -0.38731688261032104 -0.90832102298736572 -0.15791939198970795
vn -0.39307785034179688 -0.91947412490844727 -0.0075572212226688862
vn -0.39081770181655884 -0.91921645402908325 0.047985229641199112
vn -0.37967985868453979 -0.91211128234863281 0.15458400547504425
vn -0.37329298257827759 -0.90577089786529541 0.20057773590087891
vn -0.367240309715271 -0.89842760562896729 0.24075384438037872
vn -0.35909822583198547 -0.89108693599700928 0.27751138806343079
vn -0.3497852087020874 -0.88343364000320435 0.31176155805587769
vn -0.34000036120414734 -0.87566494941711426 0.34294408559799194
vn -0.33010789752006531 -0.86765176057815552 0.37176495790481567
vn -0.3191070556640625 -0.86049199104309082 0.39714509248733521
vn -0.3069414496421814 -0.85425007343292236 0.41957569122314453
vn -0.29365262389183044 -0.84896349906921387 0.43935084342956543
vn -0.27789545059204102 -0.84381669759750366 0.45907238125801086
vn -0.24954846501350403 -0.83818602561950684 0.48494306206703186
vn -0.22961227595806122 -0.84384942054748535 0.48497045040130615
vn -0.21669292449951172 -0.84412646293640137 0.49040251970291138
vn -0.2202787846326828 -0.8088386058807373 -0.54521310329437256
vn -0.22955627739429474 -0.81918734312057495 -0.52558153867721558
vn -0.24824991822242737 -0.8225446343421936 -0.51165646314620972
vn -0.25805765390396118 -0.81859797239303589 -0.51313120126724243
vn -0.27543291449546814 -0.82522284984588623 -0.49309626221656799
vn -0.29131078720092773 -0.82880795001983643 -0.47771891951560974
vn -0.30435416102409363 -0.83464574813842773 -0.45905885100364685
vn -0.31644383072853088 -0.84210425615310669 -0.43671932816505432
vn -0.32790017127990723 -0.85040146112442017 -0.41145941615104675
vn -0.33903053402900696 -0.85871249437332153 -0.38428002595901489
vn -0.34933227300643921 -0.86766964197158813 -0.35371789336204529
vn -0.35874918103218079 -0.87692052125930786 -0.31985840201377869
vn -0.3670770525932312 -0.88613682985305786 -0.28287097811698914
vn -0.37379723787307739 -0.89557725191116333 -0.24128207564353943
vn -0.38206100463867188 -0.90418487787246704 -0.19099496304988861
vn -0.3919086754322052 -0.91922891139984131 -0.037759695202112198
vn -0.38954707980155945 -0.91750770807266235 0.080203995108604431
vn -0.38302046060562134 -0.91295844316482544 0.14072023332118988
vn -0.37377133965492249 -0.90677803754806519 0.19506040215492249
vn -0.36619287729263306 -0.89881062507629395 0.24091950058937073
vn -0.35811766982078552 -0.89045655727386475 0.28078263998031616
vn -0.34899696707725525 -0.88203161954879761 0.31657758355140686
vn -0.33896851539611816 -0.87398558855056763 0.34820899367332458
vn -0.3286837637424469 -0.86597210168838501 0.37690755724906921
vn -0.3183104395866394 -0.85808658599853516 0.40294656157493591
vn -0.30715799331665039 -0.85113513469696045 0.42570289969444275
vn -0.2949841320514679 -0.84538054466247559 0.44532695412635803
vn -0.2816699743270874 -0.84070843458175659 0.46246227622032166
vn -0.27017757296562195 -0.83595955371856689 0.47767740488052368
vn -0.26112654805183411 -0.83588248491287231 0.48281815648078918
vn -0.23450642824172974 -0.83339732885360718 0.50045537948608398
vn -0.21794082224369049 -0.83100062608718872 0.51180046796798706
vn -0.22425279021263123 -0.83826595544815063 0.49701198935508728
vn -0.21093730628490448 -0.81675410270690918 -0.53704577684402466
vn -0.24048693478107452 -0.81358236074447632 -0.52938622236251831
vn -0.26272034645080566 -0.8148418664932251 -0.51673078536987305
vn -0.2775537371635437 -0.81888407468795776 -0.50238710641860962
vn -0.29098960757255554 -0.82400268316268921 -0.48615291714668274
vn -0.30351847410202026 -0.83066344261169434 -0.46677058935165405
vn -0.31529942154884338 -0.83877956867218018 -0.44388633966445923
vn -0.32693740725517273 -0.84715116024017334 -0.41886377334594727
vn -0.33800995349884033 -0.85603600740432739 -0.39109036326408386
vn -0.34827041625976562 -0.86561918258666992 -0.35973766446113586
vn -0.35780179500579834 -0.87540632486343384 -0.32502558827400208
vn -0.36666101217269897 -0.88499569892883301 -0.28695353865623474
vn -0.37589931488037109 -0.89357209205627441 -0.24541519582271576
vn -0.39179196953773499 -0.92000561952590942 -0.0094183012843132019
vn -0.3820156455039978 -0.91264039278030396 0.14543567597866058
vn -0.37665435671806335 -0.90621483325958252 0.19210986793041229
vn -0.36743289232254028 -0.8987727165222168 0.23916658759117126
vn -0.35783571004867554 -0.89016187191009521 0.28207346796989441
vn -0.34804210066795349 -0.88111233711242676 0.32016822695732117
vn -0.33799108862876892 -0.8721851110458374 0.35363134741783142
vn -0.32722082734107971 -0.8638576865196228 0.38298359513282776
vn -0.31644898653030396 -0.85593241453170776 0.4089495837688446
vn -0.30588722229003906 -0.8482128381729126 0.43239796161651611
vn -0.2944139838218689 -0.84175276756286621 0.45251816511154175
vn -0.28228619694709778 -0.83640342950820923 0.46983382105827332
vn -0.2698303759098053 -0.83208280801773071 0.48459234833717346
vn -0.25799694657325745 -0.82889670133590698 0.49635457992553711
vn -0.24402819573879242 -0.82910186052322388 0.50303119421005249
vn -0.22610463201999664 -0.82626563310623169 0.51590865850448608
vn -0.20900233089923859 -0.82361674308776855 0.52723187208175659
vn -0.20071278512477875 -0.80825763940811157 -0.55356478691101074
vn -0.20732232928276062 -0.80206829309463501 -0.5600927472114563
vn -0.23540183901786804 -0.80481821298599243 -0.54484277963638306
vn -0.24893365800380707 -0.80558961629867554 -0.53764057159423828
vn -0.26311486959457397 -0.80887067317962646 -0.52583152055740356
vn -0.27685284614562988 -0.81351077556610107 -0.51142227649688721
vn -0.28979682922363281 -0.81938290596008301 -0.49460029602050781
vn -0.3019290566444397 -0.8269469141960144 -0.47433921694755554
vn -0.31378954648971558 -0.8352515697479248 -0.45154285430908203
vn -0.32550883293151855 -0.84399515390396118 -0.42628186941146851
vn -0.33655571937561035 -0.85358738899230957 -0.39764156937599182
vn -0.34689688682556152 -0.86380106210708618 -0.3653905987739563
vn -0.35653504729270935 -0.87419295310974121 -0.32965043187141418
vn -0.36511620879173279 -0.88452631235122681 -0.29035037755966187
vn -0.37118589878082275 -0.89540725946426392 -0.24590019881725311
vn -0.37815502285957336 -0.90505397319793701 -0.19461773335933685
vn -0.38573804497718811 -0.91266721487045288 -0.13507319986820221
vn -0.38878470659255981 -0.91855150461196899 -0.071481026709079742
vn -0.38650938868522644 -0.91735249757766724 0.095262005925178528
vn -0.37658962607383728 -0.90657317638397217 0.19053961336612701
vn -0.36836603283882141 -0.89875364303588867 0.2377990335226059
vn -0.3582548201084137 -0.88990837335586548 0.28234124183654785
vn -0.34742593765258789 -0.88045662641525269 0.32263186573982239
vn -0.33665141463279724 -0.87088590860366821 0.35808324813842773
vn -0.32576709985733032 -0.86161774396896362 0.38921797275543213
vn -0.31456997990608215 -0.8533751368522644 0.41568809747695923
vn -0.30358773469924927 -0.84546995162963867 0.43933477997779846
vn -0.29248446226119995 -0.83808887004852295 0.46049958467483521
vn -0.28071734309196472 -0.83219230175018311 0.47817748785018921
vn -0.26852327585220337 -0.82729899883270264 0.49342843890190125
vn -0.25609618425369263 -0.82352864742279053 0.50617718696594238
vn -0.24368464946746826 -0.82120674848556519 0.51598179340362549
vn -0.22949102520942688 -0.82061117887496948 0.52338439226150513
vn -0.21393881738185883 -0.81320267915725708 0.54123151302337646
vn -0.20187178254127502 -0.81615722179412842 0.54141956567764282
vn -0.19210679829120636 -0.79886263608932495 -0.57001185417175293
vn -0.21941319108009338 -0.79766571521759033 -0.56177157163619995
vn -0.23319089412689209 -0.79671883583068848 -0.55754917860031128
vn -0.24746233224868774 -0.79882407188415527 -0.54830878973007202
vn -0.26162102818489075 -0.80279362201690674 -0.53579556941986084
vn -0.27504631876945496 -0.80820345878601074 -0.52072709798812866
vn -0.28762587904930115 -0.81502729654312134 -0.50299286842346191
vn -0.299735426902771 -0.82312750816345215 -0.48230674862861633
vn -0.31178343296051025 -0.83164066076278687 -0.45952677726745605
vn -0.32346475124359131 -0.84105795621871948 -0.43358054757118225
vn -0.33464029431343079 -0.85134607553482056 -0.40401208400726318
vn -0.34523871541023254 -0.86220002174377441 -0.37070390582084656
vn -0.35506388545036316 -0.87334471940994263 -0.33346459269523621
vn -0.36654186248779297 -0.88395470380783081 -0.29029500484466553
vn -0.37585005164146423 -0.89621692895889282 -0.23565228283405304
vn -0.39401105046272278 -0.91865259408950806 -0.028857391327619553
vn -0.39220139384269714 -0.91937309503555298 0.030514800921082497
vn -0.38341617584228516 -0.91280996799468994 0.14060570299625397
vn -0.37706476449966431 -0.90694278478622437 0.18782150745391846
vn -0.36888229846954346 -0.89899450540542603 0.2360820472240448
vn -0.35891023278236389 -0.88978439569473267 0.28189924359321594
vn -0.34735465049743652 -0.87994354963302612 0.32410508394241333
vn -0.33543828129768372 -0.86987626552581787 0.36165788769721985
vn -0.32373374700546265 -0.85987371206283569 0.39473235607147217
vn -0.31225994229316711 -0.85070306062698364 0.42284515500068665
vn -0.30076783895492554 -0.84259134531021118 0.44674217700958252
vn -0.28954318165779114 -0.83461791276931763 0.46859121322631836
vn -0.27801984548568726 -0.82798498868942261 0.48697623610496521
vn -0.26607641577720642 -0.82256919145584106 0.50257658958435059
vn -0.25381597876548767 -0.81822937726974487 0.51582759618759155
vn -0.2413051575422287 -0.81514155864715576 0.52660810947418213
vn -0.22813068330287933 -0.81342756748199463 0.53506255149841309
vn -0.19487921893596649 -0.80712407827377319 0.55729061365127563
vn -0.1835792064666748 -0.7891349196434021 -0.58614397048950195
vn -0.2025836855173111 -0.79339301586151123 -0.57400989532470703
vn -0.21626004576683044 -0.78828233480453491 -0.57605773210525513
vn -0.23097668588161469 -0.7890436053276062 -0.56926262378692627
vn -0.24543373286724091 -0.79211139678955078 -0.55885756015777588
vn -0.25925648212432861 -0.7968827486038208 -0.5456775426864624
vn -0.27234017848968506 -0.80311405658721924 -0.52994215488433838
vn -0.28481307625770569 -0.81070685386657715 -0.51150357723236084
vn -0.29715555906295776 -0.81909561157226562 -0.49069434404373169
vn -0.30931943655014038 -0.82815378904342651 -0.46742138266563416
vn -0.32114198803901672 -0.8382459282875061 -0.44069439172744751
vn -0.33248528838157654 -0.84917652606964111 -0.41030815243721008
vn -0.34351265430450439 -0.86033153533935547 -0.37660154700279236
vn -0.3549036979675293 -0.87041991949081421 -0.34119278192520142
vn -0.36066839098930359 -0.87966251373291016 -0.31001955270767212
vn -0.36919957399368286 -0.89013928174972534 -0.26710250973701477
vn -0.37917757034301758 -0.90568238496780396 -0.18964123725891113
vn -0.38639262318611145 -0.91170889139175415 -0.13959798216819763
vn -0.3915996253490448 -0.91924911737442017 -0.040382932871580124
vn -0.38563865423202515 -0.92124110460281372 0.050967510789632797
vn -0.38724464178085327 -0.91850435733795166 0.079945936799049377
vn -0.38114902377128601 -0.91431945562362671 0.13691364228725433
vn -0.36879345774650574 -0.89939486980438232 0.2346917986869812
vn -0.3592553436756134 -0.88995969295501709 0.28090444207191467
vn -0.34782576560974121 -0.87960982322692871 0.3245055079460144
vn -0.3348945677280426 -0.86906051635742188 0.36411458253860474
vn -0.3219224214553833 -0.85843747854232788 0.39931324124336243
vn -0.30970129370689392 -0.84836584329605103 0.42937225103378296
vn -0.29773807525634766 -0.83952242136001587 0.45448228716850281
vn -0.28604415059089661 -0.83124691247940063 0.47666263580322266
vn -0.2745341956615448 -0.82382172346115112 0.49593222141265869
vn -0.26273715496063232 -0.81787550449371338 0.51190704107284546
vn -0.25070267915725708 -0.81300443410873413 0.5255206823348999
vn -0.23841029405593872 -0.80930572748184204 0.53682845830917358
vn -0.2256934642791748 -0.80685168504714966 0.54594218730926514
vn -0.21186211705207825 -0.80576598644256592 0.55304217338562012
vn -0.17809699475765228 -0.7982628345489502 0.57537633180618286
vn -0.17491993308067322 -0.80506408214569092 0.56681108474731445
vn -0.17330795526504517 -0.77964156866073608 -0.60176688432693481
vn -0.19547513127326965 -0.78135025501251221 -0.5926898717880249
vn -0.21378040313720703 -0.77961266040802002 -0.58864426612854004
vn -0.22853155434131622 -0.78179931640625 -0.58014065027236938
vn -0.24254056811332703 -0.78570413589477539 -0.56907212734222412
vn -0.255859375 -0.79123473167419434 -0.55541300773620605
vn -0.2687123715877533 -0.79818946123123169 -0.53915423154830933
vn -0.2813434898853302 -0.80625391006469727 -0.52038490772247314
vn -0.29394066333770752 -0.81506830453872681 -0.4992620050907135
vn -0.30627483129501343 -0.82483500242233276 -0.475229412317276
vn -0.31820729374885559 -0.8357653021812439 -0.4474824070930481
vn -0.32969263195991516 -0.84740471839904785 -0.41618266701698303
vn -0.34064009785652161 -0.85921281576156616 -0.38172978162765503
vn -0.3492928147315979 -0.87138509750366211 -0.34450337290763855
vn -0.35859093070030212 -0.88410592079162598 -0.29961520433425903
vn -0.37022307515144348 -0.89603704214096069 -0.24505615234375
vn -0.38490194082260132 -0.91124719381332397 -0.14655746519565582
vn -0.38769271969795227 -0.92061614990234375 -0.04647870734333992
vn -0.38681745529174805 -0.92212563753128052 0.0075210137292742729
vn -0.38318514823913574 -0.91900360584259033 0.092744551599025726
vn -0.37898865342140198 -0.91475695371627808 0.13995449244976044
vn -0.37364012002944946 -0.90847665071487427 0.18725194036960602
vn -0.36586841940879822 -0.90052306652069092 0.23494374752044678
vn -0.35709351301193237 -0.8909679651260376 0.28046441078186035
vn -0.34731310606002808 -0.88001668453216553 0.32395106554031372
vn -0.33530688285827637 -0.86851942539215088 0.36502513289451599
vn -0.32054105401039124 -0.85735446214675903 0.40273654460906982
vn -0.30677497386932373 -0.84654605388641357 0.43502750992774963
vn -0.2942531406879425 -0.83659493923187256 0.46208655834197998
vn -0.28201305866241455 -0.82783043384552002 0.48493862152099609
vn -0.27029776573181152 -0.81979942321777344 0.5048445463180542
vn -0.25852453708648682 -0.81323844194412231 0.52135235071182251
vn -0.24661636352539062 -0.80787640810012817 0.53527200222015381
vn -0.23454572260379791 -0.8036501407623291 0.5469321608543396
vn -0.22224722802639008 -0.80066102743148804 0.55637049674987793
vn -0.20944128930568695 -0.79868745803833008 0.56412118673324585
vn -0.19505882263183594 -0.79791349172592163 0.57033860683441162
vn -0.16054734587669373 -0.79009765386581421 0.59158283472061157
vn -0.16238754987716675 -0.77158063650131226 -0.61505579948425293
vn -0.19550436735153198 -0.77025133371353149 -0.60703450441360474
vn -0.21082846820354462 -0.77174270153045654 -0.59997051954269409
vn -0.22501681745052338 -0.77491575479507446 -0.59065473079681396
vn -0.23850534856319427 -0.77956157922744751 -0.57913637161254883
vn -0.25146040320396423 -0.78576064109802246 -0.5651087760925293
vn -0.26434510946273804 -0.79320204257965088 -0.54859113693237305
vn -0.27717927098274231 -0.80176568031311035 -0.52947467565536499
vn -0.28989621996879578 -0.81125766038894653 -0.50776094198226929
vn -0.30242502689361572 -0.82189458608627319 -0.48273018002510071
vn -0.31471681594848633 -0.8337823748588562 -0.45360806584358215
vn -0.32680800557136536 -0.8463708758354187 -0.42053878307342529
vn -0.33862748742103577 -0.85943996906280518 -0.3830069899559021
vn -0.35055056214332581 -0.87264013290405273 -0.34001979231834412
vn -0.36222186684608459 -0.88502389192581177 -0.29245167970657349
vn -0.37156727910041809 -0.89583784341812134 -0.24374634027481079
vn -0.3854326605796814 -0.92273044586181641 0.0031958690378814936
vn -0.36942702531814575 -0.91014558076858521 0.18750663101673126
vn -0.3619353175163269 -0.90178757905960083 0.23618209362030029
vn -0.35292184352874756 -0.89245492219924927 0.28101667761802673
vn -0.34331503510475159 -0.88170874118804932 0.32361167669296265
vn -0.33304271101951599 -0.86960822343826294 0.36450526118278503
vn -0.32139825820922852 -0.85678988695144653 0.40325453877449036
vn -0.30550640821456909 -0.84326624870300293 0.44223058223724365
vn -0.29001033306121826 -0.83380764722824097 0.46974337100982666
vn -0.27744883298873901 -0.82439100742340088 0.49335747957229614
vn -0.26536354422569275 -0.81586354970932007 0.51375949382781982
vn -0.2534579336643219 -0.80864608287811279 0.53089600801467896
vn -0.24157010018825531 -0.80281275510787964 0.54510146379470825
vn -0.22959855198860168 -0.79808241128921509 0.55708974599838257
vn -0.21751576662063599 -0.79457277059555054 0.56686949729919434
vn -0.20522798597812653 -0.79211699962615967 0.5748322606086731
vn -0.19265545904636383 -0.7906641960144043 0.58114886283874512
vn -0.1793389767408371 -0.79005891084671021 0.58621197938919067
vn -0.16410425305366516 -0.78367304801940918 0.59910464286804199
vn -0.15840987861156464 -0.76187247037887573 -0.62805789709091187
vn -0.17720410227775574 -0.76088392734527588 -0.62422299385070801
vn -0.19255711138248444 -0.76186686754226685 -0.61845016479492188
vn -0.20675668120384216 -0.76429367065429688 -0.61082470417022705
vn -0.22030925750732422 -0.76816946268081665 -0.60114848613739014
vn -0.23345625400543213 -0.77351564168930054 -0.58921283483505249
vn -0.24636073410511017 -0.78023850917816162 -0.57492107152938843
vn -0.25931501388549805 -0.78818702697753906 -0.55813705921173096
vn -0.27222767472267151 -0.79743653535842896 -0.53850448131561279
vn -0.28514224290847778 -0.80772680044174194 -0.51601487398147583
vn -0.29815870523452759 -0.81935989856719971 -0.48964351415634155
vn -0.31142237782478333 -0.8322938084602356 -0.45858821272850037
vn -0.32516109943389893 -0.84593659639358521 -0.42268374562263489
vn -0.33926507830619812 -0.85987955331802368 -0.38145288825035095
vn -0.35254517197608948 -0.87366211414337158 -0.33530041575431824
vn -0.36273571848869324 -0.88715851306915283 -0.28525885939598083
vn -0.36964985728263855 -0.89995139837265015 -0.23118497431278229
vn -0.37568458914756775 -0.91019892692565918 -0.17435312271118164
vn -0.38071432709693909 -0.91785085201263428 -0.11227837949991226
vn -0.38294154405593872 -0.9222412109375 0.053169004619121552
vn -0.37684115767478943 -0.91975933313369751 0.10969732701778412
vn -0.35910424590110779 -0.90385937690734863 0.23255623877048492
vn -0.35040092468261719 -0.8935774564743042 0.2806037962436676
vn -0.34005799889564514 -0.88255965709686279 0.32472905516624451
vn -0.3286488950252533 -0.87095683813095093 0.36527267098426819
vn -0.3172493577003479 -0.8587995171546936 0.4022638201713562
vn -0.30542123317718506 -0.84677892923355103 0.43552649021148682
vn -0.29415270686149597 -0.83532291650772095 0.46444565057754517
vn -0.28635016083717346 -0.82849735021591187 0.48124396800994873
vn -0.27259591221809387 -0.82028752565383911 0.50281190872192383
vn -0.25975888967514038 -0.81177777051925659 0.52301257848739624
vn -0.2476104199886322 -0.80407744646072388 0.54050767421722412
vn -0.23569566011428833 -0.79779320955276489 0.55495369434356689
vn -0.22375836968421936 -0.79257941246032715 0.56723016500473022
vn -0.21175569295883179 -0.78854507207870483 0.57737010717391968
vn -0.1996162086725235 -0.78554105758666992 0.58572912216186523
vn -0.18731643259525299 -0.78361606597900391 0.59233301877975464
vn -0.17478740215301514 -0.78296971321105957 0.59699898958206177
vn -0.14853852987289429 -0.78028738498687744 0.60752606391906738
vn -0.13668170571327209 -0.7418091893196106 -0.65653431415557861
vn -0.173873171210289 -0.75227230787277222 -0.63549548387527466
vn -0.18804380297660828 -0.75392597913742065 -0.62947213649749756
vn -0.20143920183181763 -0.75698012113571167 -0.62161350250244141
vn -0.21454636752605438 -0.76146596670150757 -0.61166936159133911
vn -0.22755107283592224 -0.76743179559707642 -0.59939044713973999
vn -0.24053123593330383 -0.7746620774269104 -0.58484476804733276
vn -0.25357875227928162 -0.78327798843383789 -0.56760323047637939
vn -0.26676714420318604 -0.79324626922607422 -0.54735332727432251
vn -0.2801629900932312 -0.80438262224197388 -0.52390575408935547
vn -0.29377573728561401 -0.81718015670776367 -0.49589556455612183
vn -0.3087027370929718 -0.8311837911605835 -0.46242415904998779
vn -0.32487931847572327 -0.84581947326660156 -0.42313456535339355
vn -0.33923685550689697 -0.86074346303939819 -0.37952470779418945
vn -0.35058486461639404 -0.87646216154098511 -0.33000648021697998
vn -0.36233979463577271 -0.89143502712249756 -0.27212759852409363
vn -0.3843764066696167 -0.92087352275848389 -0.065167248249053955
vn -0.37955224514007568 -0.92489475011825562 0.022577567026019096
vn -0.35025897622108459 -0.89841943979263306 0.26487946510314941
vn -0.35027974843978882 -0.89443051815032959 0.27802550792694092
vn -0.33802735805511475 -0.88324481248855591 0.32498627901077271
vn -0.32568362355232239 -0.87096112966537476 0.36790874600410461
vn -0.31334918737411499 -0.85860651731491089 0.40571808815002441
vn -0.30073246359825134 -0.84659922122955322 0.43912386894226074
vn -0.28794378042221069 -0.83549517393112183 0.46801298856735229
vn -0.27695700526237488 -0.82477653026580811 0.49298936128616333
vn -0.26613205671310425 -0.81568557024002075 0.51364463567733765
vn -0.25341948866844177 -0.80733358860015869 0.53290808200836182
vn -0.24112330377101898 -0.79947805404663086 0.55017668008804321
vn -0.22917410731315613 -0.79278045892715454 0.56478166580200195
vn -0.21725454926490784 -0.78712409734725952 0.57726609706878662
vn -0.20530989766120911 -0.78259938955307007 0.58769553899765015
vn -0.19326061010360718 -0.77904146909713745 0.59644335508346558
vn -0.1810406893491745 -0.77644908428192139 0.60361504554748535
vn -0.16862243413925171 -0.77506381273269653 0.60896849632263184
vn -0.15656478703022003 -0.77675890922546387 0.61002707481384277
vn -0.15534703433513641 -0.74276614189147949 -0.65128004550933838
vn -0.16897398233413696 -0.74399787187576294 -0.64646339416503906
vn -0.18194761872291565 -0.74609953165054321 -0.64049237966537476
vn -0.19483010470867157 -0.74971520900726318 -0.63243049383163452
vn -0.20771269500255585 -0.75478160381317139 -0.62222194671630859
vn -0.2206881046295166 -0.76130294799804688 -0.60968399047851562
vn -0.23381750285625458 -0.76907968521118164 -0.59484940767288208
vn -0.24714940786361694 -0.77833414077758789 -0.577159583568573
vn -0.26073759794235229 -0.78899079561233521 -0.5563356876373291
vn -0.27448192238807678 -0.8009374737739563 -0.53212672472000122
vn -0.29041266441345215 -0.81350308656692505 -0.50385838747024536
vn -0.30892440676689148 -0.83052909374237061 -0.4634513258934021
vn -0.32305985689163208 -0.84657877683639526 -0.42300912737846375
vn -0.33496576547622681 -0.86261385679244995 -0.37907165288925171
vn -0.34679719805717468 -0.87716341018676758 -0.33213856816291809
vn -0.35503751039505005 -0.88970643281936646 -0.28700318932533264
vn -0.36726805567741394 -0.90136051177978516 -0.2294851541519165
vn -0.37123429775238037 -0.91731780767440796 -0.14392043650150299
vn -0.37530392408370972 -0.9267156720161438 -0.01857413537800312
vn -0.37505105137825012 -0.92266201972961426 0.089618630707263947
vn -0.3660358190536499 -0.91757363080978394 0.15516586601734161
vn -0.35643491148948669 -0.90849882364273071 0.21813772618770599
vn -0.33687514066696167 -0.88454866409301758 0.32262805104255676
vn -0.32286065816879272 -0.87132555246353149 0.36953046917915344
vn -0.30910298228263855 -0.8580927848815918 0.41003921627998352
vn -0.29595750570297241 -0.84509444236755371 0.44522416591644287
vn -0.2829551100730896 -0.833091139793396 0.47528472542762756
vn -0.27013677358627319 -0.8221709132194519 0.50106000900268555
vn -0.25801941752433777 -0.81185579299926758 0.52375197410583496
vn -0.24600814282894135 -0.80286508798599243 0.54303556680679321
vn -0.23384188115596771 -0.79484760761260986 0.55994218587875366
vn -0.22185979783535004 -0.78777849674224854 0.5746157169342041
vn -0.20994392037391663 -0.78172057867050171 0.58722776174545288
vn -0.19805225729942322 -0.77675521373748779 0.59785163402557373
vn -0.18611492216587067 -0.77271252870559692 0.60685795545578003
vn -0.17408402264118195 -0.76952224969863892 0.61443489789962769
vn -0.16183590888977051 -0.76738083362579346 0.62043195962905884
vn -0.14921180903911591 -0.76753854751586914 0.62339425086975098
vn -0.1378873884677887 -0.77159887552261353 0.62098491191864014
vn -0.13867825269699097 -0.73417061567306519 -0.66465169191360474
vn -0.12992972135543823 -0.72586655616760254 -0.67545247077941895
vn -0.1617601215839386 -0.73564267158508301 -0.65777164697647095
vn -0.17432627081871033 -0.73823559284210205 -0.65162760019302368
vn -0.18698613345623016 -0.7424551248550415 -0.64327025413513184
vn -0.19979573786258698 -0.74809026718139648 -0.63280534744262695
vn -0.21283891797065735 -0.75513523817062378 -0.62005674839019775
vn -0.22617249190807343 -0.76344054937362671 -0.60498309135437012
vn -0.23981994390487671 -0.77318966388702393 -0.58708107471466064
vn -0.25402602553367615 -0.78387683629989624 -0.56657552719116211
vn -0.26857170462608337 -0.79484230279922485 -0.54414612054824829
vn -0.27756151556968689 -0.80304455757141113 -0.52733200788497925
vn -0.29078042507171631 -0.81675136089324951 -0.49836122989654541
vn -0.30453258752822876 -0.83204531669616699 -0.46363836526870728
vn -0.31727737188339233 -0.84759372472763062 -0.42534688115119934
vn -0.32975906133651733 -0.86254239082336426 -0.38377019762992859
vn -0.34062805771827698 -0.87630981206893921 -0.34066641330718994
vn -0.34953075647354126 -0.88969230651855469 -0.2937275767326355
vn -0.36060702800750732 -0.90142947435379028 -0.23955672979354858
vn -0.37478715181350708 -0.91825133562088013 -0.12786361575126648
vn -0.37659847736358643 -0.9243394136428833 -0.061402503401041031
vn -0.37394624948501587 -0.92618322372436523 0.048464886844158173
vn -0.3697410523891449 -0.92198634147644043 0.11503370106220245
vn -0.35343644022941589 -0.90643519163131714 0.23120974004268646
vn -0.34601905941963196 -0.89772307872772217 0.2726978063583374
vn -0.33556064963340759 -0.88537698984146118 0.321724534034729
vn -0.32144153118133545 -0.87152367830276489 0.37029960751533508
vn -0.30503654479980469 -0.85761368274688721 0.41406697034835815
vn -0.2898809015750885 -0.84386128187179565 0.45151656866073608
vn -0.27633345127105713 -0.83076828718185425 0.48318105936050415
vn -0.26312106847763062 -0.81910991668701172 0.50973153114318848
vn -0.25026056170463562 -0.80829614400863647 0.53294181823730469
vn -0.23783805966377258 -0.7985871434211731 0.55289387702941895
vn -0.22567029297351837 -0.79018300771713257 0.56981021165847778
vn -0.21365392208099365 -0.78277456760406494 0.58447927236557007
vn -0.2017248123884201 -0.77634650468826294 0.59715425968170166
vn -0.18981893360614777 -0.7709653377532959 0.60793191194534302
vn -0.17798314988613129 -0.76647931337356567 0.61711543798446655
vn -0.16619537770748138 -0.76278400421142578 0.6249316930770874
vn -0.15439707040786743 -0.76004576683044434 0.63126224279403687
vn -0.14265412092208862 -0.75897341966629028 0.63530242443084717
vn -0.1285153329372406 -0.761016845703125 0.63587510585784912
vn -0.12233676016330719 -0.72871553897857666 -0.67380070686340332
vn -0.11989495158195496 -0.71583259105682373 -0.68790179491043091
vn -0.14107668399810791 -0.72539812326431274 -0.67371726036071777
vn -0.15333841741085052 -0.72711479663848877 -0.66917222738265991
vn -0.16546589136123657 -0.73046839237213135 -0.66259860992431641
vn -0.17782340943813324 -0.73519128561019897 -0.65411972999572754
vn -0.19093978404998779 -0.7413063645362854 -0.64343363046646118
vn -0.20431099832057953 -0.74895858764648438 -0.63033169507980347
vn -0.21775369346141815 -0.75766253471374512 -0.61524856090545654
vn -0.2313738614320755 -0.76759344339370728 -0.59771770238876343
vn -0.2450379878282547 -0.77813923358917236 -0.57832145690917969
vn -0.2573760449886322 -0.78927862644195557 -0.55749154090881348
vn -0.27035155892372131 -0.80218833684921265 -0.53235697746276855
vn -0.28403449058532715 -0.81645172834396362 -0.50272351503372192
vn -0.2977219820022583 -0.83138865232467651 -0.46920624375343323
vn -0.31145286560058594 -0.84617030620574951 -0.43242672085762024
vn -0.32374581694602966 -0.86110913753509521 -0.39202007651329041
vn -0.33440977334976196 -0.87588441371917725 -0.34784561395645142
vn -0.34388181567192078 -0.89059174060821533 -0.29764354228973389
vn -0.35842227935791016 -0.90180909633636475 -0.24139975011348724
vn -0.36554801464080811 -0.91285276412963867 -0.18186378479003906
vn -0.36897298693656921 -0.92260366678237915 -0.11252298951148987
vn -0.37190783023834229 -0.92758858203887939 -0.035551868379116058
vn -0.36274310946464539 -0.92724698781967163 0.092900209128856659
vn -0.36763867735862732 -0.91915428638458252 0.14141140878200531
vn -0.35356742143630981 -0.91098320484161377 0.21236681938171387
vn -0.34115651249885559 -0.89948791265487671 0.27300867438316345
vn -0.33084121346473694 -0.88651800155639648 0.32346546649932861
vn -0.31870511174201965 -0.87229830026626587 0.37084057927131653
vn -0.30411514639854431 -0.85726088285446167 0.41547295451164246
vn -0.28489115834236145 -0.84077966213226318 0.46035489439964294
vn -0.26905888319015503 -0.82808345556259155 0.49181818962097168
vn -0.25537467002868652 -0.81583023071289062 0.51884949207305908
vn -0.24202492833137512 -0.8044888973236084 0.54242193698883057
vn -0.22915071249008179 -0.79429870843887329 0.56265401840209961
vn -0.21676568686962128 -0.78544872999191284 0.57972657680511475
vn -0.20472064614295959 -0.77772617340087891 0.59433281421661377
vn -0.19292427599430084 -0.77101325988769531 0.60689270496368408
vn -0.18074622750282288 -0.76505708694458008 0.61807644367218018
vn -0.1683286726474762 -0.76015657186508179 0.62755674123764038
vn -0.15688890218734741 -0.75627964735031128 0.63515901565551758
vn -0.14595440030097961 -0.75279700756072998 0.64186757802963257
vn -0.13472341001033783 -0.75110334157943726 0.64629203081130981
vn -0.1234806627035141 -0.75178855657577515 0.64773952960968018
vn -0.11326364427804947 -0.75319826602935791 0.64796888828277588
vn -0.10975158214569092 -0.71819597482681274 -0.68713110685348511
vn -0.13194036483764648 -0.71621161699295044 -0.68529748916625977
vn -0.14360825717449188 -0.71900081634521484 -0.68001067638397217
vn -0.15532509982585907 -0.72278070449829102 -0.67339599132537842
vn -0.16807572543621063 -0.72768235206604004 -0.66500294208526611
vn -0.18180565536022186 -0.73454093933105469 -0.6537555456161499
vn -0.1952650398015976 -0.74294179677963257 -0.64024138450622559
vn -0.20822016894817352 -0.75191211700439453 -0.62551778554916382
vn -0.22129961848258972 -0.76206821203231812 -0.60850512981414795
vn -0.23439010977745056 -0.7729727029800415 -0.58955448865890503
vn -0.24789489805698395 -0.78536301851272583 -0.56723278760910034
vn -0.26207709312438965 -0.79919248819351196 -0.5409315824508667
vn -0.27659890055656433 -0.81373310089111328 -0.51120591163635254
vn -0.2908572256565094 -0.82859706878662109 -0.47836068272590637
vn -0.30439358949661255 -0.8440096378326416 -0.44157934188842773
vn -0.31679964065551758 -0.859902024269104 -0.40025806427001953
vn -0.32805266976356506 -0.87581056356430054 -0.35403004288673401
vn -0.33824717998504639 -0.89178067445755005 -0.30052638053894043
vn -0.351674884557724 -0.90486210584640503 -0.23989446461200714
vn -0.35740610957145691 -0.9177405834197998 -0.17324280738830566
vn -0.36321720480918884 -0.92605412006378174 -0.10245499014854431
vn -0.36226069927215576 -0.931121826171875 -0.042182140052318573
vn -0.36536672711372375 -0.93056368827819824 0.023630945011973381
vn -0.35820037126541138 -0.92054247856140137 0.15586553514003754
vn -0.34350040555000305 -0.91383212804794312 0.21660642325878143
vn -0.33506911993026733 -0.90190762281417847 0.27256432175636292
vn -0.32312670350074768 -0.88869374990463257 0.32528847455978394
vn -0.31146529316902161 -0.87407070398330688 0.37281337380409241
vn -0.2985878586769104 -0.85902011394500732 0.41584816575050354
vn -0.2840735912322998 -0.84433913230895996 0.45430570840835571
vn -0.27027249336242676 -0.83100616931915283 0.48619082570075989
vn -0.26155117154121399 -0.82273155450820923 0.50468182563781738
vn -0.24717210233211517 -0.81139296293258667 0.52966725826263428
vn -0.23296733200550079 -0.80024164915084839 0.55257540941238403
vn -0.21963392198085785 -0.78979438543319702 0.57270044088363647
vn -0.20703557133674622 -0.78060901165008545 0.58973371982574463
vn -0.19493341445922852 -0.77259260416030884 0.6042364239692688
vn -0.18326704204082489 -0.76565802097320557 0.61658817529678345
vn -0.17192366719245911 -0.7593839168548584 0.62751758098602295
vn -0.15896372497081757 -0.75357800722122192 0.63784849643707275
vn -0.14678575098514557 -0.74955266714096069 0.64546471834182739
vn -0.13596971333026886 -0.74599701166152954 0.65192073583602905
vn -0.12552760541439056 -0.74323058128356934 0.65715378522872925
vn -0.11492199450731277 -0.74300265312194824 0.65934818983078003
vn -0.1044846847653389 -0.74567759037017822 0.65806376934051514
vn -0.09883551299571991 -0.70779693126678467 -0.69946771860122681
vn -0.11050374805927277 -0.70568108558654785 -0.6998593807220459
vn -0.12220954895019531 -0.7077171802520752 -0.69584566354751587
vn -0.13354197144508362 -0.7109379768371582 -0.69045907258987427
vn -0.14537496864795685 -0.71486085653305054 -0.68398839235305786
vn -0.15841956436634064 -0.72058504819869995 -0.6750262975692749
vn -0.17262527346611023 -0.72851115465164185 -0.66292685270309448
vn -0.18497152626514435 -0.73693352937698364 -0.65016502141952515
vn -0.19765166938304901 -0.74606448411941528 -0.63586288690567017
vn -0.21082708239555359 -0.75652635097503662 -0.61904752254486084
vn -0.22440348565578461 -0.76799088716506958 -0.59986084699630737
vn -0.23855477571487427 -0.78098374605178833 -0.57719665765762329
vn -0.25324112176895142 -0.79510360956192017 -0.55107098817825317
vn -0.26799103617668152 -0.81009048223495483 -0.52147310972213745
vn -0.28237852454185486 -0.8255469799041748 -0.48860466480255127
vn -0.29627802968025208 -0.84171408414840698 -0.45137208700180054
vn -0.30971008539199829 -0.85821926593780518 -0.40931570529937744
vn -0.32229360938072205 -0.87448018789291382 -0.3625069260597229
vn -0.33313396573066711 -0.8903999924659729 -0.31017673015594482
vn -0.34743902087211609 -0.90717977285385132 -0.23729941248893738
vn -0.35911419987678528 -0.92954504489898682 -0.083564415574073792
vn -0.35836800932884216 -0.93357992172241211 0.00096074631437659264
vn -0.33837780356407166 -0.9161255955696106 0.21497529745101929
vn -0.32842892408370972 -0.9037432074546814 0.27455905079841614
vn -0.3163875937461853 -0.88995301723480225 0.32845470309257507
vn -0.30302134156227112 -0.87518715858459473 0.377128005027771
vn -0.28965699672698975 -0.85984879732131958 0.42042699456214905
vn -0.27598422765731812 -0.84486663341522217 0.45829364657402039
vn -0.26201221346855164 -0.83061188459396362 0.49135878682136536
vn -0.24863725900650024 -0.81784415245056152 0.51895129680633545
vn -0.23624944686889648 -0.80630975961685181 0.54226452112197876
vn -0.22258573770523071 -0.79535508155822754 0.56379598379135132
vn -0.20915476977825165 -0.78497427701950073 0.58315497636795044
vn -0.19643248617649078 -0.77561044692993164 0.59986895322799683
vn -0.1842568963766098 -0.76731491088867188 0.61422902345657349
vn -0.17253771424293518 -0.76015156507492065 0.62641865015029907
vn -0.16152019798755646 -0.75392270088195801 0.63679808378219604
vn -0.15367875993251801 -0.74953258037567139 0.64388179779052734
vn -0.13694344460964203 -0.74196779727935791 0.65630042552947998
vn -0.12530060112476349 -0.73877048492431641 0.66220682859420776
vn -0.11525984108448029 -0.73592716455459595 0.66717791557312012
vn -0.10523496568202972 -0.73460745811462402 0.67028164863586426
vn -0.095187738537788391 -0.73683911561965942 0.66933351755142212
vn -0.087837010622024536 -0.69612210988998413 -0.71252977848052979
vn -0.10158246010541916 -0.69677257537841797 -0.71006262302398682
vn -0.11194796860218048 -0.69943690299987793 -0.7058722972869873
vn -0.12237474322319031 -0.70250064134597778 -0.70108288526535034
vn -0.13478417694568634 -0.70681947469711304 -0.69443458318710327
vn -0.15311537683010101 -0.7161901593208313 -0.68090182542800903
vn -0.16154985129833221 -0.72228240966796875 -0.67246544361114502
vn -0.17331519722938538 -0.73048979043960571 -0.66056531667709351
vn -0.18620961904525757 -0.7399781346321106 -0.64634227752685547
vn -0.1996472030878067 -0.75085675716400146 -0.62956744432449341
vn -0.21351437270641327 -0.76279687881469727 -0.61037081480026245
vn -0.2279399037361145 -0.77614128589630127 -0.58791840076446533
vn -0.24280858039855957 -0.79068255424499512 -0.56201881170272827
vn -0.25782889127731323 -0.80622696876525879 -0.53246819972991943
vn -0.27278313040733337 -0.82227283716201782 -0.49945640563964844
vn -0.28724589943885803 -0.83912146091461182 -0.46191447973251343
vn -0.30086800456047058 -0.85642945766448975 -0.41953191161155701
vn -0.31281128525733948 -0.87352204322814941 -0.3729722797870636
vn -0.32339450716972351 -0.8894963264465332 -0.32281917333602905
vn -0.33891588449478149 -0.90176570415496826 -0.26824355125427246
vn -0.34919115900993347 -0.92905557155609131 -0.12215278297662735
vn -0.36231696605682373 -0.92998820543289185 -0.062034804373979568
vn -0.35788732767105103 -0.93365859985351562 0.014080816879868507
vn -0.35441485047340393 -0.93170416355133057 0.079482614994049072
vn -0.32311907410621643 -0.90554279088973999 0.27492973208427429
vn -0.30996954441070557 -0.89098101854324341 0.33177056908607483
vn -0.29578056931495667 -0.8752707839012146 0.38264200091362
vn -0.28133410215377808 -0.85920745134353638 0.42733323574066162
vn -0.26673662662506104 -0.84358114004135132 0.46607130765914917
vn -0.25192481279373169 -0.82866138219833374 0.49985417723655701
vn -0.23740600049495697 -0.81456679105758667 0.5292629599571228
vn -0.22373773157596588 -0.80177766084671021 0.55416059494018555
vn -0.21059389412403107 -0.79044568538665771 0.57519197463989258
vn -0.19758836925029755 -0.77997076511383057 0.59380507469177246
vn -0.18493221700191498 -0.77041870355606079 0.61012709140777588
vn -0.17272487282752991 -0.7618744969367981 0.62427026033401489
vn -0.16101297736167908 -0.75443798303604126 0.63631606101989746
vn -0.14993523061275482 -0.74814814329147339 0.64636975526809692
vn -0.14075805246829987 -0.74339091777801514 0.65387850999832153
vn -0.11286706477403641 -0.73081737756729126 0.67317676544189453
vn -0.10431624948978424 -0.72862833738327026 0.676918625831604
vn -0.09546072781085968 -0.72719204425811768 0.67976391315460205
vn -0.084007136523723602 -0.72722399234771729 0.68124008178710938
vn -0.071528293192386627 -0.68662720918655396 -0.72348242998123169
vn -0.081008836627006531 -0.68609964847564697 -0.72298324108123779
vn -0.090543083846569061 -0.68826740980148315 -0.71978461742401123
vn -0.099556282162666321 -0.69076192378997803 -0.71619582176208496
vn -0.10877709090709686 -0.69356083869934082 -0.71213829517364502
vn -0.13941016793251038 -0.70902317762374878 -0.69126760959625244
vn -0.14895071089267731 -0.71539801359176636 -0.68265610933303833
vn -0.16100104153156281 -0.72375863790512085 -0.67100828886032104
vn -0.17399150133132935 -0.73371559381484985 -0.65680164098739624
vn -0.18757601082324982 -0.7449830174446106 -0.64016842842102051
vn -0.20164170861244202 -0.75731325149536133 -0.62114191055297852
vn -0.21621643006801605 -0.77103686332702637 -0.59895956516265869
vn -0.23123918473720551 -0.78602999448776245 -0.57331079244613647
vn -0.24660941958427429 -0.80202299356460571 -0.54400634765625
vn -0.26200219988822937 -0.81878876686096191 -0.51082265377044678
vn -0.27679345011711121 -0.83652448654174805 -0.47287645936012268
vn -0.29097270965576172 -0.85459756851196289 -0.43011382222175598
vn -0.30458170175552368 -0.87224912643432617 -0.38263747096061707
vn -0.31775173544883728 -0.88909673690795898 -0.32945537567138672
vn -0.32877323031425476 -0.90546649694442749 -0.26840001344680786
vn -0.3455197811126709 -0.93826740980148315 0.016441956162452698
vn -0.31858542561531067 -0.90757507085800171 0.27351570129394531
vn -0.30472502112388611 -0.89244604110717773 0.33269014954566956
vn -0.2879471480846405 -0.87574797868728638 0.38749444484710693
vn -0.27194255590438843 -0.85846775770187378 0.43483370542526245
vn -0.25697615742683411 -0.84145289659500122 0.47531077265739441
vn -0.24152161180973053 -0.82568299770355225 0.50981849431991577
vn -0.22636425495147705 -0.81102865934371948 0.5394364595413208
vn -0.21200518310070038 -0.79751878976821899 0.56481641530990601
vn -0.19833660125732422 -0.78550755977630615 0.58620858192443848
vn -0.18521611392498016 -0.77477633953094482 0.60449695587158203
vn -0.17255024611949921 -0.76502358913421631 0.62045574188232422
vn -0.16037309169769287 -0.75628024339675903 0.63428753614425659
vn -0.14870691299438477 -0.74863934516906738 0.64608460664749146
vn -0.1376236230134964 -0.74212384223937988 0.65598165988922119
vn -0.12762203812599182 -0.73658156394958496 0.66419893503189087
vn -0.12003544718027115 -0.73274153470993042 0.66983675956726074
vn -0.091554693877696991 -0.72070735692977905 0.68716710805892944
vn -0.084168329834938049 -0.71988606452941895 0.68897002935409546
vn -0.076419420540332794 -0.71897214651107788 0.69082492589950562
vn -0.068444162607192993 -0.71963530778884888 0.69097065925598145
vn -0.062260884791612625 -0.67814016342163086 -0.73229056596755981
vn -0.069949828088283539 -0.67700254917144775 -0.73264902830123901
vn -0.077586531639099121 -0.67943817377090454 -0.72961914539337158
vn -0.085682377219200134 -0.68151175975799561 -0.72677385807037354
vn -0.11693255603313446 -0.69613099098205566 -0.70832788944244385
vn -0.12510722875595093 -0.70100808143615723 -0.70209395885467529
vn -0.13574346899986267 -0.7082592248916626 -0.69277888536453247
vn -0.14790110290050507 -0.71705222129821777 -0.68114709854125977
vn -0.16095300018787384 -0.7273218035697937 -0.66715598106384277
vn -0.17464101314544678 -0.7388916015625 -0.65079927444458008
vn -0.18884672224521637 -0.75155127048492432 -0.63206613063812256
vn -0.20360799133777618 -0.7656475305557251 -0.61018651723861694
vn -0.21885471045970917 -0.7810637354850769 -0.58484363555908203
vn -0.23447324335575104 -0.79754346609115601 -0.55582970380783081
vn -0.25026246905326843 -0.81510013341903687 -0.52247530221939087
vn -0.2658957839012146 -0.83361220359802246 -0.48413848876953125
vn -0.28121420741081238 -0.85246080160140991 -0.44071441888809204
vn -0.29592275619506836 -0.87120729684829712 -0.39169830083847046
vn -0.30908152461051941 -0.88958930969238281 -0.33630260825157166
vn -0.31944319605827332 -0.90691477060317993 -0.27470272779464722
vn -0.33559411764144897 -0.92018073797225952 -0.20160357654094696
vn -0.33621221780776978 -0.93201214075088501 -0.13533206284046173
vn -0.34131109714508057 -0.93825244903564453 -0.056471537798643112
vn -0.33904856443405151 -0.94070321321487427 0.011115606874227524
vn -0.34059420228004456 -0.93666195869445801 0.081608526408672333
vn -0.31501704454421997 -0.90969753265380859 0.27058199048042297
vn -0.30069419741630554 -0.89446133375167847 0.33094090223312378
vn -0.28464826941490173 -0.87674689292907715 0.38767284154891968
vn -0.26315984129905701 -0.85619378089904785 0.44461116194725037
vn -0.24615806341171265 -0.83883464336395264 0.48555395007133484
vn -0.2302146703004837 -0.82209396362304688 0.52073287963867188
vn -0.21448227763175964 -0.80690526962280273 0.55036461353302002
vn -0.19949078559875488 -0.79296422004699707 0.57568323612213135
vn -0.18534879386425018 -0.78044092655181885 0.59712457656860352
vn -0.17200398445129395 -0.76938658952713013 0.61519014835357666
vn -0.1592898815870285 -0.75941789150238037 0.63080203533172607
vn -0.14713193476200104 -0.75052446126937866 0.64425551891326904
vn -0.13556477427482605 -0.74275225400924683 0.65569907426834106
vn -0.12462824583053589 -0.73610603809356689 0.66529369354248047
vn -0.11449630558490753 -0.73028033971786499 0.67348438501358032
vn -0.10586970299482346 -0.72551923990249634 0.68000990152359009
vn -0.098599992692470551 -0.72254419326782227 0.68425720930099487
vn -0.071030601859092712 -0.71205538511276245 0.69852113723754883
vn -0.065045252442359924 -0.71153706312179565 0.6996314525604248
vn -0.059167999774217606 -0.71260815858840942 0.69906282424926758
vn -0.050635591149330139 -0.66805899143218994 -0.74238348007202148
vn -0.056757587939500809 -0.66835498809814453 -0.74167388677597046
vn -0.063271217048168182 -0.67020720243453979 -0.7394721508026123
vn -0.093566738069057465 -0.6840517520904541 -0.7234075665473938
vn -0.10162190347909927 -0.68762773275375366 -0.71891665458679199
vn -0.11079522967338562 -0.69351851940155029 -0.7118682861328125
vn -0.12178453803062439 -0.70125949382781982 -0.7024269700050354
vn -0.13406507670879364 -0.71030443906784058 -0.691009521484375
vn -0.14717702567577362 -0.72080135345458984 -0.67733621597290039
vn -0.16090497374534607 -0.73260009288787842 -0.66136729717254639
vn -0.17515099048614502 -0.74551546573638916 -0.64306211471557617
vn -0.19001862406730652 -0.75992417335510254 -0.62161737680435181
vn -0.2055090069770813 -0.7757524847984314 -0.59663569927215576
vn -0.22148700058460236 -0.79275739192962646 -0.56787252426147461
vn -0.23783332109451294 -0.81103473901748657 -0.53446978330612183
vn -0.25428542494773865 -0.83038407564163208 -0.49578344821929932
vn -0.27046248316764832 -0.85026276111602783 -0.45155656337738037
vn -0.28572839498519897 -0.87023645639419556 -0.401307612657547
vn -0.29919594526290894 -0.8896176815032959 -0.34505379199981689
vn -0.31036671996116638 -0.90739196538925171 -0.28339436650276184
vn -0.33112266659736633 -0.93111163377761841 -0.1529344916343689
vn -0.33614316582679749 -0.93910670280456543 -0.071318559348583221
vn -0.33405160903930664 -0.94241756200790405 0.016083236783742905
vn -0.33274745941162109 -0.93866097927093506 0.090524487197399139
vn -0.3324030339717865 -0.93232351541519165 0.14241185784339905
vn -0.30776894092559814 -0.91394048929214478 0.26455819606781006
vn -0.29508954286575317 -0.89670288562774658 0.3299182653427124
vn -0.27901634573936462 -0.87936758995056152 0.38582709431648254
vn -0.26135516166687012 -0.86132776737213135 0.43566954135894775
vn -0.24437059462070465 -0.84491205215454102 0.47582203149795532
vn -0.23428592085838318 -0.8334580659866333 0.50045758485794067
vn -0.2180662602186203 -0.81720620393753052 0.53349894285202026
vn -0.2015317976474762 -0.80206477642059326 0.56220728158950806
vn -0.18592759966850281 -0.7879214882850647 0.58703547716140747
vn -0.17145738005638123 -0.77509641647338867 0.60813480615615845
vn -0.15789738297462463 -0.76375013589859009 0.62590271234512329
vn -0.14509221911430359 -0.75360232591629028 0.64111757278442383
vn -0.13305117189884186 -0.74457722902297974 0.65414226055145264
vn -0.12166623026132584 -0.73674690723419189 0.66513258218765259
vn -0.11091753840446472 -0.73008185625076294 0.6742979884147644
vn -0.10091373324394226 -0.72416508197784424 0.68220335245132446
vn -0.091948874294757843 -0.71893084049224854 0.68897300958633423
vn -0.084270969033241272 -0.71489840745925903 0.69413161277770996
vn -0.077544800937175751 -0.71262550354003906 0.69724577665328979
vn -0.051575064659118652 -0.70420229434967041 0.70812368392944336
vn -0.04704299196600914 -0.70452249050140381 0.70812076330184937
vn -0.036901652812957764 -0.65885162353515625 -0.75136727094650269
vn -0.042040988802909851 -0.659751296043396 -0.75030714273452759
vn -0.070629939436912537 -0.67214369773864746 -0.73704427480697632
vn -0.078100726008415222 -0.675201416015625 -0.73348706960678101
vn -0.086318157613277435 -0.67980098724365234 -0.72829926013946533
vn -0.095952749252319336 -0.68634063005447388 -0.72092276811599731
vn -0.10734234750270844 -0.69428008794784546 -0.71165496110916138
vn -0.1197490468621254 -0.70355921983718872 -0.70047450065612793
vn -0.13276271522045135 -0.71422332525253296 -0.68721109628677368
vn -0.14638255536556244 -0.72611165046691895 -0.67181396484375
vn -0.16052022576332092 -0.73918735980987549 -0.65409117937088013
vn -0.17540347576141357 -0.75382775068283081 -0.63322770595550537
vn -0.19113054871559143 -0.77004176378250122 -0.60869109630584717
vn -0.20753781497478485 -0.78760534524917603 -0.5801774263381958
vn -0.22445051372051239 -0.80661666393280029 -0.54680120944976807
vn -0.24159842729568481 -0.82687455415725708 -0.5078471302986145
vn -0.25862893462181091 -0.84775429964065552 -0.46305909752845764
vn -0.27452448010444641 -0.86888402700424194 -0.41191846132278442
vn -0.28875184059143066 -0.88917046785354614 -0.35496231913566589
vn -0.30102813243865967 -0.90794873237609863 -0.29156675934791565
vn -0.31070131063461304 -0.92436695098876953 -0.22138307988643646
vn -0.32746809720993042 -0.93400603532791138 -0.14281937479972839
vn -0.32845675945281982 -0.94267898797988892 -0.058927509933710098
vn -0.3253459632396698 -0.9452325701713562 0.02618027850985527
vn -0.29673141241073608 -0.91767585277557373 0.26423764228820801
vn -0.28288877010345459 -0.89996683597564697 0.33171316981315613
vn -0.26838544011116028 -0.88089907169342041 0.38985392451286316
vn -0.2520281970500946 -0.86206328868865967 0.43969160318374634
vn -0.23486338555812836 -0.84415966272354126 0.48190626502037048
vn -0.21795812249183655 -0.82776099443435669 0.51701641082763672
vn -0.20291605591773987 -0.81186908483505249 0.54744285345077515
vn -0.18704776465892792 -0.79676103591918945 0.57461726665496826
vn -0.17145709693431854 -0.78246539831161499 0.59862369298934937
vn -0.15668772161006927 -0.76944905519485474 0.61919069290161133
vn -0.14293061196804047 -0.75783610343933105 0.63659662008285522
vn -0.1300947368144989 -0.74755984544754028 0.6513291597366333
vn -0.11820708215236664 -0.73851662874221802 0.66379231214523315
vn -0.107122503221035 -0.73066252470016479 0.67428261041641235
vn -0.096686124801635742 -0.72398698329925537 0.68300414085388184
vn -0.086889646947383881 -0.71813732385635376 0.69045567512512207
vn -0.077959306538105011 -0.71271175146102905 0.69711142778396606
vn -0.070036724209785461 -0.7080722451210022 0.70265823602676392
vn -0.063204705715179443 -0.705047607421875 0.70633774995803833
vn -0.057139966636896133 -0.70409280061721802 0.707805335521698
vn -0.033394619822502136 -0.69715356826782227 0.71614360809326172
vn -0.022434022277593613 -0.65015441179275513 -0.75947082042694092
vn -0.048375576734542847 -0.66088712215423584 -0.74892455339431763
vn -0.055120725184679031 -0.66324526071548462 -0.74636948108673096
vn -0.062290508300065994 -0.66715031862258911 -0.74231421947479248
vn -0.070622898638248444 -0.67253577709197998 -0.73668718338012695
vn -0.081065252423286438 -0.67922395467758179 -0.72944033145904541
vn -0.092737562954425812 -0.68751078844070435 -0.72022819519042969
vn -0.10489915311336517 -0.6970180869102478 -0.70933908224105835
vn -0.11741948872804642 -0.70766770839691162 -0.69672024250030518
vn -0.13085007667541504 -0.71925961971282959 -0.68230777978897095
vn -0.14488875865936279 -0.73249489068984985 -0.66517549753189087
vn -0.15980790555477142 -0.74731820821762085 -0.64496272802352905
vn -0.17580786347389221 -0.76391798257827759 -0.62090331315994263
vn -0.19265516102313995 -0.78205651044845581 -0.59268176555633545
vn -0.21014733612537384 -0.80182760953903198 -0.55938410758972168
vn -0.22798597812652588 -0.82291030883789062 -0.52042382955551147
vn -0.24570810794830322 -0.84487420320510864 -0.4752001166343689
vn -0.26232481002807617 -0.8671882152557373 -0.42328515648841858
vn -0.27729570865631104 -0.88861292600631714 -0.36534121632575989
vn -0.28981027007102966 -0.90881454944610596 -0.30011013150215149
vn -0.29837620258331299 -0.92650914192199707 -0.22924321889877319
vn -0.31524160504341125 -0.93825119733810425 -0.14250396192073822
vn -0.31461337208747864 -0.94753223657608032 -0.056578293442726135
vn -0.31385353207588196 -0.94869297742843628 0.038438927382230759
vn -0.3157951831817627 -0.94149363040924072 0.11774168163537979
vn -0.2847827672958374 -0.91907793283462524 0.2723868191242218
vn -0.27004298567771912 -0.90156060457229614 0.33803144097328186
vn -0.25394308567047119 -0.8819693922996521 0.39704269170761108
vn -0.23777568340301514 -0.86177021265029907 0.44812366366386414
vn -0.2205163836479187 -0.84237676858901978 0.49170511960983276
vn -0.20319651067256927 -0.82409447431564331 0.52875274419784546
vn -0.18677055835723877 -0.80694484710693359 0.5603184700012207
vn -0.1709938645362854 -0.79161912202835083 0.58660060167312622
vn -0.15580864250659943 -0.77709925174713135 0.6097872257232666
vn -0.14123320579528809 -0.76367866992950439 0.62995880842208862
vn -0.12742155790328979 -0.75174295902252197 0.64702880382537842
vn -0.11460373550653458 -0.74137747287750244 0.66123026609420776
vn -0.1029319167137146 -0.73236507177352905 0.67308723926544189
vn -0.092107698321342468 -0.72454017400741577 0.68305027484893799
vn -0.081950478255748749 -0.71785104274749756 0.69135665893554688
vn -0.072385571897029877 -0.71211636066436768 0.69831985235214233
vn -0.063716664910316467 -0.70679193735122681 0.70454615354537964
vn -0.055903654545545578 -0.70181512832641602 0.71016216278076172
vn -0.048963874578475952 -0.69817084074020386 0.71425485610961914
vn -0.043000135570764542 -0.6966063380241394 0.71616381406784058
vn -0.037705935537815094 -0.6966739296913147 0.71639633178710938
vn -0.0082172919064760208 -0.64165407419204712 -0.76695013046264648
vn -0.02750786766409874 -0.6507575511932373 -0.75878715515136719
vn -0.033226568251848221 -0.65208560228347778 -0.75741690397262573
vn -0.039022501558065414 -0.65530854463577271 -0.75435268878936768
vn -0.046111725270748138 -0.65986508131027222 -0.74996787309646606
vn -0.055423103272914886 -0.66546469926834106 -0.74436885118484497
vn -0.066184639930725098 -0.67258191108703613 -0.73705708980560303
vn -0.077220022678375244 -0.68144643306732178 -0.72778278589248657
vn -0.089011423289775848 -0.69074594974517822 -0.7175980806350708
vn -0.10133130848407745 -0.70062625408172607 -0.70629656314849854
vn -0.11429108679294586 -0.7118685245513916 -0.6929507851600647
vn -0.12823070585727692 -0.72533154487609863 -0.67635130882263184
vn -0.14329251646995544 -0.74046081304550171 -0.65664684772491455
vn -0.15952637791633606 -0.75743657350540161 -0.63312017917633057
vn -0.17682649195194244 -0.776145339012146 -0.60525268316268921
vn -0.19469577074050903 -0.79675030708312988 -0.57208609580993652
vn -0.21323992311954498 -0.81853538751602173 -0.53341221809387207
vn -0.23169009387493134 -0.84168577194213867 -0.48773428797721863
vn -0.24905073642730713 -0.86517012119293213 -0.43526357412338257
vn -0.26435181498527527 -0.88789111375808716 -0.37652021646499634
vn -0.2766042947769165 -0.90919965505599976 -0.31120100617408752
vn -0.28509160876274109 -0.92715758085250854 -0.24310828745365143
vn -0.30028215050697327 -0.94964307546615601 -0.089491143822669983
vn -0.30026000738143921 -0.95257151126861572 0.049512285739183426
vn -0.30218732357025146 -0.94456535577774048 0.12837117910385132
vn -0.27204754948616028 -0.92093944549560547 0.27903521060943604
vn -0.25676065683364868 -0.90226036310195923 0.34641042351722717
vn -0.24051453173160553 -0.8813813328742981 0.40659520030021667
vn -0.22350971400737762 -0.85995990037918091 0.45881631970405579
vn -0.20539548993110657 -0.83936482667922974 0.50326871871948242
vn -0.18763485550880432 -0.82051265239715576 0.53995567560195923
vn -0.1707664430141449 -0.80274558067321777 0.57134783267974854
vn -0.15459263324737549 -0.78684699535369873 0.59747207164764404
vn -0.13916166126728058 -0.77222245931625366 0.61992460489273071
vn -0.12456860393285751 -0.75838655233383179 0.63979095220565796
vn -0.11076033115386963 -0.74583321809768677 0.65685993432998657
vn -0.097861498594284058 -0.73519545793533325 0.6707538366317749
vn -0.086431883275508881 -0.72621601819992065 0.68201160430908203
vn -0.076097764074802399 -0.71844279766082764 0.69141095876693726
vn -0.06640356034040451 -0.71172666549682617 0.69931083917617798
vn -0.05726960301399231 -0.70606893301010132 0.70582354068756104
vn -0.048963014036417007 -0.7010224461555481 0.71145635843276978
vn -0.041462711989879608 -0.69607126712799072 0.71677446365356445
vn -0.034665487706661224 -0.69203811883926392 0.72102808952331543
vn -0.028865613043308258 -0.68977892398834229 0.72344440221786499
vn -0.023981848731637001 -0.68932336568832397 0.72405672073364258
vn -0.019880518317222595 -0.69000691175460815 0.72352969646453857
vn -0.012607084587216377 -0.64206546545028687 -0.76654618978500366
vn -0.016928104683756828 -0.6443018913269043 -0.76458388566970825
vn -0.022135190665721893 -0.64814984798431396 -0.76119107007980347
vn -0.030319077894091606 -0.65291005373001099 -0.7568284273147583
vn -0.040537323802709579 -0.65916252136230469 -0.75090712308883667
vn -0.051193632185459137 -0.66731458902359009 -0.74301445484161377
vn -0.0621785968542099 -0.67588090896606445 -0.73438328504562378
vn -0.073758520185947418 -0.68375116586685181 -0.72597801685333252
vn -0.084554806351661682 -0.6928170919418335 -0.71613895893096924
vn -0.096497595310211182 -0.70424526929855347 -0.70336818695068359
vn -0.11023425310850143 -0.71791529655456543 -0.68734711408615112
vn -0.12527643144130707 -0.7334168553352356 -0.6681358814239502
vn -0.14166168868541718 -0.75075644254684448 -0.6452106237411499
vn -0.15911158919334412 -0.7701752781867981 -0.61766785383224487
vn -0.17749029397964478 -0.79136818647384644 -0.58500736951828003
vn -0.19668976962566376 -0.81390929222106934 -0.54668527841567993
vn -0.21605496108531952 -0.83813172578811646 -0.50085467100143433
vn -0.23460984230041504 -0.86273843050003052 -0.44792929291725159
vn -0.25035345554351807 -0.88670146465301514 -0.38869485259056091
vn -0.26299849152565002 -0.90859764814376831 -0.32447201013565063
vn -0.27301105856895447 -0.92633587121963501 -0.25955122709274292
vn -0.28921344876289368 -0.94120699167251587 -0.17459951341152191
vn -0.29680192470550537 -0.95461386442184448 -0.024920668452978134
vn -0.28787162899971008 -0.95608580112457275 0.055044315755367279
vn -0.28909969329833984 -0.94785302877426147 0.13414900004863739
vn -0.26044705510139465 -0.92418944835662842 0.27935853600502014
vn -0.22466002404689789 -0.87970834970474243 0.41909554600715637
vn -0.20876286923885345 -0.8565601110458374 0.4719352126121521
vn -0.19026193022727966 -0.83502781391143799 0.51626443862915039
vn -0.17246533930301666 -0.81555938720703125 0.55237537622451782
vn -0.15554982423782349 -0.79780638217926025 0.58250254392623901
vn -0.13925044238567352 -0.78207594156265259 0.60742616653442383
vn -0.12344001978635788 -0.76760101318359375 0.62892866134643555
vn -0.10826190561056137 -0.75364202260971069 0.64830780029296875
vn -0.093958772718906403 -0.74048519134521484 0.66547238826751709
vn -0.080552510917186737 -0.72914737462997437 0.67959946393966675
vn -0.068983003497123718 -0.72020059823989868 0.69032776355743408
vn -0.05935266986489296 -0.7126355767250061 0.69901919364929199
vn -0.050414744764566422 -0.70588666200637817 0.70652836561203003
vn -0.041583061218261719 -0.70019465684890747 0.71274000406265259
vn -0.0335671566426754 -0.69528406858444214 0.71795076131820679
vn -0.026770755648612976 -0.6906970739364624 0.7226485013961792
vn -0.020618921145796776 -0.68660008907318115 0.72674286365509033
vn -0.014448401518166065 -0.68388187885284424 0.72944968938827515
vn -0.0098692784085869789 -0.68257820606231689 0.73074591159820557
vn -0.0065225390717387199 -0.6830744743347168 0.7303195595741272
vn 0.006283121183514595 -0.63361644744873047 -0.77362185716629028
vn 0.0031330960337072611 -0.63429832458496094 -0.77308201789855957
vn 0.00038691610097885132 -0.63770151138305664 -0.77028346061706543
vn -0.0060060317628085613 -0.64129918813705444 -0.76726740598678589
vn -0.01639317162334919 -0.64690637588500977 -0.76239317655563354
vn -0.027175445109605789 -0.65423011779785156 -0.75580716133117676
vn -0.039191145449876785 -0.66301923990249634 -0.74757575988769531
vn -0.05170726403594017 -0.67096728086471558 -0.73968183994293213
vn -0.056939594447612762 -0.67560321092605591 -0.73506337404251099
vn -0.06622593104839325 -0.68535143136978149 -0.72519481182098389
vn -0.078125044703483582 -0.69682198762893677 -0.71297657489776611
vn -0.091730989515781403 -0.71059495210647583 -0.69759601354598999
vn -0.10677238553762436 -0.7263522744178772 -0.67897868156433105
vn -0.12315251678228378 -0.74412345886230469 -0.65659248828887939
vn -0.14086391031742096 -0.76410603523254395 -0.62952309846878052
vn -0.15957897901535034 -0.78575319051742554 -0.59760057926177979
vn -0.17900057137012482 -0.80898338556289673 -0.55991488695144653
vn -0.19896227121353149 -0.83398032188415527 -0.51467549800872803
vn -0.21908418834209442 -0.85967725515365601 -0.4614727795124054
vn -0.23612208664417267 -0.88514602184295654 -0.40095245838165283
vn -0.24988542497158051 -0.90794599056243896 -0.33643916249275208
vn -0.27717927098274231 -0.9402308464050293 -0.19783231616020203
vn -0.2826879620552063 -0.95907819271087646 -0.016015099361538887
vn -0.27005675435066223 -0.95951151847839355 0.080043740570545197
vn -0.23766815662384033 -0.90852105617523193 0.3436616063117981
vn -0.21993409097194672 -0.88662242889404297 0.40685343742370605
vn -0.20119607448577881 -0.86679291725158691 0.45627868175506592
vn -0.19077518582344055 -0.85095065832138062 0.48937493562698364
vn -0.17382068932056427 -0.82855427265167236 0.53224450349807739
vn -0.15515927970409393 -0.80939066410064697 0.56640297174453735
vn -0.13863520324230194 -0.79131495952606201 0.59548372030258179
vn -0.12424143403768539 -0.77653145790100098 0.61770778894424438
vn -0.10949636250734329 -0.7632523775100708 0.63675451278686523
vn -0.094011068344116211 -0.74942457675933838 0.65538138151168823
vn -0.07891228049993515 -0.73608732223510742 0.6722710132598877
vn -0.064926810562610626 -0.72377204895019531 0.6869778037071228
vn -0.051860105246305466 -0.71412742137908936 0.69809204339981079
vn -0.042452067136764526 -0.70733928680419922 0.70559829473495483
vn -0.035143166780471802 -0.70051205158233643 0.71277475357055664
vn -0.026533661410212517 -0.69457167387008667 0.71893405914306641
vn -0.018076987937092781 -0.68954998254776001 0.72401243448257446
vn -0.011269618757069111 -0.68547892570495605 0.72800523042678833
vn -0.0066962279379367828 -0.68165755271911621 0.73164075613021851
vn -0.0018783753039315343 -0.67912489175796509 0.73402035236358643
vn 0.0063057560473680496 -0.67615729570388794 0.73673033714294434
vn 0.0072811073623597622 -0.67651963233947754 0.73638862371444702
vn 0.020915759727358818 -0.62633430957794189 -0.77927392721176147
vn 0.01982208713889122 -0.62782907485961914 -0.77809876203536987
vn 0.017806058749556541 -0.63027846813201904 -0.7761649489402771
vn 0.0055342451669275761 -0.63589394092559814 -0.77175658941268921
vn -0.0044411979615688324 -0.64276021718978882 -0.76605457067489624
vn -0.014416402205824852 -0.650581955909729 -0.75929921865463257
vn -0.029295109212398529 -0.66061437129974365 -0.75015366077423096
vn -0.03768935427069664 -0.66864460706710815 -0.7426263689994812
vn -0.048532437533140182 -0.67817819118499756 -0.73329323530197144
vn -0.060305777937173843 -0.68952149152755737 -0.72175019979476929
vn -0.073629982769489288 -0.70341801643371582 -0.70695245265960693
vn -0.088673673570156097 -0.71948134899139404 -0.68882763385772705
vn -0.10520000010728836 -0.73765861988067627 -0.66692781448364258
vn -0.1230844184756279 -0.75808781385421753 -0.64043194055557251
vn -0.14187215268611908 -0.78025680780410767 -0.60915642976760864
vn -0.16109618544578552 -0.80403584241867065 -0.57234114408493042
vn -0.18101194500923157 -0.82934600114822388 -0.52860188484191895
vn -0.201202392578125 -0.85664331912994385 -0.47505775094032288
vn -0.22083470225334167 -0.88348442316055298 -0.41314321756362915
vn -0.23730945587158203 -0.9084283709526062 -0.34415414929389954
vn -0.27539217472076416 -0.95707160234451294 -0.090405397117137909
vn -0.2640845775604248 -0.95804160833358765 0.11142561584711075
vn -0.25895869731903076 -0.94792324304580688 0.18542355298995972
vn -0.2310713529586792 -0.91105902194976807 0.34143438935279846
vn -0.21032464504241943 -0.88923317193984985 0.40623623132705688
vn -0.19095495343208313 -0.86610281467437744 0.46195468306541443
vn -0.16940063238143921 -0.84462016820907593 0.50785839557647705
vn -0.15238726139068604 -0.82223701477050781 0.54836517572402954
vn -0.13529336452484131 -0.80248898267745972 0.58112579584121704
vn -0.1187257394194603 -0.78400349617004395 0.60929685831069946
vn -0.10506733506917953 -0.76850485801696777 0.63115859031677246
vn -0.097659900784492493 -0.76002317667007446 0.6425163745880127
vn -0.082380712032318115 -0.74650996923446655 0.66025465726852417
vn -0.066239453852176666 -0.73269426822662354 0.6773267388343811
vn -0.051416490226984024 -0.71979737281799316 0.69227749109268188
vn -0.038102678954601288 -0.70897078514099121 0.70420783758163452
vn -0.023578155785799026 -0.70049256086349487 0.71327006816864014
vn -0.019119938835501671 -0.69564378261566162 0.7181323766708374
vn -0.011876648291945457 -0.68958055973052979 0.72411155700683594
vn -0.0035399869084358215 -0.6841626763343811 0.72932088375091553
vn 0.0045289527624845505 -0.67984670400619507 0.73334026336669922
vn 0.0090600689873099327 -0.67719525098800659 0.7357475757598877
vn 0.025932855904102325 -0.66874593496322632 0.7430385947227478
vn 0.024191241711378098 -0.66969799995422363 0.74223947525024414
vn 0.022199686616659164 -0.6707383394241333 0.74136179685592651
vn 0.03640453889966011 -0.62011450529098511 -0.78366619348526001
vn 0.037253279238939285 -0.62135159969329834 -0.78264576196670532
vn 0.039663378149271011 -0.62108933925628662 -0.78273546695709229
vn 0.027857493609189987 -0.62683999538421631 -0.77864980697631836
vn 0.017661593854427338 -0.63281571865081787 -0.77410095930099487
vn -0.0015033102827146649 -0.64662045240402222 -0.76281040906906128
vn -0.011525386013090611 -0.65399163961410522 -0.75641399621963501
vn -0.021730819717049599 -0.66219401359558105 -0.74901723861694336
vn -0.031244046986103058 -0.67101633548736572 -0.7407839298248291
vn -0.042289324104785919 -0.68247681856155396 -0.7296828031539917
vn -0.055725783109664917 -0.69660121202468872 -0.71529114246368408
vn -0.070954456925392151 -0.71299344301223755 -0.69757139682769775
vn -0.087688744068145752 -0.73159283399581909 -0.67607885599136353
vn -0.10577131807804108 -0.75236493349075317 -0.6501995325088501
vn -0.12443073093891144 -0.77488440275192261 -0.61973476409912109
vn -0.14326140284538269 -0.79933083057403564 -0.58356356620788574
vn -0.16212078928947449 -0.82560044527053833 -0.54046344757080078
vn -0.18243157863616943 -0.85342305898666382 -0.48824977874755859
vn -0.20287840068340302 -0.88194561004638672 -0.42545536160469055
vn -0.22059834003448486 -0.90993613004684448 -0.35121583938598633
vn -0.23519924283027649 -0.93501341342926025 -0.26538887619972229
vn -0.23872242867946625 -0.95796424150466919 -0.15911048650741577
vn -0.25734105706214905 -0.96548551321029663 0.040166642516851425
vn -0.24198530614376068 -0.95918399095535278 0.14631897211074829
vn -0.22139458358287811 -0.93456882238388062 0.27850586175918579
vn -0.19370318949222565 -0.89176732301712036 0.40893775224685669
vn -0.17222608625888824 -0.86579787731170654 0.4698215126991272
vn -0.15083280205726624 -0.84091305732727051 0.51972562074661255
vn -0.1315511018037796 -0.81760948896408081 0.5605434775352478
vn -0.11449398100376129 -0.79656052589416504 0.59361809492111206
vn -0.098084487020969391 -0.77721261978149414 0.62154644727706909
vn -0.083576135337352753 -0.76036840677261353 0.64409232139587402
vn -0.071023084223270416 -0.74718695878982544 0.66080814599990845
vn -0.051396023482084274 -0.73098993301391602 0.6804499626159668
vn -0.035575345158576965 -0.71771240234375 0.69543033838272095
vn -0.022248357534408569 -0.70584946870803833 0.70801240205764771
vn -0.0098130274564027786 -0.69617265462875366 0.71780729293823242
vn -0.0041267978958785534 -0.6910851001739502 0.72276163101196289
vn 0.010501007549464703 -0.67997282743453979 0.73316210508346558
vn 0.018464844673871994 -0.67493563890457153 0.73764550685882568
vn 0.02552373893558979 -0.66990739107131958 0.74200582504272461
vn 0.039882060140371323 -0.66452926397323608 0.74619722366333008
vn 0.037668708711862564 -0.66535580158233643 0.7455754280090332
vn 0.052748341113328934 -0.61465615034103394 -0.78702950477600098
vn 0.029379740357398987 -0.63001728057861328 -0.77602517604827881
vn 0.021466286852955818 -0.63520824909210205 -0.77204251289367676
vn 9.2469890660140663E-05 -0.65043622255325317 -0.75956088304519653
vn -0.0041235839016735554 -0.65492039918899536 -0.75568664073944092
vn -0.012614031322300434 -0.66386514902114868 -0.74774593114852905
vn -0.02453300915658474 -0.67589366436004639 -0.73659074306488037
vn -0.053951229900121689 -0.70712357759475708 -0.7050287127494812
vn -0.071228146553039551 -0.72611218690872192 -0.68387693166732788
vn -0.10652901232242584 -0.76972854137420654 -0.62941998243331909
vn -0.12484774738550186 -0.79543423652648926 -0.5930408239364624
vn -0.14386969804763794 -0.82292354106903076 -0.54963475465774536
vn -0.16395826637744904 -0.84980297088623047 -0.50095170736312866
vn -0.18122047185897827 -0.8809657096862793 -0.43710243701934814
vn -0.20093561708927155 -0.91128146648406982 -0.35943153500556946
vn -0.21597954630851746 -0.93791192770004272 -0.27142956852912903
vn -0.22972388565540314 -0.96802020072937012 -0.1008157953619957
vn -0.24022239446640015 -0.97007060050964355 -0.03544316440820694
vn -0.23144152760505676 -0.96924710273742676 0.083635076880455017
vn -0.21307025849819183 -0.95512807369232178 0.20574602484703064
vn -0.2261807918548584 -0.94684070348739624 0.22876840829849243
vn -0.19400785863399506 -0.91446679830551147 0.35512164235115051
vn -0.16664256155490875 -0.88655698299407959 0.43156343698501587
vn -0.15309131145477295 -0.86260688304901123 0.48215398192405701
vn -0.13310852646827698 -0.83862286806106567 0.52819865942001343
vn -0.096032477915287018 -0.79249346256256104 0.60227227210998535
vn -0.078359454870223999 -0.77175277471542358 0.6310763955116272
vn -0.062882319092750549 -0.75348156690597534 0.65445500612258911
vn -0.049596827477216721 -0.73851382732391357 0.67241173982620239
vn -0.0055694729089736938 -0.703724205493927 0.71045142412185669
vn 0.016335319727659225 -0.68474799394607544 0.72859680652618408
vn 0.015895098447799683 -0.68260651826858521 0.73061323165893555
vn 0.024166077375411987 -0.67715173959732056 0.73544645309448242
vn 0.032080225646495819 -0.6714705228805542 0.74033653736114502
vn 0.048542428761720657 -0.66471397876739502 0.74551922082901001
vn 0.040919926017522812 -0.66390329599380493 0.74669802188873291
vn 0.055207263678312302 -0.65978747606277466 0.74942153692245483
vn 0.055254943668842316 -0.61447840929031372 -0.78699630498886108
vn 0.057746265083551407 -0.61536878347396851 -0.78612124919891357
vn 0.049225449562072754 -0.6217687726020813 -0.78165239095687866
vn 0.039972584694623947 -0.627330482006073 -0.77772659063339233
vn 0.039861049503087997 -0.62909400463104248 -0.77630650997161865
vn 0.040734369307756424 -0.63218021392822266 -0.77374988794326782
vn 0.017756607383489609 -0.64598387479782104 -0.76314449310302734
vn 0.0061240196228027344 -0.65759235620498657 -0.75334906578063965
vn -0.0058173113502562046 -0.66958624124526978 -0.74271154403686523
vn -0.019688431173563004 -0.68450617790222168 -0.72874116897583008
vn -0.036709781736135483 -0.70217496156692505 -0.71105742454528809
vn -0.05547621101140976 -0.72111284732818604 -0.69059294462203979
vn -0.070921353995800018 -0.74156093597412109 -0.66712629795074463
vn -0.11032160371541977 -0.79334396123886108 -0.59869402647018433
vn -0.13366715610027313 -0.82048249244689941 -0.55582511425018311
vn -0.1392652839422226 -0.8433266282081604 -0.51904278993606567
vn -0.16334517300128937 -0.88222789764404297 -0.44157931208610535
vn -0.18105748295783997 -0.91389423608779907 -0.36333942413330078
vn -0.2063247412443161 -0.9627642035484314 -0.17468596994876862
vn -0.21460758149623871 -0.97444832324981689 -0.066287651658058167
vn -0.21393077075481415 -0.96880573034286499 0.12509611248970032
vn -0.17413908243179321 -0.91133034229278564 0.37303158640861511
vn -0.13252127170562744 -0.85641545057296753 0.49898970127105713
vn -0.08586505800485611 -0.81304508447647095 0.57583409547805786
vn -0.10119706392288208 -0.81311929225921631 0.57323306798934937
vn -0.044114183634519577 -0.76566684246063232 0.64172285795211792
vn -0.06217583641409874 -0.7678450345993042 0.63761132955551147
vn 0.010138325393199921 -0.70238667726516724 0.71172338724136353
vn 0.015696855261921883 -0.69560378789901733 0.71825408935546875
vn 0.021255429834127426 -0.68972939252853394 0.72375518083572388
vn 0.025183750316500664 -0.68255525827407837 0.7303999662399292
vn 0.059892542660236359 -0.6617695689201355 0.74731111526489258
vn 0.057757124304771423 -0.66013771295547485 0.748920738697052
vn 0.073948480188846588 -0.60959130525588989 -0.78925919532775879
vn 0.077981308102607727 -0.61035490036010742 -0.78828030824661255
vn 0.069566912949085236 -0.61481332778930664 -0.7855985164642334
vn 0.042864307761192322 -0.63439130783081055 -0.77182275056838989
vn 0.034445486962795258 -0.64309012889862061 -0.76501542329788208
vn 0.013798890635371208 -0.66353392601013184 -0.74801892042160034
vn -0.025421399623155594 -0.69961869716644287 -0.71406400203704834
vn -0.034936938434839249 -0.71414649486541748 -0.69912385940551758
vn -0.048372838646173477 -0.73415249586105347 -0.67725932598114014
vn -0.10211329162120819 -0.81410753726959229 -0.57166576385498047
vn -0.13177397847175598 -0.85249561071395874 -0.50585263967514038
vn -0.14973029494285583 -0.8870084285736084 -0.43680304288864136
vn -0.17608934640884399 -0.95038837194442749 -0.25642645359039307
vn -0.18644523620605469 -0.97164326906204224 -0.14542195200920105
vn -0.19440118968486786 -0.98010027408599854 -0.040145553648471832
vn -0.18283122777938843 -0.98152363300323486 0.056427482515573502
vn -0.19059948623180389 -0.96948641538619995 0.15416844189167023
vn -0.15522542595863342 -0.93099784851074219 0.33037567138671875
vn -0.14740274846553802 -0.90684294700622559 0.39485222101211548
vn -0.10913912951946259 -0.87335383892059326 0.47470167279243469
vn -0.10316950082778931 -0.83268445730209351 0.54405206441879272
vn -0.071856491267681122 -0.81467044353485107 0.5754551887512207
vn -0.049544382840394974 -0.78883928060531616 0.61259931325912476
vn -0.024787114933133125 -0.74493515491485596 0.66667628288269043
vn -0.0053322557359933853 -0.72432303428649902 0.68944019079208374
vn 0.0031117182224988937 -0.71138840913772583 0.70279216766357422
vn 0.038624081760644913 -0.68774902820587158 0.72492033243179321
vn 0.047110114246606827 -0.67206281423568726 0.7389940619468689
vn 0.065672688186168671 -0.66241896152496338 0.74624943733215332
vn 0.078545920550823212 -0.65684789419174194 0.74992096424102783
vn 0.082623764872550964 -0.65535193681716919 0.75079101324081421
vn 0.076586358249187469 -0.65556478500366211 0.75124520063400269
vn 0.071251831948757172 -0.65604186058044434 0.75135362148284912
vn 0.067609384655952454 -0.65675359964370728 0.7510683536529541
vn 0.093777745962142944 -0.60451644659042358 -0.79105347394943237
vn 0.080284968018531799 -0.61301261186599731 -0.7859833836555481
vn 0.099106587469577789 -0.6073145866394043 -0.78825557231903076
vn 0.081169165670871735 -0.61498892307281494 -0.78434693813323975
vn 0.083319894969463348 -0.61614549160003662 -0.78321295976638794
vn 0.05895574763417244 -0.62985038757324219 -0.7744758129119873
vn 0.024250984191894531 -0.66894042491912842 -0.74292027950286865
vn -0.010120936669409275 -0.70370697975158691 -0.7104182243347168
vn -0.019609764218330383 -0.72362792491912842 -0.68991166353225708
vn -0.033746737986803055 -0.75754547119140625 -0.65190953016281128
vn -0.069317139685153961 -0.79137933254241943 -0.60738277435302734
vn -0.10099130868911743 -0.82676953077316284 -0.55340123176574707
vn -0.11526915431022644 -0.85685718059539795 -0.50250250101089478
vn -0.10898733884096146 -0.89774715900421143 -0.42681586742401123
vn -0.16934126615524292 -0.96109545230865479 -0.21821805834770203
vn -0.15842144191265106 -0.98493379354476929 0.069340139627456665
vn -0.16791816055774689 -0.97031402587890625 0.17405225336551666
vn -0.11778636276721954 -0.89888405799865723 0.42205905914306641
vn -0.073679305613040924 -0.85995203256607056 0.50502854585647583
vn -0.075581490993499756 -0.83565068244934082 0.54403620958328247
vn -0.017228936776518822 -0.76673948764801025 0.64172708988189697
vn 0.024230595678091049 -0.7108924388885498 0.70288324356079102
vn 0.027492191642522812 -0.70228886604309082 0.71136105060577393
vn 0.033987030386924744 -0.69429206848144531 0.71889036893844604
vn 0.090764418244361877 -0.65404391288757324 0.7509915828704834
vn 0.096438534557819366 -0.65256476402282715 0.7515709400177002
vn 0.093021251261234283 -0.65261143445968628 0.75196099281311035
vn 0.087787739932537079 -0.65266615152359009 0.75254249572753906
vn 0.083198696374893188 -0.65330696105957031 0.75250780582427979
vn 0.11025815457105637 -0.60115581750869751 -0.79148894548416138
vn 0.10408405959606171 -0.60347402095794678 -0.79056030511856079
vn 0.1021215096116066 -0.60622817277908325 -0.78870689868927002
vn 0.10169596970081329 -0.60898959636688232 -0.78663182258605957
vn 0.10654047131538391 -0.60792267322540283 -0.7868158221244812
vn 0.084860056638717651 -0.6172143816947937 -0.78220534324645996
vn 0.095054604113101959 -0.61608189344406128 -0.78192561864852905
vn 0.062660485506057739 -0.63922107219696045 -0.76646596193313599
vn 0.021128583699464798 -0.68092292547225952 -0.73205024003982544
vn 0.00058465317124500871 -0.72851938009262085 -0.6850249171257019
vn -0.040963452309370041 -0.7769133448600769 -0.628273606300354
vn -0.038157504051923752 -0.80529308319091797 -0.59164774417877197
vn -0.090847313404083252 -0.85265588760375977 -0.51451402902603149
vn -0.13265363872051239 -0.94168537855148315 -0.30924376845359802
vn -0.14187394082546234 -0.97325843572616577 -0.18066482245922089
vn -0.1717437356710434 -0.98228001594543457 -0.075033456087112427
vn -0.11798202991485596 -0.98687303066253662 0.11028087139129639
vn -0.13549058139324188 -0.96907001733779907 0.20626585185527802
vn -0.083275102078914642 -0.90261363983154297 0.42231959104537964
vn -0.055577103048563004 -0.86410999298095703 0.50022506713867188
vn -0.04000898078083992 -0.80098152160644531 0.59735077619552612
vn -0.0086450818926095963 -0.77356940507888794 0.63365262746810913
vn 0.0043032318353652954 -0.74476891756057739 0.66730862855911255
vn 0.024401279166340828 -0.72474849224090576 0.68858128786087036
vn 0.058433014899492264 -0.68539422750473022 0.72582387924194336
vn 0.085630498826503754 -0.66198873519897461 0.7446061372756958
vn 0.085258431732654572 -0.65639716386795044 0.74958240985870361
vn 0.10868296772241592 -0.6501539945602417 0.75198918581008911
vn 0.10438723117113113 -0.65018695592880249 0.75256907939910889
vn 0.098921366035938263 -0.65049540996551514 0.75304067134857178
vn 0.12707990407943726 -0.59896349906921387 -0.79062849283218384
vn 0.12159691005945206 -0.60049492120742798 -0.79032903909683228
vn 0.13266737759113312 -0.59848493337631226 -0.79007291793823242
vn 0.1116165891289711 -0.60720580816268921 -0.78666561841964722
vn 0.10290170460939407 -0.61523920297622681 -0.78159576654434204
vn 0.070288397371768951 -0.64213424921035767 -0.7633630633354187
vn 0.046150464564561844 -0.69284534454345703 -0.71960783004760742
vn 0.021116375923156738 -0.72086912393569946 -0.69274944067001343
vn -0.0042696790769696236 -0.75806951522827148 -0.65215981006622314
vn -0.096851348876953125 -0.92194616794586182 -0.37501347064971924
vn -0.11010018736124039 -0.98198652267456055 -0.15355916321277618
vn -0.089939363300800323 -0.96069097518920898 0.26264765858650208
vn -0.057965837419033051 -0.91638588905334473 0.39607688784599304
vn -0.027600038796663284 -0.82649433612823486 0.56226801872253418
vn 0.048218436539173126 -0.72654527425765991 0.68542462587356567
vn 0.12142553925514221 -0.65099048614501953 0.74931114912033081
vn 0.11991110444068909 -0.6486583948135376 0.75157409906387329
vn 0.12145835906267166 -0.64862126111984253 0.75135761499404907
vn 0.11472082883119583 -0.64877074956893921 0.75228691101074219
vn 0.14136126637458801 -0.59824109077453613 -0.78874874114990234
vn 0.13902135193347931 -0.59779679775238037 -0.7895011305809021
vn 0.13474167883396149 -0.59803617000579834 -0.79006165266036987
vn 0.13579416275024414 -0.59962844848632812 -0.78867340087890625
vn 0.12747013568878174 -0.60532534122467041 -0.78570514917373657
vn 0.13486218452453613 -0.60463577508926392 -0.78500175476074219
vn 0.11041224747896194 -0.61788296699523926 -0.77847915887832642
vn 0.10075673460960388 -0.63836795091629028 -0.76310837268829346
vn 0.088428720831871033 -0.66898125410079956 -0.73800027370452881
vn 0.063194714486598969 -0.69385671615600586 -0.71733486652374268
vn 0.038686215877532959 -0.73140716552734375 -0.6808428168296814
vn 0.0053219366818666458 -0.7852357029914856 -0.61917412281036377
vn -0.032518137246370316 -0.83432549238204956 -0.55031222105026245
vn -0.041460957378149033 -0.87683570384979248 -0.47899907827377319
vn -0.078427612781524658 -0.920859694480896 -0.38192480802536011
vn -0.082361534237861633 -0.95699995756149292 -0.27815040946006775
vn -0.080571644008159637 -0.98697763681411743 -0.13922430574893951
vn -0.089956648647785187 -0.98264443874359131 0.16222745180130005
vn -0.058846242725849152 -0.94347286224365234 0.32618418335914612
vn -0.021219674497842789 -0.86939013004302979 0.49367049336433411
vn 0.040206108242273331 -0.7606658935546875 0.64789730310440063
vn 0.087530739605426788 -0.69237452745437622 0.71620935201644897
vn 0.093386806547641754 -0.68215847015380859 0.7252163290977478
vn 0.12753109633922577 -0.65899056196212769 0.7412605881690979
vn 0.11289819329977036 -0.65944808721542358 0.74322420358657837
vn 0.13249896466732025 -0.64965313673019409 0.74859523773193359
vn 0.13441918790340424 -0.64556694030761719 0.75178104639053345
vn 0.13650116324424744 -0.64549875259399414 0.75146442651748657
vn 0.13902156054973602 -0.64440608024597168 0.75194001197814941
vn 0.13923917710781097 -0.64536434412002563 0.75107741355895996
vn 0.13801571726799011 -0.6455962061882019 0.75110399723052979
vn 0.13137632608413696 -0.64797192811965942 0.75024837255477905
vn 0.15328347682952881 -0.59754234552383423 -0.78704977035522461
vn 0.15307983756065369 -0.59480637311935425 -0.78915899991989136
vn 0.1545482873916626 -0.59453213214874268 -0.78907942771911621
vn 0.15195631980895996 -0.59447509050369263 -0.78962564468383789
vn 0.16092254221439362 -0.59386295080184937 -0.78830873966217041
vn 0.14163273572921753 -0.60463833808898926 -0.78380650281906128
vn 0.15024922788143158 -0.60538870096206665 -0.78161990642547607
vn 0.094978027045726776 -0.67051869630813599 -0.73578792810440063
vn 0.069946318864822388 -0.70388293266296387 -0.70686370134353638
vn 0.040642499923706055 -0.74440503120422363 -0.66649031639099121
vn -0.048526063561439514 -0.95153588056564331 -0.30368524789810181
vn -0.054511919617652893 -0.99775105714797974 -0.039003267884254456
vn -0.063666932284832001 -0.99233329296112061 0.10593005269765854
vn -0.040107056498527527 -0.9656599760055542 0.25669482350349426
vn 0.010168678127229214 -0.85406035184860229 0.52007454633712769
vn 0.024046294391155243 -0.79703629016876221 0.60345250368118286
vn 0.09810221940279007 -0.71442288160324097 0.69280290603637695
vn 0.10437001287937164 -0.69974064826965332 0.70673191547393799
vn 0.11339722573757172 -0.68262022733688354 0.72192150354385376
vn 0.13690963387489319 -0.66227030754089355 0.73665034770965576
vn 0.15598247945308685 -0.64213430881500244 0.75055515766143799
vn 0.15039487183094025 -0.64200794696807861 0.75180262327194214
vn 0.16925981640815735 -0.6382707953453064 0.75097370147705078
vn 0.1561143547296524 -0.64145660400390625 0.75110697746276855
vn 0.15237076580524445 -0.64463770389556885 0.74914973974227905
vn 0.15828163921833038 -0.64552211761474609 0.74716001749038696
vn 0.18335472047328949 -0.59676867723464966 -0.78118383884429932
vn 0.16693758964538574 -0.59534919261932373 -0.78593331575393677
vn 0.17047598958015442 -0.59270071983337402 -0.78717458248138428
vn 0.17012740671634674 -0.59126520156860352 -0.78832870721817017
vn 0.16937243938446045 -0.59330880641937256 -0.78695464134216309
vn 0.12764224410057068 -0.65102952718734741 -0.74824333190917969
vn 0.027461284771561623 -0.86423212289810181 -0.50234317779541016
vn 0.00068231957266107202 -0.92396211624145508 -0.38248342275619507
vn -0.0035259339492768049 -0.99722009897232056 -0.074428476393222809
vn 0.013481013476848602 -0.95052695274353027 0.31034943461418152
vn 0.047410409897565842 -0.89852815866470337 0.4363478422164917
vn 0.057813491672277451 -0.81085377931594849 0.58238625526428223
vn 0.10349219292402267 -0.74841856956481934 0.65510225296020508
vn 0.086870208382606506 -0.74297481775283813 0.6636580228805542
vn 0.13229717314243317 -0.69135284423828125 0.71030181646347046
vn 0.16296552121639252 -0.65015602111816406 0.74211817979812622
vn 0.17329628765583038 -0.64147287607192993 0.74731582403182983
vn 0.16232690215110779 -0.64237314462661743 0.7490038275718689
vn 0.19009317457675934 -0.63078254461288452 0.75231504440307617
vn 0.17045491933822632 -0.63732695579528809 0.75150483846664429
vn 0.1755564957857132 -0.63821452856063843 0.74957466125488281
vn 0.16704355180263519 -0.64411014318466187 0.74647074937820435
vn 0.16718626022338867 -0.64827638864517212 0.74282330274581909
vn 0.14914076030254364 -0.6479189395904541 0.74696588516235352
vn 0.202565997838974 -0.58999001979827881 -0.78158736228942871
vn 0.20262432098388672 -0.5860709547996521 -0.78451532125473022
vn 0.19785571098327637 -0.58044087886810303 -0.78989970684051514
vn 0.18646089732646942 -0.58431649208068848 -0.78981423377990723
vn 0.19584721326828003 -0.58279663324356079 -0.78866469860076904
vn 0.17614999413490295 -0.60194945335388184 -0.77886331081390381
vn 0.14377675950527191 -0.65696954727172852 -0.74008053541183472
vn 0.1249537393450737 -0.69065135717391968 -0.71231120824813843
vn 0.13432313501834869 -0.69328862428665161 -0.70803117752075195
vn 0.097660370171070099 -0.76893794536590576 -0.63182026147842407
vn 0.058953724801540375 -0.90345472097396851 -0.42461046576499939
vn 0.039350550621747971 -0.99649804830551147 0.073778226971626282
vn 0.067999556660652161 -0.97122436761856079 0.22825269401073456
vn 0.087455347180366516 -0.83758670091629028 0.53925883769989014
vn 0.13490071892738342 -0.73373359441757202 0.66591054201126099
vn 0.12378089874982834 -0.71980971097946167 0.68304634094238281
vn 0.16583611071109772 -0.67300230264663696 0.7208094596862793
vn 0.17769826948642731 -0.6472894549369812 0.74124199151992798
vn 0.19025282561779022 -0.63676625490188599 0.74721652269363403
vn 0.19085404276847839 -0.63227152824401855 0.75087112188339233
vn 0.20059381425380707 -0.62800902128219604 0.75190877914428711
vn 0.19043721258640289 -0.6323276162147522 0.75092971324920654
vn 0.19233080744743347 -0.63572216033935547 0.74757355451583862
vn 0.17574387788772583 -0.64522778987884521 0.74350196123123169
vn 0.19636674225330353 -0.59806197881698608 -0.77702122926712036
vn 0.20015290379524231 -0.59449863433837891 -0.77878761291503906
vn 0.21961073577404022 -0.58635377883911133 -0.77971816062927246
vn 0.21853603422641754 -0.5811498761177063 -0.78390485048294067
vn 0.21648305654525757 -0.58005541563034058 -0.78528392314910889
vn 0.21978932619094849 -0.57413899898529053 -0.78870594501495361
vn 0.21105173230171204 -0.5757630467414856 -0.78990763425827026
vn 0.20734313130378723 -0.58603441715240479 -0.78330868482589722
vn 0.19386956095695496 -0.59968668222427368 -0.77639579772949219
vn 0.19379468262195587 -0.61455976963043213 -0.76469600200653076
vn 0.17272226512432098 -0.7059592604637146 -0.68686866760253906
vn 0.13151037693023682 -0.75775003433227539 -0.63915562629699707
vn 0.11311139166355133 -0.87304574251174927 -0.47433847188949585
vn 0.059213671833276749 -0.99136322736740112 -0.11701554805040359
vn 0.083918236196041107 -0.99491524696350098 0.055690012872219086
vn 0.098630204796791077 -0.92172503471374512 0.37509343028068542
vn 0.13211645185947418 -0.81869083642959595 0.55882960557937622
vn 0.16580094397068024 -0.73841190338134766 0.65364968776702881
vn 0.17423410713672638 -0.70906519889831543 0.68327814340591431
vn 0.1971576064825058 -0.65554499626159668 0.72896480560302734
vn 0.21481263637542725 -0.63985812664031982 0.73785984516143799
vn 0.2080666720867157 -0.6333458423614502 0.74537324905395508
vn 0.21779309213161469 -0.62491953372955322 0.74969440698623657
vn 0.2079613208770752 -0.62728667259216309 0.75050884485244751
vn 0.23259302973747253 -0.61914741992950439 0.75003796815872192
vn 0.22153337299823761 -0.62210696935653687 0.75093662738800049
vn 0.20930060744285583 -0.62918013334274292 0.74854904413223267
vn 0.20915696024894714 -0.64234042167663574 0.7373276948928833
vn 0.19231641292572021 -0.64489024877548218 0.73968303203582764
vn 0.23642344772815704 -0.58737039566040039 -0.77401548624038696
vn 0.23682527244091034 -0.58081024885177612 -0.77882814407348633
vn 0.22516739368438721 -0.57701593637466431 -0.78508102893829346
vn 0.24164067208766937 -0.56805300712585449 -0.78671824932098389
vn 0.22684964537620544 -0.57126331329345703 -0.78879493474960327
vn 0.22491131722927094 -0.58429968357086182 -0.77974921464920044
vn 0.22413924336433411 -0.59950721263885498 -0.76834410429000854
vn 0.20366056263446808 -0.62342959642410278 -0.75488930940628052
vn 0.21150465309619904 -0.63571935892105103 -0.74237906932830811
vn 0.20238858461380005 -0.66606634855270386 -0.71790981292724609
vn 0.13540816307067871 -0.91119450330734253 -0.38908764719963074
vn 0.10578683763742447 -0.98156791925430298 -0.15916538238525391
vn 0.12461951375007629 -0.9879143238067627 0.092169985175132751
vn 0.14399711787700653 -0.90767878293991089 0.39418783783912659
vn 0.17129501700401306 -0.7630990743637085 0.62316757440567017
vn 0.2083631157875061 -0.7008247971534729 0.68222391605377197
vn 0.21810999512672424 -0.67396265268325806 0.70583456754684448
vn 0.22715373337268829 -0.64133894443511963 0.73286116123199463
vn 0.24784448742866516 -0.6244538426399231 0.74069595336914062
vn 0.23764592409133911 -0.6206703782081604 0.74718987941741943
vn 0.24495425820350647 -0.61506175994873047 0.74946409463882446
vn 0.24970151484012604 -0.61300241947174072 0.74958467483520508
vn 0.23864881694316864 -0.61803102493286133 0.74905568361282349
vn 0.22714994847774506 -0.62417906522750854 0.74753153324127197
vn 0.24462611973285675 -0.62210780382156372 0.74373382329940796
vn 0.22651125490665436 -0.63881158828735352 0.73526346683502197
vn 0.20561450719833374 -0.64755666255950928 0.73375272750854492
vn 0.22715066373348236 -0.59822309017181396 -0.76846063137054443
vn 0.23855426907539368 -0.59299355745315552 -0.7690582275390625
vn 0.25035935640335083 -0.5890195369720459 -0.76835942268371582
vn 0.25368115305900574 -0.58181935548782349 -0.77274322509765625
vn 0.27430877089500427 -0.5616181492805481 -0.78060215711593628
vn 0.26331308484077454 -0.56225550174713135 -0.78392279148101807
vn 0.27486446499824524 -0.55462855100631714 -0.78538954257965088
vn 0.25759366154670715 -0.56111830472946167 -0.7866331934928894
vn 0.26646551489830017 -0.55969589948654175 -0.78468888998031616
vn 0.25511959195137024 -0.57021605968475342 -0.78087615966796875
vn 0.23651401698589325 -0.60489118099212646 -0.76037341356277466
vn 0.23964506387710571 -0.63168519735336304 -0.73725438117980957
vn 0.22927196323871613 -0.66232556104660034 -0.71327358484268188
vn 0.21013706922531128 -0.74122822284698486 -0.63751322031021118
vn 0.19074006378650665 -0.8661765456199646 -0.46190518140792847
vn 0.15993274748325348 -0.98483604192733765 -0.067227549850940704
vn 0.21757036447525024 -0.96450728178024292 0.14962907135486603
vn 0.23161649703979492 -0.83414363861083984 0.50055783987045288
vn 0.25434425473213196 -0.74377191066741943 0.61815237998962402
vn 0.24761365354061127 -0.67190384864807129 0.6980205774307251
vn 0.2549474835395813 -0.65015113353729248 0.71575504541397095
vn 0.26189893484115601 -0.63549923896789551 0.72632616758346558
vn 0.2675480842590332 -0.60939598083496094 0.7463608980178833
vn 0.26919174194335938 -0.60754281282424927 0.7472800612449646
vn 0.2549852728843689 -0.61217212677001953 0.74848365783691406
vn 0.25984644889831543 -0.61304914951324463 0.74609017372131348
vn 0.26147386431694031 -0.61720401048660278 0.74208533763885498
vn 0.24501696228981018 -0.63185977935791016 0.73533660173416138
vn 0.23712438344955444 -0.65323328971862793 0.71906763315200806
vn 0.24477188289165497 -0.59904325008392334 -0.7623869776725769
vn 0.26772972941398621 -0.58682501316070557 -0.76417094469070435
vn 0.27461910247802734 -0.57778018712997437 -0.76860553026199341
vn 0.29044786095619202 -0.55807912349700928 -0.77729517221450806
vn 0.28557249903678894 -0.55691152811050415 -0.7799345850944519
vn 0.27494388818740845 -0.55790138244628906 -0.78304016590118408
vn 0.29371264576911926 -0.54860848188400269 -0.7827908992767334
vn 0.27376925945281982 -0.5567091703414917 -0.78429919481277466
vn 0.27203243970870972 -0.56867587566375732 -0.77627706527709961
vn 0.28981244564056396 -0.58658820390701294 -0.75625592470169067
vn 0.26491263508796692 -0.63999038934707642 -0.72127217054367065
vn 0.27904459834098816 -0.66204166412353516 -0.69558244943618774
vn 0.25663667917251587 -0.71575671434402466 -0.64948433637619019
vn 0.26231753826141357 -0.82558494806289673 -0.49959880113601685
vn 0.31188634037971497 -0.8863111138343811 -0.34231498837471008
vn 0.23601958155632019 -0.96563643217086792 -0.10881628096103668
vn 0.28203779458999634 -0.83602613210678101 0.47065377235412598
vn 0.269126296043396 -0.77793037891387939 0.56779873371124268
vn 0.2812221348285675 -0.64706653356552124 0.70867413282394409
vn 0.2859387993812561 -0.63008725643157959 0.72196197509765625
vn 0.31332340836524963 -0.61074537038803101 0.72719913721084595
vn 0.27873384952545166 -0.61273461580276489 0.73950231075286865
vn 0.28757447004318237 -0.60146307945251465 0.74534761905670166
vn 0.27939516305923462 -0.60909849405288696 0.74225151538848877
vn 0.26202374696731567 -0.62692558765411377 0.73369467258453369
vn 0.25992390513420105 -0.63829994201660156 0.72457766532897949
vn 0.26340460777282715 -0.59996628761291504 -0.75541937351226807
vn 0.27620530128479004 -0.59327304363250732 -0.75613337755203247
vn 0.29624906182289124 -0.57312572002410889 -0.76404410600662231
vn 0.30038416385650635 -0.56567567586898804 -0.76797157526016235
vn 0.3040483295917511 -0.55883467197418213 -0.7715299129486084
vn 0.30146828293800354 -0.55216068029403687 -0.77732580900192261
vn 0.31591427326202393 -0.54145902395248413 -0.77911508083343506
vn 0.31337174773216248 -0.54399830102920532 -0.77837264537811279
vn 0.31469270586967468 -0.54500895738601685 -0.77713173627853394
vn 0.30290284752845764 -0.55573868751525879 -0.77421212196350098
vn 0.32147848606109619 -0.55372703075408936 -0.7681393027305603
vn 0.31583476066589355 -0.64409548044204712 -0.69669896364212036
vn 0.39385545253753662 -0.8629906177520752 -0.31642544269561768
vn 0.34207332134246826 -0.93451559543609619 -0.098318062722682953
vn 0.31298032402992249 -0.77044731378555298 0.55538660287857056
vn 0.3484518826007843 -0.71054208278656006 0.61131930351257324
vn 0.31282854080200195 -0.64461839199066162 0.69757109880447388
vn 0.30810388922691345 -0.60374349355697632 0.73523175716400146
vn 0.32118481397628784 -0.59323126077651978 0.73818492889404297
vn 0.30874583125114441 -0.59608280658721924 0.74118912220001221
vn 0.31340080499649048 -0.59659737348556519 0.73881763219833374
vn 0.29748636484146118 -0.60634684562683105 0.73745870590209961
vn 0.27456352114677429 -0.64307433366775513 0.71489179134368896
vn 0.25191038846969604 -0.65797239542007446 0.70965731143951416
vn 0.30895444750785828 -0.59045660495758057 -0.74559247493743896
vn 0.3129245936870575 -0.57748371362686157 -0.75404959917068481
vn 0.31733864545822144 -0.56734514236450195 -0.75987875461578369
vn 0.32164731621742249 -0.55974286794662476 -0.76369553804397583
vn 0.32532301545143127 -0.55300009250640869 -0.7670435905456543
vn 0.32464191317558289 -0.54825472831726074 -0.77072978019714355
vn 0.33895939588546753 -0.53664106130599976 -0.77273726463317871
vn 0.34349477291107178 -0.53470087051391602 -0.7720792293548584
vn 0.33336547017097473 -0.54343163967132568 -0.77042162418365479
vn 0.34872919321060181 -0.54815387725830078 -0.7602074146270752
vn 0.34668266773223877 -0.56321632862091064 -0.75006568431854248
vn 0.34759613871574402 -0.58544939756393433 -0.73241102695465088
vn 0.35056808590888977 -0.61498188972473145 -0.70632803440093994
vn 0.37660714983940125 -0.67380166053771973 -0.63573449850082397
vn 0.41586583852767944 -0.78691583871841431 -0.45587176084518433
vn 0.356342613697052 -0.91091746091842651 0.20796459913253784
vn 0.36666348576545715 -0.67178559303283691 0.64363193511962891
vn 0.34743815660476685 -0.61981284618377686 0.70364671945571899
vn 0.34370476007461548 -0.60409599542617798 0.71898192167282104
vn 0.34980612993240356 -0.5834801197052002 0.73293018341064453
vn 0.34568822383880615 -0.58534067869186401 0.73340028524398804
vn 0.3338487446308136 -0.59409576654434204 0.73184370994567871
vn 0.31321698427200317 -0.6057201623916626 0.73143571615219116
vn 0.31138834357261658 -0.62411963939666748 0.71659749746322632
vn 0.28977516293525696 -0.64865964651107788 0.7037549614906311
vn 0.30192264914512634 -0.60112506151199341 -0.73992657661437988
vn 0.33023351430892944 -0.58439236879348755 -0.74123638868331909
vn 0.33497661352157593 -0.57127112150192261 -0.74929296970367432
vn 0.33959397673606873 -0.56148052215576172 -0.7545962929725647
vn 0.34366330504417419 -0.55342763662338257 -0.75869184732437134
vn 0.34578236937522888 -0.54621344804763794 -0.76294523477554321
vn 0.36197987198829651 -0.5323290228843689 -0.76524269580841064
vn 0.37072676420211792 -0.52640849351882935 -0.76515078544616699
vn 0.36287975311279297 -0.53164172172546387 -0.76529431343078613
vn 0.35349911451339722 -0.53946644067764282 -0.76420831680297852
vn 0.37973922491073608 -0.54533296823501587 -0.74726837873458862
vn 0.38279378414154053 -0.56208747625350952 -0.7331620454788208
vn 0.38379737734794617 -0.62332576513290405 -0.68129622936248779
vn 0.42735111713409424 -0.71291404962539673 -0.55598974227905273
vn 0.46420207619667053 -0.80020022392272949 0.37973147630691528
vn 0.44311809539794922 -0.73527806997299194 0.5128474235534668
vn 0.4100283682346344 -0.66276133060455322 0.62659728527069092
vn 0.39187237620353699 -0.63469290733337402 0.66603374481201172
vn 0.37058249115943909 -0.58843564987182617 0.71861815452575684
vn 0.40364274382591248 -0.57680261135101318 0.71019101142883301
vn 0.37204462289810181 -0.57804900407791138 0.72625213861465454
vn 0.36078405380249023 -0.58017343282699585 0.73022854328155518
vn 0.36907920241355896 -0.58050966262817383 0.72580236196517944
vn 0.35258185863494873 -0.59325963258743286 0.72369128465652466
vn 0.34796935319900513 -0.60086977481842041 0.71963381767272949
vn 0.34569293260574341 -0.60874330997467041 0.71409237384796143
vn 0.32850232720375061 -0.61689281463623047 0.71521288156509399
vn 0.32736742496490479 -0.62440872192382812 0.70918565988540649
vn 0.31474399566650391 -0.63326811790466309 0.70704156160354614
vn 0.30901443958282471 -0.64307761192321777 0.70068627595901489
vn 0.30393803119659424 -0.65306419134140015 0.6936345100402832
vn 0.27016368508338928 -0.65651845932006836 0.7042691707611084
vn 0.32409340143203735 -0.59976041316986084 -0.73160845041275024
vn 0.35319173336029053 -0.57672387361526489 -0.73664450645446777
vn 0.35760840773582458 -0.56436485052108765 -0.74404871463775635
vn 0.3609391450881958 -0.55526077747344971 -0.7492719292640686
vn 0.36880451440811157 -0.53683263063430786 -0.75881087779998779
vn 0.38605839014053345 -0.52863419055938721 -0.75597935914993286
vn 0.39892399311065674 -0.52253752946853638 -0.75353443622589111
vn 0.39428189396858215 -0.52191156148910522 -0.75640600919723511
vn 0.41177546977996826 -0.52981829643249512 -0.74144017696380615
vn 0.41304183006286621 -0.55837708711624146 -0.71945220232009888
vn 0.4395008385181427 -0.57055795192718506 -0.69375979900360107
vn 0.46668097376823425 -0.61920630931854248 -0.63150012493133545
vn 0.49149972200393677 -0.67878109216690063 -0.54560452699661255
vn 0.54707390069961548 -0.80541896820068359 -0.22805784642696381
vn 0.56415420770645142 -0.82546591758728027 0.018331393599510193
vn 0.58496993780136108 -0.78389102220535278 0.20814664661884308
vn 0.51340067386627197 -0.7582511305809021 0.40183952450752258
vn 0.43456512689590454 -0.58209550380706787 0.68725395202636719
vn 0.42547500133514404 -0.57578492164611816 0.69817095994949341
vn 0.41585227847099304 -0.56876009702682495 0.70963287353515625
vn 0.39709845185279846 -0.57051008939743042 0.7189096212387085
vn 0.38479512929916382 -0.57478564977645874 0.72218704223632812
vn 0.38985124230384827 -0.57616239786148071 0.71836817264556885
vn 0.38218101859092712 -0.58031755685806274 0.71914476156234741
vn 0.37546351552009583 -0.58705425262451172 0.717212975025177
vn 0.36932429671287537 -0.59496003389358521 0.71387821435928345
vn 0.36262360215187073 -0.61060446500778198 0.70403569936752319
vn 0.34436121582984924 -0.61923205852508545 0.70566779375076294
vn 0.3376886248588562 -0.62901967763900757 0.700214684009552
vn 0.32959017157554626 -0.64014214277267456 0.69396567344665527
vn 0.32140073180198669 -0.65087264776229858 0.68779820203781128
vn 0.37050324678421021 -0.58394855260848999 -0.72230976819992065
vn 0.37667059898376465 -0.5683932900428772 -0.73146998882293701
vn 0.37986081838607788 -0.55714541673660278 -0.73844075202941895
vn 0.37966051697731018 -0.54852879047393799 -0.74496579170227051
vn 0.39754661917686462 -0.53073388338088989 -0.74851733446121216
vn 0.41164395213127136 -0.52347820997238159 -0.74600255489349365
vn 0.42544218897819519 -0.51589065790176392 -0.74354273080825806
vn 0.42014002799987793 -0.5132453441619873 -0.74837261438369751
vn 0.42880108952522278 -0.51381224393844604 -0.74305224418640137
vn 0.44486379623413086 -0.51742726564407349 -0.73100292682647705
vn 0.51858073472976685 -0.62321275472640991 -0.58538860082626343
vn 0.56512159109115601 -0.67726093530654907 -0.47112128138542175
vn 0.60271066427230835 -0.74334418773651123 -0.29013660550117493
vn 0.68146044015884399 -0.72591102123260498 -0.093085266649723053
vn 0.58086895942687988 -0.71580767631530762 0.38757017254829407
vn 0.49229696393013 -0.6180112361907959 0.61294847726821899
vn 0.44607621431350708 -0.5616270899772644 0.69684362411499023
vn 0.4246959388256073 -0.56423217058181763 0.7080080509185791
vn 0.40863502025604248 -0.5705491304397583 0.71238410472869873
vn 0.40713921189308167 -0.57342100143432617 0.71093320846557617
vn 0.40060219168663025 -0.57977509498596191 0.70949184894561768
vn 0.39300996065139771 -0.58877646923065186 0.70631825923919678
vn 0.38347592949867249 -0.59988445043563843 0.70219999551773071
vn 0.37889564037322998 -0.61402344703674316 0.69239675998687744
vn 0.3581463098526001 -0.6230657696723938 0.69535619020462036
vn 0.35053008794784546 -0.63557922840118408 0.68787187337875366
vn 0.34104856848716736 -0.64833498001098633 0.68069642782211304
vn 0.3284069299697876 -0.6630702018737793 0.67267143726348877
vn 0.3949953019618988 -0.57530438899993896 -0.71624267101287842
vn 0.40047436952590942 -0.55853688716888428 -0.72639989852905273
vn 0.40315321087837219 -0.54573744535446167 -0.73460066318511963
vn 0.41436281800270081 -0.53321605920791626 -0.73755276203155518
vn 0.42074441909790039 -0.52568864822387695 -0.73934131860733032
vn 0.46276941895484924 -0.5081748366355896 -0.72636270523071289
vn 0.48347696661949158 -0.51243042945861816 -0.70969367027282715
vn 0.51635736227035522 -0.51827383041381836 -0.68173849582672119
vn 0.71547406911849976 -0.68857359886169434 0.1181662380695343
vn 0.6461799144744873 -0.68025410175323486 0.34598538279533386
vn 0.55271607637405396 -0.63013118505477905 0.54538023471832275
vn 0.53553599119186401 -0.59740614891052246 0.59691464900970459
vn 0.51328563690185547 -0.57641357183456421 0.63583427667617798
vn 0.49526870250701904 -0.5666126012802124 0.65852797031402588
vn 0.47529610991477966 -0.55971568822860718 0.67883127927780151
vn 0.47095438838005066 -0.55664706230163574 0.68435811996459961
vn 0.43146941065788269 -0.56234198808670044 0.70541167259216309
vn 0.43268921971321106 -0.56646984815597534 0.70135009288787842
vn 0.42648303508758545 -0.57205665111541748 0.70061641931533813
vn 0.41791251301765442 -0.58122801780700684 0.69822859764099121
vn 0.40918400883674622 -0.59168809652328491 0.69460326433181763
vn 0.40119227766990662 -0.60496324300765991 0.68779665231704712
vn 0.39330336451530457 -0.62020277976989746 0.67872005701065063
vn 0.38336741924285889 -0.6363530158996582 0.6693909764289856
vn 0.36206626892089844 -0.64376288652420044 0.67414939403533936
vn 0.36200162768363953 -0.59988230466842651 -0.71350967884063721
vn 0.42536255717277527 -0.54837495088577271 -0.7199663519859314
vn 0.43228179216384888 -0.53587067127227783 -0.72524142265319824
vn 0.43928015232086182 -0.52495205402374268 -0.72901183366775513
vn 0.45396292209625244 -0.51006174087524414 -0.73058515787124634
vn 0.46737962961196899 -0.50410854816436768 -0.72624439001083374
vn 0.48057073354721069 -0.5012582540512085 -0.7195776104927063
vn 0.52240651845932007 -0.50774192810058594 -0.68504709005355835
vn 0.57191222906112671 -0.51950973272323608 -0.63484328985214233
vn 0.59428590536117554 -0.54307842254638672 -0.59320324659347534
vn 0.63643538951873779 -0.58005762100219727 -0.50841242074966431
vn 0.73176425695419312 -0.66715341806411743 -0.13938218355178833
vn 0.75119304656982422 -0.65737813711166382 0.059690210968255997
vn 0.69876629114151001 -0.65282154083251953 0.29248884320259094
vn 0.5990937352180481 -0.60784101486206055 0.52116793394088745
vn 0.57260453701019287 -0.58037084341049194 0.57904553413391113
vn 0.54318946599960327 -0.56452268362045288 0.62149769067764282
vn 0.51986747980117798 -0.55625218152999878 0.64832192659378052
vn 0.50250226259231567 -0.55247700214385986 0.66502678394317627
vn 0.48514360189437866 -0.55219912528991699 0.67802047729492188
vn 0.46296143531799316 -0.55716681480407715 0.68937057256698608
vn 0.4538586437702179 -0.5643610954284668 0.6895715594291687
vn 0.44425100088119507 -0.57285809516906738 0.68882119655609131
vn 0.43442702293395996 -0.5836336612701416 0.6860356330871582
vn 0.42537486553192139 -0.5957830548286438 0.68124794960021973
vn 0.4169808030128479 -0.61099094152450562 0.67291682958602905
vn 0.37307068705558777 -0.64972692728042603 0.66232407093048096
vn 0.35239541530609131 -0.66058051586151123 0.66291087865829468
vn 0.41008749604225159 -0.59713971614837646 -0.68938553333282471
vn 0.43713381886482239 -0.57140779495239258 -0.69455534219741821
vn 0.44560888409614563 -0.55166834592819214 -0.70504945516586304
vn 0.45281395316123962 -0.53760623931884766 -0.71129393577575684
vn 0.46048885583877563 -0.52554863691329956 -0.71536606550216675
vn 0.46756646037101746 -0.51404017210006714 -0.71912747621536255
vn 0.48542141914367676 -0.50362378358840942 -0.7146531343460083
vn 0.50092095136642456 -0.49944430589675903 -0.7068476676940918
vn 0.51078259944915771 -0.49642232060432434 -0.70190173387527466
vn 0.55503857135772705 -0.50293153524398804 -0.66256475448608398
vn 0.56065696477890015 -0.51255631446838379 -0.65034592151641846
vn 0.63574528694152832 -0.52761644124984741 -0.56342595815658569
vn 0.65454596281051636 -0.56106632947921753 -0.50672882795333862
vn 0.71108704805374146 -0.59808868169784546 -0.36965540051460266
vn 0.76951628923416138 -0.63862514495849609 0.0016083539230749011
vn 0.71795505285263062 -0.59422934055328369 0.36253565549850464
vn 0.63988679647445679 -0.58806580305099487 0.49469536542892456
vn 0.60473442077636719 -0.56662845611572266 0.55966824293136597
vn 0.57161158323287964 -0.55433362722396851 0.604958176612854
vn 0.5449182391166687 -0.54861128330230713 0.63410550355911255
vn 0.52264153957366943 -0.54743820428848267 0.65357261896133423
vn 0.50153213739395142 -0.54994243383407593 0.66785389184951782
vn 0.48526567220687866 -0.55680418014526367 0.67415601015090942
vn 0.4730396568775177 -0.5646248459815979 0.67633736133575439
vn 0.46164432168006897 -0.57505959272384644 0.67541909217834473
vn 0.45143967866897583 -0.58648324012756348 0.67248767614364624
vn 0.44193145632743835 -0.60048156976699829 0.66642218828201294
vn 0.43292248249053955 -0.6164887547492981 0.65766233205795288
vn 0.39156776666641235 -0.64687734842300415 0.65438854694366455
vn 0.46179467439651489 -0.56000977754592896 -0.68784791231155396
vn 0.472821444272995 -0.54067468643188477 -0.69578069448471069
vn 0.48154368996620178 -0.52716356515884399 -0.70015299320220947
vn 0.49071770906448364 -0.51602268218994141 -0.70208024978637695
vn 0.50390702486038208 -0.50482070446014404 -0.70088070631027222
vn 0.52160811424255371 -0.49756902456283569 -0.69307291507720947
vn 0.54074680805206299 -0.4940645694732666 -0.68080329895019531
vn 0.57281708717346191 -0.49566715955734253 -0.65283584594726562
vn 0.59674900770187378 -0.50674170255661011 -0.6221764087677002
vn 0.68142777681350708 -0.5203787088394165 -0.51464766263961792
vn 0.70094317197799683 -0.54873514175415039 -0.45559677481651306
vn 0.7681388258934021 -0.57320278882980347 -0.28530922532081604
vn 0.78064495325088501 -0.60463869571685791 0.15813137590885162
vn 0.7805936336517334 -0.57534068822860718 0.24424721300601959
vn 0.6720471978187561 -0.57120192050933838 0.47125458717346191
vn 0.6329379677772522 -0.55563855171203613 0.53912460803985596
vn 0.59797841310501099 -0.5464436411857605 0.58636265993118286
vn 0.56824904680252075 -0.54326748847961426 0.61802387237548828
vn 0.54280233383178711 -0.54437190294265747 0.63955050706863403
vn 0.52186167240142822 -0.54922431707382202 0.65269678831100464
vn 0.50551033020019531 -0.55678892135620117 0.65912473201751709
vn 0.49169304966926575 -0.56636947393417358 0.66141027212142944
vn 0.47991731762886047 -0.57720637321472168 0.66069066524505615
vn 0.46869188547134399 -0.59080392122268677 0.65671807527542114
vn 0.4574260413646698 -0.60714542865753174 0.64971983432769775
vn 0.44699811935424805 -0.62424492835998535 0.64071130752563477
vn 0.42644408345222473 -0.6307830810546875 0.64827322959899902
vn 0.46237912774085999 -0.58457303047180176 -0.66669327020645142
vn 0.48990213871002197 -0.54962748289108276 -0.67668718099594116
vn 0.50197410583496094 -0.53046262264251709 -0.68310421705245972
vn 0.51231843233108521 -0.51731032133102417 -0.68550699949264526
vn 0.52478629350662231 -0.50658833980560303 -0.68408161401748657
vn 0.54239106178283691 -0.49737575650215149 -0.67707407474517822
vn 0.56482535600662231 -0.49236556887626648 -0.66222989559173584
vn 0.59372490644454956 -0.49088737368583679 -0.63758945465087891
vn 0.62744778394699097 -0.49821886420249939 -0.59840387105941772
vn 0.65372192859649658 -0.51217484474182129 -0.55706787109375
vn 0.75521111488342285 -0.53468668460845947 -0.37916529178619385
vn 0.82162916660308838 -0.56673014163970947 0.061176102608442307
vn 0.74259722232818604 -0.56845575571060181 0.35412910580635071
vn 0.70006328821182251 -0.55742263793945312 0.44630858302116394
vn 0.659950852394104 -0.54606568813323975 0.51602047681808472
vn 0.6233210563659668 -0.53996312618255615 0.56560641527175903
vn 0.59133315086364746 -0.53951424360275269 0.59937423467636108
vn 0.56466329097747803 -0.54278820753097534 0.62172049283981323
vn 0.54358029365539551 -0.54870206117630005 0.63517439365386963
vn 0.52666163444519043 -0.55733972787857056 0.64187222719192505
vn 0.51183003187179565 -0.56796443462371826 0.64455133676528931
vn 0.49791216850280762 -0.58134347200393677 0.64352405071258545
vn 0.48468634486198425 -0.5980108380317688 0.63832765817642212
vn 0.47224271297454834 -0.61560708284378052 0.63088411092758179
vn 0.45889613032341003 -0.63443845510482788 0.62201464176177979
vn 0.44364750385284424 -0.65374404191970825 0.61302173137664795
vn 0.41895583271980286 -0.65844929218292236 0.62523633241653442
vn 0.4772474467754364 -0.56824272871017456 -0.67032456398010254
vn 0.52314060926437378 -0.53891974687576294 -0.66021925210952759
vn 0.53445279598236084 -0.51965421438217163 -0.66657310724258423
vn 0.54737067222595215 -0.5074346661567688 -0.6655038595199585
vn 0.5646899938583374 -0.49790742993354797 -0.65818947553634644
vn 0.58782905340194702 -0.49088746309280396 -0.64302915334701538
vn 0.61721038818359375 -0.48792588710784912 -0.61723554134368896
vn 0.65346807241439819 -0.49086248874664307 -0.57622349262237549
vn 0.69685184955596924 -0.50248551368713379 -0.51176732778549194
vn 0.75441116094589233 -0.51574218273162842 -0.40604659914970398
vn 0.82701647281646729 -0.54256153106689453 -0.14720979332923889
vn 0.82923948764801025 -0.55870234966278076 0.014612769708037376
vn 0.76740741729736328 -0.55678707361221313 0.31792142987251282
vn 0.72872692346572876 -0.54481613636016846 0.41488847136497498
vn 0.68715399503707886 -0.53682518005371094 0.48952844738960266
vn 0.64842420816421509 -0.53467351198196411 0.54191356897354126
vn 0.61561429500579834 -0.5364304780960083 0.57728791236877441
vn 0.58884406089782715 -0.54048812389373779 0.60094535350799561
vn 0.56729358434677124 -0.54774600267410278 0.61494088172912598
vn 0.5488092303276062 -0.55857151746749878 0.62193751335144043
vn 0.53132939338684082 -0.57195919752120972 0.62494140863418579
vn 0.51534217596054077 -0.58813345432281494 0.62331491708755493
vn 0.5008995532989502 -0.60617291927337646 0.61778151988983154
vn 0.55869793891906738 -0.52232205867767334 -0.64423304796218872
vn 0.57185441255569458 -0.50778657197952271 -0.64430993795394897
vn 0.58918845653533936 -0.49758017063140869 -0.63660895824432373
vn 0.6117522120475769 -0.48981073498725891 -0.62116396427154541
vn 0.641437828540802 -0.4852825403213501 -0.59418714046478271
vn 0.67877012491226196 -0.48464241623878479 -0.55171811580657959
vn 0.72238665819168091 -0.48988571763038635 -0.48802617192268372
vn 0.81006491184234619 -0.51878899335861206 -0.27322661876678467
vn 0.84120732545852661 -0.54070919752120972 -0.0019620927050709724
vn 0.79528790712356567 -0.54032886028289795 0.27488511800765991
vn 0.71272540092468262 -0.52851355075836182 0.46118968725204468
vn 0.67453569173812866 -0.52897936105728149 0.51495867967605591
vn 0.64218795299530029 -0.53189605474472046 0.55197936296463013
vn 0.61509686708450317 -0.53796142339706421 0.57641422748565674
vn 0.59192442893981934 -0.54824131727218628 0.59081041812896729
vn 0.57078450918197632 -0.56197172403335571 0.5986592173576355
vn 0.55096656084060669 -0.57762551307678223 0.60231608152389526
vn 0.53333026170730591 -0.5956653356552124 0.60061770677566528
vn 0.47049233317375183 -0.64688014984130859 0.60015249252319336
vn 0.51883995532989502 -0.57027250528335571 -0.63686293363571167
vn 0.53586000204086304 -0.55154722929000854 -0.63925713300704956
vn 0.55218195915222168 -0.53715217113494873 -0.6376226544380188
vn 0.59701353311538696 -0.51013666391372681 -0.6191408634185791
vn 0.61492681503295898 -0.4971485435962677 -0.61213421821594238
vn 0.63716518878936768 -0.48782789707183838 -0.59669464826583862
vn 0.66585081815719604 -0.48252004384994507 -0.56904929876327515
vn 0.70239323377609253 -0.48036453127861023 -0.52525579929351807
vn 0.74469757080078125 -0.48205083608627319 -0.46157610416412354
vn 0.78849107027053833 -0.48940995335578918 -0.37250468134880066
vn 0.82645082473754883 -0.50430452823638916 -0.25031179189682007
vn 0.84499400854110718 -0.52297508716583252 -0.11172360926866531
vn 0.84554076194763184 -0.52716821432113647 0.0845843106508255
vn 0.81964099407196045 -0.51781636476516724 0.24506092071533203
vn 0.77767843008041382 -0.51984590291976929 0.35352006554603577
vn 0.73779046535491943 -0.52002900838851929 0.43038937449455261
vn 0.70185506343841553 -0.52193421125411987 0.48475158214569092
vn 0.6695895791053772 -0.52756726741790771 0.52280259132385254
vn 0.64199507236480713 -0.53683352470397949 0.54740488529205322
vn 0.61701428890228271 -0.55084729194641113 0.56201481819152832
vn 0.5920403003692627 -0.56688958406448364 0.57282155752182007
vn 0.57019966840744019 -0.58458125591278076 0.57718026638031006
vn 0.55072855949401855 -0.60484808683395386 0.57520157098770142
vn 0.51703369617462158 -0.61575067043304443 0.59458160400390625
vn 0.5517350435256958 -0.56171762943267822 -0.61649143695831299
vn 0.62012690305709839 -0.51536154747009277 -0.59147703647613525
vn 0.63856995105743408 -0.49996441602706909 -0.5850333571434021
vn 0.66083258390426636 -0.48795735836029053 -0.57026124000549316
vn 0.68849325180053711 -0.48034605383872986 -0.54336422681808472
vn 0.72320556640625 -0.47719109058380127 -0.49926185607910156
vn 0.76360058784484863 -0.47641009092330933 -0.43582972884178162
vn 0.80508160591125488 -0.47992882132530212 -0.34858566522598267
vn 0.84104412794113159 -0.48959386348724365 -0.23009257018566132
vn 0.85901725292205811 -0.50307047367095947 0.094918370246887207
vn 0.82568448781967163 -0.5100330114364624 0.24106317758560181
vn 0.7983277440071106 -0.5096856951713562 0.3207697868347168
vn 0.76384937763214111 -0.51004707813262939 0.39545691013336182
vn 0.72809982299804688 -0.51595532894134521 0.45128786563873291
vn 0.6959802508354187 -0.52590674161911011 0.48891058564186096
vn 0.67151004076004028 -0.5394141674041748 0.50804197788238525
vn 0.63659220933914185 -0.55698084831237793 0.53340673446655273
vn 0.61061388254165649 -0.57390052080154419 0.54570037126541138
vn 0.56618857383728027 -0.61650598049163818 0.54712963104248047
vn 0.50028598308563232 -0.63799005746841431 0.58539098501205444
vn 0.58492511510848999 -0.55262023210525513 -0.59369480609893799
vn 0.60218000411987305 -0.53443866968154907 -0.59308898448944092
vn 0.65973275899887085 -0.50541162490844727 -0.55615806579589844
vn 0.68159866333007812 -0.49129021167755127 -0.54227042198181152
vn 0.70756202936172485 -0.48115813732147217 -0.51753532886505127
vn 0.73978173732757568 -0.4766680896282196 -0.47487950325012207
vn 0.77802294492721558 -0.4732324481010437 -0.41319656372070312
vn 0.81683582067489624 -0.47352257370948792 -0.32947775721549988
vn 0.85086047649383545 -0.47795334458351135 -0.21816760301589966
vn 0.86907893419265747 -0.48849445581436157 -0.07794208824634552
vn 0.87181901931762695 -0.48740991950035095 0.04861275851726532
vn 0.84368866682052612 -0.50035309791564941 0.19451530277729034
vn 0.81841325759887695 -0.49917426705360413 0.28464856743812561
vn 0.78338772058486938 -0.50625836849212646 0.36056366562843323
vn 0.74637585878372192 -0.51684862375259399 0.41927394270896912
vn 0.71661734580993652 -0.52724730968475342 0.45658504962921143
vn 0.65349113941192627 -0.5639340877532959 0.50490361452102661
vn 0.62671679258346558 -0.58308506011962891 0.51695054769515991
vn 0.60297000408172607 -0.60461044311523438 0.520455002784729
vn 0.5322539210319519 -0.62763857841491699 0.56813347339630127
vn 0.62116581201553345 -0.54276841878890991 -0.5652923583984375
vn 0.67938172817230225 -0.51295506954193115 -0.52470707893371582
vn 0.70039993524551392 -0.49651280045509338 -0.51275235414505005
vn 0.75452256202697754 -0.47771179676055908 -0.44998574256896973
vn 0.78818005323410034 -0.4735979437828064 -0.393035888671875
vn 0.82422125339508057 -0.46857413649559021 -0.3179585337638855
vn 0.85547828674316406 -0.47148382663726807 -0.21414919197559357
vn 0.87449467182159424 -0.47644951939582825 -0.090856373310089111
vn 0.87738162279129028 -0.47931250929832458 0.021471314132213593
vn 0.82944685220718384 -0.49816688895225525 0.25268104672431946
vn 0.79284065961837769 -0.51018834114074707 0.33333390951156616
vn 0.75611746311187744 -0.52199345827102661 0.39472672343254089
vn 0.71789801120758057 -0.53547954559326172 0.44484168291091919
vn 0.68359982967376709 -0.54745191335678101 0.48268795013427734
vn 0.66018283367156982 -0.5324968695640564 -0.52972227334976196
vn 0.71574997901916504 -0.50499069690704346 -0.48237571120262146
vn 0.74003314971923828 -0.49006229639053345 -0.46064069867134094
vn 0.76839739084243774 -0.47984874248504639 -0.42345079779624939
vn 0.7979852557182312 -0.47579988837242126 -0.36991080641746521
vn 0.82273781299591064 -0.47135379910469055 -0.31769174337387085
vn 0.85390359163284302 -0.47077175974845886 -0.22186169028282166
vn 0.87746286392211914 -0.47960028052330017 -0.0065180212259292603
vn 0.86292654275894165 -0.48956596851348877 0.12523162364959717
vn 0.83265471458435059 -0.50135892629623413 0.23521348834037781
vn 0.79995048046112061 -0.51135498285293579 0.31399893760681152
vn 0.76517760753631592 -0.52348107099533081 0.37479433417320251
vn 0.73024976253509521 -0.53796613216400146 0.42110306024551392
vn 0.69732183218002319 -0.55505585670471191 0.45349228382110596
vn 0.6680300235748291 -0.57304048538208008 0.47472149133682251
vn 0.69757145643234253 -0.52127307653427124 -0.49159786105155945
vn 0.73945069313049316 -0.50808054208755493 -0.44166374206542969
vn 0.77925139665603638 -0.48508962988853455 -0.39680641889572144
vn 0.80827987194061279 -0.47693893313407898 -0.34527221322059631
vn 0.8322482705116272 -0.47373610734939575 -0.28798776865005493
vn 0.8736882209777832 -0.47331789135932922 -0.11242351680994034
vn 0.8804556131362915 -0.473533034324646 -0.023756695911288261
vn 0.87444603443145752 -0.48152390122413635 0.058981847018003464
vn 0.8616631031036377 -0.48671862483024597 0.14367231726646423
vn 0.83773672580718994 -0.49704191088676453 0.22615598142147064
vn 0.80740320682525635 -0.5106128454208374 0.29559189081192017
vn 0.74321955442428589 -0.54363024234771729 0.38998827338218689
vn 0.67580580711364746 -0.58278095722198486 0.45127913355827332
vn 0.78573644161224365 -0.49105018377304077 -0.37614879012107849
vn 0.84064579010009766 -0.47320505976676941 -0.26342281699180603
vn 0.86047017574310303 -0.47056272625923157 -0.19535043835639954
vn 0.87659138441085815 -0.47744077444076538 0.060314398258924484
vn 0.86259245872497559 -0.48618999123573303 0.13983413577079773
vn 0.8405451774597168 -0.49834701418876648 0.21244767308235168
vn 0.81363612413406372 -0.51420950889587402 0.27126520872116089
vn 0.77455276250839233 -0.52710157632827759 0.34961685538291931
vn 0.71158367395401001 -0.56477451324462891 0.4179455041885376
vn 0.8247215747833252 -0.48046070337295532 -0.29831492900848389
vn 0.84610557556152344 -0.47392421960830688 -0.24392856657505035
vn 0.86417198181152344 -0.47069260478019714 -0.17791913449764252
vn 0.87754690647125244 -0.47014743089675903 -0.094195552170276642
vn 0.86054950952529907 -0.49063733220100403 0.13685594499111176
vn 0.82420074939727783 -0.51527464389801025 0.23491516709327698
vn 0.79353660345077515 -0.53289175033569336 0.29381290078163147
vn 0.75874924659729004 -0.54681473970413208 0.3539678156375885
vn 0.85010337829589844 -0.47313210368156433 -0.23123633861541748
vn 0.87927907705307007 -0.46998476982116699 -0.077347427606582642
vn 0.8546869158744812 -0.49689847230911255 0.15034015476703644
vn -0.39072719216346741 -0.92037379741668701 -0.01563180610537529
vn -0.39091029763221741 -0.9190027117729187 -0.051216918975114822
vn -0.38701564073562622 -0.91802698373794556 -0.086286626756191254
vn -0.38050940632820129 -0.91673833131790161 -0.12166935205459595
vn -0.3734409511089325 -0.91500431299209595 -0.15267287194728851
vn -0.36468604207038879 -0.91309350728988647 -0.18238504230976105
vn -0.3558298647403717 -0.91066306829452515 -0.20994719862937927
vn -0.34578680992126465 -0.90819305181503296 -0.23583228886127472
vn -0.33610439300537109 -0.9049113392829895 -0.26109260320663452
vn -0.32550790905952454 -0.9014134407043457 -0.28547924757003784
vn -0.31648960709571838 -0.89771997928619385 -0.30648511648178101
vn -0.30706647038459778 -0.89352166652679443 -0.3276112973690033
vn -0.28473064303398132 -0.88524603843688965 -0.36778789758682251
vn -0.27623981237411499 -0.87949848175048828 -0.38752290606498718
vn -0.26671084761619568 -0.87360811233520508 -0.40703096985816956
vn -0.25838246941566467 -0.86761516332626343 -0.42483219504356384
vn -0.23993852734565735 -0.85461074113845825 -0.46051061153411865
vn -0.23067633807659149 -0.84747874736785889 -0.47808805108070374
vn -0.21333590149879456 -0.83163642883300781 -0.51270723342895508
vn -0.20538192987442017 -0.82263803482055664 -0.53017443418502808
vn -0.19659194350242615 -0.81291282176971436 -0.54820102453231812
vn -0.18751657009124756 -0.80301761627197266 -0.56568562984466553
vn -0.17856970429420471 -0.7931973934173584 -0.5821947455406189
vn -0.15041059255599976 -0.76660692691802979 -0.62425190210342407
vn -0.10628898441791534 -0.72230035066604614 -0.68336290121078491
vn -0.093985013663768768 -0.71178710460662842 -0.69607895612716675
vn -0.083454914391040802 -0.70142817497253418 -0.70783740282058716
vn -0.070738472044467926 -0.69168663024902344 -0.71872502565383911
vn -0.059455644339323044 -0.68199014663696289 -0.72894066572189331
vn -0.035023074597120285 -0.66128933429718018 -0.7493128776550293
vn -0.02138173021376133 -0.6516910195350647 -0.75818312168121338
vn -0.0079161971807479858 -0.64315050840377808 -0.76569885015487671
vn 0.0059245824813842773 -0.63526332378387451 -0.77227288484573364
vn 0.019974419847130775 -0.62802070379257202 -0.77794021368026733
vn 0.034088149666786194 -0.62128686904907227 -0.78284138441085815
vn 0.049121417105197906 -0.6151922345161438 -0.78684532642364502
vn 0.064583592116832733 -0.61002564430236816 -0.78974533081054688
vn 0.080385945737361908 -0.60580426454544067 -0.79154235124588013
vn 0.096933968365192413 -0.60286605358123779 -0.79193204641342163
vn 0.11418604105710983 -0.59986424446105957 -0.79191190004348755
vn 0.13464172184467316 -0.59842497110366821 -0.78978425264358521
vn 0.15252862870693207 -0.59831541776657104 -0.78660893440246582
vn 0.18351024389266968 -0.59813952445983887 -0.78009814023971558
vn 0.20129163563251495 -0.59958833456039429 -0.77458089590072632
vn 0.21778514981269836 -0.60111767053604126 -0.76891297101974487
vn 0.23428003489971161 -0.60208249092102051 -0.76328861713409424
vn 0.25242090225219727 -0.6030617356300354 -0.75670349597930908
vn 0.31112274527549744 -0.60566228628158569 -0.7323768138885498
vn 0.33223077654838562 -0.60576516389846802 -0.72296011447906494
vn 0.35147607326507568 -0.60558050870895386 -0.71395856142044067
vn 0.40034672617912292 -0.60212284326553345 -0.69077533483505249
vn 0.421245276927948 -0.59902936220169067 -0.68096715211868286
vn 0.44918888807296753 -0.59407132863998413 -0.66731446981430054
vn 0.47589069604873657 -0.58886229991912842 -0.65327578783035278
vn 0.50512754917144775 -0.58123952150344849 -0.63797080516815186
vn 0.53674894571304321 -0.57175850868225098 -0.62047785520553589
vn 0.57066541910171509 -0.56237685680389404 -0.59839224815368652
vn 0.60523784160614014 -0.55111122131347656 -0.57442456483840942
vn 0.64379364252090454 -0.54053413867950439 -0.54162031412124634
vn 0.68154692649841309 -0.53190708160400391 -0.50256204605102539
vn 0.72318369150161743 -0.51455909013748169 -0.46068891882896423
vn 0.76877516508102417 -0.49738943576812744 -0.40198072791099548
vn 0.84112226963043213 -0.47355908155441284 -0.2612568736076355
vn 0.86280220746994019 -0.46667763590812683 -0.19438181817531586
vn 0.87751829624176025 -0.46400910615921021 -0.12106700241565704
vn 0.88425326347351074 -0.464520663022995 -0.048131890594959259
vn 0.8803783655166626 -0.47372230887413025 0.02282719686627388
vn 0.86842513084411621 -0.48590078949928284 0.09868265688419342
vn 0.8459773063659668 -0.50293385982513428 0.17714378237724304
vn 0.81607699394226074 -0.52058058977127075 0.25102618336677551
vn 0.78023594617843628 -0.54098790884017944 0.3139488697052002
vn 0.74038457870483398 -0.55973869562149048 0.37218713760375977
vn 0.70012104511260986 -0.57501083612442017 0.42331200838088989
vn 0.66317254304885864 -0.59132319688796997 0.45884531736373901
vn 0.58533430099487305 -0.61782002449035645 0.52505451440811157
vn 0.55020606517791748 -0.63022083044052124 0.54780924320220947
vn 0.51709121465682983 -0.64110946655273438 0.56709372997283936
vn 0.4859502911567688 -0.65027529001235962 0.58394724130630493
vn 0.45675879716873169 -0.65803098678588867 0.59863728284835815
vn 0.43073767423629761 -0.66348820924758911 0.6117585301399231
vn 0.38091704249382019 -0.66951841115951538 0.63768905401229858
vn 0.35957497358322144 -0.66950243711471558 0.64997869729995728
vn 0.33642888069152832 -0.66907238960266113 0.66268974542617798
vn 0.31601092219352722 -0.66879558563232422 0.67294096946716309
vn 0.29738414287567139 -0.66572475433349609 0.68437796831130981
vn 0.25800162553787231 -0.66036516427993774 0.70523262023925781
vn 0.24226780235767365 -0.65802264213562012 0.71296036243438721
vn 0.22500514984130859 -0.65565788745880127 0.72075337171554565
vn 0.20808508992195129 -0.653667151927948 0.72761243581771851
vn 0.19320060312747955 -0.65127307176589966 0.73383712768554688
vn 0.15783229470252991 -0.64751660823822021 0.74552744626998901
vn 0.12372028827667236 -0.64764595031738281 0.75182980298995972
vn 0.10792477428913116 -0.64926314353942871 0.75286763906478882
vn 0.093005813658237457 -0.65125560760498047 0.75313746929168701
vn 0.077893048524856567 -0.65365636348724365 0.75277221202850342
vn 0.062992304563522339 -0.65726441144943237 0.75102299451828003
vn 0.048980932682752609 -0.66124910116195679 0.74856561422348022
vn 0.03390776738524437 -0.66617798805236816 0.74502158164978027
vn 0.019926741719245911 -0.67221790552139282 0.74008512496948242
vn 0.0064257709309458733 -0.67840105295181274 0.73466366529464722
vn -0.0067811375483870506 -0.6849251389503479 0.72858184576034546
vn -0.019605686888098717 -0.69170618057250977 0.72191286087036133
vn -0.032695934176445007 -0.69894212484359741 0.71443045139312744
vn -0.057146307080984116 -0.71563899517059326 0.69612866640090942
vn -0.068402253091335297 -0.72365140914916992 0.68676763772964478
vn -0.080548636615276337 -0.7318575382232666 0.67668050527572632
vn -0.090822599828243256 -0.74063438177108765 0.66574162244796753
vn -0.10072140395641327 -0.74848735332489014 0.65545547008514404
vn -0.11240092664957047 -0.75740653276443481 0.6431962251663208
vn -0.13391706347465515 -0.77551209926605225 0.6169661283493042
vn -0.14431501924991608 -0.78538823127746582 0.60194557905197144
vn -0.1801719069480896 -0.81759661436080933 0.54687643051147461
vn -0.18714997172355652 -0.8258359432220459 0.53194916248321533
vn -0.19510921835899353 -0.83307039737701416 0.51761579513549805
vn -0.211882084608078 -0.84971165657043457 0.48280024528503418
vn -0.22720757126808167 -0.86279696226119995 0.45161724090576172
vn -0.23823288083076477 -0.8696436882019043 0.43239444494247437
vn -0.25576639175415039 -0.88280189037322998 0.39401057362556458
vn -0.26547792553901672 -0.88769763708114624 0.37618392705917358
vn -0.27509951591491699 -0.8927001953125 0.35694059729576111
vn -0.3075520396232605 -0.90425556898117065 0.29619866609573364
vn -0.31670540571212769 -0.90743428468704224 0.27615329623222351
vn -0.32789221405982971 -0.91005980968475342 0.25353074073791504
vn -0.33831655979156494 -0.91257768869400024 0.22966024279594421
vn -0.34874013066291809 -0.91477721929550171 0.20386993885040283
vn -0.35880583524703979 -0.91652834415435791 0.17673194408416748
vn -0.36830976605415344 -0.91792416572570801 0.14752353727817535
vn -0.37632980942726135 -0.91912317276000977 0.11656972020864487
vn -0.38295164704322815 -0.91990768909454346 0.084367692470550537
vn -0.38847801089286804 -0.9200248122215271 0.05137282982468605
vn -0.39069351553916931 -0.92033672332763672 0.018407545983791351
vn -0.38112524151802063 -0.91906559467315674 -0.10030969232320786
vn -0.36821094155311584 -0.91523689031600952 -0.16359119117259979
vn -0.30648154020309448 -0.89103120565414429 -0.33486178517341614
vn 0.16803307831287384 -0.59773838520050049 -0.78388375043869019
vn 0.45355460047721863 -0.57537829875946045 -0.68060857057571411
vn 0.37358725070953369 -0.66287630796432495 0.64886635541915894
vn 0.21715621650218964 -0.65254378318786621 0.72596818208694458
vn -0.18542923033237457 -0.81333410739898682 0.55145591497421265
vn -0.1997462660074234 -0.82905930280685425 0.52226626873016357
vn -0.31435024738311768 -0.90595144033432007 0.28361228108406067
vn -0.3083520233631134 -0.90145730972290039 0.30379882454872131
vn -0.33626064658164978 -0.9108620285987854 0.23928873240947723
vn -0.35570085048675537 -0.91557598114013672 0.18761001527309418
vn -0.37927848100662231 -0.92017805576324463 0.097057521343231201
vn -0.3727184534072876 -0.91894793510437012 0.12890179455280304
vn -0.38419094681739807 -0.92096948623657227 0.064904145896434784
vn 0.10123329609632492 -0.60237717628479004 -0.79176610708236694
vn -0.04756588488817215 -0.67201608419418335 -0.73900735378265381
vn -0.045597482472658157 -0.70741665363311768 0.70532441139221191
vn 0.16080830991268158 -0.69931626319885254 0.69648939371109009
vn 0.14555026590824127 -0.62175041437149048 -0.76957231760025024
vn 0.16575953364372253 -0.65825581550598145 0.7343180775642395
vn 0.23222482204437256 -0.65136891603469849 0.72235041856765747
vn 0.25393223762512207 -0.60792386531829834 -0.75229448080062866
vn 0.26394668221473694 -0.70552611351013184 0.65769678354263306
vn 0.17908711731433868 -0.8452032208442688 0.50354677438735962
vn 0.09967658668756485 -0.63570147752761841 -0.76547253131866455
vn 0.31297159194946289 -0.58494395017623901 -0.74825751781463623
vn 0.10263057798147202 -0.7680964469909668 0.63205599784851074
vn 0.24134053289890289 -0.58305478096008301 -0.77575892210006714
vn 0.28318133950233459 -0.74780154228210449 -0.60050076246261597
vn 0.086397543549537659 -0.81166422367095947 -0.57769942283630371
vn 0.23747949302196503 -0.5722118616104126 -0.78496944904327393
vn 0.092069722712039948 -0.87970435619354248 0.46652272343635559
vn 0.29464578628540039 -0.60143905878067017 0.74260008335113525
vn 0.29098361730575562 -0.60512638092041016 -0.7410469651222229
vn 0.19977909326553345 -0.63070130348205566 0.74986946582794189
vn 0.20354491472244263 -0.57861369848251343 -0.7897946834564209
vn -0.38297218084335327 -0.92375892400741577 -0.0013397267321124673
vn 0.14681926369667053 -0.64334559440612793 0.7513657808303833
vn 0.10757922381162643 -0.60312789678573608 -0.79035651683807373
vn -0.21004936099052429 -0.97669821977615356 0.044044177979230881
vn -0.39084970951080322 -0.92027336359024048 0.018258927389979362
vn 0.0762161985039711 -0.66048896312713623 -0.74695742130279541
vn 0.10071166604757309 -0.67258113622665405 0.7331383228302002
vn 0.33729571104049683 -0.59617233276367188 0.72856718301773071
vn 0.19016006588935852 -0.6310768723487854 0.75205123424530029
vn 0.25054425001144409 -0.56280314922332764 -0.78770565986633301
vn -0.35258981585502625 -0.9348139762878418 -0.042464956641197205
vn -0.10324903577566147 -0.99463492631912231 -0.0064006778411567211
vn 0.073932506144046783 -0.62826907634735107 -0.77447527647018433
vn -0.37530791759490967 -0.92687147855758667 0.0072924601845443249
vn 0.3366093635559082 -0.58644193410873413 0.736735999584198
vn 0.27749007940292358 -0.66226744651794434 0.69598931074142456
vn 0.15819080173969269 -0.64190131425857544 0.75029218196868896
vn 0.072920478880405426 -0.64980047941207886 -0.75659894943237305
vn 0.17694669961929321 -0.58628612756729126 -0.79054313898086548
vn 0.11507880687713623 -0.60333454608917236 -0.78914147615432739
vn 0.08726917952299118 -0.66870260238647461 0.73839074373245239
vn 0.20978377759456635 -0.63226562738418579 0.74580889940261841
vn -0.39225023984909058 -0.91985702514648438 -0.0016829456435516477
vn 0.3731340765953064 -0.60032624006271362 0.70737498998641968
vn 0.12464084476232529 -0.64737939834594727 0.75190728902816772
vn -0.38664728403091431 -0.92186903953552246 -0.025716019794344902
vn 0.041024640202522278 -0.81084829568862915 -0.5838167667388916
vn 0.062439046800136566 -0.62435638904571533 -0.77864015102386475
vn 0.035535916686058044 -0.86024034023284912 0.50864893198013306
vn -0.37463995814323425 -0.92340266704559326 -0.08350081741809845
vn 0.22767342627048492 -0.62727272510528564 0.7447776198387146
vn 0.20484882593154907 -0.58090972900390625 -0.78776955604553223
vn 0.077849805355072021 -0.6610870361328125 0.74625957012176514
vn 0.14504717290401459 -0.59516960382461548 -0.79040145874023438
vn 0.88069301843643188 -0.47353559732437134 -0.011995000764727592
vn -0.015895575284957886 -0.83500170707702637 0.55001765489578247
vn 0.3792358934879303 -0.52901643514633179 -0.75915861129760742
vn 0.046997047960758209 -0.66129583120346069 -0.74865150451660156
vn -0.37666234374046326 -0.9171176552772522 0.13046322762966156
vn 0.18550798296928406 -0.58725988864898682 -0.7878531813621521
vn 0.061532650142908096 -0.62410473823547363 -0.77891397476196289
vn -0.38311344385147095 -0.91356593370437622 0.136460080742836
vn -0.015727587044239044 -0.74495452642440796 -0.66692984104156494
vn -0.18929123878479004 -0.95353114604949951 0.23440819978713989
vn 0.049148261547088623 -0.6200176477432251 -0.78304696083068848
vn 0.24567554891109467 -0.57281136512756348 -0.78200423717498779
vn 0.27942934632301331 -0.61638772487640381 0.73619657754898071
vn 0.32024058699607849 -0.54351663589477539 -0.77590954303741455
vn 0.057838179171085358 -0.6209486722946167 -0.78171443939208984
vn -0.025960272178053856 -0.74420309066772461 -0.66744875907897949
vn 0.0082461470738053322 -0.72679942846298218 0.68680024147033691
vn 0.070871025323867798 -0.66465932130813599 0.74377769231796265
vn -0.0033809149172157049 -0.78917866945266724 0.6141543984413147
vn -0.2479381263256073 -0.86130553483963013 -0.44348558783531189
vn -0.14793381094932556 -0.95100885629653931 0.27147334814071655
vn -0.38563063740730286 -0.91621023416519165 0.10884743928909302
vn -0.37406495213508606 -0.91660672426223755 0.14109385013580322
vn -0.037725545465946198 -0.78949105739593506 0.61260157823562622
vn -0.38485416769981384 -0.91725277900695801 0.10263848304748535
vn 0.27754980325698853 -0.63557100296020508 0.72042739391326904
vn -0.38294538855552673 -0.91996210813522339 0.083800733089447021
vn -0.34691235423088074 -0.92585712671279907 0.14980114996433258
vn 0.25634759664535522 -0.64815425872802734 0.71706479787826538
vn 0.03218449279665947 -0.65664201974868774 -0.75351536273956299
vn -0.33736702799797058 -0.92982321977615356 0.14701126515865326
vn -0.16439488530158997 -0.92026615142822266 -0.35508382320404053
vn 0.51860344409942627 -0.58753490447998047 -0.62117087841033936
vn -0.070856571197509766 -0.88587182760238647 -0.4584871232509613
vn 0.27961447834968567 -0.57092279195785522 -0.77192157506942749
vn -0.3860129714012146 -0.91047656536102295 -0.14841291308403015
vn -0.38325458765029907 -0.91043370962142944 -0.15564821660518646
vn 0.31184232234954834 -0.61655253171920776 0.72292280197143555
vn -0.38549807667732239 -0.90863656997680664 -0.16053307056427002
vn -0.15450270473957062 -0.92887699604034424 -0.33662512898445129
vn -0.3451417088508606 -0.91682314872741699 -0.2007797509431839
vn -0.26026329398155212 -0.92793792486190796 -0.26682242751121521
vn 0.14030724763870239 -0.71520471572875977 -0.68468683958053589
vn 0.16992942988872528 -0.67725729942321777 -0.71585375070571899
vn 0.29102098941802979 -0.58435952663421631 -0.75751614570617676
vn 0.1763337254524231 -0.63495534658432007 -0.752155601978302
vn 0.8734622597694397 -0.48270067572593689 0.063747510313987732
vn 0.25661709904670715 -0.59344440698623657 -0.76287049055099487
vn 0.13317461311817169 -0.75327587127685547 0.64408069849014282
vn 0.20285710692405701 -0.72880804538726807 0.65397846698760986
vn 0.19787926971912384 -0.67689800262451172 0.70898020267486572
vn 0.41394010186195374 -0.58130675554275513 -0.70052558183670044
vn 0.14468365907669067 -0.66398084163665771 0.73361849784851074
vn 0.16074857115745544 -0.61758804321289062 -0.76989930868148804
vn 0.093885473906993866 -0.72377389669418335 -0.6836203932762146
vn 0.39072898030281067 -0.58698099851608276 -0.7090727686882019
vn 0.27408125996589661 -0.67141461372375488 0.68853604793548584
vn 0.25227496027946472 -0.61873543262481689 0.74399179220199585
vn 0.17868632078170776 -0.59313631057739258 -0.78502261638641357
vn 0.17793035507202148 -0.58709162473678589 -0.78972411155700684
vn -0.37598335742950439 -0.91306149959564209 -0.15797226130962372
vn -0.063185043632984161 -0.76184898614883423 -0.64466565847396851
vn -0.35265466570854187 -0.90190583467483521 -0.24940049648284912
vn 0.22088247537612915 -0.57752388715744019 -0.78592431545257568
vn 0.1540960967540741 -0.64167982339859009 0.75133311748504639
vn 0.22575479745864868 -0.62119477987289429 0.75043439865112305
vn 0.12347334623336792 -0.59904950857162476 -0.79113465547561646
vn 0.17009666562080383 -0.63613975048065186 0.75259107351303101
vn 0.18892812728881836 -0.63455581665039062 0.74942988157272339
vn -0.39163872599601746 -0.91609323024749756 -0.085978642106056213
vn 0.099448077380657196 -0.65437072515487671 0.74960589408874512
vn 0.056839071214199066 -0.8584669828414917 -0.50970947742462158
vn -0.13635535538196564 -0.98980486392974854 -0.041152272373437881
vn 0.28696554899215698 -0.9558071494102478 0.063902437686920166
vn 0.080788388848304749 -0.63278132677078247 -0.77010452747344971
vn -0.091697052121162415 -0.99569207429885864 0.013747141696512699
vn -0.38677316904067993 -0.92146545648574829 0.036165289580821991
vn 0.20877265930175781 -0.62739259004592896 0.7501949667930603
vn 0.19345459342002869 -0.63693898916244507 0.74624663591384888
vn -0.39073699712753296 -0.91996914148330688 -0.031326517462730408
vn 0.058765772730112076 -0.61615073680877686 -0.78543293476104736
vn 0.2420816570520401 -0.61761242151260376 0.7482990026473999
vn 0.17107750475406647 -0.58762288093566895 -0.79084253311157227
vn -0.38330572843551636 -0.92177999019622803 0.058296047151088715
vn 0.085601761937141418 -0.60785567760467529 -0.78941988945007324
vn -0.38666471838951111 -0.91664928197860718 -0.10121520608663559
vn 0.22779594361782074 -0.63151842355728149 0.74114340543746948
vn 0.29489406943321228 -0.59936881065368652 0.74417370557785034
vn 0.079358801245689392 -0.67860275506973267 0.73020577430725098
vn 0.13933673501014709 -0.64666181802749634 0.74994254112243652
vn -0.39013990759849548 -0.92054790258407593 -0.019556228071451187
vn 0.045126885175704956 -0.6764754056930542 -0.73508137464523315
vn 0.050740096718072891 -0.63706576824188232 -0.76913762092590332
vn 0.1091390922665596 -0.65011382102966309 0.75195789337158203
vn 0.010951697826385498 -0.79457253217697144 0.6070704460144043
vn -0.24881935119628906 -0.84328275918960571 -0.4764065146446228
vn 0.041659317910671234 -0.70753449201583862 0.70544981956481934
vn 0.16643306612968445 -0.59032273292541504 -0.78982222080230713
vn 0.02747984416782856 -0.75271713733673096 0.65777027606964111
vn 0.065111890435218811 -0.67589277029037476 0.73411810398101807
vn 0.20116434991359711 -0.58307349681854248 -0.78712016344070435
vn -0.38540047407150269 -0.92135173082351685 0.050769153982400894
vn 0.0034485615324229002 -0.81990015506744385 -0.57249617576599121
vn 0.072298586368560791 -0.65885639190673828 0.74878644943237305
vn 0.44943094253540039 -0.86951231956481934 0.20484176278114319
vn 0.88129341602325439 -0.47214019298553467 -0.020139001309871674
vn 0.35837042331695557 -0.53204727172851562 -0.7671351432800293
vn 0.3309815526008606 -0.59114670753479004 0.73552483320236206
vn 0.48305505514144897 -0.53187435865402222 -0.69553393125534058
vn -0.38750818371772766 -0.91715478897094727 0.093083128333091736
vn -0.38854724168777466 -0.91729390621185303 0.08719489723443985
vn -0.38718363642692566 -0.91610926389694214 0.10407999157905579
vn 0.25639888644218445 -0.5753791332244873 -0.77665853500366211
vn -0.04914320632815361 -0.91643309593200684 -0.39715912938117981
vn 0.042864561080932617 -0.67371737957000732 0.73774486780166626
vn -0.38419193029403687 -0.9213375449180603 0.059444412589073181
vn -0.34291577339172363 -0.927528977394104 0.14865665137767792
vn -0.34931549429893494 -0.92423421144485474 0.15417452156543732
vn -0.32006955146789551 -0.92976409196853638 0.18191821873188019
vn -0.37360209226608276 -0.90485751628875732 -0.20409402251243591
vn 0.29631200432777405 -0.61628717184066772 0.72965013980865479
vn -0.26939809322357178 -0.93963438272476196 0.21097846329212189
vn -0.24661633372306824 -0.94735062122344971 0.20422342419624329
vn -0.29622110724449158 -0.93316662311553955 0.20360030233860016
vn -0.37616384029388428 -0.89921355247497559 -0.2234182208776474
vn -0.36104145646095276 -0.90356171131134033 0.2307061105966568
vn 0.293699711561203 -0.63891392946243286 0.71100592613220215
vn 0.38534656167030334 -0.57876455783843994 0.71870690584182739
vn -0.38758206367492676 -0.91260761022567749 -0.13010555505752563
vn 0.036984901875257492 -0.6747589111328125 0.73711097240447998
vn -0.35664477944374084 -0.92376828193664551 -0.13948711752891541
vn -0.28218775987625122 -0.85969090461730957 0.42579522728919983
vn 0.29222971200942993 -0.60048872232437134 0.74432188272476196
vn -0.37307533621788025 -0.92473924160003662 0.075313813984394073
vn -0.023145800456404686 -0.80522644519805908 -0.59251546859741211
vn 0.23378090560436249 -0.5710408091545105 -0.78693002462387085
vn -0.37758332490921021 -0.90370428562164307 -0.20186492800712585
vn 0.48227515816688538 -0.59019595384597778 0.64736342430114746
vn 0.33169069886207581 -0.59974509477615356 0.72820812463760376
vn -0.32626920938491821 -0.92274528741836548 0.20515735447406769
vn 0.11065497249364853 -0.71498417854309082 0.69032824039459229
vn 0.018126435577869415 -0.82355505228042603 0.56694668531417847
vn 0.15064112842082977 -0.6301988959312439 -0.76168012619018555
vn 0.060783494263887405 -0.71092808246612549 0.70063298940658569
vn 0.17908650636672974 -0.67579799890518188 0.71500003337860107
vn 0.1683114618062973 -0.81763964891433716 -0.55057847499847412
vn 0.21089403331279755 -0.59807747602462769 -0.77319276332855225
vn 0.19105896353721619 -0.59034478664398193 -0.78421264886856079
vn 0.082269325852394104 -0.71781527996063232 -0.69135588407516479
vn 0.13735872507095337 -0.67529398202896118 0.72464513778686523
vn 0.18229363858699799 -0.8903195858001709 0.41725301742553711
vn 0.11153566837310791 -0.64208358526229858 -0.75847774744033813
vn 0.13964316248893738 -0.65011709928512573 0.74689191579818726
vn 0.24902547895908356 -0.56624919176101685 -0.78571510314941406
vn 0.09436490386724472 -0.79632604122161865 0.59746140241622925
vn 0.18175038695335388 -0.63623648881912231 0.74977993965148926
vn 0.08421054482460022 -0.84880083799362183 -0.52196335792541504
vn 0.23310466110706329 -0.56893718242645264 -0.78865242004394531
vn 0.16621661186218262 -0.94630783796310425 -0.27726075053215027
vn 0.15704692900180817 -0.59266144037246704 -0.7899928092956543
vn -0.38650736212730408 -0.92042422294616699 -0.058577559888362885
vn -0.3856242299079895 -0.91730195283889771 0.099252484738826752
vn 0.11808305233716965 -0.60239619016647339 -0.78941446542739868
vn -0.039179150015115738 -0.97766941785812378 -0.20646433532238007
vn 0.10508909821510315 -0.65607106685638428 0.74734669923782349
vn 0.084750369191169739 -0.67159658670425415 0.7360539436340332
vn 0.15871354937553406 -0.59101122617721558 -0.79089552164077759
vn -0.39011937379837036 -0.91596734523773193 -0.093865171074867249
vn 0.3356134295463562 -0.53724557161331177 -0.77377694845199585
vn -0.38886553049087524 -0.91111606359481812 -0.1365690678358078
vn 0.3734794557094574 -0.75581830739974976 0.53782129287719727
vn -0.022186893969774246 -0.90812808275222778 -0.41810420155525208
vn 0.086251892149448395 -0.60544347763061523 -0.79120087623596191
vn -0.38039115071296692 -0.92385470867156982 -0.042367622256278992
vn 0.069298967719078064 -0.60969489812850952 -0.78960102796554565
vn 0.41921326518058777 -0.61197417974472046 0.67063242197036743
vn 0.16540534794330597 -0.64362138509750366 0.74725669622421265
vn -0.022081071510910988 -0.89713460206985474 0.44120511412620544
vn 0.44838270545005798 -0.54421436786651611 -0.70907241106033325
vn -0.3850288987159729 -0.92274880409240723 0.016953097656369209
vn 0.32182949781417847 -0.59083890914916992 0.73982101678848267
vn 0.88062882423400879 -0.47371861338615417 -0.0091397641226649284
vn 0.24501129984855652 -0.62654870748519897 0.73986905813217163
vn 0.30545642971992493 -0.55407494306564331 -0.77440124750137329
vn 0.50864875316619873 -0.86049485206604004 -0.028723489493131638
vn 0.28045514225959778 -0.61256182193756104 0.7389945387840271
vn 0.2422536164522171 -0.64259088039398193 0.72690451145172119
vn 0.47514393925666809 -0.51948904991149902 -0.71018964052200317
vn 0.21009448170661926 -0.63460075855255127 0.74373531341552734
vn 0.29577210545539856 -0.6222909688949585 0.72475707530975342
vn -0.37618398666381836 -0.90759962797164917 0.18640942871570587
vn 0.58889353275299072 -0.61679136753082275 -0.52227658033370972
vn -0.0011887297732755542 -0.67950648069381714 -0.73366850614547729
vn 0.50010287761688232 -0.65316557884216309 0.56857001781463623
vn -0.073997244238853455 -0.81906533241271973 -0.56890809535980225
vn 0.75214821100234985 -0.63470250368118286 -0.17727333307266235
vn 0.28500571846961975 -0.61865442991256714 0.73214644193649292
vn 0.30038297176361084 -0.68845713138580322 -0.66014909744262695
vn 0.07225094735622406 -0.76816946268081665 -0.63615679740905762
vn 0.21271318197250366 -0.57626384496688843 -0.78909635543823242
vn -0.37941592931747437 -0.91903334856033325 -0.10687029361724854
vn 0.37879356741905212 -0.61664032936096191 0.69012326002120972
vn 0.46942564845085144 -0.83921068906784058 -0.27452686429023743
vn -0.38166847825050354 -0.91921645402908325 0.096800103783607483
vn 0.06710459291934967 -0.65915757417678833 0.74900484085083008
vn 0.2856975793838501 -0.56459879875183105 -0.77434170246124268
vn 0.02071831189095974 -0.96602606773376465 -0.25761279463768005
vn 0.30001771450042725 -0.71939259767532349 0.6264691948890686
vn -0.12890978157520294 -0.92544513940811157 0.35627743601799011
vn -0.38838502764701843 -0.91801351308822632 -0.080051489174365997
vn 0.87491714954376221 -0.47270143032073975 -0.10523019731044769
vn 0.30980518460273743 -0.61192649602890015 0.72771334648132324
vn -0.34888499975204468 -0.91326904296875 -0.21028299629688263
vn -0.13482034206390381 -0.89173990488052368 -0.43199935555458069
vn -0.10114876180887222 -0.8012470006942749 -0.5897221565246582
vn -0.0095154233276844025 -0.71017605066299438 0.70395982265472412
vn 0.20222790539264679 -0.7014850378036499 -0.68339055776596069
vn 0.52994990348815918 -0.53346776962280273 -0.65921562910079956
vn 0.41433411836624146 -0.54450088739395142 -0.72927772998809814
vn -0.2623257040977478 -0.96250349283218384 -0.069081641733646393
vn 0.4061526358127594 -0.52294009923934937 -0.74938219785690308
vn 0.32618141174316406 -0.53990656137466431 -0.77595525979995728
vn 0.18459615111351013 -0.65509819984436035 0.73264628648757935
vn 0.1676916629076004 -0.65933841466903687 -0.7329067587852478
vn 0.20656299591064453 -0.62620836496353149 0.75179439783096313
vn 0.18054750561714172 -0.61408644914627075 -0.76831012964248657
vn 0.22298532724380493 -0.78556090593338013 0.5772101879119873
vn 0.12497276067733765 -0.64333218336105347 -0.75531816482543945
vn 0.15816393494606018 -0.60632216930389404 -0.7793315052986145
vn 0.12892314791679382 -0.77872693538665771 0.61397325992584229
vn 0.11352077126502991 -0.61342006921768188 -0.7815554141998291
vn 0.27853983640670776 -0.94658148288726807 -0.16247779130935669
vn -0.21904106438159943 -0.85617649555206299 0.46795594692230225
vn 0.073832452297210693 -0.65478163957595825 -0.75220328569412231
vn -0.38479176163673401 -0.92079877853393555 -0.063756823539733887
vn 0.15350364148616791 -0.6469045877456665 0.74696123600006104
vn 0.20679934322834015 -0.58089643716812134 -0.78726953268051147
vn -0.28462141752243042 -0.89725059270858765 0.3375382125377655
vn 0.43416497111320496 -0.58886408805847168 -0.68171828985214233
vn 0.14489781856536865 -0.65348207950592041 0.74294400215148926
vn -0.26817145943641663 -0.85854536294937134 0.43701702356338501
vn 0.40818479657173157 -0.62913805246353149 0.66149115562438965
vn 0.1072733998298645 -0.66473305225372314 0.73933917284011841
vn 0.12726034224033356 -0.64872753620147705 0.75030487775802612
vn -0.3201383650302887 -0.87520462274551392 0.36266833543777466
vn 0.47537100315093994 -0.58859837055206299 -0.65389168262481689
vn 0.1146090030670166 -0.65110206604003906 0.75028723478317261
vn 0.14216889441013336 -0.59809982776641846 -0.78871071338653564
vn 0.13714857399463654 -0.5979960560798645 -0.78967779874801636
vn -0.28675779700279236 -0.95175933837890625 -0.10919740051031113
vn -0.30212268233299255 -0.94075655937194824 -0.15394487977027893
vn 0.32042005658149719 -0.56643134355545044 -0.75926709175109863
vn -0.39226847887039185 -0.91829377412796021 -0.053497526794672012
vn -0.38915702700614929 -0.91740304231643677 -0.083237305283546448
vn 0.18348553776741028 -0.5854153037071228 -0.78969740867614746
vn 0.15098588168621063 -0.64434713125228882 0.74967992305755615
vn 0.11272140592336655 -0.64924609661102295 0.75217908620834351
vn 0.26195156574249268 -0.61434835195541382 0.74428319931030273
vn 0.42336109280586243 -0.64540302753448486 -0.63578325510025024
vn 0.072101198136806488 -0.68887919187545776 0.72128140926361084
vn -0.3889957070350647 -0.91970598697662354 0.05313459038734436
vn -0.38936525583267212 -0.91618901491165161 -0.094828329980373383
vn -0.272624671459198 -0.95256286859512329 0.13527664542198181
vn -0.27066466212272644 -0.94500654935836792 -0.18358443677425385
vn -0.38959866762161255 -0.92091149091720581 0.011616339907050133
vn 0.29676041007041931 -0.54872238636016846 -0.78156059980392456
vn -0.045602884143590927 -0.87815958261489868 0.47618916630744934
vn 0.063168182969093323 -0.67945539951324463 0.73099255561828613
vn 0.042801994830369949 -0.6454010009765625 -0.76264381408691406
vn 0.065706923604011536 -0.66596591472625732 0.74308276176452637
vn 0.04563450813293457 -0.67657124996185303 0.73496180772781372
vn 0.015670755878090858 -0.74615764617919922 0.66558486223220825
vn 0.15684731304645538 -0.66979819536209106 0.72578877210617065
vn -0.10867544263601303 -0.93951243162155151 0.3248170018196106
vn -0.094096474349498749 -0.89099156856536865 0.44416201114654541
vn -0.24383562803268433 -0.93234628438949585 0.26697295904159546
vn -0.3802495002746582 -0.91951680183410645 0.099494598805904388
vn 0.56474983692169189 -0.66278964281082153 0.49169859290122986
vn -0.37458717823028564 -0.9114227294921875 -0.17027346789836884
vn -0.36437880992889404 -0.90996921062469482 0.19794979691505432
vn 0.65263688564300537 -0.73752808570861816 0.17354358732700348
vn 0.075222887098789215 -0.73723620176315308 0.67143452167510986
vn 0.48637554049491882 -0.62589424848556519 0.60966813564300537
vn 0.69122368097305298 -0.62472087144851685 -0.36322671175003052
vn -0.35538262128829956 -0.90871286392211914 -0.21896152198314667
vn 0.18670514225959778 -0.5897631049156189 -0.7856975793838501
vn 0.27780219912528992 -0.60788774490356445 -0.74384033679962158
vn 0.22614729404449463 -0.78063654899597168 -0.58263534307479858
vn 0.29907146096229553 -0.5701940655708313 -0.76513725519180298
vn -0.13019481301307678 -0.74582433700561523 -0.65329575538635254
vn -0.15263882279396057 -0.79350483417510986 0.58911073207855225
vn 0.50487887859344482 -0.55937641859054565 -0.65741562843322754
vn 0.58732849359512329 -0.59392791986465454 0.54981344938278198
vn -0.32288965582847595 -0.90351921319961548 0.28177177906036377
vn -0.33114349842071533 -0.89173942804336548 0.30845543742179871
vn -0.39086759090423584 -0.91958189010620117 0.039896015077829361
vn 0.28269374370574951 -0.60080552101135254 -0.7477412223815918
vn -0.34428060054779053 -0.90892320871353149 0.2352222353219986
vn 0.87555313110351562 -0.47918209433555603 0.0615733303129673
vn 0.31378129124641418 -0.5929710865020752 0.74157035350799561
vn 0.045348949730396271 -0.66935169696807861 0.74156039953231812
vn -0.39151179790496826 -0.9173731803894043 -0.071728028357028961
vn -0.23920069634914398 -0.84081077575683594 0.48561334609985352
vn -0.38373711705207825 -0.91386425495147705 -0.13265703618526459
vn -0.0098542645573616028 -0.86803436279296875 -0.49640634655952454
vn 0.75163549184799194 -0.49746587872505188 -0.43309560418128967
vn 0.19406628608703613 -0.6406598687171936 0.74289512634277344
vn 0.4196774959564209 -0.56350183486938477 -0.71157324314117432
vn 0.067791208624839783 -0.61353594064712524 -0.78675156831741333
vn 0.42455402016639709 -0.60183876752853394 -0.67641997337341309
vn 0.35262534022331238 -0.53126418590545654 -0.77033352851867676
vn 0.024502217769622803 -0.65178793668746948 -0.75800538063049316
vn 0.29593417048454285 -0.63087785243988037 0.71722805500030518
vn 0.11517169326543808 -0.60140639543533325 -0.79059839248657227
vn 0.6400073766708374 -0.52436172962188721 -0.56163626909255981
vn 0.24418383836746216 -0.63581603765487671 0.73219680786132812
vn -0.2510840892791748 -0.92893636226654053 0.27209183573722839
vn -0.15917590260505676 -0.77619057893753052 -0.61007481813430786
vn 0.4712945818901062 -0.57866185903549194 0.66560637950897217
vn 0.85780024528503418 -0.4892553985118866 0.15750527381896973
vn 0.73797005414962769 -0.63249355554580688 0.23527020215988159
vn -0.37716937065124512 -0.91286575794219971 -0.15626700222492218
vn 0.20889699459075928 -0.65941286087036133 0.7221750020980835
vn 0.091015450656414032 -0.62477129697799683 -0.77548503875732422
vn 0.34232965111732483 -0.60352915525436401 -0.72011315822601318
vn -0.10756465047597885 -0.95284199714660645 -0.28376388549804688
vn 0.096819497644901276 -0.60551869869232178 -0.78991967439651489
vn 0.40932789444923401 -0.51544308662414551 -0.75284069776535034
vn 0.44604101777076721 -0.63426488637924194 0.63147085905075073
vn -0.38085952401161194 -0.91352385282516479 0.14289914071559906
vn 0.33789467811584473 -0.79127305746078491 -0.50962156057357788
vn 0.72493946552276611 -0.48411464691162109 -0.48999568819999695
vn -0.39275529980659485 -0.91853898763656616 -0.045048613101243973
vn -0.38312140107154846 -0.90330123901367188 -0.19304102659225464
vn 0.25450628995895386 -0.56618386507034302 -0.7840040922164917
vn -0.38799753785133362 -0.92165565490722656 0.0029529437888413668
vn 0.58294492959976196 -0.52656912803649902 -0.61878925561904907
vn 0.23468323051929474 -0.57728731632232666 -0.7820889949798584
vn -0.2602020800113678 -0.9499397873878479 -0.17294299602508545
vn -0.10722847282886505 -0.84732335805892944 0.52013963460922241
vn 0.54222720861434937 -0.73391133546829224 -0.40910115838050842
vn -0.35646405816078186 -0.92075514793395996 -0.15856648981571198
vn 0.35549816489219666 -0.58704555034637451 0.72732287645339966
vn -0.081965483725070953 -0.78982555866241455 0.60782992839813232
vn -0.018337206915020943 -0.71899431943893433 0.69477403163909912
vn 0.5209692120552063 -0.82686543464660645 0.21185991168022156
vn 0.29584887623786926 -0.54946392774581909 -0.78138518333435059
vn 0.78033477067947388 -0.5407063364982605 -0.31418842077255249
vn 0.29347324371337891 -0.59391576051712036 -0.74909114837646484
vn -0.17148660123348236 -0.80926513671875 0.56185609102249146
vn 0.12108344584703445 -0.61810439825057983 -0.7767147421836853
vn -0.14090313017368317 -0.75707888603210449 -0.63794821500778198
vn 0.01576407253742218 -0.64123421907424927 -0.76718330383300781
vn 0.39489325881004333 -0.51888114213943481 -0.75816994905471802
vn 0.75589323043823242 -0.53120392560958862 0.38268497586250305
vn -0.12324470281600952 -0.76647305488586426 0.63034099340438843
vn 0.051451437175273895 -0.76330727338790894 -0.64398348331451416
vn -0.0099988412111997604 -0.74425959587097168 0.66781562566757202
vn -0.24602508544921875 -0.87738251686096191 0.41191205382347107
vn 0.37403279542922974 -0.73496687412261963 -0.56561750173568726
vn 0.2251751571893692 -0.62203848361968994 0.74990952014923096
vn 0.27098202705383301 -0.60596472024917603 0.74791407585144043
vn 0.4458068311214447 -0.59287214279174805 0.67064064741134644
vn 0.35618841648101807 -0.58671855926513672 0.72724902629852295
vn 0.21003830432891846 -0.63716459274291992 0.74155592918395996
vn 0.44588735699653625 -0.53071022033691406 -0.72078508138656616
vn -0.28239470720291138 -0.93581724166870117 0.21094872057437897
vn 0.042018815875053406 -0.6826973557472229 0.72949212789535522
vn 0.50473237037658691 -0.69299829006195068 0.51478016376495361
vn -0.036033730953931808 -0.72642529010772705 0.68630015850067139
vn 0.33471560478210449 -0.68104320764541626 0.65126460790634155
vn -0.19243763387203217 -0.82144087553024292 0.53684508800506592
vn 0.8587908148765564 -0.50577259063720703 -0.08168521523475647
vn -0.25100752711296082 -0.93081521987915039 -0.26566570997238159
vn 0.060028273612260818 -0.7042573094367981 0.70740246772766113
vn -0.11870849877595901 -0.73499345779418945 -0.66760236024856567
vn -0.38557696342468262 -0.91325235366821289 -0.13153143227100372
vn -0.24653345346450806 -0.90439623594284058 0.34826534986495972
vn -0.38389748334884644 -0.9160228967666626 -0.11629600077867508
vn 0.27412194013595581 -0.61123013496398926 0.74246537685394287
vn -0.37513762712478638 -0.91766113042831421 0.13103367388248444
vn -0.38059356808662415 -0.90352582931518555 -0.19695065915584564
vn 0.0083346245810389519 -0.63977992534637451 -0.76851296424865723
vn -0.3298395574092865 -0.92011308670043945 0.21118181943893433
vn -0.30809307098388672 -0.93151628971099854 0.19327723979949951
vn 0.24192065000534058 -0.68588519096374512 -0.68632054328918457
vn 0.40151306986808777 -0.81991100311279297 0.40808480978012085
vn 0.34367343783378601 -0.65533334016799927 -0.672626793384552
vn 0.25552874803543091 -0.62950593233108521 0.73377609252929688
vn 0.27879795432090759 -0.6209835410118103 0.73256480693817139
vn -0.087634079158306122 -0.76503568887710571 -0.63799738883972168
vn 0.13466554880142212 -0.86223268508911133 0.48828268051147461
vn 0.012083189561963081 -0.70940858125686646 -0.70469385385513306
vn 0.34362858533859253 -0.53937005996704102 -0.76876479387283325
vn 0.36461988091468811 -0.54616987705230713 -0.75415569543838501
vn 0.17528949677944183 -0.75172227621078491 -0.6357572078704834
vn 0.31463679671287537 -0.5998416543006897 0.73565870523452759
vn -0.17791379988193512 -0.77064269781112671 -0.61192852258682251
vn 0.48235255479812622 -0.76437473297119141 -0.42786362767219543
vn -0.39083653688430786 -0.92033779621124268 -0.015004183165729046
vn 0.23643063008785248 -0.91556578874588013 -0.32533037662506104
vn -0.38779807090759277 -0.91715806722640991 -0.091835670173168182
vn 0.068443842232227325 -0.72710072994232178 0.68311047554016113
vn 0.11261945962905884 -0.96286958456039429 0.24535484611988068
vn -0.38381180167198181 -0.92192912101745605 -0.05229954794049263
vn 0.43425813317298889 -0.64070069789886475 0.63318443298339844
vn -0.37895616888999939 -0.90396934747695923 -0.19806972146034241
vn 0.22864904999732971 -0.90117794275283813 0.368236243724823
vn -0.37981221079826355 -0.90133571624755859 -0.20817451179027557
vn 0.086508840322494507 -0.66535681486129761 0.74149614572525024
vn -0.19394470751285553 -0.94144546985626221 -0.27580040693283081
vn 0.046508967876434326 -0.66958582401275635 -0.74127709865570068
vn 0.43833577632904053 -0.50973033905029297 -0.74029499292373657
vn 0.089390777051448822 -0.6084628701210022 -0.78853172063827515
vn 0.17991156876087189 -0.64344286918640137 0.74405181407928467
vn -0.28650528192520142 -0.86899197101593018 -0.40344470739364624
vn -0.062600478529930115 -0.84599703550338745 -0.52949994802474976
vn 0.38027393817901611 -0.52360975742340088 -0.76238083839416504
vn -0.33258688449859619 -0.90169835090637207 0.27627170085906982
vn 0.56852895021438599 -0.54341191053390503 -0.61763930320739746
vn 0.0046212663874030113 -0.69349700212478638 0.72044467926025391
vn 0.36254441738128662 -0.60206848382949829 0.71138954162597656
vn -0.39183163642883301 -0.91978895664215088 0.02135925181210041
vn -0.21594429016113281 -0.81955701112747192 0.53074884414672852
vn -0.38963285088539124 -0.91496151685714722 -0.10503176599740982
vn -0.18297895789146423 -0.93429094552993774 0.3059723973274231
vn 0.2707836925983429 -0.60410940647125244 -0.74948519468307495
vn 0.8008541464805603 -0.59391963481903076 -0.076759703457355499
vn -0.36336883902549744 -0.91287517547607422 0.18606996536254883
vn 0.3779870867729187 -0.52782976627349854 -0.76060599088668823
vn 0.28754910826683044 -0.56704127788543701 -0.77186769247055054
vn 0.30543595552444458 -0.6155889630317688 -0.72647029161453247
vn 0.66979497671127319 -0.61619716882705688 0.41433772444725037
vn -0.22226777672767639 -0.83990979194641113 -0.49512481689453125
vn 0.22738580405712128 -0.63469886779785156 0.7385479211807251
vn 0.089321024715900421 -0.9461548924446106 -0.3111473023891449
vn 0.78645992279052734 -0.52913665771484375 0.31858307123184204
vn -0.20256353914737701 -0.93447756767272949 0.29277932643890381
vn 0.55458164215087891 -0.56454700231552124 -0.61133122444152832
vn 0.03905574232339859 -0.62373006343841553 -0.78066349029541016
vn -0.22644305229187012 -0.97398966550827026 0.0082273185253143311
vn 0.27575585246086121 -0.60659319162368774 0.74565637111663818
vn -0.16920214891433716 -0.78465968370437622 -0.59638893604278564
vn -0.30566889047622681 -0.95194357633590698 -0.019233021885156631
vn 0.800220787525177 -0.56449151039123535 0.20247483253479004
vn 0.027218442410230637 -0.67167192697525024 0.74034851789474487
vn -0.32665413618087769 -0.92136073112487793 -0.21069297194480896
vn 0.3981914222240448 -0.70125573873519897 0.59134083986282349
vn -0.25982043147087097 -0.84855735301971436 -0.4609161913394928
vn -0.062417995184659958 -0.77695780992507935 -0.62645071744918823
vn 0.26986050605773926 -0.58592921495437622 -0.76410877704620361
vn -0.38596898317337036 -0.91792362928390503 0.091891862452030182
vn 0.093505680561065674 -0.63070935010910034 -0.77036511898040771
vn 0.6419106125831604 -0.59247171878814697 0.48675248026847839
vn 0.3008977472782135 -0.6022874116897583 0.73939871788024902
vn 0.12520241737365723 -0.81124323606491089 -0.57114690542221069
vn 0.21929715573787689 -0.59201759099960327 -0.77551525831222534
vn -0.21839311718940735 -0.9172821044921875 0.33301350474357605
vn -0.36622107028961182 -0.90998822450637817 -0.19443121552467346
vn 0.15228457748889923 -0.59595781564712524 -0.78844380378723145
vn -0.33423301577568054 -0.91805702447891235 0.21321265399456024
vn -0.37182909250259399 -0.92741203308105469 0.040620226413011551
vn 0.11575586348772049 -0.65076273679733276 0.75040555000305176
vn 0.37158203125 -0.62878412008285522 0.68305003643035889
vn 0.17909449338912964 -0.79888224601745605 0.57420581579208374
vn 0.1044066920876503 -0.65129750967025757 0.75160551071166992
vn -0.20419700443744659 -0.84093421697616577 0.50113195180892944
vn 0.11704909056425095 -0.67368650436401367 0.72968900203704834
vn -0.37974804639816284 -0.91483688354492188 -0.13734959065914154
vn 0.020047266036272049 -0.64223301410675049 -0.76624727249145508
vn 0.064263977110385895 -0.77731496095657349 0.62582075595855713
vn 0.4907563328742981 -0.55444347858428955 -0.67212396860122681
vn 0.027690697461366653 -0.6800074577331543 0.73268216848373413
vn -0.30773544311523438 -0.89673382043838501 0.31806817650794983
vn -0.37768608331680298 -0.91983246803283691 0.10611969977617264
vn -0.38836658000946045 -0.9195939302444458 -0.059315994381904602
vn -0.22241227328777313 -0.95537483692169189 -0.19440081715583801
vn 0.22255845367908478 -0.57269161939620972 -0.78898161649703979
vn 0.30730521678924561 -0.67492920160293579 0.67084580659866333
vn -0.20823517441749573 -0.83683192729949951 0.50631064176559448
vn 0.17888596653938293 -0.63527333736419678 0.75128400325775146
vn 0.32741740345954895 -0.60828417539596558 0.72304093837738037
vn 0.45742613077163696 -0.57093924283981323 0.68175488710403442
vn 0.13843774795532227 -0.59709620475769043 -0.79013359546661377
vn 0.079906746745109558 -0.70692533254623413 0.70275992155075073
vn 0.37895986437797546 -0.53351420164108276 -0.75614285469055176
vn -0.27220016717910767 -0.96219861507415771 0.0089925900101661682
vn 0.19203539192676544 -0.58177155256271362 -0.79035705327987671
vn 0.097795344889163971 -0.65686321258544922 0.74764078855514526
vn 0.17313534021377563 -0.63862842321395874 0.74978524446487427
vn 0.37762194871902466 -0.5740014910697937 0.72658377885818481
vn -0.38601300120353699 -0.91674709320068359 0.1028042659163475
vn -0.16310149431228638 -0.95175051689147949 0.25994011759757996
vn 0.86747270822525024 -0.47015506029129028 -0.16262020170688629
vn -0.029136406257748604 -0.73160737752914429 0.68110328912734985
vn -0.15771943330764771 -0.7518574595451355 -0.64018350839614868
vn -0.0028287533205002546 -0.69027608633041382 -0.7235405445098877
vn 0.15280725061893463 -0.64162087440490723 0.75164657831192017
vn 0.052820466458797455 -0.66064774990081787 0.74883544445037842
vn -0.32569509744644165 -0.93965250253677368 0.10476590692996979
vn -0.35223731398582458 -0.91043877601623535 -0.21686430275440216
vn -0.39317768812179565 -0.91737830638885498 -0.061873767524957657
vn -0.029305426403880119 -0.76513588428497314 0.64320158958435059
vn -0.089050769805908203 -0.74702578783035278 -0.65880376100540161
vn 0.42880770564079285 -0.90179407596588135 -0.053771603852510452
vn 0.066417701542377472 -0.67103087902069092 0.73844856023788452
vn 0.20194354653358459 -0.65207797288894653 0.73076200485229492
vn 0.87633723020553589 -0.46983224153518677 -0.10625787079334259
vn 0.057179391384124756 -0.66767704486846924 0.74225187301635742
vn -0.38729727268218994 -0.92091262340545654 0.043826639652252197
vn 0.31411561369895935 -0.62382960319519043 0.71565914154052734
vn -0.35576766729354858 -0.91361373662948608 0.19682294130325317
vn -0.0081928521394729614 -0.92035192251205444 0.39100539684295654
vn 0.49735373258590698 -0.50237870216369629 -0.7072870135307312
vn 0.18537420034408569 -0.59300553798675537 -0.7835693359375
vn -0.038407362997531891 -0.69025689363479614 -0.72254431247711182
vn 0.0075480877421796322 -0.77199745178222656 -0.63558083772659302
vn 0.22371487319469452 -0.64607101678848267 0.72975605726242065
vn 0.3995075523853302 -0.5855172872543335 0.70538163185119629
vn 0.10607675462961197 -0.67945104837417603 -0.72601240873336792
vn -0.38263297080993652 -0.9050295352935791 -0.18577836453914642
vn 0.32876381278038025 -0.83845973014831543 0.43462583422660828
vn 0.62072223424911499 -0.6380455493927002 0.45563334226608276
vn 0.34947285056114197 -0.64543205499649048 0.67918050289154053
vn 0.84096372127532959 -0.50243908166885376 0.20083571970462799
vn 0.61372685432434082 -0.78843998908996582 -0.04125165194272995
vn 0.27893373370170593 -0.62842178344726562 0.72614187002182007
vn 0.15025916695594788 -0.59675866365432739 -0.7882266640663147
vn -0.29532575607299805 -0.90109878778457642 0.31749594211578369
vn 0.052844680845737457 -0.6644822359085083 0.7454332709312439
vn -0.36217230558395386 -0.91483300924301147 0.1786387711763382
vn -0.38091468811035156 -0.90987503528594971 0.16441242396831512
vn 0.21066665649414062 -0.59804493188858032 -0.77327990531921387
vn 0.14020279049873352 -0.64693266153335571 0.74954736232757568
vn 0.010741697624325752 -0.67429590225219727 0.73838311433792114
vn -0.38910269737243652 -0.91969448328018188 -0.05254683643579483
vn 0.21818958222866058 -0.74283730983734131 0.63291865587234497
vn 0.45401468873023987 -0.60570979118347168 0.6534419059753418
vn 0.25542217493057251 -0.58300858736038208 -0.77127200365066528
vn -0.29505276679992676 -0.88953298330307007 -0.34881937503814697
vn 0.073275208473205566 -0.62497389316558838 -0.77719908952713013
vn 0.040791656821966171 -0.66633063554763794 0.74453985691070557
vn 0.28971350193023682 -0.90792322158813477 0.30288863182067871
vn 0.45270213484764099 -0.67868411540985107 0.57831531763076782
vn -0.31197437644004822 -0.88709533214569092 -0.3401968777179718
vn 0.22720180451869965 -0.63035589456558228 0.74231451749801636
vn 0.21572612226009369 -0.62437540292739868 0.75074470043182373
vn 0.81548470258712769 -0.55299568176269531 -0.17082300782203674
vn 0.068722553551197052 -0.81094086170196533 -0.58107841014862061
vn -0.043497096747159958 -0.7480127215385437 0.66225743293762207
vn 0.003664674935862422 -0.6890559196472168 0.72469890117645264
vn -0.024959910660982132 -0.71720767021179199 0.69641232490539551
vn -0.36903560161590576 -0.91009920835494995 -0.1884998083114624
vn 0.037140294909477234 -0.72531002759933472 0.68741977214813232
vn 0.40395677089691162 -0.56820428371429443 0.71691197156906128
vn -0.38749375939369202 -0.92186164855957031 -0.0044355969876050949
vn 0.29575589299201965 -0.60235190391540527 0.74141800403594971
vn -0.39117786288261414 -0.9133070707321167 -0.11335808783769608
vn 0.19739934802055359 -0.64363545179367065 0.73943686485290527
vn 0.12263153493404388 -0.64746952056884766 0.75216007232666016
vn -0.31920099258422852 -0.92236059904098511 -0.21762730181217194
vn 0.39585831761360168 -0.66123765707015991 0.63722914457321167
vn -0.36632460355758667 -0.91084069013595581 -0.19019857048988342
vn 0.81620633602142334 -0.47865286469459534 -0.32357171177864075
vn -0.14930836856365204 -0.73438185453414917 -0.66211044788360596
vn 0.060464363545179367 -0.621806800365448 -0.78083312511444092
vn 0.12770852446556091 -0.62084639072418213 -0.77345997095108032
vn 0.13399839401245117 -0.64699876308441162 0.75062441825866699
vn 0.056439101696014404 -0.93395686149597168 0.3529011607170105
vn 0.28485655784606934 -0.55712944269180298 -0.78004074096679688
vn 0.17504413425922394 -0.64930009841918945 0.74011415243148804
vn -0.38040715456008911 -0.91597163677215576 -0.12761789560317993
vn 0.16258332133293152 -0.63174241781234741 -0.75793677568435669
vn -0.26303473114967346 -0.87218749523162842 0.41243389248847961
vn -0.29345220327377319 -0.87967222929000854 0.37424927949905396
vn -0.039300557225942612 -0.82207155227661133 0.56802630424499512
vn 0.13286088407039642 -0.59868168830871582 -0.78989124298095703
vn -0.2489243745803833 -0.81128484010696411 -0.52901184558868408
vn 0.040608968585729599 -0.63250142335891724 -0.77349388599395752
vn 0.249454066157341 -0.56502145528793335 -0.78646260499954224
vn 0.49007901549339294 -0.57811224460601807 -0.65238702297210693
vn 0.10867548733949661 -0.65799921751022339 0.74513530731201172
vn 0.016559692099690437 -0.69067078828811646 -0.72297966480255127
vn 0.41323065757751465 -0.64387094974517822 0.64394921064376831
vn -0.35453781485557556 -0.93135404586791992 0.082961097359657288
vn 0.40623933076858521 -0.59741920232772827 0.69141876697540283
vn 0.11876728385686874 -0.6065869927406311 -0.78609573841094971
vn 0.26150214672088623 -0.63314014673233032 0.72852605581283569
vn 0.15945546329021454 -0.94523507356643677 0.28478872776031494
vn 0.71539777517318726 -0.52509009838104248 -0.46096250414848328
vn 0.81864321231842041 -0.55175811052322388 0.159330815076828
vn 0.13454623520374298 -0.65338879823684692 0.74497002363204956
vn 0.12438520789146423 -0.64747846126556396 0.75186431407928467
vn 0.12286069989204407 -0.60225671529769897 -0.78879153728485107
vn 0.43714815378189087 -0.56688916683197021 0.69823932647705078
vn 0.17799364030361176 -0.64023333787918091 0.74727475643157959
vn 0.049284178763628006 -0.76646709442138672 0.64038997888565063
vn -0.39173424243927002 -0.91451185941696167 -0.10105599462985992
vn 0.37406527996063232 -0.60352408885955811 -0.70415467023849487
vn -0.39043831825256348 -0.91966801881790161 -0.042055532336235046
vn -0.0099049750715494156 -0.99147087335586548 0.12995144724845886
vn -0.38725084066390991 -0.9215819239616394 -0.026899486780166626
vn 0.7599949836730957 -0.6210905909538269 -0.19145256280899048
vn 0.17238035798072815 -0.63578587770462036 0.75237047672271729
vn 0.052562084048986435 -0.64849650859832764 -0.75940078496932983
vn 0.44973960518836975 -0.50660324096679688 -0.73558646440505981
vn 0.039788797497749329 -0.66746360063552856 0.74357861280441284
vn 0.091577164828777313 -0.65764504671096802 0.7477409839630127
vn 0.65062016248703003 -0.67825645208358765 -0.34155759215354919
vn -0.36786240339279175 -0.90979087352752686 0.19224421679973602
vn 0.29726436734199524 -0.61168777942657471 0.73312479257583618
vn 0.0026643075980246067 -0.68560713529586792 0.72796684503555298
vn 0.32900619506835938 -0.71283805370330811 -0.61936807632446289
vn 0.26144391298294067 -0.62101507186889648 0.73890954256057739
vn -0.065277084708213806 -0.78857570886611938 0.61146318912506104
vn 0.14509691298007965 -0.69473320245742798 0.70448040962219238
vn 0.12138558924198151 -0.60102766752243042 -0.78995651006698608
vn 0.052614059299230576 -0.69359445571899414 0.71844172477722168
vn -0.13973315060138702 -0.88124412298202515 0.45153447985649109
vn 0.62383514642715454 -0.60456657409667969 0.49530693888664246
vn -0.38114839792251587 -0.91851794719696045 0.10512217134237289
vn -0.34753406047821045 -0.93409556150436401 0.081765130162239075
vn -0.11423508077859879 -0.81493502855300903 0.56818234920501709
vn 0.12007436901330948 -0.66654258966445923 0.7357330322265625
vn 0.34735831618309021 -0.59122782945632935 -0.72786802053451538
vn 0.16185334324836731 -0.59184455871582031 -0.7896350622177124
vn 0.32897680997848511 -0.59342497587203979 0.73458904027938843
vn 0.61570471525192261 -0.51518553495407104 -0.59623110294342041
vn 0.7705308198928833 -0.49883344769477844 -0.39679646492004395
vn 0.16796083748340607 -0.59894227981567383 -0.78297972679138184
vn 0.8078378438949585 -0.48551666736602783 -0.33417293429374695
vn 0.38745865225791931 -0.53944492340087891 -0.74757939577102661
vn -0.36900800466537476 -0.92404043674468994 0.0999116450548172
vn -0.11816435307264328 -0.83572614192962646 0.53628253936767578
vn -0.3692362904548645 -0.91252434253692627 0.17596560716629028
vn 0.5326198935508728 -0.4977455735206604 -0.68451833724975586
vn 0.29048341512680054 -0.66043531894683838 0.69241935014724731
vn 0.45323964953422546 -0.55838304758071899 0.69482529163360596
vn 0.43758952617645264 -0.51827418804168701 -0.7347838282585144
vn 0.23423624038696289 -0.56957632303237915 -0.78785544633865356
vn 0.12835042178630829 -0.623587965965271 -0.77114474773406982
vn 0.23753887414932251 -0.70153027772903442 0.67188584804534912
vn 0.10635789483785629 -0.7296445369720459 -0.67550486326217651
vn -0.30202639102935791 -0.87062740325927734 -0.38831430673599243
vn 0.24364013969898224 -0.61882758140563965 0.74678772687911987
vn -0.33594140410423279 -0.90338295698165894 -0.26653814315795898
vn 0.01350084226578474 -0.6733546257019043 0.73919641971588135
vn 0.033699091523885727 -0.97302180528640747 0.22823886573314667
vn 0.30910718441009521 -0.66267168521881104 0.68214291334152222
vn -0.38766968250274658 -0.91953557729721069 -0.064548291265964508
vn 0.38891750574111938 -0.59442770481109619 -0.7038457989692688
vn 0.4051816463470459 -0.66711437702178955 0.62512898445129395
vn 0.2658923864364624 -0.56888478994369507 -0.77824890613555908
vn -0.16386337578296661 -0.79818058013916016 0.57970380783081055
vn -0.1438319981098175 -0.75219553709030151 -0.64305073022842407
vn -0.16169948875904083 -0.80128777027130127 0.57601320743560791
vn 0.18706558644771576 -0.64914882183074951 0.73730069398880005
vn 0.15123102068901062 -0.59315222501754761 -0.79075890779495239
f 1//1 2214//2214 2343//2343
f 4//4 5//5 2343//2343
f 6//6 5//5 13//13
f 2343//2343 6//6 2649//2649
f 2649//2649 1//1 2343//2343
f 2//2 3016//3016 2750//2750
f 2358//2358 8//8 9//9
f 2750//2750 8//8 3//3
f 8//8 2358//2358 3//3
f 5//5 2344//2344 12//12
f 23//23 2344//2344 11//11
f 6//6 13//13 14//14
f 16//16 8//8 7//7
f 16//16 18//18 9//9
f 2889//2889 9//9 18//18
f 2357//2357 2889//2889 19//19
f 28//28 2889//2889 18//18
f 20//20 2355//2355 10//10
f 2355//2355 2337//2337 10//10
f 2915//2915 23//23 11//11
f 24//24 14//14 13//13
f 26//26 2950//2950 25//25
f 17//17 28//28 18//18
f 2889//2889 28//28 19//19
f 19//19 20//20 10//10
f 22//22 2220//2220 31//31
f 31//31 32//32 22//22
f 33//33 2699//2699 32//32
f 34//34 2977//2977 33//33
f 24//24 35//35 25//25
f 26//26 2406//2406 27//27
f 27//27 2924//2924 2679//2679
f 16//16 2679//2679 2924//2924
f 28//28 17//17 39//39
f 29//29 28//28 39//39
f 42//42 2926//2926 41//41
f 43//43 44//44 2354//2354
f 45//45 44//44 58//58
f 31//31 30//30 59//59
f 32//32 47//47 2477//2477
f 33//33 2477//2477 48//48
f 34//34 48//48 49//49
f 2736//2736 49//49 50//50
f 66//66 36//36 35//35
f 2406//2406 51//51 52//52
f 2795//2795 2691//2691 53//53
f 40//40 2795//2795 54//54
f 40//40 41//41 29//29
f 2843//2843 42//42 41//41
f 42//42 2712//2712 43//43
f 2712//2712 58//58 44//44
f 44//44 45//45 2354//2354
f 2708//2708 45//45 58//58
f 2352//2352 2333//2333 45//45
f 46//46 2223//2223 2345//2345
f 61//61 62//62 2477//2477
f 62//62 63//63 48//48
f 49//49 63//63 64//64
f 50//50 64//64 65//65
f 52//52 67//67 68//68
f 53//53 2441//2441 70//70
f 55//55 54//54 71//71
f 55//55 72//72 56//56
f 56//56 73//73 57//57
f 74//74 57//57 73//73
f 58//58 2833//2833 2708//2708
f 2833//2833 58//58 57//57
f 2353//2353 76//76 2888//2888
f 100//100 2959//2959 78//78
f 79//79 59//59 46//46
f 81//81 60//60 80//80
f 62//62 81//81 82//82
f 63//63 82//82 83//83
f 64//64 83//83 84//84
f 65//65 84//84 85//85
f 88//88 67//67 87//87
f 68//68 88//88 89//89
f 70//70 69//69 90//90
f 71//71 53//53 92//92
f 72//72 71//71 3024//3024
f 2833//2833 76//76 2708//2708
f 96//96 76//76 75//75
f 97//97 96//96 120//120
f 2888//2888 77//77 2353//2353
f 2959//2959 101//101 80//80
f 101//101 102//102 80//80
f 81//81 102//102 103//103
f 82//82 103//103 104//104
f 83//83 104//104 105//105
f 84//84 105//105 106//106
f 85//85 106//106 107//107
f 107//107 86//86 85//85
f 109//109 108//108 2816//2816
f 87//87 109//109 2890//2890
f 111//111 112//112 89//89
f 92//92 91//91 114//114
f 3024//3024 115//115 93//93
f 94//94 117//117 118//118
f 94//94 95//95 74//74
f 95//95 119//119 75//75
f 98//98 97//97 121//121
f 98//98 121//121 122//122
f 125//125 126//126 101//101
f 102//102 126//126 127//127
f 103//103 127//127 128//128
f 104//104 128//128 129//129
f 105//105 129//129 130//130
f 106//106 130//130 131//131
f 107//107 131//131 132//132
f 108//108 132//132 133//133
f 111//111 110//110 135//135
f 114//114 138//138 139//139
f 115//115 114//114 139//139
f 116//116 115//115 139//139
f 117//117 116//116 141//141
f 142//142 117//117 141//141
f 143//143 144//144 2709//2709
f 2709//2709 119//119 95//95
f 121//121 147//147 122//122
f 3058//3058 125//125 124//124
f 126//126 149//149 150//150
f 127//127 150//150 151//151
f 128//128 151//151 152//152
f 129//129 152//152 153//153
f 130//130 153//153 154//154
f 131//131 154//154 155//155
f 132//132 155//155 156//156
f 136//136 159//159 160//160
f 159//159 136//136 135//135
f 139//139 138//138 162//162
f 141//141 140//140 164//164
f 142//142 141//141 165//165
f 143//143 166//166 167//167
f 144//144 167//167 145//145
f 168//168 169//169 2989//2989
f 147//147 170//170 148//148
f 174//174 173//173 172//172
f 2830//2830 173//173 174//174
f 175//175 2830//2830 174//174
f 176//176 3058//3058 175//175
f 150//150 176//176 177//177
f 151//151 177//177 178//178
f 152//152 178//178 179//179
f 153//153 179//179 180//180
f 154//154 180//180 181//181
f 155//155 181//181 182//182
f 156//156 182//182 183//183
f 156//156 2718//2718 133//133
f 185//185 3014//3014 184//184
f 158//158 185//185 186//186
f 159//159 187//187 2576//2576
f 2744//2744 137//137 160//160
f 161//161 2744//2744 189//189
f 162//162 161//161 190//190
f 163//163 162//162 191//191
f 164//164 163//163 192//192
f 165//165 164//164 193//193
f 167//167 166//166 194//194
f 2988//2988 170//170 196//196
f 171//171 197//197 2773//2773
f 170//170 171//171 148//148
f 172//172 199//199 174//174
f 174//174 199//199 200//200
f 201//201 200//200 230//230
f 201//201 202//202 176//176
f 177//177 202//202 203//203
f 178//178 203//203 204//204
f 179//179 204//204 205//205
f 180//180 205//205 206//206
f 181//181 206//206 207//207
f 182//182 207//207 208//208
f 183//183 208//208 209//209
f 2584//2584 2791//2791 209//209
f 2791//2791 210//210 184//184
f 210//210 211//211 185//185
f 211//211 212//212 186//186
f 186//186 213//213 187//187
f 188//188 2576//2576 214//214
f 190//190 189//189 217//217
f 191//191 190//190 218//218
f 192//192 191//191 219//219
f 193//193 192//192 220//220
f 169//169 223//223 195//195
f 226//226 225//225 2655//2655
f 228//228 2863//2863 198//198
f 230//230 229//229 257//257
f 201//201 230//230 231//231
f 202//202 231//231 232//232
f 203//203 232//232 233//233
f 204//204 233//233 234//234
f 205//205 234//234 235//235
f 206//206 235//235 236//236
f 207//207 236//236 237//237
f 208//208 237//237 238//238
f 209//209 238//238 239//239
f 2584//2584 239//239 240//240
f 241//241 242//242 211//211
f 2524//2524 215//215 214//214
f 216//216 215//215 245//245
f 217//217 216//216 246//246
f 218//218 217//217 247//247
f 219//219 218//218 248//248
f 220//220 219//219 249//249
f 221//221 220//220 250//250
f 222//222 224//224 223//223
f 225//225 2546//2546 2655//2655
f 196//196 226//226 2988//2988
f 253//253 226//226 2655//2655
f 253//253 254//254 227//227
f 230//230 257//257 258//258
f 231//231 258//258 259//259
f 232//232 259//259 260//260
f 233//233 260//260 261//261
f 234//234 261//261 262//262
f 235//235 262//262 263//263
f 236//236 263//263 264//264
f 237//237 264//264 265//265
f 238//238 265//265 266//266
f 267//267 2668//2668 2747//2747
f 242//242 2747//2747 2403//2403
f 245//245 244//244 270//270
f 246//246 245//245 271//271
f 247//247 246//246 272//272
f 248//248 247//247 273//273
f 249//249 248//248 274//274
f 250//250 249//249 275//275
f 252//252 277//277 278//278
f 254//254 281//281 282//282
f 256//256 284//284 285//285
f 259//259 287//287 288//288
f 260//260 288//288 289//289
f 261//261 289//289 290//290
f 262//262 290//290 291//291
f 263//263 291//291 292//292
f 264//264 292//292 293//293
f 265//265 293//293 294//294
f 266//266 294//294 295//295
f 266//266 296//296 239//239
f 297//297 2748//2748 328//328
f 267//267 297//297 2668//2668
f 270//270 269//269 301//301
f 271//271 270//270 302//302
f 272//272 271//271 303//303
f 273//273 272//272 304//304
f 274//274 273//273 305//305
f 275//275 274//274 306//306
f 276//276 275//275 307//307
f 277//277 276//276 308//308
f 278//278 277//277 309//309
f 279//279 278//278 310//310
f 312//312 280//280 279//279
f 314//314 281//281 313//313
f 282//282 281//281 314//314
f 316//316 283//283 315//315
f 317//317 349//349 318//318
f 318//318 319//319 287//287
f 288//288 319//319 320//320
f 289//289 320//320 321//321
f 290//290 321//321 322//322
f 291//291 322//322 323//323
f 292//292 323//323 324//324
f 293//293 324//324 325//325
f 294//294 325//325 326//326
f 295//295 326//326 327//327
f 295//295 2748//2748 296//296
f 301//301 2946//2946 332//332
f 302//302 301//301 333//333
f 303//303 302//302 334//334
f 304//304 303//303 335//335
f 305//305 304//304 336//336
f 306//306 305//305 337//337
f 307//307 306//306 338//338
f 308//308 307//307 339//339
f 309//309 308//308 340//340
f 310//310 309//309 341//341
f 311//311 310//310 341//341
f 312//312 311//311 342//342
f 314//314 313//313 343//343
f 317//317 347//347 348//348
f 319//319 349//349 350//350
f 320//320 350//350 351//351
f 321//321 351//351 352//352
f 322//322 352//352 353//353
f 323//323 353//353 354//354
f 324//324 354//354 355//355
f 325//325 355//355 356//356
f 326//326 356//356 357//357
f 327//327 357//357 358//358
f 2796//2796 358//358 359//359
f 2796//2796 328//328 2748//2748
f 2837//2837 360//360 391//391
f 362//362 331//331 2906//2906
f 332//332 331//331 363//363
f 333//333 332//332 364//364
f 334//334 333//333 365//365
f 335//335 334//334 366//366
f 336//336 335//335 367//367
f 337//337 336//336 368//368
f 338//338 337//337 369//369
f 339//339 338//338 370//370
f 340//340 339//339 371//371
f 341//341 340//340 372//372
f 342//342 405//405 375//375
f 377//377 2717//2717 375//375
f 343//343 377//377 344//344
f 345//345 378//378 408//408
f 379//379 345//345 410//410
f 348//348 379//379 2992//2992
f 380//380 381//381 349//349
f 350//350 381//381 382//382
f 351//351 382//382 383//383
f 352//352 383//383 384//384
f 353//353 384//384 385//385
f 354//354 385//385 386//386
f 355//355 386//386 387//387
f 356//356 387//387 388//388
f 357//357 388//388 389//389
f 358//358 389//389 390//390
f 2675//2675 2526//2526 361//361
f 362//362 392//392 393//393
f 363//363 362//362 393//393
f 364//364 363//363 394//394
f 365//365 364//364 395//395
f 366//366 365//365 396//396
f 367//367 366//366 397//397
f 368//368 367//367 398//398
f 369//369 368//368 399//399
f 370//370 369//369 400//400
f 371//371 370//370 401//401
f 372//372 371//371 402//402
f 373//373 372//372 403//403
f 374//374 373//373 404//404
f 405//405 374//374 404//404
f 406//406 405//405 440//440
f 375//375 406//406 376//376
f 407//407 376//376 406//406
f 2351//2351 2894//2894 376//376
f 376//376 2894//2894 377//377
f 345//345 409//409 444//444
f 380//380 2992//2992 411//411
f 411//411 412//412 380//380
f 381//381 412//412 413//413
f 382//382 413//413 414//414
f 383//383 414//414 415//415
f 384//384 415//415 416//416
f 385//385 416//416 417//417
f 386//386 417//417 418//418
f 387//387 418//418 419//419
f 388//388 419//419 420//420
f 389//389 420//420 421//421
f 390//390 421//421 422//422
f 423//423 422//422 457//457
f 2667//2667 425//425 2814//2814
f 395//395 394//394 429//429
f 396//396 395//395 430//430
f 397//397 396//396 431//431
f 398//398 397//397 432//432
f 399//399 398//398 433//433
f 400//400 399//399 434//434
f 401//401 400//400 435//435
f 402//402 401//401 436//436
f 403//403 402//402 437//437
f 404//404 403//403 438//438
f 405//405 404//404 439//439
f 444//444 445//445 410//410
f 411//411 445//445 446//446
f 412//412 446//446 447//447
f 413//413 447//447 448//448
f 414//414 448//448 449//449
f 415//415 449//449 450//450
f 416//416 450//450 451//451
f 417//417 451//451 452//452
f 418//418 452//452 453//453
f 419//419 453//453 454//454
f 420//420 454//454 455//455
f 421//421 455//455 456//456
f 422//422 456//456 457//457
f 459//459 2814//2814 458//458
f 459//459 2710//2710 2814//2814
f 428//428 427//427 462//462
f 429//429 428//428 463//463
f 430//430 429//429 464//464
f 431//431 430//430 465//465
f 432//432 431//431 466//466
f 433//433 432//432 467//467
f 434//434 433//433 468//468
f 435//435 434//434 469//469
f 436//436 435//435 470//470
f 437//437 436//436 471//471
f 438//438 437//437 472//472
f 439//439 438//438 473//473
f 476//476 443//443 2234//2234
f 443//443 477//477 409//409
f 444//444 477//477 478//478
f 445//445 478//478 479//479
f 446//446 479//479 480//480
f 447//447 480//480 481//481
f 448//448 481//481 482//482
f 449//449 482//482 483//483
f 450//450 483//483 484//484
f 451//451 484//484 485//485
f 452//452 485//485 486//486
f 453//453 486//486 487//487
f 454//454 487//487 488//488
f 455//455 488//488 489//489
f 456//456 489//489 490//490
f 456//456 491//491 457//457
f 2676//2676 2484//2484 493//493
f 2525//2525 496//496 2422//2422
f 2605//2605 2422//2422 497//497
f 498//498 461//461 2605//2605
f 463//463 462//462 499//499
f 464//464 463//463 500//500
f 465//465 464//464 501//501
f 466//466 465//465 502//502
f 467//467 466//466 503//503
f 468//468 467//467 504//504
f 469//469 468//468 505//505
f 470//470 469//469 506//506
f 471//471 470//470 507//507
f 472//472 471//471 508//508
f 473//473 472//472 509//509
f 474//474 473//473 510//510
f 475//475 513//513 2350//2350
f 475//475 512//512 513//513
f 478//478 515//515 516//516
f 479//479 516//516 517//517
f 480//480 517//517 518//518
f 481//481 518//518 519//519
f 482//482 519//519 520//520
f 483//483 520//520 521//521
f 484//484 521//521 522//522
f 485//485 522//522 523//523
f 486//486 523//523 524//524
f 487//487 524//524 525//525
f 488//488 525//525 526//526
f 489//489 526//526 527//527
f 567//567 2821//2821 529//529
f 2500//2500 530//530 2451//2451
f 532//532 494//494 531//531
f 496//496 533//533 497//497
f 2605//2605 536//536 498//498
f 499//499 498//498 537//537
f 500//500 499//499 538//538
f 501//501 500//500 539//539
f 502//502 501//501 540//540
f 503//503 502//502 541//541
f 504//504 503//503 542//542
f 505//505 504//504 543//543
f 506//506 505//505 544//544
f 507//507 506//506 545//545
f 508//508 507//507 546//546
f 509//509 508//508 547//547
f 510//510 509//509 548//548
f 511//511 510//510 549//549
f 550//550 511//511 549//549
f 550//550 512//512 475//475
f 516//516 553//553 554//554
f 517//517 554//554 555//555
f 518//518 555//555 556//556
f 519//519 556//556 557//557
f 520//520 557//557 558//558
f 521//521 558//558 559//559
f 522//522 559//559 560//560
f 523//523 560//560 561//561
f 524//524 561//561 562//562
f 525//525 562//562 563//563
f 526//526 563//563 564//564
f 565//565 527//527 564//564
f 566//566 528//528 565//565
f 529//529 566//566 567//567
f 569//569 534//534 2437//2437
f 536//536 535//535 570//570
f 537//537 536//536 571//571
f 538//538 537//537 572//572
f 539//539 538//538 573//573
f 540//540 539//539 574//574
f 541//541 540//540 575//575
f 542//542 541//541 576//576
f 543//543 542//542 577//577
f 544//544 543//543 578//578
f 545//545 544//544 579//579
f 546//546 545//545 580//580
f 547//547 546//546 581//581
f 548//548 547//547 582//582
f 549//549 548//548 583//583
f 550//550 549//549 584//584
f 551//551 585//585 586//586
f 587//587 2812//2812 552//552
f 553//553 588//588 589//589
f 554//554 589//589 590//590
f 555//555 590//590 591//591
f 556//556 591//591 592//592
f 557//557 592//592 593//593
f 558//558 593//593 594//594
f 559//559 594//594 595//595
f 560//560 595//595 596//596
f 561//561 596//596 597//597
f 562//562 597//597 598//598
f 563//563 598//598 599//599
f 599//599 600//600 564//564
f 565//565 600//600 601//601
f 566//566 601//601 602//602
f 567//567 602//602 603//603
f 605//605 604//604 2883//2883
f 2618//2618 607//607 2437//2437
f 3049//3049 569//569 2437//2437
f 570//570 569//569 608//608
f 571//571 570//570 609//609
f 572//572 571//571 610//610
f 573//573 572//572 611//611
f 574//574 573//573 612//612
f 575//575 574//574 613//613
f 576//576 575//575 615//615
f 577//577 576//576 616//616
f 578//578 577//577 617//617
f 579//579 578//578 618//618
f 580//580 579//579 619//619
f 581//581 580//580 620//620
f 582//582 581//581 621//621
f 583//583 582//582 622//622
f 584//584 583//583 623//623
f 585//585 584//584 624//624
f 589//589 627//627 628//628
f 590//590 628//628 629//629
f 591//591 629//629 630//630
f 592//592 630//630 631//631
f 593//593 631//631 632//632
f 594//594 632//632 633//633
f 595//595 633//633 634//634
f 596//596 634//634 635//635
f 597//597 635//635 636//636
f 598//598 636//636 637//637
f 637//637 638//638 599//599
f 600//600 638//638 639//639
f 601//601 639//639 640//640
f 641//641 640//640 676//676
f 641//641 603//603 602//602
f 2883//2883 2615//2615 642//642
f 2970//2970 2381//2381 642//642
f 607//607 2498//2498 2419//2419
f 645//645 2540//2540 644//644
f 609//609 608//608 645//645
f 610//610 609//609 646//646
f 611//611 610//610 647//647
f 612//612 611//611 648//648
f 613//613 612//612 649//649
f 614//614 613//613 650//650
f 615//615 614//614 651//651
f 616//616 615//615 652//652
f 617//617 616//616 653//653
f 618//618 617//617 654//654
f 619//619 618//618 655//655
f 620//620 619//619 656//656
f 621//621 620//620 657//657
f 622//622 621//621 658//658
f 623//623 622//622 659//659
f 624//624 623//623 660//660
f 586//586 624//624 661//661
f 626//626 662//662 2910//2910
f 627//627 662//662 663//663
f 628//628 663//663 664//664
f 629//629 664//664 665//665
f 630//630 665//665 666//666
f 631//631 666//666 667//667
f 632//632 667//667 668//668
f 633//633 668//668 669//669
f 634//634 669//669 670//670
f 635//635 670//670 671//671
f 636//636 671//671 672//672
f 672//672 673//673 637//637
f 638//638 673//673 674//674
f 639//639 674//674 675//675
f 640//640 675//675 676//676
f 641//641 676//676 677//677
f 678//678 641//641 677//677
f 2873//2873 2693//2693 678//678
f 2410//2410 2615//2615 679//679
f 681//681 2498//2498 643//643
f 681//681 2419//2419 2498//2498
f 2694//2694 644//644 2540//2540
f 645//645 644//644 684//684
f 647//647 646//646 685//685
f 648//648 647//647 686//686
f 649//649 648//648 687//687
f 650//650 649//649 688//688
f 651//651 650//650 689//689
f 652//652 651//651 690//690
f 653//653 652//652 691//691
f 654//654 653//653 692//692
f 655//655 654//654 693//693
f 656//656 655//655 694//694
f 657//657 656//656 695//695
f 658//658 657//657 696//696
f 659//659 658//658 697//697
f 660//660 659//659 698//698
f 661//661 660//660 699//699
f 2979//2979 701//701 702//702
f 745//745 2979//2979 702//702
f 664//664 703//703 704//704
f 665//665 704//704 705//705
f 666//666 705//705 706//706
f 667//667 706//706 707//707
f 668//668 707//707 708//708
f 669//669 708//708 709//709
f 670//670 709//709 710//710
f 671//671 710//710 711//711
f 672//672 711//711 712//712
f 712//712 713//713 672//672
f 673//673 713//713 714//714
f 674//674 714//714 715//715
f 675//675 715//715 716//716
f 676//676 716//716 717//717
f 677//677 717//717 718//718
f 677//677 719//719 678//678
f 2967//2967 719//719 762//762
f 2410//2410 720//720 721//721
f 680//680 721//721 2394//2394
f 683//683 682//682 2945//2945
f 683//683 725//725 644//644
f 644//644 726//726 684//684
f 685//685 684//684 727//727
f 686//686 685//685 728//728
f 687//687 686//686 729//729
f 688//688 687//687 730//730
f 689//689 688//688 731//731
f 690//690 689//689 732//732
f 691//691 690//690 733//733
f 692//692 691//691 734//734
f 693//693 692//692 735//735
f 694//694 693//693 736//736
f 695//695 694//694 737//737
f 696//696 695//695 738//738
f 697//697 696//696 739//739
f 698//698 697//697 740//740
f 699//699 698//698 741//741
f 702//702 743//743 788//788
f 703//703 745//745 746//746
f 704//704 746//746 747//747
f 705//705 747//747 748//748
f 706//706 748//748 749//749
f 707//707 749//749 750//750
f 708//708 750//750 751//751
f 709//709 751//751 752//752
f 710//710 752//752 753//753
f 711//711 753//753 754//754
f 712//712 754//754 755//755
f 713//713 755//755 756//756
f 714//714 756//756 757//757
f 715//715 757//757 758//758
f 716//716 758//758 759//759
f 717//717 759//759 760//760
f 718//718 760//760 761//761
f 718//718 762//762 719//719
f 720//720 2967//2967 763//763
f 763//763 764//764 720//720
f 2394//2394 765//765 2876//2876
f 811//811 3047//3047 766//766
f 723//723 767//767 2945//2945
f 724//724 2945//2945 768//768
f 725//725 724//724 769//769
f 726//726 725//725 770//770
f 727//727 726//726 771//771
f 728//728 727//727 772//772
f 729//729 728//728 773//773
f 730//730 729//729 774//774
f 731//731 730//730 775//775
f 732//732 731//731 776//776
f 733//733 732//732 777//777
f 734//734 733//733 778//778
f 735//735 734//734 779//779
f 736//736 735//735 780//780
f 737//737 736//736 781//781
f 738//738 737//737 782//782
f 739//739 738//738 783//783
f 740//740 739//739 784//784
f 741//741 740//740 785//785
f 742//742 741//741 786//786
f 833//833 744//744 788//788
f 744//744 789//789 745//745
f 746//746 789//789 790//790
f 747//747 790//790 791//791
f 748//748 791//791 792//792
f 749//749 792//792 793//793
f 750//750 793//793 794//794
f 751//751 794//794 795//795
f 752//752 795//795 796//796
f 753//753 796//796 797//797
f 754//754 797//797 798//798
f 755//755 798//798 799//799
f 756//756 799//799 800//800
f 757//757 800//800 801//801
f 758//758 801//801 802//802
f 759//759 802//802 803//803
f 760//760 803//803 804//804
f 761//761 804//804 805//805
f 806//806 762//762 761//761
f 763//763 806//806 807//807
f 764//764 807//807 808//808
f 809//809 765//765 808//808
f 3047//3047 811//811 767//767
f 768//768 767//767 811//811
f 769//769 768//768 813//813
f 770//770 769//769 814//814
f 771//771 770//770 815//815
f 772//772 771//771 816//816
f 773//773 772//772 817//817
f 774//774 773//773 819//819
f 775//775 774//774 820//820
f 776//776 775//775 821//821
f 777//777 776//776 822//822
f 778//778 777//777 823//823
f 779//779 778//778 824//824
f 780//780 779//779 825//825
f 781//781 780//780 826//826
f 782//782 781//781 827//827
f 783//783 782//782 828//828
f 784//784 783//783 829//829
f 785//785 784//784 830//830
f 786//786 785//785 831//831
f 787//787 786//786 832//832
f 833//833 834//834 744//744
f 789//789 834//834 835//835
f 790//790 835//835 836//836
f 791//791 836//836 837//837
f 792//792 837//837 838//838
f 793//793 838//838 839//839
f 794//794 839//839 840//840
f 795//795 840//840 841//841
f 796//796 841//841 842//842
f 797//797 842//842 843//843
f 798//798 843//843 844//844
f 799//799 844//844 845//845
f 800//800 845//845 846//846
f 801//801 846//846 847//847
f 802//802 847//847 848//848
f 803//803 848//848 849//849
f 804//804 849//849 850//850
f 805//805 850//850 851//851
f 2627//2627 2756//2756 852//852
f 853//853 854//854 809//809
f 766//766 2999//2999 2532//2532
f 812//812 2532//2532 855//855
f 813//813 812//812 856//856
f 814//814 813//813 857//857
f 815//815 814//814 858//858
f 816//816 815//815 859//859
f 817//817 816//816 860//860
f 818//818 817//817 861//861
f 819//819 818//818 862//862
f 820//820 819//819 863//863
f 821//821 820//820 864//864
f 822//822 821//821 865//865
f 823//823 822//822 866//866
f 824//824 823//823 867//867
f 825//825 824//824 868//868
f 826//826 825//825 869//869
f 827//827 826//826 870//870
f 828//828 827//827 871//871
f 829//829 828//828 872//872
f 830//830 829//829 873//873
f 831//831 830//830 874//874
f 832//832 831//831 875//875
f 834//834 876//876 877//877
f 835//835 877//877 878//878
f 836//836 878//878 879//879
f 837//837 879//879 880//880
f 838//838 880//880 881//881
f 839//839 881//881 882//882
f 840//840 882//882 883//883
f 841//841 883//883 884//884
f 842//842 884//884 885//885
f 843//843 885//885 886//886
f 844//844 886//886 887//887
f 845//845 887//887 888//888
f 846//846 888//888 889//889
f 847//847 889//889 890//890
f 848//848 890//890 891//891
f 849//849 891//891 892//892
f 850//850 892//892 893//893
f 851//851 893//893 894//894
f 895//895 851//851 894//894
f 2545//2545 897//897 853//853
f 2999//2999 810//810 854//854
f 857//857 856//856 901//901
f 858//858 857//857 902//902
f 859//859 858//858 903//903
f 860//860 859//859 904//904
f 861//861 860//860 905//905
f 862//862 861//861 906//906
f 863//863 862//862 907//907
f 864//864 863//863 908//908
f 865//865 864//864 909//909
f 866//866 865//865 910//910
f 867//867 866//866 911//911
f 868//868 867//867 912//912
f 869//869 868//868 913//913
f 870//870 869//869 914//914
f 872//872 871//871 915//915
f 873//873 872//872 916//916
f 874//874 873//873 917//917
f 875//875 874//874 918//918
f 919//919 920//920 876//876
f 877//877 920//920 921//921
f 878//878 921//921 922//922
f 879//879 922//922 923//923
f 880//880 924//924 881//881
f 882//882 924//924 925//925
f 883//883 925//925 926//926
f 884//884 926//926 927//927
f 885//885 927//927 928//928
f 886//886 928//928 929//929
f 887//887 929//929 930//930
f 888//888 930//930 931//931
f 889//889 931//931 932//932
f 890//890 932//932 933//933
f 891//891 933//933 934//934
f 892//892 934//934 935//935
f 893//893 935//935 936//936
f 938//938 3060//3060 937//937
f 3060//3060 2455//2455 2627//2627
f 939//939 898//898 2391//2391
f 3036//3036 2531//2531 899//899
f 855//855 2875//2875 900//900
f 902//902 901//901 942//942
f 903//903 902//902 943//943
f 904//904 903//903 944//944
f 905//905 904//904 945//945
f 906//906 905//905 946//946
f 907//907 906//906 947//947
f 908//908 907//907 948//948
f 909//909 908//908 949//949
f 910//910 909//909 950//950
f 911//911 910//910 951//951
f 912//912 911//911 952//952
f 913//913 912//912 953//953
f 914//914 913//913 954//954
f 871//871 914//914 955//955
f 916//916 915//915 956//956
f 917//917 916//916 957//957
f 918//918 917//917 958//958
f 920//920 960//960 961//961
f 921//921 961//961 962//962
f 922//922 962//962 963//963
f 923//923 964//964 880//880
f 924//924 964//964 965//965
f 925//925 965//965 966//966
f 926//926 966//966 967//967
f 927//927 967//967 968//968
f 928//928 968//968 969//969
f 929//929 969//969 970//970
f 930//930 970//970 971//971
f 931//931 971//971 972//972
f 932//932 972//972 973//973
f 933//933 973//973 974//974
f 934//934 974//974 975//975
f 935//935 975//975 976//976
f 936//936 976//976 977//977
f 937//937 977//977 978//978
f 938//938 978//978 979//979
f 982//982 981//981 1026//1026
f 939//939 984//984 3036//3036
f 2554//2554 2798//2798 2445//2445
f 941//941 940//940 986//986
f 942//942 941//941 987//987
f 943//943 942//942 988//988
f 944//944 943//943 989//989
f 945//945 944//944 990//990
f 946//946 945//945 991//991
f 947//947 946//946 992//992
f 948//948 947//947 993//993
f 949//949 948//948 994//994
f 950//950 949//949 995//995
f 951//951 950//950 996//996
f 952//952 951//951 997//997
f 953//953 952//952 998//998
f 954//954 953//953 999//999
f 955//955 954//954 1000//1000
f 915//915 955//955 1001//1001
f 957//957 956//956 1002//1002
f 958//958 957//957 1003//1003
f 959//959 958//958 1004//1004
f 961//961 1005//1005 1006//1006
f 962//962 1006//1006 1007//1007
f 963//963 1008//1008 923//923
f 964//964 1008//1008 1009//1009
f 965//965 1009//1009 1010//1010
f 966//966 1010//1010 1011//1011
f 967//967 1011//1011 1012//1012
f 968//968 1012//1012 1013//1013
f 969//969 1013//1013 1014//1014
f 970//970 1014//1014 1015//1015
f 971//971 1015//1015 1016//1016
f 972//972 1016//1016 1017//1017
f 973//973 1017//1017 1018//1018
f 974//974 1018//1018 1019//1019
f 975//975 1019//1019 1020//1020
f 976//976 1020//1020 1021//1021
f 977//977 1021//1021 1022//1022
f 978//978 1022//1022 1023//1023
f 979//979 1023//1023 1024//1024
f 1024//1024 2861//2861 979//979
f 2861//2861 981//981 980//980
f 984//984 983//983 1028//1028
f 985//985 2554//2554 1030//1030
f 986//986 985//985 1031//1031
f 987//987 986//986 1032//1032
f 988//988 987//987 1033//1033
f 989//989 988//988 1035//1035
f 990//990 989//989 1036//1036
f 991//991 990//990 1037//1037
f 992//992 991//991 1038//1038
f 993//993 992//992 1039//1039
f 994//994 993//993 1040//1040
f 995//995 994//994 1041//1041
f 996//996 995//995 1042//1042
f 997//997 996//996 1043//1043
f 998//998 997//997 1044//1044
f 999//999 998//998 1045//1045
f 1000//1000 999//999 1046//1046
f 1001//1001 1000//1000 1047//1047
f 956//956 1001//1001 1048//1048
f 1003//1003 1002//1002 1049//1049
f 1004//1004 1003//1003 1050//1050
f 1006//1006 1051//1051 1052//1052
f 1007//1007 1053//1053 963//963
f 1008//1008 1053//1053 1054//1054
f 1009//1009 1054//1054 1055//1055
f 1010//1010 1055//1055 1056//1056
f 1011//1011 1056//1056 1057//1057
f 1012//1012 1057//1057 1058//1058
f 1013//1013 1058//1058 1059//1059
f 1014//1014 1059//1059 1060//1060
f 1015//1015 1060//1060 1061//1061
f 1016//1016 1061//1061 1062//1062
f 1017//1017 1062//1062 1063//1063
f 1018//1018 1063//1063 1064//1064
f 1019//1019 1064//1064 1065//1065
f 1020//1020 1065//1065 1066//1066
f 1021//1021 1066//1066 1067//1067
f 1022//1022 1067//1067 1068//1068
f 1023//1023 1068//1068 1069//1069
f 1024//1024 1069//1069 1070//1070
f 2975//2975 1072//1072 1025//1025
f 1026//1026 1072//1072 1073//1073
f 1030//1030 2533//2533 1075//1075
f 1031//1031 1030//1030 1076//1076
f 1032//1032 1031//1031 1077//1077
f 1033//1033 1032//1032 1078//1078
f 1034//1034 1033//1033 1079//1079
f 1035//1035 1034//1034 1080//1080
f 1036//1036 1035//1035 1081//1081
f 1037//1037 1036//1036 1082//1082
f 1038//1038 1037//1037 1083//1083
f 1039//1039 1038//1038 1084//1084
f 1040//1040 1039//1039 1085//1085
f 1041//1041 1040//1040 1086//1086
f 1042//1042 1041//1041 1087//1087
f 1043//1043 1042//1042 1088//1088
f 1044//1044 1043//1043 1089//1089
f 1045//1045 1044//1044 1090//1090
f 1046//1046 1045//1045 1091//1091
f 1047//1047 1046//1046 1092//1092
f 1048//1048 1047//1047 1093//1093
f 1002//1002 1048//1048 1094//1094
f 1050//1050 1049//1049 1095//1095
f 1096//1096 1052//1052 1051//1051
f 1053//1053 1097//1097 1098//1098
f 1054//1054 1098//1098 1099//1099
f 1055//1055 1099//1099 1100//1100
f 1056//1056 1100//1100 1101//1101
f 1057//1057 1101//1101 1102//1102
f 1058//1058 1102//1102 1103//1103
f 1059//1059 1103//1103 1104//1104
f 1060//1060 1104//1104 1105//1105
f 1061//1061 1105//1105 1106//1106
f 1062//1062 1106//1106 1107//1107
f 1063//1063 1107//1107 1108//1108
f 1064//1064 1108//1108 1109//1109
f 1065//1065 1109//1109 1110//1110
f 1066//1066 1110//1110 1111//1111
f 1067//1067 1111//1111 1112//1112
f 1068//1068 1112//1112 1113//1113
f 1069//1069 1113//1113 1114//1114
f 1070//1070 1114//1114 1115//1115
f 1071//1071 1115//1115 1116//1116
f 1071//1071 1117//1117 1072//1072
f 1117//1117 2665//2665 1118//1118
f 1074//1074 1119//1119 1120//1120
f 1074//1074 1120//1120 2914//2914
f 2533//2533 2799//2799 1075//1075
f 1076//1076 1075//1075 1122//1122
f 1077//1077 1076//1076 1123//1123
f 1078//1078 1077//1077 1124//1124
f 1079//1079 1078//1078 1125//1125
f 1080//1080 1079//1079 1126//1126
f 1081//1081 1080//1080 1127//1127
f 1082//1082 1081//1081 1128//1128
f 1083//1083 1082//1082 1129//1129
f 1084//1084 1083//1083 1130//1130
f 1085//1085 1084//1084 1131//1131
f 1086//1086 1085//1085 1132//1132
f 1087//1087 1086//1086 1133//1133
f 1088//1088 1087//1087 1134//1134
f 1089//1089 1088//1088 1135//1135
f 1090//1090 1089//1089 1136//1136
f 1091//1091 1090//1090 1137//1137
f 1092//1092 1091//1091 1138//1138
f 1093//1093 1092//1092 1139//1139
f 1094//1094 1093//1093 1140//1140
f 1049//1049 1141//1141 1095//1095
f 1097//1097 1143//1143 1144//1144
f 1098//1098 1144//1144 1145//1145
f 1099//1099 1145//1145 1146//1146
f 1100//1100 1146//1146 1147//1147
f 1101//1101 1147//1147 1148//1148
f 1102//1102 1148//1148 1149//1149
f 1103//1103 1149//1149 1150//1150
f 1104//1104 1150//1150 1151//1151
f 1105//1105 1151//1151 1152//1152
f 1106//1106 1152//1152 1153//1153
f 1107//1107 1153//1153 1154//1154
f 1108//1108 1154//1154 1155//1155
f 1109//1109 1155//1155 1156//1156
f 1110//1110 1156//1156 1157//1157
f 1111//1111 1157//1157 1158//1158
f 1112//1112 1158//1158 1159//1159
f 1113//1113 1159//1159 1160//1160
f 1114//1114 1160//1160 1161//1161
f 1115//1115 1161//1161 1162//1162
f 1116//1116 1162//1162 1163//1163
f 1116//1116 2665//2665 1117//1117
f 1165//1165 1119//1119 2858//2858
f 1119//1119 1074//1074 1118//1118
f 1122//1122 1121//1121 1168//1168
f 1123//1123 1122//1122 1169//1169
f 1124//1124 1123//1123 1170//1170
f 1125//1125 1124//1124 1171//1171
f 1126//1126 1125//1125 1172//1172
f 1127//1127 1126//1126 1173//1173
f 1128//1128 1127//1127 1174//1174
f 1129//1129 1128//1128 1175//1175
f 1130//1130 1129//1129 1176//1176
f 1131//1131 1130//1130 1177//1177
f 1132//1132 1131//1131 1178//1178
f 1133//1133 1132//1132 1179//1179
f 1134//1134 1133//1133 1180//1180
f 1135//1135 1134//1134 1181//1181
f 1136//1136 1135//1135 1182//1182
f 1137//1137 1136//1136 1183//1183
f 1138//1138 1137//1137 1184//1184
f 1139//1139 1138//1138 1185//1185
f 1140//1140 1139//1139 1186//1186
f 1141//1141 1140//1140 1187//1187
f 1143//1143 1142//1142 1189//1189
f 1144//1144 1189//1189 1190//1190
f 1145//1145 1190//1190 1191//1191
f 1146//1146 1191//1191 1192//1192
f 1147//1147 1192//1192 1193//1193
f 1148//1148 1193//1193 1194//1194
f 1149//1149 1194//1194 1195//1195
f 1150//1150 1195//1195 1196//1196
f 1151//1151 1196//1196 1197//1197
f 1152//1152 1197//1197 1198//1198
f 1153//1153 1198//1198 1199//1199
f 1154//1154 1199//1199 1200//1200
f 1155//1155 1200//1200 1201//1201
f 1156//1156 1201//1201 1202//1202
f 1157//1157 1202//1202 1203//1203
f 1158//1158 1203//1203 1204//1204
f 1159//1159 1204//1204 1205//1205
f 1160//1160 1205//1205 1206//1206
f 1161//1161 1206//1206 1207//1207
f 1162//1162 1207//1207 1208//1208
f 1163//1163 1208//1208 1209//1209
f 1210//1210 1163//1163 1209//1209
f 2664//2664 1164//1164 1210//1210
f 1211//1211 1212//1212 1165//1165
f 1166//1166 1213//1213 2781//2781
f 1214//1214 2792//2792 1167//1167
f 1168//1168 1167//1167 2792//2792
f 1169//1169 1168//1168 1215//1215
f 1170//1170 1169//1169 1216//1216
f 1171//1171 1170//1170 1217//1217
f 1172//1172 1171//1171 1218//1218
f 1173//1173 1172//1172 1219//1219
f 1174//1174 1173//1173 1220//1220
f 1175//1175 1174//1174 1221//1221
f 1176//1176 1175//1175 1222//1222
f 1177//1177 1176//1176 1223//1223
f 1178//1178 1177//1177 1224//1224
f 1179//1179 1178//1178 1225//1225
f 1180//1180 1179//1179 1226//1226
f 1181//1181 1180//1180 1227//1227
f 1182//1182 1181//1181 1228//1228
f 1183//1183 1182//1182 1229//1229
f 1184//1184 1183//1183 1230//1230
f 1185//1185 1184//1184 1231//1231
f 1186//1186 1185//1185 1232//1232
f 1187//1187 1186//1186 1233//1233
f 1188//1188 1187//1187 1234//1234
f 1189//1189 1235//1235 1236//1236
f 1190//1190 1236//1236 1237//1237
f 1191//1191 1237//1237 1238//1238
f 1192//1192 1238//1238 1239//1239
f 1193//1193 1239//1239 1240//1240
f 1194//1194 1240//1240 1241//1241
f 1195//1195 1241//1241 1242//1242
f 1196//1196 1242//1242 1243//1243
f 1197//1197 1243//1243 1244//1244
f 1198//1198 1244//1244 1245//1245
f 1199//1199 1245//1245 1246//1246
f 1200//1200 1246//1246 1247//1247
f 1201//1201 1247//1247 1248//1248
f 1202//1202 1248//1248 1249//1249
f 1203//1203 1249//1249 1250//1250
f 1204//1204 1250//1250 1251//1251
f 1205//1205 1251//1251 1252//1252
f 1206//1206 1252//1252 1253//1253
f 1207//1207 1253//1253 1254//1254
f 1208//1208 1254//1254 1255//1255
f 1209//1209 1255//1255 2456//2456
f 1210//1210 1256//1256 2664//2664
f 2664//2664 1301//1301 1257//1257
f 1213//1213 2536//2536 2781//2781
f 2792//2792 1260//1260 1215//1215
f 1216//1216 1215//1215 1262//1262
f 1217//1217 1216//1216 1263//1263
f 1218//1218 1217//1217 1264//1264
f 1219//1219 1218//1218 1265//1265
f 1220//1220 1219//1219 1266//1266
f 1221//1221 1220//1220 1267//1267
f 1222//1222 1221//1221 1268//1268
f 1223//1223 1222//1222 1269//1269
f 1224//1224 1223//1223 1270//1270
f 1225//1225 1224//1224 1271//1271
f 1226//1226 1225//1225 1272//1272
f 1227//1227 1226//1226 1273//1273
f 1228//1228 1227//1227 1274//1274
f 1229//1229 1228//1228 1275//1275
f 1230//1230 1229//1229 1276//1276
f 1231//1231 1230//1230 1277//1277
f 1232//1232 1231//1231 1278//1278
f 1233//1233 1232//1232 1279//1279
f 1233//1233 1280//1280 1234//1234
f 1236//1236 1281//1281 1282//1282
f 1237//1237 1282//1282 1283//1283
f 1238//1238 1283//1283 1284//1284
f 1239//1239 1284//1284 1285//1285
f 1240//1240 1286//1286 1241//1241
f 1287//1287 1286//1286 1331//1331
f 1243//1243 1287//1287 1288//1288
f 1244//1244 1288//1288 1289//1289
f 1245//1245 1289//1289 1290//1290
f 1290//1290 1246//1246 1245//1245
f 1247//1247 1291//1291 1292//1292
f 1248//1248 1292//1292 1293//1293
f 1249//1249 1293//1293 1294//1294
f 1250//1250 1294//1294 1295//1295
f 1251//1251 1295//1295 1296//1296
f 1252//1252 1296//1296 1297//1297
f 1253//1253 1297//1297 1298//1298
f 1254//1254 1298//1298 1299//1299
f 2456//2456 1255//1255 1300//1300
f 1258//1258 2901//2901 1302//1302
f 1259//1259 2731//2731 1304//1304
f 1260//1260 1259//1259 1305//1305
f 1261//1261 1260//1260 1306//1306
f 1262//1262 1261//1261 1307//1307
f 1263//1263 1262//1262 1308//1308
f 1264//1264 1263//1263 1309//1309
f 1265//1265 1264//1264 1310//1310
f 1266//1266 1265//1265 1311//1311
f 1267//1267 1266//1266 1312//1312
f 1268//1268 1267//1267 1313//1313
f 1269//1269 1268//1268 1314//1314
f 1270//1270 1269//1269 1315//1315
f 1271//1271 1270//1270 1316//1316
f 1272//1272 1271//1271 1317//1317
f 1273//1273 1272//1272 1318//1318
f 1274//1274 1273//1273 1319//1319
f 1275//1275 1274//1274 1320//1320
f 1276//1276 1275//1275 1321//1321
f 1277//1277 1276//1276 1322//1322
f 3061//3061 1323//1323 1324//1324
f 1279//1279 3061//3061 1324//1324
f 1325//1325 1279//1279 1324//1324
f 1282//1282 1326//1326 1327//1327
f 1283//1283 1327//1327 1328//1328
f 1283//1283 1329//1329 1284//1284
f 1284//1284 1330//1330 1285//1285
f 1287//1287 1331//1331 1332//1332
f 1288//1288 1332//1332 1333//1333
f 1289//1289 1333//1333 1334//1334
f 1290//1290 1334//1334 1335//1335
f 1291//1291 1335//1335 1336//1336
f 1292//1292 1336//1336 1337//1337
f 1337//1337 1293//1293 1292//1292
f 1294//1294 1338//1338 1339//1339
f 1295//1295 1339//1339 1340//1340
f 1296//1296 1340//1340 1341//1341
f 1297//1297 1341//1341 1342//1342
f 1298//1298 1342//1342 1343//1343
f 1299//1299 1343//1343 1344//1344
f 1300//1300 1344//1344 1345//1345
f 1346//1346 2788//2788 1345//1345
f 2634//2634 1386//1386 1348//1348
f 2901//2901 1348//1348 1302//1302
f 2872//2872 2690//2690 1350//1350
f 1305//1305 1304//1304 1351//1351
f 1306//1306 1305//1305 1352//1352
f 1307//1307 1306//1306 1353//1353
f 1308//1308 1307//1307 1354//1354
f 1309//1309 1308//1308 1355//1355
f 1310//1310 1309//1309 1356//1356
f 1311//1311 1310//1310 1357//1357
f 1312//1312 1311//1311 1358//1358
f 1313//1313 1312//1312 1358//1358
f 1314//1314 1313//1313 1359//1359
f 1315//1315 1314//1314 1360//1360
f 1316//1316 1362//1362 1317//1317
f 1318//1318 1317//1317 1363//1363
f 1364//1364 1320//1320 1319//1319
f 1322//1322 1321//1321 2860//2860
f 2949//2949 1366//1366 1323//1323
f 1368//1368 2309//2309 1325//1325
f 1327//1327 1369//1369 1406//1406
f 2425//2425 1329//1329 1328//1328
f 1330//1330 1370//1370 2797//2797
f 2767//2767 1371//1371 1410//1410
f 1372//1372 1333//1333 1332//1332
f 1334//1334 1373//1373 1374//1374
f 1335//1335 1374//1374 1375//1375
f 1335//1335 1375//1375 1336//1336
f 1336//1336 2930//2930 1337//1337
f 1376//1376 1338//1338 1337//1337
f 1377//1377 1339//1339 1338//1338
f 1339//1339 2918//2918 1340//1340
f 1341//1341 1378//1378 1379//1379
f 1342//1342 1379//1379 1380//1380
f 1343//1343 1380//1380 1381//1381
f 1344//1344 1381//1381 1382//1382
f 1345//1345 1382//1382 1383//1383
f 1346//1346 1383//1383 1384//1384
f 1386//1386 2634//2634 1347//1347
f 1349//1349 1389//1389 2537//2537
f 1351//1351 1390//1390 1391//1391
f 1352//1352 1351//1351 1392//1392
f 1353//1353 1352//1352 1393//1393
f 1394//1394 1354//1354 3037//3037
f 1356//1356 1355//1355 1395//1395
f 1357//1357 1356//1356 1396//1396
f 1358//1358 1357//1357 1397//1397
f 2784//2784 2966//2966 1359//1359
f 1361//1361 1360//1360 1398//1398
f 1362//1362 1399//1399 2965//2965
f 1317//1317 2965//2965 1363//1363
f 1402//1402 3021//3021 1365//1365
f 1366//1366 2860//2860 2956//2956
f 1405//1405 1367//1367 1404//1404
f 1367//1367 1405//1405 2913//2913
f 1370//1370 1409//1409 1371//1371
f 2884//2884 2767//2767 1411//1411
f 1373//1373 2884//2884 1412//1412
f 1413//1413 1374//1374 1412//1412
f 1414//1414 1413//1413 2726//2726
f 1415//1415 2930//2930 1414//1414
f 1376//1376 1416//1416 1377//1377
f 1378//1378 2918//2918 1418//1418
f 1378//1378 2805//2805 1379//1379
f 1380//1380 1419//1419 1420//1420
f 1382//1382 1421//1421 1422//1422
f 1383//1383 1422//1422 1423//1423
f 1384//1384 1423//1423 2825//2825
f 1425//1425 1385//1385 1424//1424
f 1387//1387 1426//1426 1388//1388
f 1390//1390 2852//2852 1427//1427
f 1391//1391 1390//1390 1427//1427
f 1392//1392 1391//1391 1428//1428
f 1430//1430 3048//3048 1429//1429
f 1432//1432 2758//2758 1431//1431
f 1395//1395 1394//1394 1432//1432
f 1432//1432 2964//2964 1395//1395
f 2759//2759 2630//2630 2784//2784
f 1398//1398 2630//2630 1434//1434
f 1400//1400 2965//2965 2887//2887
f 2956//2956 1438//1438 1404//1404
f 2495//2495 2723//2723 1440//1440
f 1412//1412 1442//1442 1443//1443
f 2726//2726 1443//1443 2507//2507
f 1444//1444 1415//1415 1414//1414
f 1417//1417 1445//1445 1446//1446
f 2476//2476 2864//2864 2629//2629
f 1422//1422 1449//1449 1450//1450
f 2446//2446 1450//1450 2628//2628
f 2384//2384 1426//1426 2855//2855
f 1426//1426 1455//1455 2424//2424
f 2424//2424 1456//1456 2840//2840
f 1457//1457 1427//1427 2840//2840
f 2754//2754 3033//3033 1458//1458
f 1429//1429 1459//1459 1460//1460
f 3029//3029 1429//1429 1461//1461
f 3029//3029 1430//1430 1429//1429
f 1433//1433 1434//1434 2630//2630
f 2529//2529 1399//1399 1436//1436
f 1470//1470 1438//1438 2619//2619
f 2589//2589 2587//2587 1439//1439
f 2828//2828 1440//1440 2741//2741
f 1476//1476 2421//2421 2980//2980
f 2955//2955 2507//2507 1478//1478
f 2911//2911 2607//2607 1479//1479
f 1446//1446 2911//2911 1480//1480
f 1483//1483 2864//2864 1482//1482
f 1448//1448 1484//1484 1449//1449
f 1514//1514 2628//2628 1485//1485
f 1517//1517 1487//1487 1516//1516
f 1454//1454 1453//1453 1517//1517
f 1489//1489 1455//1455 1454//1454
f 1492//1492 1458//1458 1491//1491
f 3029//3029 2917//2917 1431//1431
f 2772//2772 2431//2431 1462//1462
f 1463//1463 2431//2431 1494//1494
f 1495//1495 1463//1463 1494//1494
f 1464//1464 1496//1496 1433//1433
f 1466//1466 2923//2923 2544//2544
f 1528//1528 2518//2518 1467//1467
f 1497//1497 1468//1468 2518//2518
f 1468//1468 1498//1498 1469//1469
f 1470//1470 1469//1469 1499//1499
f 1501//1501 1471//1471 1500//1500
f 1473//1473 1503//1503 2499//2499
f 1477//1477 1507//1507 2408//2408
f 1507//1507 2955//2955 1478//1478
f 2444//2444 3019//3019 1479//1479
f 1481//1481 2807//2807 2430//2430
f 1513//1513 1512//1512 1540//1540
f 2628//2628 1514//1514 1486//1486
f 1486//1486 1515//1515 2454//2454
f 2487//2487 1488//1488 1517//1517
f 1489//1489 1519//1519 2435//2435
f 2623//2623 2689//2689 1490//1490
f 1521//1521 1491//1491 2689//2689
f 2990//2990 1492//1492 1491//1491
f 1492//1492 1522//1522 1460//1460
f 2438//2438 1523//1523 1493//1493
f 1525//1525 2772//2772 1524//1524
f 1496//1496 1495//1495 1526//1526
f 2903//2903 2432//2432 1527//1527
f 1528//1528 1497//1497 2518//2518
f 1499//1499 1498//1498 2508//2508
f 1500//1500 1499//1499 1530//1530
f 1500//1500 1531//1531 1501//1501
f 1533//1533 1502//1502 1532//1532
f 3031//3031 1504//1504 2383//2383
f 1536//1536 2738//2738 2393//2393
f 2418//2418 2398//2398 2826//2826
f 1542//1542 1516//1516 2740//2740
f 1516//1516 2487//2487 1517//1517
f 1488//1488 1518//1518 1519//1519
f 1544//1544 1520//1520 2688//2688
f 1520//1520 2681//2681 1521//1521
f 2513//2513 2686//2686 1523//1523
f 1525//1525 2789//2789 2511//2511
f 2503//2503 2580//2580 1526//1526
f 2401//2401 2824//2824 2514//2514
f 2903//2903 1547//1547 2661//2661
f 2508//2508 1549//1549 1530//1530
f 1532//1532 1552//1552 1533//1533
f 2481//2481 2898//2898 3031//3031
f 1535//1535 1534//1534 1554//1554
f 1536//1536 3001//3001 1555//1555
f 1536//1536 1555//1555 2645//2645
f 2738//2738 1557//1557 2489//2489
f 2867//2867 1557//1557 2765//2765
f 1592//1592 2931//2931 1561//1561
f 1564//1564 2448//2448 1563//1563
f 2448//2448 1565//1565 1541//1541
f 2740//2740 1566//1566 1542//1542
f 1567//1567 1542//1542 1566//1566
f 1568//1568 2392//2392 2490//2490
f 1569//1569 1543//1543 1568//1568
f 2681//2681 1544//1544 1570//1570
f 2817//2817 1546//1546 2513//2513
f 2387//2387 1574//1574 2657//2657
f 2657//2657 1575//1575 2580//2580
f 1575//1575 1576//1576 2996//2996
f 1548//1548 2877//2877 1578//1578
f 1580//1580 2397//2397 2670//2670
f 1581//1581 1580//1580 2670//2670
f 2504//2504 2405//2405 1581//1581
f 1583//1583 2942//2942 1552//1552
f 2898//2898 1584//1584 1585//1585
f 1586//1586 2663//2663 1585//1585
f 2874//2874 1556//1556 1555//1555
f 2981//2981 2765//2765 1589//1589
f 2981//2981 1589//1589 2643//2643
f 1590//1590 1560//1560 1559//1559
f 1561//1561 1591//1591 1592//1592
f 1568//1568 2490//2490 1595//1595
f 1569//1569 1568//1568 1596//1596
f 2592//2592 1569//1569 2927//2927
f 1597//1597 1570//1570 2592//2592
f 2696//2696 2817//2817 1571//1571
f 2817//2817 1600//1600 2899//2899
f 3038//3038 1602//1602 2654//2654
f 2382//2382 2482//2482 1628//1628
f 1605//1605 2479//2479 2912//2912
f 2504//2504 1607//1607 1608//1608
f 2504//2504 1632//1632 1582//1582
f 1610//1610 2346//2346 1609//1609
f 2942//2942 1610//1610 1584//1584
f 1586//1586 1585//1585 1612//1612
f 2642//2642 2557//2557 1614//1614
f 1616//1616 2486//2486 1643//1643
f 1593//1593 1616//1616 2578//2578
f 1598//1598 2556//2556 2885//2885
f 2555//2555 1623//1623 1599//1599
f 1602//1602 2467//2467 1624//1624
f 2654//2654 1624//1624 1625//1625
f 2389//2389 2482//2482 3018//3018
f 2483//2483 1605//1605 1628//1628
f 2904//2904 1629//1629 1606//1606
f 3010//3010 1629//1629 2493//2493
f 1608//1608 1630//1630 1656//1656
f 1632//1632 2504//2504 1608//1608
f 2929//2929 2700//2700 1611//1611
f 1612//1612 1611//1611 2700//2700
f 2363//2363 1638//1638 2468//2468
f 2934//2934 1640//1640 2563//2563
f 1640//1640 1639//1639 2638//2638
f 2457//2457 3057//3057 1641//1641
f 2613//2613 2963//2963 2407//2407
f 2621//2621 1616//1616 1643//1643
f 1644//1644 3015//3015 1617//1617
f 2927//2927 1618//1618 1619//1619
f 2409//2409 2569//2569 1620//1620
f 2371//2371 1647//1647 1621//1621
f 3030//3030 1649//1649 1623//1623
f 2687//2687 2564//2564 1623//1623
f 2379//2379 1625//1625 1651//1651
f 2895//2895 1652//1652 1653//1653
f 2639//2639 1627//1627 1653//1653
f 1629//1629 1655//1655 2493//2493
f 2929//2929 1609//1609 1658//1658
f 1633//1633 1659//1659 1634//1634
f 2412//2412 2669//2669 2515//2515
f 2380//2380 1663//1663 1636//1636
f 1636//1636 1663//1663 1637//1637
f 1638//1638 2562//2562 1664//1664
f 2640//2640 2987//2987 2557//2557
f 2458//2458 1641//1641 2638//2638
f 1642//1642 1668//1668 2374//2374
f 1646//1646 2376//2376 1673//1673
f 1675//1675 2463//2463 1674//1674
f 2463//2463 1675//1675 1647//1647
f 2364//2364 2973//2973 1650//1650
f 2960//2960 2973//2973 1677//1677
f 1651//1651 1678//1678 1679//1679
f 2480//2480 2379//2379 1679//1679
f 1680//1680 2961//2961 1652//1652
f 2389//2389 2639//2639 2492//2492
f 2411//2411 2402//2402 1683//1683
f 1685//1685 1684//1684 1712//1712
f 1685//1685 1656//1656 2829//2829
f 2947//2947 2871//2871 1658//1658
f 1660//1660 1661//1661 2515//2515
f 1688//1688 1661//1661 2752//2752
f 1690//1690 2380//2380 1662//1662
f 1666//1666 2561//2561 1692//1692
f 2638//2638 1694//1694 2458//2458
f 1667//1667 1695//1695 2631//2631
f 2810//2810 1667//1667 2631//2631
f 2850//2850 1670//1670 2621//2621
f 1671//1671 1698//1698 2818//2818
f 2644//2644 1700//1700 1674//1674
f 2464//2464 1674//1674 1700//1700
f 2465//2465 2365//2365 2737//2737
f 2973//2973 2960//2960 1678//1678
f 2480//2480 1706//1706 1707//1707
f 1681//1681 1737//1737 1708//1708
f 2496//2496 1682//1682 1708//1708
f 2775//2775 3059//3059 1709//1709
f 2597//2597 2411//2411 1710//1710
f 1711//1711 2932//2932 1684//1684
f 2921//2921 1712//1712 2349//2349
f 2871//2871 1713//1713 1714//1714
f 1715//1715 1686//1686 1714//1714
f 2426//2426 3067//3067 2749//2749
f 1689//1689 2550//2550 2749//2749
f 1718//1718 1689//1689 2749//2749
f 2390//2390 2994//2994 1747//1747
f 3054//3054 2568//2568 2478//2478
f 2568//2568 2375//2375 2478//2478
f 2366//2366 1694//1694 1723//1723
f 1667//1667 2810//2810 1668//1668
f 2560//2560 1726//1726 2702//2702
f 1727//1727 1696//1696 2560//2560
f 1757//1757 2573//2573 2815//2815
f 1728//1728 1698//1698 1697//1697
f 1730//1730 2641//2641 2368//2368
f 2951//2951 3056//3056 2464//2464
f 1733//1733 1732//1732 1760//1760
f 1733//1733 2365//2365 1702//1702
f 1736//1736 1735//1735 2502//2502
f 2776//2776 1707//1707 1736//1736
f 1708//1708 1738//1738 2496//2496
f 1710//1710 3028//3028 2597//2597
f 1715//1715 1716//1716 1686//1686
f 2620//2620 1745//1745 1717//1717
f 2568//2568 1749//1749 1721//1721
f 2953//2953 1750//1750 2845//2845
f 2701//2701 2366//2366 1751//1751
f 2702//2702 1726//1726 1754//1754
f 2646//2646 2815//2815 1756//1756
f 1757//1757 2488//2488 1729//1729
f 1759//1759 2622//2622 1731//1731
f 1761//1761 1734//1734 1733//1733
f 2611//2611 2803//2803 1734//1734
f 1763//1763 2794//2794 1704//1704
f 2600//2600 1765//1765 1789//1789
f 2427//2427 2535//2535 2804//2804
f 1740//1740 3002//3002 2730//2730
f 1769//1769 1768//1768 2711//2711
f 1770//1770 2449//2449 1744//1744
f 2620//2620 1772//1772 1745//1745
f 1746//1746 1745//1745 2598//2598
f 2745//2745 1755//1755 2373//2373
f 2815//2815 2646//2646 1757//1757
f 1758//1758 2936//2936 1782//1782
f 2367//2367 2893//2893 2471//2471
f 2938//2938 2893//2893 2785//2785
f 1785//1785 2611//2611 1762//1762
f 2502//2502 2377//2377 2714//2714
f 1788//1788 2522//2522 1813//1813
f 3025//3025 2427//2427 2600//2600
f 1790//1790 2443//2443 1767//1767
f 1771//1771 1770//1770 1794//1794
f 1772//1772 1771//1771 1795//1795
f 2598//2598 1797//1797 1773//1773
f 1774//1774 1798//1798 2583//2583
f 1777//1777 1776//1776 1800//1800
f 1778//1778 1801//1801 2666//2666
f 2703//2703 2666//2666 1751//1751
f 2370//2370 1803//1803 2846//2846
f 1809//1809 2925//2925 1784//1784
f 1810//1810 2388//2388 1762//1762
f 1786//1786 2395//2395 2714//2714
f 2757//2757 1812//1812 1839//1839
f 1789//1789 2811//2811 1814//1814
f 2452//2452 2896//2896 1843//1843
f 2941//2941 2727//2727 2440//2440
f 1848//1848 1816//1816 3051//3051
f 1793//1793 1792//1792 1818//1818
f 1794//1794 1793//1793 1819//1819
f 1795//1795 1794//1794 1820//1820
f 1796//1796 1795//1795 1821//1821
f 2808//2808 1823//1823 1798//1798
f 2725//2725 2583//2583 2521//2521
f 1826//1826 1778//1778 1800//1800
f 1827//1827 1802//1802 1801//1801
f 1803//1803 1828//1828 2470//2470
f 1803//1803 1804//1804 2846//2846
f 2724//2724 2673//2673 1829//1829
f 1805//1805 1830//1830 2774//2774
f 2599//2599 2919//2919 2617//2617
f 2919//2919 2599//2599 2519//2519
f 2801//2801 1832//1832 2585//2585
f 2938//2938 1809//1809 1784//1784
f 2542//2542 1835//1835 1836//1836
f 1816//1816 1847//1847 3051//3051
f 1792//1792 1849//1849 1818//1818
f 1819//1819 1818//1818 1850//1850
f 1820//1820 1819//1819 1851//1851
f 1821//1821 1820//1820 1852//1852
f 2808//2808 1853//1853 1823//1823
f 1854//1854 2844//2844 1823//1823
f 2470//2470 2724//2724 1829//1829
f 1830//1830 2673//2673 1861//1861
f 1861//1861 2813//2813 1830//1830
f 1865//1865 1831//1831 2760//2760
f 2783//2783 1832//1832 1865//1865
f 1866//1866 3000//3000 2777//2777
f 1835//1835 2933//2933 1836//1836
f 1838//1838 2905//2905 1870//1870
f 1839//1839 1870//1870 1871//1871
f 2757//2757 1873//1873 1840//1840
f 1840//1840 1874//1874 1841//1841
f 1902//1902 2836//2836 1874//1874
f 1842//1842 1876//1876 1843//1843
f 1844//1844 1876//1876 1877//1877
f 1845//1845 1877//1877 1878//1878
f 1846//1846 1878//1878 1879//1879
f 1881//1881 1850//1850 1880//1880
f 1852//1852 1851//1851 1882//1882
f 2809//2809 1883//1883 3046//3046
f 1854//1854 1853//1853 1884//1884
f 2742//2742 2768//2768 2832//2832
f 1856//1856 2635//2635 2417//2417
f 2755//2755 1892//1892 1862//1862
f 1892//1892 2940//2940 1862//1862
f 1897//1897 1868//1868 1896//1896
f 2969//2969 1898//1898 1870//1870
f 1871//1871 1898//1898 1899//1899
f 1872//1872 1899//1899 1900//1900
f 1873//1873 1900//1900 1901//1901
f 1874//1874 1901//1901 1902//1902
f 1903//1903 1875//1875 1902//1902
f 1875//1875 1904//1904 1876//1876
f 1877//1877 1904//1904 1905//1905
f 1878//1878 1905//1905 1906//1906
f 1879//1879 1906//1906 1907//1907
f 3039//3039 1933//1933 1880//1880
f 1882//1882 1881//1881 1909//1909
f 1883//1883 1882//1882 1910//1910
f 1884//1884 3046//3046 1911//1911
f 1885//1885 1884//1884 1912//1912
f 2523//2523 2602//2602 1915//1915
f 2447//2447 2606//2606 1890//1890
f 1892//1892 1891//1891 3023//3023
f 2695//2695 1917//1917 1894//1894
f 2937//2937 2692//2692 1917//1917
f 1895//1895 1919//1919 2552//2552
f 1920//1920 2552//2552 1919//1919
f 1921//1921 2733//2733 1920//1920
f 3009//3009 2897//2897 1922//1922
f 1896//1896 1922//1922 1923//1923
f 1896//1896 3052//3052 1897//1897
f 1898//1898 1924//1924 1925//1925
f 1899//1899 1925//1925 1926//1926
f 1900//1900 1926//1926 1927//1927
f 1901//1901 1927//1927 1928//1928
f 1902//1902 1928//1928 1929//1929
f 1903//1903 1929//1929 1930//1930
f 1906//1906 1932//1932 1960//1960
f 1934//1934 1909//1909 2722//2722
f 1911//1911 1910//1910 1935//1935
f 1912//1912 1911//1911 1936//1936
f 1885//1885 3053//3053 1886//1886
f 2827//2827 1937//1937 1938//1938
f 1971//1971 1915//1915 1940//1940
f 2632//2632 1942//1942 2853//2853
f 2606//2606 2853//2853 1943//1943
f 1916//1916 1944//1944 1945//1945
f 1946//1946 1945//1945 2735//2735
f 1918//1918 2937//2937 1947//1947
f 1919//1919 1947//1947 1948//1948
f 1920//1920 1948//1948 1949//1949
f 1921//1921 1949//1949 1950//1950
f 1922//1922 1951//1951 1923//1923
f 1923//1923 1951//1951 1952//1952
f 1953//1953 3052//3052 1952//1952
f 1925//1925 1953//1953 1954//1954
f 1926//1926 1954//1954 1955//1955
f 1927//1927 1955//1955 1956//1956
f 1928//1928 1956//1956 1957//1957
f 1929//1929 1957//1957 1958//1958
f 1931//1931 1930//1930 2656//2656
f 1989//1989 1959//1959 1931//1931
f 1934//1934 2722//2722 1963//1963
f 1935//1935 1934//1934 1964//1964
f 1936//1936 1935//1935 1965//1965
f 1966//1966 3053//3053 1936//1936
f 1968//1968 1939//1939 1938//1938
f 2928//2928 1939//1939 1969//1969
f 1914//1914 2928//2928 1940//1940
f 1915//1915 1971//1971 1941//1941
f 1942//1942 1941//1941 1972//1972
f 1943//1943 1942//1942 1973//1973
f 1943//1943 1974//1974 2698//2698
f 2002//2002 2735//2735 1975//1975
f 2847//2847 1977//1977 1947//1947
f 1948//1948 1977//1977 1978//1978
f 1949//1949 1978//1978 1979//1979
f 1950//1950 1979//1979 1980//1980
f 1951//1951 1980//1980 1981//1981
f 1952//1952 1981//1981 1982//1982
f 1953//1953 1982//1982 1983//1983
f 1954//1954 1983//1983 1984//1984
f 1955//1955 1984//1984 1985//1985
f 1956//1956 1985//1985 1986//1986
f 1957//1957 1986//1986 1987//1987
f 1958//1958 1987//1987 1988//1988
f 1959//1959 2348//2348 1960//1960
f 2348//2348 1959//1959 1989//1989
f 1962//1962 2466//2466 2653//2653
f 1965//1965 1964//1964 1992//1992
f 1966//1966 1965//1965 1993//1993
f 1967//1967 1966//1966 1994//1994
f 1968//1968 1967//1967 1995//1995
f 1969//1969 1968//1968 1996//1996
f 1996//1996 3050//3050 1969//1969
f 1971//1971 1970//1970 1998//1998
f 1972//1972 3042//3042 1999//1999
f 1973//1973 1972//1972 2000//2000
f 2001//2001 3017//3017 1974//1974
f 3017//3017 2610//2610 1974//1974
f 2842//2842 1975//1975 3017//3017
f 1976//1976 2002//2002 2003//2003
f 1978//1978 2004//2004 2005//2005
f 1979//1979 2005//2005 2006//2006
f 1980//1980 2006//2006 2007//2007
f 1981//1981 2007//2007 2008//2008
f 1982//1982 2008//2008 2009//2009
f 1983//1983 2009//2009 2010//2010
f 1984//1984 2010//2010 2011//2011
f 1985//1985 2011//2011 2012//2012
f 1986//1986 2012//2012 2013//2013
f 1987//1987 2013//2013 2014//2014
f 2014//2014 1988//1988 1987//1987
f 2016//2016 2656//2656 1988//1988
f 2976//2976 2998//2998 2043//2043
f 2976//2976 2348//2348 1989//1989
f 1962//1962 1990//1990 1963//1963
f 1963//1963 1991//1991 1964//1964
f 1992//1992 1991//1991 2019//2019
f 1993//1993 1992//1992 2020//2020
f 1994//1994 1993//1993 2021//2021
f 1995//1995 1994//1994 2022//2022
f 1996//1996 1995//1995 2023//2023
f 1997//1997 1996//1996 2024//2024
f 1998//1998 1997//1997 2025//2025
f 3042//3042 2026//2026 1999//1999
f 2027//2027 1999//1999 3004//3004
f 2027//2027 2000//2000 1999//1999
f 2001//2001 2842//2842 3017//3017
f 2003//2003 2028//2028 2859//2859
f 2029//2029 2004//2004 1976//1976
f 2005//2005 2030//2030 2031//2031
f 2006//2006 2031//2031 2032//2032
f 2007//2007 2032//2032 2033//2033
f 2008//2008 2033//2033 2034//2034
f 2009//2009 2034//2034 2035//2035
f 2010//2010 2035//2035 2036//2036
f 2011//2011 2036//2036 2037//2037
f 2012//2012 2037//2037 2038//2038
f 2013//2013 2038//2038 2039//2039
f 2039//2039 2014//2014 2013//2013
f 2014//2014 2040//2040 2015//2015
f 2820//2820 2016//2016 2015//2015
f 2347//2347 2044//2044 1990//1990
f 1990//1990 2044//2044 2018//2018
f 2019//2019 2018//2018 2045//2045
f 2020//2020 2019//2019 2046//2046
f 2021//2021 2020//2020 2047//2047
f 2022//2022 2021//2021 2048//2048
f 2023//2023 2022//2022 2049//2049
f 2024//2024 2023//2023 2050//2050
f 2025//2025 2024//2024 2051//2051
f 2026//2026 2025//2025 2052//2052
f 2052//2052 3004//3004 2026//2026
f 2054//2054 2962//2962 2762//2762
f 3005//3005 2859//2859 2055//2055
f 2030//2030 2056//2056 2057//2057
f 2031//2031 2057//2057 2058//2058
f 2032//2032 2058//2058 2059//2059
f 2033//2033 2059//2059 2060//2060
f 2034//2034 2060//2060 2061//2061
f 2035//2035 2061//2061 2062//2062
f 2036//2036 2062//2062 2063//2063
f 2037//2037 2063//2063 2064//2064
f 2065//2065 2064//2064 2083//2083
f 2040//2040 2066//2066 2697//2697
f 2046//2046 2045//2045 2067//2067
f 2047//2047 2046//2046 2068//2068
f 2048//2048 2047//2047 2069//2069
f 2049//2049 2048//2048 2070//2070
f 2050//2050 2049//2049 2071//2071
f 2051//2051 2050//2050 2072//2072
f 2052//2052 2051//2051 2073//2073
f 2052//2052 3043//3043 2053//2053
f 2762//2762 2074//2074 2054//2054
f 3005//3005 2098//2098 2076//2076
f 2058//2058 2769//2769 2077//2077
f 2059//2059 2077//2077 2078//2078
f 2060//2060 2078//2078 2079//2079
f 2061//2061 2079//2079 2080//2080
f 2062//2062 2080//2080 2081//2081
f 2063//2063 2081//2081 2082//2082
f 2064//2064 2082//2082 2083//2083
f 2065//2065 2083//2083 2084//2084
f 2697//2697 2085//2085 2041//2041
f 2045//2045 2706//2706 2087//2087
f 2068//2068 2067//2067 2089//2089
f 2069//2069 2068//2068 2090//2090
f 2070//2070 2069//2069 2091//2091
f 2071//2071 2070//2070 2092//2092
f 2072//2072 2071//2071 2093//2093
f 2073//2073 2072//2072 2094//2094
f 3043//3043 2095//2095 2096//2096
f 2096//2096 2097//2097 2074//2074
f 2098//2098 2787//2787 2119//2119
f 2076//2076 2098//2098 2099//2099
f 2099//2099 2100//2100 2769//2769
f 2077//2077 2100//2100 2101//2101
f 2078//2078 2101//2101 2102//2102
f 2079//2079 2102//2102 2103//2103
f 2080//2080 2103//2103 2104//2104
f 2081//2081 2104//2104 2105//2105
f 2082//2082 2105//2105 2106//2106
f 2107//2107 2106//2106 2127//2127
f 2084//2084 2109//2109 2066//2066
f 2090//2090 2089//2089 2112//2112
f 2091//2091 2090//2090 2113//2113
f 2092//2092 2091//2091 2114//2114
f 2093//2093 2092//2092 2115//2115
f 2094//2094 2093//2093 2116//2116
f 2095//2095 2094//2094 2117//2117
f 2099//2099 2119//2119 2120//2120
f 2100//2100 2120//2120 2121//2121
f 2101//2101 2121//2121 2122//2122
f 2102//2102 2122//2122 2123//2123
f 2103//2103 2123//2123 2124//2124
f 2104//2104 2124//2124 2125//2125
f 2105//2105 2125//2125 2126//2126
f 2106//2106 2126//2126 2127//2127
f 2707//2707 2108//2108 2107//2107
f 2149//2149 2108//2108 2128//2128
f 2751//2751 2131//2131 2111//2111
f 2112//2112 2111//2111 2132//2132
f 2113//2113 2112//2112 2133//2133
f 2114//2114 2113//2113 2134//2134
f 2115//2115 2114//2114 2135//2135
f 2116//2116 2115//2115 2136//2136
f 2117//2117 2116//2116 2137//2137
f 2118//2118 2117//2117 2138//2138
f 2139//2139 2118//2118 2138//2138
f 2140//2140 2119//2119 2139//2139
f 2141//2141 2140//2140 2734//2734
f 2121//2121 2141//2141 2142//2142
f 2122//2122 2142//2142 2143//2143
f 2123//2123 2143//2143 2144//2144
f 2124//2124 2144//2144 2145//2145
f 2125//2125 2163//2163 2126//2126
f 2146//2146 2127//2127 2126//2126
f 2127//2127 2707//2707 2107//2107
f 2130//2130 2131//2131 2834//2834
f 2111//2111 2729//2729 2132//2132
f 2133//2133 2152//2152 2746//2746
f 2135//2135 2134//2134 2153//2153
f 2136//2136 2135//2135 2154//2154
f 2137//2137 2136//2136 2155//2155
f 2138//2138 2137//2137 2156//2156
f 2734//2734 2159//2159 2142//2142
f 2143//2143 2159//2159 2160//2160
f 2144//2144 2160//2160 2161//2161
f 2145//2145 2161//2161 2162//2162
f 2125//2125 2162//2162 2163//2163
f 2166//2166 2152//2152 2165//2165
f 2154//2154 2153//2153 2168//2168
f 2155//2155 2154//2154 2169//2169
f 2156//2156 2155//2155 2170//2170
f 2160//2160 2173//2173 2174//2174
f 2161//2161 2174//2174 2175//2175
f 2162//2162 2175//2175 2176//2176
f 2163//2163 2176//2176 2177//2177
f 2178//2178 2177//2177 2200//2200
f 2151//2151 2179//2179 2165//2165
f 2152//2152 2166//2166 2746//2746
f 2166//2166 2167//2167 2746//2746
f 2168//2168 2167//2167 2182//2182
f 2169//2169 2168//2168 2183//2183
f 2171//2171 2184//2184 2185//2185
f 2172//2172 2171//2171 2186//2186
f 2173//2173 2187//2187 2188//2188
f 2174//2174 2188//2188 2189//2189
f 2175//2175 2189//2189 2199//2199
f 2176//2176 2199//2199 2190//2190
f 2190//2190 2177//2177 2176//2176
f 2178//2178 2200//2200 2191//2191
f 2868//2868 2178//2178 2191//2191
f 2182//2182 2181//2181 2978//2978
f 2182//2182 2978//2978 2193//2193
f 2170//2170 2183//2183 2194//2194
f 2186//2186 2195//2195 2187//2187
f 2188//2188 2196//2196 2197//2197
f 2189//2189 2197//2197 2198//2198
f 2199//2199 2189//2189 2198//2198
f 2192//2192 2180//2180 2273//2273
f 2978//2978 2192//2192 2201//2201
f 2201//2201 2202//2202 2978//2978
f 2194//2194 2193//2193 2203//2203
f 2184//2184 2922//2922 2185//2185
f 2520//2520 2713//2713 2195//2195
f 2939//2939 2198//2198 2197//2197
f 2206//2206 2851//2851 2198//2198
f 2190//2190 2851//2851 2208//2208
f 2202//2202 2908//2908 2203//2203
f 2204//2204 2203//2203 2908//2908
f 2461//2461 2415//2415 2596//2596
f 2461//2461 2205//2205 2713//2713
f 2198//2198 2939//2939 2206//2206
f 2206//2206 2281//2281 2207//2207
f 31//31 2220//2220 2221//2221
f 2221//2221 2222//2222 30//30
f 2221//2221 30//30 31//31
f 2219//2219 2220//2220 22//22
f 2219//2219 22//22 2915//2915
f 2225//2225 123//123 99//99
f 99//99 2224//2224 2225//2225
f 99//99 78//78 2224//2224
f 78//78 2345//2345 2954//2954
f 46//46 30//30 2222//2222
f 2223//2223 46//46 2222//2222
f 2214//2214 2215//2215 2343//2343
f 2213//2213 2214//2214 1//1
f 2215//2215 4//4 2343//2343
f 4//4 2215//2215 2216//2216
f 3//3 2342//2342 2750//2750
f 3//3 2341//2341 2342//2342
f 2212//2212 2//2 2750//2750
f 11//11 2217//2217 2218//2218
f 2218//2218 2915//2915 11//11
f 2217//2217 11//11 2344//2344
f 2218//2218 2219//2219 2915//2915
f 2344//2344 4//4 2216//2216
f 2//2 2212//2212 2213//2213
f 2216//2216 2217//2217 2344//2344
f 2704//2704 2790//2790 626//626
f 587//587 3069//3069 2910//2910
f 788//788 2236//2236 2237//2237
f 833//833 2237//2237 2238//2238
f 552//552 2732//2732 2235//2235
f 2235//2235 587//587 552//552
f 2732//2732 552//552 514//514
f 2704//2704 3069//3069 2766//2766
f 2241//2241 2242//2242 1051//1051
f 1005//1005 2360//2360 2241//2241
f 2243//2243 1096//1096 2242//2242
f 2244//2244 1142//1142 2243//2243
f 1281//1281 2245//2245 2246//2246
f 1235//1235 2244//2244 2245//2245
f 876//876 2238//2238 2239//2239
f 919//919 876//876 2239//2239
f 876//876 833//833 2238//2238
f 919//919 2239//2239 2240//2240
f 960//960 919//919 2240//2240
f 1005//1005 960//960 2360//2360
f 1051//1051 1005//1005 2241//2241
f 1051//1051 2242//2242 1096//1096
f 1281//1281 1235//1235 2245//2245
f 1235//1235 1142//1142 2244//2244
f 1326//1326 1281//1281 2246//2246
f 2228//2228 2229//2229 228//228
f 228//228 198//198 2228//2228
f 198//198 2434//2434 2228//2228
f 2434//2434 198//198 172//172
f 2229//2229 255//255 228//228
f 2848//2848 255//255 2229//2229
f 173//173 2226//2226 2227//2227
f 172//172 2227//2227 2434//2434
f 443//443 2233//2233 2234//2234
f 2233//2233 443//443 408//408
f 408//408 2232//2232 2233//2233
f 2857//2857 514//514 476//476
f 346//346 378//378 345//345
f 315//315 283//283 2230//2230
f 2230//2230 2231//2231 315//315
f 283//283 2848//2848 2230//2230
f 378//378 315//315 2231//2231
f 2232//2232 408//408 378//378
f 2231//2231 2232//2232 378//378
f 2341//2341 3//3 2358//2358
f 2340//2340 2358//2358 2356//2356
f 2340//2340 2341//2341 2358//2358
f 2340//2340 2356//2356 2339//2339
f 2357//2357 2339//2339 2356//2356
f 2357//2357 2338//2338 2339//2339
f 2338//2338 2357//2357 10//10
f 10//10 2337//2337 2338//2338
f 2336//2336 2355//2355 21//21
f 21//21 2335//2335 2336//2336
f 2355//2355 2336//2336 2337//2337
f 2354//2354 2335//2335 21//21
f 2334//2334 2335//2335 2354//2354
f 45//45 2334//2334 2354//2354
f 2334//2334 45//45 2333//2333
f 2352//2352 2332//2332 2333//2333
f 2332//2332 2352//2352 2353//2353
f 2353//2353 2943//2943 2332//2332
f 2353//2353 77//77 2943//2943
f 2652//2652 98//98 2331//2331
f 2943//2943 77//77 2652//2652
f 122//122 2331//2331 98//98
f 2330//2330 2331//2331 122//122
f 148//148 2330//2330 122//122
f 2329//2329 2330//2330 148//148
f 171//171 2329//2329 148//148
f 2773//2773 2329//2329 171//171
f 2328//2328 254//254 2327//2327
f 254//254 2328//2328 227//227
f 282//282 2327//2327 254//254
f 2647//2647 314//314 2326//2326
f 2327//2327 282//282 2647//2647
f 344//344 2881//2881 2326//2326
f 314//314 344//344 2326//2326
f 2894//2894 2881//2881 344//344
f 2325//2325 2894//2894 2351//2351
f 2324//2324 2325//2325 2351//2351
f 2786//2786 2351//2351 407//407
f 2351//2351 2786//2786 2324//2324
f 2323//2323 2324//2324 2786//2786
f 2323//2323 2786//2786 2350//2350
f 2350//2350 2764//2764 2323//2323
f 661//661 625//625 586//586
f 513//513 3070//3070 2764//2764
f 2764//2764 2350//2350 513//513
f 2321//2321 2322//2322 625//625
f 2322//2322 551//551 625//625
f 700//700 742//742 2770//2770
f 700//700 2770//2770 2321//2321
f 2320//2320 787//787 2319//2319
f 875//875 2317//2317 2318//2318
f 832//832 2319//2319 787//787
f 2318//2318 832//832 875//875
f 959//959 2316//2316 918//918
f 959//959 2315//2315 2316//2316
f 918//918 2316//2316 2317//2317
f 959//959 1004//1004 2315//2315
f 2361//2361 1050//1050 2314//2314
f 918//918 2317//2317 875//875
f 1050//1050 1095//1095 2314//2314
f 2312//2312 1234//1234 2311//2311
f 1325//1325 2310//2310 1280//1280
f 1234//1234 1280//1280 2311//2311
f 1188//1188 1095//1095 1141//1141
f 1004//1004 2361//2361 2315//2315
f 1095//1095 2313//2313 2314//2314
f 2313//2313 1188//1188 2312//2312
f 1280//1280 2310//2310 2311//2311
f 1234//1234 2312//2312 1188//1188
f 2247//2247 1326//1326 2246//2246
f 2248//2248 2249//2249 2589//2589
f 2248//2248 2589//2589 1369//1369
f 1326//1326 2247//2247 1369//1369
f 2589//2589 2249//2249 2587//2587
f 2587//2587 2249//2249 2250//2250
f 2250//2250 2251//2251 2359//2359
f 2251//2251 1502//1502 2359//2359
f 2251//2251 2252//2252 1532//1532
f 1551//1551 2252//2252 2253//2253
f 2252//2252 1551//1551 1532//1532
f 2251//2251 1532//1532 1502//1502
f 2253//2253 1583//1583 1551//1551
f 1583//1583 2253//2253 2346//2346
f 2346//2346 3044//3044 2254//2254
f 2254//2254 1609//1609 2346//2346
f 2256//2256 2947//2947 2255//2255
f 2254//2254 1657//1657 1609//1609
f 1657//1657 2254//2254 2255//2255
f 2256//2256 1713//1713 2947//2947
f 1742//1742 2258//2258 1768//1768
f 2258//2258 1742//1742 2257//2257
f 1768//1768 2258//2258 2841//2841
f 2841//2841 2711//2711 1768//1768
f 2711//2711 2763//2763 1769//1769
f 1817//1817 2378//2378 2259//2259
f 2378//2378 2711//2711 2841//2841
f 1817//1817 2259//2259 1849//1849
f 2259//2259 2260//2260 1849//1849
f 2260//2260 2739//2739 1849//1849
f 2739//2739 3039//3039 1849//1849
f 1933//1933 2739//2739 2261//2261
f 3065//3065 1933//1933 3013//3013
f 1961//1961 3065//3065 2262//2262
f 1961//1961 2263//2263 2653//2653
f 2264//2264 2653//2653 2263//2263
f 2262//2262 2263//2263 1961//1961
f 2265//2265 2017//2017 2264//2264
f 2017//2017 2265//2265 2995//2995
f 2265//2265 2266//2266 2995//2995
f 2706//2706 2995//2995 2086//2086
f 2086//2086 2266//2266 2267//2267
f 2110//2110 2086//2086 2267//2267
f 2267//2267 2268//2268 2110//2110
f 2110//2110 2268//2268 2130//2130
f 2268//2268 2269//2269 2130//2130
f 2834//2834 2110//2110 2130//2130
f 2130//2130 2269//2269 2150//2150
f 2269//2269 2270//2270 2150//2150
f 2150//2150 2270//2270 2164//2164
f 2164//2164 2271//2271 2179//2179
f 2271//2271 2164//2164 2270//2270
f 2729//2729 2164//2164 2151//2151
f 2271//2271 2272//2272 2179//2179
f 3045//3045 2192//2192 2273//2273
f 2272//2272 2273//2273 2180//2180
f 2209//2209 2274//2274 2275//2275
f 2209//2209 2201//2201 2274//2274
f 3045//3045 2274//2274 2201//2201
f 2275//2275 2908//2908 2209//2209
f 2276//2276 2210//2210 2908//2908
f 2275//2275 2276//2276 2908//2908
f 1879//1879 3063//3063 1847//1847
f 2297//2297 1848//1848 2396//2396
f 1791//1791 2297//2297 2298//2298
f 2298//2298 1741//1741 1791//1791
f 1960//1960 2348//2348 2293//2293
f 2292//2292 2293//2293 2348//2348
f 2292//2292 2348//2348 2976//2976
f 2295//2295 1907//1907 2294//2294
f 1907//1907 2295//2295 3063//3063
f 2293//2293 2294//2294 1960//1960
f 2294//2294 1907//1907 1960//1960
f 2303//2303 1550//1550 1582//1582
f 2303//2303 2304//2304 1550//1550
f 2306//2306 2307//2307 1472//1472
f 2307//2307 2913//2913 1472//1472
f 1501//1501 1531//1531 2305//2305
f 1501//1501 2305//2305 2306//2306
f 1531//1531 2304//2304 2305//2305
f 1550//1550 2304//2304 1531//1531
f 2306//2306 1472//1472 1501//1501
f 2308//2308 1368//1368 2913//2913
f 3071//3071 2921//2921 2301//2301
f 2349//2349 2299//2299 2300//2300
f 2300//2300 2301//2301 2921//2921
f 2921//2921 2349//2349 2300//2300
f 2948//2948 1632//1632 2302//2302
f 2301//2301 2985//2985 3071//3071
f 1631//1631 2985//2985 2302//2302
f 2302//2302 1632//1632 1631//1631
f 2282//2282 2283//2283 2208//2208
f 2283//2283 2200//2200 2208//2208
f 2281//2281 2282//2282 2207//2207
f 2207//2207 2282//2282 2208//2208
f 2284//2284 2191//2191 2200//2200
f 2284//2284 2285//2285 2191//2191
f 2283//2283 2284//2284 2200//2200
f 2277//2277 2596//2596 2210//2210
f 2279//2279 2461//2461 2278//2278
f 2277//2277 2278//2278 2596//2596
f 2210//2210 2276//2276 2277//2277
f 2280//2280 2206//2206 2211//2211
f 2206//2206 2280//2280 2281//2281
f 2211//2211 2279//2279 2280//2280
f 2288//2288 2289//2289 2129//2129
f 2288//2288 2129//2129 2149//2149
f 3066//3066 2043//2043 2291//2291
f 2289//2289 2085//2085 2129//2129
f 2085//2085 2290//2290 2042//2042
f 2291//2291 2042//2042 2290//2290
f 2289//2289 2290//2290 2085//2085
f 2820//2820 2998//2998 2016//2016
f 2147//2147 2868//2868 2148//2148
f 2148//2148 3034//3034 2286//2286
f 2285//2285 2868//2868 2191//2191
f 2128//2128 2287//2287 2149//2149
f 2287//2287 2288//2288 2149//2149
f 2286//2286 2287//2287 2128//2128
f 2286//2286 2128//2128 2148//2148
f 2//2 2213//2213 1//1
f 8//8 2750//2750 7//7
f 2889//2889 2357//2357 2356//2356
f 2649//2649 2575//2575 3016//3016
f 2950//2950 2575//2575 14//14
f 2679//2679 15//15 2505//2505
f 16//16 2924//2924 17//17
f 19//19 28//28 29//29
f 43//43 2354//2354 21//21
f 2699//2699 2915//2915 22//22
f 2977//2977 2699//2699 33//33
f 2977//2977 2475//2475 12//12
f 35//35 24//24 2736//2736
f 26//26 27//27 2505//2505
f 38//38 39//39 17//17
f 41//41 40//40 2843//2843
f 59//59 30//30 46//46
f 34//34 33//33 48//48
f 2736//2736 34//34 49//49
f 2594//2594 2406//2406 52//52
f 2594//2594 2530//2530 37//37
f 2530//2530 2691//2691 38//38
f 2691//2691 2795//2795 39//39
f 2843//2843 54//54 55//55
f 2712//2712 56//56 57//57
f 79//79 46//46 2345//2345
f 62//62 48//48 2477//2477
f 50//50 49//49 64//64
f 65//65 2986//2986 50//50
f 2986//2986 66//66 35//35
f 36//36 66//66 51//51
f 2441//2441 2491//2491 69//69
f 70//70 92//92 53//53
f 53//53 71//71 54//54
f 55//55 71//71 72//72
f 2353//2353 2708//2708 76//76
f 79//79 60//60 59//59
f 62//62 61//61 81//81
f 63//63 62//62 82//82
f 64//64 63//63 83//83
f 65//65 64//64 84//84
f 2793//2793 65//65 85//85
f 67//67 3064//3064 2624//2624
f 92//92 3024//3024 71//71
f 73//73 93//93 94//94
f 95//95 94//94 118//118
f 94//94 74//74 73//73
f 98//98 77//77 97//97
f 81//81 80//80 102//102
f 82//82 81//81 103//103
f 83//83 82//82 104//104
f 84//84 83//83 105//105
f 85//85 84//84 106//106
f 86//86 107//107 108//108
f 91//91 3035//3035 113//113
f 91//91 113//113 114//114
f 93//93 115//115 116//116
f 116//116 117//117 93//93
f 119//119 144//144 120//120
f 100//100 99//99 124//124
f 102//102 101//101 126//126
f 103//103 102//102 127//127
f 104//104 103//103 128//128
f 105//105 104//104 129//129
f 106//106 105//105 130//130
f 107//107 106//106 131//131
f 108//108 107//107 132//132
f 133//133 2816//2816 108//108
f 87//87 2890//2890 110//110
f 135//135 136//136 111//111
f 136//136 2439//2439 112//112
f 137//137 113//113 2439//2439
f 138//138 114//114 113//113
f 116//116 139//139 140//140
f 116//116 140//140 141//141
f 117//117 142//142 118//118
f 120//120 144//144 145//145
f 146//146 121//121 120//120
f 2226//2226 173//173 123//123
f 126//126 125//125 149//149
f 127//127 126//126 150//150
f 128//128 127//127 151//151
f 129//129 128//128 152//152
f 130//130 129//129 153//153
f 131//131 130//130 154//154
f 132//132 131//131 155//155
f 133//133 132//132 156//156
f 133//133 157//157 2816//2816
f 3014//3014 135//135 134//134
f 2439//2439 160//160 137//137
f 138//138 161//161 162//162
f 162//162 140//140 139//139
f 140//140 163//163 164//164
f 141//141 164//164 165//165
f 165//165 143//143 142//142
f 168//168 2989//2989 145//145
f 123//123 2830//2830 124//124
f 125//125 3058//3058 149//149
f 150//150 149//149 176//176
f 151//151 150//150 177//177
f 152//152 151//151 178//178
f 153//153 152//152 179//179
f 154//154 153//153 180//180
f 155//155 154//154 181//181
f 156//156 155//155 182//182
f 2718//2718 156//156 183//183
f 187//187 159//159 158//158
f 161//161 189//189 190//190
f 162//162 190//190 191//191
f 163//163 191//191 192//192
f 164//164 192//192 193//193
f 194//194 168//168 167//167
f 175//175 200//200 201//201
f 175//175 201//201 176//176
f 177//177 176//176 202//202
f 178//178 177//177 203//203
f 179//179 178//178 204//204
f 180//180 179//179 205//205
f 181//181 180//180 206//206
f 182//182 181//181 207//207
f 183//183 182//182 208//208
f 2791//2791 184//184 2718//2718
f 188//188 216//216 189//189
f 189//189 216//216 217//217
f 190//190 217//217 218//218
f 191//191 218//218 219//219
f 192//192 219//219 220//220
f 193//193 220//220 221//221
f 222//222 194//194 2659//2659
f 224//224 195//195 223//223
f 195//195 225//225 196//196
f 200//200 199//199 229//229
f 202//202 201//201 231//231
f 203//203 202//202 232//232
f 204//204 203//203 233//233
f 205//205 204//204 234//234
f 206//206 205//205 235//235
f 207//207 206//206 236//236
f 208//208 207//207 237//237
f 209//209 208//208 238//238
f 2584//2584 209//209 239//239
f 3012//3012 210//210 2584//2584
f 212//212 2524//2524 213//213
f 215//215 244//244 245//245
f 216//216 245//245 246//246
f 217//217 246//246 247//247
f 218//218 247//247 248//248
f 219//219 248//248 249//249
f 220//220 249//249 250//250
f 2659//2659 251//251 222//222
f 253//253 227//227 226//226
f 228//228 2510//2510 2863//2863
f 231//231 230//230 258//258
f 232//232 231//231 259//259
f 233//233 232//232 260//260
f 234//234 233//233 261//261
f 235//235 234//234 262//262
f 236//236 235//235 263//263
f 237//237 236//236 264//264
f 238//238 237//237 265//265
f 239//239 238//238 266//266
f 210//210 3012//3012 241//241
f 242//242 268//268 243//243
f 2436//2436 2524//2524 243//243
f 244//244 269//269 270//270
f 245//245 270//270 271//271
f 246//246 271//271 272//272
f 247//247 272//272 273//273
f 248//248 273//273 274//274
f 249//249 274//274 275//275
f 250//250 275//275 276//276
f 276//276 277//277 251//251
f 277//277 252//252 251//251
f 278//278 279//279 2546//2546
f 2655//2655 280//280 253//253
f 253//253 280//280 281//281
f 255//255 284//284 2510//2510
f 258//258 257//257 287//287
f 259//259 258//258 287//287
f 260//260 259//259 288//288
f 261//261 260//260 289//289
f 262//262 261//261 290//290
f 263//263 262//262 291//291
f 264//264 263//263 292//292
f 265//265 264//264 293//293
f 266//266 265//265 294//294
f 296//296 266//266 295//295
f 242//242 2403//2403 268//268
f 2866//2866 243//243 268//268
f 270//270 301//301 302//302
f 271//271 302//302 303//303
f 272//272 303//303 304//304
f 273//273 304//304 305//305
f 274//274 305//305 306//306
f 275//275 306//306 307//307
f 276//276 307//307 308//308
f 277//277 308//308 309//309
f 278//278 309//309 310//310
f 279//279 310//310 311//311
f 311//311 312//312 279//279
f 280//280 313//313 281//281
f 287//287 257//257 286//286
f 288//288 287//287 319//319
f 289//289 288//288 320//320
f 290//290 289//289 321//321
f 291//291 290//290 322//322
f 292//292 291//291 323//323
f 293//293 292//292 324//324
f 294//294 293//293 325//325
f 295//295 294//294 326//326
f 2748//2748 295//295 327//327
f 2748//2748 297//297 296//296
f 2403//2403 2494//2494 298//298
f 331//331 2946//2946 300//300
f 301//301 332//332 333//333
f 302//302 333//333 334//334
f 303//303 334//334 335//335
f 304//304 335//335 336//336
f 305//305 336//336 337//337
f 306//306 337//337 338//338
f 307//307 338//338 339//339
f 308//308 339//339 340//340
f 309//309 340//340 341//341
f 311//311 341//341 374//374
f 342//342 2717//2717 312//312
f 316//316 315//315 346//346
f 347//347 346//346 379//379
f 319//319 318//318 349//349
f 320//320 319//319 350//350
f 321//321 320//320 351//351
f 322//322 321//321 352//352
f 323//323 322//322 353//353
f 324//324 323//323 354//354
f 325//325 324//324 355//355
f 326//326 325//325 356//356
f 327//327 326//326 357//357
f 2796//2796 2450//2450 328//328
f 328//328 2972//2972 297//297
f 2972//2972 2916//2916 2668//2668
f 361//361 330//330 2837//2837
f 331//331 362//362 363//363
f 332//332 363//363 364//364
f 333//333 364//364 365//365
f 334//334 365//365 366//366
f 335//335 366//366 367//367
f 336//336 367//367 368//368
f 337//337 368//368 369//369
f 338//338 369//369 370//370
f 339//339 370//370 371//371
f 340//340 371//371 372//372
f 341//341 372//372 373//373
f 373//373 374//374 341//341
f 375//375 376//376 377//377
f 346//346 347//347 316//316
f 350//350 349//349 381//381
f 351//351 350//350 382//382
f 352//352 351//351 383//383
f 353//353 352//352 384//384
f 354//354 353//353 385//385
f 355//355 354//354 386//386
f 356//356 355//355 387//387
f 357//357 356//356 388//388
f 358//358 357//357 389//389
f 390//390 359//359 358//358
f 2582//2582 2716//2716 360//360
f 360//360 2837//2837 329//329
f 391//391 2675//2675 2837//2837
f 361//361 362//362 2906//2906
f 363//363 393//393 394//394
f 364//364 394//394 395//395
f 365//365 395//395 396//396
f 366//366 396//396 397//397
f 367//367 397//397 398//398
f 368//368 398//398 399//399
f 369//369 399//399 400//400
f 370//370 400//400 401//401
f 371//371 401//401 402//402
f 372//372 402//402 403//403
f 373//373 403//403 404//404
f 406//406 440//440 2838//2838
f 409//409 345//345 408//408
f 2992//2992 379//379 410//410
f 381//381 380//380 412//412
f 382//382 381//381 413//413
f 383//383 382//382 414//414
f 384//384 383//383 415//415
f 385//385 384//384 416//416
f 386//386 385//385 417//417
f 387//387 386//386 418//418
f 388//388 387//387 419//419
f 389//389 388//388 420//420
f 390//390 389//389 421//421
f 2543//2543 2453//2453 2839//2839
f 2543//2543 2839//2839 2716//2716
f 2667//2667 2716//2716 2839//2839
f 393//393 427//427 428//428
f 427//427 393//393 392//392
f 395//395 429//429 430//430
f 396//396 430//430 431//431
f 397//397 431//431 432//432
f 398//398 432//432 433//433
f 399//399 433//433 434//434
f 400//400 434//434 435//435
f 401//401 435//435 436//436
f 402//402 436//436 437//437
f 403//403 437//437 438//438
f 404//404 438//438 439//439
f 405//405 439//439 440//440
f 442//442 2786//2786 407//407
f 411//411 410//410 445//445
f 412//412 411//411 446//446
f 413//413 412//412 447//447
f 414//414 413//413 448//448
f 415//415 414//414 449//449
f 416//416 415//415 450//450
f 417//417 416//416 451//451
f 418//418 417//417 452//452
f 419//419 418//418 453//453
f 420//420 419//419 454//454
f 421//421 420//420 455//455
f 422//422 421//421 456//456
f 423//423 2823//2823 422//422
f 427//427 461//461 462//462
f 428//428 462//462 463//463
f 429//429 463//463 464//464
f 430//430 464//464 465//465
f 431//431 465//465 466//466
f 432//432 466//466 467//467
f 433//433 467//467 468//468
f 434//434 468//468 469//469
f 435//435 469//469 470//470
f 436//436 470//470 471//471
f 437//437 471//471 472//472
f 438//438 472//472 473//473
f 439//439 473//473 474//474
f 474//474 440//440 439//439
f 511//511 441//441 474//474
f 444//444 409//409 477//477
f 445//445 444//444 478//478
f 446//446 445//445 479//479
f 447//447 446//446 480//480
f 448//448 447//447 481//481
f 449//449 448//448 482//482
f 450//450 449//449 483//483
f 451//451 450//450 484//484
f 452//452 451//451 485//485
f 453//453 452//452 486//486
f 454//454 453//453 487//487
f 455//455 454//454 488//488
f 456//456 455//455 489//489
f 491//491 456//456 490//490
f 2539//2539 491//491 529//529
f 2539//2539 2935//2935 457//457
f 496//496 2385//2385 495//495
f 462//462 498//498 499//499
f 463//463 499//499 500//500
f 464//464 500//500 501//501
f 465//465 501//501 502//502
f 466//466 502//502 503//503
f 467//467 503//503 504//504
f 468//468 504//504 505//505
f 469//469 505//505 506//506
f 470//470 506//506 507//507
f 471//471 507//507 508//508
f 472//472 508//508 509//509
f 473//473 509//509 510//510
f 474//474 510//510 511//511
f 441//441 511//511 475//475
f 515//515 476//476 514//514
f 478//478 477//477 515//515
f 479//479 478//478 516//516
f 480//480 479//479 517//517
f 481//481 480//480 518//518
f 482//482 481//481 519//519
f 483//483 482//482 520//520
f 484//484 483//483 521//521
f 485//485 484//484 522//522
f 486//486 485//485 523//523
f 487//487 486//486 524//524
f 488//488 487//487 525//525
f 489//489 488//488 526//526
f 490//490 489//489 527//527
f 491//491 490//490 528//528
f 492//492 529//529 2821//2821
f 532//532 2385//2385 494//494
f 535//535 497//497 534//534
f 498//498 536//536 537//537
f 499//499 537//537 538//538
f 500//500 538//538 539//539
f 501//501 539//539 540//540
f 502//502 540//540 541//541
f 503//503 541//541 542//542
f 504//504 542//542 543//543
f 505//505 543//543 544//544
f 506//506 544//544 545//545
f 507//507 545//545 546//546
f 508//508 546//546 547//547
f 509//509 547//547 548//548
f 510//510 548//548 549//549
f 511//511 550//550 475//475
f 512//512 585//585 551//551
f 514//514 2812//2812 515//515
f 516//516 515//515 553//553
f 517//517 516//516 554//554
f 518//518 517//517 555//555
f 519//519 518//518 556//556
f 520//520 519//519 557//557
f 521//521 520//520 558//558
f 522//522 521//521 559//559
f 523//523 522//522 560//560
f 524//524 523//523 561//561
f 525//525 524//524 562//562
f 526//526 525//525 563//563
f 527//527 526//526 564//564
f 527//527 528//528 490//490
f 528//528 529//529 491//491
f 2821//2821 567//567 2551//2551
f 530//530 2500//2500 2676//2676
f 568//568 531//531 2819//2819
f 2618//2618 533//533 2516//2516
f 535//535 569//569 570//570
f 536//536 570//570 571//571
f 537//537 571//571 572//572
f 538//538 572//572 573//573
f 539//539 573//573 574//574
f 540//540 574//574 575//575
f 541//541 575//575 576//576
f 542//542 576//576 577//577
f 543//543 577//577 578//578
f 544//544 578//578 579//579
f 545//545 579//579 580//580
f 546//546 580//580 581//581
f 547//547 581//581 582//582
f 548//548 582//582 583//583
f 549//549 583//583 584//584
f 550//550 584//584 585//585
f 553//553 2812//2812 588//588
f 554//554 553//553 589//589
f 555//555 554//554 590//590
f 556//556 555//555 591//591
f 557//557 556//556 592//592
f 558//558 557//557 593//593
f 559//559 558//558 594//594
f 560//560 559//559 595//595
f 561//561 560//560 596//596
f 562//562 561//561 597//597
f 563//563 562//562 598//598
f 564//564 563//563 599//599
f 565//565 564//564 600//600
f 566//566 565//565 601//601
f 567//567 566//566 602//602
f 605//605 2500//2500 2451//2451
f 531//531 568//568 532//532
f 569//569 3049//3049 608//608
f 570//570 608//608 609//609
f 571//571 609//609 610//610
f 572//572 610//610 611//611
f 573//573 611//611 612//612
f 574//574 612//612 613//613
f 575//575 613//613 614//614
f 614//614 615//615 575//575
f 576//576 615//615 616//616
f 577//577 616//616 617//617
f 578//578 617//617 618//618
f 579//579 618//618 619//619
f 580//580 619//619 620//620
f 581//581 620//620 621//621
f 582//582 621//621 622//622
f 583//583 622//622 623//623
f 584//584 623//623 624//624
f 585//585 624//624 586//586
f 587//587 2910//2910 588//588
f 589//589 588//588 627//627
f 590//590 589//589 628//628
f 591//591 590//590 629//629
f 592//592 591//591 630//630
f 593//593 592//592 631//631
f 594//594 593//593 632//632
f 595//595 594//594 633//633
f 596//596 595//595 634//634
f 597//597 596//596 635//635
f 598//598 597//597 636//636
f 599//599 598//598 637//637
f 600//600 599//599 638//638
f 601//601 600//600 639//639
f 602//602 601//601 640//640
f 604//604 603//603 2534//2534
f 606//606 2381//2381 2498//2498
f 609//609 645//645 646//646
f 610//610 646//646 647//647
f 611//611 647//647 648//648
f 612//612 648//648 649//649
f 613//613 649//649 650//650
f 614//614 650//650 651//651
f 615//615 651//651 652//652
f 616//616 652//652 653//653
f 617//617 653//653 654//654
f 618//618 654//654 655//655
f 619//619 655//655 656//656
f 620//620 656//656 657//657
f 621//621 657//657 658//658
f 622//622 658//658 659//659
f 623//623 659//659 660//660
f 624//624 660//660 661//661
f 2910//2910 662//662 627//627
f 628//628 627//627 663//663
f 629//629 628//628 664//664
f 630//630 629//629 665//665
f 631//631 630//630 666//666
f 632//632 631//631 667//667
f 633//633 632//632 668//668
f 634//634 633//633 669//669
f 635//635 634//634 670//670
f 636//636 635//635 671//671
f 637//637 636//636 672//672
f 638//638 637//637 673//673
f 639//639 638//638 674//674
f 640//640 639//639 675//675
f 643//643 2970//2970 2588//2588
f 680//680 643//643 2588//2588
f 2419//2419 681//681 682//682
f 684//684 646//646 645//645
f 647//647 685//685 686//686
f 648//648 686//686 687//687
f 649//649 687//687 688//688
f 650//650 688//688 689//689
f 651//651 689//689 690//690
f 652//652 690//690 691//691
f 653//653 691//691 692//692
f 654//654 692//692 693//693
f 655//655 693//693 694//694
f 656//656 694//694 695//695
f 657//657 695//695 696//696
f 658//658 696//696 697//697
f 659//659 697//697 698//698
f 660//660 698//698 699//699
f 661//661 699//699 700//700
f 662//662 626//626 701//701
f 662//662 2979//2979 663//663
f 664//664 663//663 703//703
f 665//665 664//664 704//704
f 666//666 665//665 705//705
f 667//667 666//666 706//706
f 668//668 667//667 707//707
f 669//669 668//668 708//708
f 670//670 669//669 709//709
f 671//671 670//670 710//710
f 672//672 671//671 711//711
f 673//673 672//672 713//713
f 674//674 673//673 714//714
f 675//675 674//674 715//715
f 676//676 675//675 716//716
f 677//677 676//676 717//717
f 719//719 677//677 718//718
f 2693//2693 2873//2873 679//679
f 2615//2615 2410//2410 2588//2588
f 2945//2945 682//682 723//723
f 683//683 724//724 725//725
f 644//644 725//725 726//726
f 684//684 726//726 727//727
f 685//685 727//727 728//728
f 686//686 728//728 729//729
f 687//687 729//729 730//730
f 688//688 730//730 731//731
f 689//689 731//731 732//732
f 690//690 732//732 733//733
f 691//691 733//733 734//734
f 692//692 734//734 735//735
f 693//693 735//735 736//736
f 694//694 736//736 737//737
f 695//695 737//737 738//738
f 696//696 738//738 739//739
f 697//697 739//739 740//740
f 698//698 740//740 741//741
f 699//699 741//741 742//742
f 2979//2979 745//745 703//703
f 704//704 703//703 746//746
f 705//705 704//704 747//747
f 706//706 705//705 748//748
f 707//707 706//706 749//749
f 708//708 707//707 750//750
f 709//709 708//708 751//751
f 710//710 709//709 752//752
f 711//711 710//710 753//753
f 712//712 711//711 754//754
f 713//713 712//712 755//755
f 714//714 713//713 756//756
f 715//715 714//714 757//757
f 716//716 715//715 758//758
f 717//717 716//716 759//759
f 718//718 717//717 760//760
f 762//762 718//718 761//761
f 722//722 2394//2394 2548//2548
f 2394//2394 722//722 680//680
f 724//724 768//768 769//769
f 725//725 769//769 770//770
f 726//726 770//770 771//771
f 727//727 771//771 772//772
f 728//728 772//772 773//773
f 729//729 773//773 774//774
f 730//730 774//774 775//775
f 731//731 775//775 776//776
f 732//732 776//776 777//777
f 733//733 777//777 778//778
f 734//734 778//778 779//779
f 735//735 779//779 780//780
f 736//736 780//780 781//781
f 737//737 781//781 782//782
f 738//738 782//782 783//783
f 739//739 783//783 784//784
f 740//740 784//784 785//785
f 741//741 785//785 786//786
f 742//742 786//786 787//787
f 744//744 745//745 702//702
f 746//746 745//745 789//789
f 747//747 746//746 790//790
f 748//748 747//747 791//791
f 749//749 748//748 792//792
f 750//750 749//749 793//793
f 751//751 750//750 794//794
f 752//752 751//751 795//795
f 753//753 752//752 796//796
f 754//754 753//753 797//797
f 755//755 754//754 798//798
f 756//756 755//755 799//799
f 757//757 756//756 800//800
f 758//758 757//757 801//801
f 759//759 758//758 802//802
f 760//760 759//759 803//803
f 761//761 760//760 804//804
f 764//764 763//763 807//807
f 764//764 765//765 721//721
f 765//765 2394//2394 721//721
f 768//768 811//811 812//812
f 768//768 812//812 813//813
f 769//769 813//813 814//814
f 770//770 814//814 815//815
f 771//771 815//815 816//816
f 772//772 816//816 817//817
f 773//773 817//817 818//818
f 818//818 819//819 773//773
f 774//774 819//819 820//820
f 775//775 820//820 821//821
f 776//776 821//821 822//822
f 777//777 822//822 823//823
f 778//778 823//823 824//824
f 779//779 824//824 825//825
f 780//780 825//825 826//826
f 781//781 826//826 827//827
f 782//782 827//827 828//828
f 783//783 828//828 829//829
f 784//784 829//829 830//830
f 785//785 830//830 831//831
f 786//786 831//831 832//832
f 833//833 788//788 2237//2237
f 789//789 744//744 834//834
f 790//790 789//789 835//835
f 791//791 790//790 836//836
f 792//792 791//791 837//837
f 793//793 792//792 838//838
f 794//794 793//793 839//839
f 795//795 794//794 840//840
f 796//796 795//795 841//841
f 797//797 796//796 842//842
f 798//798 797//797 843//843
f 799//799 798//798 844//844
f 800//800 799//799 845//845
f 801//801 800//800 846//846
f 802//802 801//801 847//847
f 803//803 802//802 848//848
f 804//804 803//803 849//849
f 805//805 804//804 850//850
f 852//852 805//805 851//851
f 807//807 2756//2756 808//808
f 765//765 810//810 2876//2876
f 812//812 855//855 856//856
f 813//813 856//856 857//857
f 814//814 857//857 858//858
f 815//815 858//858 859//859
f 816//816 859//859 860//860
f 817//817 860//860 861//861
f 818//818 861//861 862//862
f 819//819 862//862 863//863
f 820//820 863//863 864//864
f 821//821 864//864 865//865
f 822//822 865//865 866//866
f 823//823 866//866 867//867
f 824//824 867//867 868//868
f 825//825 868//868 869//869
f 826//826 869//869 870//870
f 827//827 870//870 871//871
f 828//828 871//871 872//872
f 829//829 872//872 873//873
f 830//830 873//873 874//874
f 831//831 874//874 875//875
f 834//834 833//833 876//876
f 835//835 834//834 877//877
f 836//836 835//835 878//878
f 837//837 836//836 879//879
f 838//838 837//837 880//880
f 839//839 838//838 881//881
f 840//840 839//839 882//882
f 841//841 840//840 883//883
f 842//842 841//841 884//884
f 843//843 842//842 885//885
f 844//844 843//843 886//886
f 845//845 844//844 887//887
f 846//846 845//845 888//888
f 847//847 846//846 889//889
f 848//848 847//847 890//890
f 849//849 848//848 891//891
f 850//850 849//849 892//892
f 851//851 850//850 893//893
f 805//805 852//852 806//806
f 2545//2545 853//853 2756//2756
f 808//808 853//853 809//809
f 2442//2442 2999//2999 899//899
f 2442//2442 855//855 2532//2532
f 856//856 900//900 901//901
f 857//857 901//901 902//902
f 858//858 902//902 903//903
f 859//859 903//903 904//904
f 860//860 904//904 905//905
f 861//861 905//905 906//906
f 862//862 906//906 907//907
f 863//863 907//907 908//908
f 864//864 908//908 909//909
f 865//865 909//909 910//910
f 866//866 910//910 911//911
f 867//867 911//911 912//912
f 868//868 912//912 913//913
f 869//869 913//913 914//914
f 870//870 914//914 871//871
f 872//872 915//915 916//916
f 873//873 916//916 917//917
f 874//874 917//917 918//918
f 877//877 876//876 920//920
f 878//878 877//877 921//921
f 879//879 878//878 922//922
f 880//880 879//879 923//923
f 882//882 881//881 924//924
f 883//883 882//882 925//925
f 884//884 883//883 926//926
f 885//885 884//884 927//927
f 886//886 885//885 928//928
f 887//887 886//886 929//929
f 888//888 887//887 930//930
f 889//889 888//888 931//931
f 890//890 889//889 932//932
f 891//891 890//890 933//933
f 892//892 891//891 934//934
f 893//893 892//892 935//935
f 894//894 893//893 936//936
f 3060//3060 894//894 937//937
f 2756//2756 2627//2627 2545//2545
f 896//896 2391//2391 897//897
f 3036//3036 899//899 898//898
f 2798//2798 2875//2875 2531//2531
f 900//900 940//940 941//941
f 941//941 901//901 900//900
f 902//902 942//942 943//943
f 903//903 943//943 944//944
f 904//904 944//944 945//945
f 905//905 945//945 946//946
f 906//906 946//946 947//947
f 907//907 947//947 948//948
f 908//908 948//948 949//949
f 909//909 949//949 950//950
f 910//910 950//950 951//951
f 911//911 951//951 952//952
f 912//912 952//952 953//953
f 913//913 953//953 954//954
f 914//914 954//954 955//955
f 871//871 955//955 915//915
f 916//916 956//956 957//957
f 917//917 957//957 958//958
f 918//918 958//958 959//959
f 920//920 919//919 960//960
f 921//921 920//920 961//961
f 922//922 921//921 962//962
f 923//923 922//922 963//963
f 924//924 880//880 964//964
f 925//925 924//924 965//965
f 926//926 925//925 966//966
f 927//927 926//926 967//967
f 928//928 927//927 968//968
f 929//929 928//928 969//969
f 930//930 929//929 970//970
f 931//931 930//930 971//971
f 932//932 931//931 972//972
f 933//933 932//932 973//973
f 934//934 933//933 974//974
f 935//935 934//934 975//975
f 936//936 935//935 976//976
f 936//936 937//937 894//894
f 938//938 937//937 978//978
f 982//982 2391//2391 896//896
f 2445//2445 3036//3036 984//984
f 940//940 985//985 986//986
f 941//941 986//986 987//987
f 942//942 987//987 988//988
f 943//943 988//988 989//989
f 944//944 989//989 990//990
f 945//945 990//990 991//991
f 946//946 991//991 992//992
f 947//947 992//992 993//993
f 948//948 993//993 994//994
f 949//949 994//994 995//995
f 950//950 995//995 996//996
f 951//951 996//996 997//997
f 952//952 997//997 998//998
f 953//953 998//998 999//999
f 954//954 999//999 1000//1000
f 955//955 1000//1000 1001//1001
f 915//915 1001//1001 956//956
f 957//957 1002//1002 1003//1003
f 958//958 1003//1003 1004//1004
f 961//961 960//960 1005//1005
f 962//962 961//961 1006//1006
f 963//963 962//962 1007//1007
f 964//964 923//923 1008//1008
f 965//965 964//964 1009//1009
f 966//966 965//965 1010//1010
f 967//967 966//966 1011//1011
f 968//968 967//967 1012//1012
f 969//969 968//968 1013//1013
f 970//970 969//969 1014//1014
f 971//971 970//970 1015//1015
f 972//972 971//971 1016//1016
f 973//973 972//972 1017//1017
f 974//974 973//973 1018//1018
f 975//975 974//974 1019//1019
f 976//976 975//975 1020//1020
f 977//977 976//976 1021//1021
f 978//978 977//977 1022//1022
f 979//979 978//978 1023//1023
f 980//980 896//896 2455//2455
f 981//981 982//982 896//896
f 983//983 982//982 1026//1026
f 985//985 1030//1030 1031//1031
f 986//986 1031//1031 1032//1032
f 987//987 1032//1032 1033//1033
f 988//988 1033//1033 1034//1034
f 1034//1034 1035//1035 988//988
f 989//989 1035//1035 1036//1036
f 990//990 1036//1036 1037//1037
f 991//991 1037//1037 1038//1038
f 992//992 1038//1038 1039//1039
f 993//993 1039//1039 1040//1040
f 994//994 1040//1040 1041//1041
f 995//995 1041//1041 1042//1042
f 996//996 1042//1042 1043//1043
f 997//997 1043//1043 1044//1044
f 998//998 1044//1044 1045//1045
f 999//999 1045//1045 1046//1046
f 1000//1000 1046//1046 1047//1047
f 1001//1001 1047//1047 1048//1048
f 956//956 1048//1048 1002//1002
f 1003//1003 1049//1049 1050//1050
f 1006//1006 1005//1005 1051//1051
f 1007//1007 1006//1006 1052//1052
f 1008//1008 963//963 1053//1053
f 1009//1009 1008//1008 1054//1054
f 1010//1010 1009//1009 1055//1055
f 1011//1011 1010//1010 1056//1056
f 1012//1012 1011//1011 1057//1057
f 1013//1013 1012//1012 1058//1058
f 1014//1014 1013//1013 1059//1059
f 1015//1015 1014//1014 1060//1060
f 1016//1016 1015//1015 1061//1061
f 1017//1017 1016//1016 1062//1062
f 1018//1018 1017//1017 1063//1063
f 1019//1019 1018//1018 1064//1064
f 1020//1020 1019//1019 1065//1065
f 1021//1021 1020//1020 1066//1066
f 1022//1022 1021//1021 1067//1067
f 1023//1023 1022//1022 1068//1068
f 1024//1024 1023//1023 1069//1069
f 1070//1070 2975//2975 1024//1024
f 981//981 1025//1025 1026//1026
f 1028//1028 2533//2533 1029//1029
f 1030//1030 1075//1075 1076//1076
f 1031//1031 1076//1076 1077//1077
f 1032//1032 1077//1077 1078//1078
f 1033//1033 1078//1078 1079//1079
f 1034//1034 1079//1079 1080//1080
f 1035//1035 1080//1080 1081//1081
f 1036//1036 1081//1081 1082//1082
f 1037//1037 1082//1082 1083//1083
f 1038//1038 1083//1083 1084//1084
f 1039//1039 1084//1084 1085//1085
f 1040//1040 1085//1085 1086//1086
f 1041//1041 1086//1086 1087//1087
f 1042//1042 1087//1087 1088//1088
f 1043//1043 1088//1088 1089//1089
f 1044//1044 1089//1089 1090//1090
f 1045//1045 1090//1090 1091//1091
f 1046//1046 1091//1091 1092//1092
f 1047//1047 1092//1092 1093//1093
f 1048//1048 1093//1093 1094//1094
f 1002//1002 1094//1094 1049//1049
f 1053//1053 1007//1007 1097//1097
f 1054//1054 1053//1053 1098//1098
f 1055//1055 1054//1054 1099//1099
f 1056//1056 1055//1055 1100//1100
f 1057//1057 1056//1056 1101//1101
f 1058//1058 1057//1057 1102//1102
f 1059//1059 1058//1058 1103//1103
f 1060//1060 1059//1059 1104//1104
f 1061//1061 1060//1060 1105//1105
f 1062//1062 1061//1061 1106//1106
f 1063//1063 1062//1062 1107//1107
f 1064//1064 1063//1063 1108//1108
f 1065//1065 1064//1064 1109//1109
f 1066//1066 1065//1065 1110//1110
f 1067//1067 1066//1066 1111//1111
f 1068//1068 1067//1067 1112//1112
f 1069//1069 1068//1068 1113//1113
f 1070//1070 1069//1069 1114//1114
f 1071//1071 1070//1070 1115//1115
f 1117//1117 1071//1071 1116//1116
f 2799//2799 2533//2533 2914//2914
f 1075//1075 1121//1121 1122//1122
f 1076//1076 1122//1122 1123//1123
f 1077//1077 1123//1123 1124//1124
f 1078//1078 1124//1124 1125//1125
f 1079//1079 1125//1125 1126//1126
f 1080//1080 1126//1126 1127//1127
f 1081//1081 1127//1127 1128//1128
f 1082//1082 1128//1128 1129//1129
f 1083//1083 1129//1129 1130//1130
f 1084//1084 1130//1130 1131//1131
f 1085//1085 1131//1131 1132//1132
f 1086//1086 1132//1132 1133//1133
f 1087//1087 1133//1133 1134//1134
f 1088//1088 1134//1134 1135//1135
f 1089//1089 1135//1135 1136//1136
f 1090//1090 1136//1136 1137//1137
f 1091//1091 1137//1137 1138//1138
f 1092//1092 1138//1138 1139//1139
f 1093//1093 1139//1139 1140//1140
f 1141//1141 1094//1094 1140//1140
f 1052//1052 1143//1143 1097//1097
f 1098//1098 1097//1097 1144//1144
f 1099//1099 1098//1098 1145//1145
f 1100//1100 1099//1099 1146//1146
f 1101//1101 1100//1100 1147//1147
f 1102//1102 1101//1101 1148//1148
f 1103//1103 1102//1102 1149//1149
f 1104//1104 1103//1103 1150//1150
f 1105//1105 1104//1104 1151//1151
f 1106//1106 1105//1105 1152//1152
f 1107//1107 1106//1106 1153//1153
f 1108//1108 1107//1107 1154//1154
f 1109//1109 1108//1108 1155//1155
f 1110//1110 1109//1109 1156//1156
f 1111//1111 1110//1110 1157//1157
f 1112//1112 1111//1111 1158//1158
f 1113//1113 1112//1112 1159//1159
f 1114//1114 1113//1113 1160//1160
f 1115//1115 1114//1114 1161//1161
f 1116//1116 1115//1115 1162//1162
f 2665//2665 1116//1116 1163//1163
f 1117//1117 1118//1118 1073//1073
f 2538//2538 1166//1166 2781//2781
f 1121//1121 1167//1167 1168//1168
f 1122//1122 1168//1168 1169//1169
f 1123//1123 1169//1169 1170//1170
f 1124//1124 1170//1170 1171//1171
f 1125//1125 1171//1171 1172//1172
f 1126//1126 1172//1172 1173//1173
f 1127//1127 1173//1173 1174//1174
f 1128//1128 1174//1174 1175//1175
f 1129//1129 1175//1175 1176//1176
f 1130//1130 1176//1176 1177//1177
f 1131//1131 1177//1177 1178//1178
f 1132//1132 1178//1178 1179//1179
f 1133//1133 1179//1179 1180//1180
f 1134//1134 1180//1180 1181//1181
f 1135//1135 1181//1181 1182//1182
f 1136//1136 1182//1182 1183//1183
f 1137//1137 1183//1183 1184//1184
f 1138//1138 1184//1184 1185//1185
f 1139//1139 1185//1185 1186//1186
f 1140//1140 1186//1186 1187//1187
f 1096//1096 1143//1143 1052//1052
f 1144//1144 1143//1143 1189//1189
f 1145//1145 1144//1144 1190//1190
f 1146//1146 1145//1145 1191//1191
f 1147//1147 1146//1146 1192//1192
f 1148//1148 1147//1147 1193//1193
f 1149//1149 1148//1148 1194//1194
f 1150//1150 1149//1149 1195//1195
f 1151//1151 1150//1150 1196//1196
f 1152//1152 1151//1151 1197//1197
f 1153//1153 1152//1152 1198//1198
f 1154//1154 1153//1153 1199//1199
f 1155//1155 1154//1154 1200//1200
f 1156//1156 1155//1155 1201//1201
f 1157//1157 1156//1156 1202//1202
f 1158//1158 1157//1157 1203//1203
f 1159//1159 1158//1158 1204//1204
f 1160//1160 1159//1159 1205//1205
f 1161//1161 1160//1160 1206//1206
f 1162//1162 1161//1161 1207//1207
f 1213//1213 1166//1166 1165//1165
f 2781//2781 1167//1167 2538//2538
f 1168//1168 2792//2792 1215//1215
f 1169//1169 1215//1215 1216//1216
f 1170//1170 1216//1216 1217//1217
f 1171//1171 1217//1217 1218//1218
f 1172//1172 1218//1218 1219//1219
f 1173//1173 1219//1219 1220//1220
f 1174//1174 1220//1220 1221//1221
f 1175//1175 1221//1221 1222//1222
f 1176//1176 1222//1222 1223//1223
f 1177//1177 1223//1223 1224//1224
f 1178//1178 1224//1224 1225//1225
f 1179//1179 1225//1225 1226//1226
f 1180//1180 1226//1226 1227//1227
f 1181//1181 1227//1227 1228//1228
f 1182//1182 1228//1228 1229//1229
f 1183//1183 1229//1229 1230//1230
f 1184//1184 1230//1230 1231//1231
f 1185//1185 1231//1231 1232//1232
f 1186//1186 1232//1232 1233//1233
f 1187//1187 1233//1233 1234//1234
f 1189//1189 1142//1142 1235//1235
f 1190//1190 1189//1189 1236//1236
f 1191//1191 1190//1190 1237//1237
f 1192//1192 1191//1191 1238//1238
f 1193//1193 1192//1192 1239//1239
f 1194//1194 1193//1193 1240//1240
f 1195//1195 1194//1194 1241//1241
f 1196//1196 1195//1195 1242//1242
f 1197//1197 1196//1196 1243//1243
f 1198//1198 1197//1197 1244//1244
f 1199//1199 1198//1198 1245//1245
f 1200//1200 1199//1199 1246//1246
f 1201//1201 1200//1200 1247//1247
f 1202//1202 1201//1201 1248//1248
f 1203//1203 1202//1202 1249//1249
f 1204//1204 1203//1203 1250//1250
f 1205//1205 1204//1204 1251//1251
f 1206//1206 1205//1205 1252//1252
f 1207//1207 1206//1206 1253//1253
f 1208//1208 1207//1207 1254//1254
f 1209//1209 1208//1208 1255//1255
f 1210//1210 1209//1209 1256//1256
f 1164//1164 2664//2664 1211//1211
f 1258//1258 2677//2677 1212//1212
f 1215//1215 1260//1260 1261//1261
f 1261//1261 1262//1262 1215//1215
f 1216//1216 1262//1262 1263//1263
f 1217//1217 1263//1263 1264//1264
f 1218//1218 1264//1264 1265//1265
f 1219//1219 1265//1265 1266//1266
f 1220//1220 1266//1266 1267//1267
f 1221//1221 1267//1267 1268//1268
f 1222//1222 1268//1268 1269//1269
f 1223//1223 1269//1269 1270//1270
f 1224//1224 1270//1270 1271//1271
f 1225//1225 1271//1271 1272//1272
f 1226//1226 1272//1272 1273//1273
f 1227//1227 1273//1273 1274//1274
f 1228//1228 1274//1274 1275//1275
f 1229//1229 1275//1275 1276//1276
f 1230//1230 1276//1276 1277//1277
f 1231//1231 1277//1277 1278//1278
f 1232//1232 1278//1278 1279//1279
f 1236//1236 1235//1235 1281//1281
f 1237//1237 1236//1236 1282//1282
f 1238//1238 1237//1237 1283//1283
f 1239//1239 1238//1238 1284//1284
f 1240//1240 1239//1239 1285//1285
f 1241//1241 1287//1287 1242//1242
f 1243//1243 1242//1242 1287//1287
f 1244//1244 1243//1243 1288//1288
f 1245//1245 1244//1244 1289//1289
f 1246//1246 1290//1290 1291//1291
f 1247//1247 1246//1246 1291//1291
f 1248//1248 1247//1247 1292//1292
f 1249//1249 1248//1248 1293//1293
f 1250//1250 1249//1249 1294//1294
f 1251//1251 1250//1250 1295//1295
f 1252//1252 1251//1251 1296//1296
f 1253//1253 1252//1252 1297//1297
f 1254//1254 1253//1253 1298//1298
f 1255//1255 1299//1299 1300//1300
f 1209//1209 2456//2456 1256//1256
f 1256//1256 2456//2456 2678//2678
f 2731//2731 2536//2536 1303//1303
f 1259//1259 1304//1304 1305//1305
f 1260//1260 1305//1305 1306//1306
f 1261//1261 1306//1306 1307//1307
f 1262//1262 1307//1307 1308//1308
f 1263//1263 1308//1308 1309//1309
f 1264//1264 1309//1309 1310//1310
f 1265//1265 1310//1310 1311//1311
f 1266//1266 1311//1311 1312//1312
f 1267//1267 1312//1312 1313//1313
f 1268//1268 1313//1313 1314//1314
f 1269//1269 1314//1314 1315//1315
f 1270//1270 1315//1315 1316//1316
f 1271//1271 1316//1316 1317//1317
f 1272//1272 1317//1317 1318//1318
f 1273//1273 1318//1318 1319//1319
f 1274//1274 1319//1319 1320//1320
f 1275//1275 1320//1320 1321//1321
f 1276//1276 1321//1321 1322//1322
f 1322//1322 2949//2949 1277//1277
f 2949//2949 3061//3061 1278//1278
f 1279//1279 1325//1325 1280//1280
f 1282//1282 1281//1281 1326//1326
f 1283//1283 1282//1282 1327//1327
f 1329//1329 1283//1283 1328//1328
f 1330//1330 1284//1284 1329//1329
f 2797//2797 1285//1285 1330//1330
f 1285//1285 1286//1286 1240//1240
f 1288//1288 1287//1287 1332//1332
f 1289//1289 1288//1288 1333//1333
f 1290//1290 1289//1289 1334//1334
f 1292//1292 1291//1291 1336//1336
f 1294//1294 1293//1293 1338//1338
f 1295//1295 1294//1294 1339//1339
f 1296//1296 1295//1295 1340//1340
f 1297//1297 1296//1296 1341//1341
f 1298//1298 1297//1297 1342//1342
f 1299//1299 1298//1298 1343//1343
f 2634//2634 2753//2753 1347//1347
f 2537//2537 1302//1302 1349//1349
f 2690//2690 1303//1303 2537//2537
f 2690//2690 2872//2872 1304//1304
f 1305//1305 1351//1351 1352//1352
f 1306//1306 1352//1352 1353//1353
f 1307//1307 1353//1353 1354//1354
f 1308//1308 1354//1354 1355//1355
f 1309//1309 1355//1355 1356//1356
f 1310//1310 1356//1356 1357//1357
f 1311//1311 1357//1357 1358//1358
f 1359//1359 1358//1358 2784//2784
f 1314//1314 1359//1359 1360//1360
f 1315//1315 1360//1360 1361//1361
f 1361//1361 1316//1316 1315//1315
f 1363//1363 3026//3026 1318//1318
f 1320//1320 1365//1365 1321//1321
f 1321//1321 1365//1365 2860//2860
f 1322//1322 2860//2860 1366//1366
f 1404//1404 1323//1323 1366//1366
f 1367//1367 1324//1324 1323//1323
f 1327//1327 1326//1326 1369//1369
f 1328//1328 1406//1406 1407//1407
f 1329//1329 2425//2425 2854//2854
f 2797//2797 1371//1371 1331//1331
f 1331//1331 2767//2767 1332//1332
f 1334//1334 1333//1333 1373//1373
f 2930//2930 1336//1336 1375//1375
f 2918//2918 1339//1339 1377//1377
f 1341//1341 1340//1340 1378//1378
f 1342//1342 1341//1341 1379//1379
f 1343//1343 1342//1342 1380//1380
f 1344//1344 1343//1343 1381//1381
f 1345//1345 1344//1344 1382//1382
f 1346//1346 1345//1345 1383//1383
f 1384//1384 1347//1347 1346//1346
f 1351//1351 1391//1391 1392//1392
f 1352//1352 1392//1392 1393//1393
f 1393//1393 3037//3037 1353//1353
f 1355//1355 1394//1394 1395//1395
f 1396//1396 1395//1395 2964//2964
f 1397//1397 2784//2784 1358//1358
f 1398//1398 1360//1360 2966//2966
f 1398//1398 2835//2835 1361//1361
f 1362//1362 2965//2965 1317//1317
f 3026//3026 1400//1400 1401//1401
f 1401//1401 1364//1364 3026//3026
f 1403//1403 2860//2860 3021//3021
f 1366//1366 2956//2956 1404//1404
f 1324//1324 1368//1368 1325//1325
f 2425//2425 1407//1407 2723//2723
f 1371//1371 1409//1409 1410//1410
f 2767//2767 2884//2884 1372//1372
f 1374//1374 1373//1373 1412//1412
f 2930//2930 1415//1415 1376//1376
f 1416//1416 1415//1415 2607//2607
f 1416//1416 1445//1445 1417//1417
f 2805//2805 1378//1378 1418//1418
f 1380//1380 1379//1379 1419//1419
f 1383//1383 1382//1382 1422//1422
f 1384//1384 1383//1383 1423//1423
f 1388//1388 2852//2852 1389//1389
f 1391//1391 1427//1427 3033//3033
f 1391//1391 3033//3033 1428//1428
f 1428//1428 3048//3048 1392//1392
f 3048//3048 1430//1430 1393//1393
f 1430//1430 2758//2758 3037//3037
f 2758//2758 1432//1432 1394//1394
f 2964//2964 1432//1432 1462//1462
f 1396//1396 2964//2964 2909//2909
f 1398//1398 1434//1434 1435//1435
f 2835//2835 1435//1435 1436//1436
f 1436//1436 1399//1399 2835//2835
f 1466//1466 2887//2887 2529//2529
f 2544//2544 1400//1400 2887//2887
f 1401//1401 2715//2715 1402//1402
f 1438//1438 1403//1403 2619//2619
f 1328//1328 1407//1407 2425//2425
f 2723//2723 1407//1407 1439//1439
f 2854//2854 2495//2495 1408//1408
f 1408//1408 2429//2429 1409//1409
f 1409//1409 2429//2429 1410//1410
f 1413//1413 1414//1414 1375//1375
f 2805//2805 1418//1418 1447//1447
f 1419//1419 2629//2629 1420//1420
f 1421//1421 2629//2629 1448//1448
f 1422//1422 1421//1421 1449//1449
f 1423//1423 1422//1422 1450//1450
f 1453//1453 1425//1425 1452//1452
f 1455//1455 2384//2384 1454//1454
f 1459//1459 1428//1428 2754//2754
f 1429//1429 1460//1460 1461//1461
f 2782//2782 2685//2685 1435//1435
f 2518//2518 2944//2944 1467//1467
f 1468//1468 1437//1437 2518//2518
f 1473//1473 1439//1439 2587//2587
f 2980//2980 1411//1411 1410//1410
f 1442//1442 2993//2993 2408//2408
f 1442//1442 1478//1478 1443//1443
f 1443//1443 2726//2726 1413//1413
f 2444//2444 2607//2607 1444//1444
f 1447//1447 1446//1446 1480//1480
f 2476//2476 1447//1447 1481//1481
f 2864//2864 1448//1448 2629//2629
f 1450//1450 2446//2446 1423//1423
f 1487//1487 1451//1451 2454//2454
f 1425//1425 1453//1453 2384//2384
f 1490//1490 1458//1458 1457//1457
f 2754//2754 1460//1460 1459//1459
f 2917//2917 2772//2772 1431//1431
f 2772//2772 1462//1462 1431//1431
f 2432//2432 2685//2685 2920//2920
f 2432//2432 2684//2684 2529//2529
f 2923//2923 2684//2684 2413//2413
f 1499//1499 1500//1500 1470//1470
f 2828//2828 2383//2383 1504//1504
f 1504//1504 1474//1474 2828//2828
f 2408//2408 1478//1478 1442//1442
f 1444//1444 2683//2683 2444//2444
f 2997//2997 1480//1480 1510//1510
f 2430//2430 2476//2476 1481//1481
f 2430//2430 1511//1511 1482//1482
f 1519//1519 1489//1489 1488//1488
f 2907//2907 2623//2623 1456//1456
f 2689//2689 2623//2623 1520//1520
f 1460//1460 1522//1522 2438//2438
f 1526//1526 2682//2682 1496//1496
f 2824//2824 2920//2920 2514//2514
f 3022//3022 2413//2413 2684//2684
f 1503//1503 1533//1533 2728//2728
f 1475//1475 2577//2577 2400//2400
f 3008//3008 1505//1505 2400//2400
f 1507//1507 1477//1477 1506//1506
f 1535//1535 1508//1508 1507//1507
f 2738//2738 1536//1536 2645//2645
f 2423//2423 1482//1482 1511//1511
f 1513//1513 1514//1514 2609//2609
f 2831//2831 2448//2448 1486//1486
f 1486//1486 2448//2448 1541//1541
f 1515//1515 1541//1541 2740//2740
f 2688//2688 2435//2435 1519//1519
f 1545//1545 2433//2433 2990//2990
f 1523//1523 2433//2433 2513//2513
f 2686//2686 2513//2513 1546//1546
f 1546//1546 2968//2968 2686//2686
f 2674//2674 2789//2789 1573//1573
f 2674//2674 2503//2503 3032//3032
f 2580//2580 2401//2401 2682//2682
f 3022//3022 2485//2485 2413//2413
f 1548//1548 2485//2485 2877//2877
f 2671//2671 2508//2508 1498//1498
f 1553//1553 1552//1552 2942//2942
f 2481//2481 2728//2728 1553//1553
f 2663//2663 2898//2898 1585//1585
f 3008//3008 2991//2991 2414//2414
f 3001//3001 1508//1508 1535//1535
f 2648//2648 2398//2398 2369//2369
f 1539//1539 1540//1540 2423//2423
f 2831//2831 2549//2549 1563//1563
f 1543//1543 1569//1569 1544//1544
f 1570//1570 2416//2416 2681//2681
f 1545//1545 2416//2416 2509//2509
f 2433//2433 1571//1571 2513//2513
f 2387//2387 2657//2657 2503//2503
f 2658//2658 2996//2996 1576//1576
f 2661//2661 2982//2982 1577//1577
f 2508//2508 2405//2405 1549//1549
f 2414//2414 2991//2991 1586//1586
f 2414//2414 1534//1534 3008//3008
f 2574//2574 2662//2662 1554//1554
f 1558//1558 2386//2386 2648//2648
f 2566//2566 1559//1559 2386//2386
f 1562//1562 1563//1563 2549//2549
f 1564//1564 2517//2517 2719//2719
f 1564//1564 2528//2528 1565//1565
f 1565//1565 2528//2528 1566//1566
f 1569//1569 2592//2592 1544//1544
f 2556//2556 1570//1570 1597//1597
f 1598//1598 2416//2416 2556//2556
f 1571//1571 3011//3011 2696//2696
f 2882//2882 3038//3038 1573//1573
f 2650//2650 3006//3006 1574//1574
f 2567//2567 1576//1576 1575//1575
f 2982//2982 1547//1547 2382//2382
f 2479//2479 1578//1578 1577//1577
f 1578//1578 1579//1579 1548//1548
f 1580//1580 1579//1579 2397//2397
f 2405//2405 2504//2504 1549//1549
f 2504//2504 1582//1582 1549//1549
f 2346//2346 1610//1610 1583//1583
f 1612//1612 2512//2512 1586//1586
f 2581//2581 2512//2512 2669//2669
f 2874//2874 3040//3040 2474//2474
f 1588//1588 1613//1613 1589//1589
f 2363//2363 3055//3055 2643//2643
f 2642//2642 1559//1559 2566//2566
f 2771//2771 1562//1562 1592//1592
f 2517//2517 1563//1563 1562//1562
f 2517//2517 2407//2407 2719//2719
f 2719//2719 2586//2586 2528//2528
f 2578//2578 1567//1567 1593//1593
f 2885//2885 1620//1620 2371//2371
f 2564//2564 2467//2467 1601//1601
f 2482//2482 2382//2382 1604//1604
f 2479//2479 1605//1605 2904//2904
f 2670//2670 2591//2591 1607//1607
f 2929//2929 1610//1610 1609//1609
f 1634//1634 2700//2700 1633//1633
f 2700//2700 2420//2420 1612//1612
f 2420//2420 2669//2669 2512//2512
f 1637//1637 1613//1613 1636//1636
f 2363//2363 2643//2643 1638//1638
f 2563//2563 1640//1640 2469//2469
f 1618//1618 2983//2983 1619//1619
f 2376//2376 2983//2983 1672//1672
f 1646//1646 2409//2409 1619//1619
f 2569//2569 2371//2371 1620//1620
f 2364//2364 2467//2467 2564//2564
f 1624//1624 2654//2654 1602//1602
f 2650//2650 2570//2570 1626//1626
f 2482//2482 2389//2389 1654//1654
f 2479//2479 2904//2904 1606//1606
f 2397//2397 3010//3010 2591//2591
f 2721//2721 3010//3010 2493//2493
f 1634//1634 1659//1659 1660//1660
f 1634//1634 2515//2515 2420//2420
f 2412//2412 2515//2515 1661//1661
f 2669//2669 2902//2902 2497//2497
f 1662//1662 1635//1635 2614//2614
f 1663//1663 1690//1690 2572//2572
f 2892//2892 1637//1637 1663//1663
f 2651//2651 2562//2562 2473//2473
f 1638//1638 1665//1665 2468//2468
f 1665//1665 2640//2640 2468//2468
f 2987//2987 2640//2640 1666//1666
f 1640//1640 1641//1641 2469//2469
f 2963//2963 2374//2374 2486//2486
f 2850//2850 2621//2621 1643//1643
f 1671//1671 1644//1644 1670//1670
f 1672//1672 2983//2983 1645//1645
f 2983//2983 2376//2376 1619//1619
f 1673//1673 2644//2644 1646//1646
f 2569//2569 2463//2463 2371//2371
f 1647//1647 1648//1648 1621//1621
f 1648//1648 3030//3030 2555//2555
f 1649//1649 3030//3030 2559//2559
f 1676//1676 1649//1649 2559//2559
f 1680//1680 1652//1652 2570//2570
f 1682//1682 2639//2639 1653//1653
f 2389//2389 2492//2492 1654//1654
f 2483//2483 2402//2402 1655//1655
f 1655//1655 2603//2603 2493//2493
f 1685//1685 2829//2829 2721//2721
f 2871//2871 1686//1686 1659//1659
f 2614//2614 1688//1688 2550//2550
f 2572//2572 2892//2892 1663//1663
f 1691//1691 2561//2561 1665//1665
f 1666//1666 1693//1693 2460//2460
f 1668//1668 2870//2870 2374//2374
f 2870//2870 1669//1669 2571//2571
f 1697//1697 2850//2850 1696//1696
f 1645//1645 2818//2818 1672//1672
f 2362//2362 2465//2465 2559//2559
f 2559//2559 2737//2737 1676//1676
f 1703//1703 1676//1676 2737//2737
f 1705//1705 1679//1679 1678//1678
f 2379//2379 2480//2480 1680//1680
f 2961//2961 1682//1682 1653//1653
f 2775//2775 2639//2639 1682//1682
f 1709//1709 1683//1683 2492//2492
f 2603//2603 2501//2501 2849//2849
f 2721//2721 2779//2779 1684//1684
f 1714//1714 1713//1713 1742//1742
f 1716//1716 2527//2527 1687//1687
f 2426//2426 2749//2749 2550//2550
f 2994//2994 2390//2390 2572//2572
f 2568//2568 3054//3054 1720//1720
f 1691//1691 1722//1722 2372//2372
f 1692//1692 2953//2953 1723//1723
f 1752//1752 2800//2800 1725//1725
f 2560//2560 2810//2810 1726//1726
f 1696//1696 2573//2573 1697//1697
f 1697//1697 2573//2573 1728//1728
f 1729//1729 1698//1698 1728//1728
f 2951//2951 2879//2879 2641//2641
f 1674//1674 2464//2464 1701//1701
f 1675//1675 1701//1701 1702//1702
f 1702//1702 2465//2465 1675//1675
f 1705//1705 2960//2960 2472//2472
f 1705//1705 1706//1706 1679//1679
f 3059//3059 2496//2496 2672//2672
f 2411//2411 1709//1709 1710//1710
f 2411//2411 2597//2597 2501//2501
f 2849//2849 2730//2730 1711//1711
f 2932//2932 1711//1711 2601//2601
f 1742//1742 1768//1768 2462//2462
f 1716//1716 1743//1743 1744//1744
f 2527//2527 1744//1744 2449//2449
f 2620//2620 2449//2449 1771//1771
f 1746//1746 1718//1718 1717//1717
f 2761//2761 1721//1721 1749//1749
f 2953//2953 2865//2865 1723//1723
f 2701//2701 1724//1724 2366//2366
f 1752//1752 2846//2846 1753//1753
f 1754//1754 2800//2800 1753//1753
f 1727//1727 2702//2702 1755//1755
f 2822//2822 3003//3003 1729//1729
f 3056//3056 2951//2951 2367//2367
f 1732//1732 1733//1733 1702//1702
f 2472//2472 2794//2794 1735//1735
f 1735//1735 1736//1736 1706//1706
f 1764//1764 1736//1736 2502//2502
f 2776//2776 2856//2856 1737//1737
f 1738//1738 2672//2672 2496//2496
f 1739//1739 2600//2600 2427//2427
f 3028//3028 1710//1710 1739//1739
f 2443//2443 1741//1741 2601//2601
f 2459//2459 1743//1743 1769//1769
f 1770//1770 1744//1744 2459//2459
f 1773//1773 1747//1747 1746//1746
f 2984//2984 2761//2761 1776//1776
f 2984//2984 1776//1776 1777//1777
f 1778//1778 2845//2845 1777//1777
f 1779//1779 2612//2612 1753//1753
f 2612//2612 2373//2373 1754//1754
f 1755//1755 2745//2745 1756//1756
f 2936//2936 2957//2957 1807//1807
f 2957//2957 1758//1758 2822//2822
f 1758//1758 1759//1759 1730//1730
f 1782//1782 2622//2622 1759//1759
f 1732//1732 2471//2471 1760//1760
f 2611//2611 1785//1785 1763//1763
f 2794//2794 2869//2869 2377//2377
f 1765//1765 2971//2971 1789//1789
f 1765//1765 2600//2600 2672//2672
f 3028//3028 2804//2804 1766//1766
f 1766//1766 2804//2804 2941//2941
f 1767//1767 3002//3002 2440//2440
f 1767//1767 2601//2601 2730//2730
f 1741//1741 2443//2443 1791//1791
f 2459//2459 2763//2763 1792//1792
f 2459//2459 1793//1793 1770//1770
f 1770//1770 1793//1793 1794//1794
f 1798//1798 1774//1774 2428//2428
f 2725//2725 2636//2636 2583//2583
f 2370//2370 1751//1751 2666//2666
f 1780//1780 2745//2745 1806//1806
f 1782//1782 1783//1783 2622//2622
f 2778//2778 3041//3041 2388//2388
f 2395//2395 2595//2595 2714//2714
f 2595//2595 2522//2522 1787//1787
f 1787//1787 2547//2547 1764//1764
f 1813//1813 2811//2811 1788//1788
f 2440//2440 2541//2541 1790//1790
f 1792//1792 1817//1817 1849//1849
f 1793//1793 1818//1818 1819//1819
f 1794//1794 1819//1819 1820//1820
f 1795//1795 1820//1820 1821//1821
f 1821//1821 2809//2809 1822//1822
f 1823//1823 2521//2521 1798//1798
f 1825//1825 1800//1800 1799//1799
f 1826//1826 2900//2900 1801//1801
f 2633//2633 1827//1827 1857//1857
f 1829//1829 1804//1804 2470//2470
f 1830//1830 1806//1806 2774//2774
f 2519//2519 2801//2801 1807//1807
f 2862//2862 1783//1783 2585//2585
f 1808//1808 2862//2862 1833//1833
f 1810//1810 1809//1809 2404//2404
f 2522//2522 2757//2757 1813//1813
f 2896//2896 2452//2452 2626//2626
f 2541//2541 2727//2727 1845//1845
f 1847//1847 1816//1816 1846//1846
f 1818//1818 1849//1849 3039//3039
f 1819//1819 1850//1850 1851//1851
f 1820//1820 1851//1851 1852//1852
f 2809//2809 1852//1852 1883//1883
f 1823//1823 1853//1853 1854//1854
f 1854//1854 1855//1855 2844//2844
f 1856//1856 1825//1825 1824//1824
f 2900//2900 1857//1857 1827//1827
f 1857//1857 2900//2900 2635//2635
f 1858//1858 1828//1828 2633//2633
f 2660//2660 2724//2724 1859//1859
f 2755//2755 2813//2813 1861//1861
f 2919//2919 2519//2519 1807//1807
f 2519//2519 2760//2760 1831//1831
f 2590//2590 2616//2616 1834//1834
f 1869//1869 1837//1837 2542//2542
f 1839//1839 1838//1838 1870//1870
f 1872//1872 1839//1839 1871//1871
f 1874//1874 1840//1840 1873//1873
f 2836//2836 1842//1842 1841//1841
f 1843//1843 1844//1844 1815//1815
f 2541//2541 1846//1846 1816//1816
f 1847//1847 1846//1846 1879//1879
f 1851//1851 1881//1881 1882//1882
f 1852//1852 1882//1882 1883//1883
f 2809//2809 3046//3046 1853//1853
f 1884//1884 1885//1885 1854//1854
f 1885//1885 1886//1886 1855//1855
f 2768//2768 1887//1887 1856//1856
f 2635//2635 1856//1856 1888//1888
f 1889//1889 1857//1857 2635//2635
f 2633//2633 2593//2593 1858//1858
f 2593//2593 1859//1859 1858//1858
f 1890//1890 1861//1861 1860//1860
f 2760//2760 1863//1863 1864//1864
f 2783//2783 1865//1865 1894//1894
f 2777//2777 2952//2952 2552//2552
f 1836//1836 3009//3009 1868//1868
f 1868//1868 1897//1897 1869//1869
f 1924//1924 2969//2969 1897//1897
f 1871//1871 1870//1870 1898//1898
f 1872//1872 1871//1871 1899//1899
f 1873//1873 1872//1872 1900//1900
f 1874//1874 1873//1873 1901//1901
f 1904//1904 1875//1875 1903//1903
f 1877//1877 1876//1876 1904//1904
f 1878//1878 1877//1877 1905//1905
f 1879//1879 1878//1878 1906//1906
f 1908//1908 1880//1880 3065//3065
f 1881//1881 1908//1908 1909//1909
f 1882//1882 1909//1909 1910//1910
f 1910//1910 3046//3046 1883//1883
f 1884//1884 1911//1911 1912//1912
f 3020//3020 1887//1887 2827//2827
f 1889//1889 1914//1914 2602//2602
f 2698//2698 2606//2606 1943//1943
f 2608//2608 2783//2783 2692//2692
f 1895//1895 2952//2952 2743//2743
f 2777//2777 2733//2733 1866//1866
f 2897//2897 1867//1867 1866//1866
f 3009//3009 1922//1922 1896//1896
f 3052//3052 1896//1896 1923//1923
f 2969//2969 1924//1924 1898//1898
f 1899//1899 1898//1898 1925//1925
f 1900//1900 1899//1899 1926//1926
f 1901//1901 1900//1900 1927//1927
f 1902//1902 1901//1901 1928//1928
f 1903//1903 1902//1902 1929//1929
f 2878//2878 1903//1903 1930//1930
f 2878//2878 1905//1905 1904//1904
f 1906//1906 1905//1905 1932//1932
f 3065//3065 2466//2466 1908//1908
f 1909//1909 1934//1934 1910//1910
f 1910//1910 1934//1934 1935//1935
f 1911//1911 1935//1935 1936//1936
f 1886//1886 3053//3053 1937//1937
f 1937//1937 2827//2827 1886//1886
f 1939//1939 2928//2928 1913//1913
f 1914//1914 1940//1940 1915//1915
f 1915//1915 1941//1941 2632//2632
f 2886//2886 2853//2853 2447//2447
f 2606//2606 2698//2698 3023//3023
f 1893//1893 1916//1916 2695//2695
f 1917//1917 1916//1916 1946//1946
f 2937//2937 1946//1946 2847//2847
f 1919//1919 1918//1918 1947//1947
f 1920//1920 1919//1919 1948//1948
f 1921//1921 1920//1920 1949//1949
f 1951//1951 1922//1922 1950//1950
f 1897//1897 3052//3052 1924//1924
f 1925//1925 1924//1924 1953//1953
f 1926//1926 1925//1925 1954//1954
f 1927//1927 1926//1926 1955//1955
f 1928//1928 1927//1927 1956//1956
f 1929//1929 1928//1928 1957//1957
f 1930//1930 1929//1929 1958//1958
f 2653//2653 2466//2466 1961//1961
f 1934//1934 1963//1963 1964//1964
f 1935//1935 1964//1964 1965//1965
f 1936//1936 1965//1965 1966//1966
f 1937//1937 1966//1966 1967//1967
f 1938//1938 1967//1967 1968//1968
f 1939//1939 1968//1968 1969//1969
f 1940//1940 2928//2928 3050//3050
f 1940//1940 1970//1970 1971//1971
f 1941//1941 1971//1971 3042//3042
f 1942//1942 1972//1972 1973//1973
f 1943//1943 1973//1973 1974//1974
f 1946//1946 2937//2937 1917//1917
f 1949//1949 1948//1948 1978//1978
f 1950//1950 1949//1949 1979//1979
f 1951//1951 1950//1950 1980//1980
f 1952//1952 1951//1951 1981//1981
f 1953//1953 1952//1952 1982//1982
f 1954//1954 1953//1953 1983//1983
f 1955//1955 1954//1954 1984//1984
f 1956//1956 1955//1955 1985//1985
f 1957//1957 1956//1956 1986//1986
f 1958//1958 1957//1957 1987//1987
f 1958//1958 1988//1988 2656//2656
f 2347//2347 1962//1962 2653//2653
f 1964//1964 1991//1991 1992//1992
f 1965//1965 1992//1992 1993//1993
f 1966//1966 1993//1993 1994//1994
f 1967//1967 1994//1994 1995//1995
f 1968//1968 1995//1995 1996//1996
f 3050//3050 1996//1996 1997//1997
f 1970//1970 1997//1997 1998//1998
f 1998//1998 3042//3042 1971//1971
f 1972//1972 1999//1999 2000//2000
f 2000//2000 1974//1974 1973//1973
f 2610//2610 1975//1975 1945//1945
f 2735//2735 2002//2002 1976//1976
f 1979//1979 1978//1978 2005//2005
f 1980//1980 1979//1979 2006//2006
f 1981//1981 1980//1980 2007//2007
f 1982//1982 1981//1981 2008//2008
f 1983//1983 1982//1982 2009//2009
f 1984//1984 1983//1983 2010//2010
f 1985//1985 1984//1984 2011//2011
f 1986//1986 1985//1985 2012//2012
f 1987//1987 1986//1986 2013//2013
f 1988//1988 2014//2014 2015//2015
f 1958//1958 2656//2656 1930//1930
f 2656//2656 2998//2998 1989//1989
f 1991//1991 2018//2018 2019//2019
f 1992//1992 2019//2019 2020//2020
f 1993//1993 2020//2020 2021//2021
f 1994//1994 2021//2021 2022//2022
f 1995//1995 2022//2022 2023//2023
f 1996//1996 2023//2023 2024//2024
f 1997//1997 2024//2024 2025//2025
f 1998//1998 2025//2025 2026//2026
f 2962//2962 2001//2001 2027//2027
f 1975//1975 2842//2842 2002//2002
f 2029//2029 1976//1976 2003//2003
f 2005//2005 2004//2004 2030//2030
f 2006//2006 2005//2005 2031//2031
f 2007//2007 2006//2006 2032//2032
f 2008//2008 2007//2007 2033//2033
f 2009//2009 2008//2008 2034//2034
f 2010//2010 2009//2009 2035//2035
f 2011//2011 2010//2010 2036//2036
f 2012//2012 2011//2011 2037//2037
f 2013//2013 2012//2012 2038//2038
f 2015//2015 2016//2016 1988//1988
f 2017//2017 2044//2044 2347//2347
f 2019//2019 2045//2045 2046//2046
f 2020//2020 2046//2046 2047//2047
f 2021//2021 2047//2047 2048//2048
f 2022//2022 2048//2048 2049//2049
f 2023//2023 2049//2049 2050//2050
f 2024//2024 2050//2050 2051//2051
f 2025//2025 2051//2051 2052//2052
f 3004//3004 2052//2052 2053//2053
f 2053//2053 2762//2762 3004//3004
f 2001//2001 2962//2962 2842//2842
f 2003//2003 2859//2859 2029//2029
f 2056//2056 2029//2029 2859//2859
f 2031//2031 2030//2030 2057//2057
f 2032//2032 2031//2031 2058//2058
f 2033//2033 2032//2032 2059//2059
f 2034//2034 2033//2033 2060//2060
f 2035//2035 2034//2034 2061//2061
f 2036//2036 2035//2035 2062//2062
f 2037//2037 2036//2036 2063//2063
f 2038//2038 2037//2037 2064//2064
f 2039//2039 2038//2038 2065//2065
f 2066//2066 2040//2040 2039//2039
f 2041//2041 2040//2040 2697//2697
f 2045//2045 2088//2088 2067//2067
f 2046//2046 2067//2067 2068//2068
f 2047//2047 2068//2068 2069//2069
f 2048//2048 2069//2069 2070//2070
f 2049//2049 2070//2070 2071//2071
f 2050//2050 2071//2071 2072//2072
f 2051//2051 2072//2072 2073//2073
f 2056//2056 3005//3005 2076//2076
f 2057//2057 2076//2076 2769//2769
f 2058//2058 2057//2057 2769//2769
f 2059//2059 2058//2058 2077//2077
f 2060//2060 2059//2059 2078//2078
f 2061//2061 2060//2060 2079//2079
f 2062//2062 2061//2061 2080//2080
f 2063//2063 2062//2062 2081//2081
f 2064//2064 2063//2063 2082//2082
f 2065//2065 2066//2066 2039//2039
f 2087//2087 2086//2086 2110//2110
f 2087//2087 2088//2088 2045//2045
f 2067//2067 2751//2751 2089//2089
f 2068//2068 2089//2089 2090//2090
f 2069//2069 2090//2090 2091//2091
f 2070//2070 2091//2091 2092//2092
f 2071//2071 2092//2092 2093//2093
f 2072//2072 2093//2093 2094//2094
f 2073//2073 2094//2094 2095//2095
f 2077//2077 2769//2769 2100//2100
f 2078//2078 2077//2077 2101//2101
f 2079//2079 2078//2078 2102//2102
f 2080//2080 2079//2079 2103//2103
f 2081//2081 2080//2080 2104//2104
f 2082//2082 2081//2081 2105//2105
f 2109//2109 2084//2084 2108//2108
f 2129//2129 2697//2697 2109//2109
f 2834//2834 2751//2751 2088//2088
f 2089//2089 2111//2111 2112//2112
f 2090//2090 2112//2112 2113//2113
f 2091//2091 2113//2113 2114//2114
f 2092//2092 2114//2114 2115//2115
f 2093//2093 2115//2115 2116//2116
f 2094//2094 2116//2116 2117//2117
f 2117//2117 2118//2118 2095//2095
f 2787//2787 2118//2118 2139//2139
f 2097//2097 2098//2098 2075//2075
f 2100//2100 2099//2099 2120//2120
f 2101//2101 2100//2100 2121//2121
f 2102//2102 2101//2101 2122//2122
f 2103//2103 2102//2102 2123//2123
f 2104//2104 2103//2103 2124//2124
f 2105//2105 2104//2104 2125//2125
f 2106//2106 2105//2105 2126//2126
f 2106//2106 2107//2107 2083//2083
f 2111//2111 2131//2131 2729//2729
f 2112//2112 2132//2132 2133//2133
f 2113//2113 2133//2133 2134//2134
f 2114//2114 2134//2134 2135//2135
f 2115//2115 2135//2135 2136//2136
f 2116//2116 2136//2136 2137//2137
f 2117//2117 2137//2137 2138//2138
f 2139//2139 2138//2138 2157//2157
f 2119//2119 2141//2141 2120//2120
f 2121//2121 2120//2120 2141//2141
f 2122//2122 2121//2121 2142//2142
f 2123//2123 2122//2122 2143//2143
f 2124//2124 2123//2123 2144//2144
f 2125//2125 2124//2124 2145//2145
f 2127//2127 2146//2146 2147//2147
f 2127//2127 2147//2147 2707//2707
f 2151//2151 2152//2152 2132//2132
f 2134//2134 2746//2746 2153//2153
f 2135//2135 2153//2153 2154//2154
f 2136//2136 2154//2154 2155//2155
f 2137//2137 2155//2155 2156//2156
f 2157//2157 2156//2156 2625//2625
f 2142//2142 2141//2141 2734//2734
f 2143//2143 2142//2142 2159//2159
f 2144//2144 2143//2143 2160//2160
f 2145//2145 2144//2144 2161//2161
f 2145//2145 2162//2162 2125//2125
f 2126//2126 2163//2163 2146//2146
f 2167//2167 2166//2166 2181//2181
f 2153//2153 2167//2167 2168//2168
f 2154//2154 2168//2168 2169//2169
f 2155//2155 2169//2169 2170//2170
f 2170//2170 2625//2625 2156//2156
f 2158//2158 2625//2625 2171//2171
f 2160//2160 2159//2159 2173//2173
f 2161//2161 2160//2160 2174//2174
f 2162//2162 2161//2161 2175//2175
f 2163//2163 2162//2162 2176//2176
f 2163//2163 2177//2177 2146//2146
f 2146//2146 2178//2178 2147//2147
f 2179//2179 2180//2180 2165//2165
f 2165//2165 2720//2720 2166//2166
f 2181//2181 2182//2182 2167//2167
f 2183//2183 2182//2182 2193//2193
f 2173//2173 2172//2172 2187//2187
f 2174//2174 2173//2173 2188//2188
f 2175//2175 2174//2174 2189//2189
f 2176//2176 2175//2175 2199//2199
f 2192//2192 2181//2181 2720//2720
f 2182//2182 2183//2183 2168//2168
f 2194//2194 2184//2184 2170//2170
f 2195//2195 2186//2186 2185//2185
f 2188//2188 2187//2187 2196//2196
f 2189//2189 2188//2188 2197//2197
f 2922//2922 2203//2203 2204//2204
f 2520//2520 2922//2922 2204//2204
f 2197//2197 2196//2196 2205//2205
f 2939//2939 2197//2197 2205//2205
f 2211//2211 2461//2461 2279//2279
f 2359//2359 2587//2587 2250//2250
f 2360//2360 960//960 2240//2240
f 2361//2361 1004//1004 1050//1050
f 2458//2458 2457//2457 1641//1641
f 2638//2638 1641//1641 1640//1640
f 1590//1590 2934//2934 1591//1591
f 1639//1639 2987//2987 2460//2460
f 551//551 2705//2705 3068//3068
f 1700//1700 2644//2644 1673//1673
f 2362//2362 2559//2559 3030//3030
f 1675//1675 2362//2362 1647//1647
f 3055//3055 1558//1558 2981//2981
f 1650//1650 1624//1624 2467//2467
f 2179//2179 2272//2272 2180//2180
f 2365//2365 2803//2803 1703//1703
f 1751//1751 2865//2865 2703//2703
f 1732//1732 3056//3056 2471//2471
f 2368//2368 2641//2641 2879//2879
f 2368//2368 1699//1699 2565//2565
f 1802//1802 1803//1803 2370//2370
f 2960//2960 1677//1677 1704//1704
f 2371//2371 1621//1621 2885//2885
f 2372//2372 1692//1692 2561//2561
f 1572//1572 1573//1573 2789//2789
f 1601//1601 2467//2467 2882//2882
f 1668//1668 1642//1642 2457//2457
f 1560//1560 1590//1590 1591//1591
f 1589//1589 2765//2765 1588//1588
f 1613//1613 2473//2473 1589//1589
f 2478//2478 1664//1664 2562//2562
f 2568//2568 1721//1721 2375//2375
f 1758//1758 1782//1782 1759//1759
f 1592//1592 2563//2563 2771//2771
f 1576//1576 2567//2567 1603//1603
f 2376//2376 1646//1646 1619//1619
f 2377//2377 1735//1735 2794//2794
f 2378//2378 1817//1817 2711//2711
f 2867//2867 2489//2489 1557//1557
f 2379//2379 1680//1680 2570//2570
f 2379//2379 1651//1651 1679//1679
f 2380//2380 1636//1636 2474//2474
f 2895//2895 1653//1653 1627//1627
f 3022//3022 2877//2877 2485//2485
f 2970//2970 2498//2498 2381//2381
f 1805//1805 2802//2802 1829//1829
f 2382//2382 2912//2912 2982//2982
f 2481//2481 2383//2383 2728//2728
f 2815//2815 1727//1727 1755//1755
f 2385//2385 459//459 458//458
f 494//494 458//458 2484//2484
f 2386//2386 1538//1538 2506//2506
f 2386//2386 2506//2506 2648//2648
f 2387//2387 3038//3038 1574//1574
f 1727//1727 2560//2560 2702//2702
f 3003//3003 2818//2818 1698//1698
f 3003//3003 2565//2565 1699//1699
f 2869//2869 3041//3041 1786//1786
f 1257//1257 1258//1258 1212//1212
f 1073//1073 1074//1074 1027//1027
f 2482//2482 1654//1654 1628//1628
f 1748//1748 1719//1719 2680//2680
f 854//854 897//897 898//898
f 939//939 3036//3036 898//898
f 2392//2392 1567//1567 2490//2490
f 854//854 810//810 809//809
f 1645//1645 3062//3062 1644//1644
f 982//982 983//983 939//939
f 983//983 1026//1026 1027//1027
f 2394//2394 2876//2876 2548//2548
f 1706//1706 1736//1736 1707//1707
f 1584//1584 2898//2898 1553//1553
f 1118//1118 2858//2858 1119//1119
f 1689//1689 1662//1662 2550//2550
f 2157//2157 2158//2158 2140//2140
f 1812//1812 2595//2595 2395//2395
f 2958//2958 2862//2862 1832//1832
f 2397//2397 1606//1606 1629//1629
f 2506//2506 2997//2997 2826//2826
f 532//532 568//568 2516//2516
f 1475//1475 1505//1505 1476//1476
f 2577//2577 2991//2991 2400//2400
f 1488//1488 2487//2487 1518//1518
f 2401//2401 2580//2580 1575//1575
f 2402//2402 2603//2603 1655//1655
f 2814//2814 391//391 2667//2667
f 2403//2403 298//298 268//268
f 1547//1547 2658//2658 2382//2382
f 2404//2404 1835//1835 1810//1810
f 2404//2404 1809//1809 2616//2616
f 135//135 3014//3014 158//158
f 87//87 110//110 88//88
f 1657//1657 2255//2255 2947//2947
f 2405//2405 2671//2671 3007//3007
f 2719//2719 1615//1615 2586//2586
f 2409//2409 2592//2592 2927//2927
f 2359//2359 1473//1473 2587//2587
f 1385//1385 2855//2855 1386//1386
f 1387//1387 1386//1386 2855//2855
f 2931//2931 1540//1540 1561//1561
f 2185//2185 2186//2186 2171//2171
f 2185//2185 2520//2520 2195//2195
f 2877//2877 3022//3022 2661//2661
f 2414//2414 1586//1586 2512//2512
f 2415//2415 2210//2210 2596//2596
f 134//134 2816//2816 157//157
f 2002//2002 2028//2028 2003//2003
f 1765//1765 2672//2672 1738//1738
f 1740//1740 2501//2501 2597//2597
f 1826//1826 1825//1825 2417//2417
f 1479//1479 1510//1510 2911//2911
f 1945//1945 1944//1944 2610//2610
f 2932//2932 2349//2349 1712//1712
f 2780//2780 1889//1889 2602//2602
f 69//69 68//68 89//89
f 16//16 9//9 8//8
f 1745//1745 1746//1746 1717//1717
f 2598//2598 1772//1772 1796//1796
f 2328//2328 197//197 227//227
f 2547//2547 1787//1787 1788//1788
f 1443//1443 1413//1413 1412//1412
f 2421//2421 1477//1477 2408//2408
f 2980//2980 2421//2421 1411//1411
f 1543//1543 1544//1544 2688//2688
f 2422//2422 460//460 2525//2525
f 2422//2422 496//496 497//497
f 1437//1437 1468//1468 2619//2619
f 2423//2423 1540//1540 1512//1512
f 1406//1406 1439//1439 1407//1407
f 2923//2923 1466//1466 2684//2684
f 2424//2424 1388//1388 1426//1426
f 2424//2424 2907//2907 1456//1456
f 2495//2495 2854//2854 2425//2425
f 2527//2527 2426//2426 2752//2752
f 2804//2804 3028//3028 2427//2427
f 2680//2680 2428//2428 1774//1774
f 1797//1797 1822//1822 2808//2808
f 1867//1867 2933//2933 1866//1866
f 2883//2883 642//642 605//605
f 1463//1463 1462//1462 2431//2431
f 2431//2431 1525//1525 2511//2511
f 1465//1465 2782//2782 1434//1434
f 2514//2514 1465//1465 2682//2682
f 2432//2432 2920//2920 1527//1527
f 2528//2528 2586//2586 1593//1593
f 2433//2433 1522//1522 2990//2990
f 2433//2433 1545//1545 2509//2509
f 2227//2227 172//172 173//173
f 493//493 2484//2484 424//424
f 493//493 2935//2935 492//492
f 1890//1890 1891//1891 1861//1861
f 2435//2435 2907//2907 1489//1489
f 214//214 187//187 213//213
f 299//299 2906//2906 300//300
f 1369//1369 2247//2247 2248//2248
f 534//534 2618//2618 2437//2437
f 392//392 426//426 460//460
f 1461//1461 2438//2438 1493//1493
f 1523//1523 1522//1522 2433//2433
f 2439//2439 3035//3035 112//112
f 2440//2440 1790//1790 1767//1767
f 1687//1687 1659//1659 1686//1686
f 6//6 14//14 2575//2575
f 899//899 2531//2531 2442//2442
f 1302//1302 2537//2537 1303//1303
f 766//766 2532//2532 811//811
f 2607//2607 2444//2444 1479//1479
f 3036//3036 2445//2445 2531//2531
f 1451//1451 2825//2825 2446//2446
f 2536//2536 1213//1213 2677//2677
f 2447//2447 2660//2660 2886//2886
f 2853//2853 2886//2886 2632//2632
f 1530//1530 1531//1531 1500//1500
f 1913//1913 1889//1889 1888//1888
f 1715//1715 1714//1714 2462//2462
f 2972//2972 2450//2450 2582//2582
f 1815//1815 2604//2604 2452//2452
f 424//424 2839//2839 2453//2453
f 1452//1452 1487//1487 1517//1517
f 1445//1445 1416//1416 2607//2607
f 2041//2041 2015//2015 2040//2040
f 3057//3057 1642//1642 2613//2613
f 2458//2458 1667//1667 2457//2457
f 1694//1694 1695//1695 2458//2458
f 1482//1482 1512//1512 1483//1483
f 2342//2342 2212//2212 2750//2750
f 2846//2846 2701//2701 2370//2370
f 2190//2190 2199//2199 2851//2851
f 2987//2987 1639//1639 1614//1614
f 1785//1785 1762//1762 2388//2388
f 2415//2415 2461//2461 2713//2713
f 1721//1721 1722//1722 2375//2375
f 2462//2462 1714//1714 1742//1742
f 2911//2911 1446//1446 1445//1445
f 2826//2826 1510//1510 2418//2418
f 2463//2463 1647//1647 2371//2371
f 2463//2463 2644//2644 1674//1674
f 1809//1809 2938//2938 2616//2616
f 3056//3056 1701//1701 2464//2464
f 2367//2367 2951//2951 1731//1731
f 1961//1961 2466//2466 3065//3065
f 2466//2466 2722//2722 1908//1908
f 1990//1990 2018//2018 1991//1991
f 3039//3039 2739//2739 1933//1933
f 3065//3065 1880//1880 1933//1933
f 1838//1838 2395//2395 1811//1811
f 1601//1601 2882//2882 1572//1572
f 2680//2680 1774//1774 1748//1748
f 2468//2468 2642//2642 2363//2363
f 3057//3057 2613//2613 2469//2469
f 2469//2469 2771//2771 2563//2563
f 2800//2800 1754//1754 1726//1726
f 1590//1590 1614//1614 2934//2934
f 1650//1650 1678//1678 1651//1651
f 1560//1560 1539//1539 1538//1538
f 2177//2177 2178//2178 2146//2146
f 1828//1828 1858//1858 2470//2470
f 172//172 198//198 199//199
f 2806//2806 1673//1673 2376//2376
f 1699//1699 2368//2368 2806//2806
f 1761//1761 2611//2611 1734//1734
f 2893//2893 2367//2367 2622//2622
f 1558//1558 2369//2369 2981//2981
f 2417//2417 1825//1825 1856//1856
f 1730//1730 1759//1759 2641//2641
f 2472//2472 1735//1735 1705//1705
f 2783//2783 2958//2958 1832//1832
f 1555//1555 1556//1556 2645//2645
f 2662//2662 2874//2874 1555//1555
f 2084//2084 2107//2107 2108//2108
f 3027//3027 2745//2745 2373//2373
f 18//18 16//16 17//17
f 2473//2473 1637//1637 2651//2651
f 2474//2474 1635//1635 2380//2380
f 2654//2654 2650//2650 1574//1574
f 1603//1603 2895//2895 3018//3018
f 1626//1626 1603//1603 2567//2567
f 2475//2475 13//13 12//12
f 2660//2660 2447//2447 1890//1890
f 1623//1623 1600//1600 1599//1599
f 2864//2864 2430//2430 1482//1482
f 1857//1857 2780//2780 2633//2633
f 47//47 32//32 31//31
f 2892//2892 3054//3054 2651//2651
f 3054//3054 2390//2390 1720//1720
f 1474//1474 1504//1504 1475//1475
f 2658//2658 1547//1547 2579//2579
f 1506//1506 1535//1535 1507//1507
f 60//60 47//47 59//59
f 2479//2479 1606//1606 1578//1578
f 1630//1630 1608//1608 1607//1607
f 2480//2480 1679//1679 1706//1706
f 2383//2383 2481//2481 3031//3031
f 2931//2931 1592//1592 1562//1562
f 2838//2838 407//407 406//406
f 2912//2912 1628//1628 1605//1605
f 1604//1604 3018//3018 2482//2482
f 2615//2615 2883//2883 2693//2693
f 1610//1610 2929//2929 1611//1611
f 1534//1534 3072//3072 1554//1554
f 2391//2391 898//898 897//897
f 256//256 257//257 229//229
f 1074//1074 1073//1073 1118//1118
f 1655//1655 2904//2904 2483//2483
f 1670//1670 1697//1697 1671//1671
f 458//458 494//494 2385//2385
f 2485//2485 1528//1528 2413//2413
f 2877//2877 2661//2661 1577//1577
f 1386//1386 1387//1387 1348//1348
f 1425//1425 2384//2384 2855//2855
f 1165//1165 2858//2858 1211//1211
f 7//7 3016//3016 15//15
f 2588//2588 2410//2410 680//680
f 2876//2876 810//810 766//766
f 1301//1301 2901//2901 1257//1257
f 2486//2486 1616//1616 1615//1615
f 1518//1518 2392//2392 1568//1568
f 1729//1729 2957//2957 2822//2822
f 2880//2880 2974//2974 1529//1529
f 111//111 136//136 112//112
f 1537//1537 2418//2418 3019//3019
f 2489//2489 1509//1509 2738//2738
f 1594//1594 1595//1595 2490//2490
f 2569//2569 2409//2409 1646//1646
f 2491//2491 52//52 68//68
f 2491//2491 2441//2441 2530//2530
f 143//143 167//167 144//144
f 2492//2492 1683//1683 1654//1654
f 2591//2591 2829//2829 1630//1630
f 2140//2140 2139//2139 2157//2157
f 2158//2158 2171//2171 2172//2172
f 1584//1584 1611//1611 1585//1585
f 1441//1441 1408//1408 2495//2495
f 2723//2723 2495//2495 2425//2425
f 1738//1738 1708//1708 1737//1737
f 2497//2497 2399//2399 2574//2574
f 2669//2669 2412//2412 2902//2902
f 2603//2603 2849//2849 2779//2779
f 1495//1495 3032//3032 1526//1526
f 2503//2503 2674//2674 2387//2387
f 1689//1689 1718//1718 2994//2994
f 2359//2359 1502//1502 1473//1473
f 1476//1476 1505//1505 1477//1477
f 76//76 96//96 2888//2888
f 1581//1581 1607//1607 2504//2504
f 2148//2148 2128//2128 2707//2707
f 2505//2505 27//27 2679//2679
f 2575//2575 2950//2950 15//15
f 2624//2624 87//87 67//67
f 2807//2807 1538//1538 1511//1511
f 2779//2779 1711//1711 1684//1684
f 2507//2507 2683//2683 2726//2726
f 2508//2508 1530//1530 1499//1499
f 2508//2508 2671//2671 2405//2405
f 66//66 3064//3064 51//51
f 1598//1598 2509//2509 2416//2416
f 2787//2787 2098//2098 2097//2097
f 1916//1916 1945//1945 1946//1946
f 1893//1893 1944//1944 1916//1916
f 2511//2511 1494//1494 2431//2431
f 1710//1710 1709//1709 3059//3059
f 3017//3017 1975//1975 2610//2610
f 2512//2512 1612//1612 2420//2420
f 1522//1522 1523//1523 2438//2438
f 1571//1571 2433//2433 2509//2509
f 2514//2514 2682//2682 2401//2401
f 2903//2903 1527//1527 2579//2579
f 158//158 159//159 135//135
f 2516//2516 533//533 495//495
f 2927//2927 1569//1569 1596//1596
f 2993//2993 2421//2421 2408//2408
f 2940//2940 1863//1863 1862//1862
f 58//58 2712//2712 57//57
f 2592//2592 1570//1570 1544//1544
f 1766//1766 1740//1740 2597//2597
f 2936//2936 2801//2801 2585//2585
f 1788//1788 2971//2971 2547//2547
f 2980//2980 1410//1410 2429//2429
f 2204//2204 2415//2415 2520//2520
f 2871//2871 1633//1633 1658//1658
f 2521//2521 2583//2583 1798//1798
f 169//169 196//196 170//170
f 2780//2780 2523//2523 2593//2593
f 1498//1498 1499//1499 1469//1469
f 512//512 551//551 3068//3068
f 119//119 120//120 96//96
f 97//97 120//120 121//121
f 330//330 2906//2906 299//299
f 187//187 214//214 2576//2576
f 2907//2907 2424//2424 1455//1455
f 426//426 2526//2526 2675//2675
f 2527//2527 2752//2752 1687//1687
f 723//723 681//681 722//722
f 1513//1513 2831//2831 1514//1514
f 2685//2685 2529//2529 1436//1436
f 2530//2530 38//38 37//37
f 2491//2491 2530//2530 2594//2594
f 2532//2532 2999//2999 2442//2442
f 2514//2514 2782//2782 1465//1465
f 1303//1303 2536//2536 2677//2677
f 2538//2538 2799//2799 1120//1120
f 1799//1799 1824//1824 1825//1825
f 1824//1824 2768//2768 1856//1856
f 227//227 197//197 2988//2988
f 2935//2935 493//493 424//424
f 2944//2944 3021//3021 1402//1402
f 1837//1837 1869//1869 2905//2905
f 3020//3020 1888//1888 1887//1887
f 720//720 2410//2410 679//679
f 2543//2543 2582//2582 2450//2450
f 2544//2544 1401//1401 1400//1400
f 2546//2546 252//252 278//278
f 2963//2963 2613//2613 1642//1642
f 1558//1558 2648//2648 2369//2369
f 2869//2869 1785//1785 3041//3041
f 1755//1755 1756//1756 2815//2815
f 1756//1756 1780//1780 1781//1781
f 2683//2683 2393//2393 1509//1509
f 1765//1765 1738//1738 2856//2856
f 2776//2776 1764//1764 2547//2547
f 2548//2548 723//723 722//722
f 3047//3047 2876//2876 766//766
f 2831//2831 1563//1563 2448//2448
f 1513//1513 2931//2931 2549//2549
f 1662//1662 2614//2614 2550//2550
f 2623//2623 2435//2435 2688//2688
f 1770//1770 1771//1771 2449//2449
f 423//423 424//424 2453//2453
f 2451//2451 604//604 605//605
f 2551//2551 567//567 603//603
f 2437//2437 607//607 3049//3049
f 2552//2552 1920//1920 2733//2733
f 1403//1403 1437//1437 2619//2619
f 70//70 91//91 92//92
f 1840//1840 1813//1813 2757//2757
f 980//980 938//938 979//979
f 2798//2798 2554//2554 985//985
f 2554//2554 1029//1029 2533//2533
f 2896//2896 1841//1841 1842//1842
f 1599//1599 2696//2696 2555//2555
f 1804//1804 1803//1803 2470//2470
f 2556//2556 1597//1597 1620//1620
f 1622//1622 2885//2885 1621//1621
f 2638//2638 2460//2460 1693//1693
f 2865//2865 1751//1751 2366//2366
f 1800//1800 1778//1778 1777//1777
f 43//43 21//21 2926//2926
f 1748//1748 2761//2761 1749//1749
f 2631//2631 2800//2800 1726//1726
f 1693//1693 1694//1694 2638//2638
f 2806//2806 2879//2879 1673//1673
f 2557//2557 2468//2468 2640//2640
f 1572//1572 2899//2899 1601//1601
f 1649//1649 1676//1676 2637//2637
f 6//6 2343//2343 5//5
f 2560//2560 1669//1669 2870//2870
f 1368//1368 2308//2308 2309//2309
f 1701//1701 1732//1732 1702//1702
f 1617//1617 1670//1670 1644//1644
f 2561//2561 1666//1666 2640//2640
f 2561//2561 1691//1691 2372//2372
f 2643//2643 1589//1589 2473//2473
f 1837//1837 2778//2778 2542//2542
f 2803//2803 2365//2365 1734//1734
f 2562//2562 1638//1638 2643//2643
f 1664//1664 2478//2478 2375//2375
f 1600//1600 2564//2564 1601//1601
f 2706//2706 2045//2045 2018//2018
f 1188//1188 2313//2313 1095//1095
f 1556//1556 1557//1557 2645//2645
f 77//77 2888//2888 97//97
f 2565//2565 1730//1730 2368//2368
f 1750//1750 2372//2372 1722//1722
f 1424//1424 2891//2891 2825//2825
f 2925//2925 1761//1761 1760//1760
f 1784//1784 1760//1760 2471//2471
f 1587//1587 2474//2474 1636//1636
f 2657//2657 3006//3006 1575//1575
f 1626//1626 3006//3006 2650//2650
f 2644//2644 2569//2569 1646//1646
f 2344//2344 23//23 12//12
f 1626//1626 1652//1652 2895//2895
f 2570//2570 2650//2650 1625//1625
f 1669//1669 1643//1643 2571//2571
f 2571//2571 2486//2486 2374//2374
f 2382//2382 2658//2658 1604//1604
f 1604//1604 1576//1576 1603//1603
f 251//251 252//252 222//222
f 2082//2082 2106//2106 2083//2083
f 1506//1506 1477//1477 1505//1505
f 2802//2802 3027//3027 2612//2612
f 1829//1829 2673//2673 1805//1805
f 2572//2572 1690//1690 2994//2994
f 195//195 196//196 169//169
f 1699//1699 1672//1672 2818//2818
f 1476//1476 1474//1474 1475//1475
f 2710//2710 2525//2525 426//426
f 166//166 193//193 221//221
f 110//110 111//111 88//88
f 134//134 135//135 110//110
f 2961//2961 1708//1708 1682//1682
f 1681//1681 2480//2480 1707//1707
f 1705//1705 1735//1735 1706//1706
f 3001//3001 2662//2662 1555//1555
f 1628//1628 2912//2912 2382//2382
f 2193//2193 2202//2202 2203//2203
f 2202//2202 2201//2201 2209//2209
f 2381//2381 568//568 2819//2819
f 2819//2819 2500//2500 605//605
f 3038//3038 2654//2654 1574//1574
f 2649//2649 3016//3016 2//2
f 2576//2576 160//160 159//159
f 1539//1539 1561//1561 1540//1540
f 2924//2924 27//27 37//37
f 285//285 286//286 256//256
f 347//347 285//285 316//316
f 2679//2679 7//7 15//15
f 1729//1729 1728//1728 1757//1757
f 1542//1542 1567//1567 2392//2392
f 1566//1566 2740//2740 1565//1565
f 1617//1617 1594//1594 2578//2578
f 2664//2664 2678//2678 1301//1301
f 2483//2483 1654//1654 1683//1683
f 1073//1073 1072//1072 1117//1117
f 2455//2455 896//896 2545//2545
f 1907//1907 1906//1906 1960//1960
f 1719//1719 1720//1720 2390//2390
f 721//721 720//720 764//764
f 2824//2824 2996//2996 2579//2579
f 3007//3007 1529//1529 2974//2974
f 2510//2510 228//228 255//255
f 256//256 2863//2863 2510//2510
f 2580//2580 2503//2503 2657//2657
f 2512//2512 2581//2581 2414//2414
f 2097//2097 2054//2054 2074//2074
f 1683//1683 1709//1709 2411//2411
f 1210//1210 2665//2665 1163//1163
f 2916//2916 360//360 329//329
f 1775//1775 1774//1774 2583//2583
f 2807//2807 2506//2506 1538//1538
f 1454//1454 1517//1517 1488//1488
f 2399//2399 3040//3040 2574//2574
f 1831//1831 2801//2801 2519//2519
f 2385//2385 532//532 495//495
f 2586//2586 1616//1616 1593//1593
f 1615//1615 2719//2719 2407//2407
f 1799//1799 1800//1800 1776//1776
f 2838//2838 442//442 407//407
f 643//643 680//680 722//722
f 2588//2588 642//642 2615//2615
f 1406//1406 2589//2589 1439//1439
f 1502//1502 1503//1503 1473//1473
f 1502//1502 1533//1533 1503//1503
f 2616//2616 3000//3000 2404//2404
f 2590//2590 1834//1834 2743//2743
f 2717//2717 343//343 313//313
f 1543//1543 1518//1518 1568//1568
f 2591//2591 1630//1630 1607//1607
f 2670//2670 2397//2397 2591//2591
f 27//27 2594//2594 37//37
f 2594//2594 52//52 2491//2491
f 36//36 26//26 25//25
f 2903//2903 2661//2661 3022//3022
f 1074//1074 2914//2914 1027//1027
f 2999//2999 766//766 810//810
f 1580//1580 2974//2974 1579//1579
f 1258//1258 1302//1302 1303//1303
f 2502//2502 1787//1787 1764//1764
f 1892//1892 1893//1893 2940//2940
f 2596//2596 2278//2278 2461//2461
f 2849//2849 1740//1740 2730//2730
f 99//99 100//100 78//78
f 983//983 984//984 939//939
f 1213//1213 1212//1212 2677//2677
f 1488//1488 1489//1489 1454//1454
f 1863//1863 2760//2760 2599//2599
f 2599//2599 2617//2617 1862//1862
f 147//147 146//146 2989//2989
f 2989//2989 169//169 170//170
f 2955//2955 1508//1508 2393//2393
f 2600//2600 1739//1739 2672//2672
f 1686//1686 1716//1716 1687//1687
f 2884//2884 2993//2993 1412//1412
f 1772//1772 2598//2598 1745//1745
f 1795//1795 1796//1796 1772//1772
f 2933//2933 2404//2404 3000//3000
f 1530//1530 1549//1549 1550//1550
f 1889//1889 2780//2780 1857//1857
f 2602//2602 1914//1914 1915//1915
f 1818//1818 3039//3039 1850//1850
f 1348//1348 1349//1349 1302//1302
f 1493//1493 2686//2686 1524//1524
f 2493//2493 2779//2779 2721//2721
f 2911//2911 1445//1445 2607//2607
f 2424//2424 2840//2840 1388//1388
f 1465//1465 1496//1496 2682//2682
f 2941//2941 2440//2440 3002//3002
f 2832//2832 1824//1824 2725//2725
f 2422//2422 461//461 460//460
f 1891//1891 1890//1890 2606//2606
f 1416//1416 1417//1417 1377//1377
f 2609//2609 1485//1485 1484//1484
f 2609//2609 1483//1483 1512//1512
f 2698//2698 2610//2610 1944//1944
f 1763//1763 2803//2803 2611//2611
f 2771//2771 2407//2407 2517//2517
f 2613//2613 2771//2771 2469//2469
f 1785//1785 2869//2869 1763//1763
f 75//75 2833//2833 74//74
f 2885//2885 3011//3011 1598//1598
f 2614//2614 2412//2412 1688//1688
f 1797//1797 2428//2428 1773//1773
f 2598//2598 1796//1796 1797//1797
f 2398//2398 1537//1537 2867//2867
f 2616//2616 2590//2590 3000//3000
f 280//280 312//312 313//313
f 2618//2618 2516//2516 606//606
f 1565//1565 2448//2448 1564//1564
f 1468//1468 1469//1469 2619//2619
f 2451//2451 2551//2551 604//604
f 1670//1670 1617//1617 2621//2621
f 2622//2622 2367//2367 1731//1731
f 2622//2622 1783//1783 2785//2785
f 2623//2623 1490//1490 1456//1456
f 3064//3064 2793//2793 2624//2624
f 2625//2625 2184//2184 2171//2171
f 2626//2626 2452//2452 2535//2535
f 3025//3025 1814//1814 2626//2626
f 316//316 285//285 284//284
f 1553//1553 2942//2942 1584//1584
f 2923//2923 1467//1467 2715//2715
f 1497//1497 1528//1528 2880//2880
f 1782//1782 2936//2936 2585//2585
f 427//427 460//460 461//461
f 2524//2524 244//244 215//215
f 2866//2866 269//269 2436//2436
f 2455//2455 2545//2545 2627//2627
f 895//895 3060//3060 2627//2627
f 2875//2875 855//855 2442//2442
f 2799//2799 1121//1121 1075//1075
f 2441//2441 53//53 2691//2691
f 1458//1458 1490//1490 1491//1491
f 1214//1214 2731//2731 1259//1259
f 1464//1464 1495//1495 1496//1496
f 2454//2454 2628//2628 1486//1486
f 2200//2200 2177//2177 2190//2190
f 1350//1350 1389//1389 2852//2852
f 2629//2629 1421//1421 1420//1420
f 2476//2476 1419//1419 2805//2805
f 1398//1398 2966//2966 2630//2630
f 1726//1726 2810//2810 2631//2631
f 2151//2151 2165//2165 2152//2152
f 1707//1707 2776//2776 1737//1737
f 2632//2632 1941//1941 1942//1942
f 1786//1786 2714//2714 2377//2377
f 1827//1827 2633//2633 1828//1828
f 2042//2042 2820//2820 2041//2041
f 2896//2896 2553//2553 1841//1841
f 2534//2534 678//678 2693//2693
f 2088//2088 2087//2087 2834//2834
f 1301//1301 2753//2753 2634//2634
f 2634//2634 1348//1348 2901//2901
f 644//644 2694//2694 683//683
f 2900//2900 2417//2417 2635//2635
f 2635//2635 1888//1888 1889//1889
f 2818//2818 3003//3003 1699//1699
f 2583//2583 2636//2636 1775//1775
f 2636//2636 1799//1799 1776//1776
f 1560//1560 1561//1561 1539//1539
f 2563//2563 1592//1592 1591//1591
f 2637//2637 1676//1676 1677//1677
f 458//458 2814//2814 425//425
f 459//459 2525//2525 2710//2710
f 1761//1761 2925//2925 1762//1762
f 1694//1694 1693//1693 1723//1723
f 2961//2961 1680//1680 1681//1681
f 2118//2118 2787//2787 2096//2096
f 1712//1712 2921//2921 3071//3071
f 1640//1640 2934//2934 1639//1639
f 1509//1509 2444//2444 2683//2683
f 2489//2489 3019//3019 1509//1509
f 1648//1648 2555//2555 1622//1622
f 2639//2639 2389//2389 1627//1627
f 2817//2817 2899//2899 1546//1546
f 2640//2640 1665//1665 2561//2561
f 1500//1500 1471//1471 1470//1470
f 1747//1747 1718//1718 1746//1746
f 2879//2879 2951//2951 1700//1700
f 2642//2642 1614//1614 1590//1590
f 2566//2566 2363//2363 2642//2642
f 1688//1688 2412//2412 1661//1661
f 1516//1516 1515//1515 2740//2740
f 2355//2355 2926//2926 21//21
f 2643//2643 2473//2473 2562//2562
f 3062//3062 2983//2983 1618//1618
f 1654//1654 2483//2483 1628//1628
f 2952//2952 2777//2777 2590//2590
f 2978//2978 2202//2202 2193//2193
f 2646//2646 1781//1781 2488//2488
f 2647//2647 282//282 314//314
f 2429//2429 1441//1441 1474//1474
f 1588//1588 1556//1556 1587//1587
f 1587//1587 1613//1613 1588//1588
f 79//79 80//80 60//60
f 1624//1624 1651//1651 1625//1625
f 1692//1692 1723//1723 1693//1693
f 1484//1484 1483//1483 2609//2609
f 2822//2822 1730//1730 2565//2565
f 2398//2398 2648//2648 2826//2826
f 2649//2649 6//6 2575//2575
f 2649//2649 2//2 1//1
f 1519//1519 1543//1543 2688//2688
f 2653//2653 2264//2264 2017//2017
f 2653//2653 2017//2017 2347//2347
f 145//145 146//146 120//120
f 899//899 2999//2999 854//854
f 147//147 121//121 146//146
f 1962//1962 2347//2347 1990//1990
f 2656//2656 1989//1989 1931//1931
f 61//61 2477//2477 47//47
f 2968//2968 2558//2558 2789//2789
f 2558//2558 1572//1572 2789//2789
f 1868//1868 1869//1869 2542//2542
f 2658//2658 1576//1576 1604//1604
f 1505//1505 3008//3008 1506//1506
f 1577//1577 2912//2912 2479//2479
f 2659//2659 194//194 166//166
f 250//250 2659//2659 221//221
f 1664//1664 1691//1691 1665//1665
f 100//100 124//124 125//125
f 243//243 2866//2866 2436//2436
f 2395//2395 1838//1838 1812//1812
f 1826//1826 1800//1800 1825//1825
f 2390//2390 1747//1747 1719//1719
f 2660//2660 1859//1859 2886//2886
f 743//743 2790//2790 2236//2236
f 2745//2745 2774//2774 1806//1806
f 1554//1554 3001//3001 1535//1535
f 52//52 51//51 3064//3064
f 1567//1567 1594//1594 2490//2490
f 1566//1566 1593//1593 1567//1567
f 897//897 2545//2545 896//896
f 1026//1026 1073//1073 1027//1027
f 1257//1257 1211//1211 2664//2664
f 764//764 808//808 765//765
f 1164//1164 1118//1118 2665//2665
f 788//788 744//744 702//702
f 2666//2666 1802//1802 2370//2370
f 2839//2839 424//424 425//425
f 2494//2494 2916//2916 329//329
f 185//185 211//211 186//186
f 184//184 210//210 185//185
f 1864//1864 1894//1894 1865//1865
f 2420//2420 2515//2515 2669//2669
f 1607//1607 1581//1581 2670//2670
f 1939//1939 3020//3020 1938//1938
f 36//36 51//51 2406//2406
f 36//36 25//25 35//35
f 1529//1529 1498//1498 1497//1497
f 2405//2405 3007//3007 1581//1581
f 1739//1739 3059//3059 2672//2672
f 2673//2673 1830//1830 1805//1805
f 1860//1860 1861//1861 2673//2673
f 2821//2821 2551//2551 2451//2451
f 1595//1595 1596//1596 1568//1568
f 534//534 569//569 535//535
f 212//212 213//213 186//186
f 242//242 243//243 212//212
f 2950//2950 2505//2505 15//15
f 330//330 361//361 2906//2906
f 2675//2675 391//391 2710//2710
f 224//224 252//252 2546//2546
f 2676//2676 531//531 494//494
f 2676//2676 493//493 530//530
f 1027//1027 1028//1028 983//983
f 2811//2811 2553//2553 1814//1814
f 1212//1212 1213//1213 1165//1165
f 2855//2855 1426//1426 1387//1387
f 2788//2788 2456//2456 1300//1300
f 2753//2753 1346//1346 1347//1347
f 2384//2384 1455//1455 1426//1426
f 283//283 284//284 255//255
f 2514//2514 2920//2920 2782//2782
f 1527//1527 2824//2824 2579//2579
f 1848//1848 2443//2443 1790//1790
f 1747//1747 1773//1773 2680//2680
f 2416//2416 1570//1570 2556//2556
f 2875//2875 2798//2798 940//940
f 1496//1496 1465//1465 1433//1433
f 2682//2682 1526//1526 2580//2580
f 1578//1578 1606//1606 1579//1579
f 1512//1512 1513//1513 2609//2609
f 1740//1740 1766//1766 3002//3002
f 2684//2684 1466//1466 2529//2529
f 495//495 532//532 2516//2516
f 2196//2196 2713//2713 2205//2205
f 2485//2485 2880//2880 1528//1528
f 1856//1856 1887//1887 1888//1888
f 2549//2549 2831//2831 1513//1513
f 69//69 89//89 90//90
f 2548//2548 767//767 723//723
f 476//476 515//515 477//477
f 2741//2741 1440//1440 2499//2499
f 1539//1539 1511//1511 1538//1538
f 1538//1538 1559//1559 1560//1560
f 2685//2685 1436//1436 1435//1435
f 1443//1443 1478//1478 2507//2507
f 2820//2820 2043//2043 2998//2998
f 2686//2686 1493//1493 1523//1523
f 2968//2968 1546//1546 2558//2558
f 2962//2962 2028//2028 2842//2842
f 1596//1596 3015//3015 1618//1618
f 2364//2364 2637//2637 2973//2973
f 2364//2364 2564//2564 2687//2687
f 2043//2043 2042//2042 2291//2291
f 1862//1862 1863//1863 2599//2599
f 2688//2688 1520//1520 2623//2623
f 2184//2184 2625//2625 2170//2170
f 2689//2689 1491//1491 1490//1490
f 2689//2689 1520//1520 1521//1521
f 1433//1433 2759//2759 1464//1464
f 2543//2543 2450//2450 359//359
f 2526//2526 392//392 362//362
f 2690//2690 1304//1304 2731//2731
f 2690//2690 2537//2537 1350//1350
f 2781//2781 1214//1214 1167//1167
f 2691//2691 2530//2530 2441//2441
f 1918//1918 2608//2608 2692//2692
f 2692//2692 1894//1894 1917//1917
f 1767//1767 2443//2443 2601//2601
f 678//678 2534//2534 641//641
f 3049//3049 2694//2694 2540//2540
f 2694//2694 682//682 683//683
f 2655//2655 279//279 280//280
f 2375//2375 1691//1691 1664//1664
f 2427//2427 3025//3025 2535//2535
f 1864//1864 2940//2940 2695//2695
f 2695//2695 1894//1894 1864//1864
f 2578//2578 2621//2621 1617//1617
f 1677//1677 1703//1703 1704//1704
f 2696//2696 1622//1622 2555//2555
f 2066//2066 2109//2109 2697//2697
f 535//535 2605//2605 497//497
f 2475//2475 34//34 2736//2736
f 2475//2475 24//24 13//13
f 2646//2646 2488//2488 1757//1757
f 1364//1364 1401//1401 1402//1402
f 2459//2459 1744//1744 1743//1743
f 329//329 298//298 2494//2494
f 268//268 299//299 2866//2866
f 2609//2609 1514//1514 1485//1485
f 1782//1782 2585//2585 1783//1783
f 2157//2157 2138//2138 2156//2156
f 2489//2489 2867//2867 1537//1537
f 2428//2428 2808//2808 1798//1798
f 186//186 187//187 158//158
f 2787//2787 2139//2139 2119//2119
f 1406//1406 1328//1328 1327//1327
f 2966//2966 1360//1360 1359//1359
f 2388//2388 1835//1835 2778//2778
f 3041//3041 2778//2778 1811//1811
f 1444//1444 2607//2607 1415//1415
f 23//23 2977//2977 12//12
f 2699//2699 22//22 32//32
f 1419//1419 2476//2476 2629//2629
f 2802//2802 1779//1779 1804//1804
f 1779//1779 2802//2802 2612//2612
f 2902//2902 2412//2412 2614//2614
f 2700//2700 1634//1634 2420//2420
f 2701//2701 1752//1752 1724//1724
f 160//160 2439//2439 136//136
f 1616//1616 2621//2621 2578//2578
f 2373//2373 2702//2702 1754//1754
f 1524//1524 2917//2917 1493//1493
f 642//642 2819//2819 605//605
f 297//297 240//240 296//296
f 297//297 267//267 240//240
f 2705//2705 551//551 2322//2322
f 170//170 147//147 2989//2989
f 2706//2706 2018//2018 2044//2044
f 2017//2017 2995//2995 2044//2044
f 2707//2707 2128//2128 2108//2108
f 2707//2707 2147//2147 2148//2148
f 3019//3019 2489//2489 1537//1537
f 1522//1522 1492//1492 2990//2990
f 1529//1529 1497//1497 2880//2880
f 251//251 2659//2659 250//250
f 2708//2708 2353//2353 2352//2352
f 2709//2709 95//95 118//118
f 2709//2709 142//142 143//143
f 2710//2710 426//426 2675//2675
f 1768//1768 1769//1769 2462//2462
f 1025//1025 2861//2861 2975//2975
f 44//44 43//43 2712//2712
f 1385//1385 1386//1386 1347//1347
f 347//347 317//317 285//285
f 1441//1441 2828//2828 1474//1474
f 2736//2736 50//50 35//35
f 1370//1370 1371//1371 2797//2797
f 2713//2713 2520//2520 2415//2415
f 2713//2713 2196//2196 2195//2195
f 2523//2523 2780//2780 2602//2602
f 1803//1803 1802//1802 1828//1828
f 2454//2454 2446//2446 2628//2628
f 1713//1713 2256//2256 2257//2257
f 1888//1888 3020//3020 1913//1913
f 2715//2715 1467//1467 2944//2944
f 1438//1438 1470//1470 1471//1471
f 1405//1405 1471//1471 1472//1472
f 2771//2771 2517//2517 1562//1562
f 123//123 2225//2225 2226//2226
f 2487//2487 1542//1542 2392//2392
f 2537//2537 1389//1389 1350//1350
f 1487//1487 1452//1452 1451//1451
f 405//405 406//406 375//375
f 2716//2716 391//391 360//360
f 2925//2925 1810//1810 1762//1762
f 2893//2893 2938//2938 1784//1784
f 1913//1913 1914//1914 1889//1889
f 625//625 700//700 2321//2321
f 1774//1774 1775//1775 1748//1748
f 1633//1633 2929//2929 1658//1658
f 2902//2902 1635//1635 2399//2399
f 2618//2618 606//606 607//607
f 2717//2717 313//313 312//312
f 2717//2717 342//342 375//375
f 443//443 409//409 408//408
f 167//167 168//168 145//145
f 194//194 223//223 168//168
f 491//491 2539//2539 457//457
f 2718//2718 184//184 157//157
f 1695//1695 1694//1694 1724//1724
f 895//895 2627//2627 852//852
f 2761//2761 2636//2636 1776//1776
f 2720//2720 2181//2181 2166//2166
f 2532//2532 812//812 811//811
f 1656//1656 1685//1685 3071//3071
f 2722//2722 1962//1962 1963//1963
f 2499//2499 2723//2723 1439//1439
f 2724//2724 2470//2470 1859//1859
f 1860//1860 2660//2660 1890//1890
f 2533//2533 1030//1030 2554//2554
f 1876//1876 1842//1842 1875//1875
f 2521//2521 2832//2832 2725//2725
f 1693//1693 1666//1666 1692//1692
f 78//78 2954//2954 2224//2224
f 2576//2576 188//188 2744//2744
f 215//215 188//188 214//214
f 1665//1665 1638//1638 1664//1664
f 2726//2726 1444//1444 1414//1414
f 1815//1815 1845//1845 2727//2727
f 2727//2727 2541//2541 2440//2440
f 1468//1468 1497//1497 1498//1498
f 2862//2862 2958//2958 1833//1833
f 1855//1855 1886//1886 2742//2742
f 1480//1480 2997//2997 1481//1481
f 1688//1688 2752//2752 2426//2426
f 2107//2107 2084//2084 2083//2083
f 1615//1615 2963//2963 2486//2486
f 2501//2501 2603//2603 2402//2402
f 2604//2604 1815//1815 2727//2727
f 2604//2604 2535//2535 2452//2452
f 2383//2383 2741//2741 2728//2728
f 1533//1533 1553//1553 2728//2728
f 1808//1808 2785//2785 1783//1783
f 2480//2480 1681//1681 1680//1680
f 1861//1861 1891//1891 2755//2755
f 2150//2150 2131//2131 2130//2130
f 2729//2729 2151//2151 2132//2132
f 1724//1724 1752//1752 1725//1725
f 1749//1749 1719//1719 1748//1748
f 2486//2486 2571//2571 1643//1643
f 1915//1915 2632//2632 2523//2523
f 109//109 2624//2624 86//86
f 2665//2665 1210//1210 1164//1164
f 1463//1463 1464//1464 2909//2909
f 1495//1495 1494//1494 3032//3032
f 392//392 460//460 427//427
f 2731//2731 1214//1214 2536//2536
f 2731//2731 1303//1303 2690//2690
f 1772//1772 2620//2620 1771//1771
f 1418//1418 1446//1446 1447//1447
f 2732//2732 514//514 2857//2857
f 2897//2897 2733//2733 1921//1921
f 2777//2777 2552//2552 2733//2733
f 157//157 133//133 2718//2718
f 2734//2734 2172//2172 2159//2159
f 2734//2734 2140//2140 2158//2158
f 2866//2866 300//300 269//269
f 2592//2592 2409//2409 1597//1597
f 492//492 2821//2821 530//530
f 1976//1976 2847//2847 2735//2735
f 2735//2735 1945//1945 1975//1975
f 1843//1843 1876//1876 1844//1844
f 1404//1404 1367//1367 1323//1323
f 1405//1405 1404//1404 1438//1438
f 2683//2683 1444//1444 2726//2726
f 2349//2349 2932//2932 1741//1741
f 2861//2861 980//980 979//979
f 1143//1143 1096//1096 1142//1142
f 1743//1743 1716//1716 1715//1715
f 1451//1451 1452//1452 1424//1424
f 2846//2846 1804//1804 1779//1779
f 2736//2736 24//24 2475//2475
f 1486//1486 1514//1514 2831//2831
f 1812//1812 1838//1838 1839//1839
f 1788//1788 1787//1787 2522//2522
f 1399//1399 1362//1362 2835//2835
f 1880//1880 1908//1908 1881//1881
f 1608//1608 1656//1656 1631//1631
f 39//39 38//38 2691//2691
f 3051//3051 2296//2296 2396//2396
f 165//165 166//166 143//143
f 1750//1750 2953//2953 2372//2372
f 2737//2737 2559//2559 2465//2465
f 2681//2681 2416//2416 1521//1521
f 2738//2738 2645//2645 1557//1557
f 2738//2738 1509//1509 2393//2393
f 60//60 61//61 47//47
f 2739//2739 2260//2260 2261//2261
f 223//223 194//194 222//222
f 1515//1515 1516//1516 1487//1487
f 2740//2740 1541//1541 1565//1565
f 1524//1524 2968//2968 1525//1525
f 2741//2741 1503//1503 2728//2728
f 2388//2388 1810//1810 1835//1835
f 2803//2803 1704//1704 1703//1703
f 1476//1476 1477//1477 2421//2421
f 3021//3021 1437//1437 1403//1403
f 2817//2817 2513//2513 1571//1571
f 2742//2742 2832//2832 1855//1855
f 2827//2827 1887//1887 2742//2742
f 3033//3033 1427//1427 1457//1457
f 1747//1747 2994//2994 1718//1718
f 2680//2680 1719//1719 1747//1747
f 1931//1931 1959//1959 1932//1932
f 2743//2743 1833//1833 2958//2958
f 2608//2608 1895//1895 2743//2743
f 1780//1780 1806//1806 2617//2617
f 1781//1781 2646//2646 1756//1756
f 314//314 343//343 344//344
f 2744//2744 160//160 2576//2576
f 1754//1754 1753//1753 2612//2612
f 1801//1801 1802//1802 2666//2666
f 56//56 2843//2843 55//55
f 442//442 441//441 475//475
f 2814//2814 2710//2710 391//391
f 2119//2119 2140//2140 2141//2141
f 74//74 95//95 75//75
f 2745//2745 1780//1780 1756//1756
f 3015//3015 1596//1596 1595//1595
f 229//229 230//230 200//200
f 2152//2152 2133//2133 2132//2132
f 1187//1187 1188//1188 1141//1141
f 1846//1846 2541//2541 1845//1845
f 241//241 267//267 2747//2747
f 1963//1963 1990//1990 1991//1991
f 3012//3012 240//240 267//267
f 2534//2534 2693//2693 2883//2883
f 2694//2694 3049//3049 2419//2419
f 2781//2781 2536//2536 1214//1214
f 425//425 2484//2484 458//458
f 286//286 318//318 287//287
f 118//118 142//142 2709//2709
f 2554//2554 2445//2445 1029//1029
f 498//498 462//462 461//461
f 3025//3025 1789//1789 1814//1814
f 2075//2075 3005//3005 2055//2055
f 2055//2055 2054//2054 2075//2075
f 1462//1462 1432//1432 1431//1431
f 379//379 346//346 345//345
f 24//24 25//25 14//14
f 1408//1408 1441//1441 2429//2429
f 2959//2959 100//100 101//101
f 2426//2426 2550//2550 1688//1688
f 2538//2538 1167//1167 1121//1121
f 1561//1561 1560//1560 1591//1591
f 1632//1632 1608//1608 1631//1631
f 2637//2637 2364//2364 2687//2687
f 2725//2725 1799//1799 2636//2636
f 2067//2067 2088//2088 2751//2751
f 2751//2751 2111//2111 2089//2089
f 2398//2398 2418//2418 1537//1537
f 2825//2825 1451//1451 1424//1424
f 2825//2825 1423//1423 2446//2446
f 3035//3035 91//91 90//90
f 2517//2517 1564//1564 1563//1563
f 1885//1885 1912//1912 3053//3053
f 2546//2546 225//225 224//224
f 1611//1611 1612//1612 1585//1585
f 1377//1377 1417//1417 2918//2918
f 1660//1660 2752//2752 1661//1661
f 2065//2065 2084//2084 2066//2066
f 2200//2200 2190//2190 2208//2208
f 1703//1703 1677//1677 1676//1676
f 1895//1895 1918//1918 1919//1919
f 2386//2386 1559//1559 1538//1538
f 2678//2678 2788//2788 2753//2753
f 2109//2109 2149//2149 2129//2129
f 2415//2415 2204//2204 2210//2210
f 1367//1367 2913//2913 1368//1368
f 2754//2754 1428//1428 3033//3033
f 2754//2754 1492//1492 1460//1460
f 2755//2755 1891//1891 1892//1892
f 808//808 2756//2756 853//853
f 852//852 2756//2756 807//807
f 1813//1813 1840//1840 2553//2553
f 2757//2757 2522//2522 1812//1812
f 2453//2453 2823//2823 423//423
f 1394//1394 3037//3037 2758//2758
f 2758//2758 3029//3029 1431//1431
f 1976//1976 2004//2004 1977//1977
f 897//897 854//854 853//853
f 1635//1635 1662//1662 2380//2380
f 1348//1348 1387//1387 1349//1349
f 329//329 330//330 298//298
f 1418//1418 1417//1417 1446//1446
f 2909//2909 1464//1464 2759//2759
f 2759//2759 1433//1433 2630//2630
f 2365//2365 1733//1733 1734//1734
f 1722//1722 2984//2984 1750//1750
f 2179//2179 2151//2151 2164//2164
f 2438//2438 1461//1461 1460//1460
f 2760//2760 2519//2519 2599//2599
f 2760//2760 1864//1864 1865//1865
f 2595//2595 1812//1812 2522//2522
f 2497//2497 2581//2581 2669//2669
f 2761//2761 1775//1775 2636//2636
f 2761//2761 2984//2984 1721//1721
f 2027//2027 3004//3004 2762//2762
f 2762//2762 2053//2053 2074//2074
f 1669//1669 2560//2560 1696//1696
f 788//788 743//743 2236//2236
f 1303//1303 2677//2677 1258//1258
f 1817//1817 1792//1792 2763//2763
f 2763//2763 2459//2459 1769//1769
f 1917//1917 2695//2695 1916//1916
f 512//512 3068//3068 513//513
f 1329//1329 2854//2854 1330//1330
f 1606//1606 2397//2397 1579//1579
f 1695//1695 1667//1667 2458//2458
f 1482//1482 2423//2423 1512//1512
f 2722//2722 2466//2466 1962//1962
f 2096//2096 2095//2095 2118//2118
f 1541//1541 1515//1515 1486//1486
f 300//300 2906//2906 331//331
f 980//980 981//981 896//896
f 2618//2618 534//534 533//533
f 2656//2656 2016//2016 2998//2998
f 200//200 175//175 174//174
f 1416//1416 1376//1376 1415//1415
f 1588//1588 1557//1557 1556//1556
f 1822//1822 1796//1796 1821//1821
f 2766//2766 587//587 2235//2235
f 2186//2186 2187//2187 2172//2172
f 2187//2187 2195//2195 2196//2196
f 2924//2924 38//38 17//17
f 29//29 41//41 20//20
f 2462//2462 1769//1769 1743//1743
f 1687//1687 1660//1660 1659//1659
f 2511//2511 3032//3032 1494//1494
f 1325//1325 2309//2309 2310//2310
f 1027//1027 2914//2914 1028//1028
f 2914//2914 2533//2533 1028//1028
f 1587//1587 1636//1636 1613//1613
f 2767//2767 1410//1410 1411//1411
f 134//134 157//157 3014//3014
f 2768//2768 1824//1824 2832//2832
f 2768//2768 2742//2742 1887//1887
f 2076//2076 2057//2057 2056//2056
f 211//211 242//242 212//212
f 1824//1824 1799//1799 2725//2725
f 2720//2720 2165//2165 2180//2180
f 2772//2772 1525//1525 2431//2431
f 1626//1626 2570//2570 1652//1652
f 2926//2926 2355//2355 20//20
f 3071//3071 1685//1685 1712//1712
f 2773//2773 197//197 2328//2328
f 493//493 492//492 530//530
f 2524//2524 212//212 243//243
f 1725//1725 1695//1695 1724//1724
f 607//607 606//606 2498//2498
f 1773//1773 1746//1746 2598//2598
f 2589//2589 1406//1406 1369//1369
f 2745//2745 3027//3027 2774//2774
f 2488//2488 1781//1781 1807//1807
f 1778//1778 1826//1826 1801//1801
f 1658//1658 1609//1609 1657//1657
f 317//317 348//348 349//349
f 318//318 286//286 317//317
f 1550//1550 1531//1531 1530//1530
f 494//494 2484//2484 2676//2676
f 1806//1806 2813//2813 2617//2617
f 1780//1780 2919//2919 1781//1781
f 2775//2775 2492//2492 2639//2639
f 377//377 343//343 2717//2717
f 1324//1324 1367//1367 1368//1368
f 1960//1960 1932//1932 1959//1959
f 2776//2776 2547//2547 2856//2856
f 2776//2776 1736//1736 1764//1764
f 1892//1892 3023//3023 1893//1893
f 1349//1349 1388//1388 1389//1389
f 137//137 161//161 138//138
f 284//284 256//256 2510//2510
f 1835//1835 2542//2542 2778//2778
f 2778//2778 1837//1837 1811//1811
f 2779//2779 2493//2493 2603//2603
f 2257//2257 1742//1742 1713//1713
f 1553//1553 1533//1533 1552//1552
f 2194//2194 2183//2183 2193//2193
f 223//223 169//169 168//168
f 2422//2422 2605//2605 461//461
f 89//89 88//88 111//111
f 68//68 69//69 2491//2491
f 2593//2593 2633//2633 2780//2780
f 1850//1850 1881//1881 1851//1851
f 2419//2419 682//682 2694//2694
f 2998//2998 2976//2976 1989//1989
f 460//460 426//426 2525//2525
f 1374//1374 1335//1335 1334//1334
f 1374//1374 1413//1413 1375//1375
f 2172//2172 2734//2734 2158//2158
f 1166//1166 2538//2538 1120//1120
f 2972//2972 2582//2582 2916//2916
f 328//328 2450//2450 2972//2972
f 2782//2782 1435//1435 1434//1434
f 1485//1485 1449//1449 1484//1484
f 2582//2582 2543//2543 2716//2716
f 2749//2749 1717//1717 1718//1718
f 1456//1456 1490//1490 1457//1457
f 2783//2783 1894//1894 2692//2692
f 2958//2958 2608//2608 2743//2743
f 1364//1364 1319//1319 3026//3026
f 1582//1582 2948//2948 2303//2303
f 1834//1834 2938//2938 1808//1808
f 2181//2181 2192//2192 2978//2978
f 1478//1478 2408//2408 1507//1507
f 441//441 2838//2838 440//440
f 1439//1439 1473//1473 2499//2499
f 2350//2350 442//442 475//475
f 442//442 2350//2350 2786//2786
f 2741//2741 2499//2499 1503//1503
f 1649//1649 2687//2687 1623//1623
f 2787//2787 2097//2097 2096//2096
f 2465//2465 1702//1702 2365//2365
f 2474//2474 2399//2399 1635//1635
f 1587//1587 2874//2874 2474//2474
f 1836//1836 1868//1868 2542//2542
f 1346//1346 2753//2753 2788//2788
f 2569//2569 2644//2644 2463//2463
f 1572//1572 2558//2558 2899//2899
f 832//832 2318//2318 2319//2319
f 1405//1405 1438//1438 1471//1471
f 2789//2789 1525//1525 2968//2968
f 2789//2789 2674//2674 2511//2511
f 122//122 147//147 148//148
f 2733//2733 2897//2897 1866//1866
f 743//743 626//626 2790//2790
f 1528//1528 1467//1467 2413//2413
f 2039//2039 2040//2040 2014//2014
f 2791//2791 2584//2584 210//210
f 2791//2791 183//183 209//209
f 528//528 566//566 529//529
f 2792//2792 1214//1214 1259//1259
f 2793//2793 66//66 2986//2986
f 2793//2793 86//86 2624//2624
f 2794//2794 2472//2472 1704//1704
f 40//40 39//39 2795//2795
f 2795//2795 53//53 54//54
f 1622//1622 1621//1621 1648//1648
f 1684//1684 1685//1685 2721//2721
f 2715//2715 1401//1401 2544//2544
f 2935//2935 423//423 457//457
f 2796//2796 359//359 2450//2450
f 2796//2796 327//327 358//358
f 1320//1320 1364//1364 1365//1365
f 1790//1790 2541//2541 1816//1816
f 2797//2797 1331//1331 1286//1286
f 1751//1751 2370//2370 2701//2701
f 20//20 19//19 29//29
f 1452//1452 1425//1425 1424//1424
f 1453//1453 1452//1452 1517//1517
f 137//137 138//138 113//113
f 1860//1860 2724//2724 2660//2660
f 2798//2798 985//985 940//940
f 2799//2799 2914//2914 1120//1120
f 2799//2799 2538//2538 1121//1121
f 2800//2800 1752//1752 1753//1753
f 2631//2631 1725//1725 2800//2800
f 2000//2000 2027//2027 2001//2001
f 2801//2801 1831//1831 1832//1832
f 3027//3027 1805//1805 2774//2774
f 2802//2802 1804//1804 1829//1829
f 2685//2685 2432//2432 2529//2529
f 1354//1354 1394//1394 1355//1355
f 1492//1492 2754//2754 1458//1458
f 2454//2454 1515//1515 1487//1487
f 2523//2523 2632//2632 2886//2886
f 2076//2076 2099//2099 2769//2769
f 2365//2365 1703//1703 2737//2737
f 2803//2803 1763//1763 1704//1704
f 72//72 73//73 56//56
f 2375//2375 1722//1722 1691//1691
f 2604//2604 2941//2941 2804//2804
f 1370//1370 2854//2854 1408//1408
f 2722//2722 1909//1909 1908//1908
f 1615//1615 1616//1616 2586//2586
f 2467//2467 2364//2364 1650//1650
f 1759//1759 1731//1731 2641//2641
f 2805//2805 1447//1447 2476//2476
f 719//719 2967//2967 2873//2873
f 1719//1719 1749//1749 1720//1720
f 1557//1557 1588//1588 2765//2765
f 26//26 36//36 2406//2406
f 2703//2703 1778//1778 2666//2666
f 2703//2703 2865//2865 2845//2845
f 1558//1558 2566//2566 2386//2386
f 2064//2064 2065//2065 2038//2038
f 2806//2806 2376//2376 1672//1672
f 2807//2807 1481//1481 2997//2997
f 2807//2807 1511//1511 2430//2430
f 2808//2808 1822//1822 1853//1853
f 2808//2808 2428//2428 1797//1797
f 2809//2809 1821//1821 1852//1852
f 1396//1396 1397//1397 1357//1357
f 2909//2909 2759//2759 1397//1397
f 2810//2810 2560//2560 2870//2870
f 1504//1504 3031//3031 2577//2577
f 2811//2811 1789//1789 2971//2971
f 2811//2811 1813//1813 2553//2553
f 2381//2381 606//606 568//568
f 2757//2757 1872//1872 1873//1873
f 2812//2812 553//553 515//515
f 2812//2812 514//514 552//552
f 2813//2813 1806//1806 1830//1830
f 2813//2813 1862//1862 2617//2617
f 425//425 2667//2667 2839//2839
f 1740//1740 2849//2849 2501//2501
f 2243//2243 1142//1142 1096//1096
f 2573//2573 1757//1757 1728//1728
f 1727//1727 2573//2573 1696//1696
f 3015//3015 3062//3062 1618//1618
f 108//108 109//109 86//86
f 171//171 2988//2988 197//197
f 2817//2817 2696//2696 1599//1599
f 1351//1351 2872//2872 1390//1390
f 1645//1645 1671//1671 2818//2818
f 852//852 807//807 806//806
f 2819//2819 642//642 2381//2381
f 2042//2042 2041//2041 2085//2085
f 2820//2820 2042//2042 2043//2043
f 1397//1397 2759//2759 2784//2784
f 529//529 492//492 2539//2539
f 2821//2821 2451//2451 530//530
f 743//743 702//702 701//701
f 1433//1433 1465//1465 1434//1434
f 603//603 604//604 2551//2551
f 2654//2654 1625//1625 2650//2650
f 2822//2822 1758//1758 1730//1730
f 2957//2957 1729//1729 2488//2488
f 117//117 94//94 93//93
f 900//900 856//856 855//855
f 2823//2823 2453//2453 359//359
f 2823//2823 390//390 422//422
f 1453//1453 1454//1454 2384//2384
f 496//496 2525//2525 459//459
f 2054//2054 2097//2097 2075//2075
f 1475//1475 2400//2400 1505//1505
f 2824//2824 1527//1527 2920//2920
f 2996//2996 2824//2824 2401//2401
f 2891//2891 1424//1424 1385//1385
f 2826//2826 2648//2648 2506//2506
f 2827//2827 2742//2742 1886//1886
f 2698//2698 1944//1944 3023//3023
f 2698//2698 1974//1974 2610//2610
f 2131//2131 2150//2150 2729//2729
f 2828//2828 1441//1441 1440//1440
f 2383//2383 2828//2828 2741//2741
f 3010//3010 2721//2721 2829//2829
f 2829//2829 1656//1656 1630//1630
f 2678//2678 2664//2664 1256//1256
f 69//69 70//70 2441//2441
f 1905//1905 2878//2878 1932//1932
f 1792//1792 1793//1793 2459//2459
f 330//330 299//299 298//298
f 1545//1545 1521//1521 2416//2416
f 2409//2409 1620//1620 1597//1597
f 2830//2830 175//175 3058//3058
f 2830//2830 123//123 173//173
f 1301//1301 2634//2634 2901//2901
f 2753//2753 1301//1301 2678//2678
f 378//378 346//346 315//315
f 1843//1843 1815//1815 2452//2452
f 2183//2183 2170//2170 2169//2169
f 2832//2832 2521//2521 2844//2844
f 2164//2164 2729//2729 2150//2150
f 1837//1837 2905//2905 1811//1811
f 1448//1448 1449//1449 1421//1421
f 1448//1448 1483//1483 1484//1484
f 1551//1551 1552//1552 1532//1532
f 444//444 410//410 345//345
f 1498//1498 1529//1529 2671//2671
f 2004//2004 2029//2029 2030//2030
f 2833//2833 57//57 74//74
f 2833//2833 75//75 76//76
f 2087//2087 2110//2110 2834//2834
f 2601//2601 1711//1711 2730//2730
f 2595//2595 2502//2502 2714//2714
f 2835//2835 1362//1362 1361//1361
f 2836//2836 1875//1875 1842//1842
f 2836//2836 1841//1841 1874//1874
f 2837//2837 2675//2675 361//361
f 2837//2837 330//330 329//329
f 441//441 440//440 474//474
f 2838//2838 441//441 442//442
f 3023//3023 1891//1891 2606//2606
f 723//723 682//682 681//681
f 2455//2455 938//938 980//980
f 2716//2716 2667//2667 391//391
f 2453//2453 2543//2543 359//359
f 1584//1584 1610//1610 1611//1611
f 984//984 1029//1029 2445//2445
f 2840//2840 1427//1427 2852//2852
f 2840//2840 1456//1456 1457//1457
f 3029//3029 2758//2758 1430//1430
f 2842//2842 2028//2028 2002//2002
f 224//224 222//222 252//252
f 1828//1828 1802//1802 1827//1827
f 1817//1817 2763//2763 2711//2711
f 2843//2843 56//56 42//42
f 2843//2843 40//40 54//54
f 2886//2886 1859//1859 2593//2593
f 1834//1834 1833//1833 2743//2743
f 2938//2938 1834//1834 2616//2616
f 2844//2844 2521//2521 1823//1823
f 2844//2844 1855//1855 2832//2832
f 2095//2095 3043//3043 2073//2073
f 2845//2845 1750//1750 1777//1777
f 2845//2845 1778//1778 2703//2703
f 2846//2846 1779//1779 1753//1753
f 2846//2846 1752//1752 2701//2701
f 2578//2578 1594//1594 1567//1567
f 1594//1594 1617//1617 3015//3015
f 2847//2847 1946//1946 2735//2735
f 2847//2847 1976//1976 1977//1977
f 2848//2848 283//283 255//255
f 2849//2849 1711//1711 2779//2779
f 2674//2674 1573//1573 2387//2387
f 1551//1551 1583//1583 1552//1552
f 2850//2850 1669//1669 1696//1696
f 2850//2850 1697//1697 1670//1670
f 2496//2496 2775//2775 1682//1682
f 2851//2851 2199//2199 2198//2198
f 2851//2851 2207//2207 2208//2208
f 1643//1643 1669//1669 2850//2850
f 2852//2852 1390//1390 1350//1350
f 2852//2852 1388//1388 2840//2840
f 31//31 59//59 47//47
f 2853//2853 2606//2606 2447//2447
f 2853//2853 1942//1942 1943//1943
f 1370//1370 1408//1408 1409//1409
f 2854//2854 1370//1370 1330//1330
f 1421//1421 1382//1382 1381//1381
f 2856//2856 1738//1738 1737//1737
f 2856//2856 2547//2547 2971//2971
f 1650//1650 1651//1651 1624//1624
f 2857//2857 476//476 2234//2234
f 1744//1744 2527//2527 1716//1716
f 1840//1840 1841//1841 2553//2553
f 1119//1119 1165//1165 1166//1166
f 2858//2858 1164//1164 1211//1211
f 2859//2859 2028//2028 2055//2055
f 2860//2860 1365//1365 3021//3021
f 1403//1403 2956//2956 2860//2860
f 1072//1072 2975//2975 1071//1071
f 1671//1671 1645//1645 1644//1644
f 1697//1697 1698//1698 1671//1671
f 115//115 3024//3024 114//114
f 1808//1808 1833//1833 1834//1834
f 2862//2862 1808//1808 1783//1783
f 2863//2863 229//229 199//199
f 2863//2863 256//256 229//229
f 5//5 12//12 13//13
f 4//4 2344//2344 5//5
f 1974//1974 2000//2000 2001//2001
f 2468//2468 2557//2557 2642//2642
f 2864//2864 2476//2476 2430//2430
f 2864//2864 1483//1483 1448//1448
f 1120//1120 1119//1119 1166//1166
f 2865//2865 2366//2366 1723//1723
f 2528//2528 1564//1564 2719//2719
f 2594//2594 27//27 2406//2406
f 2866//2866 299//299 300//300
f 2398//2398 2867//2867 2369//2369
f 1094//1094 1141//1141 1049//1049
f 2868//2868 2147//2147 2178//2178
f 2868//2868 2285//2285 3034//3034
f 2869//2869 1786//1786 2377//2377
f 2794//2794 1763//1763 2869//2869
f 2870//2870 2571//2571 2374//2374
f 2870//2870 1668//1668 2810//2810
f 2871//2871 1714//1714 1686//1686
f 2871//2871 1659//1659 1633//1633
f 2872//2872 1350//1350 1390//1390
f 2872//2872 1351//1351 1304//1304
f 1967//1967 1938//1938 1937//1937
f 1839//1839 1872//1872 2757//2757
f 2967//2967 679//679 2873//2873
f 2873//2873 678//678 719//719
f 210//210 241//241 211//211
f 1559//1559 2642//2642 1590//1590
f 2874//2874 2662//2662 3040//3040
f 2874//2874 1587//1587 1556//1556
f 1338//1338 1376//1376 1377//1377
f 1419//1419 1379//1379 2805//2805
f 2875//2875 2442//2442 2531//2531
f 2875//2875 940//940 900//900
f 2702//2702 2373//2373 1755//1755
f 1534//1534 1535//1535 1506//1506
f 810//810 765//765 809//809
f 3047//3047 2548//2548 2876//2876
f 2877//2877 1577//1577 1578//1578
f 2878//2878 1904//1904 1903//1903
f 2878//2878 1931//1931 1932//1932
f 2535//2535 2604//2604 2804//2804
f 2879//2879 2806//2806 2368//2368
f 2879//2879 1700//1700 1673//1673
f 342//342 374//374 405//405
f 1548//1548 2974//2974 2880//2880
f 1853//1853 1822//1822 2809//2809
f 124//124 99//99 123//123
f 119//119 96//96 75//75
f 2704//2704 626//626 3069//3069
f 2882//2882 1573//1573 1572//1572
f 2882//2882 2467//2467 1602//1602
f 196//196 225//225 226//226
f 85//85 86//86 2793//2793
f 2534//2534 2883//2883 604//604
f 1373//1373 1372//1372 2884//2884
f 2884//2884 1411//1411 2993//2993
f 1440//1440 1441//1441 2495//2495
f 1450//1450 1485//1485 2628//2628
f 640//640 641//641 602//602
f 585//585 512//512 550//550
f 1403//1403 1438//1438 2956//2956
f 1469//1469 1470//1470 2619//2619
f 2885//2885 2556//2556 1620//1620
f 2885//2885 1622//1622 3011//3011
f 2862//2862 2585//2585 1832//1832
f 1462//1462 1463//1463 2964//2964
f 2886//2886 2593//2593 2523//2523
f 2887//2887 1399//1399 2529//2529
f 2887//2887 1466//1466 2544//2544
f 2357//2357 19//19 10//10
f 2889//2889 2356//2356 9//9
f 1599//1599 1600//1600 2817//2817
f 2890//2890 134//134 110//110
f 2890//2890 109//109 2816//2816
f 2891//2891 1384//1384 2825//2825
f 2891//2891 1385//1385 1347//1347
f 2892//2892 2651//2651 1637//1637
f 2892//2892 2572//2572 2390//2390
f 2893//2893 1784//1784 2471//2471
f 2893//2893 2622//2622 2785//2785
f 2351//2351 376//376 407//407
f 1300//1300 1345//1345 2788//2788
f 1300//1300 1299//1299 1344//1344
f 2531//2531 2445//2445 2798//2798
f 1627//1627 3018//3018 2895//2895
f 2895//2895 1603//1603 1626//1626
f 2896//2896 2626//2626 1814//1814
f 2896//2896 1842//1842 1843//1843
f 1260//1260 2792//2792 1259//1259
f 2897//2897 3009//3009 1867//1867
f 1921//1921 1922//1922 2897//2897
f 2898//2898 2663//2663 3031//3031
f 2898//2898 2481//2481 1553//1553
f 2899//2899 2558//2558 1546//1546
f 2899//2899 1600//1600 1601//1601
f 1435//1435 2835//2835 1398//1398
f 112//112 90//90 89//89
f 2511//2511 2674//2674 3032//3032
f 2718//2718 183//183 2791//2791
f 2900//2900 1826//1826 2417//2417
f 2900//2900 1827//1827 1801//1801
f 2901//2901 1258//1258 1257//1257
f 2577//2577 2663//2663 2991//2991
f 2086//2086 2087//2087 2706//2706
f 2902//2902 2614//2614 1635//1635
f 2625//2625 2158//2158 2157//2157
f 2748//2748 327//327 2796//2796
f 2903//2903 2579//2579 1547//1547
f 1660//1660 1687//1687 2752//2752
f 1748//1748 1775//1775 2761//2761
f 1285//1285 2797//2797 1286//1286
f 1662//1662 1689//1689 1690//1690
f 348//348 347//347 379//379
f 1831//1831 1865//1865 1832//1832
f 2904//2904 1655//1655 1629//1629
f 2905//2905 1838//1838 1811//1811
f 1869//1869 2969//2969 2905//2905
f 1566//1566 2528//2528 1593//1593
f 1291//1291 1290//1290 1335//1335
f 2391//2391 982//982 939//939
f 362//362 361//361 2526//2526
f 531//531 2500//2500 2819//2819
f 2907//2907 2435//2435 2623//2623
f 349//349 348//348 380//380
f 2908//2908 2210//2210 2204//2204
f 2908//2908 2202//2202 2209//2209
f 1699//1699 2806//2806 1672//1672
f 2509//2509 1598//1598 3011//3011
f 2909//2909 1397//1397 1396//1396
f 2910//2910 627//627 588//588
f 606//606 2516//2516 568//568
f 2377//2377 2502//2502 1735//1735
f 1510//1510 1479//1479 2418//2418
f 1510//1510 1480//1480 2911//2911
f 2638//2638 1639//1639 2460//2460
f 1577//1577 2982//2982 2912//2912
f 2913//2913 1405//1405 1472//1472
f 2913//2913 2307//2307 2308//2308
f 2492//2492 2775//2775 1709//1709
f 23//23 2915//2915 2699//2699
f 2608//2608 1918//1918 1895//1895
f 2027//2027 2762//2762 2962//2962
f 2962//2962 2054//2054 2055//2055
f 2916//2916 2582//2582 360//360
f 2494//2494 2668//2668 2916//2916
f 1877//1877 1845//1845 1844//1844
f 39//39 40//40 29//29
f 1760//1760 1761//1761 1733//1733
f 2085//2085 2697//2697 2129//2129
f 2917//2917 1461//1461 1493//1493
f 2917//2917 1524//1524 2772//2772
f 1447//1447 1480//1480 1481//1481
f 2918//2918 1378//1378 1340//1340
f 2918//2918 1417//1417 1418//1418
f 56//56 2712//2712 42//42
f 2499//2499 1440//1440 2723//2723
f 214//214 213//213 2524//2524
f 1791//1791 2443//2443 1848//1848
f 1625//1625 2379//2379 2570//2570
f 424//424 2484//2484 425//425
f 2919//2919 1807//1807 1781//1781
f 1780//1780 2617//2617 2919//2919
f 2920//2920 2685//2685 2782//2782
f 1902//1902 1875//1875 2836//2836
f 2922//2922 2520//2520 2185//2185
f 2922//2922 2194//2194 2203//2203
f 2923//2923 2715//2715 2544//2544
f 2923//2923 2413//2413 1467//1467
f 1508//1508 1536//1536 2393//2393
f 2518//2518 1437//1437 2944//2944
f 2924//2924 37//37 38//38
f 2925//2925 1809//1809 1810//1810
f 2925//2925 1760//1760 1784//1784
f 2926//2926 42//42 43//43
f 20//20 41//41 2926//2926
f 2927//2927 1596//1596 1618//1618
f 1619//1619 2409//2409 2927//2927
f 2928//2928 1914//1914 1913//1913
f 1940//1940 3050//3050 1970//1970
f 2929//2929 1633//1633 2700//2700
f 2930//2930 1375//1375 1414//1414
f 2930//2930 1376//1376 1337//1337
f 2931//2931 1513//1513 1540//1540
f 2931//2931 1562//1562 2549//2549
f 359//359 390//390 2823//2823
f 2932//2932 2601//2601 1741//1741
f 2932//2932 1712//1712 1684//1684
f 1463//1463 1495//1495 1464//1464
f 2933//2933 1867//1867 1836//1836
f 2933//2933 1835//1835 2404//2404
f 2934//2934 2563//2563 1591//1591
f 2934//2934 1614//1614 1639//1639
f 2959//2959 80//80 79//79
f 1118//1118 1164//1164 2858//2858
f 2935//2935 424//424 423//423
f 2935//2935 2539//2539 492//492
f 2936//2936 1807//1807 2801//2801
f 2937//2937 1918//1918 2692//2692
f 2937//2937 2847//2847 1947//1947
f 2938//2938 2785//2785 1808//1808
f 195//195 224//224 225//225
f 2939//2939 2205//2205 2211//2211
f 2939//2939 2211//2211 2206//2206
f 2056//2056 2030//2030 2029//2029
f 2940//2940 1864//1864 1863//1863
f 2940//2940 1893//1893 2695//2695
f 2941//2941 2604//2604 2727//2727
f 2942//2942 1583//1583 1610//1610
f 2577//2577 1475//1475 1504//1504
f 1402//1402 2715//2715 2944//2944
f 2944//2944 1437//1437 3021//3021
f 2402//2402 2411//2411 2501//2501
f 2483//2483 1683//1683 2402//2402
f 2945//2945 724//724 683//683
f 2945//2945 767//767 768//768
f 2502//2502 2595//2595 1787//1787
f 1459//1459 1429//1429 3048//3048
f 2946//2946 301//301 269//269
f 2946//2946 331//331 332//332
f 2982//2982 2661//2661 1547//1547
f 1052//1052 1097//1097 1007//1007
f 73//73 72//72 93//93
f 1657//1657 2947//2947 1658//1658
f 1713//1713 2871//2871 2947//2947
f 1668//1668 2457//2457 1667//1667
f 2880//2880 2485//2485 1548//1548
f 762//762 806//806 763//763
f 761//761 805//805 806//806
f 901//901 941//941 942//942
f 1511//1511 1539//1539 2423//2423
f 1372//1372 1332//1332 2767//2767
f 2767//2767 1331//1331 1371//1371
f 2948//2948 1582//1582 1632//1632
f 2949//2949 1278//1278 1277//1277
f 2949//2949 1322//1322 1366//1366
f 2950//2950 26//26 2505//2505
f 2950//2950 14//14 25//25
f 2951//2951 2464//2464 1700//1700
f 2951//2951 2641//2641 1731//1731
f 2952//2952 2590//2590 2743//2743
f 2952//2952 1895//1895 2552//2552
f 1845//1845 1878//1878 1846//1846
f 2296//2296 3063//3063 2295//2295
f 2953//2953 1692//1692 2372//2372
f 2953//2953 2845//2845 2865//2865
f 1930//1930 1931//1931 2878//2878
f 1743//1743 1715//1715 2462//2462
f 2954//2954 2345//2345 2223//2223
f 3043//3043 2096//2096 2074//2074
f 1741//1741 2298//2298 2299//2299
f 1701//1701 1675//1675 1674//1674
f 1626//1626 2567//2567 3006//3006
f 2955//2955 1507//1507 1508//1508
f 2955//2955 2393//2393 2507//2507
f 2099//2099 2098//2098 2119//2119
f 2922//2922 2184//2184 2194//2194
f 2957//2957 2488//2488 1807//1807
f 2957//2957 2936//2936 1758//1758
f 2958//2958 2783//2783 2608//2608
f 2959//2959 79//79 2345//2345
f 2345//2345 78//78 2959//2959
f 2960//2960 1704//1704 2472//2472
f 2960//2960 1705//1705 1678//1678
f 2358//2358 9//9 2356//2356
f 2961//2961 1653//1653 1652//1652
f 2961//2961 1681//1681 1708//1708
f 2962//2962 2055//2055 2028//2028
f 2963//2963 1642//1642 2374//2374
f 2963//2963 1615//1615 2407//2407
f 276//276 251//251 250//250
f 1395//1395 1396//1396 1356//1356
f 2964//2964 1463//1463 2909//2909
f 2393//2393 2683//2683 2507//2507
f 2173//2173 2159//2159 2172//2172
f 2965//2965 1399//1399 2887//2887
f 2965//2965 1400//1400 1363//1363
f 2494//2494 2403//2403 2747//2747
f 2784//2784 2630//2630 2966//2966
f 1501//1501 1472//1472 1471//1471
f 603//603 641//641 2534//2534
f 2967//2967 720//720 679//679
f 2967//2967 762//762 763//763
f 2968//2968 1524//1524 2686//2686
f 1518//1518 1543//1543 1519//1519
f 2487//2487 2392//2392 1518//1518
f 279//279 2655//2655 2546//2546
f 2969//2969 1869//1869 1897//1897
f 2969//2969 1870//1870 2905//2905
f 2970//2970 642//642 2588//2588
f 2970//2970 643//643 2498//2498
f 2971//2971 1788//1788 2811//2811
f 2971//2971 1765//1765 2856//2856
f 2972//2972 2668//2668 297//297
f 2973//2973 1678//1678 1650//1650
f 2973//2973 2637//2637 1677//1677
f 2362//2362 1675//1675 2465//2465
f 1648//1648 1647//1647 2362//2362
f 2974//2974 1548//1548 1579//1579
f 2974//2974 1580//1580 3007//3007
f 2975//2975 2861//2861 1024//1024
f 2975//2975 1070//1070 1071//1071
f 2977//2977 34//34 2475//2475
f 2977//2977 23//23 2699//2699
f 1550//1550 1549//1549 1582//1582
f 787//787 2320//2320 742//742
f 2747//2747 2668//2668 2494//2494
f 2206//2206 2207//2207 2851//2851
f 2979//2979 703//703 663//663
f 2979//2979 662//662 701//701
f 2980//2980 2429//2429 1474//1474
f 1474//1474 1476//1476 2980//2980
f 1558//1558 3055//3055 2566//2566
f 2981//2981 2369//2369 2765//2765
f 2788//2788 2678//2678 2456//2456
f 2984//2984 1777//1777 1750//1750
f 2984//2984 1722//1722 1721//1721
f 2611//2611 1761//1761 1762//1762
f 2746//2746 2134//2134 2133//2133
f 2167//2167 2153//2153 2746//2746
f 2986//2986 35//35 50//50
f 2986//2986 65//65 2793//2793
f 2987//2987 1614//1614 2557//2557
f 2987//2987 1666//1666 2460//2460
f 2988//2988 171//171 170//170
f 2988//2988 226//226 227//227
f 2989//2989 146//146 145//145
f 1794//1794 1795//1795 1771//1771
f 2369//2369 2867//2867 2765//2765
f 2478//2478 2562//2562 2651//2651
f 1491//1491 1545//1545 2990//2990
f 2991//2991 2663//2663 1586//1586
f 625//625 661//661 700//700
f 625//625 551//551 586//586
f 1811//1811 2395//2395 1786//1786
f 2992//2992 380//380 348//348
f 410//410 411//411 2992//2992
f 2993//2993 1442//1442 1412//1412
f 2993//2993 1411//1411 2421//2421
f 2679//2679 16//16 7//7
f 1860//1860 2673//2673 2724//2724
f 1544//1544 2681//2681 1520//1520
f 1163//1163 1162//1162 1208//1208
f 2477//2477 33//33 32//32
f 2994//2994 1690//1690 1689//1689
f 533//533 496//496 495//495
f 533//533 534//534 497//497
f 2812//2812 587//587 588//588
f 2995//2995 2266//2266 2086//2086
f 2995//2995 2706//2706 2044//2044
f 2996//2996 2401//2401 1575//1575
f 2996//2996 2658//2658 2579//2579
f 2500//2500 531//531 2676//2676
f 2997//2997 1510//1510 2826//2826
f 2997//2997 2506//2506 2807//2807
f 2470//2470 1858//1858 1859//1859
f 1385//1385 1425//1425 2855//2855
f 899//899 854//854 898//898
f 1025//1025 1072//1072 1026//1026
f 3000//3000 1866//1866 2933//2933
f 3000//3000 2590//2590 2777//2777
f 3001//3001 1536//1536 1508//1508
f 3001//3001 1554//1554 2662//2662
f 3002//3002 1766//1766 2941//2941
f 3002//3002 1767//1767 2730//2730
f 1862//1862 2813//2813 2755//2755
f 1725//1725 2631//2631 1695//1695
f 70//70 90//90 91//91
f 1455//1455 1489//1489 2907//2907
f 1845//1845 1815//1815 1844//1844
f 3003//3003 1698//1698 1729//1729
f 3003//3003 2822//2822 2565//2565
f 392//392 2526//2526 426//426
f 1420//1420 1381//1381 1380//1380
f 1421//1421 1381//1381 1420//1420
f 2624//2624 109//109 87//87
f 1694//1694 2366//2366 1724//1724
f 2553//2553 2896//2896 1814//1814
f 680//680 2410//2410 721//721
f 3072//3072 2497//2497 2574//2574
f 1690//1690 1663//1663 2380//2380
f 286//286 285//285 317//317
f 286//286 257//257 256//256
f 1977//1977 1948//1948 1947//1947
f 2004//2004 1978//1978 1977//1977
f 3004//3004 1999//1999 2026//2026
f 3005//3005 2056//2056 2859//2859
f 3005//3005 2075//2075 2098//2098
f 3006//3006 2567//2567 1575//1575
f 3006//3006 2657//2657 1574//1574
f 3007//3007 2671//2671 1529//1529
f 3007//3007 1580//1580 1581//1581
f 2991//2991 3008//3008 2400//2400
f 3008//3008 1534//1534 1506//1506
f 3009//3009 1896//1896 1868//1868
f 3009//3009 1836//1836 1867//1867
f 125//125 101//101 100//100
f 1280//1280 1233//1233 1279//1279
f 3010//3010 2829//2829 2591//2591
f 3010//3010 2397//2397 1629//1629
f 1749//1749 2568//2568 1720//1720
f 3011//3011 1571//1571 2509//2509
f 3011//3011 1622//1622 2696//2696
f 3012//3012 2584//2584 240//240
f 267//267 241//241 3012//3012
f 3013//3013 1933//1933 2261//2261
f 3014//3014 185//185 158//158
f 3014//3014 157//157 184//184
f 2573//2573 1727//1727 2815//2815
f 1029//1029 984//984 1028//1028
f 1737//1737 1681//1681 1707//1707
f 244//244 2524//2524 2436//2436
f 3015//3015 1595//1595 1594//1594
f 2709//2709 144//144 119//119
f 1337//1337 1338//1338 1293//1293
f 3016//3016 7//7 2750//2750
f 3016//3016 2575//2575 15//15
f 2680//2680 1773//1773 2428//2428
f 2540//2540 645//645 608//608
f 2540//2540 608//608 3049//3049
f 1485//1485 1450//1450 1449//1449
f 1372//1372 1373//1373 1333//1333
f 3018//3018 1604//1604 1603//1603
f 3018//3018 1627//1627 2389//2389
f 3019//3019 2444//2444 1509//1509
f 3019//3019 2418//2418 1479//1479
f 3020//3020 1939//1939 1913//1913
f 3020//3020 2827//2827 1938//1938
f 1822//1822 1797//1797 1796//1796
f 1402//1402 1365//1365 1364//1364
f 3022//3022 2684//2684 2432//2432
f 2432//2432 2903//2903 3022//3022
f 3023//3023 1944//1944 1893//1893
f 3024//3024 92//92 114//114
f 3024//3024 93//93 72//72
f 3025//3025 2626//2626 2535//2535
f 3025//3025 2600//2600 1789//1789
f 3026//3026 1319//1319 1318//1318
f 3026//3026 1363//1363 1400//1400
f 281//281 254//254 253//253
f 3027//3027 2373//2373 2612//2612
f 3027//3027 2802//2802 1805//1805
f 3028//3028 1766//1766 2597//2597
f 3028//3028 1739//1739 2427//2427
f 1358//1358 1359//1359 1313//1313
f 283//283 316//316 284//284
f 527//527 565//565 528//528
f 311//311 374//374 342//342
f 2149//2149 2109//2109 2108//2108
f 3029//3029 1461//1461 2917//2917
f 3030//3030 1623//1623 2555//2555
f 3030//3030 1648//1648 2362//2362
f 1451//1451 2446//2446 2454//2454
f 1854//1854 1885//1885 1855//1855
f 1255//1255 1254//1254 1299//1299
f 1605//1605 2483//2483 2904//2904
f 1600//1600 1623//1623 2564//2564
f 1347//1347 1384//1384 2891//2891
f 3031//3031 2663//2663 2577//2577
f 3032//3032 2503//2503 1526//1526
f 98//98 2652//2652 77//77
f 1349//1349 1387//1387 1388//1388
f 3067//3067 1717//1717 2749//2749
f 199//199 198//198 2863//2863
f 2744//2744 161//161 137//137
f 188//188 189//189 2744//2744
f 2515//2515 1634//1634 1660//1660
f 3033//3033 1457//1457 1458//1458
f 679//679 2615//2615 2693//2693
f 2902//2902 2399//2399 2497//2497
f 3034//3034 2148//2148 2868//2868
f 3035//3035 90//90 112//112
f 3035//3035 2439//2439 113//113
f 239//239 296//296 240//240
f 3037//3037 1354//1354 1353//1353
f 3037//3037 1393//1393 1430//1430
f 536//536 2605//2605 535//535
f 96//96 97//97 2888//2888
f 2387//2387 1573//1573 3038//3038
f 3038//3038 2882//2882 1602//1602
f 3039//3039 1880//1880 1850//1850
f 2352//2352 45//45 2708//2708
f 2473//2473 1613//1613 1637//1637
f 1848//1848 1790//1790 1816//1816
f 2211//2211 2205//2205 2461//2461
f 2131//2131 2751//2751 2834//2834
f 1922//1922 1921//1921 1950//1950
f 2687//2687 1649//1649 2637//2637
f 244//244 2436//2436 269//269
f 3040//3040 2662//2662 2574//2574
f 2399//2399 2474//2474 3040//3040
f 3041//3041 1811//1811 1786//1786
f 3041//3041 1785//1785 2388//2388
f 3042//3042 1972//1972 1941//1941
f 3042//3042 1998//1998 2026//2026
f 1211//1211 1257//1257 1212//1212
f 3043//3043 2052//2052 2073//2073
f 3043//3043 2074//2074 2053//2053
f 3044//3044 2346//2346 2253//2253
f 1316//1316 1361//1361 1362//1362
f 3045//3045 2201//2201 2192//2192
f 3046//3046 1884//1884 1853//1853
f 3046//3046 1910//1910 1911//1911
f 3047//3047 767//767 2548//2548
f 3048//3048 1393//1393 1392//1392
f 3048//3048 1428//1428 1459//1459
f 3049//3049 607//607 2419//2419
f 681//681 643//643 722//722
f 3050//3050 2928//2928 1969//1969
f 3050//3050 1997//1997 1970//1970
f 63//63 49//49 48//48
f 140//140 162//162 163//163
f 394//394 428//428 429//429
f 3051//3051 1847//1847 3063//3063
f 269//269 300//300 2946//2946
f 60//60 81//81 61//61
f 2487//2487 1516//1516 1542//1542
f 1025//1025 981//981 2861//2861
f 2816//2816 134//134 2890//2890
f 646//646 684//684 685//685
f 977//977 937//937 936//936
f 3052//3052 1953//1953 1924//1924
f 3052//3052 1923//1923 1952//1952
f 1491//1491 1521//1521 1545//1545
f 2385//2385 496//496 459//459
f 3053//3053 1912//1912 1936//1936
f 3053//3053 1966//1966 1937//1937
f 3054//3054 2892//2892 2390//2390
f 3054//3054 2478//2478 2651//2651
f 3055//3055 2363//2363 2566//2566
f 3055//3055 2981//2981 2643//2643
f 67//67 88//88 68//68
f 3056//3056 1732//1732 1701//1701
f 3056//3056 2367//2367 2471//2471
f 188//188 215//215 216//216
f 852//852 851//851 895//895
f 3057//3057 2457//2457 1642//1642
f 3057//3057 2469//2469 1641//1641
f 3058//3058 124//124 2830//2830
f 3058//3058 176//176 149//149
f 3059//3059 2775//2775 2496//2496
f 3059//3059 1739//1739 1710//1710
f 2894//2894 344//344 377//377
f 1656//1656 3071//3071 1631//1631
f 3060//3060 895//895 894//894
f 3060//3060 938//938 2455//2455
f 2180//2180 2192//2192 2720//2720
f 268//268 298//298 299//299
f 193//193 166//166 165//165
f 221//221 2659//2659 166//166
f 428//428 394//394 393//393
f 3067//3067 2527//2527 2449//2449
f 1287//1287 1241//1241 1286//1286
f 3061//3061 1279//1279 1278//1278
f 3061//3061 2949//2949 1323//1323
f 1741//1741 2299//2299 2349//2349
f 3062//3062 1645//1645 2983//2983
f 3062//3062 3015//3015 1644//1644
f 2747//2747 242//242 241//241
f 3063//3063 2296//2296 3051//3051
f 3063//3063 1879//1879 1907//1907
f 477//477 443//443 476//476
f 2015//2015 2041//2041 2820//2820
f 2407//2407 2771//2771 2613//2613
f 2976//2976 3066//3066 2292//2292
f 3064//3064 67//67 52//52
f 3064//3064 66//66 2793//2793
f 3065//3065 3013//3013 2262//2262
f 3066//3066 2976//2976 2043//2043
f 2894//2894 2325//2325 2881//2881
f 2620//2620 3067//3067 2449//2449
f 2581//2581 1534//1534 2414//2414
f 742//742 700//700 699//699
f 742//742 2320//2320 2770//2770
f 1848//1848 2297//2297 1791//1791
f 3051//3051 2396//2396 1848//1848
f 3067//3067 2426//2426 2527//2527
f 3067//3067 2620//2620 1717//1717
f 3070//3070 513//513 3068//3068
f 3069//3069 587//587 2766//2766
f 3069//3069 626//626 2910//2910
f 3070//3070 3068//3068 2705//2705
f 3071//3071 2985//2985 1631//1631
f 2497//2497 3072//3072 2581//2581
f 626//626 743//743 701//701
f 3072//3072 1534//1534 2581//2581
f 3072//3072 2574//2574 1554//1554
