v 97.230675 0.887497 5.788682
v 97.169586 1.071504 2.923856
v 97.623329 0.876052 -2.984003
v 95.566444 0.924193 11.745310
v 93.275749 1.976644 10.962862
v 92.898117 2.511609 7.849981
v 93.562210 2.635186 -0.735599
v 95.139816 1.914813 -3.153206
v 94.329254 2.074561 -6.026019
v 94.052437 1.175066 -13.929096
v 93.322784 0.880696 17.009987
v 91.060471 2.518945 13.208592
v 90.619934 3.177248 10.161839
v 90.196747 3.711464 7.159135
v 91.830055 3.349181 1.806104
v 92.047874 3.175260 -3.734175
v 89.657578 4.016228 -6.059711
v 92.016327 2.975991 -6.654567
v 92.320244 2.274856 -11.440129
v 91.093124 2.338647 -14.004368
v 91.292519 1.183225 -19.118671
v 89.615746 1.217118 21.577452
v 91.259712 1.872096 16.187281
v 87.831299 4.438770 9.441628
v 87.491844 4.924155 6.402180
v 87.295654 5.224572 3.204173
v 87.408485 5.241498 -0.135837
v 90.632347 3.310734 -8.898031
v 89.377815 3.475062 -11.390017
v 86.188644 0.979326 26.621584
v 87.339409 1.382082 23.999231
v 86.965828 2.414664 20.887743
v 86.536987 3.365186 17.868261
v 86.099648 4.213615 14.910662
v 84.879601 5.768425 8.711551
v 85.078781 6.024091 5.266754
v 86.444458 5.583901 -2.688834
v 86.968323 5.190351 -5.397491
v 87.589539 4.611184 -8.550914
v 86.610245 4.564123 -11.576078
v 88.177208 3.483077 -14.078822
v 86.752831 3.500169 -16.657949
v 88.447937 2.294596 -19.000706
v 87.265289 2.163928 -21.229534
v 87.495987 1.326077 -23.907455
v 83.966072 1.173247 28.392757
v 84.600342 2.735056 22.918560
v 83.840607 4.551235 17.425549
v 83.377205 5.389556 14.603080
v 82.837517 6.158283 11.779494
v 82.959152 7.000854 3.949917
v 81.839851 7.566338 1.286418
v 82.027519 6.823311 -9.065112
v 83.748764 5.695145 -11.736099
v 82.853821 5.584018 -14.185593
v 83.522240 4.697863 -16.916338
v 82.917732 4.116391 -20.040232
v 85.008301 2.756624 -22.090199
v 84.247772 2.024993 25.593103
v 81.748955 3.267399 24.627214
v 82.222603 3.869859 22.175894
v 81.515434 4.780917 20.027643
v 81.064865 5.695489 17.301678
v 80.585457 6.551384 14.492724
v 79.963699 7.365128 11.652782
v 82.498642 6.969507 6.827770
v 78.874496 8.791241 2.542068
v 79.411079 8.592352 -0.642092
v 79.596008 8.373309 -3.905834
v 79.543892 8.085970 -7.204086
v 81.029221 6.701940 -12.238790
v 80.647911 6.196109 -15.368228
v 80.613441 5.492578 -18.257044
v 80.356430 4.743409 -21.275431
v 79.765068 4.029621 -24.213524
v 81.813683 2.750219 -25.860144
v 81.398613 1.255957 -30.522186
v 79.001747 1.389566 32.336670
v 81.562218 2.361516 27.458834
v 79.126503 3.635201 26.367456
v 79.371269 4.667050 23.095497
v 78.758827 5.841241 20.104868
v 78.303505 6.823530 17.235483
v 77.804047 7.708025 14.394747
v 77.243736 8.515316 11.505986
v 76.369118 9.304940 8.864487
v 76.175865 9.885678 3.558488
v 76.653839 9.765696 0.602914
v 77.033089 9.544265 -2.361201
v 77.282974 9.229841 -5.409073
v 76.858192 9.042500 -8.527024
v 78.931580 7.892338 -10.341231
v 77.814781 6.997458 -16.706861
v 78.171860 6.023133 -19.732086
v 77.845169 5.241503 -22.669020
v 78.999496 3.350469 -26.992157
v 78.799835 2.413409 -29.743809
v 79.059784 1.267987 -32.514553
v 76.531174 1.390570 34.309917
v 76.564926 2.599961 31.417418
v 76.622108 3.759152 28.472187
v 76.628677 4.868709 25.523956
v 76.395485 5.940250 22.716814
v 75.961113 7.002092 19.928823
v 75.518547 7.971018 17.139637
v 75.009857 8.860798 14.363779
v 74.327942 9.699216 11.674749
v 73.378189 10.522452 9.108354
v 75.093391 10.121611 6.476079
v 73.854904 10.925910 1.734530
v 74.177612 10.783935 -1.106862
v 74.749084 10.397654 -4.020497
v 74.003502 10.132550 -9.069154
v 75.707794 8.991682 -11.614212
v 76.028679 8.254694 -14.467127
v 74.620590 8.253992 -16.734440
v 75.600128 7.211831 -19.088394
v 76.120453 6.323533 -21.350389
v 76.995605 4.599272 -25.488249
v 76.168503 3.792370 -28.475739
v 76.575554 2.463836 -31.529135
v 76.576225 1.311731 -34.379791
v 73.934036 1.450813 36.093922
v 73.964951 2.688815 33.290550
v 74.129578 3.820869 30.518600
v 74.116188 4.948508 27.770313
v 73.834496 6.057102 25.165819
v 73.513527 7.132307 22.509165
v 73.135811 8.163387 19.804623
v 72.701286 9.126978 17.085993
v 72.145683 10.034876 14.388810
v 71.402077 10.910503 11.719997
v 70.479248 11.757565 9.011335
v 71.483826 11.869446 3.560766
v 71.084412 12.127941 0.212671
v 72.041008 11.605810 -3.144311
v 71.167511 11.349195 -8.830522
v 72.294533 10.382712 -11.633941
v 73.369339 9.401334 -14.160131
v 71.781776 9.365597 -16.788382
v 72.808456 8.235974 -19.287270
v 73.719978 7.136791 -21.648893
v 72.242493 6.760966 -24.312149
v 74.129219 5.321157 -26.353142
v 73.036346 4.705801 -28.918550
v 74.423233 3.490604 -30.760157
v 74.060837 2.528840 -33.364170
v 73.933090 1.397268 -36.094551
v 71.878433 4.943368 29.768759
v 71.293907 6.034527 27.662725
v 70.984016 7.182791 25.063665
v 70.671486 8.281903 22.406080
v 70.309608 9.316006 19.730936
v 69.862320 10.292855 17.049170
v 69.276688 11.227404 14.356281
v 68.524048 12.130847 11.615341
v 69.543922 12.507842 6.117127
v 67.887749 13.484228 0.114671
v 69.319107 12.785089 -2.730595
v 70.227783 12.146429 -5.813396
v 69.266525 11.661695 -11.467910
v 70.082939 10.660392 -14.433895
v 69.355049 10.181705 -17.292120
v 70.130005 9.194546 -19.556942
v 70.973465 8.045736 -22.044521
v 69.009590 7.745352 -24.879993
v 71.098061 6.181236 -26.948706
v 70.243546 5.348869 -29.722580
v 69.469864 4.396187 -32.523705
v 71.148773 2.801593 -34.860855
v 71.442451 1.374701 -37.813026
v 68.656715 1.580721 39.266537
v 71.310028 1.504048 37.749008
v 68.682701 2.899819 36.586720
v 68.761703 4.256023 33.725761
v 69.052727 5.600100 30.577614
v 68.527039 7.054488 27.686525
v 68.182045 8.292809 24.978439
v 67.855377 9.417934 22.324646
v 67.488220 10.468592 19.671600
v 67.028671 11.465513 16.997551
v 66.433350 12.423388 14.279573
v 65.683334 13.344801 11.481420
v 66.660690 13.754118 5.777313
v 65.799057 14.321139 2.773051
v 64.953568 14.717984 -0.231925
v 66.551132 13.953641 -2.786484
v 65.577362 13.758861 -8.321459
v 66.358604 12.925011 -11.167074
v 67.006500 12.026838 -13.974736
v 67.201477 11.204622 -16.745468
v 67.431152 10.249910 -19.554764
v 68.228554 9.080687 -22.078728
v 68.187363 6.843982 -27.897749
v 67.024323 4.996883 -32.974766
v 68.012001 3.742987 -34.970398
v 69.198654 1.160566 -39.665295
v 65.907326 1.566406 40.877804
v 66.020065 2.910869 38.256104
v 66.104439 4.249032 35.574821
v 66.268311 5.571125 32.769440
v 66.118271 6.895151 30.069462
v 65.716217 8.210676 27.455908
v 65.371552 9.427960 24.859245
v 65.043282 10.556642 22.252010
v 64.673271 11.622020 19.619524
v 64.205704 12.637510 16.950142
v 63.601700 13.611330 14.236217
v 62.843048 14.537368 11.489358
v 63.495224 15.122352 5.456077
v 62.854225 15.589889 1.961917
v 62.167027 15.863471 -1.325474
v 64.039543 15.000141 -2.979588
v 64.724075 14.490082 -5.526685
v 62.737709 14.978572 -8.080625
v 63.500336 14.145914 -10.948891
v 64.111038 13.261576 -13.750134
v 64.508507 12.348659 -16.530661
v 64.804161 11.350974 -19.345678
v 65.300858 10.213507 -22.048231
v 66.271164 9.054808 -24.146786
v 65.298653 7.256576 -29.311255
v 67.553146 5.884417 -30.628437
v 64.912918 6.131312 -32.067146
v 65.101807 4.813769 -34.693005
v 65.860161 3.402607 -37.079620
v 66.730621 1.895608 -39.607681
v 63.424896 1.455348 42.436161
v 63.305584 4.222779 37.404377
v 63.613415 5.486162 34.788612
v 63.612560 6.783767 32.209793
v 63.230492 8.081738 29.800232
v 62.866261 9.349967 27.323450
v 62.550182 10.554325 24.784531
v 62.234417 11.691944 22.204556
v 61.861485 12.772738 19.588305
v 61.377590 13.806239 16.938145
v 60.741123 14.798096 14.266271
v 59.918053 15.747458 11.612946
v 58.890228 16.656082 9.032564
v 60.643867 16.448282 3.960358
v 59.836990 16.900721 0.654147
v 59.695316 16.856745 -2.819519
v 59.936283 16.153833 -8.065439
v 60.682365 15.335669 -10.827503
v 61.286716 14.449283 -13.603781
v 61.745213 13.508310 -16.368586
v 62.109329 12.475596 -19.161612
v 62.527481 11.293113 -22.012224
v 63.215961 9.872334 -24.957348
v 62.882030 8.658342 -28.111044
v 62.608109 7.392895 -31.059391
v 63.807415 2.994782 -39.119019
v 64.829857 1.438509 -41.560341
v 60.727505 1.524256 43.660992
v 60.327423 4.127770 39.310593
v 60.772995 5.551263 36.486000
v 61.354424 6.609606 34.127956
v 60.732452 7.840535 32.156879
v 60.346111 9.166044 29.765808
v 60.030125 10.451249 27.281336
v 59.740410 11.667537 24.748468
v 59.430252 12.821259 22.182503
v 59.044144 13.920197 19.586912
v 58.531075 14.974459 16.966827
v 57.850933 15.992318 14.328040
v 58.213932 17.309103 6.250096
v 57.327187 17.911917 -1.612073
v 56.937164 17.432514 -7.915756
v 57.856983 16.517925 -10.772794
v 58.478325 15.619206 -13.517210
v 58.954193 14.670081 -16.234413
v 59.344635 13.641950 -18.952803
v 59.720432 12.500015 -21.692951
v 60.136684 11.240127 -24.449093
v 60.296562 9.983626 -27.223934
v 60.171089 8.699855 -30.105944
v 60.092957 7.304220 -32.998314
v 59.775116 5.810206 -36.093674
v 60.828777 4.089921 -38.724953
v 61.815208 2.480779 -41.187038
v 62.699844 1.177977 -43.168346
v 57.825550 1.651603 44.804733
v 58.793728 2.965635 42.138031
v 57.079544 4.441033 40.524235
v 58.025074 5.706657 37.833912
v 58.543053 7.179130 34.873688
v 57.904163 8.798390 32.271015
v 57.522797 10.218061 29.763844
v 57.225632 11.538633 27.254234
v 56.943123 12.774899 24.727219
v 56.623837 13.947624 22.181084
v 56.213474 15.066798 19.613317
v 55.667839 16.142851 17.026533
v 54.963387 17.177692 14.428714
v 56.967407 16.986942 11.644707
v 55.819191 17.998184 8.751221
v 54.809521 19.031286 -0.394324
v 54.715397 18.924612 -3.314266
v 54.564137 18.677740 -6.240702
v 55.078037 17.640699 -10.926453
v 55.667511 16.772266 -13.509999
v 56.139290 15.830027 -16.148834
v 56.532921 14.809607 -18.789639
v 56.887955 13.702350 -21.429380
v 57.225674 12.503415 -24.066534
v 57.473110 11.251924 -26.710756
v 57.548309 9.959116 -29.408924
v 57.529305 8.613796 -32.136059
v 57.740269 7.300143 -34.529324
v 56.382710 6.521165 -36.780495
v 57.836670 4.967620 -38.770039
v 59.064545 3.345596 -41.036736
v 59.951344 1.618512 -43.685387
v 55.014977 1.682791 45.982567
v 55.941105 3.111530 43.283096
v 55.045807 5.971166 39.029202
v 55.981419 7.035758 36.694321
v 55.471413 8.378999 34.637192
v 55.048828 9.872208 32.194336
v 54.718624 11.296077 29.706978
v 54.433655 12.629922 27.214771
v 54.145782 13.883358 24.712294
v 53.806641 15.075665 22.193531
v 53.366127 16.217781 19.652115
v 52.785488 17.320095 17.086840
v 52.040077 18.384272 14.506006
v 53.058723 18.997629 9.764876
v 52.498283 20.023794 1.204842
v 52.329109 20.029461 -1.891319
v 51.910507 19.528931 -7.999746
v 52.241837 18.831223 -10.855509
v 52.817585 17.949677 -13.469588
v 53.294067 17.000029 -16.074421
v 53.691113 15.976807 -18.669544
v 54.040295 14.880624 -21.244118
v 54.357635 13.708850 -23.798779
v 54.627533 12.472556 -26.345402
v 54.813709 11.176789 -28.917976
v 54.913391 9.799464 -31.575279
v 54.939087 8.249326 -34.481441
v 54.620430 5.599213 -39.353313
v 57.509434 2.681571 -42.978661
v 57.170856 1.519377 -45.144318
v 49.720058 3.471165 45.428371
v 52.964794 3.237037 44.431213
v 54.112278 4.615837 41.712589
v 52.326206 6.181044 40.103157
v 53.024448 7.708459 37.232197
v 52.585938 9.419006 34.584667
v 52.229988 10.954892 32.089298
v 51.924435 12.385481 29.630550
v 51.640366 13.726025 27.173244
v 51.339512 14.995472 24.702610
v 50.976959 16.209742 22.207310
v 50.509056 17.378887 19.675369
v 49.905773 18.513466 17.090450
v 49.146812 19.625828 14.391018
v 48.165249 20.762556 11.367079
v 50.148365 20.997721 2.869621
v 49.901386 20.949110 -3.512262
v 49.255268 20.796019 -7.002258
v 49.600071 20.052708 -10.245587
v 50.013630 19.170341 -13.185985
v 50.447266 18.196880 -15.913939
v 50.834305 17.154184 -18.541201
v 51.181900 16.044636 -21.103851
v 51.497334 14.875054 -23.619352
v 51.776436 13.646136 -26.099886
v 52.009556 12.362837 -28.564804
v 52.193710 11.029390 -31.031807
v 52.329403 9.662515 -33.481514
v 52.188522 8.460715 -35.709579
v 53.299042 7.114505 -37.437321
v 53.270439 4.475840 -41.926235
v 52.408150 3.045479 -44.655201
v 55.032658 2.912791 -43.716473
v 52.094006 1.773456 47.038494
v 51.244675 4.772683 42.820843
v 50.106499 7.537801 39.072357
v 50.060429 9.014144 36.730049
v 49.736019 10.562535 34.346539
v 49.418156 12.057526 31.954405
v 49.125957 13.476547 29.555185
v 48.838982 14.824071 27.138508
v 48.523350 16.112278 24.693563
v 48.139637 17.351955 22.208136
v 47.653511 18.549450 19.669580
v 47.051853 19.702225 17.073198
v 46.384106 20.771740 14.439923
v 47.284222 22.248026 1.350547
v 46.168045 22.084267 -7.047415
v 46.908756 21.264500 -9.797095
v 47.296787 20.396000 -12.753300
v 47.644489 19.417383 -15.620708
v 47.987583 18.350187 -18.347715
v 48.323711 17.211756 -20.960325
v 48.641304 16.015768 -23.485970
v 48.927567 14.773410 -25.947330
v 49.178108 13.487337 -28.363865
v 49.394184 12.156500 -30.754759
v 49.578259 10.786690 -33.129002
v 49.741367 9.378152 -35.494064
v 50.289837 7.816956 -37.837502
v 51.212681 6.109601 -40.194523
v 50.608349 4.540781 -43.030006
v 49.778072 3.046683 -45.737488
v 49.309872 1.726963 48.163406
v 47.273052 3.008332 47.048428
v 48.325981 5.316514 43.288250
v 47.570694 7.030774 41.083092
v 47.389286 8.601667 38.790295
v 47.179230 10.137681 36.499252
v 46.894623 11.662016 34.188858
v 46.605656 13.140713 31.857920
v 46.322826 14.558932 29.501524
v 46.031223 15.921567 27.112005
v 45.701057 17.234146 24.677498
v 45.299156 18.503843 22.185745
v 44.791126 19.735743 19.624519
v 44.150021 20.924116 17.008554
v 43.578037 21.972492 14.337547
v 43.216454 22.872091 11.278871
v 42.694370 23.680916 8.032444
v 43.338028 23.776331 4.764934
v 45.353020 22.810276 -4.148765
v 44.053493 22.521666 -9.458355
v 44.556076 21.630507 -12.331977
v 44.884319 20.651186 -15.234389
v 45.170067 19.567068 -18.063492
v 45.474533 18.393925 -20.768644
v 45.793766 17.154194 -23.353546
v 46.091442 15.871907 -25.840487
v 46.353901 14.561958 -28.254469
v 46.588234 13.212656 -30.617519
v 46.812092 11.818281 -32.958633
v 47.055119 10.364282 -35.301632
v 47.440464 8.817851 -37.649441
v 48.013992 7.215348 -39.944702
v 48.275101 5.708111 -42.204960
v 45.815861 4.889166 -44.485645
v 46.918800 3.229941 -46.546646
v 46.384487 1.740817 49.168659
v 46.380936 4.507227 45.257675
v 45.417049 6.235086 43.192322
v 44.897247 7.963025 40.929485
v 44.615173 9.604829 38.641033
v 44.353825 11.182916 36.369808
v 44.078060 12.715607 34.095768
v 43.800491 14.197749 31.798899
v 43.520298 15.630737 29.466442
v 43.220413 17.017946 27.086998
v 42.876503 18.360630 24.648939
v 42.464359 19.661694 22.138277
v 41.942883 20.934469 19.524212
v 41.152309 22.252073 16.725613
v 41.165688 23.180014 13.572054
v 41.458118 24.711832 2.413576
v 42.087837 24.438042 -0.652830
v 43.358917 23.340393 -6.562710
v 41.251411 23.777819 -9.025743
v 41.774769 22.885151 -11.901059
v 42.135921 21.900337 -14.789839
v 42.390175 20.804850 -17.682693
v 42.641933 19.599339 -20.500561
v 42.948170 18.306231 -23.184126
v 43.267742 16.964184 -25.735121
v 43.547245 15.604109 -28.183029
v 43.791912 14.224413 -30.550406
v 44.032322 12.805036 -32.872433
v 44.298626 11.330273 -35.182995
v 44.637493 9.784843 -37.496517
v 45.068050 8.180968 -39.802193
v 45.466190 6.556705 -42.114708
v 43.817947 3.652498 -47.048512
v 43.481834 1.999777 49.755180
v 44.448193 3.474990 47.414581
v 43.260910 5.271174 45.390663
v 42.577766 7.129896 43.103859
v 42.145447 8.908209 40.797836
v 41.835152 10.585343 38.531338
v 41.554607 12.187242 36.289829
v 41.279621 13.734612 34.042854
v 41.005081 15.234966 31.764387
v 40.719662 16.694904 29.438540
v 40.404697 18.115488 27.055626
v 40.045841 19.489885 24.611166
v 39.635876 20.804537 22.113062
v 39.147366 22.035610 19.620941
v 38.384842 23.117937 17.570068
v 38.692455 23.757492 15.203838
v 37.841026 25.246840 10.732419
v 39.488609 25.031408 8.093921
v 38.694569 25.874615 3.035850
v 37.580982 26.303354 -1.473264
v 39.662670 25.321291 -3.110194
v 37.736660 25.780760 -6.017713
v 38.979702 24.136372 -11.504611
v 39.372704 23.163465 -14.325637
v 39.643246 22.067642 -17.203243
v 39.848202 20.840872 -20.107706
v 40.099018 19.495890 -22.927988
v 40.434555 18.072445 -25.594793
v 40.756409 16.634562 -28.113653
v 41.013199 15.206987 -30.513041
v 41.256161 13.758277 -32.832558
v 41.524681 12.264749 -35.119194
v 41.845150 10.711619 -37.398918
v 42.234283 9.096909 -39.682625
v 42.668407 7.421144 -41.994511
v 43.136028 5.641281 -44.415638
v 40.971375 3.020370 -48.882149
v 43.310825 1.924696 -49.696293
v 40.843040 2.050430 50.480556
v 41.188595 3.985272 47.842007
v 40.348946 6.138177 45.300148
v 39.779694 8.069816 42.939674
v 39.376701 9.856946 40.670410
v 39.057270 11.543637 38.450855
v 38.770531 13.160750 36.242958
v 38.495823 14.728630 34.013916
v 38.218403 16.259464 31.739141
v 37.917400 17.759912 29.403982
v 37.575623 19.225378 27.003519
v 37.194977 20.638176 24.539604
v 36.778530 21.976379 22.034077
v 36.301682 23.226681 19.516026
v 36.072266 24.329454 16.769768
v 36.171135 25.217880 13.744129
v 36.520782 26.252552 8.315960
v 35.736225 27.110682 3.429169
v 36.728214 26.740524 0.893269
v 36.501297 26.584095 -3.692662
v 34.838310 26.971630 -6.086347
v 35.597393 26.213831 -8.572829
v 36.144924 25.373501 -11.212566
v 36.560501 24.424435 -13.923923
v 36.879711 23.348845 -16.695116
v 37.108501 22.125744 -19.565889
v 37.271912 20.740976 -22.531164
v 37.576042 19.236717 -25.355179
v 37.972912 17.677748 -28.007853
v 38.251434 16.171207 -30.481907
v 38.492634 14.684829 -32.817444
v 38.753700 13.169353 -35.090824
v 39.058136 11.604151 -37.343624
v 39.420826 9.983974 -39.592232
v 39.847622 8.308850 -41.848251
v 40.334255 6.571553 -44.138809
v 40.848724 4.769953 -46.487103
v 38.355553 1.943888 -51.106815
v 38.369526 1.689493 51.627197
v 38.016575 5.213381 47.296265
v 37.454086 7.160047 45.001827
v 36.975719 9.020863 42.762741
v 36.598518 10.783602 40.572693
v 36.283344 12.471403 38.401962
v 35.998943 14.106112 36.219151
v 35.724968 15.704043 33.995472
v 35.436882 17.278589 31.707792
v 35.105003 18.835785 29.343336
v 34.730175 20.363392 26.895309
v 34.349907 21.834267 24.352139
v 33.983994 23.227053 21.706131
v 33.685665 24.510681 18.920948
v 33.511929 25.609156 16.067484
v 33.210556 26.531599 13.418421
v 33.812088 27.965033 1.111329
v 32.692375 27.457800 -8.321286
v 33.281021 26.601744 -10.932686
v 33.695271 25.665588 -13.598048
v 34.042992 24.615658 -16.278803
v 34.340065 23.430534 -19.006155
v 34.581039 22.063307 -21.864634
v 34.594395 20.476585 -25.040670
v 35.223320 18.714819 -27.875484
v 35.516468 17.119953 -30.444443
v 35.744682 15.587859 -32.814499
v 35.993843 14.045687 -35.084194
v 36.282070 12.463049 -37.318836
v 36.618675 10.831470 -39.542088
v 37.015934 9.152861 -41.759674
v 37.483791 7.435296 -43.971840
v 38.008366 5.690499 -46.177670
v 38.436802 3.910383 -48.450043
v 36.332939 3.149543 -50.070133
v 35.782223 2.139241 51.742493
v 35.491058 4.253075 49.256290
v 35.088909 6.205544 46.986134
v 34.602619 8.097942 44.797352
v 34.176052 9.916903 42.650402
v 33.823227 11.668052 40.519909
v 33.518963 13.366077 38.381214
v 33.240814 15.027241 36.209705
v 32.965206 16.666004 33.976555
v 32.655380 18.301605 31.654797
v 32.277470 19.940960 29.227194
v 31.887825 21.549520 26.681484
v 31.568996 23.088144 23.987410
v 31.297024 24.529806 21.161369
v 31.012197 25.835724 18.282303
v 30.653513 26.984327 15.441432
v 30.533747 27.854994 12.622675
v 31.025867 28.352449 9.528367
v 31.770538 28.507465 6.549223
v 32.027885 28.632988 -1.403660
v 30.607376 28.979389 -4.147272
v 30.496696 27.836954 -10.451072
v 30.843122 26.903875 -13.231234
v 31.162622 25.855179 -15.938009
v 31.476475 24.684748 -18.602613
v 31.786432 23.397882 -21.241465
v 32.027199 22.025206 -23.860119
v 31.815697 20.851833 -26.198252
v 32.514431 19.531544 -28.089270
v 32.802410 18.007092 -30.479815
v 33.010933 16.460814 -32.830364
v 33.246311 14.894746 -35.092487
v 33.521526 13.290898 -37.313419
v 33.836391 11.640662 -39.520676
v 34.201752 9.944370 -41.721992
v 34.634041 8.210953 -43.913433
v 35.144600 6.461026 -46.073895
v 35.725708 4.741087 -48.160572
v 35.296238 1.760490 -52.139420
v 30.395306 2.078061 53.060177
v 32.711426 5.188184 48.908741
v 32.248367 7.091968 46.777077
v 31.785456 8.946729 44.683929
v 31.390987 10.750986 42.598118
v 31.059265 12.509329 40.502468
v 30.767130 14.229835 38.379562
v 30.495707 15.926126 36.206894
v 30.216909 17.617247 33.948135
v 29.877766 19.335732 31.562437
v 29.425035 21.093067 29.029821
v 29.087292 22.785639 26.337891
v 28.885687 24.383884 23.461374
v 28.616070 25.849218 20.576328
v 28.236446 27.195728 17.660622
v 27.715437 28.464130 14.549713
v 29.529854 29.637194 4.346905
v 26.226866 31.120911 0.189512
v 25.284889 29.576092 -11.631941
v 28.034109 28.166662 -12.711018
v 28.315113 27.102001 -15.524566
v 28.601076 25.899103 -18.287708
v 28.905512 24.591614 -20.951857
v 29.211695 23.210644 -23.512213
v 29.393032 21.808746 -25.990337
v 29.672318 20.333544 -28.373707
v 30.036142 18.843716 -30.600634
v 30.270226 17.303642 -32.869934
v 30.506508 15.717567 -35.111156
v 30.775440 14.089822 -37.319366
v 31.075571 12.416876 -39.513901
v 31.416653 10.696488 -41.705490
v 31.817997 8.930187 -43.898235
v 32.304443 7.122633 -46.086655
v 32.908081 5.294114 -48.249844
v 33.757858 3.473953 -50.330658
v 30.387997 4.102592 50.765392
v 29.930222 6.011676 48.693851
v 29.429466 7.875360 46.675083
v 28.987938 9.719056 44.641830
v 28.620708 11.532323 42.587757
v 28.307655 13.313081 40.508011
v 28.027357 15.065100 38.390091
v 27.764811 16.801216 36.209530
v 27.491743 18.546705 33.921227
v 27.130518 20.350220 31.467566
v 26.459497 22.292896 28.801308
v 26.449366 24.093138 25.750954
v 26.212021 25.677088 22.928020
v 25.871807 27.109083 20.163099
v 25.379053 28.417698 17.422920
v 24.446276 29.652878 14.966428
v 25.971771 29.816240 12.290310
v 24.358351 31.369110 7.882646
v 23.810726 32.097015 2.165300
v 25.877163 31.075144 -2.855319
v 24.986597 31.019341 -5.950770
v 23.878374 30.831087 -8.998240
v 25.541027 28.396561 -14.886416
v 25.788727 27.124716 -17.867508
v 26.050678 25.756689 -20.682812
v 26.381027 24.300491 -23.343990
v 26.701881 22.791948 -25.884398
v 26.979965 21.254707 -28.329327
v 27.260107 19.699949 -30.661348
v 27.522173 18.128773 -32.911335
v 27.772326 16.516516 -35.135075
v 28.040916 14.861814 -37.332569
v 28.332006 13.163610 -39.516029
v 28.654367 11.419218 -41.696400
v 29.030066 9.626147 -43.881359
v 29.493650 7.777698 -46.076462
v 30.091337 5.864967 -48.292183
v 30.892191 3.878634 -50.535450
v 32.274403 2.007463 -52.529408
v 28.240231 3.232760 52.220081
v 25.633108 3.510387 52.440556
v 27.108000 6.704733 48.624844
v 26.612663 8.569005 46.656223
v 26.198603 10.430664 44.645542
v 25.858471 12.269536 42.603058
v 25.566032 14.082560 40.526745
v 25.297607 15.870428 38.409374
v 25.043581 17.637913 36.233925
v 24.780352 19.388594 33.985138
v 24.422417 21.099661 31.723917
v 23.693523 22.531996 29.954786
v 23.940783 23.856638 27.724855
v 23.752094 25.400595 25.199154
v 23.446072 26.876877 22.621870
v 23.019081 28.258003 20.043589
v 22.356281 29.562590 17.532030
v 21.402830 30.828901 15.048966
v 23.131565 30.862984 12.633457
v 21.743116 32.551624 7.119812
v 21.317596 33.030422 4.134276
v 23.570684 32.145058 -0.860640
v 23.051548 32.084259 -3.916654
v 21.208712 31.771648 -9.387617
v 22.149313 30.762629 -11.707566
v 22.780821 29.631432 -14.384144
v 23.058502 28.358732 -17.342295
v 23.232637 26.937757 -20.326899
v 23.528515 25.406569 -23.127106
v 23.945065 23.784243 -25.773058
v 24.263378 22.168850 -28.280117
v 24.529465 20.561136 -30.655394
v 24.783287 18.939798 -32.936451
v 25.042877 17.291788 -35.158520
v 25.315517 15.606898 -37.347965
v 25.603443 13.880588 -39.522179
v 25.908092 12.110530 -41.693439
v 26.251240 10.296847 -43.865433
v 26.679251 8.433385 -46.039200
v 27.248285 6.508915 -48.225056
v 28.017164 4.486688 -50.465084
v 28.963110 2.305857 -52.862698
v 27.014507 1.835780 53.985706
v 22.813162 3.837299 52.610847
v 24.861288 5.378350 50.590816
v 24.274540 7.286386 48.657833
v 23.785995 9.205276 46.677803
v 23.396753 11.100870 44.671963
v 23.099758 12.972596 42.628571
v 22.839556 14.824374 40.544853
v 22.573351 16.647917 38.432350
v 22.306564 18.432125 36.291126
v 22.009960 20.163336 34.138794
v 21.589941 21.819216 32.043362
v 21.316687 23.451824 29.795725
v 21.208511 24.990786 27.448452
v 20.964603 26.501059 25.032797
v 20.616722 27.954563 22.568352
v 20.119795 29.341507 20.082125
v 19.420296 30.684443 17.559065
v 18.551144 31.992336 14.906557
v 20.386240 32.028862 12.392735
v 19.617966 33.016758 9.493101
v 19.059610 33.745625 6.388783
v 18.386074 34.278221 3.017956
v 16.578100 34.837860 -2.532999
v 20.281118 33.042534 -5.038005
v 18.869226 32.994469 -8.161059
v 19.192734 32.019169 -11.318859
v 19.830015 30.853525 -14.074232
v 20.288761 29.593365 -16.832809
v 20.553646 28.176214 -19.734659
v 20.544641 26.545429 -22.899027
v 21.197729 24.748028 -25.673420
v 21.546541 23.054783 -28.243467
v 21.809252 21.393135 -30.654442
v 22.057917 19.727921 -32.953537
v 22.317814 18.041847 -35.180370
v 22.595194 16.325548 -37.363091
v 22.890129 14.572573 -39.523098
v 23.177019 12.770266 -41.693733
v 23.448730 10.927652 -43.873917
v 23.815287 9.067691 -46.011219
v 24.348127 7.145757 -48.153458
v 25.038189 5.195040 -50.276623
v 25.895702 3.264430 -52.343887
v 26.476763 1.588153 -54.187187
v 23.997494 1.916697 54.414680
v 22.024920 5.844850 50.666439
v 21.411726 7.859755 48.675564
v 20.897842 9.836075 46.685024
v 20.564344 11.756418 44.686913
v 20.377199 13.667336 42.621498
v 20.139708 15.559474 40.531303
v 19.840494 17.401928 38.454159
v 19.548264 19.201242 36.350685
v 19.230803 20.955919 34.225914
v 18.919186 22.681704 32.035309
v 18.682095 24.354708 29.755014
v 18.456430 25.952805 27.424406
v 18.166929 27.488804 25.043348
v 17.787462 28.964739 22.612846
v 17.274466 30.383631 20.122324
v 16.611597 31.760033 17.528423
v 15.796278 33.098003 14.750069
v 17.620596 33.211597 12.049746
v 16.912775 34.181942 9.006667
v 16.353876 34.869305 5.840765
v 15.511045 35.416916 3.133444
v 16.034513 35.238922 0.509984
v 17.513771 34.070576 -5.477410
v 15.726684 34.225910 -8.020465
v 16.424997 33.203686 -10.839664
v 16.915422 32.064640 -13.709082
v 17.411375 30.803818 -16.440825
v 17.791779 29.444263 -19.126339
v 18.002165 28.021391 -21.768764
v 17.745028 26.795549 -24.101082
v 18.474953 25.457657 -25.950426
v 18.832188 23.847303 -28.315290
v 19.091148 22.179718 -30.682575
v 19.334599 20.483473 -32.977085
v 19.593815 18.762432 -35.203644
v 19.873878 17.014366 -37.380486
v 20.177654 15.239127 -39.520687
v 20.525219 13.434426 -41.632561
v 20.552069 11.569250 -43.852928
v 20.739912 9.738131 -45.947941
v 21.379986 7.764436 -48.085941
v 22.041775 5.757079 -50.231743
v 22.851530 3.771946 -52.321495
v 23.825480 1.875751 -54.295216
v 21.035521 2.117376 54.649014
v 19.918905 4.220083 52.699581
v 19.141407 6.389926 50.636372
v 18.452923 8.492794 48.611164
v 17.865292 10.530713 46.620579
v 17.765314 12.448305 44.621323
v 17.764927 14.405446 42.505539
v 17.417797 16.273426 40.515446
v 17.094217 18.125780 38.479252
v 16.791588 19.957142 36.386909
v 16.495817 21.757412 34.243931
v 16.218548 23.517366 32.041378
v 15.959256 25.219995 29.779125
v 15.690516 26.856527 27.464781
v 15.376973 28.426073 25.096649
v 14.987013 29.932802 22.671608
v 14.493448 31.374781 20.174480
v 13.887074 32.746410 17.598969
v 13.152421 34.014774 15.005168
v 14.682780 34.432301 11.703807
v 13.543275 36.044395 5.011054
v 13.035755 36.400650 1.443815
v 12.847595 35.382694 -7.669177
v 13.513483 34.355087 -10.571424
v 14.037029 33.209789 -13.406326
v 14.502780 31.939617 -16.169250
v 14.930989 30.567686 -18.830393
v 15.238252 29.135408 -21.408876
v 15.358041 27.681286 -23.902901
v 15.627562 26.139185 -26.279121
v 16.052189 24.567722 -28.485519
v 16.348738 22.914383 -30.752977
v 16.603588 21.200949 -33.013485
v 16.866772 19.449400 -35.230900
v 17.148916 17.667875 -37.403561
v 17.453430 15.864569 -39.533684
v 17.777014 14.062578 -41.606327
v 18.242113 12.387906 -43.451439
v 17.371773 10.653564 -45.635223
v 18.227961 8.489420 -47.893036
v 19.024710 6.346456 -50.123936
v 19.843235 4.195157 -52.349552
v 20.929216 2.109277 -54.470642
v 17.943329 2.410032 54.769669
v 17.017958 4.832054 52.527294
v 16.157230 7.041698 50.481255
v 15.356062 9.207331 48.458736
v 14.611696 11.438615 46.344643
v 15.557577 13.287211 44.234276
v 15.050737 15.032939 42.504120
v 14.663929 16.912348 40.554054
v 14.347092 18.809620 38.510201
v 14.048469 20.684896 36.411407
v 13.760159 22.524767 34.264633
v 13.482024 24.318789 32.067207
v 13.207619 26.055822 29.817036
v 12.920044 27.727692 27.513519
v 12.594950 29.330360 25.154301
v 12.207187 30.863512 22.737671
v 11.732065 32.317356 20.264254
v 11.144049 33.673077 17.764639
v 10.409440 34.916859 15.288497
v 12.135392 35.057087 12.921218
v 8.272258 37.929527 6.468233
v 10.892475 37.144974 4.152727
v 10.019753 37.561043 1.115227
v 11.243102 36.961327 -1.616616
v 10.655127 35.497581 -10.202188
v 11.149295 34.337013 -13.110264
v 11.590675 33.037598 -15.940159
v 12.047467 31.614021 -18.654108
v 12.447878 30.109457 -21.268818
v 12.718664 28.563284 -23.797037
v 12.956897 26.957201 -26.243502
v 13.265619 25.303276 -28.574076
v 13.581193 23.618565 -30.824575
v 13.858888 21.882586 -33.056404
v 14.133860 20.100939 -35.260719
v 14.421569 18.283825 -37.430077
v 14.724647 16.440813 -39.564247
v 15.061424 14.574661 -41.666035
v 15.628602 12.612322 -43.786114
v 14.945330 9.108481 -47.799862
v 15.943610 7.004998 -49.909100
v 16.848989 4.815806 -52.123653
v 17.810661 2.407542 -54.563805
v 15.446986 1.662564 55.766037
v 14.866259 3.461709 54.125977
v 13.943961 5.531110 52.266117
v 13.046637 7.648044 50.351311
v 12.160753 9.776896 48.420288
v 13.001941 13.457379 44.603630
v 12.314745 15.503767 42.631145
v 11.924356 17.496063 40.605247
v 11.609336 19.453844 38.539413
v 11.310250 21.374538 36.435123
v 11.018660 23.254980 34.288700
v 10.732240 25.086592 32.096512
v 10.445492 26.859814 29.854580
v 10.146562 28.567526 27.559904
v 9.816671 30.203648 25.209661
v 9.432612 31.761875 22.803453
v 8.969707 33.233063 20.344578
v 8.410232 34.612110 17.829584
v 7.813351 35.898560 15.178843
v 7.224352 37.052105 12.366071
v 7.070150 38.669403 1.131561
v 7.816247 36.645546 -9.729312
v 8.316228 35.483353 -12.655069
v 8.685511 34.143028 -15.632788
v 9.126598 32.651867 -18.465242
v 9.637890 31.041470 -21.168882
v 9.992608 29.407854 -23.747414
v 10.262915 27.747444 -26.211348
v 10.530392 26.047739 -28.577114
v 10.816834 24.309629 -30.861256
v 11.105675 22.534069 -33.091564
v 11.394456 20.717283 -35.288311
v 11.691836 18.863255 -37.454388
v 12.000870 16.977940 -39.593208
v 12.334658 15.064117 -41.708298
v 12.782931 13.106665 -43.808788
v 13.762544 11.106337 -45.826778
v 12.721132 7.521747 -49.825001
v 13.694555 5.477125 -51.839249
v 14.675548 3.443202 -53.845207
v 15.286801 1.659684 -55.633823
v 12.804359 2.009143 55.685364
v 11.756326 3.926636 54.014709
v 10.800624 5.981199 52.206421
v 9.854650 8.070473 50.360493
v 11.112415 11.824781 46.583248
v 10.122322 13.917095 44.683380
v 9.560207 16.010014 42.677456
v 9.192802 18.057261 40.631958
v 8.879386 20.062405 38.559338
v 8.576602 22.027414 36.452652
v 8.276135 23.949028 34.308685
v 7.977561 25.819475 32.122776
v 7.678775 27.630304 29.888609
v 7.371369 29.374613 27.601065
v 7.039600 31.045885 25.256678
v 6.662729 32.635509 22.851187
v 6.224081 34.138550 20.376406
v 5.729239 35.548779 17.806225
v 5.190374 36.843319 15.131209
v 4.558888 37.992603 12.410233
v 6.471339 38.064320 9.497608
v 5.091269 39.046917 6.826807
v 5.913786 39.032703 4.002607
v 4.142117 39.743057 1.360265
v 5.513721 39.114239 -1.361486
v 4.928205 37.814358 -9.184847
v 5.487188 36.664108 -12.056528
v 5.921305 35.320606 -15.009653
v 6.077596 33.721668 -18.230515
v 6.844926 31.931635 -21.078976
v 7.251088 30.210920 -23.720497
v 7.536192 28.495644 -26.205757
v 7.795496 26.753922 -28.580862
v 8.065543 24.973379 -30.876177
v 8.351343 23.154446 -33.113777
v 8.649096 21.298330 -35.309330
v 8.957004 19.406647 -37.472603
v 9.275576 17.482798 -39.610748
v 9.613422 15.526600 -41.731449
v 10.018785 13.535273 -43.838554
v 10.649398 11.507538 -45.914131
v 11.646240 9.515941 -47.877499
v 10.489639 5.841774 -51.821468
v 11.506677 3.864061 -53.737602
v 12.602807 1.990595 -55.539505
v 9.734141 2.166393 55.779228
v 8.658048 4.163696 54.066120
v 7.633402 6.253349 52.259964
v 8.888129 10.151373 48.521969
v 7.962885 12.243935 46.659157
v 7.261352 14.375308 44.708767
v 6.808802 16.499800 42.690750
v 6.470633 18.587906 40.639874
v 6.161242 20.638069 38.562874
v 5.850153 22.646200 36.456692
v 5.534208 24.607481 34.319256
v 5.219581 26.515802 32.142838
v 4.908822 28.364731 29.917185
v 4.595348 30.147722 27.634974
v 4.265226 31.857327 25.291288
v 3.902120 33.484249 22.878611
v 3.495090 35.019653 20.386131
v 3.035618 36.448933 17.809500
v 2.495418 37.750462 15.171044
v 1.813566 38.910706 12.522850
v 2.607693 39.838329 7.423731
v 2.690806 40.169704 4.403302
v 1.217138 40.791084 1.206030
v 2.634445 40.127899 -1.635708
v 4.017804 39.357796 -3.774862
v 2.026639 39.014065 -8.515801
v 2.612582 37.836170 -11.479108
v 3.107317 36.540905 -14.293975
v 3.453201 35.148598 -17.013824
v 3.305919 33.912422 -19.404539
v 4.106869 32.571663 -21.334902
v 4.517200 30.921118 -23.781534
v 4.799478 29.191380 -26.224659
v 5.050892 27.415359 -28.592409
v 5.312039 25.597095 -30.887320
v 5.593877 23.738834 -33.125771
v 5.896050 21.843657 -35.320469
v 6.213655 19.914038 -37.480930
v 6.542871 17.953373 -39.616108
v 6.886987 15.962054 -41.734287
v 7.272408 13.937945 -43.842983
v 7.777707 11.883252 -45.932083
v 8.521789 9.832845 -47.961422
v 9.476119 7.826842 -49.905769
v 8.367309 4.041364 -53.817928
v 9.488645 2.122178 -55.646545
v 6.722739 2.185219 55.943737
v 5.535640 4.296825 54.152733
v 6.647613 8.353622 50.442341
v 5.732316 10.471633 48.595112
v 4.982646 12.625303 46.685917
v 4.450853 14.801429 44.703739
v 4.078668 16.964405 42.674541
v 3.769294 19.095438 40.617130
v 3.460393 21.188421 38.538662
v 3.130026 23.234207 36.440887
v 2.789225 25.229349 34.318565
v 2.456198 27.172949 32.155834
v 2.135453 29.060999 29.938187
v 1.818803 30.885309 27.658897
v 1.493168 32.635910 25.313696
v 1.144217 34.300323 22.896078
v 0.756832 35.865795 20.402441
v 0.307404 37.316280 17.837381
v -0.240680 38.639362 15.214169
v -0.917494 39.833115 12.524225
v -1.680934 40.882114 9.695296
v 0.260086 40.763855 6.889311
v -0.600005 41.371799 3.959937
v -1.710484 41.810352 0.908376
v -0.822248 40.079124 -8.080161
v -0.249572 38.920959 -11.062920
v 0.253985 37.616043 -13.884117
v 0.660382 36.212662 -16.567635
v 0.899119 34.752251 -19.139696
v 1.266636 33.179718 -21.599272
v 1.739881 31.562378 -23.897358
v 2.051667 29.839035 -26.254147
v 2.301581 28.038282 -28.596395
v 2.552376 26.185017 -30.885965
v 2.826791 24.289438 -33.122414
v 3.130132 22.356409 -35.313965
v 3.457103 20.389803 -37.471249
v 3.798407 18.393135 -39.603348
v 4.151655 16.368593 -41.717319
v 4.530573 14.315163 -43.821442
v 4.976869 12.230615 -45.916298
v 5.566605 10.134326 -47.980396
v 6.353142 8.064712 -49.978397
v 7.308455 6.039764 -51.912594
v 6.448425 2.113240 -55.828411
v 3.628057 2.231558 56.024006
v 4.459461 6.434624 52.335632
v 3.490596 8.588047 50.498405
v 2.686465 10.773862 48.610336
v 2.092605 12.993280 46.655735
v 1.682877 15.219851 44.646725
v 1.381126 17.425539 42.606678
v 1.101020 19.596434 40.544994
v 0.776298 21.721006 38.477348
v 0.405167 23.789614 36.406761
v 0.033169 25.809582 34.309868
v -0.314254 27.789173 32.159443
v -0.641250 29.719702 29.946093
v -0.959058 31.587967 27.667717
v -1.280475 33.380646 25.322296
v -1.620557 35.082287 22.906002
v -1.998410 36.679848 20.418901
v -2.441951 38.156746 17.861126
v -2.979128 39.506351 15.232445
v -3.624568 40.718067 12.521351
v -4.415244 41.769413 9.756023
v -2.575079 41.759228 6.773754
v -3.851514 42.492725 3.831011
v -4.439610 42.726925 0.462458
v -2.943129 41.996063 -2.251685
v -3.764427 41.043457 -7.970338
v -3.139094 39.889294 -10.834904
v -2.605225 38.571533 -13.639400
v -2.127524 37.123264 -16.345484
v -1.748182 35.580990 -18.949171
v -1.395983 33.944832 -21.468447
v -1.016471 32.235489 -23.884384
v -0.689104 30.473412 -26.231577
v -0.439072 28.643614 -28.558619
v -0.206179 26.754280 -30.845776
v 0.048642 24.820158 -33.083107
v 0.344646 22.849983 -35.273006
v 0.680617 20.847204 -37.427025
v 1.037598 18.813850 -39.557400
v 1.401912 16.754967 -41.669327
v 1.782542 14.674093 -43.766769
v 2.206589 12.564837 -45.857788
v 2.713241 10.425661 -47.943436
v 3.360209 8.286789 -49.994907
v 4.202705 6.188666 -51.983871
v 5.241183 4.133115 -53.922550
v 0.472075 2.277547 56.047600
v 2.382837 4.399095 54.208405
v 1.288197 6.603098 52.360542
v 0.378493 8.831882 50.480057
v -0.293444 11.098538 48.537193
v -0.742314 13.393374 46.533653
v -1.044183 15.677268 44.499813
v -1.264961 17.913517 42.456654
v -1.523717 20.105309 40.407623
v -1.914416 22.226896 38.387535
v -2.345365 24.294668 36.372765
v -2.735439 26.345306 34.291931
v -3.090075 28.369675 32.143101
v -3.420857 30.347229 29.929251
v -3.739477 32.261024 27.651232
v -4.058758 34.095764 25.308294
v -4.394527 35.834362 22.897984
v -4.766535 37.463772 20.421053
v -5.201356 38.965954 17.875561
v -5.725395 40.330517 15.268845
v -6.373783 41.540283 12.627604
v -7.218217 42.583118 10.023775
v -7.189226 43.477455 4.894489
v -7.255514 43.607346 0.119134
v -5.770802 42.906048 -2.406220
v -6.657332 41.978264 -7.774203
v -6.072771 40.810379 -10.674726
v -5.525047 39.465508 -13.479117
v -4.937209 37.954338 -16.198322
v -4.481020 36.351551 -18.814657
v -4.081149 34.678524 -21.317802
v -3.702703 32.935814 -23.737141
v -3.383832 31.125061 -26.103092
v -3.146161 29.258184 -28.433889
v -2.946550 27.334326 -30.725016
v -2.732374 25.360516 -32.972298
v -2.466083 23.350399 -35.168175
v -2.127125 21.311594 -37.321198
v -1.743995 19.240177 -39.451439
v -1.363096 17.140633 -41.568863
v -0.984742 15.028372 -43.664608
v -0.568723 12.903369 -45.741501
v -0.085608 10.744645 -47.822224
v 0.466683 8.538263 -49.919823
v 1.162334 6.349393 -51.980457
v 2.125008 4.220829 -53.970974
v 3.350124 2.144758 -55.910679
v -0.803244 4.517718 54.191589
v -1.899113 6.807815 52.292542
v -2.721768 9.127661 50.349792
v -3.218482 11.508191 48.328476
v -3.518634 13.910448 46.254009
v -3.727136 16.238939 44.202965
v -3.822844 18.453287 42.195950
v -4.137805 20.597893 40.231266
v -4.667713 22.640514 38.342503
v -5.112893 24.742706 36.336319
v -5.508784 26.852194 34.242493
v -5.869664 28.929106 32.085648
v -6.203468 30.955339 29.869576
v -6.522711 32.914280 27.593203
v -6.842046 34.788010 25.255205
v -7.176474 36.562702 22.858080
v -7.545671 38.219078 20.400242
v -7.976607 39.739498 17.885399
v -8.505212 41.108662 15.335597
v -9.172931 42.309811 12.800907
v -10.017558 43.330822 10.362724
v -8.468825 43.518906 7.574538
v -8.905408 44.163181 2.688655
v -10.024699 44.470955 0.144195
v -8.538970 43.778229 -2.374041
v -9.519370 42.931908 -7.344775
v -8.612463 40.351753 -13.332740
v -7.752704 38.706924 -16.122789
v -7.242992 37.049118 -18.744085
v -6.822006 35.348309 -21.220060
v -6.395350 33.604115 -23.570957
v -6.018385 31.788107 -25.880512
v -5.792544 29.902792 -28.193102
v -5.649345 27.961765 -30.474957
v -5.493591 25.954706 -32.730877
v -5.296947 23.893589 -34.951305
v -4.989131 21.813549 -37.114693
v -4.559016 19.706074 -39.244938
v -4.132419 17.556421 -41.378674
v -3.767499 15.398045 -43.491119
v -3.382505 13.254370 -45.561054
v -2.901824 11.107873 -47.605194
v -2.334518 8.898707 -49.682114
v -1.803736 6.576142 -51.854340
v -1.020663 4.344207 -53.927475
v 0.216917 2.192761 -55.921669
v -2.726040 2.342401 55.997005
v -4.025213 4.678324 54.078705
v -5.164451 7.081993 52.097626
v -5.799990 9.544003 50.051949
v -6.023455 12.139642 47.871834
v -6.239038 14.657381 45.723743
v -6.398883 17.034119 43.651257
v -6.158832 19.032148 41.841053
v -6.933917 20.792803 40.302647
v -7.426863 22.974304 38.312706
v -7.875131 25.184334 36.238583
v -8.287926 27.357655 34.124645
v -8.655038 29.485256 31.961432
v -8.988712 31.557049 29.743446
v -9.307459 33.557167 27.470385
v -9.629622 35.466576 25.143682
v -9.968607 37.269306 22.768728
v -10.338776 38.948326 20.344444
v -10.772819 40.486084 17.871466
v -11.320210 41.865868 15.370747
v -12.010333 43.083176 12.875493
v -10.988520 44.162712 8.157417
v -11.797762 45.045036 2.507161
v -12.791333 45.236317 -0.395488
v -11.712640 42.798603 -9.489573
v -11.309343 41.585754 -12.134212
v -11.392226 40.451580 -14.462084
v -10.520381 39.219723 -16.378897
v -10.012565 37.626587 -18.791012
v -9.603478 35.919708 -21.207388
v -9.175799 34.168358 -23.505955
v -8.654641 32.421375 -25.640430
v -8.348737 30.584045 -27.837410
v -8.303044 28.679972 -30.056101
v -8.212995 26.663998 -32.297474
v -8.097290 24.558138 -34.541149
v -7.921146 22.392822 -36.769859
v -7.460939 20.250357 -38.904598
v -6.883620 18.041473 -41.063431
v -6.528095 15.823408 -43.207355
v -6.229621 13.630322 -45.300900
v -5.812689 11.485711 -47.321754
v -5.187966 9.357024 -49.307037
v -4.506649 7.108809 -51.385170
v -4.307288 4.538057 -53.758320
v -2.939179 2.262681 -55.854816
v -5.938084 2.419711 55.876923
v -7.277644 4.857246 53.886715
v -8.631647 7.460147 51.742058
v -8.581182 10.390349 49.347805
v -8.694529 13.103601 47.096146
v -8.901784 15.737814 44.867474
v -8.912123 18.469990 42.500862
v -9.609206 21.017620 40.266853
v -10.143520 23.402529 38.124393
v -10.654696 25.670023 36.036781
v -11.082602 27.888006 33.919407
v -11.445501 30.061594 31.750685
v -11.770963 32.174442 29.532198
v -12.088127 34.210358 27.265244
v -12.422829 36.147045 24.958221
v -12.775150 37.965641 22.618757
v -13.142422 39.656803 20.233362
v -13.574198 41.222698 17.791935
v -14.139685 42.631390 15.296697
v -14.815276 43.892529 12.731003
v -13.845719 45.513214 4.766320
v -15.471174 45.911152 -1.137235
v -13.352796 44.941841 -3.616015
v -14.458070 43.713928 -8.939695
v -14.184875 42.567902 -11.524223
v -13.828898 41.228596 -14.063498
v -13.373866 39.727989 -16.535372
v -12.821113 38.146893 -18.848425
v -12.407661 36.426540 -21.206709
v -12.009941 34.613979 -23.531548
v -11.513338 32.784412 -25.719950
v -10.708097 31.254959 -27.415834
v -10.942106 29.580210 -29.384245
v -10.868117 27.541494 -31.624424
v -10.842669 25.417124 -33.873329
v -10.763124 23.215961 -36.113461
v -10.656645 20.844679 -38.460869
v -9.577607 18.589788 -40.633457
v -9.217113 16.341541 -42.782604
v -9.024875 14.109001 -44.888882
v -8.819390 11.870719 -46.974277
v -8.241364 9.758610 -48.930370
v -9.274176 5.852279 -52.451027
v -7.724555 3.971487 -54.197964
v -6.103247 2.171454 -55.875942
v -9.151812 2.425867 55.755901
v -10.507634 4.723083 53.873978
v -12.108146 6.658413 52.261566
v -11.335302 9.073402 50.362759
v -11.194923 11.634441 48.292183
v -11.635572 16.800043 43.988258
v -11.865363 19.181707 41.952225
v -12.280207 21.629663 39.823608
v -12.952384 23.916662 37.805157
v -13.479132 26.193386 35.740837
v -13.890267 28.465967 33.604588
v -14.235629 30.679859 31.431818
v -14.537153 32.826218 29.215048
v -14.860231 34.891270 26.958441
v -15.236256 36.841904 24.687321
v -15.603962 38.658672 22.402052
v -15.929091 40.353119 20.048891
v -16.354364 41.944477 17.609701
v -16.953350 43.401009 15.120753
v -17.576313 44.689003 12.490447
v -18.225664 45.810863 9.632091
v -19.196405 46.759743 6.544119
v -17.558121 46.665764 1.048159
v -18.420656 46.607807 -1.857382
v -17.791039 45.433315 -6.265820
v -17.232662 43.567348 -10.870059
v -16.508612 42.058308 -13.580621
v -16.018841 40.450500 -16.177528
v -15.586738 38.749043 -18.661552
v -15.200705 36.967728 -21.061035
v -14.832979 35.085320 -23.428368
v -14.341798 33.094662 -25.765192
v -13.502417 30.948112 -28.139179
v -13.389164 28.654583 -30.652227
v -13.500957 26.437769 -32.989956
v -13.609839 24.323105 -35.132786
v -13.511039 22.104280 -37.309814
v -11.982212 18.892273 -40.379280
v -11.725974 14.784252 -44.246830
v -11.666489 12.512938 -46.336926
v -10.272881 7.923236 -50.554523
v -10.963666 3.943603 -54.083260
v -9.415747 2.018845 -55.883205
v -12.448668 2.309620 55.660748
v -13.711360 12.800229 47.263535
v -13.999581 15.260146 45.242615
v -14.211487 20.028641 41.239460
v -15.152061 22.099585 39.464096
v -15.851931 24.392395 37.464859
v -16.303570 26.797384 35.309429
v -17.009958 31.358404 30.991282
v -17.252874 33.532280 28.774620
v -18.114685 37.554680 24.338482
v -18.451797 39.352116 22.112162
v -18.621971 41.035954 19.772791
v -19.158949 42.652672 17.369843
v -19.815546 44.097473 14.967491
v -20.318596 45.419708 12.255083
v -20.955320 46.493622 9.558705
v -21.867048 47.598701 4.902695
v -19.636267 47.207180 3.142863
v -20.478922 47.334267 -0.041782
v -21.521856 47.075054 -3.306777
v -19.008600 46.269596 -4.254411
v -19.190310 44.923233 -8.672229
v -20.522177 44.195099 -10.949487
v -19.283377 42.768318 -13.229078
v -18.637976 41.168316 -15.728695
v -17.937807 37.615288 -20.681488
v -17.657711 35.677776 -23.092726
v -17.272692 33.656998 -25.439241
v -16.649612 31.584055 -27.710634
v -16.638771 25.565029 -33.952137
v -16.461733 21.008074 -38.332413
v -14.313540 17.849258 -41.345726
v -14.351747 15.699908 -43.338020
v -14.403342 13.518554 -45.327560
v -14.931665 8.981346 -49.368160
v -12.272326 5.950174 -52.229187
v -14.158438 4.077401 -53.760963
v -13.942906 4.347653 53.965591
v -15.137578 6.085723 52.525608
v -16.468983 11.723083 47.991707
v -15.965790 13.753072 46.390129
v -16.969505 15.623435 44.832710
v -18.228334 17.646425 43.117249
v -18.215096 22.368277 39.209301
v -18.649426 25.078074 36.873581
v -19.142269 27.545671 34.689045
v -19.591852 29.900618 32.536465
v -19.700613 32.108467 30.418264
v -19.885637 34.310280 28.198294
v -20.512131 36.344559 26.070316
v -21.253786 40.092022 21.670259
v -20.985855 41.694481 19.366821
v -22.255161 43.166740 17.460968
v -22.558569 44.831982 14.566000
v -23.137018 46.150356 11.884014
v -24.329615 47.952072 6.638299
v -24.580173 48.330688 3.943015
v -23.416719 47.904057 -0.966121
v -22.108807 45.523788 -8.658484
v -22.192547 43.348522 -13.061463
v -23.539648 41.003010 -16.952469
v -20.872208 40.185390 -17.666754
v -23.080904 37.310074 -21.659454
v -20.409668 36.408272 -22.506227
v -21.080843 28.259834 -31.273325
v -20.011990 26.049896 -33.449364
v -19.145189 23.934277 -35.503994
v -18.624430 21.979940 -37.369198
v -17.431292 10.301639 -48.016529
v -15.495133 6.359743 -51.655636
v -17.588112 4.471051 53.571476
v -19.820272 8.538956 50.206753
v -19.393362 11.022482 48.319645
v -20.925297 21.477892 39.845119
v -21.018501 23.575886 38.090313
v -22.034391 28.358454 33.944965
v -21.863520 33.009975 29.619644
v -22.649353 34.936584 27.738646
v -23.499472 36.994038 25.627886
v -25.145554 42.604691 18.931578
v -24.837238 44.218330 16.367689
v -25.388273 45.690041 13.838114
v -26.623135 47.962738 8.483988
v -27.069353 48.639095 5.645823
v -27.105804 48.898266 3.190483
v -28.318422 49.116486 1.060253
v -26.469048 48.486961 -1.379817
v -26.581148 47.200096 -6.376848
v -25.124954 46.026653 -8.737006
v -26.762638 45.058624 -11.181770
v -23.734568 42.412113 -14.899799
v -26.289351 42.125553 -15.736960
v -25.784067 40.202087 -18.278563
v -22.980894 35.216045 -24.061983
v -22.969629 32.851227 -26.619015
v -21.977480 30.509766 -29.020535
v -23.141300 26.484709 -32.922028
v -19.039230 17.945791 -41.050701
v -19.909359 13.861165 -44.657478
v -20.291819 9.377932 -48.563538
v -20.409767 7.424772 -50.258476
v -18.793198 5.870548 -51.786930
v -17.297754 4.054977 -53.515251
v -15.916481 2.050666 -55.396198
v -21.052462 3.781422 53.735149
v -21.809206 12.856605 46.652603
v -24.869326 13.480307 45.820541
v -23.044920 15.404655 44.538109
v -24.501820 17.695721 42.583351
v -23.445892 21.910332 39.320518
v -25.768450 31.258924 31.266045
v -25.487120 35.275436 27.486149
v -26.568472 37.319679 25.443460
v -29.161718 40.790428 21.681889
v -27.975203 42.393135 19.634432
v -27.003468 43.702908 17.688496
v -27.625883 45.071968 15.624855
v -31.404667 47.268116 12.493879
v -29.392040 48.775230 7.297056
v -31.300655 49.637051 0.879494
v -29.458202 49.015430 -1.520893
v -28.193226 46.399403 -8.920144
v -30.068747 45.232811 -11.486131
v -28.052219 43.782112 -13.570098
v -28.258322 39.380356 -19.426489
v -25.951517 32.489738 -26.948307
v -24.950775 30.770851 -28.697634
v -24.103609 28.655104 -30.798727
v -22.818388 10.569353 -47.238956
v -23.063677 8.045291 -49.402035
v -21.957289 5.783989 -51.503712
v -20.556343 3.889565 -53.318466
v -19.148563 2.006264 -55.110123
v -24.251596 2.801816 54.063354
v -23.365850 5.186430 52.373497
v -24.604948 11.235518 47.583813
v -26.057257 15.641171 44.004360
v -27.691568 17.545675 42.311577
v -25.978113 20.034527 40.588383
v -28.159531 21.897053 38.861225
v -27.274462 27.237661 34.646877
v -27.136890 33.425255 29.233721
v -31.042543 39.148235 23.545799
v -30.763735 42.498264 19.746742
v -32.520355 44.139374 17.749825
v -30.491879 45.617611 15.307473
v -31.539120 48.594593 9.247746
v -32.279018 49.483181 6.175508
v -29.904148 49.382141 3.965465
v -34.552162 50.029705 0.101543
v -32.459282 49.405449 -2.041987
v -33.105309 47.574249 -7.603905
v -33.038490 46.087517 -10.422394
v -29.489906 42.330696 -15.753638
v -30.649197 40.717087 -17.866724
v -28.324219 37.465393 -21.638443
v -28.486792 35.387165 -23.880575
v -27.192640 29.002003 -30.264595
v -25.944172 21.052832 -37.653339
v -22.688778 12.965663 -45.164234
v -25.430439 9.531943 -47.792511
v -23.780754 3.863344 -52.928600
v -22.435436 1.961571 -54.749161
v -27.120419 2.038311 54.215496
v -26.443354 4.380532 52.547920
v -31.148161 16.750734 42.400513
v -29.285023 19.366951 40.693687
v -30.057850 23.569136 37.314972
v -30.082563 29.999931 32.090050
v -33.574203 37.494362 25.131031
v -33.817043 39.870293 22.761209
v -33.472134 42.093494 20.353621
v -33.520908 48.266525 10.699432
v -35.551048 50.021133 5.452982
v -35.586555 49.528484 -3.006997
v -36.212093 48.430714 -6.234420
v -33.058582 44.446106 -12.994043
v -33.496006 37.993393 -20.857141
v -30.147406 19.134932 -38.754822
v -28.005310 12.795597 -44.587658
v -27.022171 3.967155 -52.351662
v -25.742105 1.994425 -54.253418
v -30.019217 1.634040 54.024071
v -29.334358 3.626532 52.641315
v -28.912046 5.994829 50.917889
v -32.252914 18.917437 40.569946
v -32.979313 22.826496 37.462250
v -34.807999 24.569300 35.811344
v -33.090218 26.855656 34.305653
v -35.864468 32.701496 29.148806
v -36.997200 36.566242 25.673693
v -36.411770 38.869267 23.577122
v -36.124245 41.194908 21.265936
v -37.619312 44.580975 17.282751
v -36.189850 46.209007 15.029954
v -37.512245 47.593929 12.836539
v -36.116222 48.633427 10.448158
v -37.491192 49.711891 7.803196
v -39.129719 50.436630 5.025364
v -38.050831 50.271729 -0.721744
v -38.794331 49.465050 -3.994390
v -37.725777 47.124523 -8.992954
v -35.717567 41.402176 -16.932053
v -34.758682 34.528839 -24.239405
v -33.699928 32.477142 -26.321545
v -35.397873 28.581297 -29.606424
v -31.900633 25.326788 -33.066799
v -33.198204 22.889921 -34.992123
v -30.945229 15.576890 -41.692753
v -30.752918 13.450189 -43.554066
v -30.760500 11.213839 -45.470249
v -30.489029 9.079618 -47.350513
v -30.200523 6.752061 -49.402683
v -29.017162 2.169360 -53.566051
v -32.330395 2.706357 52.780502
v -32.158504 6.642484 49.838051
v -32.520191 9.028639 47.969105
v -32.528702 11.507293 46.100872
v -37.797695 23.847950 35.797058
v -36.484863 26.318754 34.175247
v -38.462917 28.088589 32.434441
v -39.325439 37.988102 24.080891
v -38.830261 40.362606 21.909363
v -38.389156 42.613415 19.555510
v -40.636688 49.877853 7.981400
v -41.982849 50.830753 3.089084
v -41.098053 50.699310 0.412983
v -41.425018 50.232407 -2.054079
v -40.445530 47.010761 -9.197007
v -37.906700 44.307110 -13.219906
v -39.230209 38.814445 -19.382767
v -38.521320 37.087536 -21.243729
v -37.774750 34.918846 -23.444628
v -38.330250 31.366045 -26.606766
v -36.240967 22.656116 -34.607201
v -34.781010 20.660727 -36.611385
v -35.927879 14.702006 -41.428261
v -33.517056 11.866563 -44.372578
v -32.628506 5.741370 -49.804420
v -33.842182 3.786200 -51.233795
v -37.546150 3.083957 51.375530
v -34.588711 4.580079 50.897709
v -34.981125 7.307261 48.755474
v -35.111298 9.949545 46.741882
v -39.571377 25.654968 34.066750
v -42.130322 37.323071 24.264956
v -42.993309 48.060944 12.152040
v -43.916374 49.577129 9.093105
v -45.117950 50.912231 3.765972
v -44.261803 50.004189 -2.901261
v -45.088470 48.799725 -5.737212
v -42.169296 45.799877 -10.937220
v -42.964935 42.688496 -14.667020
v -40.857708 41.829613 -15.951547
v -41.626446 37.524563 -20.286156
v -40.688316 30.501947 -26.890553
v -40.763554 28.213650 -28.853170
v -37.934467 24.752096 -32.453186
v -40.018116 20.620056 -35.457668
v -36.490387 16.500818 -39.777073
v -36.386269 10.547424 -44.861778
v -35.145683 5.305111 -49.645580
v -35.952908 2.061813 -52.273602
v -32.480614 2.133924 -52.950562
v -40.371346 6.700420 47.928600
v -40.222137 9.315972 46.002544
v -40.807648 18.654678 38.966194
v -40.729252 23.143436 35.677227
v -42.554207 24.914902 33.926922
v -43.207977 31.187927 29.050825
v -44.507954 38.701687 22.631193
v -44.108494 40.754543 20.802090
v -46.324654 41.885017 19.276230
v -46.345062 45.271168 15.669020
v -47.291950 49.403412 9.265793
v -47.176952 50.871304 1.580992
v -48.809387 50.401165 -0.850343
v -46.428345 47.321030 -8.201694
v -45.671326 42.239464 -14.700235
v -43.629692 40.917633 -16.497736
v -44.686085 36.839478 -20.298325
v -43.043133 31.592695 -25.399887
v -43.362122 29.318886 -27.276384
v -41.170879 23.834669 -32.470699
v -41.868629 21.686625 -34.086475
v -39.302162 16.681326 -38.947201
v -39.066895 11.701777 -43.221176
v -37.118198 3.906909 -50.395039
v -39.977596 1.956811 51.645290
v -40.264252 4.231937 49.829227
v -42.939747 7.816472 46.391933
v -42.738861 10.324807 44.575626
v -42.522598 12.467706 43.055855
v -43.753490 18.375217 38.390522
v -43.659813 22.550716 35.376469
v -46.189064 30.005030 29.216734
v -45.776371 32.254566 27.617100
v -47.609898 35.691021 24.451828
v -50.588947 43.517487 16.734877
v -49.131168 45.377335 15.085184
v -50.421520 48.701488 10.024857
v -48.500702 50.729107 4.419992
v -50.335358 50.717640 1.911438
v -49.878666 49.481915 -3.452570
v -49.549145 46.953491 -8.137623
v -49.801735 43.540798 -12.315703
v -48.841202 41.497459 -14.751415
v -47.394051 35.831230 -20.543680
v -48.148159 33.621597 -22.273495
v -45.903828 30.361767 -25.715637
v -46.163029 28.130157 -27.512947
v -43.705509 24.909826 -30.894396
v -46.463585 23.715328 -31.075529
v -44.419006 20.502176 -34.353889
v -41.781101 15.125015 -39.593502
v -42.566364 5.754033 -47.369186
v -39.899281 4.700678 -49.013596
v -45.603401 6.739874 46.423164
v -45.515747 9.249874 44.564007
v -43.860382 14.105074 41.466717
v -46.703220 18.070381 37.746830
v -45.130131 20.268381 36.621490
v -48.684628 31.174547 27.654305
v -50.311920 34.896889 24.342016
v -49.408524 37.377151 22.612040
v -51.247158 39.158382 20.618013
v -52.047794 41.489197 18.319986
v -52.726540 49.281879 8.214009
v -52.046947 50.373924 4.833595
v -53.428680 50.369823 1.562268
v -52.585411 49.128109 -3.440224
v -51.133835 45.166298 -10.050025
v -51.894547 41.740608 -13.660333
v -51.653393 39.649662 -15.787558
v -50.177551 35.017109 -20.454126
v -51.224010 32.493389 -22.272900
v -48.761101 29.120674 -25.905674
v -49.027840 26.923140 -27.624027
v -48.951374 24.665735 -29.495754
v -46.695065 21.472513 -32.852890
v -44.466484 16.031813 -38.049118
v -46.937908 14.687805 -38.388550
v -45.152737 6.752039 -45.734653
v -42.652813 3.523386 -49.301315
v -45.375275 2.405385 49.817505
v -46.564831 4.361518 47.951168
v -48.092228 5.932833 46.251667
v -48.192410 8.060065 44.607826
v -50.643719 15.467403 38.316311
v -49.553471 17.924095 36.936031
v -51.826229 22.731281 32.727524
v -50.008698 24.467609 32.113346
v -52.176292 27.638189 29.127916
v -51.634659 30.050034 27.577551
v -52.232891 36.460884 22.535025
v -54.265091 39.814461 19.129478
v -54.434956 41.766201 17.357580
v -54.713196 45.291016 13.643551
v -55.697037 48.345074 9.053018
v -54.983700 50.206032 3.487695
v -56.931572 49.707050 0.844183
v -56.633938 47.470333 -4.977273
v -57.011223 44.627907 -8.710830
v -54.420555 40.170673 -14.367414
v -54.203789 38.050327 -16.422783
v -54.166176 36.054115 -18.205215
v -51.952896 27.904039 -25.820734
v -51.567387 25.516825 -27.898832
v -49.025253 22.387445 -31.331181
v -49.201401 20.132656 -33.117500
v -49.349323 15.629583 -36.784443
v -47.233990 10.118613 -42.161259
v -48.622311 2.619822 -48.289677
v -48.403320 2.192616 49.055740
v -50.678974 6.292684 45.104839
v -51.070160 8.599611 43.216930
v -52.962994 15.250289 37.629265
v -52.243282 17.465900 36.320297
v -51.295162 20.143589 34.746052
v -54.418510 23.525751 31.227436
v -52.320457 25.242712 30.778568
v -53.895252 31.329386 25.870008
v -57.302258 36.221859 20.967508
v -56.790462 40.762672 17.448477
v -58.464348 42.115009 15.565289
v -57.545712 44.477184 13.541305
v -58.864372 47.389748 9.241202
v -60.951496 47.944721 6.825918
v -57.507610 49.637543 3.941696
v -59.314865 47.229511 -3.958925
v -58.310524 45.821095 -6.620862
v -56.922459 38.492252 -14.994937
v -56.580921 36.303635 -17.076345
v -58.554314 34.268723 -17.996738
v -54.458118 32.250175 -21.326500
v -53.473942 23.882774 -28.511356
v -51.665085 18.762753 -33.347843
v -49.678028 11.074319 -40.498138
v -50.590786 6.431041 -44.204285
v -51.406162 2.146282 48.085114
v -52.475700 4.263715 46.036900
v -54.046238 9.002392 41.805908
v -54.409988 11.410519 39.873917
v -54.898502 13.751110 37.971146
v -54.409527 18.642094 34.662643
v -56.746998 21.766895 31.546297
v -56.680073 23.964743 30.051165
v -57.475761 27.663597 27.147871
v -56.872337 30.222914 25.566885
v -59.181587 31.789888 23.510418
v -60.740028 41.329346 15.341511
v -63.798439 47.041782 6.192059
v -62.314022 48.262558 3.747374
v -61.038528 45.388203 -5.846376
v -62.570068 43.363453 -7.486312
v -59.615448 38.918564 -13.481842
v -57.511959 32.113979 -20.222450
v -58.129326 27.876785 -23.396357
v -55.847004 22.875223 -28.365561
v -56.396923 20.417061 -30.115780
v -54.092667 17.373386 -33.541077
v -53.589588 5.110869 -44.261444
v -51.711868 1.944779 -47.852196
v -57.250870 4.769730 43.769318
v -56.850811 7.243853 42.011108
v -56.908188 9.696409 40.135269
v -57.163338 12.127609 38.233189
v -57.385815 14.579885 36.355896
v -57.278633 17.023170 34.651901
v -59.335018 20.280376 31.487408
v -60.418976 26.411129 26.769030
v -59.723301 29.006788 25.257759
v -62.015293 32.510899 21.749247
v -62.246086 35.023022 19.803476
v -62.450001 37.500576 17.811441
v -62.717491 39.692844 15.854010
v -64.626160 42.667728 12.052609
v -65.235878 45.368877 8.120087
v -62.966743 47.756508 0.317175
v -63.897152 41.122814 -9.181442
v -61.835331 36.884506 -14.256190
v -61.310730 34.377117 -16.658642
v -61.136806 27.248121 -22.524385
v -60.419556 22.686350 -26.488876
v -59.006531 18.858807 -30.225050
v -56.456264 15.848249 -33.813068
v -57.252304 9.843091 -38.561337
v -56.486431 4.072937 -44.053135
v -57.342701 2.385767 45.644634
v -59.826790 5.534999 42.059902
v -59.637146 8.034162 40.209229
v -59.641880 10.469886 38.376305
v -59.788429 12.921578 36.501640
v -59.988281 15.370871 34.644024
v -61.929611 18.797318 31.335674
v -63.249123 25.019411 26.410322
v -62.574177 27.505301 25.016712
v -61.954456 30.081511 23.505230
v -64.615334 33.022385 20.138536
v -64.724419 35.482269 18.240753
v -64.988937 40.382252 14.040342
v -66.553200 43.355648 10.002594
v -67.165283 44.943890 -1.744640
v -66.947922 43.569023 -4.226364
v -66.254837 40.557396 -8.374260
v -65.359077 38.964649 -10.481075
v -63.486134 31.934671 -17.593618
v -66.381409 30.365925 -17.308180
v -63.469631 27.697271 -21.023247
v -62.054092 24.353170 -24.373840
v -62.983364 21.701313 -26.021141
v -61.403065 17.047825 -30.568893
v -61.084740 14.655014 -32.698402
v -61.144409 12.330452 -34.626656
v -59.112476 11.308702 -36.461483
v -59.559158 9.222406 -38.080143
v -58.503872 7.463768 -40.113232
v -58.819504 5.206855 -42.025440
v -59.179234 3.335886 -43.599957
v -54.430214 2.565230 -46.269875
v -60.208511 2.756272 44.122421
v -62.505962 6.439078 40.111954
v -62.348633 8.850791 38.332287
v -62.230778 11.228899 36.604851
v -62.849438 16.098045 32.783058
v -64.616821 17.885843 30.651299
v -65.967957 19.808973 28.603996
v -65.688118 26.186569 24.380871
v -67.078377 30.920603 20.340750
v -66.970932 35.577953 16.933306
v -68.497665 36.632099 15.204620
v -69.049118 39.927788 11.914686
v -69.275314 41.741283 9.786993
v -69.642509 44.126270 5.036543
v -69.888802 44.300419 2.375321
v -71.036705 43.191975 0.252255
v -69.365768 43.383762 -2.160985
v -68.499451 32.903801 -13.956175
v -68.113518 31.159060 -15.642080
v -67.501595 27.903906 -18.645176
v -65.878113 26.627937 -20.586508
v -64.696030 23.187796 -23.946096
v -65.394279 21.107294 -25.230515
v -64.598129 19.376255 -27.054056
v -64.039124 17.276068 -29.050596
v -63.741497 14.942854 -31.129347
v -63.772743 11.014161 -34.443470
v -61.573193 10.051652 -36.387970
v -61.497860 7.840780 -38.389294
v -61.397385 5.792572 -40.307316
v -61.582344 3.703505 -42.164894
v -65.465614 4.778565 39.962788
v -65.181816 7.291269 38.116707
v -65.007660 9.743600 36.337597
v -64.572777 11.868530 34.968674
v -66.026939 15.693901 31.461620
v -67.395729 17.543592 29.415054
v -68.768410 19.291180 27.427879
v -67.956116 23.822510 24.776716
v -68.669533 26.154270 22.773943
v -69.584908 28.681839 20.469507
v -71.243271 39.305962 10.745692
v -72.057747 40.580357 8.404177
v -72.239494 41.940567 5.710721
v -74.170036 40.887527 3.623667
v -71.874474 41.592632 -2.015808
v -71.041695 37.150963 -8.376388
v -70.142319 26.806627 -17.899693
v -68.504784 25.390486 -20.059528
v -67.362503 21.873201 -23.522192
v -67.367958 19.574455 -25.366026
v -66.842476 17.384235 -27.439789
v -66.378868 15.052657 -29.623119
v -65.891518 12.482414 -32.057178
v -66.225296 9.730783 -34.263542
v -63.943466 8.682729 -36.411839
v -63.961658 6.399998 -38.481606
v -64.141357 4.128400 -40.518757
v -64.088600 2.014407 -42.594692
v -67.973831 5.663867 37.913761
v -67.715088 8.355532 35.944736
v -67.462906 11.147951 33.975174
v -68.145538 13.565601 31.826136
v -68.596741 15.556864 30.140745
v -71.296295 25.898216 21.356569
v -72.484085 27.927734 19.135555
v -73.904976 30.067993 16.550224
v -75.512543 39.427635 1.188416
v -74.267380 39.670025 -1.661014
v -73.033356 37.440079 -6.255687
v -73.373856 35.171467 -8.372519
v -73.305405 32.866844 -10.577637
v -72.884247 30.592453 -12.897693
v -72.103592 28.288774 -15.405707
v -72.309044 25.850821 -17.237938
v -69.452171 22.835518 -21.511095
v -69.856575 20.370117 -23.242239
v -69.554276 17.911425 -25.420151
v -69.073822 15.519421 -27.679199
v -68.647469 13.103973 -29.965689
v -68.529327 10.636408 -32.163815
v -68.691650 8.113766 -34.329250
v -68.684929 5.809134 -36.479130
v -66.382988 4.912063 -38.611546
v -65.515045 2.459220 41.848640
v -70.247604 9.363422 33.735233
v -70.480339 11.853630 31.726633
v -70.860138 14.358770 29.673418
v -71.596748 18.674734 26.163651
v -72.413658 20.960777 24.061197
v -73.001915 23.276075 22.069805
v -74.935158 27.223858 17.901367
v -76.086121 30.910309 14.103989
v -75.944504 33.376419 12.173335
v -76.076233 35.611725 9.785382
v -76.140663 38.702629 4.237515
v -77.517006 37.297779 1.689283
v -76.512527 37.594143 -1.255874
v -75.393890 35.363274 -6.118718
v -75.512955 33.091152 -8.429775
v -75.267654 30.777813 -10.827076
v -74.775352 28.475536 -13.249556
v -74.358650 26.144201 -15.529221
v -73.673515 23.726995 -18.016943
v -72.387421 21.461643 -20.732515
v -72.136261 18.696352 -23.146637
v -71.729073 16.157948 -25.501066
v -71.309433 13.736733 -27.802986
v -71.034546 11.347214 -30.032698
v -70.998138 8.914239 -32.219566
v -68.510139 3.769304 -38.548264
v -66.945625 2.370348 -40.789646
v -71.409744 2.021220 38.977551
v -72.932686 5.197098 35.370987
v -72.802124 7.700477 33.451950
v -72.935921 10.197066 31.455433
v -73.190742 12.837971 29.323986
v -73.274963 15.831571 27.103962
v -74.291733 18.474119 24.558472
v -75.006165 20.941837 22.330833
v -75.219582 23.067259 20.664816
v -77.051117 26.164421 16.993429
v -76.503624 28.465601 15.695115
v -78.070984 31.387714 11.741046
v -77.679756 33.524193 10.044195
v -78.366257 34.706448 7.511199
v -79.359840 35.127899 2.263528
v -79.568497 33.049252 -3.163755
v -77.606964 33.192467 -5.979664
v -77.520744 30.937841 -8.514437
v -77.198730 28.650467 -11.013788
v -76.747993 26.337248 -13.453019
v -76.170776 23.965918 -15.938110
v -75.359756 21.614079 -18.507242
v -74.711784 19.266327 -20.911203
v -74.311508 16.779703 -23.252836
v -73.915009 14.353683 -25.566912
v -73.588303 12.000125 -27.815250
v -73.407730 9.694550 -29.971937
v -73.413635 7.466457 -32.012074
v -70.752205 4.025090 -36.995827
v -75.226280 6.084501 33.155499
v -75.356339 8.428457 31.214266
v -75.529533 10.956159 29.169586
v -75.733521 13.649377 27.025715
v -76.225395 16.277052 24.773191
v -76.970810 18.911829 22.339767
v -77.535866 21.703894 19.894718
v -78.569824 24.054411 17.307367
v -78.808922 26.515348 15.170889
v -80.194595 29.521618 10.947072
v -79.614334 32.029587 9.118767
v -80.734940 32.438267 6.376627
v -80.563904 33.412468 0.200223
v -81.445335 31.608185 -1.317249
v -79.594971 30.892977 -6.029675
v -79.447182 28.702225 -8.622784
v -79.104408 26.478662 -11.145315
v -78.615448 24.199091 -13.660217
v -78.007988 21.887899 -16.179459
v -77.388985 19.577005 -18.632298
v -76.887245 17.238503 -20.988491
v -76.480080 14.874291 -23.299934
v -76.132820 12.543160 -25.568708
v -75.889969 10.256371 -27.761885
v -75.800835 8.035536 -29.858294
v -75.863228 5.903015 -31.845312
v -73.777458 5.545170 -33.607105
v -76.820801 2.147800 35.399818
v -77.715416 6.536375 31.056946
v -77.881577 8.976584 29.005081
v -78.014107 11.598447 26.908998
v -78.348701 14.205799 24.709949
v -78.896065 16.791731 22.384510
v -79.517159 19.391062 19.964409
v -80.209801 21.874834 17.488672
v -80.775963 24.361652 14.967755
v -80.678696 26.912720 12.843801
v -81.627167 30.059740 8.090178
v -82.328545 31.147024 1.462636
v -81.476883 30.321032 -3.642832
v -81.527267 28.453312 -6.133203
v -81.344543 26.434616 -8.668517
v -80.963509 24.305262 -11.225492
v -80.470291 22.091621 -13.766483
v -79.941093 19.834818 -16.253485
v -79.445808 17.553509 -18.658365
v -79.018379 15.260491 -20.995272
v -78.651146 12.969787 -23.289570
v -78.361183 10.692033 -25.537365
v -78.196022 8.440842 -27.732298
v -78.147957 6.227067 -29.880697
v -78.090019 4.074940 -32.068092
v -77.886742 2.065049 -34.311394
v -75.326385 2.092156 -36.066635
v -77.439163 4.239157 33.169796
v -80.294479 6.872118 28.840616
v -80.211266 9.622447 26.722162
v -80.439629 12.195931 24.564701
v -80.857124 14.717453 22.306992
v -81.400192 17.220808 19.938782
v -82.003014 19.683966 17.468477
v -82.574120 22.134884 14.880876
v -82.932259 24.671642 12.169916
v -83.869385 25.957479 9.343408
v -84.580299 27.480734 4.508244
v -83.937286 28.823158 1.918517
v -83.402779 27.853495 -3.469897
v -83.433571 26.097572 -5.998954
v -83.172729 24.195965 -8.631310
v -82.778191 22.140202 -11.244932
v -82.336548 19.982416 -13.786876
v -81.900352 17.760931 -16.248199
v -81.502388 15.509814 -18.626101
v -81.139488 13.262679 -20.952738
v -80.817276 11.020913 -23.257277
v -80.586006 8.767354 -25.536928
v -80.477249 6.511861 -27.791603
v -82.386528 7.956958 26.236395
v -82.498131 10.294041 24.283146
v -82.803192 12.691166 22.135975
v -83.247612 15.091594 19.838818
v -83.775986 17.461691 17.412842
v -84.309647 19.773668 14.871039
v -84.750565 21.975285 12.254339
v -85.214058 25.587891 6.828946
v -85.458130 26.476786 1.950833
v -85.298660 25.399076 -3.036345
v -84.895798 21.963329 -8.598136
v -84.559784 19.958912 -11.212797
v -84.196098 17.844246 -13.743137
v -83.868919 15.632766 -16.186222
v -83.577599 13.405962 -18.544823
v -83.259483 11.211710 -20.893955
v -82.965462 9.001097 -23.256945
v -82.794708 6.748168 -25.598358
v -80.337906 2.170254 -32.356598
v -81.817696 2.252460 31.558891
v -82.135963 4.303937 29.501451
v -82.689301 5.927995 27.648180
v -84.565796 8.413095 23.883924
v -84.733604 10.681849 21.874817
v -85.064163 12.975741 19.677320
v -85.507065 15.245758 17.315365
v -85.992401 17.440495 14.800653
v -86.437943 19.511734 12.163579
v -86.770920 21.391743 9.411873
v -86.827240 23.143818 6.554790
v -86.349037 24.860237 3.870276
v -86.795303 24.282261 0.323560
v -86.969749 22.960127 -2.809685
v -86.737869 21.509138 -5.860392
v -86.575447 19.701740 -8.523641
v -86.318840 17.764874 -11.104327
v -86.031273 15.678046 -13.638768
v -85.883911 13.408271 -16.061270
v -85.685661 11.218632 -18.418842
v -85.332382 9.080887 -20.889044
v -85.082176 6.891509 -23.322683
v -84.997787 4.634274 -25.724247
v -82.745430 4.480141 -27.934950
v -84.194717 2.194358 29.591925
v -86.584297 6.427339 23.534163
v -86.644791 8.635677 21.574238
v -86.851067 10.843264 19.466553
v -87.184898 13.021517 17.190525
v -87.596863 15.123208 14.727758
v -88.016602 17.090477 12.086585
v -88.326881 18.909044 9.293941
v -88.374352 20.636734 6.345293
v -88.639664 21.080603 -0.052424
v -88.157417 20.767675 -3.266294
v -88.321960 19.187597 -5.707696
v -88.251289 17.438639 -8.303550
v -88.025848 15.586531 -10.905999
v -87.816223 13.534925 -13.463064
v -88.105698 11.003790 -15.747092
v -87.672310 8.918908 -18.466061
v -87.343040 6.853955 -20.994892
v -87.210365 2.463312 -25.881863
v -82.726570 2.280044 -30.282572
v -86.459366 2.197219 27.459356
v -86.571243 4.252063 25.466820
v -88.528076 6.536058 21.279089
v -88.619255 8.686987 19.227947
v -88.837814 10.782219 17.038452
v -89.133072 12.803127 14.685590
v -89.490547 14.681155 12.092076
v -89.812988 16.359211 9.298687
v -89.878540 17.963535 6.375630
v -89.529266 19.566261 3.268501
v -90.442436 17.984531 0.479007
v -89.602631 18.715782 -2.568298
v -89.908257 16.862732 -5.317758
v -89.864609 15.158181 -8.038836
v -89.655022 13.452405 -10.660271
v -89.428772 11.795850 -12.977536
v -89.599236 6.490924 -18.686813
v -89.316307 4.582488 -21.166227
v -89.214890 2.546388 -23.605755
v -85.028786 2.384548 -28.111122
v -88.559975 2.275124 25.221935
v -90.409966 4.408237 20.949759
v -90.367180 6.523995 18.961523
v -90.676529 10.468378 14.600096
v -90.854202 12.303409 12.215476
v -91.214180 13.805799 9.445351
v -91.379753 15.141709 6.595726
v -91.083702 16.662113 3.570247
v -92.048607 15.081072 0.797985
v -91.473175 14.362823 -5.122575
v -91.393234 12.788684 -8.018269
v -91.159958 11.179792 -10.770619
v -90.571960 9.741603 -13.607914
v -89.969627 8.278353 -16.196951
v -90.515251 2.317560 22.886150
v -92.125931 4.371398 18.612953
v -92.094017 6.353469 16.593147
v -92.252876 8.138244 14.399851
v -92.313271 9.924946 12.136716
v -92.260918 11.586823 9.950640
v -92.938286 12.052708 7.089468
v -93.508308 12.392202 1.342633
v -92.853050 13.157111 -2.108390
v -92.926613 11.804382 -5.409284
v -92.834763 10.334195 -8.357472
v -92.560333 8.839187 -11.198514
v -92.175285 7.320264 -13.915878
v -91.880859 5.668942 -16.441162
v -91.504257 4.116560 -18.869379
v -92.347832 2.322549 20.442251
v -94.059715 2.370347 17.814854
v -93.830261 5.705696 14.265866
v -93.824364 7.562548 11.895818
v -93.625694 9.549280 9.423013
v -94.110229 10.887308 4.264040
v -95.005623 9.604758 1.699060
v -94.251907 10.909459 -0.682188
v -94.295059 10.298855 -3.201120
v -94.337791 9.162599 -5.986830
v -94.241753 7.846738 -8.787442
v -93.899544 4.808409 -14.141957
v -93.015480 2.053315 -19.237951
v -95.298431 2.968041 14.748570
v -95.124214 6.963509 9.291082
v -94.677834 9.006691 6.798650
v -95.557312 8.469837 -0.980700
v -95.738983 7.578476 -3.692192
v -95.716141 6.633937 -6.417359
v -95.733070 5.335295 -9.062875
v -94.064980 6.406841 -11.497445
v -93.912376 2.883728 -16.737896
v -96.755142 2.634287 11.776579
v -96.610008 4.381316 9.192370
v -96.303909 6.070578 6.641070
v -97.233986 5.124492 3.942485
v -97.154404 4.921181 -4.211097
v -97.485039 2.646300 -8.841679
v -97.015869 1.966179 -11.603940
v -95.646072 2.426762 -14.094728
v -97.826607 2.152122 9.243942
v -98.675262 2.536762 3.417304
v -98.353546 2.478403 -5.512138
v 99.946396 -0.063427 1.345315
v 99.688744 -0.060811 4.377343
v 99.043358 -0.052945 7.907009
v 98.152779 -0.042337 11.038830
v 97.056053 -0.030814 13.936062
v 95.808380 -0.019452 16.597494
v 94.245384 -0.007498 19.385254
v 92.517395 0.003566 22.016312
v 90.663277 0.013713 24.481615
v 88.762161 0.023070 26.729723
v 86.569992 0.032808 29.055254
v 84.391647 0.041452 31.143358
v 79.149612 0.058564 35.486446
v 76.645706 0.065113 37.295612
v 74.017944 0.071375 39.046558
v 71.456818 0.076721 40.625244
v 65.702507 0.084596 43.781651
v 63.141392 0.087486 45.035786
v 57.099350 0.091824 47.681175
v 54.339344 0.092524 48.757507
v 51.476475 0.092627 49.794800
v 48.549782 0.091887 50.776913
v 45.656174 0.090738 51.673988
v 37.346390 0.083040 53.874786
v 25.522860 0.055105 56.132771
v 22.592760 0.045331 56.546112
v 19.739975 0.035466 56.895367
v 17.087549 0.025907 57.174393
v 14.269942 0.015497 57.423565
v 7.986313 -0.006435 57.807465
v 5.041198 -0.015903 57.908215
v 1.917479 -0.024316 57.960476
v -1.271709 -0.031655 57.956692
v -4.491963 -0.037838 57.894863
v -7.717787 -0.041600 57.774261
v -10.980038 -0.043765 57.592899
v -14.310547 -0.044521 57.345203
v -17.646013 -0.043028 57.032860
v -21.161749 -0.039837 56.633297
v -24.892197 -0.034875 56.127491
v -28.626919 -0.028404 55.534130
v -32.338634 -0.020829 54.855225
v -38.323318 -0.006970 53.562046
v -41.499393 0.001135 52.770691
v -44.489182 0.008684 51.955643
v -47.379200 0.016114 51.099445
v -50.371143 0.024143 50.137897
v -59.674980 0.045994 46.605717
v -62.245029 0.050895 45.466354
v -65.046577 0.055647 44.132610
v -70.855453 0.064587 41.024578
v -73.588371 0.069687 39.378937
v -76.241348 0.076282 37.652611
v -78.955063 0.086852 35.738544
v -81.538147 0.100692 33.754463
v -83.974533 0.116232 31.710873
v -86.316635 0.133866 29.555607
v -88.544563 0.152380 27.289644
v -90.626480 0.169996 24.929668
v -92.565605 0.184204 22.446981
v -94.370544 0.189542 19.780857
v -95.937454 0.183940 17.047319
v -98.468094 0.137118 10.947888
v -99.249588 0.108987 8.029080
v -99.758484 0.087065 5.246792
v -100.066238 0.072967 2.222814
v -100.121780 0.073382 -1.029886
v -99.910393 0.087300 -4.087019
v -99.401009 0.113115 -7.313281
v -98.632950 0.140722 -10.354600
v -97.547668 0.164460 -13.445885
v -96.305145 0.176815 -16.203848
v -94.987755 0.178105 -18.628929
v -93.435150 0.171439 -21.081244
v -89.480927 0.138811 -26.155199
v -87.436378 0.123081 -28.357391
v -85.152565 0.108299 -30.582434
v -82.734505 0.095784 -32.720619
v -80.227928 0.085466 -34.743191
v -77.742943 0.077248 -36.584396
v -72.004463 0.064159 -40.328819
v -69.282646 0.057418 -41.895241
v -66.488701 0.049264 -43.382950
v -63.464767 0.039715 -44.870647
v -60.336975 0.030294 -46.289337
v -53.724918 0.013903 -48.935112
v -50.728794 0.007385 -49.991856
v -47.871998 0.001396 -50.923534
v -44.818024 -0.005346 -51.842468
v -41.598297 -0.012329 -52.729557
v -34.609303 -0.024470 -54.386303
v -27.560541 -0.033465 -55.713829
v -24.350657 -0.036059 -56.211708
v -21.021809 -0.037463 -56.660103
v -17.729769 -0.037684 -57.037182
v -14.462213 -0.036736 -57.348122
v -11.169319 -0.034155 -57.598194
v -7.859836 -0.030561 -57.786308
v -4.637661 -0.026001 -57.909283
v -1.487798 -0.020004 -57.971935
v 1.656897 -0.013337 -57.977924
v 4.775463 -0.006205 -57.927723
v 7.740860 0.001408 -57.827507
v 14.106926 0.018106 -57.438004
v 16.958288 0.025498 -57.184517
v 19.619873 0.031982 -56.902969
v 22.408751 0.038188 -56.560581
v 25.270807 0.044149 -56.157364
v 28.129662 0.049269 -55.701233
v 34.257763 0.057004 -54.537792
v 37.124565 0.059374 -53.903099
v 48.261700 0.063418 -50.844570
v 50.878880 0.063978 -49.977585
v 53.543312 0.064700 -49.030846
v 59.575378 0.067405 -46.628784
v 65.134209 0.071833 -44.055775
v 68.099678 0.074786 -42.519928
v 74.030792 0.076575 -39.039276
v 76.658226 0.074975 -37.291019
v 79.249306 0.071809 -35.418133
v 86.701088 0.049610 -28.933655
v 88.807747 0.039472 -26.689369
v 90.742615 0.028721 -24.393003
v 92.628960 0.016818 -21.868095
v 94.343430 0.004023 -19.234240
v 95.852005 -0.009186 -16.522787
v 97.157051 -0.022739 -13.707150
v 98.241028 -0.035790 -10.781536
v 99.072762 -0.047406 -7.793572
v 99.641937 -0.056393 -4.736165
v 99.936920 -0.062100 -1.578876
v 95.741585 1.244177 8.700423
v 93.852844 1.224826 14.165009
v 81.567703 1.334437 30.261755
v -35.113670 1.875803 52.841049
v -75.202370 3.991159 34.916260
v -69.990822 2.018902 -39.457516
v -45.570904 2.116472 -49.707546
v 46.022923 1.892812 -48.865292
v 51.588284 1.599907 -47.307911
v 86.190292 1.020092 -26.444756
v 83.703110 1.387399 -27.953489
v 89.693199 1.155602 -21.633934
v 92.732231 1.194685 -16.554144
v 96.216133 1.068606 -8.437582
v 95.240608 1.121451 -11.240173
v 96.946640 1.016975 -5.602910
v -22.194828 1.700973 55.175625
v 11.143051 0.004374 57.643787
v 10.937656 0.009833 -57.661976
v -46.470436 40.174881 -16.673597
v -40.562397 32.742474 28.374239
v -42.859608 33.721333 -23.560436
v -51.643440 37.102463 -18.137100
v -54.440773 37.639923 20.877617
v -57.118347 42.870396 -10.648994
v -53.840630 47.735809 -5.655641
v -34.267857 30.972389 30.816856
v -59.819340 36.946232 19.397787
v -43.966019 44.153976 -12.781273
v -51.004425 32.453045 25.995016
v -59.575554 45.547707 11.424457
v -47.352150 46.830734 13.473058
v -49.197353 28.888420 29.185991
v -48.140629 48.476234 -5.891249
v -55.095325 28.016848 -24.541924
v -56.555759 0.039395 47.888134
v -43.512623 27.087263 -29.123772
v -42.119617 20.721460 37.112801
v 30.909369 29.177711 1.272856
v -33.637608 18.561275 -38.627975
v -24.845900 8.896626 49.342079
v -25.300863 48.513580 1.213275
v 39.505974 25.569941 0.166897
v -34.812447 35.094318 27.239038
v -33.044918 30.177523 -28.542156
v -60.449055 32.077087 -18.961563
v -39.610912 18.799036 -37.088062
v -48.788563 22.610563 33.829338
v 8.488137 38.122791 3.456068
v -36.562248 50.376976 2.476709
v -27.056938 24.659840 36.785458
v 21.119183 33.202930 1.127033
v -59.496521 25.410179 -24.751211
v -56.901852 0.021297 -47.720276
v -33.597958 9.505498 -46.368805
v -31.501459 31.540514 30.652246
v -38.076069 18.553608 39.687996
v -27.469915 13.857950 45.179287
v -28.455622 25.081701 -33.746044
v -41.679497 12.812858 -41.572636
v 57.114536 18.057550 0.914717
v -63.863766 34.631859 -15.157323
v -27.797544 5.987565 -50.479549
v 84.855286 6.282989 1.999408
v -41.797623 46.321743 14.843080
v -22.747730 19.673349 41.178391
v -43.053089 47.637478 -8.094016
v 24.101410 31.815708 5.088687
v -44.375118 13.764360 -39.977718
v -40.868782 14.247453 42.180294
v -22.527592 15.385371 -43.052963
v -32.083038 14.044532 44.276093
v -97.877495 4.265341 0.943846
v -35.908798 45.503563 -11.548982
v -64.366600 28.529358 23.432392
v -28.638550 31.633278 30.797611
v 27.862425 30.003088 -4.995759
v -37.636608 11.032218 45.361832
v -21.368704 17.561968 42.978371
v 40.568420 24.582827 -6.114481
v -31.681892 40.870472 21.664598
v -24.799086 47.667675 -3.738884
v -14.422074 8.167738 50.931049
v -46.726837 13.478271 41.063499
v -51.735558 14.316875 -37.009773
v -56.951599 19.414221 33.102058
v -18.629402 13.365489 46.531704
v -27.785866 39.095360 23.548927
v -25.694885 34.291367 -25.082399
v -23.488541 19.817490 -39.019524
v -32.758900 42.347321 -15.856471
v 68.593185 0.081140 42.258698
v -30.565210 48.630733 -3.894027
v 59.172188 16.814054 -5.699578
v 32.235462 28.063494 -5.984475
v -28.075773 40.999985 -17.413054
v 72.823051 11.006182 -6.229223
v -53.008751 7.490064 -42.373943
v 82.004875 7.241587 -5.650535
v 12.087266 36.263584 -4.661226
v -51.163406 4.022369 -46.139549
v -24.880768 28.995531 33.296455
v 6.568879 38.393711 -4.085781
v -26.046579 46.945396 11.246731
v -72.245499 37.155136 12.048865
v -34.587105 47.394608 12.847145
v -51.467518 10.962142 41.313591
v 50.605324 20.170713 9.089256
v 33.724590 27.381664 8.623041
v -56.684677 12.116070 -36.852848
v 45.591648 22.217817 9.523857
v -28.907042 47.763935 10.401360
v 9.220685 37.011787 9.633266
v -12.801038 44.137314 10.346019
v -47.947056 43.528107 17.316599
v -49.295399 41.449795 19.080807
v -53.895966 6.417417 43.823132
v -46.843552 37.692215 23.000072
v -98.538658 2.861660 -2.165141
v -49.620239 4.142261 47.134277
v -46.976517 43.809238 -12.635525
v -52.401039 43.486198 -11.636134
v -49.170704 39.041939 -17.088205
v -70.754967 4.180958 37.539021
v -40.030212 32.961491 -24.838531
v -42.953030 33.541889 27.254074
v -43.377472 42.894730 18.740065
v -65.358284 37.838074 16.041946
v -57.114746 40.683941 -12.863073
v -50.806023 30.219576 -24.311930
v -41.506050 27.392939 32.328018
v -38.965523 21.120777 37.582676
v 88.346710 3.759146 12.474495
v -24.298260 39.157681 23.267845
v 84.347443 3.640417 20.140793
v -46.754589 27.710320 30.757511
v -33.489246 14.050739 -42.510567
v -46.315613 25.931734 -29.291502
v -27.359171 7.872027 49.753544
v -36.812599 18.584770 -37.939999
v -38.805500 14.267325 -41.108871
v 40.650089 24.867954 5.409611
v -25.282442 14.302628 -43.678619
v -45.629002 48.265644 11.536903
v -33.252319 49.961937 3.201795
v -60.015495 48.965763 1.891589
v -30.113060 28.042101 33.706760
v -39.277843 50.631168 2.055887
v 81.927490 7.490600 -2.245716
v -42.018597 17.371017 -37.644379
v -39.334522 9.352994 -45.149792
v 55.088085 18.892509 2.549391
v -16.936653 9.472288 49.730328
v -46.884956 19.218260 -34.653076
v -36.605312 16.427959 41.589424
v 28.875195 29.931036 -1.581936
v -20.275835 6.064591 52.070347
v 34.712120 27.330202 6.011287
v -44.443153 11.462449 -41.905201
v -54.584400 25.602440 -26.689640
v -30.205137 29.512163 -29.498148
v -30.387537 4.268553 -51.503319
v 89.364990 4.392747 1.566081
v -31.725023 35.485912 27.130922
v -23.887217 24.301428 37.328564
v -24.858624 5.822583 -51.080547
v -35.489338 43.472317 -14.380634
v 61.289536 2.642802 41.422405
v -28.539534 33.300480 -26.012390
v -35.017063 12.585911 44.788940
v -33.391411 40.133484 -18.525652
v -25.214558 24.725859 -34.408966
v -40.131104 11.902253 44.103504
v 34.965614 27.406963 -1.375273
v -39.063305 46.152527 15.194673
v -20.073915 11.610746 -46.626377
v -65.992111 46.418152 0.421730
v -96.471329 6.879009 1.433854
v -61.517441 21.382509 29.735497
v -58.599453 21.377146 -28.375450
v -71.645676 32.405594 16.411509
v 61.830368 15.760070 -4.955079
v 42.643967 24.011600 -3.601832
v 47.726997 21.742657 -4.784376
v -48.235657 10.721932 42.609821
v -38.854660 48.869610 10.350704
v -19.804640 19.922461 -39.205189
v 84.320305 6.388499 -4.028831
v 9.333921 37.337643 -4.361902
v 14.790361 35.176144 -5.082536
v 1.419201 40.043594 -5.147264
v 28.523643 29.051592 11.070131
v -54.125652 13.053370 -37.129536
v -10.386435 43.894226 -4.628430
v -16.346348 45.701077 -3.829655
v -4.627436 42.047070 -5.129374
v 38.907314 24.335142 12.778970
v 28.033129 28.913744 -10.081151
v -55.961430 6.336750 -42.223721
v -64.766014 29.180824 -19.152115
v 48.103783 21.387247 7.981799
v -16.823225 16.811922 -42.212227
v 11.355739 36.627026 7.274424
v 62.465096 6.023160 -33.978138
v -53.822918 21.780111 -30.068304
v 21.033730 33.105099 -1.947282
v -34.952358 44.855404 16.859341
v -45.276802 16.020809 39.657688
v 32.759529 27.307110 11.038651
v -71.277702 34.860001 -10.335542
v -58.890297 16.377323 -32.300671
v 4.310544 38.770584 -6.349583
v -41.374794 39.777405 -18.067991
v -39.147480 45.666805 -11.303129
v -43.013046 35.447857 25.693455
v -33.247009 36.001118 -22.930462
v -46.795990 38.044418 -18.665499
v -53.258724 47.416134 11.367641
v -48.188900 33.449600 26.060066
v -43.691311 28.823347 30.733759
v -41.129032 41.816505 20.190779
v -40.546051 35.308819 -22.584723
v -54.997513 48.651337 -3.498137
v -37.831841 34.223587 27.622087
v -34.859402 24.446068 -33.339279
v -49.661686 26.624945 30.677635
v -45.107292 45.827747 -10.493121
v -40.789078 25.984219 -30.747749
v -48.223892 48.133900 11.386624
v -46.358715 21.948540 35.053421
v -55.079788 49.652058 6.210320
v -35.225563 18.587475 40.267811
v 92.415955 2.971918 4.768616
v 67.529228 13.302299 -5.612572
v -27.358145 11.933839 46.665134
v -42.805843 50.497654 5.993441
v -28.723204 21.091074 -37.267704
v -29.480259 27.230858 -31.677641
v -34.448257 15.035099 43.081688
v 50.490307 20.624760 6.035528
v -59.033791 22.735399 29.916832
v 61.922089 15.400438 8.795048
v -63.885563 44.756702 -4.957956
v -41.415020 48.932240 10.412808
v -19.126112 2.101143 55.236164
v 26.541189 30.961121 3.285691
v -15.857715 2.243474 55.448116
v -67.069786 36.928963 -11.333969
v -34.689369 7.208635 -48.099735
v -39.689281 48.310307 -6.824168
v -69.305840 34.129105 16.644615
v 84.401970 6.486806 -0.883529
v -57.655979 23.997187 -26.696362
v -99.066154 2.057076 0.621866
v -46.994408 12.411728 -40.284866
v -54.929688 16.197859 36.204655
v -67.690475 45.723373 2.894692
v -51.689106 16.555168 -35.158554
v -48.122845 5.315445 -46.038574
v -71.437950 30.112394 18.263771
v -41.880135 10.439634 -43.536087
v -54.623608 10.851785 -38.800018
v 38.450481 25.004478 -8.723817
v -73.941490 38.013474 9.582541
v -22.601976 30.891466 31.651447
v -70.483429 39.357838 -6.454037
v -29.540485 43.995472 17.642540
v -77.978333 36.463360 4.730499
v -55.750141 34.188553 -19.219923
v -60.156136 43.430035 13.550832
v -43.532089 44.913616 16.460165
v -42.346050 16.347759 40.249725
v 26.827896 30.604557 6.169337
v -64.423164 37.020050 -12.786303
v -66.679779 45.792221 5.557286
v 33.542213 27.814184 -3.727767
v -17.763157 8.034028 -49.989063
v -52.233418 13.237783 39.360718
v -46.194279 50.410980 6.687368
v -59.671074 43.670055 -8.648363
v -29.985857 47.686932 -6.450196
v 77.881287 9.010356 5.835646
v -92.594757 13.766915 3.988738
v -56.053043 14.009003 -35.518379
v 12.001443 35.799053 10.293154
v -28.359123 46.498550 13.169191
v -23.418482 41.278645 20.494968
v -18.133963 27.785612 -31.746500
v -53.220474 43.569618 15.970428
v -73.828453 32.923237 14.391600
v -67.034729 33.403484 18.549875
v -16.838425 46.415283 4.132701
v -66.807076 28.471254 22.202993
v -58.307961 25.219984 28.495718
v -45.357132 34.659710 -22.120090
v -47.505978 39.649265 21.147327
v -42.155239 19.511499 -35.819530
v -45.467358 34.421867 25.989876
v -55.418945 46.169800 -7.385309
v -40.263550 35.436707 26.191420
v -40.489086 30.027275 30.530981
v -48.128620 45.500431 -10.354145
v -32.160393 24.821545 36.030602
v -59.823093 48.873081 4.656015
v 62.166889 0.069145 -45.475761
v -33.052448 33.296459 28.967995
v 94.942284 1.876581 5.353301
v -38.016571 27.154575 -30.370060
v -44.549911 26.410994 32.316490
v 81.694550 0.066830 -33.491920
v -73.825027 2.524738 37.066277
v -38.163513 29.370302 -28.409243
v 62.877308 4.561354 -36.622131
v -71.249573 6.320538 -34.469692
v -32.493427 27.816444 -30.761780
v -31.791441 20.913673 -36.944782
v 65.786758 8.278872 -26.530125
v -70.033997 37.794018 13.153491
v -28.534472 17.263897 -40.637096
v -33.904549 20.675035 38.941730
v -30.001257 10.568332 47.273903
v -10.611957 44.493553 5.383390
v -5.483511 42.667622 7.071039
v -59.770874 34.398777 21.354338
v 45.741894 22.829216 3.791355
v 55.539043 18.511572 5.484253
v -37.729366 13.903962 43.207352
v -32.328770 7.721180 -48.159546
v -25.764416 7.535693 -49.467201
v -49.309864 17.889305 -34.929119
v -67.018570 41.281624 11.976063
v -30.863506 31.857248 -27.224127
v 47.547783 22.062775 -1.928460
v 37.697788 26.095343 5.706858
v -11.054008 44.548645 -2.218175
v -13.314328 44.963753 7.544959
v 90.582527 3.887755 -0.874877
v -54.184132 21.021282 33.072227
v -35.253727 47.035389 -8.959949
v -26.288862 26.864460 -32.339348
v -24.461687 26.589012 35.382656
v -21.808744 17.751802 -41.013821
v -21.310085 21.991358 -37.225609
v -30.889704 38.747757 -20.146770
v -42.965366 35.654942 -21.780914
v -33.080387 48.657558 -4.982411
v -30.827826 46.660622 -9.018600
v -15.009513 44.762775 -6.197289
v 84.614403 6.000100 -7.061182
v -72.485916 39.609322 -4.170346
v 26.680281 30.215302 9.205105
v 26.673466 29.917612 -8.181375
v -73.350533 41.438278 0.681997
v -38.520473 40.627647 -17.555456
v -80.429482 4.286317 -30.058937
v -76.268806 37.348866 7.203866
v 89.093269 2.188822 18.551289
v -37.657200 8.311538 47.391014
v -57.127533 38.514030 19.215059
v -56.549206 46.557831 11.423981
v -57.522026 34.010292 22.560642
v 32.036148 0.072768 55.009499
v 39.725327 0.060722 -53.275444
v -79.798744 4.443973 31.242825
v -87.178703 4.699662 -23.457090
v 84.464317 2.112800 -24.891836
v 75.133835 5.898475 -23.741520
v 44.907352 23.218319 -1.159215
v -54.288353 2.204543 46.994038
v 85.564667 3.337654 -19.210941
v -96.988670 5.784181 -1.439890
v -56.949341 26.201862 -25.243792
v -17.065123 14.690963 -44.130280
v 47.976944 21.798491 4.755984
v 56.166054 4.084982 -41.194855
v 67.633148 12.989725 8.756793
v -40.250771 47.723003 12.762660
v -93.583755 4.307631 16.368082
v -39.733368 7.040875 -47.026699
v -70.351501 6.761180 35.682678
v -17.441893 7.083247 51.556438
v -67.419167 38.968807 13.864515
v -61.156181 23.850142 28.194063
v -21.516346 25.945368 36.061283
v -55.334232 8.566264 -40.491760
v -25.589886 6.581540 50.997887
v -88.542320 4.368852 23.245998
v -47.641338 7.775577 -44.051796
v -12.353345 43.911457 -6.683002
v 40.262630 0.086975 53.163219
v -70.976379 32.766064 -12.410248
v -91.189240 16.050592 -2.270644
v -78.614807 35.423512 -0.782266
v 85.603584 4.994930 11.897237
v -49.132347 37.024311 -18.975042
v -29.870707 25.903151 35.474854
v -63.071930 1.963170 43.468296
v -34.415798 49.268703 8.202986
v -22.635452 7.550682 50.655346
v -67.053909 21.672607 26.744375
v -68.280907 38.762589 -8.808021
v 68.391586 12.554239 -8.543099
v -62.088291 46.249794 9.150755
v -90.482956 8.546258 16.834124
v 57.867767 17.680677 3.340073
v 54.113178 18.152342 11.862455
v -48.053238 15.670641 39.044956
v 96.800331 1.277450 -0.237774
v -84.591309 6.212798 25.694340
v -45.098186 11.673203 42.898842
v -16.164145 45.853600 7.090675
v -25.181000 43.663715 -13.247132
v -70.324448 42.621841 7.386187
v 14.199595 35.368767 8.240811
v -61.564507 19.734015 -28.304934
v -20.603638 38.372059 -20.079592
v -18.981689 30.005972 -29.503307
v -68.614937 44.870995 0.283508
v -55.113483 26.119183 29.144665
v -83.452614 28.010984 7.244547
v -55.056095 4.065670 45.213753
v 45.564262 0.062682 -51.676533
v -35.333599 28.604332 32.575798
v 34.863487 0.078748 54.430588
v -14.819997 17.734877 43.179634
v -65.592636 23.814548 26.061365
v -85.190239 23.793955 -5.836272
v 31.090076 0.053501 -55.171394
v -40.671322 44.242989 17.572994
v -25.694326 36.323460 -22.878508
v 71.189514 0.076657 -40.780720
v -64.109863 44.537266 10.205936
v -44.536648 18.265575 -36.169018
v -51.339123 23.225716 -29.837179
v -68.930672 34.805054 -12.029854
v -62.049683 29.762682 -20.071108
v -42.226974 8.084737 -45.450420
v -69.355881 31.577631 18.527706
v -7.499527 42.964668 -5.000277
v -22.147852 24.292244 -35.040035
v -69.874008 41.550140 -4.332176
v -16.056334 29.510492 -29.902115
v -61.611515 41.782314 -9.729397
v 48.828587 1.666306 -48.225418
v -87.954826 22.338438 3.273031
v -15.483634 44.985710 9.984257
v -31.459509 34.282452 -24.812798
v 28.879791 0.065011 55.589699
v 64.762375 14.227181 8.560091
v -8.885345 41.773640 -10.199216
v 79.477089 8.057247 8.404968
v -53.320858 30.171349 -23.463121
v 84.908203 5.567177 -9.536616
v 51.122143 19.405872 11.919212
v -11.308248 14.232905 46.144527
v 7.217160 37.616894 -6.873234
v -1.689964 41.093124 -5.134866
v -55.901802 43.107708 15.570230
v -64.833000 45.959538 -2.299853
v -62.631580 41.999752 13.785207
v -52.845989 34.474533 -20.044672
v -51.984264 12.047356 -38.820442
v -21.124985 38.293766 23.904779
v -51.055340 48.123554 -5.839807
v -29.949453 37.370804 25.408909
v -59.792896 17.777357 33.026012
v -62.411640 13.636903 34.755024
v -51.928684 45.515675 14.214365
v -56.548439 18.088379 -31.934505
v 38.289215 3.325679 49.595879
v -68.031792 44.011452 7.690597
v 44.186161 23.563286 1.683843
v -57.971508 48.837631 6.839893
v 72.267288 11.307345 6.526492
v -36.309032 39.032726 -19.508238
v -51.613350 50.141529 -0.863933
v 32.691742 28.363506 3.775330
v -75.724464 3.879490 -33.951374
v 35.175453 26.304520 11.017037
v -57.217979 48.751347 -2.230434
v 45.509083 21.714478 12.184558
v -27.142271 23.009289 -35.774975
v -23.840309 47.195930 9.318517
v -30.107122 33.554512 28.977707
v -69.787697 21.292334 25.451216
v -22.148422 10.085167 48.766853
v -37.351189 6.078754 -48.457088
v 71.312332 2.819907 34.957066
v -33.219913 46.020706 15.059416
v -64.013428 22.268620 27.916859
v 82.411552 3.433707 -23.030775
v -84.491867 4.116324 27.596846
v -16.248331 23.224806 -36.232471
v -63.213436 13.069605 -32.976639
v 49.936195 21.115522 -0.258636
v 48.244854 4.322376 -44.374710
v 45.561527 22.662889 6.604755
v -23.447227 46.708378 -6.155102
v -53.290783 0.031588 49.121819
v -81.159157 32.842358 3.359777
v 85.325447 4.579289 -14.266833
v -63.626614 20.057243 29.636108
v -55.976803 32.672760 24.138519
v -59.754047 39.511574 17.361408
v -77.252663 35.408222 -3.591981
v 60.126389 0.090177 46.408089
v -44.736195 9.130063 -43.815891
v -49.622028 50.039005 7.238801
v -95.678986 4.007157 -11.547270
v -20.616251 46.091362 -6.231195
v -73.976646 35.447266 12.142046
v -13.953956 10.437666 49.154182
v -22.452396 47.885494 1.988677
v -51.525730 20.977512 -31.591379
v 43.055149 0.089313 52.420952
v -6.198652 43.301819 2.464608
v -83.072029 29.493090 -0.982722
v -11.601525 10.072130 -48.558739
v 3.701156 38.990715 9.787896
v -65.303368 42.584808 -6.705979
v 63.387554 2.872237 39.868202
v -26.225910 40.834042 21.406143
v -55.020443 35.207409 22.588909
v 57.081409 17.798767 -4.620006
v -32.506592 29.267887 32.430653
v -91.238258 2.434071 -21.253271
v -56.313251 30.078320 -22.379229
v -50.250195 47.079967 12.643891
v -43.334637 4.970894 48.437531
v -16.698164 44.516399 -8.313676
v 24.494671 30.841915 10.410604
v -35.921024 22.269209 37.363098
v 10.045395 36.502781 -7.276989
v 18.680021 34.147232 -0.289933
v -27.994753 15.137693 -42.560890
v -66.325981 7.278717 -36.423965
v -52.567078 46.501278 -7.947194
v -25.358511 11.839233 -45.806786
v 56.553585 0.065830 -47.878971
v -36.739666 32.909851 -25.467760
v 29.103020 29.444082 7.700737
v -16.772499 19.912060 41.301643
v -40.773296 43.964012 -13.463666
v -71.438126 35.173164 14.384731
v -16.747458 18.977230 -40.221348
v 81.030930 2.210433 -28.229982
v 93.508415 2.135295 -8.877149
v 73.802605 10.831305 4.363808
v -21.897274 47.225250 7.393515
v -45.596611 24.019575 33.775154
v -59.624802 41.244164 -11.248128
v 54.262344 1.606078 -46.243069
v -39.064236 22.488235 -34.121429
v -58.572060 13.822541 -34.570408
v -70.460709 30.726976 -14.501616
v -29.833258 8.289186 49.027473
v -35.773155 36.680962 -21.991156
v -64.510429 30.653339 21.873627
v -14.704680 45.887089 1.859359
v -39.420380 16.315145 41.024044
v -26.829132 19.149506 -39.230560
v -36.282635 12.769633 -42.993435
v -63.918568 25.545265 -22.486946
v 52.090515 19.872686 -5.033212
v -27.892492 48.178169 -3.992842
v -97.993462 3.024367 6.474633
v -19.745359 32.179096 -27.245958
v 32.998539 3.253324 51.112900
v -24.301348 33.099255 29.580566
v -33.730137 16.207640 -40.621063
v -12.697341 2.027893 -55.672279
v -0.111318 41.053093 -2.065562
v 91.566620 1.075513 19.187452
v 52.825558 19.766228 4.247716
v -25.702562 38.307884 -20.603735
v -17.637709 35.616131 26.540907
v -64.974976 47.165886 3.149830
v -24.114429 22.458147 -36.583672
v -42.783062 1.660529 -50.916203
v -95.692245 7.958712 4.182192
v -19.622536 16.026201 -42.744911
v 88.965805 4.504170 -3.150605
v -59.219620 36.570950 -15.748102
v 89.779381 2.343527 -16.559309
v -42.039608 49.206120 -5.044998
v -73.821304 25.392017 20.037683
v -37.535583 5.695027 49.391705
v -16.713633 29.127619 33.150703
v -35.511124 43.248653 18.927929
v -45.550812 4.359647 -47.711189
v -65.967735 32.710983 -15.620400
v -41.625729 39.539360 22.357176
v 40.701008 24.068115 10.609341
v -62.076397 46.791897 -2.961451
v -74.932335 37.583805 -3.897413
v -62.357651 39.391769 -11.717191
v -96.957397 4.358631 -6.829397
v -71.936111 42.832180 3.020857
v -52.449787 9.775829 -40.586536
v -31.551037 4.735345 51.393227
v 84.315582 0.059004 -31.222761
v -17.219767 12.514877 -46.065495
v 22.058607 32.005886 -6.875675
v 54.241688 18.417755 -8.782727
v -42.568535 2.386644 50.631920
v -31.102249 -0.029467 -55.088104
v -7.352241 7.688746 -50.836697
v 89.792641 4.109323 4.222838
v -54.338741 44.503674 -9.845748
v -69.323410 36.584209 -10.155647
v -53.080406 33.852280 24.280817
v 81.842720 0.050426 33.360809
v -25.753986 22.567484 38.592525
v -12.957154 7.871987 -50.481731
v -59.882442 48.405293 -1.011626
v -67.957520 41.163673 -6.460215
v 79.064224 2.531121 29.404106
v -48.439400 31.439819 -24.055346
v -44.066978 22.731871 -32.608620
v -82.697693 30.223082 4.765476
v -44.567856 46.681805 14.059981
v -20.223654 34.309452 -24.931103
v -13.895298 20.013411 -39.314667
v -15.590001 27.531666 -31.940445
v 22.204140 31.866611 9.982289
v -30.931376 36.626411 -22.442957
v -66.683754 24.222641 -22.035572
v 28.480091 30.184612 1.478073
v -54.050991 19.566088 -31.766666
v 53.144844 19.344660 7.205284
v -45.641808 32.545208 -23.908907
v -28.000223 10.515853 -46.549530
v 0.964345 39.936050 9.851725
v -72.603424 2.105921 -37.805401
v 88.739326 3.020990 15.490395
v -95.305389 5.010819 11.928959
v 27.664412 4.887265 50.516418
v -20.068806 15.372239 44.835022
v -37.187534 30.337730 30.899654
v -31.439556 17.429523 -40.014172
v -47.071415 49.708340 -3.440499
v -54.577522 28.816868 27.448586
v -38.162804 -0.018615 -53.588150
v 81.973663 6.877280 9.429430
v -44.906937 36.566086 24.368805
v 68.784843 2.427716 -37.257080
v 72.009323 3.871121 -31.775997
v -30.751480 43.706310 -13.966466
v -29.899599 12.852337 45.561024
v 49.908291 6.182050 41.275623
v -19.636856 19.754742 41.318642
v -48.152622 20.159977 35.784687
v -79.400169 2.226808 33.468174
v -30.236332 23.137066 -35.253597
v -28.520500 35.470154 27.278500
v -73.161392 3.974139 -35.549820
v 13.958525 35.898048 -1.927619
v -66.409584 34.891144 -13.536613
v -31.026918 21.197090 39.019478
v -50.088623 8.783164 -42.327549
v -54.531593 49.635361 -1.144084
v -82.175453 27.561733 10.221851
v -84.832352 27.041235 -0.624202
v -35.079151 26.351677 -31.630730
v -27.984732 8.268825 -48.484741
v -29.151731 15.236176 43.873539
v -69.233650 29.125002 -16.621107
v -36.825787 8.327316 -46.648724
v -38.212029 42.612267 -15.300749
v 60.765476 16.166845 6.664457
v -68.037376 0.060180 42.594131
v 68.797005 13.042500 3.048162
v -43.987282 50.821690 0.460302
v 94.535576 2.199263 2.211437
v -79.595856 34.399548 4.927325
v -37.597267 20.614840 -36.046837
v -27.666967 29.506418 32.701218
v -70.534691 23.567379 23.439392
v -14.475740 11.272094 -47.349758
v -25.146299 17.027437 -41.305138
v -74.352226 39.729023 6.616392
v 78.365440 7.545500 -13.422837
v -53.982147 15.240136 -35.349510
v -11.820414 16.938490 -42.232197
v -62.146786 44.236446 11.707345
v -49.434181 13.353548 -38.654163
v -23.228912 39.236511 -19.290154
v -44.080803 38.892509 -18.462090
v -27.346762 9.851966 48.254230
v -28.019997 31.121077 -28.183590
v -23.647102 44.725487 -10.982846
v -91.545166 0.156900 -23.671085
v 75.165955 9.974112 -6.661712
v 8.379078 38.044659 -1.546821
v -18.246733 39.447773 -18.227505
v -35.796848 30.808619 -27.542206
v -62.706028 4.046720 41.921745
v -36.524284 20.256117 38.750710
v -59.306938 29.859892 -21.278770
v -78.449936 28.989071 13.438943
v -85.173416 23.794333 9.560900
v -35.395912 -0.013954 54.226078
v -97.330475 0.165357 14.075397
v -65.276611 13.687677 33.287395
v 18.840170 33.875515 -3.056706
v -21.259863 41.830883 -15.301560
v 29.766010 28.809711 -7.426649
v -76.267326 24.508762 18.856951
v -57.955982 2.019279 -45.376778
v -71.120056 24.191336 -19.384470
v -70.293594 16.853764 28.236757
v -47.505630 25.308765 32.294960
v -38.445339 31.970989 29.373104
v -54.632698 42.267471 -12.203048
v -45.475349 43.736343 17.591307
v 71.401436 4.052682 32.194359
v -46.947140 16.955015 -36.498905
v 9.786098 36.047157 12.565688
v -6.561127 5.775375 -52.592068
v -46.229198 50.488483 -0.997134
v -61.163475 1.808125 -44.175652
v 80.557213 7.954194 4.812581
v -68.491280 2.891124 39.912651
v -74.918411 0.070399 -38.508232
v -49.479095 13.153421 40.398876
v 40.866642 1.527858 -50.977692
v 33.175152 1.594678 53.017906
v 42.572308 0.061708 -52.529503
v -39.700619 2.342796 -51.132481
v -33.858662 17.060049 41.678585
vt 212.299424 115.155450
vt 212.194663 111.916456
vt 212.819994 105.253664
vt 210.455195 121.889631
vt 207.627314 120.957385
vt 207.054546 117.418493
vt 207.806391 107.743002
vt 209.784973 105.036185
vt 208.898501 101.785385
vt 209.047485 92.808036
vt 208.033152 127.879389
vt 205.045947 123.477198
vt 204.359834 119.999177
vt 203.739411 116.590773
vt 205.667527 110.582479
vt 206.029408 104.349117
vt 203.203817 101.706732
vt 206.107840 101.054709
vt 206.757017 95.634159
vt 205.462091 92.703206
vt 206.174172 86.828798
vt 203.913935 133.100957
vt 205.472206 126.893610
vt 200.932669 119.129124
vt 200.422107 115.689467
vt 200.135983 112.089203
vt 200.286879 108.343062
vt 204.540169 98.507428
vt 203.178552 95.672847
vt 200.293480 138.961315
vt 201.401251 135.891561
vt 200.653811 132.247037
vt 199.875429 128.735306
vt 199.124724 125.322159
vt 197.314733 118.246369
vt 197.467387 114.371603
vt 199.167911 105.468227
vt 199.903507 102.430079
vt 200.818241 98.880022
vt 199.836398 95.445749
vt 201.935528 92.601781
vt 200.448993 89.638876
vt 202.729449 86.947541
vt 201.546704 84.357378
vt 202.134039 81.237071
vt 197.829039 141.026027
vt 197.995678 134.570725
vt 196.575978 128.163329
vt 195.803123 124.908700
vt 194.975700 121.677786
vt 194.875874 112.859943
vt 193.513448 109.864216
vt 194.111242 98.266377
vt 196.384352 95.251142
vt 195.508013 92.458973
vt 196.577869 89.329298
vt 196.187715 85.716851
vt 198.935115 83.341506
vt 197.851016 137.710514
vt 194.745568 136.519678
vt 195.057091 133.647914
vt 193.995521 131.123204
vt 193.211080 127.954240
vt 192.418415 124.717467
vt 191.491552 121.470752
vt 194.368955 116.080599
vt 189.916918 111.223570
vt 190.592849 107.681107
vt 190.907678 104.040858
vt 190.998464 100.347231
vt 193.139715 94.670335
vt 192.960046 91.100755
vt 193.215559 87.778596
vt 193.250685 84.277941
vt 192.913134 80.834166
vt 195.575828 78.904812
vt 195.718756 73.368191
vt 192.393945 145.684445
vt 194.842490 139.872144
vt 191.798897 138.524417
vt 191.725158 134.660854
vt 190.682205 131.144201
vt 189.873773 127.807908
vt 189.054030 124.537873
vt 188.199195 121.242803
vt 187.017114 118.245522
vt 186.661562 112.314017
vt 187.242230 109.033723
vt 187.757137 105.740952
vt 188.171752 102.344961
vt 187.829842 98.851632
vt 190.461263 96.813029
vt 189.683214 89.564798
vt 190.450067 86.069410
vt 190.417910 82.643926
vt 192.370652 77.549381
vt 192.518826 74.273092
vt 193.229536 70.955491
vt 189.720577 148.045684
vt 189.370211 144.529515
vt 189.058966 140.981753
vt 188.707149 137.461907
vt 188.108832 134.137193
vt 187.298634 130.863144
vt 186.512633 127.623238
vt 185.685009 124.430596
vt 184.692648 121.362438
vt 183.424094 118.452904
vt 185.403364 115.546214
vt 183.863704 110.252755
vt 184.287177 107.105695
vt 185.062620 103.874334
vt 184.434198 98.233832
vt 186.672595 95.369937
vt 187.312482 92.130150
vt 185.851256 89.537779
vt 187.288470 86.820524
vt 188.183385 84.190211
vt 189.773864 79.324749
vt 189.207975 75.772024
vt 190.139245 72.114514
vt 190.568201 68.675308
vt 186.888516 150.193860
vt 186.532014 146.759150
vt 186.350819 143.391509
vt 185.976235 140.077790
vt 185.317966 136.959711
vt 184.628408 133.809779
vt 183.893716 130.636605
vt 183.122455 127.481150
vt 182.242933 124.380607
vt 181.177420 121.338583
vt 179.936084 118.276729
vt 181.013034 112.240037
vt 180.539384 108.531432
vt 181.770247 104.826869
vt 181.012305 98.496664
vt 182.575800 95.347468
vt 184.089082 92.484212
vt 182.457592 89.485495
vt 183.970741 86.598741
vt 185.351337 83.846694
vt 183.943887 80.720501
vt 186.475157 78.299391
vt 185.550552 75.234117
vt 187.471245 73.026058
vt 187.439852 69.876371
vt 187.714980 66.553981
vt 183.567137 142.426238
vt 182.593287 139.869610
vt 181.896608 136.751934
vt 181.213292 133.599193
vt 180.499672 130.462748
vt 179.715319 127.352367
vt 178.800359 124.260626
vt 177.722525 121.144165
vt 178.720927 115.035890
vt 176.710452 108.384440
vt 178.489864 105.262543
vt 179.705831 101.855837
vt 178.935493 95.539611
vt 180.181827 92.182101
vt 179.616175 88.918336
vt 180.804303 86.300102
vt 182.125214 83.395418
vt 180.176401 80.065097
vt 182.955020 77.595585
vt 182.356718 74.269686
vt 181.878571 70.875443
vt 184.236605 68.028518
vt 185.058009 64.412095
vt 181.123659 154.066746
vt 184.027136 152.207942
vt 180.750225 150.723806
vt 180.419313 147.180873
vt 180.317301 143.331909
vt 179.298178 139.811592
vt 178.540983 136.557085
vt 177.839980 133.408672
vt 177.120693 130.299337
vt 176.322323 127.201407
vt 175.395569 124.087043
vt 174.321513 120.915022
vt 175.267147 114.602111
vt 174.203201 111.278132
vt 173.217439 107.969117
vt 175.182265 105.179038
vt 174.297502 99.061180
vt 175.438182 95.886095
vt 176.462623 92.719679
vt 176.984858 89.561744
vt 177.587831 86.323152
vt 178.860231 83.374707
vt 179.639460 76.474419
vt 179.064767 70.321237
vt 180.556286 67.873545
vt 182.726424 62.089874
vt 178.140239 156.068332
vt 177.860908 152.760238
vt 177.549519 149.407580
vt 177.325021 145.935355
vt 176.758080 142.618801
vt 175.922056 139.435615
vt 175.178099 136.313186
vt 174.480365 133.221098
vt 173.759188 130.138110
vt 172.952435 127.050150
vt 172.017735 123.947087
vt 170.939345 120.840948
vt 171.490081 114.183418
vt 170.702221 110.343030
vt 169.931877 106.742628
vt 172.198335 104.948117
vt 173.119076 102.151346
vt 170.908060 99.329333
vt 172.022669 96.140475
vt 172.996611 92.992312
vt 173.757131 89.831243
vt 174.439199 86.590955
vt 175.378051 83.438201
vt 176.818344 80.957891
vt 176.439351 74.788885
vt 179.312725 73.179888
vt 176.424818 71.439330
vt 177.080710 68.212057
vt 178.374601 65.258272
vt 179.822643 62.123793
vt 175.471528 158.020475
vt 174.528843 151.631128
vt 174.486131 148.359473
vt 174.095705 145.157968
vt 173.293678 142.185987
vt 172.519698 139.166467
vt 171.817265 136.114224
vt 171.136388 133.055290
vt 170.413678 129.994433
vt 169.590481 126.933339
vt 168.622457 123.883809
vt 167.475357 120.888153
vt 166.130186 118.001842
vt 168.084431 112.489189
vt 167.131636 108.874615
vt 167.039601 105.093798
vt 167.589773 99.349911
vt 168.674582 96.289588
vt 169.635829 93.179262
vt 170.463008 90.045131
vt 171.222296 86.836142
vt 172.087924 83.514463
vt 173.318130 80.030148
vt 173.395167 76.264596
vt 173.544360 72.686684
vt 176.312778 62.702533
vt 177.932224 59.648918
vt 172.512152 159.569711
vt 171.329938 153.976299
vt 171.398583 150.400574
vt 171.715224 147.459139
vt 170.682394 144.986948
vt 169.874972 142.028916
vt 169.154953 138.996933
vt 168.484355 135.952520
vt 167.811398 132.911593
vt 167.076052 129.878062
vt 166.222662 126.855959
vt 165.207988 123.849446
vt 165.242538 114.936409
vt 164.216713 106.386810
vt 164.045709 99.522057
vt 165.336540 96.368239
vt 166.312294 93.303072
vt 167.153071 90.231018
vt 167.930264 87.116470
vt 168.729112 83.930269
vt 169.607742 80.678506
vt 170.212423 77.363581
vt 170.519317 73.878929
vt 170.906614 70.330210
vt 171.063421 66.484441
vt 172.754869 63.182553
vt 174.341610 60.080479
vt 175.721803 57.586194
vt 169.310131 161.026270
vt 169.996370 157.575695
vt 167.717649 155.449307
vt 168.383611 152.023875
vt 168.519931 148.294379
vt 167.363769 145.013331
vt 166.542479 141.903015
vt 165.840173 138.837261
vt 165.179021 135.800021
vt 164.498101 132.784051
vt 163.738493 129.786054
vt 162.851886 126.806662
vt 161.814586 123.852903
vt 163.992049 120.827628
vt 162.502515 117.607491
vt 161.228583 107.680171
vt 161.200754 104.527233
vt 161.159474 101.355203
vt 162.083549 96.220347
vt 163.007454 93.342593
vt 163.833713 90.367166
vt 164.603531 87.348756
vt 165.359982 84.288126
vt 166.126549 81.183744
vt 166.812749 78.028146
vt 167.327067 74.765744
vt 167.753150 71.426128
vt 168.407108 68.456436
vt 167.211469 65.647639
vt 169.263360 63.124708
vt 171.100958 60.249023
vt 172.610152 56.877883
vt 166.231094 162.544955
vt 166.850418 159.009193
vt 165.086438 153.458405
vt 165.799141 150.499686
vt 164.870546 147.871239
vt 163.993475 144.789618
vt 163.234978 141.699764
vt 162.550634 138.654258
vt 161.886892 135.646224
vt 161.187242 132.664233
vt 160.397272 129.700251
vt 159.474678 126.750525
vt 158.394906 123.822630
vt 159.309844 118.634148
vt 158.504278 109.372280
vt 158.365113 106.046612
vt 158.165968 99.450347
vt 158.763282 96.325290
vt 159.669921 93.424551
vt 160.495411 90.496474
vt 161.261343 87.538014
vt 161.999165 84.560260
vt 162.726029 81.560143
vt 163.421417 78.524827
vt 164.044693 75.414989
vt 164.598488 72.159689
vt 165.123517 68.552136
vt 165.616822 62.390735
vt 169.635730 57.755015
vt 169.632889 54.962760
vt 159.972116 161.727316
vt 163.573144 160.460678
vt 164.448579 156.917051
vt 162.085990 154.753442
vt 162.423651 151.069715
vt 161.479777 147.673267
vt 160.672593 144.519753
vt 159.948264 141.462133
vt 159.272365 138.459198
vt 158.599015 135.489441
vt 157.877096 132.537300
vt 157.059593 129.588843
vt 156.113623 126.624072
vt 155.017053 123.575213
vt 153.691555 120.215339
vt 155.755953 111.118314
vt 155.595632 104.294435
vt 155.021898 100.541688
vt 155.646547 97.019003
vt 156.381619 93.779408
vt 157.163372 90.727730
vt 157.916940 87.743084
vt 158.648624 84.786049
vt 159.363150 81.838948
vt 160.055935 78.886625
vt 160.714672 75.908113
vt 161.333909 72.885442
vt 161.908052 69.844274
vt 162.132626 67.049987
vt 163.733420 64.844668
vt 164.511344 59.090394
vt 164.011018 55.539905
vt 166.889020 56.778226
vt 163.011307 163.915882
vt 161.290892 158.288914
vt 159.322207 153.324157
vt 158.877373 150.289437
vt 158.112215 147.228292
vt 157.367834 144.201103
vt 156.671408 141.216541
vt 156.000201 138.262440
vt 155.315419 135.324187
vt 154.573709 132.387140
vt 153.739026 129.437338
vt 152.799951 126.469658
vt 151.820433 123.510377
vt 152.449590 109.454382
vt 151.459128 100.508421
vt 152.500856 97.535020
vt 153.198681 94.298646
vt 153.886865 91.110730
vt 154.594806 88.027455
vt 155.314667 85.022808
vt 156.030229 82.069085
vt 156.724464 79.143826
vt 157.391720 76.226330
vt 158.033276 73.295733
vt 158.649301 70.344994
vt 159.251113 67.367647
vt 160.305801 64.374841
vt 161.806669 61.331528
vt 161.623099 57.657918
vt 161.161917 54.100754
vt 159.973877 165.400791
vt 157.417663 163.867260
vt 157.976227 158.822304
vt 156.715331 155.859036
vt 156.112305 152.832634
vt 155.485655 149.846065
vt 154.781001 146.872657
vt 154.083130 143.919758
vt 153.407787 140.987412
vt 152.737866 138.065658
vt 152.041411 135.141829
vt 151.282899 132.202292
vt 150.426755 129.234163
vt 149.448102 126.254255
vt 148.584633 123.272124
vt 147.986827 119.932545
vt 147.254168 116.439176
vt 147.920571 112.996300
vt 150.371276 103.604603
vt 149.194659 97.933672
vt 150.007991 94.806062
vt 150.668933 91.599144
vt 151.315203 88.418565
vt 152.003916 85.321071
vt 152.724534 82.306082
vt 153.432405 79.353559
vt 154.108290 76.441776
vt 154.763440 73.543612
vt 155.417576 70.629234
vt 156.106249 67.671263
vt 156.970316 64.665885
vt 158.050777 61.692443
vt 158.768838 58.743507
vt 156.349344 55.748984
vt 158.007127 53.004113
vt 156.760543 166.743424
vt 156.066031 161.415647
vt 154.584540 158.591598
vt 153.588371 155.539106
vt 152.870332 152.497966
vt 152.189691 149.523006
vt 151.504287 146.588690
vt 150.829602 143.676152
vt 150.164459 140.771151
vt 149.490384 137.861537
vt 148.782614 134.936470
vt 148.016377 131.981559
vt 147.147226 128.963047
vt 145.993353 125.787321
vt 145.778545 122.329272
vt 145.762733 110.485749
vt 146.519105 107.279370
vt 148.207961 101.041723
vt 145.964501 98.431709
vt 146.790754 95.324612
vt 147.478588 92.153425
vt 148.087906 88.921318
vt 148.723061 85.712000
vt 149.435701 82.593208
vt 150.172807 79.569740
vt 150.869897 76.617487
vt 151.532830 73.713762
vt 152.199563 70.818277
vt 152.906328 67.893651
vt 153.707471 64.923293
vt 154.621255 61.925433
vt 155.505695 58.888669
vt 154.523400 52.317782
vt 153.508910 167.526787
vt 154.211885 164.313460
vt 152.478970 161.502552
vt 151.285783 158.358646
vt 150.385917 155.231002
vt 149.641984 152.202090
vt 148.947760 149.253589
vt 148.272279 146.347091
vt 147.608580 143.453519
vt 146.943115 140.554520
vt 146.256612 137.641202
vt 145.536977 134.712373
vt 144.781297 131.779961
vt 143.968362 128.911083
vt 142.911876 126.570472
vt 143.075034 123.985691
vt 141.849854 119.137127
vt 143.607514 116.402505
vt 142.623723 111.085366
vt 141.437813 106.388739
vt 143.835769 104.691677
vt 141.796916 101.650342
vt 143.583838 95.805297
vt 144.290928 92.730355
vt 144.907985 89.536471
vt 145.492381 86.249035
vt 146.152546 82.987710
vt 146.917621 79.834981
vt 147.668715 76.798218
vt 148.345361 73.854673
vt 149.010196 70.958076
vt 149.711234 68.056450
vt 150.481072 65.119980
vt 151.339047 62.138461
vt 152.261086 59.085076
vt 153.247431 55.856217
vt 151.592485 49.808007
vt 154.434007 48.726344
vt 150.595921 168.519559
vt 150.524086 164.831686
vt 149.103649 161.275575
vt 148.033436 158.009674
vt 147.178278 154.914253
vt 146.436519 151.932961
vt 145.745795 149.017447
vt 145.079115 146.127114
vt 144.417949 143.233215
vt 143.738977 140.320103
vt 143.026244 137.386325
vt 142.287422 134.439970
vt 141.531793 131.508274
vt 140.738368 128.622892
vt 140.240192 125.563082
vt 140.134162 122.281391
vt 140.265187 116.537138
vt 139.296403 111.434964
vt 140.427412 108.831795
vt 140.300086 104.081050
vt 138.553641 101.597792
vt 139.552704 98.985464
vt 140.366535 96.173936
vt 141.078986 93.239518
vt 141.728967 90.185085
vt 142.326426 86.957366
vt 142.898236 83.550464
vt 143.640835 80.226572
vt 144.489713 77.031389
vt 145.197529 73.994597
vt 145.857175 71.074824
vt 146.542303 68.183048
vt 147.283808 65.271829
vt 148.099830 62.324029
vt 148.997904 59.328773
vt 149.976740 56.255278
vt 151.003645 53.075161
vt 149.005542 46.705750
vt 147.953868 170.128117
vt 146.775882 163.977883
vt 145.724763 160.746343
vt 144.786651 157.629515
vt 143.980829 154.625444
vt 143.258548 151.696332
vt 142.580796 148.803307
vt 141.922011 145.912304
vt 141.253221 142.996986
vt 140.542438 140.045331
vt 139.794634 137.056351
vt 139.056312 134.026212
vt 138.353213 130.951565
vt 137.748292 127.800316
vt 137.317450 124.655595
vt 136.801233 121.788946
vt 137.167839 109.018180
vt 136.300097 99.289776
vt 137.149993 96.527753
vt 137.847007 93.664233
vt 138.506653 90.731918
vt 139.150147 87.688028
vt 139.784253 84.424455
vt 140.240811 80.717017
vt 141.366978 77.301759
vt 142.099138 74.148342
vt 142.742971 71.183029
vt 143.407904 68.289142
vt 144.121545 65.391989
vt 144.896887 62.465439
vt 145.747716 59.506206
vt 146.684126 56.519774
vt 147.689897 53.512149
vt 148.602373 50.390212
vt 146.494314 48.130172
vt 145.002581 170.274012
vt 144.226866 166.688548
vt 143.365426 163.439326
vt 142.427689 160.333809
vt 141.572366 157.326235
vt 140.811866 154.387586
vt 140.114884 151.488852
vt 139.453174 148.600136
vt 138.798528 145.689481
vt 138.108092 142.725941
vt 137.345862 139.694324
vt 136.579720 136.594536
vt 135.903793 133.406162
vt 135.299128 130.154193
vt 134.714640 126.927974
vt 134.094710 123.818458
vt 133.785096 120.813062
vt 134.183001 117.599285
vt 134.918929 114.548977
vt 135.241852 106.427387
vt 133.773369 103.620498
vt 134.037102 97.091304
vt 134.656123 94.132079
vt 135.276479 91.194362
vt 135.920552 88.240365
vt 136.588000 85.249380
vt 137.203851 82.215495
vt 137.300927 79.465350
vt 138.364057 77.158235
vt 139.056361 74.218249
vt 139.668112 71.273365
vt 140.309195 68.382413
vt 140.998451 65.493592
vt 141.738802 62.576125
vt 142.542773 59.623806
vt 143.427170 56.647286
vt 144.401137 53.679985
vt 145.447119 50.789945
vt 145.690865 45.209134
vt 139.067651 172.164698
vt 140.986961 166.113649
vt 140.088247 163.032477
vt 139.202508 160.038834
vt 138.402857 157.097438
vt 137.680658 154.190492
vt 137.008437 151.299895
vt 136.362519 148.399295
vt 135.709309 145.448585
vt 134.986590 142.399721
vt 134.137883 139.236384
vt 133.423333 135.976394
vt 132.868607 132.603518
vt 132.274041 129.312000
vt 131.597021 126.070747
vt 130.802262 122.703049
vt 132.428814 112.241603
vt 128.847639 107.996798
vt 128.447488 95.973614
vt 131.528321 94.761140
vt 132.104904 91.735913
vt 132.718048 88.696376
vt 133.371978 85.694658
vt 134.042090 82.740402
vt 134.586795 79.819325
vt 135.244230 76.942791
vt 135.989880 74.191635
vt 136.610683 71.339491
vt 137.241273 68.467632
vt 137.912916 65.585598
vt 138.625792 62.672827
vt 139.391707 59.718753
vt 140.232178 56.722464
vt 141.174785 53.694633
vt 142.252119 50.671502
vt 143.601204 47.742551
vt 138.660333 168.763659
vt 137.782675 165.714430
vt 136.870486 162.767862
vt 136.029305 159.836359
vt 135.275739 156.920122
vt 134.586955 154.018728
vt 133.938349 151.121252
vt 133.310769 148.200049
vt 132.669358 145.204220
vt 131.923705 142.065447
vt 130.831387 138.726404
vt 130.445559 135.079707
vt 129.871545 131.793516
vt 129.226801 128.661001
vt 128.459678 125.635361
vt 127.272179 122.958682
vt 128.769941 120.240990
vt 126.863347 115.667490
vt 126.223516 109.936195
vt 128.554115 104.940383
vt 127.734311 101.822081
vt 126.731981 98.733555
vt 129.022004 92.516539
vt 129.603898 89.267734
vt 130.217380 86.119258
vt 130.915445 83.062542
vt 131.612671 80.069248
vt 132.268711 77.121465
vt 132.927039 74.244786
vt 133.567422 71.409043
vt 134.201460 68.551168
vt 134.861395 65.673036
vt 135.552427 62.762677
vt 136.285223 59.809000
vt 137.084925 56.805704
vt 137.992040 53.747349
vt 139.061347 50.624391
vt 140.374356 47.433464
vt 142.309999 44.600209
vt 136.465156 170.889757
vt 133.540328 171.188836
vt 134.572788 165.517792
vt 133.686497 162.616551
vt 132.891572 159.694066
vt 132.181720 156.774486
vt 131.527641 153.861300
vt 130.903067 150.950487
vt 130.296463 148.025394
vt 129.682449 145.073192
vt 128.977278 142.168702
vt 127.946124 139.910458
vt 127.936457 137.221933
vt 127.436015 134.220586
vt 126.830830 131.239246
vt 126.125374 128.331876
vt 125.203606 125.557986
vt 124.009460 122.869040
vt 125.723865 120.455776
vt 124.041926 114.810719
vt 123.554221 111.837019
vt 126.016126 106.927253
vt 125.562953 103.881288
vt 123.908880 98.389136
vt 125.086299 95.977805
vt 125.998158 93.146885
vt 126.597435 89.951308
vt 127.124140 86.641950
vt 127.789858 83.444709
vt 128.592992 80.332700
vt 129.291045 77.311582
vt 129.929862 74.381479
vt 130.555336 71.502667
vt 131.189103 68.638644
vt 131.841438 65.760594
vt 132.516343 62.849956
vt 133.216489 59.893867
vt 133.965640 56.891161
vt 134.816627 53.842065
vt 135.835422 50.736860
vt 137.097985 47.521165
vt 138.598162 44.058925
vt 135.370259 173.547167
vt 130.375098 171.415222
vt 132.360208 168.377448
vt 131.383110 165.466415
vt 130.515805 162.519772
vt 129.762866 159.580510
vt 129.113891 156.640477
vt 128.506888 153.700992
vt 127.897578 150.781815
vt 127.293710 147.888883
vt 126.667392 145.047288
vt 125.927054 142.335880
vt 125.342854 139.516457
vt 124.942157 136.667587
vt 124.408609 133.808464
vt 123.781503 130.965321
vt 123.020976 128.167636
vt 122.073150 125.393890
vt 120.973803 122.551174
vt 122.778567 120.066790
vt 121.845880 117.099077
vt 121.180140 113.996960
vt 120.455630 110.678985
vt 118.668923 105.266829
vt 122.662752 102.782535
vt 121.346447 99.682319
vt 121.914199 96.465715
vt 122.824585 93.577758
vt 123.582227 90.617490
vt 124.183300 87.424606
vt 124.555685 83.848664
vt 125.613966 80.585528
vt 126.341454 77.490169
vt 126.970328 74.514862
vt 127.581317 71.608756
vt 128.204438 68.730547
vt 128.848798 65.850664
vt 129.516590 62.946083
vt 130.184398 59.976116
vt 130.842324 56.945699
vt 131.604352 53.927829
vt 132.560404 50.860711
vt 133.698323 47.786060
vt 135.024063 44.772392
vt 136.003569 42.077115
vt 132.010144 174.203336
vt 129.175345 168.421917
vt 128.174442 165.389608
vt 127.293662 162.399897
vt 126.619552 159.449661
vt 126.102393 156.461040
vt 125.533202 153.496701
vt 124.906718 150.609219
vt 124.294051 147.753108
vt 123.661907 144.935473
vt 123.040281 142.105430
vt 122.503090 139.248347
vt 121.989013 136.412905
vt 121.421303 133.595897
vt 120.775012 130.796536
vt 120.010007 128.004736
vt 119.110787 125.174013
vt 118.078714 122.226671
vt 119.843515 119.576545
vt 118.989920 116.503713
vt 118.345938 113.380220
vt 117.456366 110.735449
vt 118.024731 108.211565
vt 119.769058 102.377930
vt 118.055579 99.884230
vt 118.976846 97.031841
vt 119.723995 94.063209
vt 120.500949 91.158839
vt 121.185067 88.225354
vt 121.711392 85.263902
vt 121.726135 82.601411
vt 122.738917 80.396278
vt 123.436704 77.540125
vt 124.043362 74.614622
vt 124.635692 71.708221
vt 125.245053 68.821865
vt 125.877986 65.938763
vt 126.538439 63.047629
vt 127.248917 60.141977
vt 127.630356 57.041815
vt 128.171374 54.064418
vt 129.227235 50.982289
vt 130.319867 47.846978
vt 131.578800 44.768338
vt 133.013520 41.851451
vt 128.689310 174.578119
vt 127.123744 171.517997
vt 125.935560 168.303933
vt 124.865408 165.189128
vt 123.921839 162.167193
vt 123.522714 159.202233
vt 123.217412 156.131868
vt 122.558855 153.287466
vt 121.927193 150.440368
vt 121.319932 147.586220
vt 120.723597 144.736931
vt 120.151416 141.888649
vt 119.605459 139.049333
vt 119.059551 136.229952
vt 118.479727 133.429468
vt 117.835332 130.642579
vt 117.103243 127.855816
vt 116.278033 125.062924
vt 115.353386 122.326398
vt 116.771730 119.081896
vt 115.437296 112.498469
vt 114.927903 109.075056
vt 115.069937 100.287479
vt 115.945544 97.384097
vt 116.710115 94.476796
vt 117.443002 91.565960
vt 118.158025 88.680492
vt 118.764107 85.807156
vt 119.185423 82.956097
vt 119.764872 80.156281
vt 120.501789 77.477989
vt 121.123059 74.664438
vt 121.709487 71.792150
vt 122.307468 68.908159
vt 122.927191 66.019035
vt 123.571672 63.127979
vt 124.234438 60.262153
vt 125.024013 57.662762
vt 124.398781 54.570322
vt 125.689969 51.286402
vt 126.924453 48.002255
vt 128.195718 44.690206
vt 129.763819 41.518678
vt 125.210689 174.777686
vt 123.838447 171.212438
vt 122.583172 167.991170
vt 121.411573 164.845640
vt 120.303075 161.605866
vt 121.049352 158.515559
vt 120.261023 155.962552
vt 119.582099 153.154853
vt 118.973701 150.281513
vt 118.386539 147.405831
vt 117.813771 144.542170
vt 117.256526 141.693542
vt 116.710012 138.863389
vt 116.159043 136.054585
vt 115.581193 133.266129
vt 114.953135 130.495298
vt 114.255206 127.745210
vt 113.468702 125.047259
vt 112.566194 122.446135
vt 114.204649 120.164477
vt 110.095886 113.729257
vt 112.725993 111.613643
vt 111.864549 108.726191
vt 113.163967 106.147265
vt 113.002189 97.833873
vt 113.726397 94.883445
vt 114.425030 91.928811
vt 115.159356 89.005172
vt 115.851669 86.101606
vt 116.421007 83.214242
vt 116.963643 80.337422
vt 117.579692 77.513462
vt 118.204303 74.713073
vt 118.795962 71.867694
vt 119.388922 68.990047
vt 119.997776 66.092926
vt 120.624459 63.182214
vt 121.288754 60.259155
vt 122.212665 57.253121
vt 122.047109 51.447056
vt 123.461019 48.314053
vt 124.802256 44.994085
vt 126.257288 41.301762
vt 122.538867 176.405021
vt 121.653307 173.749046
vt 120.366442 170.761063
vt 119.115830 167.717385
vt 117.890426 164.679371
vt 118.316174 158.921753
vt 117.320065 155.983149
vt 116.646756 153.045575
vt 116.056364 150.124610
vt 115.486294 147.227573
vt 114.927639 144.353238
vt 114.379012 141.502800
vt 113.836395 138.677146
vt 113.289429 135.876125
vt 112.721523 133.098922
vt 112.112655 130.346364
vt 111.442773 127.622821
vt 110.698308 124.923434
vt 109.938201 122.169830
vt 109.213150 119.342062
vt 108.911865 108.709337
vt 110.112090 98.381673
vt 110.826098 95.448087
vt 111.448211 92.373166
vt 112.160832 89.346083
vt 112.958728 86.354045
vt 113.605539 83.411943
vt 114.169118 80.515299
vt 114.730835 77.650341
vt 115.312957 74.804185
vt 115.899366 71.951588
vt 116.488526 69.072389
vt 117.089202 66.166461
vt 117.704385 63.234361
vt 118.348302 60.275868
vt 119.119498 57.281599
vt 120.466656 54.347682
vt 119.880664 48.429397
vt 121.241451 45.384374
vt 122.624775 42.329518
vt 123.574865 39.581628
vt 119.549101 176.308692
vt 118.155431 173.573023
vt 116.864976 170.635787
vt 115.597640 167.667412
vt 116.514293 161.817576
vt 115.211567 158.897439
vt 114.370583 155.893104
vt 113.741343 152.908504
vt 113.172627 149.960840
vt 112.618370 147.045773
vt 112.069924 144.162349
vt 111.527720 141.310271
vt 110.990922 138.487645
vt 110.452477 135.692185
vt 109.898685 132.922453
vt 109.312470 130.176852
vt 108.680554 127.447327
vt 108.011561 124.708828
vt 107.322560 121.954683
vt 106.574635 119.239500
vt 108.365130 116.534807
vt 106.948739 113.960860
vt 107.742967 111.356407
vt 106.024911 108.887556
vt 107.426945 106.383416
vt 107.210354 98.994873
vt 107.959864 96.151747
vt 108.626209 93.137915
vt 109.072247 89.742211
vt 110.120709 86.595308
vt 110.809745 83.585026
vt 111.374910 80.663506
vt 111.912799 77.784852
vt 112.461745 74.919476
vt 113.027404 72.048791
vt 113.606631 69.159444
vt 114.198232 66.243527
vt 114.803100 63.296831
vt 115.431211 60.313298
vt 116.135084 57.291749
vt 117.085726 54.259465
vt 118.433007 51.348118
vt 117.680667 45.363664
vt 119.064727 42.422006
vt 120.539504 39.638655
vt 116.109165 176.511547
vt 114.704821 173.671037
vt 113.367172 170.705214
vt 114.324729 164.740421
vt 113.110463 161.811779
vt 112.142460 158.802695
vt 111.443223 155.763953
vt 110.868168 152.753302
vt 110.325855 149.782218
vt 109.784808 146.852362
vt 109.242085 143.964217
vt 108.704521 141.113574
vt 108.175444 138.293976
vt 107.649343 135.501128
vt 107.114258 132.732804
vt 106.557242 129.984774
vt 105.971013 127.248157
vt 105.351714 124.520156
vt 104.678456 121.821949
vt 103.899594 119.196485
vt 104.534341 114.431012
vt 104.589948 111.651864
vt 103.189835 108.714745
vt 104.620221 106.130129
vt 106.041277 104.145533
vt 104.330825 99.722603
vt 105.093094 96.829131
vt 105.787830 93.991879
vt 106.356162 91.160259
vt 106.429030 88.610300
vt 107.406981 86.451125
vt 108.063967 83.657050
vt 108.605013 80.781917
vt 109.116364 77.907480
vt 109.637114 75.035754
vt 110.178624 72.154443
vt 110.741283 69.254142
vt 111.321003 66.327575
vt 111.914462 63.368926
vt 112.526078 60.371701
vt 113.185101 57.330216
vt 113.976978 54.260059
vt 115.029936 51.228887
vt 116.316461 48.287197
vt 115.575186 42.211869
vt 117.055591 39.363403
vt 112.749223 176.844167
vt 111.241757 173.846903
vt 112.089469 167.746286
vt 110.903433 164.775371
vt 109.905709 161.751382
vt 109.145852 158.676755
vt 108.557908 155.603284
vt 108.037936 152.564912
vt 107.520462 149.574534
vt 106.984100 146.640120
vt 106.440463 143.757778
vt 105.907604 140.913086
vt 105.390074 138.095011
vt 104.880648 135.301058
vt 104.368280 132.530936
vt 103.842165 129.782682
vt 103.291375 127.055092
vt 102.698378 124.353662
vt 102.033795 121.688178
vt 101.273783 119.044596
vt 100.462892 116.354276
vt 102.260015 113.854809
vt 101.424747 111.173588
vt 100.400393 108.420346
vt 101.569222 100.209468
vt 102.295687 97.340566
vt 102.980699 94.529630
vt 103.587796 91.761371
vt 104.042265 89.020579
vt 104.626116 86.301297
vt 105.313351 83.666904
vt 105.857071 80.885736
vt 106.345122 78.035549
vt 106.834150 75.162863
vt 107.345929 72.274083
vt 107.886574 69.364911
vt 108.451828 66.428234
vt 109.033174 63.458002
vt 109.629060 60.449622
vt 110.255196 57.396651
vt 110.957883 54.299758
vt 111.819796 51.195641
vt 112.900258 48.146447
vt 114.173576 45.165968
vt 113.669173 38.956584
vt 109.292057 177.062007
vt 109.877465 170.827653
vt 108.649491 167.803250
vt 107.613956 164.738107
vt 106.812350 161.621503
vt 106.210567 158.487250
vt 105.724240 155.378717
vt 105.261525 152.317487
vt 104.755057 149.325991
vt 104.205229 146.411865
vt 103.657480 143.548565
vt 103.135356 140.707434
vt 102.634744 137.885472
vt 102.145607 135.087196
vt 101.657308 132.315941
vt 101.158525 129.573288
vt 100.634497 126.860987
vt 100.064450 124.180960
vt 99.426412 121.528701
vt 98.712137 118.889877
vt 97.895140 116.285267
vt 99.566140 113.652420
vt 98.360310 110.989447
vt 97.845956 108.003213
vt 99.310759 105.590538
vt 98.784653 100.388509
vt 99.537371 97.658814
vt 100.229923 94.891940
vt 100.886887 92.122381
vt 101.462329 89.357596
vt 102.018987 86.582380
vt 102.605256 83.820482
vt 103.143525 81.046144
vt 103.609090 78.209579
vt 104.057710 75.332753
vt 104.526172 72.432927
vt 105.034161 69.513678
vt 105.582275 66.567385
vt 106.153078 63.584138
vt 106.733327 60.562121
vt 107.333141 57.501226
vt 107.983444 54.392311
vt 108.728985 51.235766
vt 109.633188 48.080828
vt 110.758153 44.986861
vt 112.111283 41.950749
vt 105.765676 177.204184
vt 107.750196 173.989866
vt 106.397659 170.884194
vt 105.266932 167.757516
vt 104.406169 164.580239
vt 103.790083 161.366219
vt 103.332000 158.173047
vt 102.960079 155.046232
vt 102.548833 151.989938
vt 102.007069 149.050701
vt 101.428784 146.193480
vt 100.891577 143.336596
vt 100.388688 140.484617
vt 99.909174 137.652212
vt 99.442571 134.848427
vt 98.978201 132.078539
vt 98.504062 129.345855
vt 98.004881 126.652303
vt 97.461615 123.998373
vt 96.854452 121.386390
vt 96.157625 118.835505
vt 95.313000 116.399774
vt 95.281508 111.849303
vt 95.261646 107.688092
vt 96.682558 105.469526
vt 96.090268 100.645680
vt 96.788091 97.913013
vt 97.473919 95.170054
vt 98.214906 92.401433
vt 98.844680 89.631587
vt 99.425712 86.878814
vt 99.989207 84.118916
vt 100.498838 81.323267
vt 100.929841 78.480950
vt 101.321803 75.596078
vt 101.724963 72.677446
vt 102.176501 69.740041
vt 102.699096 66.782621
vt 103.267761 63.785096
vt 103.836509 60.739878
vt 104.404334 57.664440
vt 105.014735 54.559368
vt 105.703531 51.393741
vt 106.477903 48.146568
vt 107.416745 44.913795
vt 108.659050 41.765860
vt 110.209920 38.688537
vt 104.223722 174.028343
vt 102.905229 170.804089
vt 101.905462 167.550258
vt 101.266883 164.221351
vt 100.840266 160.875211
vt 100.512557 157.644207
vt 100.303300 154.568296
vt 99.868594 151.621490
vt 99.224739 148.848563
vt 98.663067 145.985513
vt 98.148795 143.094101
vt 97.668064 140.219437
vt 97.212604 137.374633
vt 96.770849 134.566940
vt 96.330657 131.802494
vt 95.879928 129.086194
vt 95.404779 126.421042
vt 94.885663 123.810997
vt 94.295391 121.271468
vt 93.602717 118.839261
vt 92.779563 116.573629
vt 94.131686 114.158895
vt 93.729613 109.898125
vt 92.754993 107.698433
vt 94.151244 105.516389
vt 93.462223 101.110786
vt 94.612496 95.440145
vt 95.584046 92.606494
vt 96.242406 89.837087
vt 96.819379 87.116658
vt 97.400394 84.433410
vt 97.937791 81.702325
vt 98.332381 78.882918
vt 98.643433 76.011128
vt 98.962655 73.080331
vt 99.317937 70.103934
vt 99.778969 67.123127
vt 100.363474 64.114409
vt 100.948793 61.033632
vt 101.472236 57.919623
vt 102.017232 54.810441
vt 102.667607 51.685638
vt 103.422623 48.455450
vt 104.156627 45.024674
vt 105.172541 41.714709
vt 106.708091 38.522160
vt 102.191315 177.237478
vt 100.660327 173.921577
vt 99.334618 170.535926
vt 98.577909 167.086821
vt 98.265286 163.475134
vt 97.962406 159.999770
vt 97.718861 156.734259
vt 97.891490 153.966543
vt 97.040222 151.621943
vt 96.460913 148.684111
vt 95.926230 145.709778
vt 95.427114 142.776703
vt 94.971325 139.882532
vt 94.545557 137.028124
vt 94.132172 134.220665
vt 93.715540 131.468785
vt 93.285420 128.780214
vt 92.832307 126.156661
vt 92.331872 123.599537
vt 91.746442 121.123541
vt 91.054260 118.746404
vt 91.871555 114.575624
vt 91.143774 109.699009
vt 90.311772 107.228927
vt 91.594932 99.212328
vt 92.094280 96.707543
vt 92.153295 94.435273
vt 93.057427 92.471209
vt 93.678775 89.915322
vt 94.217077 87.258659
vt 94.770526 84.630981
vt 95.405991 82.096433
vt 95.845058 79.415973
vt 96.032781 76.630506
vt 96.259770 73.723696
vt 96.506769 70.717944
vt 96.807974 67.643361
vt 97.387346 64.621596
vt 98.093479 61.497842
vt 98.575488 58.326785
vt 98.997561 55.167819
vt 99.543979 52.064322
vt 100.318663 48.970367
vt 101.173022 45.679875
vt 101.529977 41.848715
vt 103.178119 38.469856
vt 98.602510 177.167273
vt 97.069753 173.698951
vt 95.557236 170.024192
vt 95.580706 165.948728
vt 95.425084 162.213450
vt 95.167575 158.615203
vt 95.105653 154.902617
vt 94.344598 151.490499
vt 93.756146 148.311776
vt 93.195917 145.303385
vt 92.717493 142.354711
vt 92.299295 139.445857
vt 91.913095 136.586878
vt 91.531144 133.786068
vt 91.131427 131.058663
vt 90.716533 128.414628
vt 90.291467 125.841530
vt 89.814198 123.324274
vt 89.234012 120.871008
vt 88.574075 118.453588
vt 89.328694 111.572169
vt 87.989003 106.606667
vt 89.902821 104.482562
vt 89.137175 99.806843
vt 89.498177 97.402295
vt 89.944556 94.939357
vt 90.485040 92.434532
vt 91.116173 89.981236
vt 91.629974 87.382478
vt 92.129945 84.720049
vt 92.717380 82.112280
vt 93.571144 80.015986
vt 93.455347 77.564537
vt 93.640627 74.670591
vt 93.770167 71.671986
vt 93.943407 68.586540
vt 94.139701 65.260400
vt 95.314791 62.119788
vt 95.767210 58.935083
vt 96.044367 55.745823
vt 96.334254 52.525884
vt 97.018992 49.467524
vt 96.010695 43.742625
vt 97.773047 40.947482
vt 99.647056 38.257721
vt 95.015577 177.112378
vt 93.512664 173.821323
vt 91.774433 171.053694
vt 92.633180 167.736553
vt 92.795342 164.223974
vt 92.339472 157.214793
vt 92.098770 154.022959
vt 91.666513 150.770051
vt 90.984646 147.762392
vt 90.449449 144.779018
vt 90.024680 141.798804
vt 89.659020 138.882117
vt 89.328834 136.026769
vt 88.973002 133.241365
vt 88.566458 130.558970
vt 88.167487 127.982599
vt 87.806610 125.458663
vt 87.358859 122.960439
vt 86.769593 120.524486
vt 86.176517 118.080089
vt 85.577609 115.543225
vt 84.733091 112.904562
vt 86.153115 108.419669
vt 85.477482 106.020783
vt 86.146351 102.274144
vt 86.802763 98.132842
vt 87.556102 95.526072
vt 88.112147 92.912032
vt 88.617998 90.295173
vt 89.081250 87.657170
vt 89.526011 84.946252
vt 90.082450 82.156249
vt 90.968399 79.209788
vt 91.175435 75.999557
vt 91.149415 72.905229
vt 91.103029 69.973710
vt 91.251991 66.907541
vt 92.858576 62.467904
vt 93.205895 56.668213
vt 93.305579 53.433492
vt 94.876307 46.786364
vt 94.185256 40.952520
vt 95.945374 38.043437
vt 91.334649 177.133205
vt 90.154150 162.567365
vt 89.893584 159.247615
vt 89.736525 152.905198
vt 88.818942 150.183269
vt 88.153829 147.195821
vt 87.733453 144.079199
vt 87.068177 138.173037
vt 86.826247 135.326723
vt 85.983750 129.975306
vt 85.643299 127.478708
vt 85.444436 124.996311
vt 84.925121 122.544733
vt 84.315611 120.209863
vt 83.843742 117.722409
vt 83.277675 115.359716
vt 82.513531 111.492906
vt 84.375073 110.108957
vt 83.712240 107.517355
vt 82.917723 104.850494
vt 85.047540 104.020785
vt 85.038989 100.200364
vt 83.991722 98.177351
vt 85.138135 95.971599
vt 85.798921 93.468293
vt 86.610079 88.180745
vt 86.946352 85.431627
vt 87.370233 82.637327
vt 88.009063 79.820898
vt 88.132470 71.604165
vt 88.326099 65.393775
vt 90.500510 60.995460
vt 90.471596 57.985849
vt 90.419876 54.914357
vt 89.838847 48.470606
vt 92.723324 43.948900
vt 90.646834 41.289719
vt 89.718736 174.171162
vt 88.457969 171.668789
vt 87.223805 163.873702
vt 87.819326 161.177654
vt 86.842504 158.634276
vt 85.631242 155.891424
vt 85.805794 149.772954
vt 85.455917 146.283776
vt 85.041936 143.128772
vt 84.663918 140.130856
vt 84.593138 137.308910
vt 84.436539 134.472536
vt 83.876971 131.849350
vt 83.201617 126.826169
vt 83.402183 124.433758
vt 82.297527 122.435995
vt 82.005120 119.680291
vt 81.495330 117.254329
vt 80.489342 112.820767
vt 80.297492 110.666921
vt 81.306629 106.775051
vt 82.583041 100.301784
vt 82.655574 96.241515
vt 81.621289 92.392309
vt 83.931610 91.547221
vt 82.091178 87.244304
vt 84.463926 86.193184
vt 83.894111 75.239267
vt 84.883379 72.279639
vt 85.697938 69.420133
vt 86.184530 66.764396
vt 87.181500 50.516191
vt 89.199151 44.708180
vt 85.704652 173.690004
vt 83.504929 167.859981
vt 84.105348 164.561042
vt 83.106630 150.766350
vt 83.113778 148.091300
vt 82.345229 142.029146
vt 82.638127 136.192418
vt 81.969141 133.769818
vt 81.252679 131.165424
vt 79.890092 123.730865
vt 80.136138 121.235651
vt 79.667991 118.864590
vt 78.650785 114.241271
vt 78.299090 111.957543
vt 78.281456 110.035526
vt 77.346055 108.374294
vt 78.848554 106.461718
vt 78.863037 102.390236
vt 80.098251 100.322570
vt 78.818349 98.172298
vt 81.411223 94.485682
vt 79.282953 93.734790
vt 79.733090 91.060811
vt 82.193218 84.431271
vt 82.195501 81.300846
vt 83.082481 78.220756
vt 81.903577 72.977691
vt 85.692696 61.300041
vt 84.674944 55.721513
vt 84.095733 49.460758
vt 83.884137 46.684133
vt 85.583100 44.269947
vt 87.174190 41.485908
vt 88.668892 38.412550
vt 81.845261 174.235831
vt 81.689062 161.847212
vt 78.565205 160.612110
vt 80.599537 158.360569
vt 79.302884 155.220695
vt 80.661890 150.000128
vt 79.037004 138.265190
vt 79.467388 133.347140
vt 78.596165 130.805576
vt 76.519206 126.414269
vt 77.541760 124.287080
vt 78.355914 122.375477
vt 77.855771 120.371426
vt 74.871265 117.358115
vt 76.463531 113.188094
vt 75.031243 108.224968
vt 76.490182 106.372195
vt 77.621311 100.252520
vt 76.153529 97.989462
vt 77.801566 95.961263
vt 77.630141 89.870046
vt 79.488309 80.898416
vt 80.348319 78.643005
vt 81.066323 75.862783
vt 81.464198 51.441063
vt 81.051003 47.903468
vt 82.118422 44.509239
vt 83.563700 41.578019
vt 85.051653 38.649846
vt 78.225534 175.102252
vt 79.417432 171.954366
vt 78.635595 163.604547
vt 77.549611 157.632803
vt 76.094748 154.937785
vt 78.033829 152.064737
vt 76.077778 149.427749
vt 77.390196 143.022833
vt 77.926054 135.543341
vt 74.876610 128.429291
vt 75.259580 124.259436
vt 73.908876 122.143387
vt 75.563807 119.915686
vt 74.787569 114.658823
vt 74.238575 112.227629
vt 76.081064 110.587791
vt 72.573080 107.636571
vt 74.178881 105.996786
vt 73.740332 101.521851
vt 73.799385 99.050541
vt 76.632234 93.809264
vt 75.648517 91.624704
vt 77.535306 87.370180
vt 77.330041 84.715070
vt 78.208109 76.533650
vt 78.925307 66.109693
vt 81.736841 54.768325
vt 78.617699 50.357013
vt 79.998029 41.976211
vt 81.373409 38.994143
vt 74.959235 175.639052
vt 75.969923 172.528972
vt 72.547697 155.297709
vt 74.713198 152.385467
vt 74.429414 147.093175
vt 75.041442 139.387739
vt 72.639791 130.227395
vt 72.621007 127.419849
vt 73.046528 124.765654
vt 73.258869 115.769817
vt 71.779960 111.601723
vt 71.826362 105.286349
vt 71.367732 102.732839
vt 73.768125 96.644295
vt 73.148440 88.316326
vt 74.615307 64.226681
vt 76.184798 55.324978
vt 76.429548 42.671618
vt 77.681815 39.557199
vt 71.685922 175.577604
vt 72.708266 172.971912
vt 73.471449 169.822727
vt 71.739851 152.368923
vt 71.561576 147.459574
vt 70.079237 145.004901
vt 71.968627 142.651401
vt 70.199815 135.403253
vt 69.685062 130.866133
vt 70.407205 128.323587
vt 70.847275 125.674099
vt 69.928709 121.471493
vt 71.130131 119.382574
vt 70.197004 117.378647
vt 71.299111 115.455528
vt 70.316311 113.320851
vt 69.154970 111.210561
vt 69.987587 107.035111
vt 69.449785 104.567960
vt 70.202326 100.442027
vt 71.517229 92.707646
vt 71.812185 84.239313
vt 72.560183 81.610265
vt 70.641828 77.162353
vt 73.533207 72.494171
vt 72.044431 69.647775
vt 73.443695 59.659960
vt 73.406180 56.749945
vt 73.147252 53.688894
vt 73.191268 50.664788
vt 73.240977 47.317151
vt 74.047061 40.434235
vt 69.281093 173.530008
vt 70.064680 168.202005
vt 70.039896 164.928690
vt 70.403071 161.677916
vt 67.186199 145.164070
vt 68.784591 142.602819
vt 67.266379 140.120912
vt 67.930811 128.902002
vt 68.600583 126.334785
vt 69.170122 123.777141
vt 68.019577 113.357862
vt 67.130347 109.772973
vt 67.775753 107.877293
vt 67.543650 106.083059
vt 68.147207 100.321361
vt 69.941519 96.535666
vt 68.452548 89.994870
vt 68.861863 87.840371
vt 69.260495 85.169548
vt 68.357670 81.085579
vt 69.106708 70.011588
vt 70.245242 67.144531
vt 68.273885 59.653109
vt 70.351193 55.211609
vt 70.490685 46.426736
vt 68.907222 43.913475
vt 63.619792 171.537695
vt 67.111435 170.354989
vt 67.154514 166.567707
vt 67.469015 163.042304
vt 65.862141 142.624510
vt 65.561848 129.125304
vt 66.177124 116.577419
vt 65.643929 114.094230
vt 64.925604 110.209915
vt 65.520266 105.481482
vt 64.863234 103.308944
vt 66.776287 98.791929
vt 65.885754 95.123603
vt 67.443065 93.783561
vt 66.344396 88.914442
vt 66.165959 80.596794
vt 65.746379 77.917094
vt 67.807864 73.023121
vt 65.183510 68.446498
vt 67.978213 62.177658
vt 67.171927 54.152068
vt 67.701251 46.446902
vt 66.329642 41.957756
vt 70.192707 41.155464
vt 61.313336 165.713428
vt 62.025662 162.317322
vt 63.381083 150.466374
vt 64.339203 145.197840
vt 63.014263 142.633996
vt 63.648955 135.496248
vt 63.873632 127.149498
vt 64.497158 125.031860
vt 62.971869 123.347955
vt 63.440214 119.644504
vt 63.259786 114.125152
vt 63.520940 108.686248
vt 62.385237 107.001014
vt 63.779501 101.298323
vt 63.754931 95.088852
vt 65.164861 93.183936
vt 63.755028 88.813577
vt 64.289206 82.453493
vt 63.624036 79.915805
vt 64.648679 72.757480
vt 63.610990 70.326733
vt 65.206419 63.202325
vt 64.580455 56.515128
vt 65.336343 44.992252
vt 60.728153 172.306342
vt 60.899523 169.076947
vt 58.858738 163.322892
vt 59.650488 160.140335
vt 60.361264 157.497110
vt 60.495705 149.835088
vt 61.510392 144.985746
vt 60.874647 135.912359
vt 61.687189 133.636091
vt 60.877674 129.502422
vt 60.099689 120.641482
vt 61.447644 119.013214
vt 61.030456 114.639902
vt 62.588664 110.618599
vt 61.368819 108.900862
vt 61.576552 105.135306
vt 61.516870 101.385466
vt 60.852530 97.488945
vt 61.240891 94.993853
vt 61.390826 88.412698
vt 60.352602 86.212143
vt 61.605456 81.860445
vt 60.938281 79.389600
vt 62.506582 74.821940
vt 59.741337 74.313916
vt 60.964351 69.689612
vt 62.454360 61.950483
vt 59.776424 49.421185
vt 62.446290 47.000876
vt 55.805196 163.712256
vt 56.538042 160.468326
vt 59.402272 154.969709
vt 57.611453 149.120877
vt 59.629681 147.123490
vt 59.035479 133.870198
vt 58.563309 129.488260
vt 59.805571 127.248195
vt 58.771882 124.904475
vt 58.661600 122.320695
vt 59.568125 113.210816
vt 60.176503 110.853209
vt 59.287429 108.657713
vt 59.706284 105.169059
vt 60.142821 99.655680
vt 59.006379 96.090399
vt 58.785034 93.798904
vt 58.986731 88.383484
vt 57.582393 86.014199
vt 58.891226 81.393289
vt 58.160017 78.994308
vt 57.701780 76.351223
vt 59.032960 71.691428
vt 59.975493 64.060986
vt 57.234105 63.259856
vt 57.235452 51.801665
vt 59.228577 46.235239
vt 54.941614 169.671057
vt 54.171053 166.508417
vt 52.980883 163.735987
vt 53.467540 160.894646
vt 53.143539 150.572153
vt 54.877656 148.148312
vt 54.152974 141.723388
vt 56.241799 140.560720
vt 55.224168 136.297995
vt 56.318630 133.994540
vt 57.425442 127.275251
vt 56.683579 123.281955
vt 57.004289 121.317226
vt 57.547281 117.635896
vt 57.465509 113.774746
vt 58.246572 109.919543
vt 56.943487 108.183038
vt 56.765297 104.017999
vt 55.956284 100.843101
vt 56.829531 95.257235
vt 56.515177 92.976744
vt 56.075621 90.887942
vt 55.860912 81.229293
vt 55.585913 78.368731
vt 57.090552 73.685331
vt 56.374304 71.029940
vt 55.097879 65.462622
vt 55.847253 57.301693
vt 52.537538 47.270403
vt 51.605301 168.685006
vt 50.383721 162.085891
vt 50.678853 158.893238
vt 50.863054 149.763000
vt 52.223566 147.503736
vt 53.890323 144.846515
vt 52.108177 139.717513
vt 54.434496 138.782792
vt 54.816885 131.802740
vt 53.537826 125.620082
vt 55.103893 121.478812
vt 54.283753 119.541379
vt 55.467420 117.548682
vt 55.249658 113.880974
vt 54.074045 112.096458
vt 56.555739 110.197524
vt 54.981477 104.795172
vt 55.339138 102.659195
vt 54.595408 94.459930
vt 54.290780 92.087661
vt 52.230271 90.849039
vt 54.893572 86.991322
vt 53.466651 77.299487
vt 53.707642 70.402094
vt 53.594563 59.640567
vt 51.423884 53.653669
vt 48.356691 167.354423
vt 47.879734 163.929594
vt 47.794595 156.911258
vt 48.227585 153.704488
vt 48.530067 150.603301
vt 50.585475 145.132571
vt 49.510828 140.519708
vt 50.295600 138.196963
vt 50.825929 133.972954
vt 52.112661 131.661516
vt 50.791941 129.066292
vt 52.535390 119.376467
vt 52.137874 111.659759
vt 53.326233 110.043822
vt 53.464687 103.288865
vt 51.957667 101.829220
vt 52.756542 96.000875
vt 52.417977 88.153738
vt 50.651274 83.931043
vt 51.073264 77.238777
vt 49.825062 74.633180
vt 51.028866 69.817397
vt 47.900335 53.219466
vt 49.009096 47.662369
vt 43.073122 160.702501
vt 44.364404 157.668471
vt 45.179323 154.512959
vt 45.794571 151.372916
vt 46.453697 148.314617
vt 47.414399 145.532335
vt 46.726645 140.797085
vt 48.007257 133.787554
vt 49.458982 131.536533
vt 48.886261 127.005710
vt 49.565206 124.541407
vt 50.225499 122.163675
vt 50.727355 120.009743
vt 50.397130 116.303429
vt 50.822579 113.061058
vt 52.824282 107.829852
vt 50.446750 100.210464
vt 50.577891 95.009883
vt 50.183055 92.255558
vt 47.976939 84.789314
vt 47.011393 79.378657
vt 46.950582 74.148915
vt 48.327089 69.110034
vt 45.607502 61.742012
vt 44.530634 53.231803
vt 42.117293 163.896739
vt 40.716000 158.174960
vt 41.862838 155.047437
vt 42.787409 151.993046
vt 43.578686 148.929410
vt 44.320140 145.937005
vt 43.893970 140.955512
vt 45.197690 133.648813
vt 46.677232 131.545516
vt 48.088452 129.356872
vt 47.163955 125.179893
vt 47.968572 122.855682
vt 49.447095 118.246503
vt 49.423157 114.562093
vt 49.563563 106.377500
vt 49.269139 104.485723
vt 48.732676 100.895225
vt 48.794093 98.850472
vt 47.743133 90.927569
vt 44.995231 91.001376
vt 46.252493 86.543321
vt 46.205443 82.151633
vt 44.444728 79.727055
vt 44.129549 73.334485
vt 43.551925 70.199896
vt 42.650265 67.279417
vt 44.259410 64.744370
vt 43.094532 62.208272
vt 43.553102 59.181651
vt 42.464714 56.170013
vt 41.452879 53.662769
vt 46.255975 49.926751
vt 39.252428 161.688316
vt 38.376163 155.315447
vt 39.517323 152.343468
vt 40.598863 149.486295
vt 42.001073 143.403702
vt 41.171376 140.313553
vt 40.828407 137.371366
vt 43.719715 131.059273
vt 44.583279 125.718888
vt 46.459132 121.524937
vt 45.843336 119.695936
vt 46.729380 116.368051
vt 47.249768 114.470907
vt 47.865198 110.919555
vt 47.783741 109.154515
vt 46.748052 107.729133
vt 47.770982 106.043243
vt 44.437862 94.827899
vt 44.023259 92.869860
vt 43.176852 89.194299
vt 43.936390 86.848460
vt 43.557248 82.422538
vt 42.150570 80.537840
vt 42.152427 78.045283
vt 41.825941 75.220010
vt 41.186835 72.193112
vt 39.621519 67.216293
vt 41.397485 64.545326
vt 40.658588 61.491030
vt 40.015704 58.550948
vt 39.065962 55.650065
vt 34.716148 155.500026
vt 36.095106 152.430659
vt 37.330343 149.489262
vt 38.658026 147.205170
vt 38.993108 141.822778
vt 38.618226 138.854863
vt 38.252221 136.040426
vt 40.945145 131.963349
vt 41.409600 129.215861
vt 41.831628 126.214533
vt 45.159355 115.429798
vt 45.181925 113.465267
vt 45.607915 111.431849
vt 44.116049 110.003950
vt 45.674057 106.085300
vt 44.425635 100.623845
vt 40.699043 89.841803
vt 41.360161 87.236686
vt 40.806673 82.677494
vt 39.833657 80.092421
vt 39.369807 77.190424
vt 38.811865 74.069834
vt 38.197024 70.527837
vt 36.741991 67.176150
vt 38.545084 64.214001
vt 37.638144 61.061326
vt 36.575669 57.920141
vt 35.814455 54.737466
vt 32.631522 152.522014
vt 34.129154 149.289856
vt 35.651947 146.073945
vt 36.144817 142.761847
vt 36.671426 140.191033
vt 39.320916 127.658849
vt 39.402322 124.886398
vt 39.431885 121.852908
vt 42.739200 108.318859
vt 43.533551 106.272747
vt 43.302976 102.486107
vt 42.114016 100.460339
vt 41.132631 98.171434
vt 40.391429 95.628109
vt 39.901390 92.745165
vt 38.634992 90.430409
vt 39.505896 85.166145
vt 38.079012 82.740731
vt 37.233794 79.720566
vt 36.587487 76.541754
vt 35.903565 73.260250
vt 34.928945 70.021079
vt 33.667543 66.773955
vt 32.667644 63.556560
vt 34.598476 60.595300
vt 33.649451 158.601821
vt 32.226671 146.148768
vt 33.230921 143.004388
vt 34.123647 139.852554
vt 35.626769 134.626553
vt 36.096400 131.663492
vt 36.785950 128.920783
vt 37.341109 123.660703
vt 38.403302 119.306340
vt 39.705173 117.193758
vt 40.689990 114.903701
vt 42.076691 110.475754
vt 40.647327 108.661443
vt 41.339820 106.499232
vt 40.946242 102.457129
vt 39.806931 100.223492
vt 38.860037 97.718564
vt 38.085192 95.023070
vt 37.255651 92.330901
vt 36.594238 89.272456
vt 36.515938 85.841112
vt 35.408781 82.569120
vt 34.550309 79.309788
vt 33.778564 76.060004
vt 32.911183 72.843989
vt 31.814958 69.627762
vt 31.962531 60.468529
vt 32.979856 57.234171
vt 27.475533 154.720924
vt 27.596073 149.190366
vt 29.014430 146.127322
vt 30.184500 142.995292
vt 31.327109 139.719296
vt 32.803819 136.335220
vt 33.341830 132.716242
vt 34.070639 129.629670
vt 35.018281 127.358148
vt 35.328878 122.855709
vt 36.896861 121.194974
vt 37.396242 117.015630
vt 38.722313 115.307062
vt 38.914929 113.117173
vt 38.545608 109.084525
vt 37.321255 104.800392
vt 38.555508 102.421660
vt 37.470563 99.949550
vt 36.513307 97.313025
vt 35.636525 94.559834
vt 34.835907 91.601961
vt 34.247748 88.411064
vt 33.573299 85.290621
vt 32.651216 82.124710
vt 31.776171 78.918398
vt 30.897019 75.738454
vt 29.925864 72.624896
vt 28.829820 69.638074
vt 29.814176 62.568012
vt 25.896640 146.057453
vt 27.054217 143.038353
vt 28.281554 139.892495
vt 29.578698 136.658300
vt 30.609313 133.381023
vt 31.468081 129.989030
vt 32.578106 126.698467
vt 33.134030 123.480188
vt 34.327864 120.906663
vt 35.086373 116.485543
vt 36.804298 114.624424
vt 36.369522 112.329599
vt 36.963382 107.502924
vt 35.457271 106.242526
vt 36.151549 102.209546
vt 35.062286 99.642697
vt 34.082683 96.949914
vt 33.184590 94.087384
vt 32.376146 91.061888
vt 31.606084 87.977245
vt 30.757781 84.891025
vt 29.841405 81.763450
vt 28.913525 78.618099
vt 27.936089 75.509409
vt 26.868987 72.492793
vt 25.715901 69.601873
vt 27.544966 67.258197
vt 22.213365 149.792493
vt 23.851512 143.193482
vt 25.103099 140.061979
vt 26.496789 136.892099
vt 27.718704 133.676345
vt 28.774379 130.405221
vt 29.806227 127.145595
vt 30.743589 123.993949
vt 31.795990 120.974561
vt 33.322487 118.549985
vt 34.519399 113.910429
vt 34.706486 108.467547
vt 34.708161 104.247389
vt 33.611988 101.934393
vt 32.571454 99.391788
vt 31.604422 96.637222
vt 30.683694 93.721674
vt 29.788688 90.711945
vt 28.880147 87.664200
vt 27.936229 84.591016
vt 26.967154 81.483309
vt 25.960834 78.361361
vt 24.878699 75.260775
vt 23.724990 72.186432
vt 22.626740 69.043309
vt 21.761956 65.825195
vt 24.318577 63.502673
vt 22.801061 146.407628
vt 21.726459 140.230632
vt 23.457465 137.016433
vt 24.818820 133.849721
vt 26.007064 130.662321
vt 27.107499 127.459934
vt 28.162823 124.291266
vt 29.256812 121.172242
vt 30.559613 118.132279
vt 30.746403 115.335879
vt 31.234831 111.020608
vt 32.416301 108.839777
vt 32.123360 104.268383
vt 31.042537 101.887045
vt 30.058919 99.224028
vt 29.084379 96.387785
vt 28.101233 93.451279
vt 27.099062 90.451714
vt 26.072681 87.419988
vt 25.043762 84.351103
vt 24.008353 81.230633
vt 22.910717 78.074105
vt 21.722723 74.901627
vt 20.564055 136.696170
vt 21.943557 133.832644
vt 23.210138 130.794676
vt 24.384891 127.681274
vt 25.498447 124.555181
vt 26.593434 121.473055
vt 27.698872 118.518712
vt 29.686518 113.110024
vt 30.077278 108.877072
vt 29.467494 104.531825
vt 27.538639 99.054743
vt 26.500539 96.190146
vt 25.431823 93.245978
vt 24.295990 90.247017
vt 23.142126 87.227344
vt 22.052479 84.132251
vt 20.958960 80.942290
vt 19.757038 77.710791
vt 19.422031 68.413171
vt 17.523412 144.600532
vt 18.502061 141.537044
vt 19.024187 138.852633
vt 19.011517 133.661910
vt 20.366752 130.816397
vt 21.620472 127.828260
vt 22.789894 124.771157
vt 23.897171 121.708328
vt 24.968211 118.708399
vt 25.997018 115.807782
vt 27.117133 113.014314
vt 28.519265 110.556784
vt 27.861701 107.465120
vt 26.862924 104.625632
vt 26.038997 101.688574
vt 24.947438 98.922885
vt 23.846607 96.070480
vt 22.685916 93.100458
vt 21.319109 90.101776
vt 20.056948 87.079937
vt 18.981311 83.845045
vt 17.815087 80.570185
vt 16.485630 77.267183
vt 18.457359 74.439123
vt 15.288680 142.003406
vt 15.989192 133.560183
vt 17.446152 130.792473
vt 18.793771 127.922119
vt 20.036164 124.961279
vt 21.182848 121.939062
vt 22.247141 118.906745
vt 23.295277 115.916244
vt 24.453427 112.969104
vt 24.563960 107.084863
vt 24.631571 104.096402
vt 23.436767 101.670499
vt 22.275843 98.939855
vt 21.161375 96.044722
vt 19.917078 93.037685
vt 17.976064 90.154219
vt 16.921248 86.722572
vt 15.829984 83.419160
vt 13.104111 76.792552
vt 17.187525 71.130843
vt 13.234150 139.223793
vt 14.521838 136.342956
vt 14.444014 130.772026
vt 15.893961 127.978253
vt 17.214676 125.118389
vt 18.436090 122.200809
vt 19.520685 119.187787
vt 20.499099 116.150323
vt 21.602060 113.157220
vt 22.957832 110.151617
vt 21.224373 107.548059
vt 22.278238 104.672221
vt 20.745387 101.895076
vt 19.552430 99.005132
vt 18.489538 96.079465
vt 17.491296 93.367949
vt 13.670974 86.150248
vt 12.611376 82.918430
vt 11.337306 79.659898
vt 15.075960 73.944044
vt 11.421804 136.334978
vt 11.356152 130.698922
vt 12.936368 127.989394
vt 15.596941 122.410781
vt 16.816145 119.588855
vt 17.667987 116.530333
vt 18.542266 113.545174
vt 19.851317 110.516573
vt 18.020975 107.843408
vt 17.856865 101.930425
vt 16.749590 98.826133
vt 15.744385 95.733138
vt 15.159729 92.437036
vt 14.607144 89.303033
vt 9.748153 133.394794
vt 9.911692 127.885391
vt 11.431046 125.229522
vt 12.661062 122.483192
vt 13.967757 119.769932
vt 15.259470 117.263485
vt 15.132897 114.242913
vt 14.975797 108.387324
vt 16.006397 104.922471
vt 14.921298 101.484343
vt 13.875175 98.267911
vt 12.963550 95.034888
vt 12.146377 91.817895
vt 11.191128 88.706415
vt 10.401010 85.640406
vt 8.188186 130.382820
vt 6.799961 127.189854
vt 9.572320 122.629552
vt 11.020384 119.756080
vt 12.708527 116.879508
vt 13.392610 111.397085
vt 11.738810 108.776055
vt 13.298629 106.320372
vt 12.789961 103.701818
vt 11.871301 100.712869
vt 10.926093 97.595178
vt 8.897203 91.286589
vt 7.629998 84.953745
vt 6.255287 123.506874
vt 9.562706 116.955449
vt 11.514234 114.131770
vt 10.430228 105.970793
vt 9.586282 103.072593
vt 8.854713 100.087114
vt 7.825260 97.085694
vt 9.963827 94.459854
vt 7.463825 88.039801
vt 4.818652 120.121968
vt 6.351573 117.055353
vt 7.955893 114.138806
vt 6.474715 111.253282
vt 6.377491 102.397053
vt 4.298840 97.116721
vt 4.152370 93.918035
vt 5.653847 91.087301
vt 3.566398 117.291136
vt 3.219375 110.751797
vt 3.451429 100.844398
vt 210.549619 118.430006
vt 208.494522 124.622628
vt 195.185135 143.220144
vt 66.072299 173.936730
vt 24.785817 148.802662
vt 29.689312 58.962104
vt 55.744339 45.263967
vt 157.403725 49.892489
vt 163.549308 52.050610
vt 200.882547 78.249843
vt 198.108811 76.445822
vt 204.512316 83.903974
vt 207.669591 89.791851
vt 211.317933 99.072221
vt 210.296552 95.882085
vt 212.078583 102.287785
vt 80.417860 176.970432
vt 62.846684 92.952442
vt 66.169688 134.445795
vt 64.784787 84.846087
vt 58.269762 91.104036
vt 56.036081 125.345165
vt 55.500106 99.013040
vt 58.667982 103.469678
vt 71.395007 137.657131
vt 51.911740 123.868564
vt 65.275458 97.023928
vt 57.436532 131.744476
vt 54.382782 115.671152
vt 62.918380 117.609919
vt 58.066223 136.102369
vt 62.678824 103.224905
vt 53.221604 82.679734
vt 63.089039 77.349434
vt 62.556651 147.601428
vt 133.953795 109.143986
vt 71.097694 64.177963
vt 78.160416 166.679580
vt 79.743699 108.506478
vt 143.564669 108.111630
vt 71.371514 132.852289
vt 72.939387 78.705646
vt 50.109712 89.497605
vt 65.265262 66.021627
vt 56.845991 143.092817
vt 110.297098 110.901833
vt 71.059510 109.386417
vt 77.387507 146.191713
vt 123.359419 108.870814
vt 48.719809 81.927951
vt 69.950564 51.978328
vt 73.909253 137.397436
vt 65.999606 151.389621
vt 75.924314 159.694200
vt 76.774159 71.670052
vt 62.109506 58.855887
vt 163.917772 109.121976
vt 48.387964 93.824436
vt 75.766813 45.738457
vt 197.170356 110.703163
vt 66.900709 118.991106
vt 81.200636 152.901992
vt 66.254339 101.340128
vt 126.538921 112.854450
vt 59.579868 61.070580
vt 62.407284 155.827340
vt 82.032597 58.087610
vt 71.232067 158.516740
vt 5.274114 108.006469
vt 71.548008 98.089547
vt 45.667527 129.549239
vt 76.472226 137.597826
vt 130.803321 102.768498
vt 65.044718 160.912381
vt 82.449655 155.748187
vt 145.002628 101.532646
vt 74.438827 126.289903
vt 80.241210 104.542101
vt 89.295054 168.841706
vt 56.409647 154.645162
vt 52.419147 64.833349
vt 48.536436 143.002255
vt 85.030483 161.502347
vt 77.615625 128.559778
vt 79.765046 83.221335
vt 81.288529 64.189731
vt 73.959005 93.787411
vt 75.667195 104.509327
vt 166.544736 101.948464
vt 135.655603 101.723182
vt 77.799865 92.044217
vt 182.844063 101.404540
vt 49.200443 56.290071
vt 193.889788 102.107578
vt 114.136663 103.227917
vt 50.165913 50.473010
vt 79.728411 141.087195
vt 108.565429 103.830210
vt 79.121020 116.565104
vt 43.677450 116.721889
vt 72.411518 117.518975
vt 50.994954 155.707509
vt 156.412352 117.819532
vt 137.145417 116.759658
vt 46.908089 64.451836
vt 150.628034 118.127203
vt 76.838552 115.719524
vt 111.117808 116.787545
vt 90.296346 116.423811
vt 62.020562 121.252714
vt 60.676686 123.120783
vt 47.096486 160.331240
vt 61.867081 127.643139
vt 3.606377 104.577026
vt 50.859295 165.463595
vt 62.978504 97.170082
vt 58.957447 98.129432
vt 60.567689 92.415567
vt 29.194555 152.325384
vt 67.089114 83.321572
vt 64.284617 133.014954
vt 65.346194 122.803965
vt 48.353814 120.380725
vt 54.994830 96.765892
vt 57.401394 83.369646
vt 64.433229 140.139757
vt 65.615085 148.065013
vt 201.704173 122.585360
vt 80.588917 128.394866
vt 197.422481 131.320431
vt 59.884732 138.203832
vt 70.667394 58.170624
vt 60.348350 76.885276
vt 75.369899 167.605335
vt 67.969925 64.973099
vt 65.290366 59.882714
vt 144.862763 113.610191
vt 79.128956 56.952772
vt 64.309262 115.995715
vt 73.522600 109.958550
vt 54.880682 108.857192
vt 74.833694 141.705669
vt 69.077906 109.060081
vt 193.675149 105.918299
vt 62.652579 64.940398
vt 63.888459 53.383869
vt 161.526822 110.858896
vt 86.639471 166.876724
vt 58.342120 68.988208
vt 67.065900 154.396061
vt 131.779456 106.230026
vt 82.853940 171.182954
vt 138.179072 114.079780
vt 59.013555 58.025785
vt 52.979153 79.760456
vt 75.466554 77.498085
vt 72.758902 43.791713
vt 202.660838 110.279041
vt 74.050929 132.747001
vt 80.385747 146.964536
vt 78.954786 44.985555
vt 71.805204 95.339744
vt 172.802993 156.696608
vt 77.197172 82.078423
vt 68.010498 159.658025
vt 73.353775 90.958710
vt 79.849084 70.842697
vt 62.662182 159.019472
vt 138.504703 106.473859
vt 68.936721 119.410051
vt 84.418212 52.593758
vt 50.683180 107.888569
vt 8.479157 108.519947
vt 45.244633 138.401324
vt 48.160891 76.895093
vt 42.019996 121.404837
vt 169.659253 102.769358
vt 147.245656 104.180492
vt 153.132496 102.928811
vt 54.162796 157.464443
vt 69.266397 115.268688
vt 84.970667 64.037150
vt 196.635980 103.944214
vt 111.337080 103.541621
vt 116.925746 102.792889
vt 103.570990 102.904617
vt 131.501116 119.097288
vt 49.713022 64.348447
vt 92.567720 103.556311
vt 87.305799 104.339782
vt 97.843659 103.016256
vt 143.160605 121.369072
vt 131.309551 97.528464
vt 45.795676 56.185954
vt 45.779958 88.838150
vt 153.476150 116.549680
vt 87.932716 59.619655
vt 113.224634 114.604039
vt 173.859601 69.101100
vt 52.561054 75.005760
vt 123.338336 105.841159
vt 72.021428 121.179336
vt 58.472517 152.105812
vt 136.171958 119.249679
vt 43.332428 98.596267
vt 46.213026 71.078849
vt 106.441573 101.725347
vt 66.819160 91.467590
vt 69.058093 98.390689
vt 64.553250 130.951822
vt 73.231346 85.854973
vt 62.254454 90.680704
vt 58.916776 115.659270
vt 59.947254 131.651643
vt 62.782158 137.940089
vt 66.947883 124.378245
vt 66.959876 86.154596
vt 58.038076 105.140487
vt 68.700420 133.364966
vt 70.648995 71.945389
vt 57.105179 138.349993
vt 64.595953 99.223086
vt 65.362813 75.259076
vt 62.468858 115.800998
vt 58.889917 144.750376
vt 58.089716 111.743439
vt 68.782459 152.096846
vt 206.400162 113.928779
vt 176.467178 102.066986
vt 75.828698 162.219371
vt 66.508660 111.832076
vt 76.198749 66.546441
vt 75.968638 74.539069
vt 68.988706 156.700598
vt 156.187296 114.519204
vt 47.863744 138.316225
vt 169.714467 117.823480
vt 51.500934 103.974343
vt 67.392943 115.224665
vt 83.872094 176.827039
vt 129.156731 111.103321
vt 87.526164 176.972433
vt 46.943296 97.856103
vt 68.468705 49.041283
vt 68.765334 102.319655
vt 44.317351 121.416577
vt 196.648004 107.469025
vt 49.835674 79.408787
vt 2.512013 107.655044
vt 56.639037 60.291313
vt 49.312175 147.696176
vt 49.494547 109.492657
vt 53.081166 67.667425
vt 53.744485 50.976074
vt 41.142474 123.628941
vt 61.439198 55.713881
vt 48.554657 61.697594
vt 142.769074 98.788405
vt 43.031000 114.543041
vt 81.908534 138.850303
vt 45.636784 102.448310
vt 76.295103 122.191879
vt 39.996253 110.897273
vt 54.375075 89.557180
vt 53.484840 117.595727
vt 65.468212 120.483517
vt 61.402221 152.751836
vt 129.492756 114.015157
vt 48.791157 96.463671
vt 50.096913 111.246143
vt 136.998971 104.046423
vt 86.768076 47.300465
vt 50.939618 152.532858
vt 64.121797 112.242236
vt 53.946445 100.852339
vt 76.157614 102.409509
vt 188.752274 114.883162
vt 16.668219 111.016406
vt 48.129074 66.571803
vt 113.962363 117.558478
vt 77.269956 118.108627
vt 81.344115 125.432790
vt 86.682362 74.599410
vt 58.238093 119.870755
vt 40.822100 119.339951
vt 45.587889 123.458841
vt 86.738935 110.973556
vt 43.793629 128.173070
vt 49.335059 136.076192
vt 62.849380 86.551795
vt 61.703695 125.443137
vt 62.929259 67.704977
vt 62.363018 131.424482
vt 57.338355 102.030763
vt 66.822798 131.548163
vt 65.791305 137.461077
vt 62.349126 99.367510
vt 72.586316 145.219664
vt 54.970525 110.651688
vt 72.710196 135.139696
vt 209.493750 114.627669
vt 68.074519 75.974951
vt 61.534085 140.345523
vt 25.341789 151.995655
vt 68.244444 78.674220
vt 174.791583 65.820012
vt 30.372244 66.267470
vt 73.221961 75.704711
vt 73.184689 66.847047
vt 176.590175 78.129256
vt 45.307178 117.665575
vt 76.050807 61.465874
vt 70.379204 149.858452
vt 72.904555 163.482498
vt 92.187925 112.182790
vt 96.858680 113.820184
vt 51.171795 126.289193
vt 150.665466 112.017375
vt 162.083404 114.043238
vt 65.488062 157.229096
vt 71.066873 49.171397
vt 78.103968 47.586835
vt 55.710087 68.300323
vt 48.458368 116.324207
vt 75.036676 80.494280
vt 152.815567 105.973774
vt 141.525269 113.845285
vt 91.888656 105.667452
vt 89.804877 113.956389
vt 204.170476 107.551003
vt 51.538920 142.566538
vt 72.088102 100.405413
vt 78.939107 73.714937
vt 79.981116 144.080687
vt 82.878529 61.248557
vt 83.535751 66.913123
vt 75.386049 89.103427
vt 64.988110 87.071277
vt 73.736811 103.691961
vt 75.529016 100.239833
vt 88.543090 102.269752
vt 197.129135 100.539083
vt 44.530755 104.333111
vt 129.407111 117.093909
vt 129.690978 99.523835
vt 44.786183 107.995770
vt 69.195602 92.045835
vt 20.512169 71.681508
vt 41.391513 112.715088
vt 203.025635 129.578582
vt 64.505326 164.453650
vt 54.287390 123.498438
vt 56.571061 115.672552
vt 52.741281 127.657398
vt 20.721830 143.809673
vt 14.568835 80.113232
vt 198.623826 80.059728
vt 187.313023 81.388055
vt 149.756803 106.769677
vt 45.293439 165.820892
vt 199.278244 86.689243
vt 7.201159 105.433025
vt 51.125410 81.527976
vt 87.653595 56.674178
vt 153.257656 113.091298
vt 167.748634 60.034937
vt 176.518790 117.925519
vt 68.159053 117.199231
vt 8.683392 125.234075
vt 63.051377 50.284441
vt 30.853265 149.289754
vt 85.990925 170.093237
vt 47.402779 118.209290
vt 46.474812 136.010601
vt 82.737919 145.075147
vt 47.136430 58.968698
vt 77.133175 169.674576
vt 12.903288 133.532866
vt 54.857713 54.240197
vt 90.898058 101.775980
vt 42.656966 96.359365
vt 19.305272 104.856207
vt 39.102500 106.789767
vt 198.337369 121.870476
vt 60.222798 90.224900
vt 74.847132 144.300141
vt 35.956883 160.961881
vt 72.603967 113.733278
vt 80.409160 168.835261
vt 40.729820 134.726526
vt 46.803345 100.361510
vt 177.668158 98.815673
vt 52.970206 113.809847
vt 14.327954 125.205794
vt 164.793764 111.762789
vt 160.647381 120.970562
vt 55.692735 151.436313
vt 211.758866 108.343477
vt 17.547205 136.306360
vt 57.575438 157.545374
vt 87.319812 113.464857
vt 80.161710 96.171618
vt 46.949121 112.605172
vt 116.159246 115.645130
vt 44.961892 76.627708
vt 84.234550 88.937952
vt 85.867837 77.569258
vt 48.699631 107.777429
vt 52.304387 136.646227
vt 32.236576 113.323243
vt 45.108023 162.861075
vt 70.149309 140.193915
vt 89.092816 155.934977
vt 42.825632 133.476727
vt 28.510273 101.873675
vt 67.555444 121.646827
vt 79.800662 85.871444
vt 51.268061 114.683081
vt 60.382640 66.936799
vt 55.198093 75.617036
vt 44.884153 96.957035
vt 48.100270 87.931571
vt 60.608263 52.586773
vt 43.231139 123.691712
vt 95.192179 103.180248
vt 82.787788 70.029940
vt 46.824806 104.307475
vt 88.621794 77.010872
vt 52.159556 99.765959
vt 160.526084 50.789860
vt 25.867681 110.090262
vt 87.939950 115.976868
vt 74.669474 83.557340
vt 173.085816 117.636836
vt 94.180791 98.458128
vt 190.758057 117.795255
vt 55.286609 84.292352
vt 197.632594 97.747803
vt 157.152831 120.925387
vt 92.680028 160.681874
vt 109.342214 101.169900
vt 100.600158 102.963458
vt 56.275793 119.494901
vt 51.249354 106.015550
vt 51.474976 117.891289
vt 56.736300 88.730727
vt 51.540254 61.990441
vt 83.329979 129.298750
vt 60.617409 103.296477
vt 75.698018 130.647367
vt 45.402732 143.308928
vt 41.402940 146.503856
vt 59.501122 118.176191
vt 48.952459 71.919827
vt 147.499485 167.234888
vt 48.753791 112.779609
vt 148.883710 109.762571
vt 56.107153 112.132807
vt 182.003174 115.546244
vt 70.873454 89.866704
vt 60.470974 107.005177
vt 135.909210 111.728230
vt 24.819779 66.551614
vt 138.866240 119.328933
vt 56.611089 106.085229
vt 150.663923 121.001797
vt 77.887361 68.817362
vt 80.896539 115.034042
vt 75.310393 135.165279
vt 38.344180 133.254685
vt 81.129239 165.489278
vt 65.437247 48.183931
vt 183.621760 148.754943
vt 73.423268 119.547467
vt 43.488029 136.014798
vt 195.933517 82.230213
vt 16.263517 139.092072
vt 88.530966 68.419648
vt 40.954157 69.505404
vt 155.538884 107.774143
vt 159.134373 55.893222
vt 150.497217 115.002032
vt 81.404283 102.504294
vt 36.337265 109.940959
vt 198.502299 92.373940
vt 42.921974 138.577292
vt 53.544153 129.616801
vt 52.701168 121.502132
vt 39.865231 104.569111
vt 58.201565 54.951364
vt 61.743107 112.565045
vt 6.836916 94.175155
vt 83.754746 102.372679
vt 41.876662 116.957294
vt 89.851080 165.762227
vt 82.052509 109.143054
vt 54.434412 73.029862
vt 96.199376 109.743986
vt 33.301745 106.452081
vt 93.409366 49.926298
vt 105.647419 116.687651
vt 49.980460 102.440301
vt 175.015660 154.749546
vt 78.974598 126.259724
vt 54.978475 127.506950
vt 164.035733 103.119749
vt 72.778434 139.910231
vt 9.457570 82.550326
vt 52.797287 85.462091
vt 60.915620 116.793798
vt 57.770410 166.968077
vt 87.156102 100.449074
vt 127.093571 118.239989
vt 68.691789 147.484850
vt 112.199713 100.725193
vt 120.809355 107.457444
vt 76.409015 58.518173
vt 35.629095 63.909897
vt 59.346766 101.559342
vt 78.869080 53.569684
vt 69.931816 82.621152
vt 132.016006 115.647527
vt 87.168661 153.001610
vt 67.694473 96.343033
vt 43.349610 119.079420
vt 88.029019 62.610960
vt 194.960049 76.095165
vt 208.039256 98.552590
vt 183.813190 113.170716
vt 82.486767 113.520140
vt 60.070000 142.673484
vt 53.371874 98.341277
vt 166.452657 53.492248
vt 66.401267 70.512956
vt 45.643763 67.698049
vt 42.154971 94.000154
vt 72.782185 166.537129
vt 71.131066 86.971222
vt 46.363646 127.443315
vt 88.600192 109.116711
vt 64.263163 153.727692
vt 77.914228 63.708527
vt 67.620479 57.152241
vt 45.097297 84.519864
vt 158.206641 102.663169
vt 77.767134 104.385869
vt 4.161086 114.127289
vt 85.139311 80.465885
vt 141.701909 169.323096
vt 80.443301 136.060125
vt 70.702050 61.107627
vt 92.271320 38.174485
vt 101.987733 105.746382
vt 206.068833 130.361392
vt 158.888016 112.648781
vt 79.807933 88.496216
vt 86.447183 132.573937
vt 51.479443 109.657427
vt 80.800752 67.759802
vt 58.708531 43.544357
vt 9.930091 111.416097
vt 85.043808 58.699413
vt 202.250374 104.975317
vt 52.390193 93.478124
vt 204.096546 89.767851
vt 67.075263 103.812767
vt 37.222081 126.264610
vt 64.132162 167.980835
vt 87.350053 141.067184
vt 71.487821 123.220318
vt 56.272017 48.539799
vt 46.178989 93.099077
vt 66.275805 126.819483
vt 145.084607 119.117477
vt 53.144442 105.540326
vt 42.233577 104.441075
vt 50.967258 97.733702
vt 6.081724 99.487675
vt 46.113690 109.583554
vt 50.429318 59.168767
vt 70.438314 170.933756
vt 87.452529 53.634856
vt 124.650753 100.920655
vt 160.939949 98.584210
vt 57.988902 170.785994
vt 98.051890 46.452855
vt 203.191760 113.273206
vt 57.773441 99.822579
vt 45.311411 98.928206
vt 56.130364 129.579829
vt 78.464719 148.926537
vt 91.968032 46.774339
vt 54.860025 106.929593
vt 47.857652 102.562448
vt 192.091264 142.149488
vt 59.662961 83.889446
vt 61.748663 72.306886
vt 33.976261 111.137287
vt 64.902448 118.208249
vt 84.674884 83.325051
vt 90.904086 64.005061
vt 89.111359 74.322352
vt 124.615904 117.703788
vt 75.259243 86.436768
vt 42.331869 84.800544
vt 131.287016 109.318444
vt 51.712184 72.475604
vt 159.317560 115.851432
vt 62.237856 84.257451
vt 75.976782 52.174746
vt 102.994502 116.621617
vt 27.065704 61.186525
vt 202.368238 126.043809
vt 7.872161 120.056499
vt 135.521165 168.334079
vt 83.647557 158.728347
vt 68.734976 137.849866
vt 73.149492 62.224257
vt 63.530991 105.111085
vt 53.554885 134.088110
vt 193.820319 119.000151
vt 63.205143 129.307890
vt 181.841992 65.062886
vt 184.767718 71.787437
vt 75.610023 95.651089
vt 73.305927 160.524392
vt 159.467201 156.204471
vt 84.303648 153.058843
vt 56.786237 146.121717
vt 19.784457 147.164092
vt 74.911076 69.431724
vt 76.822564 133.000432
vt 27.390991 64.461884
vt 115.945809 105.852498
vt 46.662512 95.490065
vt 73.226966 149.808405
vt 52.573444 56.705037
vt 58.483469 106.823015
vt 32.750398 116.006490
vt 30.787998 106.691145
vt 70.672990 74.362011
vt 75.781012 49.021482
vt 74.366482 157.612509
vt 42.371204 91.562097
vt 66.361426 51.203313
vt 69.594898 94.436075
vt 168.274207 115.449774
vt 177.784204 111.629257
vt 65.734579 107.914663
vt 208.972752 111.076117
vt 38.045896 111.116170
vt 67.511876 67.772515
vt 77.199067 140.238439
vt 38.813860 130.452517
vt 90.338492 51.728588
vt 79.457435 60.641286
vt 43.531911 112.145018
vt 190.027155 93.320363
vt 50.502421 67.091467
vt 93.066825 59.718396
vt 52.412298 115.940454
vt 54.430170 62.556273
vt 81.931753 89.893963
vt 64.541776 90.981882
vt 75.608399 164.967070
vt 77.558263 79.290188
vt 81.374015 98.255715
vt 185.686521 100.932570
vt 110.276217 106.211588
vt 86.242209 90.859016
vt 70.533957 79.936726
vt 37.191324 158.348340
vt 67.793292 149.744005
vt 50.311255 86.628823
vt 35.895315 118.892515
vt 28.579472 115.733048
vt 38.794853 144.606850
vt 121.058770 104.749357
vt 83.523450 93.996166
vt 133.022702 100.256090
vt 35.010665 125.105760
vt 42.310296 50.995763
vt 38.787808 87.807012
vt 35.827056 137.538864
vt 58.666868 140.574552
vt 67.868739 135.754402
vt 57.122146 97.521240
vt 63.875553 121.544659
vt 183.332897 145.365202
vt 57.757218 66.173679
vt 111.796910 119.679825
vt 98.989120 43.641626
vt 64.164068 106.882013
vt 38.822529 52.564626
vt 191.976159 113.786902
vt 30.824884 155.831604
vt 53.607292 153.889650
vt 151.862920 46.928575
vt 142.238238 172.113011
vt 62.234745 43.501022
vt 69.890196 154.308446
vt 205.448930 136.513401
vt 207.455750 133.663166
vt 209.327941 130.638636
vt 211.024467 127.450239
vt 212.383071 124.419193
vt 213.583142 121.130571
vt 214.566558 117.585110
vt 215.293315 113.596027
vt 215.601634 110.171127
vt 215.624813 106.866906
vt 215.346597 103.294288
vt 214.775637 99.826625
vt 213.924328 96.426674
vt 212.803599 93.083858
vt 211.445643 89.850544
vt 209.868662 86.718872
vt 208.069649 83.656916
vt 206.083698 80.700288
vt 204.040901 77.990986
vt 201.810293 75.321495
vt 199.278585 72.574426
vt 196.489506 69.823400
vt 193.881051 67.463323
vt 191.110858 65.144116
vt 188.295463 62.955163
vt 185.243927 60.748692
vt 181.917234 58.515405
vt 178.717139 56.516050
vt 175.506377 54.641830
vt 172.696200 53.100439
vt 169.411980 51.406359
vt 166.132808 49.821955
vt 163.223500 48.499968
vt 160.359891 47.271550
vt 157.403223 46.074899
vt 154.117270 44.826945
vt 150.982319 43.713519
vt 148.114142 42.759186
vt 144.945308 41.772470
vt 141.438032 40.762829
vt 138.154112 39.893844
vt 134.973807 39.119420
vt 131.785684 38.410881
vt 128.673547 37.783536
vt 125.699213 37.242575
vt 122.504144 36.722706
vt 118.949528 36.223157
vt 115.357758 35.800280
vt 112.019943 35.480677
vt 108.505056 35.222397
vt 104.956254 35.042860
vt 101.397983 34.945706
vt 97.754320 34.933660
vt 94.008962 35.014079
vt 90.281429 35.190224
vt 86.582568 35.462263
vt 82.856842 35.835669
vt 79.091878 36.317930
vt 75.464557 36.885033
vt 71.470524 37.632353
vt 67.523130 38.500132
vt 63.535174 39.515249
vt 59.692920 40.631163
vt 56.104106 41.801587
vt 52.717188 43.030593
vt 49.563355 44.287115
vt 46.269900 45.719474
vt 42.804138 47.378783
vt 39.083245 49.338922
vt 35.726404 51.286947
vt 32.513222 53.330010
vt 29.573073 55.366760
vt 26.736195 57.499705
vt 23.737479 59.965926
vt 20.871313 62.554085
vt 18.387138 65.012374
vt 15.920070 67.688309
vt 13.580680 70.486915
vt 11.411248 73.363831
vt 9.504603 76.173819
vt 7.616196 79.297194
vt 5.918025 82.497451
vt 4.546295 85.477421
vt 3.391171 88.374153
vt 2.304159 91.614249
vt 1.353957 95.192942
vt 0.672259 98.671812
vt 0.208914 102.334162
vt 0.002474 105.789045
vt 0.033645 109.466204
vt 0.289583 112.892726
vt 0.716840 116.057297
vt 1.381807 119.408741
vt 2.343574 123.043428
vt 3.519067 126.557656
vt 4.853010 129.860693
vt 6.405411 133.151138
vt 8.100699 136.281541
vt 9.957029 139.314998
vt 11.985461 142.278856
vt 14.162352 145.142451
vt 16.471743 147.894596
vt 18.967289 150.598879
vt 21.639741 153.235141
vt 24.293733 155.629098
vt 27.074263 157.931294
vt 29.971123 160.133158
vt 33.087711 162.304745
vt 36.045088 164.198221
vt 38.776530 165.814207
vt 42.122593 167.636500
vt 45.655144 169.388283
vt 48.839386 170.828809
vt 52.122185 172.185829
vt 55.309405 173.385639
vt 58.622044 174.517849
vt 62.158731 175.606725
vt 65.429168 176.506712
vt 68.853804 177.344137
vt 73.027713 178.229907
vt 77.232767 178.973643
vt 81.444516 179.580819
vt 85.416953 180.028722
vt 89.189095 180.347734
vt 92.957000 180.564800
vt 96.646789 180.681533
vt 100.294170 180.706450
vt 103.933261 180.642468
vt 107.534164 180.494127
vt 111.057343 180.267759
vt 114.375488 179.981508
vt 117.926525 179.597196
vt 121.438976 179.138705
vt 124.600139 178.659760
vt 127.569831 178.150336
vt 130.760482 177.542025
vt 134.032572 176.850197
vt 137.773765 175.973305
vt 141.284825 175.066597
vt 144.425374 174.186153
vt 147.178507 173.357958
vt 150.407920 172.319120
vt 153.494693 171.255215
vt 156.365760 170.202260
vt 159.555099 168.957604
vt 162.775392 167.616018
vt 165.920272 166.219759
vt 168.947840 164.790917
vt 172.262975 163.123437
vt 175.559750 161.350253
vt 178.356289 159.748887
vt 181.507951 157.825626
vt 184.625821 155.786572
vt 187.411093 153.836930
vt 190.265499 151.695629
vt 192.982474 149.503823
vt 195.901730 146.952434
vt 198.662306 144.315203
vt 201.020186 141.851884
vt 203.392112 139.128507
f 1/1 2214/2919 2343/2212
f 4/4 5/5 2343/2212
f 6/6 5/5 13/13
f 2343/2212 6/6 2649/2512
f 2649/2512 1/1 2343/2212
f 2/2 3016/2861 2750/2609
f 2358/2227 8/8 9/9
f 2750/2609 8/8 3/3
f 8/8 2358/2227 3/3
f 5/5 2344/2213 12/12
f 23/23 2344/2213 11/11
f 6/6 13/13 14/14
f 16/16 8/8 7/7
f 16/16 18/18 9/9
f 2889/2739 9/9 18/18
f 2357/2226 2889/2739 19/19
f 28/28 2889/2739 18/18
f 20/20 2355/2224 10/10
f 2355/2224 2337/2927 10/10
f 2915/2765 23/23 11/11
f 24/24 14/14 13/13
f 26/26 2950/2798 25/25
f 17/17 28/28 18/18
f 2889/2739 28/28 19/19
f 19/19 20/20 10/10
f 22/22 2220/2913 31/31
f 31/31 32/32 22/22
f 33/33 2699/2561 32/32
f 34/34 2977/2824 33/33
f 24/24 35/35 25/25
f 26/26 2406/2271 27/27
f 27/27 2924/2774 2679/2541
f 16/16 2679/2541 2924/2774
f 28/28 17/17 39/39
f 29/29 28/28 39/39
f 42/42 2926/2776 41/41
f 43/43 44/44 2354/2223
f 45/45 44/44 58/58
f 31/31 30/30 59/59
f 32/32 47/47 2477/2341
f 33/33 2477/2341 48/48
f 34/34 48/48 49/49
f 2736/2595 49/49 50/50
f 66/66 36/36 35/35
f 2406/2271 51/51 52/52
f 2795/2649 2691/2553 53/53
f 40/40 2795/2649 54/54
f 40/40 41/41 29/29
f 2843/2696 42/42 41/41
f 42/42 2712/2572 43/43
f 2712/2572 58/58 44/44
f 44/44 45/45 2354/2223
f 2708/2568 45/45 58/58
f 2352/2221 2333/2931 45/45
f 46/46 2223/3070 2345/2214
f 61/61 62/62 2477/2341
f 62/62 63/63 48/48
f 49/49 63/63 64/64
f 50/50 64/64 65/65
f 52/52 67/67 68/68
f 53/53 2441/2305 70/70
f 55/55 54/54 71/71
f 55/55 72/72 56/56
f 56/56 73/73 57/57
f 74/74 57/57 73/73
f 58/58 2833/2687 2708/2568
f 2833/2687 58/58 57/57
f 2353/2222 76/76 2888/2738
f 100/100 2959/2806 78/78
f 79/79 59/59 46/46
f 81/81 60/60 80/80
f 62/62 81/81 82/82
f 63/63 82/82 83/83
f 64/64 83/83 84/84
f 65/65 84/84 85/85
f 88/88 67/67 87/87
f 68/68 88/88 89/89
f 70/70 69/69 90/90
f 71/71 53/53 92/92
f 72/72 71/71 3024/2869
f 2833/2687 76/76 2708/2568
f 96/96 76/76 75/75
f 97/97 96/96 120/120
f 2888/2738 77/77 2353/2222
f 2959/2806 101/101 80/80
f 101/101 102/102 80/80
f 81/81 102/102 103/103
f 82/82 103/103 104/104
f 83/83 104/104 105/105
f 84/84 105/105 106/106
f 85/85 106/106 107/107
f 107/107 86/86 85/85
f 109/109 108/108 2816/2670
f 87/87 109/109 2890/2740
f 111/111 112/112 89/89
f 92/92 91/91 114/114
f 3024/2869 115/115 93/93
f 94/94 117/117 118/118
f 94/94 95/95 74/74
f 95/95 119/119 75/75
f 98/98 97/97 121/121
f 98/98 121/121 122/122
f 125/125 126/126 101/101
f 102/102 126/126 127/127
f 103/103 127/127 128/128
f 104/104 128/128 129/129
f 105/105 129/129 130/130
f 106/106 130/130 131/131
f 107/107 131/131 132/132
f 108/108 132/132 133/133
f 111/111 110/110 135/135
f 114/114 138/138 139/139
f 115/115 114/114 139/139
f 116/116 115/115 139/139
f 117/117 116/116 141/141
f 142/142 117/117 141/141
f 143/143 144/144 2709/2569
f 2709/2569 119/119 95/95
f 121/121 147/147 122/122
f 3058/2900 125/125 124/124
f 126/126 149/149 150/150
f 127/127 150/150 151/151
f 128/128 151/151 152/152
f 129/129 152/152 153/153
f 130/130 153/153 154/154
f 131/131 154/154 155/155
f 132/132 155/155 156/156
f 136/136 159/159 160/160
f 159/159 136/136 135/135
f 139/139 138/138 162/162
f 141/141 140/140 164/164
f 142/142 141/141 165/165
f 143/143 166/166 167/167
f 144/144 167/167 145/145
f 168/168 169/169 2989/2835
f 147/147 170/170 148/148
f 174/174 173/173 172/172
f 2830/2684 173/173 174/174
f 175/175 2830/2684 174/174
f 176/176 3058/2900 175/175
f 150/150 176/176 177/177
f 151/151 177/177 178/178
f 152/152 178/178 179/179
f 153/153 179/179 180/180
f 154/154 180/180 181/181
f 155/155 181/181 182/182
f 156/156 182/182 183/183
f 156/156 2718/2578 133/133
f 185/185 3014/2859 184/184
f 158/158 185/185 186/186
f 159/159 187/187 2576/2440
f 2744/2603 137/137 160/160
f 161/161 2744/2603 189/189
f 162/162 161/161 190/190
f 163/163 162/162 191/191
f 164/164 163/163 192/192
f 165/165 164/164 193/193
f 167/167 166/166 194/194
f 2988/2834 170/170 196/196
f 171/171 197/197 2773/2938
f 170/170 171/171 148/148
f 172/172 199/199 174/174
f 174/174 199/199 200/200
f 201/201 200/200 230/230
f 201/201 202/202 176/176
f 177/177 202/202 203/203
f 178/178 203/203 204/204
f 179/179 204/204 205/205
f 180/180 205/205 206/206
f 181/181 206/206 207/207
f 182/182 207/207 208/208
f 183/183 208/208 209/209
f 2584/2448 2791/2645 209/209
f 2791/2645 210/210 184/184
f 210/210 211/211 185/185
f 211/211 212/212 186/186
f 186/186 213/213 187/187
f 188/188 2576/2440 214/214
f 190/190 189/189 217/217
f 191/191 190/190 218/218
f 192/192 191/191 219/219
f 193/193 192/192 220/220
f 169/169 223/223 195/195
f 226/226 225/225 2655/2517
f 228/228 2863/2714 198/198
f 230/230 229/229 257/257
f 201/201 230/230 231/231
f 202/202 231/231 232/232
f 203/203 232/232 233/233
f 204/204 233/233 234/234
f 205/205 234/234 235/235
f 206/206 235/235 236/236
f 207/207 236/236 237/237
f 208/208 237/237 238/238
f 209/209 238/238 239/239
f 2584/2448 239/239 240/240
f 241/241 242/242 211/211
f 2524/2388 215/215 214/214
f 216/216 215/215 245/245
f 217/217 216/216 246/246
f 218/218 217/217 247/247
f 219/219 218/218 248/248
f 220/220 219/219 249/249
f 221/221 220/220 250/250
f 222/222 224/224 223/223
f 225/225 2546/2410 2655/2517
f 196/196 226/226 2988/2834
f 253/253 226/226 2655/2517
f 253/253 254/254 227/227
f 230/230 257/257 258/258
f 231/231 258/258 259/259
f 232/232 259/259 260/260
f 233/233 260/260 261/261
f 234/234 261/261 262/262
f 235/235 262/262 263/263
f 236/236 263/263 264/264
f 237/237 264/264 265/265
f 238/238 265/265 266/266
f 267/267 2668/2530 2747/2606
f 242/242 2747/2606 2403/2268
f 245/245 244/244 270/270
f 246/246 245/245 271/271
f 247/247 246/246 272/272
f 248/248 247/247 273/273
f 249/249 248/248 274/274
f 250/250 249/249 275/275
f 252/252 277/277 278/278
f 254/254 281/281 282/282
f 256/256 284/284 285/285
f 259/259 287/287 288/288
f 260/260 288/288 289/289
f 261/261 289/289 290/290
f 262/262 290/290 291/291
f 263/263 291/291 292/292
f 264/264 292/292 293/293
f 265/265 293/293 294/294
f 266/266 294/294 295/295
f 266/266 296/296 239/239
f 297/297 2748/2607 328/328
f 267/267 297/297 2668/2530
f 270/270 269/269 301/301
f 271/271 270/270 302/302
f 272/272 271/271 303/303
f 273/273 272/272 304/304
f 274/274 273/273 305/305
f 275/275 274/274 306/306
f 276/276 275/275 307/307
f 277/277 276/276 308/308
f 278/278 277/277 309/309
f 279/279 278/278 310/310
f 312/312 280/280 279/279
f 314/314 281/281 313/313
f 282/282 281/281 314/314
f 316/316 283/283 315/315
f 317/317 349/349 318/318
f 318/318 319/319 287/287
f 288/288 319/319 320/320
f 289/289 320/320 321/321
f 290/290 321/321 322/322
f 291/291 322/322 323/323
f 292/292 323/323 324/324
f 293/293 324/324 325/325
f 294/294 325/325 326/326
f 295/295 326/326 327/327
f 295/295 2748/2607 296/296
f 301/301 2946/2795 332/332
f 302/302 301/301 333/333
f 303/303 302/302 334/334
f 304/304 303/303 335/335
f 305/305 304/304 336/336
f 306/306 305/305 337/337
f 307/307 306/306 338/338
f 308/308 307/307 339/339
f 309/309 308/308 340/340
f 310/310 309/309 341/341
f 311/311 310/310 341/341
f 312/312 311/311 342/342
f 314/314 313/313 343/343
f 317/317 347/347 348/348
f 319/319 349/349 350/350
f 320/320 350/350 351/351
f 321/321 351/351 352/352
f 322/322 352/352 353/353
f 323/323 353/353 354/354
f 324/324 354/354 355/355
f 325/325 355/355 356/356
f 326/326 356/356 357/357
f 327/327 357/357 358/358
f 2796/2650 358/358 359/359
f 2796/2650 328/328 2748/2607
f 2837/2691 360/360 391/391
f 362/362 331/331 2906/2756
f 332/332 331/331 363/363
f 333/333 332/332 364/364
f 334/334 333/333 365/365
f 335/335 334/334 366/366
f 336/336 335/335 367/367
f 337/337 336/336 368/368
f 338/338 337/337 369/369
f 339/339 338/338 370/370
f 340/340 339/339 371/371
f 341/341 340/340 372/372
f 342/342 405/405 375/375
f 377/377 2717/2577 375/375
f 343/343 377/377 344/344
f 345/345 378/378 408/408
f 379/379 345/345 410/410
f 348/348 379/379 2992/2838
f 380/380 381/381 349/349
f 350/350 381/381 382/382
f 351/351 382/382 383/383
f 352/352 383/383 384/384
f 353/353 384/384 385/385
f 354/354 385/385 386/386
f 355/355 386/386 387/387
f 356/356 387/387 388/388
f 357/357 388/388 389/389
f 358/358 389/389 390/390
f 2675/2537 2526/2390 361/361
f 362/362 392/392 393/393
f 363/363 362/362 393/393
f 364/364 363/363 394/394
f 365/365 364/364 395/395
f 366/366 365/365 396/396
f 367/367 366/366 397/397
f 368/368 367/367 398/398
f 369/369 368/368 399/399
f 370/370 369/369 400/400
f 371/371 370/370 401/401
f 372/372 371/371 402/402
f 373/373 372/372 403/403
f 374/374 373/373 404/404
f 405/405 374/374 404/404
f 406/406 405/405 440/440
f 375/375 406/406 376/376
f 407/407 376/376 406/406
f 2351/2220 2894/2744 376/376
f 376/376 2894/2744 377/377
f 345/345 409/409 444/444
f 380/380 2992/2838 411/411
f 411/411 412/412 380/380
f 381/381 412/412 413/413
f 382/382 413/413 414/414
f 383/383 414/414 415/415
f 384/384 415/415 416/416
f 385/385 416/416 417/417
f 386/386 417/417 418/418
f 387/387 418/418 419/419
f 388/388 419/419 420/420
f 389/389 420/420 421/421
f 390/390 421/421 422/422
f 423/423 422/422 457/457
f 2667/2529 425/425 2814/2668
f 395/395 394/394 429/429
f 396/396 395/395 430/430
f 397/397 396/396 431/431
f 398/398 397/397 432/432
f 399/399 398/398 433/433
f 400/400 399/399 434/434
f 401/401 400/400 435/435
f 402/402 401/401 436/436
f 403/403 402/402 437/437
f 404/404 403/403 438/438
f 405/405 404/404 439/439
f 444/444 445/445 410/410
f 411/411 445/445 446/446
f 412/412 446/446 447/447
f 413/413 447/447 448/448
f 414/414 448/448 449/449
f 415/415 449/449 450/450
f 416/416 450/450 451/451
f 417/417 451/451 452/452
f 418/418 452/452 453/453
f 419/419 453/453 454/454
f 420/420 454/454 455/455
f 421/421 455/455 456/456
f 422/422 456/456 457/457
f 459/459 2814/2668 458/458
f 459/459 2710/2570 2814/2668
f 428/428 427/427 462/462
f 429/429 428/428 463/463
f 430/430 429/429 464/464
f 431/431 430/430 465/465
f 432/432 431/431 466/466
f 433/433 432/432 467/467
f 434/434 433/433 468/468
f 435/435 434/434 469/469
f 436/436 435/435 470/470
f 437/437 436/436 471/471
f 438/438 437/437 472/472
f 439/439 438/438 473/473
f 476/476 443/443 2234/3056
f 443/443 477/477 409/409
f 444/444 477/477 478/478
f 445/445 478/478 479/479
f 446/446 479/479 480/480
f 447/447 480/480 481/481
f 448/448 481/481 482/482
f 449/449 482/482 483/483
f 450/450 483/483 484/484
f 451/451 484/484 485/485
f 452/452 485/485 486/486
f 453/453 486/486 487/487
f 454/454 487/487 488/488
f 455/455 488/488 489/489
f 456/456 489/489 490/490
f 456/456 491/491 457/457
f 2676/2538 2484/2348 493/493
f 2525/2389 496/496 2422/2287
f 2605/2469 2422/2287 497/497
f 498/498 461/461 2605/2469
f 463/463 462/462 499/499
f 464/464 463/463 500/500
f 465/465 464/464 501/501
f 466/466 465/465 502/502
f 467/467 466/466 503/503
f 468/468 467/467 504/504
f 469/469 468/468 505/505
f 470/470 469/469 506/506
f 471/471 470/470 507/507
f 472/472 471/471 508/508
f 473/473 472/472 509/509
f 474/474 473/473 510/510
f 475/475 513/513 2350/2219
f 475/475 512/512 513/513
f 478/478 515/515 516/516
f 479/479 516/516 517/517
f 480/480 517/517 518/518
f 481/481 518/518 519/519
f 482/482 519/519 520/520
f 483/483 520/520 521/521
f 484/484 521/521 522/522
f 485/485 522/522 523/523
f 486/486 523/523 524/524
f 487/487 524/524 525/525
f 488/488 525/525 526/526
f 489/489 526/526 527/527
f 567/567 2821/2675 529/529
f 2500/2364 530/530 2451/2315
f 532/532 494/494 531/531
f 496/496 533/533 497/497
f 2605/2469 536/536 498/498
f 499/499 498/498 537/537
f 500/500 499/499 538/538
f 501/501 500/500 539/539
f 502/502 501/501 540/540
f 503/503 502/502 541/541
f 504/504 503/503 542/542
f 505/505 504/504 543/543
f 506/506 505/505 544/544
f 507/507 506/506 545/545
f 508/508 507/507 546/546
f 509/509 508/508 547/547
f 510/510 509/509 548/548
f 511/511 510/510 549/549
f 550/550 511/511 549/549
f 550/550 512/512 475/475
f 516/516 553/553 554/554
f 517/517 554/554 555/555
f 518/518 555/555 556/556
f 519/519 556/556 557/557
f 520/520 557/557 558/558
f 521/521 558/558 559/559
f 522/522 559/559 560/560
f 523/523 560/560 561/561
f 524/524 561/561 562/562
f 525/525 562/562 563/563
f 526/526 563/563 564/564
f 565/565 527/527 564/564
f 566/566 528/528 565/565
f 529/529 566/566 567/567
f 569/569 534/534 2437/2301
f 536/536 535/535 570/570
f 537/537 536/536 571/571
f 538/538 537/537 572/572
f 539/539 538/538 573/573
f 540/540 539/539 574/574
f 541/541 540/540 575/575
f 542/542 541/541 576/576
f 543/543 542/542 577/577
f 544/544 543/543 578/578
f 545/545 544/544 579/579
f 546/546 545/545 580/580
f 547/547 546/546 581/581
f 548/548 547/547 582/582
f 549/549 548/548 583/583
f 550/550 549/549 584/584
f 551/551 585/585 586/586
f 587/587 2812/2666 552/552
f 553/553 588/588 589/589
f 554/554 589/589 590/590
f 555/555 590/590 591/591
f 556/556 591/591 592/592
f 557/557 592/592 593/593
f 558/558 593/593 594/594
f 559/559 594/594 595/595
f 560/560 595/595 596/596
f 561/561 596/596 597/597
f 562/562 597/597 598/598
f 563/563 598/598 599/599
f 599/599 600/600 564/564
f 565/565 600/600 601/601
f 566/566 601/601 602/602
f 567/567 602/602 603/603
f 605/605 604/604 2883/2733
f 2618/2482 607/607 2437/2301
f 3049/2891 569/569 2437/2301
f 570/570 569/569 608/608
f 571/571 570/570 609/609
f 572/572 571/571 610/610
f 573/573 572/572 611/611
f 574/574 573/573 612/612
f 575/575 574/574 613/613
f 576/576 575/575 615/615
f 577/577 576/576 616/616
f 578/578 577/577 617/617
f 579/579 578/578 618/618
f 580/580 579/579 619/619
f 581/581 580/580 620/620
f 582/582 581/581 621/621
f 583/583 582/582 622/622
f 584/584 583/583 623/623
f 585/585 584/584 624/624
f 589/589 627/627 628/628
f 590/590 628/628 629/629
f 591/591 629/629 630/630
f 592/592 630/630 631/631
f 593/593 631/631 632/632
f 594/594 632/632 633/633
f 595/595 633/633 634/634
f 596/596 634/634 635/635
f 597/597 635/635 636/636
f 598/598 636/636 637/637
f 637/637 638/638 599/599
f 600/600 638/638 639/639
f 601/601 639/639 640/640
f 641/641 640/640 676/676
f 641/641 603/603 602/602
f 2883/2733 2615/2479 642/642
f 2970/2817 2381/2247 642/642
f 607/607 2498/2362 2419/2284
f 645/645 2540/2404 644/644
f 609/609 608/608 645/645
f 610/610 609/609 646/646
f 611/611 610/610 647/647
f 612/612 611/611 648/648
f 613/613 612/612 649/649
f 614/614 613/613 650/650
f 615/615 614/614 651/651
f 616/616 615/615 652/652
f 617/617 616/616 653/653
f 618/618 617/617 654/654
f 619/619 618/618 655/655
f 620/620 619/619 656/656
f 621/621 620/620 657/657
f 622/622 621/621 658/658
f 623/623 622/622 659/659
f 624/624 623/623 660/660
f 586/586 624/624 661/661
f 626/626 662/662 2910/2760
f 627/627 662/662 663/663
f 628/628 663/663 664/664
f 629/629 664/664 665/665
f 630/630 665/665 666/666
f 631/631 666/666 667/667
f 632/632 667/667 668/668
f 633/633 668/668 669/669
f 634/634 669/669 670/670
f 635/635 670/670 671/671
f 636/636 671/671 672/672
f 672/672 673/673 637/637
f 638/638 673/673 674/674
f 639/639 674/674 675/675
f 640/640 675/675 676/676
f 641/641 676/676 677/677
f 678/678 641/641 677/677
f 2873/2724 2693/2555 678/678
f 2410/2275 2615/2479 679/679
f 681/681 2498/2362 643/643
f 681/681 2419/2284 2498/2362
f 2694/2556 644/644 2540/2404
f 645/645 644/644 684/684
f 647/647 646/646 685/685
f 648/648 647/647 686/686
f 649/649 648/648 687/687
f 650/650 649/649 688/688
f 651/651 650/650 689/689
f 652/652 651/651 690/690
f 653/653 652/652 691/691
f 654/654 653/653 692/692
f 655/655 654/654 693/693
f 656/656 655/655 694/694
f 657/657 656/656 695/695
f 658/658 657/657 696/696
f 659/659 658/658 697/697
f 660/660 659/659 698/698
f 661/661 660/660 699/699
f 2979/2826 701/701 702/702
f 745/745 2979/2826 702/702
f 664/664 703/703 704/704
f 665/665 704/704 705/705
f 666/666 705/705 706/706
f 667/667 706/706 707/707
f 668/668 707/707 708/708
f 669/669 708/708 709/709
f 670/670 709/709 710/710
f 671/671 710/710 711/711
f 672/672 711/711 712/712
f 712/712 713/713 672/672
f 673/673 713/713 714/714
f 674/674 714/714 715/715
f 675/675 715/715 716/716
f 676/676 716/716 717/717
f 677/677 717/717 718/718
f 677/677 719/719 678/678
f 2967/2814 719/719 762/762
f 2410/2275 720/720 721/721
f 680/680 721/721 2394/2260
f 683/683 682/682 2945/2794
f 683/683 725/725 644/644
f 644/644 726/726 684/684
f 685/685 684/684 727/727
f 686/686 685/685 728/728
f 687/687 686/686 729/729
f 688/688 687/687 730/730
f 689/689 688/688 731/731
f 690/690 689/689 732/732
f 691/691 690/690 733/733
f 692/692 691/691 734/734
f 693/693 692/692 735/735
f 694/694 693/693 736/736
f 695/695 694/694 737/737
f 696/696 695/695 738/738
f 697/697 696/696 739/739
f 698/698 697/697 740/740
f 699/699 698/698 741/741
f 702/702 743/743 788/788
f 703/703 745/745 746/746
f 704/704 746/746 747/747
f 705/705 747/747 748/748
f 706/706 748/748 749/749
f 707/707 749/749 750/750
f 708/708 750/750 751/751
f 709/709 751/751 752/752
f 710/710 752/752 753/753
f 711/711 753/753 754/754
f 712/712 754/754 755/755
f 713/713 755/755 756/756
f 714/714 756/756 757/757
f 715/715 757/757 758/758
f 716/716 758/758 759/759
f 717/717 759/759 760/760
f 718/718 760/760 761/761
f 718/718 762/762 719/719
f 720/720 2967/2814 763/763
f 763/763 764/764 720/720
f 2394/2260 765/765 2876/2727
f 811/811 3047/2889 766/766
f 723/723 767/767 2945/2794
f 724/724 2945/2794 768/768
f 725/725 724/724 769/769
f 726/726 725/725 770/770
f 727/727 726/726 771/771
f 728/728 727/727 772/772
f 729/729 728/728 773/773
f 730/730 729/729 774/774
f 731/731 730/730 775/775
f 732/732 731/731 776/776
f 733/733 732/732 777/777
f 734/734 733/733 778/778
f 735/735 734/734 779/779
f 736/736 735/735 780/780
f 737/737 736/736 781/781
f 738/738 737/737 782/782
f 739/739 738/738 783/783
f 740/740 739/739 784/784
f 741/741 740/740 785/785
f 742/742 741/741 786/786
f 833/833 744/744 788/788
f 744/744 789/789 745/745
f 746/746 789/789 790/790
f 747/747 790/790 791/791
f 748/748 791/791 792/792
f 749/749 792/792 793/793
f 750/750 793/793 794/794
f 751/751 794/794 795/795
f 752/752 795/795 796/796
f 753/753 796/796 797/797
f 754/754 797/797 798/798
f 755/755 798/798 799/799
f 756/756 799/799 800/800
f 757/757 800/800 801/801
f 758/758 801/801 802/802
f 759/759 802/802 803/803
f 760/760 803/803 804/804
f 761/761 804/804 805/805
f 806/806 762/762 761/761
f 763/763 806/806 807/807
f 764/764 807/807 808/808
f 809/809 765/765 808/808
f 3047/2889 811/811 767/767
f 768/768 767/767 811/811
f 769/769 768/768 813/813
f 770/770 769/769 814/814
f 771/771 770/770 815/815
f 772/772 771/771 816/816
f 773/773 772/772 817/817
f 774/774 773/773 819/819
f 775/775 774/774 820/820
f 776/776 775/775 821/821
f 777/777 776/776 822/822
f 778/778 777/777 823/823
f 779/779 778/778 824/824
f 780/780 779/779 825/825
f 781/781 780/780 826/826
f 782/782 781/781 827/827
f 783/783 782/782 828/828
f 784/784 783/783 829/829
f 785/785 784/784 830/830
f 786/786 785/785 831/831
f 787/787 786/786 832/832
f 833/833 834/834 744/744
f 789/789 834/834 835/835
f 790/790 835/835 836/836
f 791/791 836/836 837/837
f 792/792 837/837 838/838
f 793/793 838/838 839/839
f 794/794 839/839 840/840
f 795/795 840/840 841/841
f 796/796 841/841 842/842
f 797/797 842/842 843/843
f 798/798 843/843 844/844
f 799/799 844/844 845/845
f 800/800 845/845 846/846
f 801/801 846/846 847/847
f 802/802 847/847 848/848
f 803/803 848/848 849/849
f 804/804 849/849 850/850
f 805/805 850/850 851/851
f 2627/2491 2756/2615 852/852
f 853/853 854/854 809/809
f 766/766 2999/2845 2532/2396
f 812/812 2532/2396 855/855
f 813/813 812/812 856/856
f 814/814 813/813 857/857
f 815/815 814/814 858/858
f 816/816 815/815 859/859
f 817/817 816/816 860/860
f 818/818 817/817 861/861
f 819/819 818/818 862/862
f 820/820 819/819 863/863
f 821/821 820/820 864/864
f 822/822 821/821 865/865
f 823/823 822/822 866/866
f 824/824 823/823 867/867
f 825/825 824/824 868/868
f 826/826 825/825 869/869
f 827/827 826/826 870/870
f 828/828 827/827 871/871
f 829/829 828/828 872/872
f 830/830 829/829 873/873
f 831/831 830/830 874/874
f 832/832 831/831 875/875
f 834/834 876/876 877/877
f 835/835 877/877 878/878
f 836/836 878/878 879/879
f 837/837 879/879 880/880
f 838/838 880/880 881/881
f 839/839 881/881 882/882
f 840/840 882/882 883/883
f 841/841 883/883 884/884
f 842/842 884/884 885/885
f 843/843 885/885 886/886
f 844/844 886/886 887/887
f 845/845 887/887 888/888
f 846/846 888/888 889/889
f 847/847 889/889 890/890
f 848/848 890/890 891/891
f 849/849 891/891 892/892
f 850/850 892/892 893/893
f 851/851 893/893 894/894
f 895/895 851/851 894/894
f 2545/2409 897/897 853/853
f 2999/2845 810/810 854/854
f 857/857 856/856 901/901
f 858/858 857/857 902/902
f 859/859 858/858 903/903
f 860/860 859/859 904/904
f 861/861 860/860 905/905
f 862/862 861/861 906/906
f 863/863 862/862 907/907
f 864/864 863/863 908/908
f 865/865 864/864 909/909
f 866/866 865/865 910/910
f 867/867 866/866 911/911
f 868/868 867/867 912/912
f 869/869 868/868 913/913
f 870/870 869/869 914/914
f 872/872 871/871 915/915
f 873/873 872/872 916/916
f 874/874 873/873 917/917
f 875/875 874/874 918/918
f 919/919 920/920 876/876
f 877/877 920/920 921/921
f 878/878 921/921 922/922
f 879/879 922/922 923/923
f 880/880 924/924 881/881
f 882/882 924/924 925/925
f 883/883 925/925 926/926
f 884/884 926/926 927/927
f 885/885 927/927 928/928
f 886/886 928/928 929/929
f 887/887 929/929 930/930
f 888/888 930/930 931/931
f 889/889 931/931 932/932
f 890/890 932/932 933/933
f 891/891 933/933 934/934
f 892/892 934/934 935/935
f 893/893 935/935 936/936
f 938/938 3060/2902 937/937
f 3060/2902 2455/2319 2627/2491
f 939/939 898/898 2391/2257
f 3036/2880 2531/2395 899/899
f 855/855 2875/2726 900/900
f 902/902 901/901 942/942
f 903/903 902/902 943/943
f 904/904 903/903 944/944
f 905/905 904/904 945/945
f 906/906 905/905 946/946
f 907/907 906/906 947/947
f 908/908 907/907 948/948
f 909/909 908/908 949/949
f 910/910 909/909 950/950
f 911/911 910/910 951/951
f 912/912 911/911 952/952
f 913/913 912/912 953/953
f 914/914 913/913 954/954
f 871/871 914/914 955/955
f 916/916 915/915 956/956
f 917/917 916/916 957/957
f 918/918 917/917 958/958
f 920/920 960/960 961/961
f 921/921 961/961 962/962
f 922/922 962/962 963/963
f 923/923 964/964 880/880
f 924/924 964/964 965/965
f 925/925 965/965 966/966
f 926/926 966/966 967/967
f 927/927 967/967 968/968
f 928/928 968/968 969/969
f 929/929 969/969 970/970
f 930/930 970/970 971/971
f 931/931 971/971 972/972
f 932/932 972/972 973/973
f 933/933 973/973 974/974
f 934/934 974/974 975/975
f 935/935 975/975 976/976
f 936/936 976/976 977/977
f 937/937 977/977 978/978
f 938/938 978/978 979/979
f 982/982 981/981 1026/1026
f 939/939 984/984 3036/2880
f 2554/2418 2798/2652 2445/2309
f 941/941 940/940 986/986
f 942/942 941/941 987/987
f 943/943 942/942 988/988
f 944/944 943/943 989/989
f 945/945 944/944 990/990
f 946/946 945/945 991/991
f 947/947 946/946 992/992
f 948/948 947/947 993/993
f 949/949 948/948 994/994
f 950/950 949/949 995/995
f 951/951 950/950 996/996
f 952/952 951/951 997/997
f 953/953 952/952 998/998
f 954/954 953/953 999/999
f 955/955 954/954 1000/1000
f 915/915 955/955 1001/1001
f 957/957 956/956 1002/1002
f 958/958 957/957 1003/1003
f 959/959 958/958 1004/1004
f 961/961 1005/1005 1006/1006
f 962/962 1006/1006 1007/1007
f 963/963 1008/1008 923/923
f 964/964 1008/1008 1009/1009
f 965/965 1009/1009 1010/1010
f 966/966 1010/1010 1011/1011
f 967/967 1011/1011 1012/1012
f 968/968 1012/1012 1013/1013
f 969/969 1013/1013 1014/1014
f 970/970 1014/1014 1015/1015
f 971/971 1015/1015 1016/1016
f 972/972 1016/1016 1017/1017
f 973/973 1017/1017 1018/1018
f 974/974 1018/1018 1019/1019
f 975/975 1019/1019 1020/1020
f 976/976 1020/1020 1021/1021
f 977/977 1021/1021 1022/1022
f 978/978 1022/1022 1023/1023
f 979/979 1023/1023 1024/1024
f 1024/1024 2861/2712 979/979
f 2861/2712 981/981 980/980
f 984/984 983/983 1028/1028
f 985/985 2554/2418 1030/1030
f 986/986 985/985 1031/1031
f 987/987 986/986 1032/1032
f 988/988 987/987 1033/1033
f 989/989 988/988 1035/1035
f 990/990 989/989 1036/1036
f 991/991 990/990 1037/1037
f 992/992 991/991 1038/1038
f 993/993 992/992 1039/1039
f 994/994 993/993 1040/1040
f 995/995 994/994 1041/1041
f 996/996 995/995 1042/1042
f 997/997 996/996 1043/1043
f 998/998 997/997 1044/1044
f 999/999 998/998 1045/1045
f 1000/1000 999/999 1046/1046
f 1001/1001 1000/1000 1047/1047
f 956/956 1001/1001 1048/1048
f 1003/1003 1002/1002 1049/1049
f 1004/1004 1003/1003 1050/1050
f 1006/1006 1051/1051 1052/1052
f 1007/1007 1053/1053 963/963
f 1008/1008 1053/1053 1054/1054
f 1009/1009 1054/1054 1055/1055
f 1010/1010 1055/1055 1056/1056
f 1011/1011 1056/1056 1057/1057
f 1012/1012 1057/1057 1058/1058
f 1013/1013 1058/1058 1059/1059
f 1014/1014 1059/1059 1060/1060
f 1015/1015 1060/1060 1061/1061
f 1016/1016 1061/1061 1062/1062
f 1017/1017 1062/1062 1063/1063
f 1018/1018 1063/1063 1064/1064
f 1019/1019 1064/1064 1065/1065
f 1020/1020 1065/1065 1066/1066
f 1021/1021 1066/1066 1067/1067
f 1022/1022 1067/1067 1068/1068
f 1023/1023 1068/1068 1069/1069
f 1024/1024 1069/1069 1070/1070
f 2975/2822 1072/1072 1025/1025
f 1026/1026 1072/1072 1073/1073
f 1030/1030 2533/2397 1075/1075
f 1031/1031 1030/1030 1076/1076
f 1032/1032 1031/1031 1077/1077
f 1033/1033 1032/1032 1078/1078
f 1034/1034 1033/1033 1079/1079
f 1035/1035 1034/1034 1080/1080
f 1036/1036 1035/1035 1081/1081
f 1037/1037 1036/1036 1082/1082
f 1038/1038 1037/1037 1083/1083
f 1039/1039 1038/1038 1084/1084
f 1040/1040 1039/1039 1085/1085
f 1041/1041 1040/1040 1086/1086
f 1042/1042 1041/1041 1087/1087
f 1043/1043 1042/1042 1088/1088
f 1044/1044 1043/1043 1089/1089
f 1045/1045 1044/1044 1090/1090
f 1046/1046 1045/1045 1091/1091
f 1047/1047 1046/1046 1092/1092
f 1048/1048 1047/1047 1093/1093
f 1002/1002 1048/1048 1094/1094
f 1050/1050 1049/1049 1095/1095
f 1096/1096 1052/1052 1051/1051
f 1053/1053 1097/1097 1098/1098
f 1054/1054 1098/1098 1099/1099
f 1055/1055 1099/1099 1100/1100
f 1056/1056 1100/1100 1101/1101
f 1057/1057 1101/1101 1102/1102
f 1058/1058 1102/1102 1103/1103
f 1059/1059 1103/1103 1104/1104
f 1060/1060 1104/1104 1105/1105
f 1061/1061 1105/1105 1106/1106
f 1062/1062 1106/1106 1107/1107
f 1063/1063 1107/1107 1108/1108
f 1064/1064 1108/1108 1109/1109
f 1065/1065 1109/1109 1110/1110
f 1066/1066 1110/1110 1111/1111
f 1067/1067 1111/1111 1112/1112
f 1068/1068 1112/1112 1113/1113
f 1069/1069 1113/1113 1114/1114
f 1070/1070 1114/1114 1115/1115
f 1071/1071 1115/1115 1116/1116
f 1071/1071 1117/1117 1072/1072
f 1117/1117 2665/2527 1118/1118
f 1074/1074 1119/1119 1120/1120
f 1074/1074 1120/1120 2914/2764
f 2533/2397 2799/2653 1075/1075
f 1076/1076 1075/1075 1122/1122
f 1077/1077 1076/1076 1123/1123
f 1078/1078 1077/1077 1124/1124
f 1079/1079 1078/1078 1125/1125
f 1080/1080 1079/1079 1126/1126
f 1081/1081 1080/1080 1127/1127
f 1082/1082 1081/1081 1128/1128
f 1083/1083 1082/1082 1129/1129
f 1084/1084 1083/1083 1130/1130
f 1085/1085 1084/1084 1131/1131
f 1086/1086 1085/1085 1132/1132
f 1087/1087 1086/1086 1133/1133
f 1088/1088 1087/1087 1134/1134
f 1089/1089 1088/1088 1135/1135
f 1090/1090 1089/1089 1136/1136
f 1091/1091 1090/1090 1137/1137
f 1092/1092 1091/1091 1138/1138
f 1093/1093 1092/1092 1139/1139
f 1094/1094 1093/1093 1140/1140
f 1049/1049 1141/1141 1095/1095
f 1097/1097 1143/1143 1144/1144
f 1098/1098 1144/1144 1145/1145
f 1099/1099 1145/1145 1146/1146
f 1100/1100 1146/1146 1147/1147
f 1101/1101 1147/1147 1148/1148
f 1102/1102 1148/1148 1149/1149
f 1103/1103 1149/1149 1150/1150
f 1104/1104 1150/1150 1151/1151
f 1105/1105 1151/1151 1152/1152
f 1106/1106 1152/1152 1153/1153
f 1107/1107 1153/1153 1154/1154
f 1108/1108 1154/1154 1155/1155
f 1109/1109 1155/1155 1156/1156
f 1110/1110 1156/1156 1157/1157
f 1111/1111 1157/1157 1158/1158
f 1112/1112 1158/1158 1159/1159
f 1113/1113 1159/1159 1160/1160
f 1114/1114 1160/1160 1161/1161
f 1115/1115 1161/1161 1162/1162
f 1116/1116 1162/1162 1163/1163
f 1116/1116 2665/2527 1117/1117
f 1165/1165 1119/1119 2858/2709
f 1119/1119 1074/1074 1118/1118
f 1122/1122 1121/1121 1168/1168
f 1123/1123 1122/1122 1169/1169
f 1124/1124 1123/1123 1170/1170
f 1125/1125 1124/1124 1171/1171
f 1126/1126 1125/1125 1172/1172
f 1127/1127 1126/1126 1173/1173
f 1128/1128 1127/1127 1174/1174
f 1129/1129 1128/1128 1175/1175
f 1130/1130 1129/1129 1176/1176
f 1131/1131 1130/1130 1177/1177
f 1132/1132 1131/1131 1178/1178
f 1133/1133 1132/1132 1179/1179
f 1134/1134 1133/1133 1180/1180
f 1135/1135 1134/1134 1181/1181
f 1136/1136 1135/1135 1182/1182
f 1137/1137 1136/1136 1183/1183
f 1138/1138 1137/1137 1184/1184
f 1139/1139 1138/1138 1185/1185
f 1140/1140 1139/1139 1186/1186
f 1141/1141 1140/1140 1187/1187
f 1143/1143 1142/1142 1189/1189
f 1144/1144 1189/1189 1190/1190
f 1145/1145 1190/1190 1191/1191
f 1146/1146 1191/1191 1192/1192
f 1147/1147 1192/1192 1193/1193
f 1148/1148 1193/1193 1194/1194
f 1149/1149 1194/1194 1195/1195
f 1150/1150 1195/1195 1196/1196
f 1151/1151 1196/1196 1197/1197
f 1152/1152 1197/1197 1198/1198
f 1153/1153 1198/1198 1199/1199
f 1154/1154 1199/1199 1200/1200
f 1155/1155 1200/1200 1201/1201
f 1156/1156 1201/1201 1202/1202
f 1157/1157 1202/1202 1203/1203
f 1158/1158 1203/1203 1204/1204
f 1159/1159 1204/1204 1205/1205
f 1160/1160 1205/1205 1206/1206
f 1161/1161 1206/1206 1207/1207
f 1162/1162 1207/1207 1208/1208
f 1163/1163 1208/1208 1209/1209
f 1210/1210 1163/1163 1209/1209
f 2664/2526 1164/1164 1210/1210
f 1211/1211 1212/1212 1165/1165
f 1166/1166 1213/1213 2781/2636
f 1214/1214 2792/2646 1167/1167
f 1168/1168 1167/1167 2792/2646
f 1169/1169 1168/1168 1215/1215
f 1170/1170 1169/1169 1216/1216
f 1171/1171 1170/1170 1217/1217
f 1172/1172 1171/1171 1218/1218
f 1173/1173 1172/1172 1219/1219
f 1174/1174 1173/1173 1220/1220
f 1175/1175 1174/1174 1221/1221
f 1176/1176 1175/1175 1222/1222
f 1177/1177 1176/1176 1223/1223
f 1178/1178 1177/1177 1224/1224
f 1179/1179 1178/1178 1225/1225
f 1180/1180 1179/1179 1226/1226
f 1181/1181 1180/1180 1227/1227
f 1182/1182 1181/1181 1228/1228
f 1183/1183 1182/1182 1229/1229
f 1184/1184 1183/1183 1230/1230
f 1185/1185 1184/1184 1231/1231
f 1186/1186 1185/1185 1232/1232
f 1187/1187 1186/1186 1233/1233
f 1188/1188 1187/1187 1234/1234
f 1189/1189 1235/1235 1236/1236
f 1190/1190 1236/1236 1237/1237
f 1191/1191 1237/1237 1238/1238
f 1192/1192 1238/1238 1239/1239
f 1193/1193 1239/1239 1240/1240
f 1194/1194 1240/1240 1241/1241
f 1195/1195 1241/1241 1242/1242
f 1196/1196 1242/1242 1243/1243
f 1197/1197 1243/1243 1244/1244
f 1198/1198 1244/1244 1245/1245
f 1199/1199 1245/1245 1246/1246
f 1200/1200 1246/1246 1247/1247
f 1201/1201 1247/1247 1248/1248
f 1202/1202 1248/1248 1249/1249
f 1203/1203 1249/1249 1250/1250
f 1204/1204 1250/1250 1251/1251
f 1205/1205 1251/1251 1252/1252
f 1206/1206 1252/1252 1253/1253
f 1207/1207 1253/1253 1254/1254
f 1208/1208 1254/1254 1255/1255
f 1209/1209 1255/1255 2456/2320
f 1210/1210 1256/1256 2664/2526
f 2664/2526 1301/1301 1257/1257
f 1213/1213 2536/2400 2781/2636
f 2792/2646 1260/1260 1215/1215
f 1216/1216 1215/1215 1262/1262
f 1217/1217 1216/1216 1263/1263
f 1218/1218 1217/1217 1264/1264
f 1219/1219 1218/1218 1265/1265
f 1220/1220 1219/1219 1266/1266
f 1221/1221 1220/1220 1267/1267
f 1222/1222 1221/1221 1268/1268
f 1223/1223 1222/1222 1269/1269
f 1224/1224 1223/1223 1270/1270
f 1225/1225 1224/1224 1271/1271
f 1226/1226 1225/1225 1272/1272
f 1227/1227 1226/1226 1273/1273
f 1228/1228 1227/1227 1274/1274
f 1229/1229 1228/1228 1275/1275
f 1230/1230 1229/1229 1276/1276
f 1231/1231 1230/1230 1277/1277
f 1232/1232 1231/1231 1278/1278
f 1233/1233 1232/1232 1279/1279
f 1233/1233 1280/1280 1234/1234
f 1236/1236 1281/1281 1282/1282
f 1237/1237 1282/1282 1283/1283
f 1238/1238 1283/1283 1284/1284
f 1239/1239 1284/1284 1285/1285
f 1240/1240 1286/1286 1241/1241
f 1287/1287 1286/1286 1331/1331
f 1243/1243 1287/1287 1288/1288
f 1244/1244 1288/1288 1289/1289
f 1245/1245 1289/1289 1290/1290
f 1290/1290 1246/1246 1245/1245
f 1247/1247 1291/1291 1292/1292
f 1248/1248 1292/1292 1293/1293
f 1249/1249 1293/1293 1294/1294
f 1250/1250 1294/1294 1295/1295
f 1251/1251 1295/1295 1296/1296
f 1252/1252 1296/1296 1297/1297
f 1253/1253 1297/1297 1298/1298
f 1254/1254 1298/1298 1299/1299
f 2456/2320 1255/1255 1300/1300
f 1258/1258 2901/2751 1302/1302
f 1259/1259 2731/2591 1304/1304
f 1260/1260 1259/1259 1305/1305
f 1261/1261 1260/1260 1306/1306
f 1262/1262 1261/1261 1307/1307
f 1263/1263 1262/1262 1308/1308
f 1264/1264 1263/1263 1309/1309
f 1265/1265 1264/1264 1310/1310
f 1266/1266 1265/1265 1311/1311
f 1267/1267 1266/1266 1312/1312
f 1268/1268 1267/1267 1313/1313
f 1269/1269 1268/1268 1314/1314
f 1270/1270 1269/1269 1315/1315
f 1271/1271 1270/1270 1316/1316
f 1272/1272 1271/1271 1317/1317
f 1273/1273 1272/1272 1318/1318
f 1274/1274 1273/1273 1319/1319
f 1275/1275 1274/1274 1320/1320
f 1276/1276 1275/1275 1321/1321
f 1277/1277 1276/1276 1322/1322
f 3061/2903 1323/1323 1324/1324
f 1279/1279 3061/2903 1324/1324
f 1325/1325 1279/1279 1324/1324
f 1282/1282 1326/1326 1327/1327
f 1283/1283 1327/1327 1328/1328
f 1283/1283 1329/1329 1284/1284
f 1284/1284 1330/1330 1285/1285
f 1287/1287 1331/1331 1332/1332
f 1288/1288 1332/1332 1333/1333
f 1289/1289 1333/1333 1334/1334
f 1290/1290 1334/1334 1335/1335
f 1291/1291 1335/1335 1336/1336
f 1292/1292 1336/1336 1337/1337
f 1337/1337 1293/1293 1292/1292
f 1294/1294 1338/1338 1339/1339
f 1295/1295 1339/1339 1340/1340
f 1296/1296 1340/1340 1341/1341
f 1297/1297 1341/1341 1342/1342
f 1298/1298 1342/1342 1343/1343
f 1299/1299 1343/1343 1344/1344
f 1300/1300 1344/1344 1345/1345
f 1346/1346 2788/2643 1345/1345
f 2634/2498 1386/1386 1348/1348
f 2901/2751 1348/1348 1302/1302
f 2872/2723 2690/2552 1350/1350
f 1305/1305 1304/1304 1351/1351
f 1306/1306 1305/1305 1352/1352
f 1307/1307 1306/1306 1353/1353
f 1308/1308 1307/1307 1354/1354
f 1309/1309 1308/1308 1355/1355
f 1310/1310 1309/1309 1356/1356
f 1311/1311 1310/1310 1357/1357
f 1312/1312 1311/1311 1358/1358
f 1313/1313 1312/1312 1358/1358
f 1314/1314 1313/1313 1359/1359
f 1315/1315 1314/1314 1360/1360
f 1316/1316 1362/1362 1317/1317
f 1318/1318 1317/1317 1363/1363
f 1364/1364 1320/1320 1319/1319
f 1322/1322 1321/1321 2860/2711
f 2949/2797 1366/1366 1323/1323
f 1368/1368 2309/2965 1325/1325
f 1327/1327 1369/1369 1406/1406
f 2425/2290 1329/1329 1328/1328
f 1330/1330 1370/1370 2797/2651
f 2767/2624 1371/1371 1410/1410
f 1372/1372 1333/1333 1332/1332
f 1334/1334 1373/1373 1374/1374
f 1335/1335 1374/1374 1375/1375
f 1335/1335 1375/1375 1336/1336
f 1336/1336 2930/2780 1337/1337
f 1376/1376 1338/1338 1337/1337
f 1377/1377 1339/1339 1338/1338
f 1339/1339 2918/2768 1340/1340
f 1341/1341 1378/1378 1379/1379
f 1342/1342 1379/1379 1380/1380
f 1343/1343 1380/1380 1381/1381
f 1344/1344 1381/1381 1382/1382
f 1345/1345 1382/1382 1383/1383
f 1346/1346 1383/1383 1384/1384
f 1386/1386 2634/2498 1347/1347
f 1349/1349 1389/1389 2537/2401
f 1351/1351 1390/1390 1391/1391
f 1352/1352 1351/1351 1392/1392
f 1353/1353 1352/1352 1393/1393
f 1394/1394 1354/1354 3037/2881
f 1356/1356 1355/1355 1395/1395
f 1357/1357 1356/1356 1396/1396
f 1358/1358 1357/1357 1397/1397
f 2784/2639 2966/2813 1359/1359
f 1361/1361 1360/1360 1398/1398
f 1362/1362 1399/1399 2965/2812
f 1317/1317 2965/2812 1363/1363
f 1402/1402 3021/2866 1365/1365
f 1366/1366 2860/2711 2956/2803
f 1405/1405 1367/1367 1404/1404
f 1367/1367 1405/1405 2913/2763
f 1370/1370 1409/1409 1371/1371
f 2884/2734 2767/2624 1411/1411
f 1373/1373 2884/2734 1412/1412
f 1413/1413 1374/1374 1412/1412
f 1414/1414 1413/1413 2726/2586
f 1415/1415 2930/2780 1414/1414
f 1376/1376 1416/1416 1377/1377
f 1378/1378 2918/2768 1418/1418
f 1378/1378 2805/2659 1379/1379
f 1380/1380 1419/1419 1420/1420
f 1382/1382 1421/1421 1422/1422
f 1383/1383 1422/1422 1423/1423
f 1384/1384 1423/1423 2825/2679
f 1425/1425 1385/1385 1424/1424
f 1387/1387 1426/1426 1388/1388
f 1390/1390 2852/2704 1427/1427
f 1391/1391 1390/1390 1427/1427
f 1392/1392 1391/1391 1428/1428
f 1430/1430 3048/2890 1429/1429
f 1432/1432 2758/2617 1431/1431
f 1395/1395 1394/1394 1432/1432
f 1432/1432 2964/2811 1395/1395
f 2759/2618 2630/2494 2784/2639
f 1398/1398 2630/2494 1434/1434
f 1400/1400 2965/2812 2887/2737
f 2956/2803 1438/1438 1404/1404
f 2495/2359 2723/2583 1440/1440
f 1412/1412 1442/1442 1443/1443
f 2726/2586 1443/1443 2507/2371
f 1444/1444 1415/1415 1414/1414
f 1417/1417 1445/1445 1446/1446
f 2476/2340 2864/2715 2629/2493
f 1422/1422 1449/1449 1450/1450
f 2446/2310 1450/1450 2628/2492
f 2384/2250 1426/1426 2855/2707
f 1426/1426 1455/1455 2424/2289
f 2424/2289 1456/1456 2840/2694
f 1457/1457 1427/1427 2840/2694
f 2754/2613 3033/2878 1458/1458
f 1429/1429 1459/1459 1460/1460
f 3029/2874 1429/1429 1461/1461
f 3029/2874 1430/1430 1429/1429
f 1433/1433 1434/1434 2630/2494
f 2529/2393 1399/1399 1436/1436
f 1470/1470 1438/1438 2619/2483
f 2589/2453 2587/2451 1439/1439
f 2828/2682 1440/1440 2741/2600
f 1476/1476 2421/2286 2980/2827
f 2955/2802 2507/2371 1478/1478
f 2911/2761 2607/2471 1479/1479
f 1446/1446 2911/2761 1480/1480
f 1483/1483 2864/2715 1482/1482
f 1448/1448 1484/1484 1449/1449
f 1514/1514 2628/2492 1485/1485
f 1517/1517 1487/1487 1516/1516
f 1454/1454 1453/1453 1517/1517
f 1489/1489 1455/1455 1454/1454
f 1492/1492 1458/1458 1491/1491
f 3029/2874 2917/2767 1431/1431
f 2772/2628 2431/2296 1462/1462
f 1463/1463 2431/2296 1494/1494
f 1495/1495 1463/1463 1494/1494
f 1464/1464 1496/1496 1433/1433
f 1466/1466 2923/2773 2544/2408
f 1528/1528 2518/2382 1467/1467
f 1497/1497 1468/1468 2518/2382
f 1468/1468 1498/1498 1469/1469
f 1470/1470 1469/1469 1499/1499
f 1501/1501 1471/1471 1500/1500
f 1473/1473 1503/1503 2499/2363
f 1477/1477 1507/1507 2408/2273
f 1507/1507 2955/2802 1478/1478
f 2444/2308 3019/2864 1479/1479
f 1481/1481 2807/2661 2430/2295
f 1513/1513 1512/1512 1540/1540
f 2628/2492 1514/1514 1486/1486
f 1486/1486 1515/1515 2454/2318
f 2487/2351 1488/1488 1517/1517
f 1489/1489 1519/1519 2435/2299
f 2623/2487 2689/2551 1490/1490
f 1521/1521 1491/1491 2689/2551
f 2990/2836 1492/1492 1491/1491
f 1492/1492 1522/1522 1460/1460
f 2438/2302 1523/1523 1493/1493
f 1525/1525 2772/2628 1524/1524
f 1496/1496 1495/1495 1526/1526
f 2903/2753 2432/2297 1527/1527
f 1528/1528 1497/1497 2518/2382
f 1499/1499 1498/1498 2508/2372
f 1500/1500 1499/1499 1530/1530
f 1500/1500 1531/1531 1501/1501
f 1533/1533 1502/1502 1532/1532
f 3031/2876 1504/1504 2383/2249
f 1536/1536 2738/2597 2393/2259
f 2418/2283 2398/2263 2826/2680
f 1542/1542 1516/1516 2740/2599
f 1516/1516 2487/2351 1517/1517
f 1488/1488 1518/1518 1519/1519
f 1544/1544 1520/1520 2688/2550
f 1520/1520 2681/2543 1521/1521
f 2513/2377 2686/2548 1523/1523
f 1525/1525 2789/2644 2511/2375
f 2503/2367 2580/2444 1526/1526
f 2401/2266 2824/2678 2514/2378
f 2903/2753 1547/1547 2661/2523
f 2508/2372 1549/1549 1530/1530
f 1532/1532 1552/1552 1533/1533
f 2481/2345 2898/2748 3031/2876
f 1535/1535 1534/1534 1554/1554
f 1536/1536 3001/2847 1555/1555
f 1536/1536 1555/1555 2645/2509
f 2738/2597 1557/1557 2489/2353
f 2867/2718 1557/1557 2765/2623
f 1592/1592 2931/2781 1561/1561
f 1564/1564 2448/2312 1563/1563
f 2448/2312 1565/1565 1541/1541
f 2740/2599 1566/1566 1542/1542
f 1567/1567 1542/1542 1566/1566
f 1568/1568 2392/2258 2490/2354
f 1569/1569 1543/1543 1568/1568
f 2681/2543 1544/1544 1570/1570
f 2817/2671 1546/1546 2513/2377
f 2387/2253 1574/1574 2657/2519
f 2657/2519 1575/1575 2580/2444
f 1575/1575 1576/1576 2996/2842
f 1548/1548 2877/2728 1578/1578
f 1580/1580 2397/2262 2670/2532
f 1581/1581 1580/1580 2670/2532
f 2504/2368 2405/2270 1581/1581
f 1583/1583 2942/2792 1552/1552
f 2898/2748 1584/1584 1585/1585
f 1586/1586 2663/2525 1585/1585
f 2874/2725 1556/1556 1555/1555
f 2981/2828 2765/2623 1589/1589
f 2981/2828 1589/1589 2643/2507
f 1590/1590 1560/1560 1559/1559
f 1561/1561 1591/1591 1592/1592
f 1568/1568 2490/2354 1595/1595
f 1569/1569 1568/1568 1596/1596
f 2592/2456 1569/1569 2927/2777
f 1597/1597 1570/1570 2592/2456
f 2696/2558 2817/2671 1571/1571
f 2817/2671 1600/1600 2899/2749
f 3038/2882 1602/1602 2654/2516
f 2382/2248 2482/2346 1628/1628
f 1605/1605 2479/2343 2912/2762
f 2504/2368 1607/1607 1608/1608
f 2504/2368 1632/1632 1582/1582
f 1610/1610 2346/2215 1609/1609
f 2942/2792 1610/1610 1584/1584
f 1586/1586 1585/1585 1612/1612
f 2642/2506 2557/2421 1614/1614
f 1616/1616 2486/2350 1643/1643
f 1593/1593 1616/1616 2578/2442
f 1598/1598 2556/2420 2885/2735
f 2555/2419 1623/1623 1599/1599
f 1602/1602 2467/2331 1624/1624
f 2654/2516 1624/1624 1625/1625
f 2389/2255 2482/2346 3018/2863
f 2483/2347 1605/1605 1628/1628
f 2904/2754 1629/1629 1606/1606
f 3010/2856 1629/1629 2493/2357
f 1608/1608 1630/1630 1656/1656
f 1632/1632 2504/2368 1608/1608
f 2929/2779 2700/2562 1611/1611
f 1612/1612 1611/1611 2700/2562
f 2363/2230 1638/1638 2468/2332
f 2934/2784 1640/1640 2563/2427
f 1640/1640 1639/1639 2638/2502
f 2457/2321 3057/2899 1641/1641
f 2613/2477 2963/2810 2407/2272
f 2621/2485 1616/1616 1643/1643
f 1644/1644 3015/2860 1617/1617
f 2927/2777 1618/1618 1619/1619
f 2409/2274 2569/2433 1620/1620
f 2371/2238 1647/1647 1621/1621
f 3030/2875 1649/1649 1623/1623
f 2687/2549 2564/2428 1623/1623
f 2379/2245 1625/1625 1651/1651
f 2895/2745 1652/1652 1653/1653
f 2639/2503 1627/1627 1653/1653
f 1629/1629 1655/1655 2493/2357
f 2929/2779 1609/1609 1658/1658
f 1633/1633 1659/1659 1634/1634
f 2412/2277 2669/2531 2515/2379
f 2380/2246 1663/1663 1636/1636
f 1636/1636 1663/1663 1637/1637
f 1638/1638 2562/2426 1664/1664
f 2640/2504 2987/2833 2557/2421
f 2458/2322 1641/1641 2638/2502
f 1642/1642 1668/1668 2374/2241
f 1646/1646 2376/2243 1673/1673
f 1675/1675 2463/2327 1674/1674
f 2463/2327 1675/1675 1647/1647
f 2364/2231 2973/2820 1650/1650
f 2960/2807 2973/2820 1677/1677
f 1651/1651 1678/1678 1679/1679
f 2480/2344 2379/2245 1679/1679
f 1680/1680 2961/2808 1652/1652
f 2389/2255 2639/2503 2492/2356
f 2411/2276 2402/2267 1683/1683
f 1685/1685 1684/1684 1712/1712
f 1685/1685 1656/1656 2829/2683
f 2947/2796 2871/2722 1658/1658
f 1660/1660 1661/1661 2515/2379
f 1688/1688 1661/1661 2752/2611
f 1690/1690 2380/2246 1662/1662
f 1666/1666 2561/2425 1692/1692
f 2638/2502 1694/1694 2458/2322
f 1667/1667 1695/1695 2631/2495
f 2810/2664 1667/1667 2631/2495
f 2850/2702 1670/1670 2621/2485
f 1671/1671 1698/1698 2818/2672
f 2644/2508 1700/1700 1674/1674
f 2464/2328 1674/1674 1700/1700
f 2465/2329 2365/2232 2737/2596
f 2973/2820 2960/2807 1678/1678
f 2480/2344 1706/1706 1707/1707
f 1681/1681 1737/1737 1708/1708
f 2496/2360 1682/1682 1708/1708
f 2775/2630 3059/2901 1709/1709
f 2597/2461 2411/2276 1710/1710
f 1711/1711 2932/2782 1684/1684
f 2921/2771 1712/1712 2349/2218
f 2871/2722 1713/1713 1714/1714
f 1715/1715 1686/1686 1714/1714
f 2426/2291 3067/2908 2749/2608
f 1689/1689 2550/2414 2749/2608
f 1718/1718 1689/1689 2749/2608
f 2390/2256 2994/2840 1747/1747
f 3054/2896 2568/2432 2478/2342
f 2568/2432 2375/2242 2478/2342
f 2366/2233 1694/1694 1723/1723
f 1667/1667 2810/2664 1668/1668
f 2560/2424 1726/1726 2702/2564
f 1727/1727 1696/1696 2560/2424
f 1757/1757 2573/2437 2815/2669
f 1728/1728 1698/1698 1697/1697
f 1730/1730 2641/2505 2368/2235
f 2951/2799 3056/2898 2464/2328
f 1733/1733 1732/1732 1760/1760
f 1733/1733 2365/2232 1702/1702
f 1736/1736 1735/1735 2502/2366
f 2776/2631 1707/1707 1736/1736
f 1708/1708 1738/1738 2496/2360
f 1710/1710 3028/2873 2597/2461
f 1715/1715 1716/1716 1686/1686
f 2620/2484 1745/1745 1717/1717
f 2568/2432 1749/1749 1721/1721
f 2953/2801 1750/1750 2845/2698
f 2701/2563 2366/2233 1751/1751
f 2702/2564 1726/1726 1754/1754
f 2646/2510 2815/2669 1756/1756
f 1757/1757 2488/2352 1729/1729
f 1759/1759 2622/2486 1731/1731
f 1761/1761 1734/1734 1733/1733
f 2611/2475 2803/2657 1734/1734
f 1763/1763 2794/2648 1704/1704
f 2600/2464 1765/1765 1789/1789
f 2427/2292 2535/2399 2804/2658
f 1740/1740 3002/2848 2730/2590
f 1769/1769 1768/1768 2711/2571
f 1770/1770 2449/2313 1744/1744
f 2620/2484 1772/1772 1745/1745
f 1746/1746 1745/1745 2598/2462
f 2745/2604 1755/1755 2373/2240
f 2815/2669 2646/2510 1757/1757
f 1758/1758 2936/2786 1782/1782
f 2367/2234 2893/2743 2471/2335
f 2938/2788 2893/2743 2785/2640
f 1785/1785 2611/2475 1762/1762
f 2502/2366 2377/2244 2714/2574
f 1788/1788 2522/2386 1813/1813
f 3025/2870 2427/2292 2600/2464
f 1790/1790 2443/2307 1767/1767
f 1771/1771 1770/1770 1794/1794
f 1772/1772 1771/1771 1795/1795
f 2598/2462 1797/1797 1773/1773
f 1774/1774 1798/1798 2583/2447
f 1777/1777 1776/1776 1800/1800
f 1778/1778 1801/1801 2666/2528
f 2703/2565 2666/2528 1751/1751
f 2370/2237 1803/1803 2846/2699
f 1809/1809 2925/2775 1784/1784
f 1810/1810 2388/2254 1762/1762
f 1786/1786 2395/2261 2714/2574
f 2757/2616 1812/1812 1839/1839
f 1789/1789 2811/2665 1814/1814
f 2452/2316 2896/2746 1843/1843
f 2941/2791 2727/2587 2440/2304
f 1848/1848 1816/1816 3051/2893
f 1793/1793 1792/1792 1818/1818
f 1794/1794 1793/1793 1819/1819
f 1795/1795 1794/1794 1820/1820
f 1796/1796 1795/1795 1821/1821
f 2808/2662 1823/1823 1798/1798
f 2725/2585 2583/2447 2521/2385
f 1826/1826 1778/1778 1800/1800
f 1827/1827 1802/1802 1801/1801
f 1803/1803 1828/1828 2470/2334
f 1803/1803 1804/1804 2846/2699
f 2724/2584 2673/2535 1829/1829
f 1805/1805 1830/1830 2774/2629
f 2599/2463 2919/2769 2617/2481
f 2919/2769 2599/2463 2519/2383
f 2801/2655 1832/1832 2585/2449
f 2938/2788 1809/1809 1784/1784
f 2542/2406 1835/1835 1836/1836
f 1816/1816 1847/1847 3051/2893
f 1792/1792 1849/1849 1818/1818
f 1819/1819 1818/1818 1850/1850
f 1820/1820 1819/1819 1851/1851
f 1821/1821 1820/1820 1852/1852
f 2808/2662 1853/1853 1823/1823
f 1854/1854 2844/2697 1823/1823
f 2470/2334 2724/2584 1829/1829
f 1830/1830 2673/2535 1861/1861
f 1861/1861 2813/2667 1830/1830
f 1865/1865 1831/1831 2760/2619
f 2783/2638 1832/1832 1865/1865
f 1866/1866 3000/2846 2777/2632
f 1835/1835 2933/2783 1836/1836
f 1838/1838 2905/2755 1870/1870
f 1839/1839 1870/1870 1871/1871
f 2757/2616 1873/1873 1840/1840
f 1840/1840 1874/1874 1841/1841
f 1902/1902 2836/2690 1874/1874
f 1842/1842 1876/1876 1843/1843
f 1844/1844 1876/1876 1877/1877
f 1845/1845 1877/1877 1878/1878
f 1846/1846 1878/1878 1879/1879
f 1881/1881 1850/1850 1880/1880
f 1852/1852 1851/1851 1882/1882
f 2809/2663 1883/1883 3046/2888
f 1854/1854 1853/1853 1884/1884
f 2742/2601 2768/2625 2832/2686
f 1856/1856 2635/2499 2417/2282
f 2755/2614 1892/1892 1862/1862
f 1892/1892 2940/2790 1862/1862
f 1897/1897 1868/1868 1896/1896
f 2969/2816 1898/1898 1870/1870
f 1871/1871 1898/1898 1899/1899
f 1872/1872 1899/1899 1900/1900
f 1873/1873 1900/1900 1901/1901
f 1874/1874 1901/1901 1902/1902
f 1903/1903 1875/1875 1902/1902
f 1875/1875 1904/1904 1876/1876
f 1877/1877 1904/1904 1905/1905
f 1878/1878 1905/1905 1906/1906
f 1879/1879 1906/1906 1907/1907
f 3039/2883 1933/1933 1880/1880
f 1882/1882 1881/1881 1909/1909
f 1883/1883 1882/1882 1910/1910
f 1884/1884 3046/2888 1911/1911
f 1885/1885 1884/1884 1912/1912
f 2523/2387 2602/2466 1915/1915
f 2447/2311 2606/2470 1890/1890
f 1892/1892 1891/1891 3023/2868
f 2695/2557 1917/1917 1894/1894
f 2937/2787 2692/2554 1917/1917
f 1895/1895 1919/1919 2552/2416
f 1920/1920 2552/2416 1919/1919
f 1921/1921 2733/2592 1920/1920
f 3009/2855 2897/2747 1922/1922
f 1896/1896 1922/1922 1923/1923
f 1896/1896 3052/2894 1897/1897
f 1898/1898 1924/1924 1925/1925
f 1899/1899 1925/1925 1926/1926
f 1900/1900 1926/1926 1927/1927
f 1901/1901 1927/1927 1928/1928
f 1902/1902 1928/1928 1929/1929
f 1903/1903 1929/1929 1930/1930
f 1906/1906 1932/1932 1960/1960
f 1934/1934 1909/1909 2722/2582
f 1911/1911 1910/1910 1935/1935
f 1912/1912 1911/1911 1936/1936
f 1885/1885 3053/2895 1886/1886
f 2827/2681 1937/1937 1938/1938
f 1971/1971 1915/1915 1940/1940
f 2632/2496 1942/1942 2853/2705
f 2606/2470 2853/2705 1943/1943
f 1916/1916 1944/1944 1945/1945
f 1946/1946 1945/1945 2735/2594
f 1918/1918 2937/2787 1947/1947
f 1919/1919 1947/1947 1948/1948
f 1920/1920 1948/1948 1949/1949
f 1921/1921 1949/1949 1950/1950
f 1922/1922 1951/1951 1923/1923
f 1923/1923 1951/1951 1952/1952
f 1953/1953 3052/2894 1952/1952
f 1925/1925 1953/1953 1954/1954
f 1926/1926 1954/1954 1955/1955
f 1927/1927 1955/1955 1956/1956
f 1928/1928 1956/1956 1957/1957
f 1929/1929 1957/1957 1958/1958
f 1931/1931 1930/1930 2656/2518
f 1989/1989 1959/1959 1931/1931
f 1934/1934 2722/2582 1963/1963
f 1935/1935 1934/1934 1964/1964
f 1936/1936 1935/1935 1965/1965
f 1966/1966 3053/2895 1936/1936
f 1968/1968 1939/1939 1938/1938
f 2928/2778 1939/1939 1969/1969
f 1914/1914 2928/2778 1940/1940
f 1915/1915 1971/1971 1941/1941
f 1942/1942 1941/1941 1972/1972
f 1943/1943 1942/1942 1973/1973
f 1943/1943 1974/1974 2698/2560
f 2002/2002 2735/2594 1975/1975
f 2847/2700 1977/1977 1947/1947
f 1948/1948 1977/1977 1978/1978
f 1949/1949 1978/1978 1979/1979
f 1950/1950 1979/1979 1980/1980
f 1951/1951 1980/1980 1981/1981
f 1952/1952 1981/1981 1982/1982
f 1953/1953 1982/1982 1983/1983
f 1954/1954 1983/1983 1984/1984
f 1955/1955 1984/1984 1985/1985
f 1956/1956 1985/1985 1986/1986
f 1957/1957 1986/1986 1987/1987
f 1958/1958 1987/1987 1988/1988
f 1959/1959 2348/2217 1960/1960
f 2348/2217 1959/1959 1989/1989
f 1962/1962 2466/2330 2653/2515
f 1965/1965 1964/1964 1992/1992
f 1966/1966 1965/1965 1993/1993
f 1967/1967 1966/1966 1994/1994
f 1968/1968 1967/1967 1995/1995
f 1969/1969 1968/1968 1996/1996
f 1996/1996 3050/2892 1969/1969
f 1971/1971 1970/1970 1998/1998
f 1972/1972 3042/2886 1999/1999
f 1973/1973 1972/1972 2000/2000
f 2001/2001 3017/2862 1974/1974
f 3017/2862 2610/2474 1974/1974
f 2842/2695 1975/1975 3017/2862
f 1976/1976 2002/2002 2003/2003
f 1978/1978 2004/2004 2005/2005
f 1979/1979 2005/2005 2006/2006
f 1980/1980 2006/2006 2007/2007
f 1981/1981 2007/2007 2008/2008
f 1982/1982 2008/2008 2009/2009
f 1983/1983 2009/2009 2010/2010
f 1984/1984 2010/2010 2011/2011
f 1985/1985 2011/2011 2012/2012
f 1986/1986 2012/2012 2013/2013
f 1987/1987 2013/2013 2014/2014
f 2014/2014 1988/1988 1987/1987
f 2016/2016 2656/2518 1988/1988
f 2976/2823 2998/2844 2043/2043
f 2976/2823 2348/2217 1989/1989
f 1962/1962 1990/1990 1963/1963
f 1963/1963 1991/1991 1964/1964
f 1992/1992 1991/1991 2019/2019
f 1993/1993 1992/1992 2020/2020
f 1994/1994 1993/1993 2021/2021
f 1995/1995 1994/1994 2022/2022
f 1996/1996 1995/1995 2023/2023
f 1997/1997 1996/1996 2024/2024
f 1998/1998 1997/1997 2025/2025
f 3042/2886 2026/2026 1999/1999
f 2027/2027 1999/1999 3004/2850
f 2027/2027 2000/2000 1999/1999
f 2001/2001 2842/2695 3017/2862
f 2003/2003 2028/2028 2859/2710
f 2029/2029 2004/2004 1976/1976
f 2005/2005 2030/2030 2031/2031
f 2006/2006 2031/2031 2032/2032
f 2007/2007 2032/2032 2033/2033
f 2008/2008 2033/2033 2034/2034
f 2009/2009 2034/2034 2035/2035
f 2010/2010 2035/2035 2036/2036
f 2011/2011 2036/2036 2037/2037
f 2012/2012 2037/2037 2038/2038
f 2013/2013 2038/2038 2039/2039
f 2039/2039 2014/2014 2013/2013
f 2014/2014 2040/2040 2015/2015
f 2820/2674 2016/2016 2015/2015
f 2347/2216 2044/2044 1990/1990
f 1990/1990 2044/2044 2018/2018
f 2019/2019 2018/2018 2045/2045
f 2020/2020 2019/2019 2046/2046
f 2021/2021 2020/2020 2047/2047
f 2022/2022 2021/2021 2048/2048
f 2023/2023 2022/2022 2049/2049
f 2024/2024 2023/2023 2050/2050
f 2025/2025 2024/2024 2051/2051
f 2026/2026 2025/2025 2052/2052
f 2052/2052 3004/2850 2026/2026
f 2054/2054 2962/2809 2762/2621
f 3005/2851 2859/2710 2055/2055
f 2030/2030 2056/2056 2057/2057
f 2031/2031 2057/2057 2058/2058
f 2032/2032 2058/2058 2059/2059
f 2033/2033 2059/2059 2060/2060
f 2034/2034 2060/2060 2061/2061
f 2035/2035 2061/2061 2062/2062
f 2036/2036 2062/2062 2063/2063
f 2037/2037 2063/2063 2064/2064
f 2065/2065 2064/2064 2083/2083
f 2040/2040 2066/2066 2697/2559
f 2046/2046 2045/2045 2067/2067
f 2047/2047 2046/2046 2068/2068
f 2048/2048 2047/2047 2069/2069
f 2049/2049 2048/2048 2070/2070
f 2050/2050 2049/2049 2071/2071
f 2051/2051 2050/2050 2072/2072
f 2052/2052 2051/2051 2073/2073
f 2052/2052 3043/2887 2053/2053
f 2762/2621 2074/2074 2054/2054
f 3005/2851 2098/2098 2076/2076
f 2058/2058 2769/2626 2077/2077
f 2059/2059 2077/2077 2078/2078
f 2060/2060 2078/2078 2079/2079
f 2061/2061 2079/2079 2080/2080
f 2062/2062 2080/2080 2081/2081
f 2063/2063 2081/2081 2082/2082
f 2064/2064 2082/2082 2083/2083
f 2065/2065 2083/2083 2084/2084
f 2697/2559 2085/2085 2041/2041
f 2045/2045 2706/2566 2087/2087
f 2068/2068 2067/2067 2089/2089
f 2069/2069 2068/2068 2090/2090
f 2070/2070 2069/2069 2091/2091
f 2071/2071 2070/2070 2092/2092
f 2072/2072 2071/2071 2093/2093
f 2073/2073 2072/2072 2094/2094
f 3043/2887 2095/2095 2096/2096
f 2096/2096 2097/2097 2074/2074
f 2098/2098 2787/2642 2119/2119
f 2076/2076 2098/2098 2099/2099
f 2099/2099 2100/2100 2769/2626
f 2077/2077 2100/2100 2101/2101
f 2078/2078 2101/2101 2102/2102
f 2079/2079 2102/2102 2103/2103
f 2080/2080 2103/2103 2104/2104
f 2081/2081 2104/2104 2105/2105
f 2082/2082 2105/2105 2106/2106
f 2107/2107 2106/2106 2127/2127
f 2084/2084 2109/2109 2066/2066
f 2090/2090 2089/2089 2112/2112
f 2091/2091 2090/2090 2113/2113
f 2092/2092 2091/2091 2114/2114
f 2093/2093 2092/2092 2115/2115
f 2094/2094 2093/2093 2116/2116
f 2095/2095 2094/2094 2117/2117
f 2099/2099 2119/2119 2120/2120
f 2100/2100 2120/2120 2121/2121
f 2101/2101 2121/2121 2122/2122
f 2102/2102 2122/2122 2123/2123
f 2103/2103 2123/2123 2124/2124
f 2104/2104 2124/2124 2125/2125
f 2105/2105 2125/2125 2126/2126
f 2106/2106 2126/2126 2127/2127
f 2707/2567 2108/2108 2107/2107
f 2149/2149 2108/2108 2128/2128
f 2751/2610 2131/2131 2111/2111
f 2112/2112 2111/2111 2132/2132
f 2113/2113 2112/2112 2133/2133
f 2114/2114 2113/2113 2134/2134
f 2115/2115 2114/2114 2135/2135
f 2116/2116 2115/2115 2136/2136
f 2117/2117 2116/2116 2137/2137
f 2118/2118 2117/2117 2138/2138
f 2139/2139 2118/2118 2138/2138
f 2140/2140 2119/2119 2139/2139
f 2141/2141 2140/2140 2734/2593
f 2121/2121 2141/2141 2142/2142
f 2122/2122 2142/2142 2143/2143
f 2123/2123 2143/2143 2144/2144
f 2124/2124 2144/2144 2145/2145
f 2125/2125 2163/2163 2126/2126
f 2146/2146 2127/2127 2126/2126
f 2127/2127 2707/2567 2107/2107
f 2130/2130 2131/2131 2834/2688
f 2111/2111 2729/2589 2132/2132
f 2133/2133 2152/2152 2746/2605
f 2135/2135 2134/2134 2153/2153
f 2136/2136 2135/2135 2154/2154
f 2137/2137 2136/2136 2155/2155
f 2138/2138 2137/2137 2156/2156
f 2734/2593 2159/2159 2142/2142
f 2143/2143 2159/2159 2160/2160
f 2144/2144 2160/2160 2161/2161
f 2145/2145 2161/2161 2162/2162
f 2125/2125 2162/2162 2163/2163
f 2166/2166 2152/2152 2165/2165
f 2154/2154 2153/2153 2168/2168
f 2155/2155 2154/2154 2169/2169
f 2156/2156 2155/2155 2170/2170
f 2160/2160 2173/2173 2174/2174
f 2161/2161 2174/2174 2175/2175
f 2162/2162 2175/2175 2176/2176
f 2163/2163 2176/2176 2177/2177
f 2178/2178 2177/2177 2200/2200
f 2151/2151 2179/2179 2165/2165
f 2152/2152 2166/2166 2746/2605
f 2166/2166 2167/2167 2746/2605
f 2168/2168 2167/2167 2182/2182
f 2169/2169 2168/2168 2183/2183
f 2171/2171 2184/2184 2185/2185
f 2172/2172 2171/2171 2186/2186
f 2173/2173 2187/2187 2188/2188
f 2174/2174 2188/2188 2189/2189
f 2175/2175 2189/2189 2199/2199
f 2176/2176 2199/2199 2190/2190
f 2190/2190 2177/2177 2176/2176
f 2178/2178 2200/2200 2191/2191
f 2868/2719 2178/2178 2191/2191
f 2182/2182 2181/2181 2978/2825
f 2182/2182 2978/2825 2193/2193
f 2170/2170 2183/2183 2194/2194
f 2186/2186 2195/2195 2187/2187
f 2188/2188 2196/2196 2197/2197
f 2189/2189 2197/2197 2198/2198
f 2199/2199 2189/2189 2198/2198
f 2192/2192 2180/2180 2273/3007
f 2978/2825 2192/2192 2201/2201
f 2201/2201 2202/2202 2978/2825
f 2194/2194 2193/2193 2203/2203
f 2184/2184 2922/2772 2185/2185
f 2520/2384 2713/2573 2195/2195
f 2939/2789 2198/2198 2197/2197
f 2206/2206 2851/2703 2198/2198
f 2190/2190 2851/2703 2208/2208
f 2202/2202 2908/2758 2203/2203
f 2204/2204 2203/2203 2908/2758
f 2461/2325 2415/2280 2596/2460
f 2461/2325 2205/2205 2713/2573
f 2198/2198 2939/2789 2206/2206
f 2206/2206 2281/2998 2207/2207
f 31/31 2220/2913 2221/3072
f 2221/3072 2222/3071 30/30
f 2221/3072 30/30 31/31
f 2219/2914 2220/2913 22/22
f 2219/2914 22/22 2915/2765
f 2225/3067 123/123 99/99
f 99/99 2224/3068 2225/3067
f 99/99 78/78 2224/3068
f 78/78 2345/2214 2954/3069
f 46/46 30/30 2222/3071
f 2223/3070 46/46 2222/3071
f 2214/2919 2215/2918 2343/2212
f 2213/2920 2214/2919 1/1
f 2215/2918 4/4 2343/2212
f 4/4 2215/2918 2216/2917
f 3/3 2342/2922 2750/2609
f 3/3 2341/2923 2342/2922
f 2212/2921 2/2 2750/2609
f 11/11 2217/2916 2218/2915
f 2218/2915 2915/2765 11/11
f 2217/2916 11/11 2344/2213
f 2218/2915 2219/2914 2915/2765
f 2344/2213 4/4 2216/2917
f 2/2 2212/2921 2213/2920
f 2216/2917 2217/2916 2344/2213
f 2704/3051 2790/3050 626/626
f 587/587 3069/2910 2910/2760
f 788/788 2236/3049 2237/3048
f 833/833 2237/3048 2238/3047
f 552/552 2732/3054 2235/3053
f 2235/3053 587/587 552/552
f 2732/3054 552/552 514/514
f 2704/3051 3069/2910 2766/3052
f 2241/3043 2242/3042 1051/1051
f 1005/1005 2360/3044 2241/3043
f 2243/3041 1096/1096 2242/3042
f 2244/3040 1142/1142 2243/3041
f 1281/1281 2245/3039 2246/3038
f 1235/1235 2244/3040 2245/3039
f 876/876 2238/3047 2239/3046
f 919/919 876/876 2239/3046
f 876/876 833/833 2238/3047
f 919/919 2239/3046 2240/3045
f 960/960 919/919 2240/3045
f 1005/1005 960/960 2360/3044
f 1051/1051 1005/1005 2241/3043
f 1051/1051 2242/3042 1096/1096
f 1281/1281 1235/1235 2245/3039
f 1235/1235 1142/1142 2244/3040
f 1326/1326 1281/1281 2246/3038
f 2228/3063 2229/3062 228/228
f 228/228 198/198 2228/3063
f 198/198 2434/3064 2228/3063
f 2434/3064 198/198 172/172
f 2229/3062 255/255 228/228
f 2848/3061 255/255 2229/3062
f 173/173 2226/3066 2227/3065
f 172/172 2227/3065 2434/3064
f 443/443 2233/3057 2234/3056
f 2233/3057 443/443 408/408
f 408/408 2232/3058 2233/3057
f 2857/3055 514/514 476/476
f 346/346 378/378 345/345
f 315/315 283/283 2230/3060
f 2230/3060 2231/3059 315/315
f 283/283 2848/3061 2230/3060
f 378/378 315/315 2231/3059
f 2232/3058 408/408 378/378
f 2231/3059 2232/3058 378/378
f 2341/2923 3/3 2358/2227
f 2340/2924 2358/2227 2356/2225
f 2340/2924 2341/2923 2358/2227
f 2340/2924 2356/2225 2339/2925
f 2357/2226 2339/2925 2356/2225
f 2357/2226 2338/2926 2339/2925
f 2338/2926 2357/2226 10/10
f 10/10 2337/2927 2338/2926
f 2336/2928 2355/2224 21/21
f 21/21 2335/2929 2336/2928
f 2355/2224 2336/2928 2337/2927
f 2354/2223 2335/2929 21/21
f 2334/2930 2335/2929 2354/2223
f 45/45 2334/2930 2354/2223
f 2334/2930 45/45 2333/2931
f 2352/2221 2332/2932 2333/2931
f 2332/2932 2352/2221 2353/2222
f 2353/2222 2943/2933 2332/2932
f 2353/2222 77/77 2943/2933
f 2652/2934 98/98 2331/2935
f 2943/2933 77/77 2652/2934
f 122/122 2331/2935 98/98
f 2330/2936 2331/2935 122/122
f 148/148 2330/2936 122/122
f 2329/2937 2330/2936 148/148
f 171/171 2329/2937 148/148
f 2773/2938 2329/2937 171/171
f 2328/2939 254/254 2327/2940
f 254/254 2328/2939 227/227
f 282/282 2327/2940 254/254
f 2647/2941 314/314 2326/2942
f 2327/2940 282/282 2647/2941
f 344/344 2881/2943 2326/2942
f 314/314 344/344 2326/2942
f 2894/2744 2881/2943 344/344
f 2325/2944 2894/2744 2351/2220
f 2324/2945 2325/2944 2351/2220
f 2786/2641 2351/2220 407/407
f 2351/2220 2786/2641 2324/2945
f 2323/2946 2324/2945 2786/2641
f 2323/2946 2786/2641 2350/2219
f 2350/2219 2764/2947 2323/2946
f 661/661 625/625 586/586
f 513/513 3070/2948 2764/2947
f 2764/2947 2350/2219 513/513
f 2321/2951 2322/2950 625/625
f 2322/2950 551/551 625/625
f 700/700 742/742 2770/2952
f 700/700 2770/2952 2321/2951
f 2320/2953 787/787 2319/2954
f 875/875 2317/2956 2318/2955
f 832/832 2319/2954 787/787
f 2318/2955 832/832 875/875
f 959/959 2316/2957 918/918
f 959/959 2315/2958 2316/2957
f 918/918 2316/2957 2317/2956
f 959/959 1004/1004 2315/2958
f 2361/2959 1050/1050 2314/2960
f 918/918 2317/2956 875/875
f 1050/1050 1095/1095 2314/2960
f 2312/2962 1234/1234 2311/2963
f 1325/1325 2310/2964 1280/1280
f 1234/1234 1280/1280 2311/2963
f 1188/1188 1095/1095 1141/1141
f 1004/1004 2361/2959 2315/2958
f 1095/1095 2313/2961 2314/2960
f 2313/2961 1188/1188 2312/2962
f 1280/1280 2310/2964 2311/2963
f 1234/1234 2312/2962 1188/1188
f 2247/3037 1326/1326 2246/3038
f 2248/3036 2249/3035 2589/2453
f 2248/3036 2589/2453 1369/1369
f 1326/1326 2247/3037 1369/1369
f 2589/2453 2249/3035 2587/2451
f 2587/2451 2249/3035 2250/3034
f 2250/3034 2251/3033 2359/2228
f 2251/3033 1502/1502 2359/2228
f 2251/3033 2252/3032 1532/1532
f 1551/1551 2252/3032 2253/3031
f 2252/3032 1551/1551 1532/1532
f 2251/3033 1532/1532 1502/1502
f 2253/3031 1583/1583 1551/1551
f 1583/1583 2253/3031 2346/2215
f 2346/2215 3044/3030 2254/3029
f 2254/3029 1609/1609 2346/2215
f 2256/3027 2947/2796 2255/3028
f 2254/3029 1657/1657 1609/1609
f 1657/1657 2254/3029 2255/3028
f 2256/3027 1713/1713 2947/2796
f 1742/1742 2258/3025 1768/1768
f 2258/3025 1742/1742 2257/3026
f 1768/1768 2258/3025 2841/3024
f 2841/3024 2711/2571 1768/1768
f 2711/2571 2763/2622 1769/1769
f 1817/1817 2378/3023 2259/3022
f 2378/3023 2711/2571 2841/3024
f 1817/1817 2259/3022 1849/1849
f 2259/3022 2260/3021 1849/1849
f 2260/3021 2739/2598 1849/1849
f 2739/2598 3039/2883 1849/1849
f 1933/1933 2739/2598 2261/3020
f 3065/2907 1933/1933 3013/3019
f 1961/1961 3065/2907 2262/3018
f 1961/1961 2263/3017 2653/2515
f 2264/3016 2653/2515 2263/3017
f 2262/3018 2263/3017 1961/1961
f 2265/3015 2017/2017 2264/3016
f 2017/2017 2265/3015 2995/2841
f 2265/3015 2266/3014 2995/2841
f 2706/2566 2995/2841 2086/2086
f 2086/2086 2266/3014 2267/3013
f 2110/2110 2086/2086 2267/3013
f 2267/3013 2268/3012 2110/2110
f 2110/2110 2268/3012 2130/2130
f 2268/3012 2269/3011 2130/2130
f 2834/2688 2110/2110 2130/2130
f 2130/2130 2269/3011 2150/2150
f 2269/3011 2270/3010 2150/2150
f 2150/2150 2270/3010 2164/2164
f 2164/2164 2271/3009 2179/2179
f 2271/3009 2164/2164 2270/3010
f 2729/2589 2164/2164 2151/2151
f 2271/3009 2272/3008 2179/2179
f 3045/3006 2192/2192 2273/3007
f 2272/3008 2273/3007 2180/2180
f 2209/2209 2274/3005 2275/3004
f 2209/2209 2201/2201 2274/3005
f 3045/3006 2274/3005 2201/2201
f 2275/3004 2908/2758 2209/2209
f 2276/3003 2210/2210 2908/2758
f 2275/3004 2276/3003 2908/2758
f 1879/1879 3063/2905 1847/1847
f 2297/2979 1848/1848 2396/2980
f 1791/1791 2297/2979 2298/2978
f 2298/2978 1741/1741 1791/1791
f 1960/1960 2348/2217 2293/2984
f 2292/2985 2293/2984 2348/2217
f 2292/2985 2348/2217 2976/2823
f 2295/2982 1907/1907 2294/2983
f 1907/1907 2295/2982 3063/2905
f 2293/2984 2294/2983 1960/1960
f 2294/2983 1907/1907 1960/1960
f 2303/2971 1550/1550 1582/1582
f 2303/2971 2304/2970 1550/1550
f 2306/2968 2307/2967 1472/1472
f 2307/2967 2913/2763 1472/1472
f 1501/1501 1531/1531 2305/2969
f 1501/1501 2305/2969 2306/2968
f 1531/1531 2304/2970 2305/2969
f 1550/1550 2304/2970 1531/1531
f 2306/2968 1472/1472 1501/1501
f 2308/2966 1368/1368 2913/2763
f 3071/2911 2921/2771 2301/2975
f 2349/2218 2299/2977 2300/2976
f 2300/2976 2301/2975 2921/2771
f 2921/2771 2349/2218 2300/2976
f 2948/2972 1632/1632 2302/2973
f 2301/2975 2985/2974 3071/2911
f 1631/1631 2985/2974 2302/2973
f 2302/2973 1632/1632 1631/1631
f 2282/2997 2283/2996 2208/2208
f 2283/2996 2200/2200 2208/2208
f 2281/2998 2282/2997 2207/2207
f 2207/2207 2282/2997 2208/2208
f 2284/2995 2191/2191 2200/2200
f 2284/2995 2285/2994 2191/2191
f 2283/2996 2284/2995 2200/2200
f 2277/3002 2596/2460 2210/2210
f 2279/3000 2461/2325 2278/3001
f 2277/3002 2278/3001 2596/2460
f 2210/2210 2276/3003 2277/3002
f 2280/2999 2206/2206 2211/2211
f 2206/2206 2280/2999 2281/2998
f 2211/2211 2279/3000 2280/2999
f 2288/2990 2289/2989 2129/2129
f 2288/2990 2129/2129 2149/2149
f 3066/2986 2043/2043 2291/2987
f 2289/2989 2085/2085 2129/2129
f 2085/2085 2290/2988 2042/2042
f 2291/2987 2042/2042 2290/2988
f 2289/2989 2290/2988 2085/2085
f 2820/2674 2998/2844 2016/2016
f 2147/2147 2868/2719 2148/2148
f 2148/2148 3034/2993 2286/2992
f 2285/2994 2868/2719 2191/2191
f 2128/2128 2287/2991 2149/2149
f 2287/2991 2288/2990 2149/2149
f 2286/2992 2287/2991 2128/2128
f 2286/2992 2128/2128 2148/2148
f 2/2 2213/2920 1/1
f 8/8 2750/2609 7/7
f 2889/2739 2357/2226 2356/2225
f 2649/2512 2575/2439 3016/2861
f 2950/2798 2575/2439 14/14
f 2679/2541 15/15 2505/2369
f 16/16 2924/2774 17/17
f 19/19 28/28 29/29
f 43/43 2354/2223 21/21
f 2699/2561 2915/2765 22/22
f 2977/2824 2699/2561 33/33
f 2977/2824 2475/2339 12/12
f 35/35 24/24 2736/2595
f 26/26 27/27 2505/2369
f 38/38 39/39 17/17
f 41/41 40/40 2843/2696
f 59/59 30/30 46/46
f 34/34 33/33 48/48
f 2736/2595 34/34 49/49
f 2594/2458 2406/2271 52/52
f 2594/2458 2530/2394 37/37
f 2530/2394 2691/2553 38/38
f 2691/2553 2795/2649 39/39
f 2843/2696 54/54 55/55
f 2712/2572 56/56 57/57
f 79/79 46/46 2345/2214
f 62/62 48/48 2477/2341
f 50/50 49/49 64/64
f 65/65 2986/2832 50/50
f 2986/2832 66/66 35/35
f 36/36 66/66 51/51
f 2441/2305 2491/2355 69/69
f 70/70 92/92 53/53
f 53/53 71/71 54/54
f 55/55 71/71 72/72
f 2353/2222 2708/2568 76/76
f 79/79 60/60 59/59
f 62/62 61/61 81/81
f 63/63 62/62 82/82
f 64/64 63/63 83/83
f 65/65 64/64 84/84
f 2793/2647 65/65 85/85
f 67/67 3064/2906 2624/2488
f 92/92 3024/2869 71/71
f 73/73 93/93 94/94
f 95/95 94/94 118/118
f 94/94 74/74 73/73
f 98/98 77/77 97/97
f 81/81 80/80 102/102
f 82/82 81/81 103/103
f 83/83 82/82 104/104
f 84/84 83/83 105/105
f 85/85 84/84 106/106
f 86/86 107/107 108/108
f 91/91 3035/2879 113/113
f 91/91 113/113 114/114
f 93/93 115/115 116/116
f 116/116 117/117 93/93
f 119/119 144/144 120/120
f 100/100 99/99 124/124
f 102/102 101/101 126/126
f 103/103 102/102 127/127
f 104/104 103/103 128/128
f 105/105 104/104 129/129
f 106/106 105/105 130/130
f 107/107 106/106 131/131
f 108/108 107/107 132/132
f 133/133 2816/2670 108/108
f 87/87 2890/2740 110/110
f 135/135 136/136 111/111
f 136/136 2439/2303 112/112
f 137/137 113/113 2439/2303
f 138/138 114/114 113/113
f 116/116 139/139 140/140
f 116/116 140/140 141/141
f 117/117 142/142 118/118
f 120/120 144/144 145/145
f 146/146 121/121 120/120
f 2226/3066 173/173 123/123
f 126/126 125/125 149/149
f 127/127 126/126 150/150
f 128/128 127/127 151/151
f 129/129 128/128 152/152
f 130/130 129/129 153/153
f 131/131 130/130 154/154
f 132/132 131/131 155/155
f 133/133 132/132 156/156
f 133/133 157/157 2816/2670
f 3014/2859 135/135 134/134
f 2439/2303 160/160 137/137
f 138/138 161/161 162/162
f 162/162 140/140 139/139
f 140/140 163/163 164/164
f 141/141 164/164 165/165
f 165/165 143/143 142/142
f 168/168 2989/2835 145/145
f 123/123 2830/2684 124/124
f 125/125 3058/2900 149/149
f 150/150 149/149 176/176
f 151/151 150/150 177/177
f 152/152 151/151 178/178
f 153/153 152/152 179/179
f 154/154 153/153 180/180
f 155/155 154/154 181/181
f 156/156 155/155 182/182
f 2718/2578 156/156 183/183
f 187/187 159/159 158/158
f 161/161 189/189 190/190
f 162/162 190/190 191/191
f 163/163 191/191 192/192
f 164/164 192/192 193/193
f 194/194 168/168 167/167
f 175/175 200/200 201/201
f 175/175 201/201 176/176
f 177/177 176/176 202/202
f 178/178 177/177 203/203
f 179/179 178/178 204/204
f 180/180 179/179 205/205
f 181/181 180/180 206/206
f 182/182 181/181 207/207
f 183/183 182/182 208/208
f 2791/2645 184/184 2718/2578
f 188/188 216/216 189/189
f 189/189 216/216 217/217
f 190/190 217/217 218/218
f 191/191 218/218 219/219
f 192/192 219/219 220/220
f 193/193 220/220 221/221
f 222/222 194/194 2659/2521
f 224/224 195/195 223/223
f 195/195 225/225 196/196
f 200/200 199/199 229/229
f 202/202 201/201 231/231
f 203/203 202/202 232/232
f 204/204 203/203 233/233
f 205/205 204/204 234/234
f 206/206 205/205 235/235
f 207/207 206/206 236/236
f 208/208 207/207 237/237
f 209/209 208/208 238/238
f 2584/2448 209/209 239/239
f 3012/2858 210/210 2584/2448
f 212/212 2524/2388 213/213
f 215/215 244/244 245/245
f 216/216 245/245 246/246
f 217/217 246/246 247/247
f 218/218 247/247 248/248
f 219/219 248/248 249/249
f 220/220 249/249 250/250
f 2659/2521 251/251 222/222
f 253/253 227/227 226/226
f 228/228 2510/2374 2863/2714
f 231/231 230/230 258/258
f 232/232 231/231 259/259
f 233/233 232/232 260/260
f 234/234 233/233 261/261
f 235/235 234/234 262/262
f 236/236 235/235 263/263
f 237/237 236/236 264/264
f 238/238 237/237 265/265
f 239/239 238/238 266/266
f 210/210 3012/2858 241/241
f 242/242 268/268 243/243
f 2436/2300 2524/2388 243/243
f 244/244 269/269 270/270
f 245/245 270/270 271/271
f 246/246 271/271 272/272
f 247/247 272/272 273/273
f 248/248 273/273 274/274
f 249/249 274/274 275/275
f 250/250 275/275 276/276
f 276/276 277/277 251/251
f 277/277 252/252 251/251
f 278/278 279/279 2546/2410
f 2655/2517 280/280 253/253
f 253/253 280/280 281/281
f 255/255 284/284 2510/2374
f 258/258 257/257 287/287
f 259/259 258/258 287/287
f 260/260 259/259 288/288
f 261/261 260/260 289/289
f 262/262 261/261 290/290
f 263/263 262/262 291/291
f 264/264 263/263 292/292
f 265/265 264/264 293/293
f 266/266 265/265 294/294
f 296/296 266/266 295/295
f 242/242 2403/2268 268/268
f 2866/2717 243/243 268/268
f 270/270 301/301 302/302
f 271/271 302/302 303/303
f 272/272 303/303 304/304
f 273/273 304/304 305/305
f 274/274 305/305 306/306
f 275/275 306/306 307/307
f 276/276 307/307 308/308
f 277/277 308/308 309/309
f 278/278 309/309 310/310
f 279/279 310/310 311/311
f 311/311 312/312 279/279
f 280/280 313/313 281/281
f 287/287 257/257 286/286
f 288/288 287/287 319/319
f 289/289 288/288 320/320
f 290/290 289/289 321/321
f 291/291 290/290 322/322
f 292/292 291/291 323/323
f 293/293 292/292 324/324
f 294/294 293/293 325/325
f 295/295 294/294 326/326
f 2748/2607 295/295 327/327
f 2748/2607 297/297 296/296
f 2403/2268 2494/2358 298/298
f 331/331 2946/2795 300/300
f 301/301 332/332 333/333
f 302/302 333/333 334/334
f 303/303 334/334 335/335
f 304/304 335/335 336/336
f 305/305 336/336 337/337
f 306/306 337/337 338/338
f 307/307 338/338 339/339
f 308/308 339/339 340/340
f 309/309 340/340 341/341
f 311/311 341/341 374/374
f 342/342 2717/2577 312/312
f 316/316 315/315 346/346
f 347/347 346/346 379/379
f 319/319 318/318 349/349
f 320/320 319/319 350/350
f 321/321 320/320 351/351
f 322/322 321/321 352/352
f 323/323 322/322 353/353
f 324/324 323/323 354/354
f 325/325 324/324 355/355
f 326/326 325/325 356/356
f 327/327 326/326 357/357
f 2796/2650 2450/2314 328/328
f 328/328 2972/2819 297/297
f 2972/2819 2916/2766 2668/2530
f 361/361 330/330 2837/2691
f 331/331 362/362 363/363
f 332/332 363/363 364/364
f 333/333 364/364 365/365
f 334/334 365/365 366/366
f 335/335 366/366 367/367
f 336/336 367/367 368/368
f 337/337 368/368 369/369
f 338/338 369/369 370/370
f 339/339 370/370 371/371
f 340/340 371/371 372/372
f 341/341 372/372 373/373
f 373/373 374/374 341/341
f 375/375 376/376 377/377
f 346/346 347/347 316/316
f 350/350 349/349 381/381
f 351/351 350/350 382/382
f 352/352 351/351 383/383
f 353/353 352/352 384/384
f 354/354 353/353 385/385
f 355/355 354/354 386/386
f 356/356 355/355 387/387
f 357/357 356/356 388/388
f 358/358 357/357 389/389
f 390/390 359/359 358/358
f 2582/2446 2716/2576 360/360
f 360/360 2837/2691 329/329
f 391/391 2675/2537 2837/2691
f 361/361 362/362 2906/2756
f 363/363 393/393 394/394
f 364/364 394/394 395/395
f 365/365 395/395 396/396
f 366/366 396/396 397/397
f 367/367 397/397 398/398
f 368/368 398/398 399/399
f 369/369 399/399 400/400
f 370/370 400/400 401/401
f 371/371 401/401 402/402
f 372/372 402/402 403/403
f 373/373 403/403 404/404
f 406/406 440/440 2838/2692
f 409/409 345/345 408/408
f 2992/2838 379/379 410/410
f 381/381 380/380 412/412
f 382/382 381/381 413/413
f 383/383 382/382 414/414
f 384/384 383/383 415/415
f 385/385 384/384 416/416
f 386/386 385/385 417/417
f 387/387 386/386 418/418
f 388/388 387/387 419/419
f 389/389 388/388 420/420
f 390/390 389/389 421/421
f 2543/2407 2453/2317 2839/2693
f 2543/2407 2839/2693 2716/2576
f 2667/2529 2716/2576 2839/2693
f 393/393 427/427 428/428
f 427/427 393/393 392/392
f 395/395 429/429 430/430
f 396/396 430/430 431/431
f 397/397 431/431 432/432
f 398/398 432/432 433/433
f 399/399 433/433 434/434
f 400/400 434/434 435/435
f 401/401 435/435 436/436
f 402/402 436/436 437/437
f 403/403 437/437 438/438
f 404/404 438/438 439/439
f 405/405 439/439 440/440
f 442/442 2786/2641 407/407
f 411/411 410/410 445/445
f 412/412 411/411 446/446
f 413/413 412/412 447/447
f 414/414 413/413 448/448
f 415/415 414/414 449/449
f 416/416 415/415 450/450
f 417/417 416/416 451/451
f 418/418 417/417 452/452
f 419/419 418/418 453/453
f 420/420 419/419 454/454
f 421/421 420/420 455/455
f 422/422 421/421 456/456
f 423/423 2823/2677 422/422
f 427/427 461/461 462/462
f 428/428 462/462 463/463
f 429/429 463/463 464/464
f 430/430 464/464 465/465
f 431/431 465/465 466/466
f 432/432 466/466 467/467
f 433/433 467/467 468/468
f 434/434 468/468 469/469
f 435/435 469/469 470/470
f 436/436 470/470 471/471
f 437/437 471/471 472/472
f 438/438 472/472 473/473
f 439/439 473/473 474/474
f 474/474 440/440 439/439
f 511/511 441/441 474/474
f 444/444 409/409 477/477
f 445/445 444/444 478/478
f 446/446 445/445 479/479
f 447/447 446/446 480/480
f 448/448 447/447 481/481
f 449/449 448/448 482/482
f 450/450 449/449 483/483
f 451/451 450/450 484/484
f 452/452 451/451 485/485
f 453/453 452/452 486/486
f 454/454 453/453 487/487
f 455/455 454/454 488/488
f 456/456 455/455 489/489
f 491/491 456/456 490/490
f 2539/2403 491/491 529/529
f 2539/2403 2935/2785 457/457
f 496/496 2385/2251 495/495
f 462/462 498/498 499/499
f 463/463 499/499 500/500
f 464/464 500/500 501/501
f 465/465 501/501 502/502
f 466/466 502/502 503/503
f 467/467 503/503 504/504
f 468/468 504/504 505/505
f 469/469 505/505 506/506
f 470/470 506/506 507/507
f 471/471 507/507 508/508
f 472/472 508/508 509/509
f 473/473 509/509 510/510
f 474/474 510/510 511/511
f 441/441 511/511 475/475
f 515/515 476/476 514/514
f 478/478 477/477 515/515
f 479/479 478/478 516/516
f 480/480 479/479 517/517
f 481/481 480/480 518/518
f 482/482 481/481 519/519
f 483/483 482/482 520/520
f 484/484 483/483 521/521
f 485/485 484/484 522/522
f 486/486 485/485 523/523
f 487/487 486/486 524/524
f 488/488 487/487 525/525
f 489/489 488/488 526/526
f 490/490 489/489 527/527
f 491/491 490/490 528/528
f 492/492 529/529 2821/2675
f 532/532 2385/2251 494/494
f 535/535 497/497 534/534
f 498/498 536/536 537/537
f 499/499 537/537 538/538
f 500/500 538/538 539/539
f 501/501 539/539 540/540
f 502/502 540/540 541/541
f 503/503 541/541 542/542
f 504/504 542/542 543/543
f 505/505 543/543 544/544
f 506/506 544/544 545/545
f 507/507 545/545 546/546
f 508/508 546/546 547/547
f 509/509 547/547 548/548
f 510/510 548/548 549/549
f 511/511 550/550 475/475
f 512/512 585/585 551/551
f 514/514 2812/2666 515/515
f 516/516 515/515 553/553
f 517/517 516/516 554/554
f 518/518 517/517 555/555
f 519/519 518/518 556/556
f 520/520 519/519 557/557
f 521/521 520/520 558/558
f 522/522 521/521 559/559
f 523/523 522/522 560/560
f 524/524 523/523 561/561
f 525/525 524/524 562/562
f 526/526 525/525 563/563
f 527/527 526/526 564/564
f 527/527 528/528 490/490
f 528/528 529/529 491/491
f 2821/2675 567/567 2551/2415
f 530/530 2500/2364 2676/2538
f 568/568 531/531 2819/2673
f 2618/2482 533/533 2516/2380
f 535/535 569/569 570/570
f 536/536 570/570 571/571
f 537/537 571/571 572/572
f 538/538 572/572 573/573
f 539/539 573/573 574/574
f 540/540 574/574 575/575
f 541/541 575/575 576/576
f 542/542 576/576 577/577
f 543/543 577/577 578/578
f 544/544 578/578 579/579
f 545/545 579/579 580/580
f 546/546 580/580 581/581
f 547/547 581/581 582/582
f 548/548 582/582 583/583
f 549/549 583/583 584/584
f 550/550 584/584 585/585
f 553/553 2812/2666 588/588
f 554/554 553/553 589/589
f 555/555 554/554 590/590
f 556/556 555/555 591/591
f 557/557 556/556 592/592
f 558/558 557/557 593/593
f 559/559 558/558 594/594
f 560/560 559/559 595/595
f 561/561 560/560 596/596
f 562/562 561/561 597/597
f 563/563 562/562 598/598
f 564/564 563/563 599/599
f 565/565 564/564 600/600
f 566/566 565/565 601/601
f 567/567 566/566 602/602
f 605/605 2500/2364 2451/2315
f 531/531 568/568 532/532
f 569/569 3049/2891 608/608
f 570/570 608/608 609/609
f 571/571 609/609 610/610
f 572/572 610/610 611/611
f 573/573 611/611 612/612
f 574/574 612/612 613/613
f 575/575 613/613 614/614
f 614/614 615/615 575/575
f 576/576 615/615 616/616
f 577/577 616/616 617/617
f 578/578 617/617 618/618
f 579/579 618/618 619/619
f 580/580 619/619 620/620
f 581/581 620/620 621/621
f 582/582 621/621 622/622
f 583/583 622/622 623/623
f 584/584 623/623 624/624
f 585/585 624/624 586/586
f 587/587 2910/2760 588/588
f 589/589 588/588 627/627
f 590/590 589/589 628/628
f 591/591 590/590 629/629
f 592/592 591/591 630/630
f 593/593 592/592 631/631
f 594/594 593/593 632/632
f 595/595 594/594 633/633
f 596/596 595/595 634/634
f 597/597 596/596 635/635
f 598/598 597/597 636/636
f 599/599 598/598 637/637
f 600/600 599/599 638/638
f 601/601 600/600 639/639
f 602/602 601/601 640/640
f 604/604 603/603 2534/2398
f 606/606 2381/2247 2498/2362
f 609/609 645/645 646/646
f 610/610 646/646 647/647
f 611/611 647/647 648/648
f 612/612 648/648 649/649
f 613/613 649/649 650/650
f 614/614 650/650 651/651
f 615/615 651/651 652/652
f 616/616 652/652 653/653
f 617/617 653/653 654/654
f 618/618 654/654 655/655
f 619/619 655/655 656/656
f 620/620 656/656 657/657
f 621/621 657/657 658/658
f 622/622 658/658 659/659
f 623/623 659/659 660/660
f 624/624 660/660 661/661
f 2910/2760 662/662 627/627
f 628/628 627/627 663/663
f 629/629 628/628 664/664
f 630/630 629/629 665/665
f 631/631 630/630 666/666
f 632/632 631/631 667/667
f 633/633 632/632 668/668
f 634/634 633/633 669/669
f 635/635 634/634 670/670
f 636/636 635/635 671/671
f 637/637 636/636 672/672
f 638/638 637/637 673/673
f 639/639 638/638 674/674
f 640/640 639/639 675/675
f 643/643 2970/2817 2588/2452
f 680/680 643/643 2588/2452
f 2419/2284 681/681 682/682
f 684/684 646/646 645/645
f 647/647 685/685 686/686
f 648/648 686/686 687/687
f 649/649 687/687 688/688
f 650/650 688/688 689/689
f 651/651 689/689 690/690
f 652/652 690/690 691/691
f 653/653 691/691 692/692
f 654/654 692/692 693/693
f 655/655 693/693 694/694
f 656/656 694/694 695/695
f 657/657 695/695 696/696
f 658/658 696/696 697/697
f 659/659 697/697 698/698
f 660/660 698/698 699/699
f 661/661 699/699 700/700
f 662/662 626/626 701/701
f 662/662 2979/2826 663/663
f 664/664 663/663 703/703
f 665/665 664/664 704/704
f 666/666 665/665 705/705
f 667/667 666/666 706/706
f 668/668 667/667 707/707
f 669/669 668/668 708/708
f 670/670 669/669 709/709
f 671/671 670/670 710/710
f 672/672 671/671 711/711
f 673/673 672/672 713/713
f 674/674 673/673 714/714
f 675/675 674/674 715/715
f 676/676 675/675 716/716
f 677/677 676/676 717/717
f 719/719 677/677 718/718
f 2693/2555 2873/2724 679/679
f 2615/2479 2410/2275 2588/2452
f 2945/2794 682/682 723/723
f 683/683 724/724 725/725
f 644/644 725/725 726/726
f 684/684 726/726 727/727
f 685/685 727/727 728/728
f 686/686 728/728 729/729
f 687/687 729/729 730/730
f 688/688 730/730 731/731
f 689/689 731/731 732/732
f 690/690 732/732 733/733
f 691/691 733/733 734/734
f 692/692 734/734 735/735
f 693/693 735/735 736/736
f 694/694 736/736 737/737
f 695/695 737/737 738/738
f 696/696 738/738 739/739
f 697/697 739/739 740/740
f 698/698 740/740 741/741
f 699/699 741/741 742/742
f 2979/2826 745/745 703/703
f 704/704 703/703 746/746
f 705/705 704/704 747/747
f 706/706 705/705 748/748
f 707/707 706/706 749/749
f 708/708 707/707 750/750
f 709/709 708/708 751/751
f 710/710 709/709 752/752
f 711/711 710/710 753/753
f 712/712 711/711 754/754
f 713/713 712/712 755/755
f 714/714 713/713 756/756
f 715/715 714/714 757/757
f 716/716 715/715 758/758
f 717/717 716/716 759/759
f 718/718 717/717 760/760
f 762/762 718/718 761/761
f 722/722 2394/2260 2548/2412
f 2394/2260 722/722 680/680
f 724/724 768/768 769/769
f 725/725 769/769 770/770
f 726/726 770/770 771/771
f 727/727 771/771 772/772
f 728/728 772/772 773/773
f 729/729 773/773 774/774
f 730/730 774/774 775/775
f 731/731 775/775 776/776
f 732/732 776/776 777/777
f 733/733 777/777 778/778
f 734/734 778/778 779/779
f 735/735 779/779 780/780
f 736/736 780/780 781/781
f 737/737 781/781 782/782
f 738/738 782/782 783/783
f 739/739 783/783 784/784
f 740/740 784/784 785/785
f 741/741 785/785 786/786
f 742/742 786/786 787/787
f 744/744 745/745 702/702
f 746/746 745/745 789/789
f 747/747 746/746 790/790
f 748/748 747/747 791/791
f 749/749 748/748 792/792
f 750/750 749/749 793/793
f 751/751 750/750 794/794
f 752/752 751/751 795/795
f 753/753 752/752 796/796
f 754/754 753/753 797/797
f 755/755 754/754 798/798
f 756/756 755/755 799/799
f 757/757 756/756 800/800
f 758/758 757/757 801/801
f 759/759 758/758 802/802
f 760/760 759/759 803/803
f 761/761 760/760 804/804
f 764/764 763/763 807/807
f 764/764 765/765 721/721
f 765/765 2394/2260 721/721
f 768/768 811/811 812/812
f 768/768 812/812 813/813
f 769/769 813/813 814/814
f 770/770 814/814 815/815
f 771/771 815/815 816/816
f 772/772 816/816 817/817
f 773/773 817/817 818/818
f 818/818 819/819 773/773
f 774/774 819/819 820/820
f 775/775 820/820 821/821
f 776/776 821/821 822/822
f 777/777 822/822 823/823
f 778/778 823/823 824/824
f 779/779 824/824 825/825
f 780/780 825/825 826/826
f 781/781 826/826 827/827
f 782/782 827/827 828/828
f 783/783 828/828 829/829
f 784/784 829/829 830/830
f 785/785 830/830 831/831
f 786/786 831/831 832/832
f 833/833 788/788 2237/3048
f 789/789 744/744 834/834
f 790/790 789/789 835/835
f 791/791 790/790 836/836
f 792/792 791/791 837/837
f 793/793 792/792 838/838
f 794/794 793/793 839/839
f 795/795 794/794 840/840
f 796/796 795/795 841/841
f 797/797 796/796 842/842
f 798/798 797/797 843/843
f 799/799 798/798 844/844
f 800/800 799/799 845/845
f 801/801 800/800 846/846
f 802/802 801/801 847/847
f 803/803 802/802 848/848
f 804/804 803/803 849/849
f 805/805 804/804 850/850
f 852/852 805/805 851/851
f 807/807 2756/2615 808/808
f 765/765 810/810 2876/2727
f 812/812 855/855 856/856
f 813/813 856/856 857/857
f 814/814 857/857 858/858
f 815/815 858/858 859/859
f 816/816 859/859 860/860
f 817/817 860/860 861/861
f 818/818 861/861 862/862
f 819/819 862/862 863/863
f 820/820 863/863 864/864
f 821/821 864/864 865/865
f 822/822 865/865 866/866
f 823/823 866/866 867/867
f 824/824 867/867 868/868
f 825/825 868/868 869/869
f 826/826 869/869 870/870
f 827/827 870/870 871/871
f 828/828 871/871 872/872
f 829/829 872/872 873/873
f 830/830 873/873 874/874
f 831/831 874/874 875/875
f 834/834 833/833 876/876
f 835/835 834/834 877/877
f 836/836 835/835 878/878
f 837/837 836/836 879/879
f 838/838 837/837 880/880
f 839/839 838/838 881/881
f 840/840 839/839 882/882
f 841/841 840/840 883/883
f 842/842 841/841 884/884
f 843/843 842/842 885/885
f 844/844 843/843 886/886
f 845/845 844/844 887/887
f 846/846 845/845 888/888
f 847/847 846/846 889/889
f 848/848 847/847 890/890
f 849/849 848/848 891/891
f 850/850 849/849 892/892
f 851/851 850/850 893/893
f 805/805 852/852 806/806
f 2545/2409 853/853 2756/2615
f 808/808 853/853 809/809
f 2442/2306 2999/2845 899/899
f 2442/2306 855/855 2532/2396
f 856/856 900/900 901/901
f 857/857 901/901 902/902
f 858/858 902/902 903/903
f 859/859 903/903 904/904
f 860/860 904/904 905/905
f 861/861 905/905 906/906
f 862/862 906/906 907/907
f 863/863 907/907 908/908
f 864/864 908/908 909/909
f 865/865 909/909 910/910
f 866/866 910/910 911/911
f 867/867 911/911 912/912
f 868/868 912/912 913/913
f 869/869 913/913 914/914
f 870/870 914/914 871/871
f 872/872 915/915 916/916
f 873/873 916/916 917/917
f 874/874 917/917 918/918
f 877/877 876/876 920/920
f 878/878 877/877 921/921
f 879/879 878/878 922/922
f 880/880 879/879 923/923
f 882/882 881/881 924/924
f 883/883 882/882 925/925
f 884/884 883/883 926/926
f 885/885 884/884 927/927
f 886/886 885/885 928/928
f 887/887 886/886 929/929
f 888/888 887/887 930/930
f 889/889 888/888 931/931
f 890/890 889/889 932/932
f 891/891 890/890 933/933
f 892/892 891/891 934/934
f 893/893 892/892 935/935
f 894/894 893/893 936/936
f 3060/2902 894/894 937/937
f 2756/2615 2627/2491 2545/2409
f 896/896 2391/2257 897/897
f 3036/2880 899/899 898/898
f 2798/2652 2875/2726 2531/2395
f 900/900 940/940 941/941
f 941/941 901/901 900/900
f 902/902 942/942 943/943
f 903/903 943/943 944/944
f 904/904 944/944 945/945
f 905/905 945/945 946/946
f 906/906 946/946 947/947
f 907/907 947/947 948/948
f 908/908 948/948 949/949
f 909/909 949/949 950/950
f 910/910 950/950 951/951
f 911/911 951/951 952/952
f 912/912 952/952 953/953
f 913/913 953/953 954/954
f 914/914 954/954 955/955
f 871/871 955/955 915/915
f 916/916 956/956 957/957
f 917/917 957/957 958/958
f 918/918 958/958 959/959
f 920/920 919/919 960/960
f 921/921 920/920 961/961
f 922/922 921/921 962/962
f 923/923 922/922 963/963
f 924/924 880/880 964/964
f 925/925 924/924 965/965
f 926/926 925/925 966/966
f 927/927 926/926 967/967
f 928/928 927/927 968/968
f 929/929 928/928 969/969
f 930/930 929/929 970/970
f 931/931 930/930 971/971
f 932/932 931/931 972/972
f 933/933 932/932 973/973
f 934/934 933/933 974/974
f 935/935 934/934 975/975
f 936/936 935/935 976/976
f 936/936 937/937 894/894
f 938/938 937/937 978/978
f 982/982 2391/2257 896/896
f 2445/2309 3036/2880 984/984
f 940/940 985/985 986/986
f 941/941 986/986 987/987
f 942/942 987/987 988/988
f 943/943 988/988 989/989
f 944/944 989/989 990/990
f 945/945 990/990 991/991
f 946/946 991/991 992/992
f 947/947 992/992 993/993
f 948/948 993/993 994/994
f 949/949 994/994 995/995
f 950/950 995/995 996/996
f 951/951 996/996 997/997
f 952/952 997/997 998/998
f 953/953 998/998 999/999
f 954/954 999/999 1000/1000
f 955/955 1000/1000 1001/1001
f 915/915 1001/1001 956/956
f 957/957 1002/1002 1003/1003
f 958/958 1003/1003 1004/1004
f 961/961 960/960 1005/1005
f 962/962 961/961 1006/1006
f 963/963 962/962 1007/1007
f 964/964 923/923 1008/1008
f 965/965 964/964 1009/1009
f 966/966 965/965 1010/1010
f 967/967 966/966 1011/1011
f 968/968 967/967 1012/1012
f 969/969 968/968 1013/1013
f 970/970 969/969 1014/1014
f 971/971 970/970 1015/1015
f 972/972 971/971 1016/1016
f 973/973 972/972 1017/1017
f 974/974 973/973 1018/1018
f 975/975 974/974 1019/1019
f 976/976 975/975 1020/1020
f 977/977 976/976 1021/1021
f 978/978 977/977 1022/1022
f 979/979 978/978 1023/1023
f 980/980 896/896 2455/2319
f 981/981 982/982 896/896
f 983/983 982/982 1026/1026
f 985/985 1030/1030 1031/1031
f 986/986 1031/1031 1032/1032
f 987/987 1032/1032 1033/1033
f 988/988 1033/1033 1034/1034
f 1034/1034 1035/1035 988/988
f 989/989 1035/1035 1036/1036
f 990/990 1036/1036 1037/1037
f 991/991 1037/1037 1038/1038
f 992/992 1038/1038 1039/1039
f 993/993 1039/1039 1040/1040
f 994/994 1040/1040 1041/1041
f 995/995 1041/1041 1042/1042
f 996/996 1042/1042 1043/1043
f 997/997 1043/1043 1044/1044
f 998/998 1044/1044 1045/1045
f 999/999 1045/1045 1046/1046
f 1000/1000 1046/1046 1047/1047
f 1001/1001 1047/1047 1048/1048
f 956/956 1048/1048 1002/1002
f 1003/1003 1049/1049 1050/1050
f 1006/1006 1005/1005 1051/1051
f 1007/1007 1006/1006 1052/1052
f 1008/1008 963/963 1053/1053
f 1009/1009 1008/1008 1054/1054
f 1010/1010 1009/1009 1055/1055
f 1011/1011 1010/1010 1056/1056
f 1012/1012 1011/1011 1057/1057
f 1013/1013 1012/1012 1058/1058
f 1014/1014 1013/1013 1059/1059
f 1015/1015 1014/1014 1060/1060
f 1016/1016 1015/1015 1061/1061
f 1017/1017 1016/1016 1062/1062
f 1018/1018 1017/1017 1063/1063
f 1019/1019 1018/1018 1064/1064
f 1020/1020 1019/1019 1065/1065
f 1021/1021 1020/1020 1066/1066
f 1022/1022 1021/1021 1067/1067
f 1023/1023 1022/1022 1068/1068
f 1024/1024 1023/1023 1069/1069
f 1070/1070 2975/2822 1024/1024
f 981/981 1025/1025 1026/1026
f 1028/1028 2533/2397 1029/1029
f 1030/1030 1075/1075 1076/1076
f 1031/1031 1076/1076 1077/1077
f 1032/1032 1077/1077 1078/1078
f 1033/1033 1078/1078 1079/1079
f 1034/1034 1079/1079 1080/1080
f 1035/1035 1080/1080 1081/1081
f 1036/1036 1081/1081 1082/1082
f 1037/1037 1082/1082 1083/1083
f 1038/1038 1083/1083 1084/1084
f 1039/1039 1084/1084 1085/1085
f 1040/1040 1085/1085 1086/1086
f 1041/1041 1086/1086 1087/1087
f 1042/1042 1087/1087 1088/1088
f 1043/1043 1088/1088 1089/1089
f 1044/1044 1089/1089 1090/1090
f 1045/1045 1090/1090 1091/1091
f 1046/1046 1091/1091 1092/1092
f 1047/1047 1092/1092 1093/1093
f 1048/1048 1093/1093 1094/1094
f 1002/1002 1094/1094 1049/1049
f 1053/1053 1007/1007 1097/1097
f 1054/1054 1053/1053 1098/1098
f 1055/1055 1054/1054 1099/1099
f 1056/1056 1055/1055 1100/1100
f 1057/1057 1056/1056 1101/1101
f 1058/1058 1057/1057 1102/1102
f 1059/1059 1058/1058 1103/1103
f 1060/1060 1059/1059 1104/1104
f 1061/1061 1060/1060 1105/1105
f 1062/1062 1061/1061 1106/1106
f 1063/1063 1062/1062 1107/1107
f 1064/1064 1063/1063 1108/1108
f 1065/1065 1064/1064 1109/1109
f 1066/1066 1065/1065 1110/1110
f 1067/1067 1066/1066 1111/1111
f 1068/1068 1067/1067 1112/1112
f 1069/1069 1068/1068 1113/1113
f 1070/1070 1069/1069 1114/1114
f 1071/1071 1070/1070 1115/1115
f 1117/1117 1071/1071 1116/1116
f 2799/2653 2533/2397 2914/2764
f 1075/1075 1121/1121 1122/1122
f 1076/1076 1122/1122 1123/1123
f 1077/1077 1123/1123 1124/1124
f 1078/1078 1124/1124 1125/1125
f 1079/1079 1125/1125 1126/1126
f 1080/1080 1126/1126 1127/1127
f 1081/1081 1127/1127 1128/1128
f 1082/1082 1128/1128 1129/1129
f 1083/1083 1129/1129 1130/1130
f 1084/1084 1130/1130 1131/1131
f 1085/1085 1131/1131 1132/1132
f 1086/1086 1132/1132 1133/1133
f 1087/1087 1133/1133 1134/1134
f 1088/1088 1134/1134 1135/1135
f 1089/1089 1135/1135 1136/1136
f 1090/1090 1136/1136 1137/1137
f 1091/1091 1137/1137 1138/1138
f 1092/1092 1138/1138 1139/1139
f 1093/1093 1139/1139 1140/1140
f 1141/1141 1094/1094 1140/1140
f 1052/1052 1143/1143 1097/1097
f 1098/1098 1097/1097 1144/1144
f 1099/1099 1098/1098 1145/1145
f 1100/1100 1099/1099 1146/1146
f 1101/1101 1100/1100 1147/1147
f 1102/1102 1101/1101 1148/1148
f 1103/1103 1102/1102 1149/1149
f 1104/1104 1103/1103 1150/1150
f 1105/1105 1104/1104 1151/1151
f 1106/1106 1105/1105 1152/1152
f 1107/1107 1106/1106 1153/1153
f 1108/1108 1107/1107 1154/1154
f 1109/1109 1108/1108 1155/1155
f 1110/1110 1109/1109 1156/1156
f 1111/1111 1110/1110 1157/1157
f 1112/1112 1111/1111 1158/1158
f 1113/1113 1112/1112 1159/1159
f 1114/1114 1113/1113 1160/1160
f 1115/1115 1114/1114 1161/1161
f 1116/1116 1115/1115 1162/1162
f 2665/2527 1116/1116 1163/1163
f 1117/1117 1118/1118 1073/1073
f 2538/2402 1166/1166 2781/2636
f 1121/1121 1167/1167 1168/1168
f 1122/1122 1168/1168 1169/1169
f 1123/1123 1169/1169 1170/1170
f 1124/1124 1170/1170 1171/1171
f 1125/1125 1171/1171 1172/1172
f 1126/1126 1172/1172 1173/1173
f 1127/1127 1173/1173 1174/1174
f 1128/1128 1174/1174 1175/1175
f 1129/1129 1175/1175 1176/1176
f 1130/1130 1176/1176 1177/1177
f 1131/1131 1177/1177 1178/1178
f 1132/1132 1178/1178 1179/1179
f 1133/1133 1179/1179 1180/1180
f 1134/1134 1180/1180 1181/1181
f 1135/1135 1181/1181 1182/1182
f 1136/1136 1182/1182 1183/1183
f 1137/1137 1183/1183 1184/1184
f 1138/1138 1184/1184 1185/1185
f 1139/1139 1185/1185 1186/1186
f 1140/1140 1186/1186 1187/1187
f 1096/1096 1143/1143 1052/1052
f 1144/1144 1143/1143 1189/1189
f 1145/1145 1144/1144 1190/1190
f 1146/1146 1145/1145 1191/1191
f 1147/1147 1146/1146 1192/1192
f 1148/1148 1147/1147 1193/1193
f 1149/1149 1148/1148 1194/1194
f 1150/1150 1149/1149 1195/1195
f 1151/1151 1150/1150 1196/1196
f 1152/1152 1151/1151 1197/1197
f 1153/1153 1152/1152 1198/1198
f 1154/1154 1153/1153 1199/1199
f 1155/1155 1154/1154 1200/1200
f 1156/1156 1155/1155 1201/1201
f 1157/1157 1156/1156 1202/1202
f 1158/1158 1157/1157 1203/1203
f 1159/1159 1158/1158 1204/1204
f 1160/1160 1159/1159 1205/1205
f 1161/1161 1160/1160 1206/1206
f 1162/1162 1161/1161 1207/1207
f 1213/1213 1166/1166 1165/1165
f 2781/2636 1167/1167 2538/2402
f 1168/1168 2792/2646 1215/1215
f 1169/1169 1215/1215 1216/1216
f 1170/1170 1216/1216 1217/1217
f 1171/1171 1217/1217 1218/1218
f 1172/1172 1218/1218 1219/1219
f 1173/1173 1219/1219 1220/1220
f 1174/1174 1220/1220 1221/1221
f 1175/1175 1221/1221 1222/1222
f 1176/1176 1222/1222 1223/1223
f 1177/1177 1223/1223 1224/1224
f 1178/1178 1224/1224 1225/1225
f 1179/1179 1225/1225 1226/1226
f 1180/1180 1226/1226 1227/1227
f 1181/1181 1227/1227 1228/1228
f 1182/1182 1228/1228 1229/1229
f 1183/1183 1229/1229 1230/1230
f 1184/1184 1230/1230 1231/1231
f 1185/1185 1231/1231 1232/1232
f 1186/1186 1232/1232 1233/1233
f 1187/1187 1233/1233 1234/1234
f 1189/1189 1142/1142 1235/1235
f 1190/1190 1189/1189 1236/1236
f 1191/1191 1190/1190 1237/1237
f 1192/1192 1191/1191 1238/1238
f 1193/1193 1192/1192 1239/1239
f 1194/1194 1193/1193 1240/1240
f 1195/1195 1194/1194 1241/1241
f 1196/1196 1195/1195 1242/1242
f 1197/1197 1196/1196 1243/1243
f 1198/1198 1197/1197 1244/1244
f 1199/1199 1198/1198 1245/1245
f 1200/1200 1199/1199 1246/1246
f 1201/1201 1200/1200 1247/1247
f 1202/1202 1201/1201 1248/1248
f 1203/1203 1202/1202 1249/1249
f 1204/1204 1203/1203 1250/1250
f 1205/1205 1204/1204 1251/1251
f 1206/1206 1205/1205 1252/1252
f 1207/1207 1206/1206 1253/1253
f 1208/1208 1207/1207 1254/1254
f 1209/1209 1208/1208 1255/1255
f 1210/1210 1209/1209 1256/1256
f 1164/1164 2664/2526 1211/1211
f 1258/1258 2677/2539 1212/1212
f 1215/1215 1260/1260 1261/1261
f 1261/1261 1262/1262 1215/1215
f 1216/1216 1262/1262 1263/1263
f 1217/1217 1263/1263 1264/1264
f 1218/1218 1264/1264 1265/1265
f 1219/1219 1265/1265 1266/1266
f 1220/1220 1266/1266 1267/1267
f 1221/1221 1267/1267 1268/1268
f 1222/1222 1268/1268 1269/1269
f 1223/1223 1269/1269 1270/1270
f 1224/1224 1270/1270 1271/1271
f 1225/1225 1271/1271 1272/1272
f 1226/1226 1272/1272 1273/1273
f 1227/1227 1273/1273 1274/1274
f 1228/1228 1274/1274 1275/1275
f 1229/1229 1275/1275 1276/1276
f 1230/1230 1276/1276 1277/1277
f 1231/1231 1277/1277 1278/1278
f 1232/1232 1278/1278 1279/1279
f 1236/1236 1235/1235 1281/1281
f 1237/1237 1236/1236 1282/1282
f 1238/1238 1237/1237 1283/1283
f 1239/1239 1238/1238 1284/1284
f 1240/1240 1239/1239 1285/1285
f 1241/1241 1287/1287 1242/1242
f 1243/1243 1242/1242 1287/1287
f 1244/1244 1243/1243 1288/1288
f 1245/1245 1244/1244 1289/1289
f 1246/1246 1290/1290 1291/1291
f 1247/1247 1246/1246 1291/1291
f 1248/1248 1247/1247 1292/1292
f 1249/1249 1248/1248 1293/1293
f 1250/1250 1249/1249 1294/1294
f 1251/1251 1250/1250 1295/1295
f 1252/1252 1251/1251 1296/1296
f 1253/1253 1252/1252 1297/1297
f 1254/1254 1253/1253 1298/1298
f 1255/1255 1299/1299 1300/1300
f 1209/1209 2456/2320 1256/1256
f 1256/1256 2456/2320 2678/2540
f 2731/2591 2536/2400 1303/1303
f 1259/1259 1304/1304 1305/1305
f 1260/1260 1305/1305 1306/1306
f 1261/1261 1306/1306 1307/1307
f 1262/1262 1307/1307 1308/1308
f 1263/1263 1308/1308 1309/1309
f 1264/1264 1309/1309 1310/1310
f 1265/1265 1310/1310 1311/1311
f 1266/1266 1311/1311 1312/1312
f 1267/1267 1312/1312 1313/1313
f 1268/1268 1313/1313 1314/1314
f 1269/1269 1314/1314 1315/1315
f 1270/1270 1315/1315 1316/1316
f 1271/1271 1316/1316 1317/1317
f 1272/1272 1317/1317 1318/1318
f 1273/1273 1318/1318 1319/1319
f 1274/1274 1319/1319 1320/1320
f 1275/1275 1320/1320 1321/1321
f 1276/1276 1321/1321 1322/1322
f 1322/1322 2949/2797 1277/1277
f 2949/2797 3061/2903 1278/1278
f 1279/1279 1325/1325 1280/1280
f 1282/1282 1281/1281 1326/1326
f 1283/1283 1282/1282 1327/1327
f 1329/1329 1283/1283 1328/1328
f 1330/1330 1284/1284 1329/1329
f 2797/2651 1285/1285 1330/1330
f 1285/1285 1286/1286 1240/1240
f 1288/1288 1287/1287 1332/1332
f 1289/1289 1288/1288 1333/1333
f 1290/1290 1289/1289 1334/1334
f 1292/1292 1291/1291 1336/1336
f 1294/1294 1293/1293 1338/1338
f 1295/1295 1294/1294 1339/1339
f 1296/1296 1295/1295 1340/1340
f 1297/1297 1296/1296 1341/1341
f 1298/1298 1297/1297 1342/1342
f 1299/1299 1298/1298 1343/1343
f 2634/2498 2753/2612 1347/1347
f 2537/2401 1302/1302 1349/1349
f 2690/2552 1303/1303 2537/2401
f 2690/2552 2872/2723 1304/1304
f 1305/1305 1351/1351 1352/1352
f 1306/1306 1352/1352 1353/1353
f 1307/1307 1353/1353 1354/1354
f 1308/1308 1354/1354 1355/1355
f 1309/1309 1355/1355 1356/1356
f 1310/1310 1356/1356 1357/1357
f 1311/1311 1357/1357 1358/1358
f 1359/1359 1358/1358 2784/2639
f 1314/1314 1359/1359 1360/1360
f 1315/1315 1360/1360 1361/1361
f 1361/1361 1316/1316 1315/1315
f 1363/1363 3026/2871 1318/1318
f 1320/1320 1365/1365 1321/1321
f 1321/1321 1365/1365 2860/2711
f 1322/1322 2860/2711 1366/1366
f 1404/1404 1323/1323 1366/1366
f 1367/1367 1324/1324 1323/1323
f 1327/1327 1326/1326 1369/1369
f 1328/1328 1406/1406 1407/1407
f 1329/1329 2425/2290 2854/2706
f 2797/2651 1371/1371 1331/1331
f 1331/1331 2767/2624 1332/1332
f 1334/1334 1333/1333 1373/1373
f 2930/2780 1336/1336 1375/1375
f 2918/2768 1339/1339 1377/1377
f 1341/1341 1340/1340 1378/1378
f 1342/1342 1341/1341 1379/1379
f 1343/1343 1342/1342 1380/1380
f 1344/1344 1343/1343 1381/1381
f 1345/1345 1344/1344 1382/1382
f 1346/1346 1345/1345 1383/1383
f 1384/1384 1347/1347 1346/1346
f 1351/1351 1391/1391 1392/1392
f 1352/1352 1392/1392 1393/1393
f 1393/1393 3037/2881 1353/1353
f 1355/1355 1394/1394 1395/1395
f 1396/1396 1395/1395 2964/2811
f 1397/1397 2784/2639 1358/1358
f 1398/1398 1360/1360 2966/2813
f 1398/1398 2835/2689 1361/1361
f 1362/1362 2965/2812 1317/1317
f 3026/2871 1400/1400 1401/1401
f 1401/1401 1364/1364 3026/2871
f 1403/1403 2860/2711 3021/2866
f 1366/1366 2956/2803 1404/1404
f 1324/1324 1368/1368 1325/1325
f 2425/2290 1407/1407 2723/2583
f 1371/1371 1409/1409 1410/1410
f 2767/2624 2884/2734 1372/1372
f 1374/1374 1373/1373 1412/1412
f 2930/2780 1415/1415 1376/1376
f 1416/1416 1415/1415 2607/2471
f 1416/1416 1445/1445 1417/1417
f 2805/2659 1378/1378 1418/1418
f 1380/1380 1379/1379 1419/1419
f 1383/1383 1382/1382 1422/1422
f 1384/1384 1383/1383 1423/1423
f 1388/1388 2852/2704 1389/1389
f 1391/1391 1427/1427 3033/2878
f 1391/1391 3033/2878 1428/1428
f 1428/1428 3048/2890 1392/1392
f 3048/2890 1430/1430 1393/1393
f 1430/1430 2758/2617 3037/2881
f 2758/2617 1432/1432 1394/1394
f 2964/2811 1432/1432 1462/1462
f 1396/1396 2964/2811 2909/2759
f 1398/1398 1434/1434 1435/1435
f 2835/2689 1435/1435 1436/1436
f 1436/1436 1399/1399 2835/2689
f 1466/1466 2887/2737 2529/2393
f 2544/2408 1400/1400 2887/2737
f 1401/1401 2715/2575 1402/1402
f 1438/1438 1403/1403 2619/2483
f 1328/1328 1407/1407 2425/2290
f 2723/2583 1407/1407 1439/1439
f 2854/2706 2495/2359 1408/1408
f 1408/1408 2429/2294 1409/1409
f 1409/1409 2429/2294 1410/1410
f 1413/1413 1414/1414 1375/1375
f 2805/2659 1418/1418 1447/1447
f 1419/1419 2629/2493 1420/1420
f 1421/1421 2629/2493 1448/1448
f 1422/1422 1421/1421 1449/1449
f 1423/1423 1422/1422 1450/1450
f 1453/1453 1425/1425 1452/1452
f 1455/1455 2384/2250 1454/1454
f 1459/1459 1428/1428 2754/2613
f 1429/1429 1460/1460 1461/1461
f 2782/2637 2685/2547 1435/1435
f 2518/2382 2944/2793 1467/1467
f 1468/1468 1437/1437 2518/2382
f 1473/1473 1439/1439 2587/2451
f 2980/2827 1411/1411 1410/1410
f 1442/1442 2993/2839 2408/2273
f 1442/1442 1478/1478 1443/1443
f 1443/1443 2726/2586 1413/1413
f 2444/2308 2607/2471 1444/1444
f 1447/1447 1446/1446 1480/1480
f 2476/2340 1447/1447 1481/1481
f 2864/2715 1448/1448 2629/2493
f 1450/1450 2446/2310 1423/1423
f 1487/1487 1451/1451 2454/2318
f 1425/1425 1453/1453 2384/2250
f 1490/1490 1458/1458 1457/1457
f 2754/2613 1460/1460 1459/1459
f 2917/2767 2772/2628 1431/1431
f 2772/2628 1462/1462 1431/1431
f 2432/2297 2685/2547 2920/2770
f 2432/2297 2684/2546 2529/2393
f 2923/2773 2684/2546 2413/2278
f 1499/1499 1500/1500 1470/1470
f 2828/2682 2383/2249 1504/1504
f 1504/1504 1474/1474 2828/2682
f 2408/2273 1478/1478 1442/1442
f 1444/1444 2683/2545 2444/2308
f 2997/2843 1480/1480 1510/1510
f 2430/2295 2476/2340 1481/1481
f 2430/2295 1511/1511 1482/1482
f 1519/1519 1489/1489 1488/1488
f 2907/2757 2623/2487 1456/1456
f 2689/2551 2623/2487 1520/1520
f 1460/1460 1522/1522 2438/2302
f 1526/1526 2682/2544 1496/1496
f 2824/2678 2920/2770 2514/2378
f 3022/2867 2413/2278 2684/2546
f 1503/1503 1533/1533 2728/2588
f 1475/1475 2577/2441 2400/2265
f 3008/2854 1505/1505 2400/2265
f 1507/1507 1477/1477 1506/1506
f 1535/1535 1508/1508 1507/1507
f 2738/2597 1536/1536 2645/2509
f 2423/2288 1482/1482 1511/1511
f 1513/1513 1514/1514 2609/2473
f 2831/2685 2448/2312 1486/1486
f 1486/1486 2448/2312 1541/1541
f 1515/1515 1541/1541 2740/2599
f 2688/2550 2435/2299 1519/1519
f 1545/1545 2433/2298 2990/2836
f 1523/1523 2433/2298 2513/2377
f 2686/2548 2513/2377 1546/1546
f 1546/1546 2968/2815 2686/2548
f 2674/2536 2789/2644 1573/1573
f 2674/2536 2503/2367 3032/2877
f 2580/2444 2401/2266 2682/2544
f 3022/2867 2485/2349 2413/2278
f 1548/1548 2485/2349 2877/2728
f 2671/2533 2508/2372 1498/1498
f 1553/1553 1552/1552 2942/2792
f 2481/2345 2728/2588 1553/1553
f 2663/2525 2898/2748 1585/1585
f 3008/2854 2991/2837 2414/2279
f 3001/2847 1508/1508 1535/1535
f 2648/2511 2398/2263 2369/2236
f 1539/1539 1540/1540 2423/2288
f 2831/2685 2549/2413 1563/1563
f 1543/1543 1569/1569 1544/1544
f 1570/1570 2416/2281 2681/2543
f 1545/1545 2416/2281 2509/2373
f 2433/2298 1571/1571 2513/2377
f 2387/2253 2657/2519 2503/2367
f 2658/2520 2996/2842 1576/1576
f 2661/2523 2982/2829 1577/1577
f 2508/2372 2405/2270 1549/1549
f 2414/2279 2991/2837 1586/1586
f 2414/2279 1534/1534 3008/2854
f 2574/2438 2662/2524 1554/1554
f 1558/1558 2386/2252 2648/2511
f 2566/2430 1559/1559 2386/2252
f 1562/1562 1563/1563 2549/2413
f 1564/1564 2517/2381 2719/2579
f 1564/1564 2528/2392 1565/1565
f 1565/1565 2528/2392 1566/1566
f 1569/1569 2592/2456 1544/1544
f 2556/2420 1570/1570 1597/1597
f 1598/1598 2416/2281 2556/2420
f 1571/1571 3011/2857 2696/2558
f 2882/2732 3038/2882 1573/1573
f 2650/2513 3006/2852 1574/1574
f 2567/2431 1576/1576 1575/1575
f 2982/2829 1547/1547 2382/2248
f 2479/2343 1578/1578 1577/1577
f 1578/1578 1579/1579 1548/1548
f 1580/1580 1579/1579 2397/2262
f 2405/2270 2504/2368 1549/1549
f 2504/2368 1582/1582 1549/1549
f 2346/2215 1610/1610 1583/1583
f 1612/1612 2512/2376 1586/1586
f 2581/2445 2512/2376 2669/2531
f 2874/2725 3040/2884 2474/2338
f 1588/1588 1613/1613 1589/1589
f 2363/2230 3055/2897 2643/2507
f 2642/2506 1559/1559 2566/2430
f 2771/2627 1562/1562 1592/1592
f 2517/2381 1563/1563 1562/1562
f 2517/2381 2407/2272 2719/2579
f 2719/2579 2586/2450 2528/2392
f 2578/2442 1567/1567 1593/1593
f 2885/2735 1620/1620 2371/2238
f 2564/2428 2467/2331 1601/1601
f 2482/2346 2382/2248 1604/1604
f 2479/2343 1605/1605 2904/2754
f 2670/2532 2591/2455 1607/1607
f 2929/2779 1610/1610 1609/1609
f 1634/1634 2700/2562 1633/1633
f 2700/2562 2420/2285 1612/1612
f 2420/2285 2669/2531 2512/2376
f 1637/1637 1613/1613 1636/1636
f 2363/2230 2643/2507 1638/1638
f 2563/2427 1640/1640 2469/2333
f 1618/1618 2983/2830 1619/1619
f 2376/2243 2983/2830 1672/1672
f 1646/1646 2409/2274 1619/1619
f 2569/2433 2371/2238 1620/1620
f 2364/2231 2467/2331 2564/2428
f 1624/1624 2654/2516 1602/1602
f 2650/2513 2570/2434 1626/1626
f 2482/2346 2389/2255 1654/1654
f 2479/2343 2904/2754 1606/1606
f 2397/2262 3010/2856 2591/2455
f 2721/2581 3010/2856 2493/2357
f 1634/1634 1659/1659 1660/1660
f 1634/1634 2515/2379 2420/2285
f 2412/2277 2515/2379 1661/1661
f 2669/2531 2902/2752 2497/2361
f 1662/1662 1635/1635 2614/2478
f 1663/1663 1690/1690 2572/2436
f 2892/2742 1637/1637 1663/1663
f 2651/2514 2562/2426 2473/2337
f 1638/1638 1665/1665 2468/2332
f 1665/1665 2640/2504 2468/2332
f 2987/2833 2640/2504 1666/1666
f 1640/1640 1641/1641 2469/2333
f 2963/2810 2374/2241 2486/2350
f 2850/2702 2621/2485 1643/1643
f 1671/1671 1644/1644 1670/1670
f 1672/1672 2983/2830 1645/1645
f 2983/2830 2376/2243 1619/1619
f 1673/1673 2644/2508 1646/1646
f 2569/2433 2463/2327 2371/2238
f 1647/1647 1648/1648 1621/1621
f 1648/1648 3030/2875 2555/2419
f 1649/1649 3030/2875 2559/2423
f 1676/1676 1649/1649 2559/2423
f 1680/1680 1652/1652 2570/2434
f 1682/1682 2639/2503 1653/1653
f 2389/2255 2492/2356 1654/1654
f 2483/2347 2402/2267 1655/1655
f 1655/1655 2603/2467 2493/2357
f 1685/1685 2829/2683 2721/2581
f 2871/2722 1686/1686 1659/1659
f 2614/2478 1688/1688 2550/2414
f 2572/2436 2892/2742 1663/1663
f 1691/1691 2561/2425 1665/1665
f 1666/1666 1693/1693 2460/2324
f 1668/1668 2870/2721 2374/2241
f 2870/2721 1669/1669 2571/2435
f 1697/1697 2850/2702 1696/1696
f 1645/1645 2818/2672 1672/1672
f 2362/2229 2465/2329 2559/2423
f 2559/2423 2737/2596 1676/1676
f 1703/1703 1676/1676 2737/2596
f 1705/1705 1679/1679 1678/1678
f 2379/2245 2480/2344 1680/1680
f 2961/2808 1682/1682 1653/1653
f 2775/2630 2639/2503 1682/1682
f 1709/1709 1683/1683 2492/2356
f 2603/2467 2501/2365 2849/2701
f 2721/2581 2779/2634 1684/1684
f 1714/1714 1713/1713 1742/1742
f 1716/1716 2527/2391 1687/1687
f 2426/2291 2749/2608 2550/2414
f 2994/2840 2390/2256 2572/2436
f 2568/2432 3054/2896 1720/1720
f 1691/1691 1722/1722 2372/2239
f 1692/1692 2953/2801 1723/1723
f 1752/1752 2800/2654 1725/1725
f 2560/2424 2810/2664 1726/1726
f 1696/1696 2573/2437 1697/1697
f 1697/1697 2573/2437 1728/1728
f 1729/1729 1698/1698 1728/1728
f 2951/2799 2879/2730 2641/2505
f 1674/1674 2464/2328 1701/1701
f 1675/1675 1701/1701 1702/1702
f 1702/1702 2465/2329 1675/1675
f 1705/1705 2960/2807 2472/2336
f 1705/1705 1706/1706 1679/1679
f 3059/2901 2496/2360 2672/2534
f 2411/2276 1709/1709 1710/1710
f 2411/2276 2597/2461 2501/2365
f 2849/2701 2730/2590 1711/1711
f 2932/2782 1711/1711 2601/2465
f 1742/1742 1768/1768 2462/2326
f 1716/1716 1743/1743 1744/1744
f 2527/2391 1744/1744 2449/2313
f 2620/2484 2449/2313 1771/1771
f 1746/1746 1718/1718 1717/1717
f 2761/2620 1721/1721 1749/1749
f 2953/2801 2865/2716 1723/1723
f 2701/2563 1724/1724 2366/2233
f 1752/1752 2846/2699 1753/1753
f 1754/1754 2800/2654 1753/1753
f 1727/1727 2702/2564 1755/1755
f 2822/2676 3003/2849 1729/1729
f 3056/2898 2951/2799 2367/2234
f 1732/1732 1733/1733 1702/1702
f 2472/2336 2794/2648 1735/1735
f 1735/1735 1736/1736 1706/1706
f 1764/1764 1736/1736 2502/2366
f 2776/2631 2856/2708 1737/1737
f 1738/1738 2672/2534 2496/2360
f 1739/1739 2600/2464 2427/2292
f 3028/2873 1710/1710 1739/1739
f 2443/2307 1741/1741 2601/2465
f 2459/2323 1743/1743 1769/1769
f 1770/1770 1744/1744 2459/2323
f 1773/1773 1747/1747 1746/1746
f 2984/2831 2761/2620 1776/1776
f 2984/2831 1776/1776 1777/1777
f 1778/1778 2845/2698 1777/1777
f 1779/1779 2612/2476 1753/1753
f 2612/2476 2373/2240 1754/1754
f 1755/1755 2745/2604 1756/1756
f 2936/2786 2957/2804 1807/1807
f 2957/2804 1758/1758 2822/2676
f 1758/1758 1759/1759 1730/1730
f 1782/1782 2622/2486 1759/1759
f 1732/1732 2471/2335 1760/1760
f 2611/2475 1785/1785 1763/1763
f 2794/2648 2869/2720 2377/2244
f 1765/1765 2971/2818 1789/1789
f 1765/1765 2600/2464 2672/2534
f 3028/2873 2804/2658 1766/1766
f 1766/1766 2804/2658 2941/2791
f 1767/1767 3002/2848 2440/2304
f 1767/1767 2601/2465 2730/2590
f 1741/1741 2443/2307 1791/1791
f 2459/2323 2763/2622 1792/1792
f 2459/2323 1793/1793 1770/1770
f 1770/1770 1793/1793 1794/1794
f 1798/1798 1774/1774 2428/2293
f 2725/2585 2636/2500 2583/2447
f 2370/2237 1751/1751 2666/2528
f 1780/1780 2745/2604 1806/1806
f 1782/1782 1783/1783 2622/2486
f 2778/2633 3041/2885 2388/2254
f 2395/2261 2595/2459 2714/2574
f 2595/2459 2522/2386 1787/1787
f 1787/1787 2547/2411 1764/1764
f 1813/1813 2811/2665 1788/1788
f 2440/2304 2541/2405 1790/1790
f 1792/1792 1817/1817 1849/1849
f 1793/1793 1818/1818 1819/1819
f 1794/1794 1819/1819 1820/1820
f 1795/1795 1820/1820 1821/1821
f 1821/1821 2809/2663 1822/1822
f 1823/1823 2521/2385 1798/1798
f 1825/1825 1800/1800 1799/1799
f 1826/1826 2900/2750 1801/1801
f 2633/2497 1827/1827 1857/1857
f 1829/1829 1804/1804 2470/2334
f 1830/1830 1806/1806 2774/2629
f 2519/2383 2801/2655 1807/1807
f 2862/2713 1783/1783 2585/2449
f 1808/1808 2862/2713 1833/1833
f 1810/1810 1809/1809 2404/2269
f 2522/2386 2757/2616 1813/1813
f 2896/2746 2452/2316 2626/2490
f 2541/2405 2727/2587 1845/1845
f 1847/1847 1816/1816 1846/1846
f 1818/1818 1849/1849 3039/2883
f 1819/1819 1850/1850 1851/1851
f 1820/1820 1851/1851 1852/1852
f 2809/2663 1852/1852 1883/1883
f 1823/1823 1853/1853 1854/1854
f 1854/1854 1855/1855 2844/2697
f 1856/1856 1825/1825 1824/1824
f 2900/2750 1857/1857 1827/1827
f 1857/1857 2900/2750 2635/2499
f 1858/1858 1828/1828 2633/2497
f 2660/2522 2724/2584 1859/1859
f 2755/2614 2813/2667 1861/1861
f 2919/2769 2519/2383 1807/1807
f 2519/2383 2760/2619 1831/1831
f 2590/2454 2616/2480 1834/1834
f 1869/1869 1837/1837 2542/2406
f 1839/1839 1838/1838 1870/1870
f 1872/1872 1839/1839 1871/1871
f 1874/1874 1840/1840 1873/1873
f 2836/2690 1842/1842 1841/1841
f 1843/1843 1844/1844 1815/1815
f 2541/2405 1846/1846 1816/1816
f 1847/1847 1846/1846 1879/1879
f 1851/1851 1881/1881 1882/1882
f 1852/1852 1882/1882 1883/1883
f 2809/2663 3046/2888 1853/1853
f 1884/1884 1885/1885 1854/1854
f 1885/1885 1886/1886 1855/1855
f 2768/2625 1887/1887 1856/1856
f 2635/2499 1856/1856 1888/1888
f 1889/1889 1857/1857 2635/2499
f 2633/2497 2593/2457 1858/1858
f 2593/2457 1859/1859 1858/1858
f 1890/1890 1861/1861 1860/1860
f 2760/2619 1863/1863 1864/1864
f 2783/2638 1865/1865 1894/1894
f 2777/2632 2952/2800 2552/2416
f 1836/1836 3009/2855 1868/1868
f 1868/1868 1897/1897 1869/1869
f 1924/1924 2969/2816 1897/1897
f 1871/1871 1870/1870 1898/1898
f 1872/1872 1871/1871 1899/1899
f 1873/1873 1872/1872 1900/1900
f 1874/1874 1873/1873 1901/1901
f 1904/1904 1875/1875 1903/1903
f 1877/1877 1876/1876 1904/1904
f 1878/1878 1877/1877 1905/1905
f 1879/1879 1878/1878 1906/1906
f 1908/1908 1880/1880 3065/2907
f 1881/1881 1908/1908 1909/1909
f 1882/1882 1909/1909 1910/1910
f 1910/1910 3046/2888 1883/1883
f 1884/1884 1911/1911 1912/1912
f 3020/2865 1887/1887 2827/2681
f 1889/1889 1914/1914 2602/2466
f 2698/2560 2606/2470 1943/1943
f 2608/2472 2783/2638 2692/2554
f 1895/1895 2952/2800 2743/2602
f 2777/2632 2733/2592 1866/1866
f 2897/2747 1867/1867 1866/1866
f 3009/2855 1922/1922 1896/1896
f 3052/2894 1896/1896 1923/1923
f 2969/2816 1924/1924 1898/1898
f 1899/1899 1898/1898 1925/1925
f 1900/1900 1899/1899 1926/1926
f 1901/1901 1900/1900 1927/1927
f 1902/1902 1901/1901 1928/1928
f 1903/1903 1902/1902 1929/1929
f 2878/2729 1903/1903 1930/1930
f 2878/2729 1905/1905 1904/1904
f 1906/1906 1905/1905 1932/1932
f 3065/2907 2466/2330 1908/1908
f 1909/1909 1934/1934 1910/1910
f 1910/1910 1934/1934 1935/1935
f 1911/1911 1935/1935 1936/1936
f 1886/1886 3053/2895 1937/1937
f 1937/1937 2827/2681 1886/1886
f 1939/1939 2928/2778 1913/1913
f 1914/1914 1940/1940 1915/1915
f 1915/1915 1941/1941 2632/2496
f 2886/2736 2853/2705 2447/2311
f 2606/2470 2698/2560 3023/2868
f 1893/1893 1916/1916 2695/2557
f 1917/1917 1916/1916 1946/1946
f 2937/2787 1946/1946 2847/2700
f 1919/1919 1918/1918 1947/1947
f 1920/1920 1919/1919 1948/1948
f 1921/1921 1920/1920 1949/1949
f 1951/1951 1922/1922 1950/1950
f 1897/1897 3052/2894 1924/1924
f 1925/1925 1924/1924 1953/1953
f 1926/1926 1925/1925 1954/1954
f 1927/1927 1926/1926 1955/1955
f 1928/1928 1927/1927 1956/1956
f 1929/1929 1928/1928 1957/1957
f 1930/1930 1929/1929 1958/1958
f 2653/2515 2466/2330 1961/1961
f 1934/1934 1963/1963 1964/1964
f 1935/1935 1964/1964 1965/1965
f 1936/1936 1965/1965 1966/1966
f 1937/1937 1966/1966 1967/1967
f 1938/1938 1967/1967 1968/1968
f 1939/1939 1968/1968 1969/1969
f 1940/1940 2928/2778 3050/2892
f 1940/1940 1970/1970 1971/1971
f 1941/1941 1971/1971 3042/2886
f 1942/1942 1972/1972 1973/1973
f 1943/1943 1973/1973 1974/1974
f 1946/1946 2937/2787 1917/1917
f 1949/1949 1948/1948 1978/1978
f 1950/1950 1949/1949 1979/1979
f 1951/1951 1950/1950 1980/1980
f 1952/1952 1951/1951 1981/1981
f 1953/1953 1952/1952 1982/1982
f 1954/1954 1953/1953 1983/1983
f 1955/1955 1954/1954 1984/1984
f 1956/1956 1955/1955 1985/1985
f 1957/1957 1956/1956 1986/1986
f 1958/1958 1957/1957 1987/1987
f 1958/1958 1988/1988 2656/2518
f 2347/2216 1962/1962 2653/2515
f 1964/1964 1991/1991 1992/1992
f 1965/1965 1992/1992 1993/1993
f 1966/1966 1993/1993 1994/1994
f 1967/1967 1994/1994 1995/1995
f 1968/1968 1995/1995 1996/1996
f 3050/2892 1996/1996 1997/1997
f 1970/1970 1997/1997 1998/1998
f 1998/1998 3042/2886 1971/1971
f 1972/1972 1999/1999 2000/2000
f 2000/2000 1974/1974 1973/1973
f 2610/2474 1975/1975 1945/1945
f 2735/2594 2002/2002 1976/1976
f 1979/1979 1978/1978 2005/2005
f 1980/1980 1979/1979 2006/2006
f 1981/1981 1980/1980 2007/2007
f 1982/1982 1981/1981 2008/2008
f 1983/1983 1982/1982 2009/2009
f 1984/1984 1983/1983 2010/2010
f 1985/1985 1984/1984 2011/2011
f 1986/1986 1985/1985 2012/2012
f 1987/1987 1986/1986 2013/2013
f 1988/1988 2014/2014 2015/2015
f 1958/1958 2656/2518 1930/1930
f 2656/2518 2998/2844 1989/1989
f 1991/1991 2018/2018 2019/2019
f 1992/1992 2019/2019 2020/2020
f 1993/1993 2020/2020 2021/2021
f 1994/1994 2021/2021 2022/2022
f 1995/1995 2022/2022 2023/2023
f 1996/1996 2023/2023 2024/2024
f 1997/1997 2024/2024 2025/2025
f 1998/1998 2025/2025 2026/2026
f 2962/2809 2001/2001 2027/2027
f 1975/1975 2842/2695 2002/2002
f 2029/2029 1976/1976 2003/2003
f 2005/2005 2004/2004 2030/2030
f 2006/2006 2005/2005 2031/2031
f 2007/2007 2006/2006 2032/2032
f 2008/2008 2007/2007 2033/2033
f 2009/2009 2008/2008 2034/2034
f 2010/2010 2009/2009 2035/2035
f 2011/2011 2010/2010 2036/2036
f 2012/2012 2011/2011 2037/2037
f 2013/2013 2012/2012 2038/2038
f 2015/2015 2016/2016 1988/1988
f 2017/2017 2044/2044 2347/2216
f 2019/2019 2045/2045 2046/2046
f 2020/2020 2046/2046 2047/2047
f 2021/2021 2047/2047 2048/2048
f 2022/2022 2048/2048 2049/2049
f 2023/2023 2049/2049 2050/2050
f 2024/2024 2050/2050 2051/2051
f 2025/2025 2051/2051 2052/2052
f 3004/2850 2052/2052 2053/2053
f 2053/2053 2762/2621 3004/2850
f 2001/2001 2962/2809 2842/2695
f 2003/2003 2859/2710 2029/2029
f 2056/2056 2029/2029 2859/2710
f 2031/2031 2030/2030 2057/2057
f 2032/2032 2031/2031 2058/2058
f 2033/2033 2032/2032 2059/2059
f 2034/2034 2033/2033 2060/2060
f 2035/2035 2034/2034 2061/2061
f 2036/2036 2035/2035 2062/2062
f 2037/2037 2036/2036 2063/2063
f 2038/2038 2037/2037 2064/2064
f 2039/2039 2038/2038 2065/2065
f 2066/2066 2040/2040 2039/2039
f 2041/2041 2040/2040 2697/2559
f 2045/2045 2088/2088 2067/2067
f 2046/2046 2067/2067 2068/2068
f 2047/2047 2068/2068 2069/2069
f 2048/2048 2069/2069 2070/2070
f 2049/2049 2070/2070 2071/2071
f 2050/2050 2071/2071 2072/2072
f 2051/2051 2072/2072 2073/2073
f 2056/2056 3005/2851 2076/2076
f 2057/2057 2076/2076 2769/2626
f 2058/2058 2057/2057 2769/2626
f 2059/2059 2058/2058 2077/2077
f 2060/2060 2059/2059 2078/2078
f 2061/2061 2060/2060 2079/2079
f 2062/2062 2061/2061 2080/2080
f 2063/2063 2062/2062 2081/2081
f 2064/2064 2063/2063 2082/2082
f 2065/2065 2066/2066 2039/2039
f 2087/2087 2086/2086 2110/2110
f 2087/2087 2088/2088 2045/2045
f 2067/2067 2751/2610 2089/2089
f 2068/2068 2089/2089 2090/2090
f 2069/2069 2090/2090 2091/2091
f 2070/2070 2091/2091 2092/2092
f 2071/2071 2092/2092 2093/2093
f 2072/2072 2093/2093 2094/2094
f 2073/2073 2094/2094 2095/2095
f 2077/2077 2769/2626 2100/2100
f 2078/2078 2077/2077 2101/2101
f 2079/2079 2078/2078 2102/2102
f 2080/2080 2079/2079 2103/2103
f 2081/2081 2080/2080 2104/2104
f 2082/2082 2081/2081 2105/2105
f 2109/2109 2084/2084 2108/2108
f 2129/2129 2697/2559 2109/2109
f 2834/2688 2751/2610 2088/2088
f 2089/2089 2111/2111 2112/2112
f 2090/2090 2112/2112 2113/2113
f 2091/2091 2113/2113 2114/2114
f 2092/2092 2114/2114 2115/2115
f 2093/2093 2115/2115 2116/2116
f 2094/2094 2116/2116 2117/2117
f 2117/2117 2118/2118 2095/2095
f 2787/2642 2118/2118 2139/2139
f 2097/2097 2098/2098 2075/2075
f 2100/2100 2099/2099 2120/2120
f 2101/2101 2100/2100 2121/2121
f 2102/2102 2101/2101 2122/2122
f 2103/2103 2102/2102 2123/2123
f 2104/2104 2103/2103 2124/2124
f 2105/2105 2104/2104 2125/2125
f 2106/2106 2105/2105 2126/2126
f 2106/2106 2107/2107 2083/2083
f 2111/2111 2131/2131 2729/2589
f 2112/2112 2132/2132 2133/2133
f 2113/2113 2133/2133 2134/2134
f 2114/2114 2134/2134 2135/2135
f 2115/2115 2135/2135 2136/2136
f 2116/2116 2136/2136 2137/2137
f 2117/2117 2137/2137 2138/2138
f 2139/2139 2138/2138 2157/2157
f 2119/2119 2141/2141 2120/2120
f 2121/2121 2120/2120 2141/2141
f 2122/2122 2121/2121 2142/2142
f 2123/2123 2122/2122 2143/2143
f 2124/2124 2123/2123 2144/2144
f 2125/2125 2124/2124 2145/2145
f 2127/2127 2146/2146 2147/2147
f 2127/2127 2147/2147 2707/2567
f 2151/2151 2152/2152 2132/2132
f 2134/2134 2746/2605 2153/2153
f 2135/2135 2153/2153 2154/2154
f 2136/2136 2154/2154 2155/2155
f 2137/2137 2155/2155 2156/2156
f 2157/2157 2156/2156 2625/2489
f 2142/2142 2141/2141 2734/2593
f 2143/2143 2142/2142 2159/2159
f 2144/2144 2143/2143 2160/2160
f 2145/2145 2144/2144 2161/2161
f 2145/2145 2162/2162 2125/2125
f 2126/2126 2163/2163 2146/2146
f 2167/2167 2166/2166 2181/2181
f 2153/2153 2167/2167 2168/2168
f 2154/2154 2168/2168 2169/2169
f 2155/2155 2169/2169 2170/2170
f 2170/2170 2625/2489 2156/2156
f 2158/2158 2625/2489 2171/2171
f 2160/2160 2159/2159 2173/2173
f 2161/2161 2160/2160 2174/2174
f 2162/2162 2161/2161 2175/2175
f 2163/2163 2162/2162 2176/2176
f 2163/2163 2177/2177 2146/2146
f 2146/2146 2178/2178 2147/2147
f 2179/2179 2180/2180 2165/2165
f 2165/2165 2720/2580 2166/2166
f 2181/2181 2182/2182 2167/2167
f 2183/2183 2182/2182 2193/2193
f 2173/2173 2172/2172 2187/2187
f 2174/2174 2173/2173 2188/2188
f 2175/2175 2174/2174 2189/2189
f 2176/2176 2175/2175 2199/2199
f 2192/2192 2181/2181 2720/2580
f 2182/2182 2183/2183 2168/2168
f 2194/2194 2184/2184 2170/2170
f 2195/2195 2186/2186 2185/2185
f 2188/2188 2187/2187 2196/2196
f 2189/2189 2188/2188 2197/2197
f 2922/2772 2203/2203 2204/2204
f 2520/2384 2922/2772 2204/2204
f 2197/2197 2196/2196 2205/2205
f 2939/2789 2197/2197 2205/2205
f 2211/2211 2461/2325 2279/3000
f 2359/2228 2587/2451 2250/3034
f 2360/3044 960/960 2240/3045
f 2361/2959 1004/1004 1050/1050
f 2458/2322 2457/2321 1641/1641
f 2638/2502 1641/1641 1640/1640
f 1590/1590 2934/2784 1591/1591
f 1639/1639 2987/2833 2460/2324
f 551/551 2705/2949 3068/2909
f 1700/1700 2644/2508 1673/1673
f 2362/2229 2559/2423 3030/2875
f 1675/1675 2362/2229 1647/1647
f 3055/2897 1558/1558 2981/2828
f 1650/1650 1624/1624 2467/2331
f 2179/2179 2272/3008 2180/2180
f 2365/2232 2803/2657 1703/1703
f 1751/1751 2865/2716 2703/2565
f 1732/1732 3056/2898 2471/2335
f 2368/2235 2641/2505 2879/2730
f 2368/2235 1699/1699 2565/2429
f 1802/1802 1803/1803 2370/2237
f 2960/2807 1677/1677 1704/1704
f 2371/2238 1621/1621 2885/2735
f 2372/2239 1692/1692 2561/2425
f 1572/1572 1573/1573 2789/2644
f 1601/1601 2467/2331 2882/2732
f 1668/1668 1642/1642 2457/2321
f 1560/1560 1590/1590 1591/1591
f 1589/1589 2765/2623 1588/1588
f 1613/1613 2473/2337 1589/1589
f 2478/2342 1664/1664 2562/2426
f 2568/2432 1721/1721 2375/2242
f 1758/1758 1782/1782 1759/1759
f 1592/1592 2563/2427 2771/2627
f 1576/1576 2567/2431 1603/1603
f 2376/2243 1646/1646 1619/1619
f 2377/2244 1735/1735 2794/2648
f 2378/3023 1817/1817 2711/2571
f 2867/2718 2489/2353 1557/1557
f 2379/2245 1680/1680 2570/2434
f 2379/2245 1651/1651 1679/1679
f 2380/2246 1636/1636 2474/2338
f 2895/2745 1653/1653 1627/1627
f 3022/2867 2877/2728 2485/2349
f 2970/2817 2498/2362 2381/2247
f 1805/1805 2802/2656 1829/1829
f 2382/2248 2912/2762 2982/2829
f 2481/2345 2383/2249 2728/2588
f 2815/2669 1727/1727 1755/1755
f 2385/2251 459/459 458/458
f 494/494 458/458 2484/2348
f 2386/2252 1538/1538 2506/2370
f 2386/2252 2506/2370 2648/2511
f 2387/2253 3038/2882 1574/1574
f 1727/1727 2560/2424 2702/2564
f 3003/2849 2818/2672 1698/1698
f 3003/2849 2565/2429 1699/1699
f 2869/2720 3041/2885 1786/1786
f 1257/1257 1258/1258 1212/1212
f 1073/1073 1074/1074 1027/1027
f 2482/2346 1654/1654 1628/1628
f 1748/1748 1719/1719 2680/2542
f 854/854 897/897 898/898
f 939/939 3036/2880 898/898
f 2392/2258 1567/1567 2490/2354
f 854/854 810/810 809/809
f 1645/1645 3062/2904 1644/1644
f 982/982 983/983 939/939
f 983/983 1026/1026 1027/1027
f 2394/2260 2876/2727 2548/2412
f 1706/1706 1736/1736 1707/1707
f 1584/1584 2898/2748 1553/1553
f 1118/1118 2858/2709 1119/1119
f 1689/1689 1662/1662 2550/2414
f 2157/2157 2158/2158 2140/2140
f 1812/1812 2595/2459 2395/2261
f 2958/2805 2862/2713 1832/1832
f 2397/2262 1606/1606 1629/1629
f 2506/2370 2997/2843 2826/2680
f 532/532 568/568 2516/2380
f 1475/1475 1505/1505 1476/1476
f 2577/2441 2991/2837 2400/2265
f 1488/1488 2487/2351 1518/1518
f 2401/2266 2580/2444 1575/1575
f 2402/2267 2603/2467 1655/1655
f 2814/2668 391/391 2667/2529
f 2403/2268 298/298 268/268
f 1547/1547 2658/2520 2382/2248
f 2404/2269 1835/1835 1810/1810
f 2404/2269 1809/1809 2616/2480
f 135/135 3014/2859 158/158
f 87/87 110/110 88/88
f 1657/1657 2255/3028 2947/2796
f 2405/2270 2671/2533 3007/2853
f 2719/2579 1615/1615 2586/2450
f 2409/2274 2592/2456 2927/2777
f 2359/2228 1473/1473 2587/2451
f 1385/1385 2855/2707 1386/1386
f 1387/1387 1386/1386 2855/2707
f 2931/2781 1540/1540 1561/1561
f 2185/2185 2186/2186 2171/2171
f 2185/2185 2520/2384 2195/2195
f 2877/2728 3022/2867 2661/2523
f 2414/2279 1586/1586 2512/2376
f 2415/2280 2210/2210 2596/2460
f 134/134 2816/2670 157/157
f 2002/2002 2028/2028 2003/2003
f 1765/1765 2672/2534 1738/1738
f 1740/1740 2501/2365 2597/2461
f 1826/1826 1825/1825 2417/2282
f 1479/1479 1510/1510 2911/2761
f 1945/1945 1944/1944 2610/2474
f 2932/2782 2349/2218 1712/1712
f 2780/2635 1889/1889 2602/2466
f 69/69 68/68 89/89
f 16/16 9/9 8/8
f 1745/1745 1746/1746 1717/1717
f 2598/2462 1772/1772 1796/1796
f 2328/2939 197/197 227/227
f 2547/2411 1787/1787 1788/1788
f 1443/1443 1413/1413 1412/1412
f 2421/2286 1477/1477 2408/2273
f 2980/2827 2421/2286 1411/1411
f 1543/1543 1544/1544 2688/2550
f 2422/2287 460/460 2525/2389
f 2422/2287 496/496 497/497
f 1437/1437 1468/1468 2619/2483
f 2423/2288 1540/1540 1512/1512
f 1406/1406 1439/1439 1407/1407
f 2923/2773 1466/1466 2684/2546
f 2424/2289 1388/1388 1426/1426
f 2424/2289 2907/2757 1456/1456
f 2495/2359 2854/2706 2425/2290
f 2527/2391 2426/2291 2752/2611
f 2804/2658 3028/2873 2427/2292
f 2680/2542 2428/2293 1774/1774
f 1797/1797 1822/1822 2808/2662
f 1867/1867 2933/2783 1866/1866
f 2883/2733 642/642 605/605
f 1463/1463 1462/1462 2431/2296
f 2431/2296 1525/1525 2511/2375
f 1465/1465 2782/2637 1434/1434
f 2514/2378 1465/1465 2682/2544
f 2432/2297 2920/2770 1527/1527
f 2528/2392 2586/2450 1593/1593
f 2433/2298 1522/1522 2990/2836
f 2433/2298 1545/1545 2509/2373
f 2227/3065 172/172 173/173
f 493/493 2484/2348 424/424
f 493/493 2935/2785 492/492
f 1890/1890 1891/1891 1861/1861
f 2435/2299 2907/2757 1489/1489
f 214/214 187/187 213/213
f 299/299 2906/2756 300/300
f 1369/1369 2247/3037 2248/3036
f 534/534 2618/2482 2437/2301
f 392/392 426/426 460/460
f 1461/1461 2438/2302 1493/1493
f 1523/1523 1522/1522 2433/2298
f 2439/2303 3035/2879 112/112
f 2440/2304 1790/1790 1767/1767
f 1687/1687 1659/1659 1686/1686
f 6/6 14/14 2575/2439
f 899/899 2531/2395 2442/2306
f 1302/1302 2537/2401 1303/1303
f 766/766 2532/2396 811/811
f 2607/2471 2444/2308 1479/1479
f 3036/2880 2445/2309 2531/2395
f 1451/1451 2825/2679 2446/2310
f 2536/2400 1213/1213 2677/2539
f 2447/2311 2660/2522 2886/2736
f 2853/2705 2886/2736 2632/2496
f 1530/1530 1531/1531 1500/1500
f 1913/1913 1889/1889 1888/1888
f 1715/1715 1714/1714 2462/2326
f 2972/2819 2450/2314 2582/2446
f 1815/1815 2604/2468 2452/2316
f 424/424 2839/2693 2453/2317
f 1452/1452 1487/1487 1517/1517
f 1445/1445 1416/1416 2607/2471
f 2041/2041 2015/2015 2040/2040
f 3057/2899 1642/1642 2613/2477
f 2458/2322 1667/1667 2457/2321
f 1694/1694 1695/1695 2458/2322
f 1482/1482 1512/1512 1483/1483
f 2342/2922 2212/2921 2750/2609
f 2846/2699 2701/2563 2370/2237
f 2190/2190 2199/2199 2851/2703
f 2987/2833 1639/1639 1614/1614
f 1785/1785 1762/1762 2388/2254
f 2415/2280 2461/2325 2713/2573
f 1721/1721 1722/1722 2375/2242
f 2462/2326 1714/1714 1742/1742
f 2911/2761 1446/1446 1445/1445
f 2826/2680 1510/1510 2418/2283
f 2463/2327 1647/1647 2371/2238
f 2463/2327 2644/2508 1674/1674
f 1809/1809 2938/2788 2616/2480
f 3056/2898 1701/1701 2464/2328
f 2367/2234 2951/2799 1731/1731
f 1961/1961 2466/2330 3065/2907
f 2466/2330 2722/2582 1908/1908
f 1990/1990 2018/2018 1991/1991
f 3039/2883 2739/2598 1933/1933
f 3065/2907 1880/1880 1933/1933
f 1838/1838 2395/2261 1811/1811
f 1601/1601 2882/2732 1572/1572
f 2680/2542 1774/1774 1748/1748
f 2468/2332 2642/2506 2363/2230
f 3057/2899 2613/2477 2469/2333
f 2469/2333 2771/2627 2563/2427
f 2800/2654 1754/1754 1726/1726
f 1590/1590 1614/1614 2934/2784
f 1650/1650 1678/1678 1651/1651
f 1560/1560 1539/1539 1538/1538
f 2177/2177 2178/2178 2146/2146
f 1828/1828 1858/1858 2470/2334
f 172/172 198/198 199/199
f 2806/2660 1673/1673 2376/2243
f 1699/1699 2368/2235 2806/2660
f 1761/1761 2611/2475 1734/1734
f 2893/2743 2367/2234 2622/2486
f 1558/1558 2369/2236 2981/2828
f 2417/2282 1825/1825 1856/1856
f 1730/1730 1759/1759 2641/2505
f 2472/2336 1735/1735 1705/1705
f 2783/2638 2958/2805 1832/1832
f 1555/1555 1556/1556 2645/2509
f 2662/2524 2874/2725 1555/1555
f 2084/2084 2107/2107 2108/2108
f 3027/2872 2745/2604 2373/2240
f 18/18 16/16 17/17
f 2473/2337 1637/1637 2651/2514
f 2474/2338 1635/1635 2380/2246
f 2654/2516 2650/2513 1574/1574
f 1603/1603 2895/2745 3018/2863
f 1626/1626 1603/1603 2567/2431
f 2475/2339 13/13 12/12
f 2660/2522 2447/2311 1890/1890
f 1623/1623 1600/1600 1599/1599
f 2864/2715 2430/2295 1482/1482
f 1857/1857 2780/2635 2633/2497
f 47/47 32/32 31/31
f 2892/2742 3054/2896 2651/2514
f 3054/2896 2390/2256 1720/1720
f 1474/1474 1504/1504 1475/1475
f 2658/2520 1547/1547 2579/2443
f 1506/1506 1535/1535 1507/1507
f 60/60 47/47 59/59
f 2479/2343 1606/1606 1578/1578
f 1630/1630 1608/1608 1607/1607
f 2480/2344 1679/1679 1706/1706
f 2383/2249 2481/2345 3031/2876
f 2931/2781 1592/1592 1562/1562
f 2838/2692 407/407 406/406
f 2912/2762 1628/1628 1605/1605
f 1604/1604 3018/2863 2482/2346
f 2615/2479 2883/2733 2693/2555
f 1610/1610 2929/2779 1611/1611
f 1534/1534 3072/2912 1554/1554
f 2391/2257 898/898 897/897
f 256/256 257/257 229/229
f 1074/1074 1073/1073 1118/1118
f 1655/1655 2904/2754 2483/2347
f 1670/1670 1697/1697 1671/1671
f 458/458 494/494 2385/2251
f 2485/2349 1528/1528 2413/2278
f 2877/2728 2661/2523 1577/1577
f 1386/1386 1387/1387 1348/1348
f 1425/1425 2384/2250 2855/2707
f 1165/1165 2858/2709 1211/1211
f 7/7 3016/2861 15/15
f 2588/2452 2410/2275 680/680
f 2876/2727 810/810 766/766
f 1301/1301 2901/2751 1257/1257
f 2486/2350 1616/1616 1615/1615
f 1518/1518 2392/2258 1568/1568
f 1729/1729 2957/2804 2822/2676
f 2880/2731 2974/2821 1529/1529
f 111/111 136/136 112/112
f 1537/1537 2418/2283 3019/2864
f 2489/2353 1509/1509 2738/2597
f 1594/1594 1595/1595 2490/2354
f 2569/2433 2409/2274 1646/1646
f 2491/2355 52/52 68/68
f 2491/2355 2441/2305 2530/2394
f 143/143 167/167 144/144
f 2492/2356 1683/1683 1654/1654
f 2591/2455 2829/2683 1630/1630
f 2140/2140 2139/2139 2157/2157
f 2158/2158 2171/2171 2172/2172
f 1584/1584 1611/1611 1585/1585
f 1441/1441 1408/1408 2495/2359
f 2723/2583 2495/2359 2425/2290
f 1738/1738 1708/1708 1737/1737
f 2497/2361 2399/2264 2574/2438
f 2669/2531 2412/2277 2902/2752
f 2603/2467 2849/2701 2779/2634
f 1495/1495 3032/2877 1526/1526
f 2503/2367 2674/2536 2387/2253
f 1689/1689 1718/1718 2994/2840
f 2359/2228 1502/1502 1473/1473
f 1476/1476 1505/1505 1477/1477
f 76/76 96/96 2888/2738
f 1581/1581 1607/1607 2504/2368
f 2148/2148 2128/2128 2707/2567
f 2505/2369 27/27 2679/2541
f 2575/2439 2950/2798 15/15
f 2624/2488 87/87 67/67
f 2807/2661 1538/1538 1511/1511
f 2779/2634 1711/1711 1684/1684
f 2507/2371 2683/2545 2726/2586
f 2508/2372 1530/1530 1499/1499
f 2508/2372 2671/2533 2405/2270
f 66/66 3064/2906 51/51
f 1598/1598 2509/2373 2416/2281
f 2787/2642 2098/2098 2097/2097
f 1916/1916 1945/1945 1946/1946
f 1893/1893 1944/1944 1916/1916
f 2511/2375 1494/1494 2431/2296
f 1710/1710 1709/1709 3059/2901
f 3017/2862 1975/1975 2610/2474
f 2512/2376 1612/1612 2420/2285
f 1522/1522 1523/1523 2438/2302
f 1571/1571 2433/2298 2509/2373
f 2514/2378 2682/2544 2401/2266
f 2903/2753 1527/1527 2579/2443
f 158/158 159/159 135/135
f 2516/2380 533/533 495/495
f 2927/2777 1569/1569 1596/1596
f 2993/2839 2421/2286 2408/2273
f 2940/2790 1863/1863 1862/1862
f 58/58 2712/2572 57/57
f 2592/2456 1570/1570 1544/1544
f 1766/1766 1740/1740 2597/2461
f 2936/2786 2801/2655 2585/2449
f 1788/1788 2971/2818 2547/2411
f 2980/2827 1410/1410 2429/2294
f 2204/2204 2415/2280 2520/2384
f 2871/2722 1633/1633 1658/1658
f 2521/2385 2583/2447 1798/1798
f 169/169 196/196 170/170
f 2780/2635 2523/2387 2593/2457
f 1498/1498 1499/1499 1469/1469
f 512/512 551/551 3068/2909
f 119/119 120/120 96/96
f 97/97 120/120 121/121
f 330/330 2906/2756 299/299
f 187/187 214/214 2576/2440
f 2907/2757 2424/2289 1455/1455
f 426/426 2526/2390 2675/2537
f 2527/2391 2752/2611 1687/1687
f 723/723 681/681 722/722
f 1513/1513 2831/2685 1514/1514
f 2685/2547 2529/2393 1436/1436
f 2530/2394 38/38 37/37
f 2491/2355 2530/2394 2594/2458
f 2532/2396 2999/2845 2442/2306
f 2514/2378 2782/2637 1465/1465
f 1303/1303 2536/2400 2677/2539
f 2538/2402 2799/2653 1120/1120
f 1799/1799 1824/1824 1825/1825
f 1824/1824 2768/2625 1856/1856
f 227/227 197/197 2988/2834
f 2935/2785 493/493 424/424
f 2944/2793 3021/2866 1402/1402
f 1837/1837 1869/1869 2905/2755
f 3020/2865 1888/1888 1887/1887
f 720/720 2410/2275 679/679
f 2543/2407 2582/2446 2450/2314
f 2544/2408 1401/1401 1400/1400
f 2546/2410 252/252 278/278
f 2963/2810 2613/2477 1642/1642
f 1558/1558 2648/2511 2369/2236
f 2869/2720 1785/1785 3041/2885
f 1755/1755 1756/1756 2815/2669
f 1756/1756 1780/1780 1781/1781
f 2683/2545 2393/2259 1509/1509
f 1765/1765 1738/1738 2856/2708
f 2776/2631 1764/1764 2547/2411
f 2548/2412 723/723 722/722
f 3047/2889 2876/2727 766/766
f 2831/2685 1563/1563 2448/2312
f 1513/1513 2931/2781 2549/2413
f 1662/1662 2614/2478 2550/2414
f 2623/2487 2435/2299 2688/2550
f 1770/1770 1771/1771 2449/2313
f 423/423 424/424 2453/2317
f 2451/2315 604/604 605/605
f 2551/2415 567/567 603/603
f 2437/2301 607/607 3049/2891
f 2552/2416 1920/1920 2733/2592
f 1403/1403 1437/1437 2619/2483
f 70/70 91/91 92/92
f 1840/1840 1813/1813 2757/2616
f 980/980 938/938 979/979
f 2798/2652 2554/2418 985/985
f 2554/2418 1029/1029 2533/2397
f 2896/2746 1841/1841 1842/1842
f 1599/1599 2696/2558 2555/2419
f 1804/1804 1803/1803 2470/2334
f 2556/2420 1597/1597 1620/1620
f 1622/1622 2885/2735 1621/1621
f 2638/2502 2460/2324 1693/1693
f 2865/2716 1751/1751 2366/2233
f 1800/1800 1778/1778 1777/1777
f 43/43 21/21 2926/2776
f 1748/1748 2761/2620 1749/1749
f 2631/2495 2800/2654 1726/1726
f 1693/1693 1694/1694 2638/2502
f 2806/2660 2879/2730 1673/1673
f 2557/2421 2468/2332 2640/2504
f 1572/1572 2899/2749 1601/1601
f 1649/1649 1676/1676 2637/2501
f 6/6 2343/2212 5/5
f 2560/2424 1669/1669 2870/2721
f 1368/1368 2308/2966 2309/2965
f 1701/1701 1732/1732 1702/1702
f 1617/1617 1670/1670 1644/1644
f 2561/2425 1666/1666 2640/2504
f 2561/2425 1691/1691 2372/2239
f 2643/2507 1589/1589 2473/2337
f 1837/1837 2778/2633 2542/2406
f 2803/2657 2365/2232 1734/1734
f 2562/2426 1638/1638 2643/2507
f 1664/1664 2478/2342 2375/2242
f 1600/1600 2564/2428 1601/1601
f 2706/2566 2045/2045 2018/2018
f 1188/1188 2313/2961 1095/1095
f 1556/1556 1557/1557 2645/2509
f 77/77 2888/2738 97/97
f 2565/2429 1730/1730 2368/2235
f 1750/1750 2372/2239 1722/1722
f 1424/1424 2891/2741 2825/2679
f 2925/2775 1761/1761 1760/1760
f 1784/1784 1760/1760 2471/2335
f 1587/1587 2474/2338 1636/1636
f 2657/2519 3006/2852 1575/1575
f 1626/1626 3006/2852 2650/2513
f 2644/2508 2569/2433 1646/1646
f 2344/2213 23/23 12/12
f 1626/1626 1652/1652 2895/2745
f 2570/2434 2650/2513 1625/1625
f 1669/1669 1643/1643 2571/2435
f 2571/2435 2486/2350 2374/2241
f 2382/2248 2658/2520 1604/1604
f 1604/1604 1576/1576 1603/1603
f 251/251 252/252 222/222
f 2082/2082 2106/2106 2083/2083
f 1506/1506 1477/1477 1505/1505
f 2802/2656 3027/2872 2612/2476
f 1829/1829 2673/2535 1805/1805
f 2572/2436 1690/1690 2994/2840
f 195/195 196/196 169/169
f 1699/1699 1672/1672 2818/2672
f 1476/1476 1474/1474 1475/1475
f 2710/2570 2525/2389 426/426
f 166/166 193/193 221/221
f 110/110 111/111 88/88
f 134/134 135/135 110/110
f 2961/2808 1708/1708 1682/1682
f 1681/1681 2480/2344 1707/1707
f 1705/1705 1735/1735 1706/1706
f 3001/2847 2662/2524 1555/1555
f 1628/1628 2912/2762 2382/2248
f 2193/2193 2202/2202 2203/2203
f 2202/2202 2201/2201 2209/2209
f 2381/2247 568/568 2819/2673
f 2819/2673 2500/2364 605/605
f 3038/2882 2654/2516 1574/1574
f 2649/2512 3016/2861 2/2
f 2576/2440 160/160 159/159
f 1539/1539 1561/1561 1540/1540
f 2924/2774 27/27 37/37
f 285/285 286/286 256/256
f 347/347 285/285 316/316
f 2679/2541 7/7 15/15
f 1729/1729 1728/1728 1757/1757
f 1542/1542 1567/1567 2392/2258
f 1566/1566 2740/2599 1565/1565
f 1617/1617 1594/1594 2578/2442
f 2664/2526 2678/2540 1301/1301
f 2483/2347 1654/1654 1683/1683
f 1073/1073 1072/1072 1117/1117
f 2455/2319 896/896 2545/2409
f 1907/1907 1906/1906 1960/1960
f 1719/1719 1720/1720 2390/2256
f 721/721 720/720 764/764
f 2824/2678 2996/2842 2579/2443
f 3007/2853 1529/1529 2974/2821
f 2510/2374 228/228 255/255
f 256/256 2863/2714 2510/2374
f 2580/2444 2503/2367 2657/2519
f 2512/2376 2581/2445 2414/2279
f 2097/2097 2054/2054 2074/2074
f 1683/1683 1709/1709 2411/2276
f 1210/1210 2665/2527 1163/1163
f 2916/2766 360/360 329/329
f 1775/1775 1774/1774 2583/2447
f 2807/2661 2506/2370 1538/1538
f 1454/1454 1517/1517 1488/1488
f 2399/2264 3040/2884 2574/2438
f 1831/1831 2801/2655 2519/2383
f 2385/2251 532/532 495/495
f 2586/2450 1616/1616 1593/1593
f 1615/1615 2719/2579 2407/2272
f 1799/1799 1800/1800 1776/1776
f 2838/2692 442/442 407/407
f 643/643 680/680 722/722
f 2588/2452 642/642 2615/2479
f 1406/1406 2589/2453 1439/1439
f 1502/1502 1503/1503 1473/1473
f 1502/1502 1533/1533 1503/1503
f 2616/2480 3000/2846 2404/2269
f 2590/2454 1834/1834 2743/2602
f 2717/2577 343/343 313/313
f 1543/1543 1518/1518 1568/1568
f 2591/2455 1630/1630 1607/1607
f 2670/2532 2397/2262 2591/2455
f 27/27 2594/2458 37/37
f 2594/2458 52/52 2491/2355
f 36/36 26/26 25/25
f 2903/2753 2661/2523 3022/2867
f 1074/1074 2914/2764 1027/1027
f 2999/2845 766/766 810/810
f 1580/1580 2974/2821 1579/1579
f 1258/1258 1302/1302 1303/1303
f 2502/2366 1787/1787 1764/1764
f 1892/1892 1893/1893 2940/2790
f 2596/2460 2278/3001 2461/2325
f 2849/2701 1740/1740 2730/2590
f 99/99 100/100 78/78
f 983/983 984/984 939/939
f 1213/1213 1212/1212 2677/2539
f 1488/1488 1489/1489 1454/1454
f 1863/1863 2760/2619 2599/2463
f 2599/2463 2617/2481 1862/1862
f 147/147 146/146 2989/2835
f 2989/2835 169/169 170/170
f 2955/2802 1508/1508 2393/2259
f 2600/2464 1739/1739 2672/2534
f 1686/1686 1716/1716 1687/1687
f 2884/2734 2993/2839 1412/1412
f 1772/1772 2598/2462 1745/1745
f 1795/1795 1796/1796 1772/1772
f 2933/2783 2404/2269 3000/2846
f 1530/1530 1549/1549 1550/1550
f 1889/1889 2780/2635 1857/1857
f 2602/2466 1914/1914 1915/1915
f 1818/1818 3039/2883 1850/1850
f 1348/1348 1349/1349 1302/1302
f 1493/1493 2686/2548 1524/1524
f 2493/2357 2779/2634 2721/2581
f 2911/2761 1445/1445 2607/2471
f 2424/2289 2840/2694 1388/1388
f 1465/1465 1496/1496 2682/2544
f 2941/2791 2440/2304 3002/2848
f 2832/2686 1824/1824 2725/2585
f 2422/2287 461/461 460/460
f 1891/1891 1890/1890 2606/2470
f 1416/1416 1417/1417 1377/1377
f 2609/2473 1485/1485 1484/1484
f 2609/2473 1483/1483 1512/1512
f 2698/2560 2610/2474 1944/1944
f 1763/1763 2803/2657 2611/2475
f 2771/2627 2407/2272 2517/2381
f 2613/2477 2771/2627 2469/2333
f 1785/1785 2869/2720 1763/1763
f 75/75 2833/2687 74/74
f 2885/2735 3011/2857 1598/1598
f 2614/2478 2412/2277 1688/1688
f 1797/1797 2428/2293 1773/1773
f 2598/2462 1796/1796 1797/1797
f 2398/2263 1537/1537 2867/2718
f 2616/2480 2590/2454 3000/2846
f 280/280 312/312 313/313
f 2618/2482 2516/2380 606/606
f 1565/1565 2448/2312 1564/1564
f 1468/1468 1469/1469 2619/2483
f 2451/2315 2551/2415 604/604
f 1670/1670 1617/1617 2621/2485
f 2622/2486 2367/2234 1731/1731
f 2622/2486 1783/1783 2785/2640
f 2623/2487 1490/1490 1456/1456
f 3064/2906 2793/2647 2624/2488
f 2625/2489 2184/2184 2171/2171
f 2626/2490 2452/2316 2535/2399
f 3025/2870 1814/1814 2626/2490
f 316/316 285/285 284/284
f 1553/1553 2942/2792 1584/1584
f 2923/2773 1467/1467 2715/2575
f 1497/1497 1528/1528 2880/2731
f 1782/1782 2936/2786 2585/2449
f 427/427 460/460 461/461
f 2524/2388 244/244 215/215
f 2866/2717 269/269 2436/2300
f 2455/2319 2545/2409 2627/2491
f 895/895 3060/2902 2627/2491
f 2875/2726 855/855 2442/2306
f 2799/2653 1121/1121 1075/1075
f 2441/2305 53/53 2691/2553
f 1458/1458 1490/1490 1491/1491
f 1214/1214 2731/2591 1259/1259
f 1464/1464 1495/1495 1496/1496
f 2454/2318 2628/2492 1486/1486
f 2200/2200 2177/2177 2190/2190
f 1350/1350 1389/1389 2852/2704
f 2629/2493 1421/1421 1420/1420
f 2476/2340 1419/1419 2805/2659
f 1398/1398 2966/2813 2630/2494
f 1726/1726 2810/2664 2631/2495
f 2151/2151 2165/2165 2152/2152
f 1707/1707 2776/2631 1737/1737
f 2632/2496 1941/1941 1942/1942
f 1786/1786 2714/2574 2377/2244
f 1827/1827 2633/2497 1828/1828
f 2042/2042 2820/2674 2041/2041
f 2896/2746 2553/2417 1841/1841
f 2534/2398 678/678 2693/2555
f 2088/2088 2087/2087 2834/2688
f 1301/1301 2753/2612 2634/2498
f 2634/2498 1348/1348 2901/2751
f 644/644 2694/2556 683/683
f 2900/2750 2417/2282 2635/2499
f 2635/2499 1888/1888 1889/1889
f 2818/2672 3003/2849 1699/1699
f 2583/2447 2636/2500 1775/1775
f 2636/2500 1799/1799 1776/1776
f 1560/1560 1561/1561 1539/1539
f 2563/2427 1592/1592 1591/1591
f 2637/2501 1676/1676 1677/1677
f 458/458 2814/2668 425/425
f 459/459 2525/2389 2710/2570
f 1761/1761 2925/2775 1762/1762
f 1694/1694 1693/1693 1723/1723
f 2961/2808 1680/1680 1681/1681
f 2118/2118 2787/2642 2096/2096
f 1712/1712 2921/2771 3071/2911
f 1640/1640 2934/2784 1639/1639
f 1509/1509 2444/2308 2683/2545
f 2489/2353 3019/2864 1509/1509
f 1648/1648 2555/2419 1622/1622
f 2639/2503 2389/2255 1627/1627
f 2817/2671 2899/2749 1546/1546
f 2640/2504 1665/1665 2561/2425
f 1500/1500 1471/1471 1470/1470
f 1747/1747 1718/1718 1746/1746
f 2879/2730 2951/2799 1700/1700
f 2642/2506 1614/1614 1590/1590
f 2566/2430 2363/2230 2642/2506
f 1688/1688 2412/2277 1661/1661
f 1516/1516 1515/1515 2740/2599
f 2355/2224 2926/2776 21/21
f 2643/2507 2473/2337 2562/2426
f 3062/2904 2983/2830 1618/1618
f 1654/1654 2483/2347 1628/1628
f 2952/2800 2777/2632 2590/2454
f 2978/2825 2202/2202 2193/2193
f 2646/2510 1781/1781 2488/2352
f 2647/2941 282/282 314/314
f 2429/2294 1441/1441 1474/1474
f 1588/1588 1556/1556 1587/1587
f 1587/1587 1613/1613 1588/1588
f 79/79 80/80 60/60
f 1624/1624 1651/1651 1625/1625
f 1692/1692 1723/1723 1693/1693
f 1484/1484 1483/1483 2609/2473
f 2822/2676 1730/1730 2565/2429
f 2398/2263 2648/2511 2826/2680
f 2649/2512 6/6 2575/2439
f 2649/2512 2/2 1/1
f 1519/1519 1543/1543 2688/2550
f 2653/2515 2264/3016 2017/2017
f 2653/2515 2017/2017 2347/2216
f 145/145 146/146 120/120
f 899/899 2999/2845 854/854
f 147/147 121/121 146/146
f 1962/1962 2347/2216 1990/1990
f 2656/2518 1989/1989 1931/1931
f 61/61 2477/2341 47/47
f 2968/2815 2558/2422 2789/2644
f 2558/2422 1572/1572 2789/2644
f 1868/1868 1869/1869 2542/2406
f 2658/2520 1576/1576 1604/1604
f 1505/1505 3008/2854 1506/1506
f 1577/1577 2912/2762 2479/2343
f 2659/2521 194/194 166/166
f 250/250 2659/2521 221/221
f 1664/1664 1691/1691 1665/1665
f 100/100 124/124 125/125
f 243/243 2866/2717 2436/2300
f 2395/2261 1838/1838 1812/1812
f 1826/1826 1800/1800 1825/1825
f 2390/2256 1747/1747 1719/1719
f 2660/2522 1859/1859 2886/2736
f 743/743 2790/3050 2236/3049
f 2745/2604 2774/2629 1806/1806
f 1554/1554 3001/2847 1535/1535
f 52/52 51/51 3064/2906
f 1567/1567 1594/1594 2490/2354
f 1566/1566 1593/1593 1567/1567
f 897/897 2545/2409 896/896
f 1026/1026 1073/1073 1027/1027
f 1257/1257 1211/1211 2664/2526
f 764/764 808/808 765/765
f 1164/1164 1118/1118 2665/2527
f 788/788 744/744 702/702
f 2666/2528 1802/1802 2370/2237
f 2839/2693 424/424 425/425
f 2494/2358 2916/2766 329/329
f 185/185 211/211 186/186
f 184/184 210/210 185/185
f 1864/1864 1894/1894 1865/1865
f 2420/2285 2515/2379 2669/2531
f 1607/1607 1581/1581 2670/2532
f 1939/1939 3020/2865 1938/1938
f 36/36 51/51 2406/2271
f 36/36 25/25 35/35
f 1529/1529 1498/1498 1497/1497
f 2405/2270 3007/2853 1581/1581
f 1739/1739 3059/2901 2672/2534
f 2673/2535 1830/1830 1805/1805
f 1860/1860 1861/1861 2673/2535
f 2821/2675 2551/2415 2451/2315
f 1595/1595 1596/1596 1568/1568
f 534/534 569/569 535/535
f 212/212 213/213 186/186
f 242/242 243/243 212/212
f 2950/2798 2505/2369 15/15
f 330/330 361/361 2906/2756
f 2675/2537 391/391 2710/2570
f 224/224 252/252 2546/2410
f 2676/2538 531/531 494/494
f 2676/2538 493/493 530/530
f 1027/1027 1028/1028 983/983
f 2811/2665 2553/2417 1814/1814
f 1212/1212 1213/1213 1165/1165
f 2855/2707 1426/1426 1387/1387
f 2788/2643 2456/2320 1300/1300
f 2753/2612 1346/1346 1347/1347
f 2384/2250 1455/1455 1426/1426
f 283/283 284/284 255/255
f 2514/2378 2920/2770 2782/2637
f 1527/1527 2824/2678 2579/2443
f 1848/1848 2443/2307 1790/1790
f 1747/1747 1773/1773 2680/2542
f 2416/2281 1570/1570 2556/2420
f 2875/2726 2798/2652 940/940
f 1496/1496 1465/1465 1433/1433
f 2682/2544 1526/1526 2580/2444
f 1578/1578 1606/1606 1579/1579
f 1512/1512 1513/1513 2609/2473
f 1740/1740 1766/1766 3002/2848
f 2684/2546 1466/1466 2529/2393
f 495/495 532/532 2516/2380
f 2196/2196 2713/2573 2205/2205
f 2485/2349 2880/2731 1528/1528
f 1856/1856 1887/1887 1888/1888
f 2549/2413 2831/2685 1513/1513
f 69/69 89/89 90/90
f 2548/2412 767/767 723/723
f 476/476 515/515 477/477
f 2741/2600 1440/1440 2499/2363
f 1539/1539 1511/1511 1538/1538
f 1538/1538 1559/1559 1560/1560
f 2685/2547 1436/1436 1435/1435
f 1443/1443 1478/1478 2507/2371
f 2820/2674 2043/2043 2998/2844
f 2686/2548 1493/1493 1523/1523
f 2968/2815 1546/1546 2558/2422
f 2962/2809 2028/2028 2842/2695
f 1596/1596 3015/2860 1618/1618
f 2364/2231 2637/2501 2973/2820
f 2364/2231 2564/2428 2687/2549
f 2043/2043 2042/2042 2291/2987
f 1862/1862 1863/1863 2599/2463
f 2688/2550 1520/1520 2623/2487
f 2184/2184 2625/2489 2170/2170
f 2689/2551 1491/1491 1490/1490
f 2689/2551 1520/1520 1521/1521
f 1433/1433 2759/2618 1464/1464
f 2543/2407 2450/2314 359/359
f 2526/2390 392/392 362/362
f 2690/2552 1304/1304 2731/2591
f 2690/2552 2537/2401 1350/1350
f 2781/2636 1214/1214 1167/1167
f 2691/2553 2530/2394 2441/2305
f 1918/1918 2608/2472 2692/2554
f 2692/2554 1894/1894 1917/1917
f 1767/1767 2443/2307 2601/2465
f 678/678 2534/2398 641/641
f 3049/2891 2694/2556 2540/2404
f 2694/2556 682/682 683/683
f 2655/2517 279/279 280/280
f 2375/2242 1691/1691 1664/1664
f 2427/2292 3025/2870 2535/2399
f 1864/1864 2940/2790 2695/2557
f 2695/2557 1894/1894 1864/1864
f 2578/2442 2621/2485 1617/1617
f 1677/1677 1703/1703 1704/1704
f 2696/2558 1622/1622 2555/2419
f 2066/2066 2109/2109 2697/2559
f 535/535 2605/2469 497/497
f 2475/2339 34/34 2736/2595
f 2475/2339 24/24 13/13
f 2646/2510 2488/2352 1757/1757
f 1364/1364 1401/1401 1402/1402
f 2459/2323 1744/1744 1743/1743
f 329/329 298/298 2494/2358
f 268/268 299/299 2866/2717
f 2609/2473 1514/1514 1485/1485
f 1782/1782 2585/2449 1783/1783
f 2157/2157 2138/2138 2156/2156
f 2489/2353 2867/2718 1537/1537
f 2428/2293 2808/2662 1798/1798
f 186/186 187/187 158/158
f 2787/2642 2139/2139 2119/2119
f 1406/1406 1328/1328 1327/1327
f 2966/2813 1360/1360 1359/1359
f 2388/2254 1835/1835 2778/2633
f 3041/2885 2778/2633 1811/1811
f 1444/1444 2607/2471 1415/1415
f 23/23 2977/2824 12/12
f 2699/2561 22/22 32/32
f 1419/1419 2476/2340 2629/2493
f 2802/2656 1779/1779 1804/1804
f 1779/1779 2802/2656 2612/2476
f 2902/2752 2412/2277 2614/2478
f 2700/2562 1634/1634 2420/2285
f 2701/2563 1752/1752 1724/1724
f 160/160 2439/2303 136/136
f 1616/1616 2621/2485 2578/2442
f 2373/2240 2702/2564 1754/1754
f 1524/1524 2917/2767 1493/1493
f 642/642 2819/2673 605/605
f 297/297 240/240 296/296
f 297/297 267/267 240/240
f 2705/2949 551/551 2322/2950
f 170/170 147/147 2989/2835
f 2706/2566 2018/2018 2044/2044
f 2017/2017 2995/2841 2044/2044
f 2707/2567 2128/2128 2108/2108
f 2707/2567 2147/2147 2148/2148
f 3019/2864 2489/2353 1537/1537
f 1522/1522 1492/1492 2990/2836
f 1529/1529 1497/1497 2880/2731
f 251/251 2659/2521 250/250
f 2708/2568 2353/2222 2352/2221
f 2709/2569 95/95 118/118
f 2709/2569 142/142 143/143
f 2710/2570 426/426 2675/2537
f 1768/1768 1769/1769 2462/2326
f 1025/1025 2861/2712 2975/2822
f 44/44 43/43 2712/2572
f 1385/1385 1386/1386 1347/1347
f 347/347 317/317 285/285
f 1441/1441 2828/2682 1474/1474
f 2736/2595 50/50 35/35
f 1370/1370 1371/1371 2797/2651
f 2713/2573 2520/2384 2415/2280
f 2713/2573 2196/2196 2195/2195
f 2523/2387 2780/2635 2602/2466
f 1803/1803 1802/1802 1828/1828
f 2454/2318 2446/2310 2628/2492
f 1713/1713 2256/3027 2257/3026
f 1888/1888 3020/2865 1913/1913
f 2715/2575 1467/1467 2944/2793
f 1438/1438 1470/1470 1471/1471
f 1405/1405 1471/1471 1472/1472
f 2771/2627 2517/2381 1562/1562
f 123/123 2225/3067 2226/3066
f 2487/2351 1542/1542 2392/2258
f 2537/2401 1389/1389 1350/1350
f 1487/1487 1452/1452 1451/1451
f 405/405 406/406 375/375
f 2716/2576 391/391 360/360
f 2925/2775 1810/1810 1762/1762
f 2893/2743 2938/2788 1784/1784
f 1913/1913 1914/1914 1889/1889
f 625/625 700/700 2321/2951
f 1774/1774 1775/1775 1748/1748
f 1633/1633 2929/2779 1658/1658
f 2902/2752 1635/1635 2399/2264
f 2618/2482 606/606 607/607
f 2717/2577 313/313 312/312
f 2717/2577 342/342 375/375
f 443/443 409/409 408/408
f 167/167 168/168 145/145
f 194/194 223/223 168/168
f 491/491 2539/2403 457/457
f 2718/2578 184/184 157/157
f 1695/1695 1694/1694 1724/1724
f 895/895 2627/2491 852/852
f 2761/2620 2636/2500 1776/1776
f 2720/2580 2181/2181 2166/2166
f 2532/2396 812/812 811/811
f 1656/1656 1685/1685 3071/2911
f 2722/2582 1962/1962 1963/1963
f 2499/2363 2723/2583 1439/1439
f 2724/2584 2470/2334 1859/1859
f 1860/1860 2660/2522 1890/1890
f 2533/2397 1030/1030 2554/2418
f 1876/1876 1842/1842 1875/1875
f 2521/2385 2832/2686 2725/2585
f 1693/1693 1666/1666 1692/1692
f 78/78 2954/3069 2224/3068
f 2576/2440 188/188 2744/2603
f 215/215 188/188 214/214
f 1665/1665 1638/1638 1664/1664
f 2726/2586 1444/1444 1414/1414
f 1815/1815 1845/1845 2727/2587
f 2727/2587 2541/2405 2440/2304
f 1468/1468 1497/1497 1498/1498
f 2862/2713 2958/2805 1833/1833
f 1855/1855 1886/1886 2742/2601
f 1480/1480 2997/2843 1481/1481
f 1688/1688 2752/2611 2426/2291
f 2107/2107 2084/2084 2083/2083
f 1615/1615 2963/2810 2486/2350
f 2501/2365 2603/2467 2402/2267
f 2604/2468 1815/1815 2727/2587
f 2604/2468 2535/2399 2452/2316
f 2383/2249 2741/2600 2728/2588
f 1533/1533 1553/1553 2728/2588
f 1808/1808 2785/2640 1783/1783
f 2480/2344 1681/1681 1680/1680
f 1861/1861 1891/1891 2755/2614
f 2150/2150 2131/2131 2130/2130
f 2729/2589 2151/2151 2132/2132
f 1724/1724 1752/1752 1725/1725
f 1749/1749 1719/1719 1748/1748
f 2486/2350 2571/2435 1643/1643
f 1915/1915 2632/2496 2523/2387
f 109/109 2624/2488 86/86
f 2665/2527 1210/1210 1164/1164
f 1463/1463 1464/1464 2909/2759
f 1495/1495 1494/1494 3032/2877
f 392/392 460/460 427/427
f 2731/2591 1214/1214 2536/2400
f 2731/2591 1303/1303 2690/2552
f 1772/1772 2620/2484 1771/1771
f 1418/1418 1446/1446 1447/1447
f 2732/3054 514/514 2857/3055
f 2897/2747 2733/2592 1921/1921
f 2777/2632 2552/2416 2733/2592
f 157/157 133/133 2718/2578
f 2734/2593 2172/2172 2159/2159
f 2734/2593 2140/2140 2158/2158
f 2866/2717 300/300 269/269
f 2592/2456 2409/2274 1597/1597
f 492/492 2821/2675 530/530
f 1976/1976 2847/2700 2735/2594
f 2735/2594 1945/1945 1975/1975
f 1843/1843 1876/1876 1844/1844
f 1404/1404 1367/1367 1323/1323
f 1405/1405 1404/1404 1438/1438
f 2683/2545 1444/1444 2726/2586
f 2349/2218 2932/2782 1741/1741
f 2861/2712 980/980 979/979
f 1143/1143 1096/1096 1142/1142
f 1743/1743 1716/1716 1715/1715
f 1451/1451 1452/1452 1424/1424
f 2846/2699 1804/1804 1779/1779
f 2736/2595 24/24 2475/2339
f 1486/1486 1514/1514 2831/2685
f 1812/1812 1838/1838 1839/1839
f 1788/1788 1787/1787 2522/2386
f 1399/1399 1362/1362 2835/2689
f 1880/1880 1908/1908 1881/1881
f 1608/1608 1656/1656 1631/1631
f 39/39 38/38 2691/2553
f 3051/2893 2296/2981 2396/2980
f 165/165 166/166 143/143
f 1750/1750 2953/2801 2372/2239
f 2737/2596 2559/2423 2465/2329
f 2681/2543 2416/2281 1521/1521
f 2738/2597 2645/2509 1557/1557
f 2738/2597 1509/1509 2393/2259
f 60/60 61/61 47/47
f 2739/2598 2260/3021 2261/3020
f 223/223 194/194 222/222
f 1515/1515 1516/1516 1487/1487
f 2740/2599 1541/1541 1565/1565
f 1524/1524 2968/2815 1525/1525
f 2741/2600 1503/1503 2728/2588
f 2388/2254 1810/1810 1835/1835
f 2803/2657 1704/1704 1703/1703
f 1476/1476 1477/1477 2421/2286
f 3021/2866 1437/1437 1403/1403
f 2817/2671 2513/2377 1571/1571
f 2742/2601 2832/2686 1855/1855
f 2827/2681 1887/1887 2742/2601
f 3033/2878 1427/1427 1457/1457
f 1747/1747 2994/2840 1718/1718
f 2680/2542 1719/1719 1747/1747
f 1931/1931 1959/1959 1932/1932
f 2743/2602 1833/1833 2958/2805
f 2608/2472 1895/1895 2743/2602
f 1780/1780 1806/1806 2617/2481
f 1781/1781 2646/2510 1756/1756
f 314/314 343/343 344/344
f 2744/2603 160/160 2576/2440
f 1754/1754 1753/1753 2612/2476
f 1801/1801 1802/1802 2666/2528
f 56/56 2843/2696 55/55
f 442/442 441/441 475/475
f 2814/2668 2710/2570 391/391
f 2119/2119 2140/2140 2141/2141
f 74/74 95/95 75/75
f 2745/2604 1780/1780 1756/1756
f 3015/2860 1596/1596 1595/1595
f 229/229 230/230 200/200
f 2152/2152 2133/2133 2132/2132
f 1187/1187 1188/1188 1141/1141
f 1846/1846 2541/2405 1845/1845
f 241/241 267/267 2747/2606
f 1963/1963 1990/1990 1991/1991
f 3012/2858 240/240 267/267
f 2534/2398 2693/2555 2883/2733
f 2694/2556 3049/2891 2419/2284
f 2781/2636 2536/2400 1214/1214
f 425/425 2484/2348 458/458
f 286/286 318/318 287/287
f 118/118 142/142 2709/2569
f 2554/2418 2445/2309 1029/1029
f 498/498 462/462 461/461
f 3025/2870 1789/1789 1814/1814
f 2075/2075 3005/2851 2055/2055
f 2055/2055 2054/2054 2075/2075
f 1462/1462 1432/1432 1431/1431
f 379/379 346/346 345/345
f 24/24 25/25 14/14
f 1408/1408 1441/1441 2429/2294
f 2959/2806 100/100 101/101
f 2426/2291 2550/2414 1688/1688
f 2538/2402 1167/1167 1121/1121
f 1561/1561 1560/1560 1591/1591
f 1632/1632 1608/1608 1631/1631
f 2637/2501 2364/2231 2687/2549
f 2725/2585 1799/1799 2636/2500
f 2067/2067 2088/2088 2751/2610
f 2751/2610 2111/2111 2089/2089
f 2398/2263 2418/2283 1537/1537
f 2825/2679 1451/1451 1424/1424
f 2825/2679 1423/1423 2446/2310
f 3035/2879 91/91 90/90
f 2517/2381 1564/1564 1563/1563
f 1885/1885 1912/1912 3053/2895
f 2546/2410 225/225 224/224
f 1611/1611 1612/1612 1585/1585
f 1377/1377 1417/1417 2918/2768
f 1660/1660 2752/2611 1661/1661
f 2065/2065 2084/2084 2066/2066
f 2200/2200 2190/2190 2208/2208
f 1703/1703 1677/1677 1676/1676
f 1895/1895 1918/1918 1919/1919
f 2386/2252 1559/1559 1538/1538
f 2678/2540 2788/2643 2753/2612
f 2109/2109 2149/2149 2129/2129
f 2415/2280 2204/2204 2210/2210
f 1367/1367 2913/2763 1368/1368
f 2754/2613 1428/1428 3033/2878
f 2754/2613 1492/1492 1460/1460
f 2755/2614 1891/1891 1892/1892
f 808/808 2756/2615 853/853
f 852/852 2756/2615 807/807
f 1813/1813 1840/1840 2553/2417
f 2757/2616 2522/2386 1812/1812
f 2453/2317 2823/2677 423/423
f 1394/1394 3037/2881 2758/2617
f 2758/2617 3029/2874 1431/1431
f 1976/1976 2004/2004 1977/1977
f 897/897 854/854 853/853
f 1635/1635 1662/1662 2380/2246
f 1348/1348 1387/1387 1349/1349
f 329/329 330/330 298/298
f 1418/1418 1417/1417 1446/1446
f 2909/2759 1464/1464 2759/2618
f 2759/2618 1433/1433 2630/2494
f 2365/2232 1733/1733 1734/1734
f 1722/1722 2984/2831 1750/1750
f 2179/2179 2151/2151 2164/2164
f 2438/2302 1461/1461 1460/1460
f 2760/2619 2519/2383 2599/2463
f 2760/2619 1864/1864 1865/1865
f 2595/2459 1812/1812 2522/2386
f 2497/2361 2581/2445 2669/2531
f 2761/2620 1775/1775 2636/2500
f 2761/2620 2984/2831 1721/1721
f 2027/2027 3004/2850 2762/2621
f 2762/2621 2053/2053 2074/2074
f 1669/1669 2560/2424 1696/1696
f 788/788 743/743 2236/3049
f 1303/1303 2677/2539 1258/1258
f 1817/1817 1792/1792 2763/2622
f 2763/2622 2459/2323 1769/1769
f 1917/1917 2695/2557 1916/1916
f 512/512 3068/2909 513/513
f 1329/1329 2854/2706 1330/1330
f 1606/1606 2397/2262 1579/1579
f 1695/1695 1667/1667 2458/2322
f 1482/1482 2423/2288 1512/1512
f 2722/2582 2466/2330 1962/1962
f 2096/2096 2095/2095 2118/2118
f 1541/1541 1515/1515 1486/1486
f 300/300 2906/2756 331/331
f 980/980 981/981 896/896
f 2618/2482 534/534 533/533
f 2656/2518 2016/2016 2998/2844
f 200/200 175/175 174/174
f 1416/1416 1376/1376 1415/1415
f 1588/1588 1557/1557 1556/1556
f 1822/1822 1796/1796 1821/1821
f 2766/3052 587/587 2235/3053
f 2186/2186 2187/2187 2172/2172
f 2187/2187 2195/2195 2196/2196
f 2924/2774 38/38 17/17
f 29/29 41/41 20/20
f 2462/2326 1769/1769 1743/1743
f 1687/1687 1660/1660 1659/1659
f 2511/2375 3032/2877 1494/1494
f 1325/1325 2309/2965 2310/2964
f 1027/1027 2914/2764 1028/1028
f 2914/2764 2533/2397 1028/1028
f 1587/1587 1636/1636 1613/1613
f 2767/2624 1410/1410 1411/1411
f 134/134 157/157 3014/2859
f 2768/2625 1824/1824 2832/2686
f 2768/2625 2742/2601 1887/1887
f 2076/2076 2057/2057 2056/2056
f 211/211 242/242 212/212
f 1824/1824 1799/1799 2725/2585
f 2720/2580 2165/2165 2180/2180
f 2772/2628 1525/1525 2431/2296
f 1626/1626 2570/2434 1652/1652
f 2926/2776 2355/2224 20/20
f 3071/2911 1685/1685 1712/1712
f 2773/2938 197/197 2328/2939
f 493/493 492/492 530/530
f 2524/2388 212/212 243/243
f 1725/1725 1695/1695 1724/1724
f 607/607 606/606 2498/2362
f 1773/1773 1746/1746 2598/2462
f 2589/2453 1406/1406 1369/1369
f 2745/2604 3027/2872 2774/2629
f 2488/2352 1781/1781 1807/1807
f 1778/1778 1826/1826 1801/1801
f 1658/1658 1609/1609 1657/1657
f 317/317 348/348 349/349
f 318/318 286/286 317/317
f 1550/1550 1531/1531 1530/1530
f 494/494 2484/2348 2676/2538
f 1806/1806 2813/2667 2617/2481
f 1780/1780 2919/2769 1781/1781
f 2775/2630 2492/2356 2639/2503
f 377/377 343/343 2717/2577
f 1324/1324 1367/1367 1368/1368
f 1960/1960 1932/1932 1959/1959
f 2776/2631 2547/2411 2856/2708
f 2776/2631 1736/1736 1764/1764
f 1892/1892 3023/2868 1893/1893
f 1349/1349 1388/1388 1389/1389
f 137/137 161/161 138/138
f 284/284 256/256 2510/2374
f 1835/1835 2542/2406 2778/2633
f 2778/2633 1837/1837 1811/1811
f 2779/2634 2493/2357 2603/2467
f 2257/3026 1742/1742 1713/1713
f 1553/1553 1533/1533 1552/1552
f 2194/2194 2183/2183 2193/2193
f 223/223 169/169 168/168
f 2422/2287 2605/2469 461/461
f 89/89 88/88 111/111
f 68/68 69/69 2491/2355
f 2593/2457 2633/2497 2780/2635
f 1850/1850 1881/1881 1851/1851
f 2419/2284 682/682 2694/2556
f 2998/2844 2976/2823 1989/1989
f 460/460 426/426 2525/2389
f 1374/1374 1335/1335 1334/1334
f 1374/1374 1413/1413 1375/1375
f 2172/2172 2734/2593 2158/2158
f 1166/1166 2538/2402 1120/1120
f 2972/2819 2582/2446 2916/2766
f 328/328 2450/2314 2972/2819
f 2782/2637 1435/1435 1434/1434
f 1485/1485 1449/1449 1484/1484
f 2582/2446 2543/2407 2716/2576
f 2749/2608 1717/1717 1718/1718
f 1456/1456 1490/1490 1457/1457
f 2783/2638 1894/1894 2692/2554
f 2958/2805 2608/2472 2743/2602
f 1364/1364 1319/1319 3026/2871
f 1582/1582 2948/2972 2303/2971
f 1834/1834 2938/2788 1808/1808
f 2181/2181 2192/2192 2978/2825
f 1478/1478 2408/2273 1507/1507
f 441/441 2838/2692 440/440
f 1439/1439 1473/1473 2499/2363
f 2350/2219 442/442 475/475
f 442/442 2350/2219 2786/2641
f 2741/2600 2499/2363 1503/1503
f 1649/1649 2687/2549 1623/1623
f 2787/2642 2097/2097 2096/2096
f 2465/2329 1702/1702 2365/2232
f 2474/2338 2399/2264 1635/1635
f 1587/1587 2874/2725 2474/2338
f 1836/1836 1868/1868 2542/2406
f 1346/1346 2753/2612 2788/2643
f 2569/2433 2644/2508 2463/2327
f 1572/1572 2558/2422 2899/2749
f 832/832 2318/2955 2319/2954
f 1405/1405 1438/1438 1471/1471
f 2789/2644 1525/1525 2968/2815
f 2789/2644 2674/2536 2511/2375
f 122/122 147/147 148/148
f 2733/2592 2897/2747 1866/1866
f 743/743 626/626 2790/3050
f 1528/1528 1467/1467 2413/2278
f 2039/2039 2040/2040 2014/2014
f 2791/2645 2584/2448 210/210
f 2791/2645 183/183 209/209
f 528/528 566/566 529/529
f 2792/2646 1214/1214 1259/1259
f 2793/2647 66/66 2986/2832
f 2793/2647 86/86 2624/2488
f 2794/2648 2472/2336 1704/1704
f 40/40 39/39 2795/2649
f 2795/2649 53/53 54/54
f 1622/1622 1621/1621 1648/1648
f 1684/1684 1685/1685 2721/2581
f 2715/2575 1401/1401 2544/2408
f 2935/2785 423/423 457/457
f 2796/2650 359/359 2450/2314
f 2796/2650 327/327 358/358
f 1320/1320 1364/1364 1365/1365
f 1790/1790 2541/2405 1816/1816
f 2797/2651 1331/1331 1286/1286
f 1751/1751 2370/2237 2701/2563
f 20/20 19/19 29/29
f 1452/1452 1425/1425 1424/1424
f 1453/1453 1452/1452 1517/1517
f 137/137 138/138 113/113
f 1860/1860 2724/2584 2660/2522
f 2798/2652 985/985 940/940
f 2799/2653 2914/2764 1120/1120
f 2799/2653 2538/2402 1121/1121
f 2800/2654 1752/1752 1753/1753
f 2631/2495 1725/1725 2800/2654
f 2000/2000 2027/2027 2001/2001
f 2801/2655 1831/1831 1832/1832
f 3027/2872 1805/1805 2774/2629
f 2802/2656 1804/1804 1829/1829
f 2685/2547 2432/2297 2529/2393
f 1354/1354 1394/1394 1355/1355
f 1492/1492 2754/2613 1458/1458
f 2454/2318 1515/1515 1487/1487
f 2523/2387 2632/2496 2886/2736
f 2076/2076 2099/2099 2769/2626
f 2365/2232 1703/1703 2737/2596
f 2803/2657 1763/1763 1704/1704
f 72/72 73/73 56/56
f 2375/2242 1722/1722 1691/1691
f 2604/2468 2941/2791 2804/2658
f 1370/1370 2854/2706 1408/1408
f 2722/2582 1909/1909 1908/1908
f 1615/1615 1616/1616 2586/2450
f 2467/2331 2364/2231 1650/1650
f 1759/1759 1731/1731 2641/2505
f 2805/2659 1447/1447 2476/2340
f 719/719 2967/2814 2873/2724
f 1719/1719 1749/1749 1720/1720
f 1557/1557 1588/1588 2765/2623
f 26/26 36/36 2406/2271
f 2703/2565 1778/1778 2666/2528
f 2703/2565 2865/2716 2845/2698
f 1558/1558 2566/2430 2386/2252
f 2064/2064 2065/2065 2038/2038
f 2806/2660 2376/2243 1672/1672
f 2807/2661 1481/1481 2997/2843
f 2807/2661 1511/1511 2430/2295
f 2808/2662 1822/1822 1853/1853
f 2808/2662 2428/2293 1797/1797
f 2809/2663 1821/1821 1852/1852
f 1396/1396 1397/1397 1357/1357
f 2909/2759 2759/2618 1397/1397
f 2810/2664 2560/2424 2870/2721
f 1504/1504 3031/2876 2577/2441
f 2811/2665 1789/1789 2971/2818
f 2811/2665 1813/1813 2553/2417
f 2381/2247 606/606 568/568
f 2757/2616 1872/1872 1873/1873
f 2812/2666 553/553 515/515
f 2812/2666 514/514 552/552
f 2813/2667 1806/1806 1830/1830
f 2813/2667 1862/1862 2617/2481
f 425/425 2667/2529 2839/2693
f 1740/1740 2849/2701 2501/2365
f 2243/3041 1142/1142 1096/1096
f 2573/2437 1757/1757 1728/1728
f 1727/1727 2573/2437 1696/1696
f 3015/2860 3062/2904 1618/1618
f 108/108 109/109 86/86
f 171/171 2988/2834 197/197
f 2817/2671 2696/2558 1599/1599
f 1351/1351 2872/2723 1390/1390
f 1645/1645 1671/1671 2818/2672
f 852/852 807/807 806/806
f 2819/2673 642/642 2381/2247
f 2042/2042 2041/2041 2085/2085
f 2820/2674 2042/2042 2043/2043
f 1397/1397 2759/2618 2784/2639
f 529/529 492/492 2539/2403
f 2821/2675 2451/2315 530/530
f 743/743 702/702 701/701
f 1433/1433 1465/1465 1434/1434
f 603/603 604/604 2551/2415
f 2654/2516 1625/1625 2650/2513
f 2822/2676 1758/1758 1730/1730
f 2957/2804 1729/1729 2488/2352
f 117/117 94/94 93/93
f 900/900 856/856 855/855
f 2823/2677 2453/2317 359/359
f 2823/2677 390/390 422/422
f 1453/1453 1454/1454 2384/2250
f 496/496 2525/2389 459/459
f 2054/2054 2097/2097 2075/2075
f 1475/1475 2400/2265 1505/1505
f 2824/2678 1527/1527 2920/2770
f 2996/2842 2824/2678 2401/2266
f 2891/2741 1424/1424 1385/1385
f 2826/2680 2648/2511 2506/2370
f 2827/2681 2742/2601 1886/1886
f 2698/2560 1944/1944 3023/2868
f 2698/2560 1974/1974 2610/2474
f 2131/2131 2150/2150 2729/2589
f 2828/2682 1441/1441 1440/1440
f 2383/2249 2828/2682 2741/2600
f 3010/2856 2721/2581 2829/2683
f 2829/2683 1656/1656 1630/1630
f 2678/2540 2664/2526 1256/1256
f 69/69 70/70 2441/2305
f 1905/1905 2878/2729 1932/1932
f 1792/1792 1793/1793 2459/2323
f 330/330 299/299 298/298
f 1545/1545 1521/1521 2416/2281
f 2409/2274 1620/1620 1597/1597
f 2830/2684 175/175 3058/2900
f 2830/2684 123/123 173/173
f 1301/1301 2634/2498 2901/2751
f 2753/2612 1301/1301 2678/2540
f 378/378 346/346 315/315
f 1843/1843 1815/1815 2452/2316
f 2183/2183 2170/2170 2169/2169
f 2832/2686 2521/2385 2844/2697
f 2164/2164 2729/2589 2150/2150
f 1837/1837 2905/2755 1811/1811
f 1448/1448 1449/1449 1421/1421
f 1448/1448 1483/1483 1484/1484
f 1551/1551 1552/1552 1532/1532
f 444/444 410/410 345/345
f 1498/1498 1529/1529 2671/2533
f 2004/2004 2029/2029 2030/2030
f 2833/2687 57/57 74/74
f 2833/2687 75/75 76/76
f 2087/2087 2110/2110 2834/2688
f 2601/2465 1711/1711 2730/2590
f 2595/2459 2502/2366 2714/2574
f 2835/2689 1362/1362 1361/1361
f 2836/2690 1875/1875 1842/1842
f 2836/2690 1841/1841 1874/1874
f 2837/2691 2675/2537 361/361
f 2837/2691 330/330 329/329
f 441/441 440/440 474/474
f 2838/2692 441/441 442/442
f 3023/2868 1891/1891 2606/2470
f 723/723 682/682 681/681
f 2455/2319 938/938 980/980
f 2716/2576 2667/2529 391/391
f 2453/2317 2543/2407 359/359
f 1584/1584 1610/1610 1611/1611
f 984/984 1029/1029 2445/2309
f 2840/2694 1427/1427 2852/2704
f 2840/2694 1456/1456 1457/1457
f 3029/2874 2758/2617 1430/1430
f 2842/2695 2028/2028 2002/2002
f 224/224 222/222 252/252
f 1828/1828 1802/1802 1827/1827
f 1817/1817 2763/2622 2711/2571
f 2843/2696 56/56 42/42
f 2843/2696 40/40 54/54
f 2886/2736 1859/1859 2593/2457
f 1834/1834 1833/1833 2743/2602
f 2938/2788 1834/1834 2616/2480
f 2844/2697 2521/2385 1823/1823
f 2844/2697 1855/1855 2832/2686
f 2095/2095 3043/2887 2073/2073
f 2845/2698 1750/1750 1777/1777
f 2845/2698 1778/1778 2703/2565
f 2846/2699 1779/1779 1753/1753
f 2846/2699 1752/1752 2701/2563
f 2578/2442 1594/1594 1567/1567
f 1594/1594 1617/1617 3015/2860
f 2847/2700 1946/1946 2735/2594
f 2847/2700 1976/1976 1977/1977
f 2848/3061 283/283 255/255
f 2849/2701 1711/1711 2779/2634
f 2674/2536 1573/1573 2387/2253
f 1551/1551 1583/1583 1552/1552
f 2850/2702 1669/1669 1696/1696
f 2850/2702 1697/1697 1670/1670
f 2496/2360 2775/2630 1682/1682
f 2851/2703 2199/2199 2198/2198
f 2851/2703 2207/2207 2208/2208
f 1643/1643 1669/1669 2850/2702
f 2852/2704 1390/1390 1350/1350
f 2852/2704 1388/1388 2840/2694
f 31/31 59/59 47/47
f 2853/2705 2606/2470 2447/2311
f 2853/2705 1942/1942 1943/1943
f 1370/1370 1408/1408 1409/1409
f 2854/2706 1370/1370 1330/1330
f 1421/1421 1382/1382 1381/1381
f 2856/2708 1738/1738 1737/1737
f 2856/2708 2547/2411 2971/2818
f 1650/1650 1651/1651 1624/1624
f 2857/3055 476/476 2234/3056
f 1744/1744 2527/2391 1716/1716
f 1840/1840 1841/1841 2553/2417
f 1119/1119 1165/1165 1166/1166
f 2858/2709 1164/1164 1211/1211
f 2859/2710 2028/2028 2055/2055
f 2860/2711 1365/1365 3021/2866
f 1403/1403 2956/2803 2860/2711
f 1072/1072 2975/2822 1071/1071
f 1671/1671 1645/1645 1644/1644
f 1697/1697 1698/1698 1671/1671
f 115/115 3024/2869 114/114
f 1808/1808 1833/1833 1834/1834
f 2862/2713 1808/1808 1783/1783
f 2863/2714 229/229 199/199
f 2863/2714 256/256 229/229
f 5/5 12/12 13/13
f 4/4 2344/2213 5/5
f 1974/1974 2000/2000 2001/2001
f 2468/2332 2557/2421 2642/2506
f 2864/2715 2476/2340 2430/2295
f 2864/2715 1483/1483 1448/1448
f 1120/1120 1119/1119 1166/1166
f 2865/2716 2366/2233 1723/1723
f 2528/2392 1564/1564 2719/2579
f 2594/2458 27/27 2406/2271
f 2866/2717 299/299 300/300
f 2398/2263 2867/2718 2369/2236
f 1094/1094 1141/1141 1049/1049
f 2868/2719 2147/2147 2178/2178
f 2868/2719 2285/2994 3034/2993
f 2869/2720 1786/1786 2377/2244
f 2794/2648 1763/1763 2869/2720
f 2870/2721 2571/2435 2374/2241
f 2870/2721 1668/1668 2810/2664
f 2871/2722 1714/1714 1686/1686
f 2871/2722 1659/1659 1633/1633
f 2872/2723 1350/1350 1390/1390
f 2872/2723 1351/1351 1304/1304
f 1967/1967 1938/1938 1937/1937
f 1839/1839 1872/1872 2757/2616
f 2967/2814 679/679 2873/2724
f 2873/2724 678/678 719/719
f 210/210 241/241 211/211
f 1559/1559 2642/2506 1590/1590
f 2874/2725 2662/2524 3040/2884
f 2874/2725 1587/1587 1556/1556
f 1338/1338 1376/1376 1377/1377
f 1419/1419 1379/1379 2805/2659
f 2875/2726 2442/2306 2531/2395
f 2875/2726 940/940 900/900
f 2702/2564 2373/2240 1755/1755
f 1534/1534 1535/1535 1506/1506
f 810/810 765/765 809/809
f 3047/2889 2548/2412 2876/2727
f 2877/2728 1577/1577 1578/1578
f 2878/2729 1904/1904 1903/1903
f 2878/2729 1931/1931 1932/1932
f 2535/2399 2604/2468 2804/2658
f 2879/2730 2806/2660 2368/2235
f 2879/2730 1700/1700 1673/1673
f 342/342 374/374 405/405
f 1548/1548 2974/2821 2880/2731
f 1853/1853 1822/1822 2809/2663
f 124/124 99/99 123/123
f 119/119 96/96 75/75
f 2704/3051 626/626 3069/2910
f 2882/2732 1573/1573 1572/1572
f 2882/2732 2467/2331 1602/1602
f 196/196 225/225 226/226
f 85/85 86/86 2793/2647
f 2534/2398 2883/2733 604/604
f 1373/1373 1372/1372 2884/2734
f 2884/2734 1411/1411 2993/2839
f 1440/1440 1441/1441 2495/2359
f 1450/1450 1485/1485 2628/2492
f 640/640 641/641 602/602
f 585/585 512/512 550/550
f 1403/1403 1438/1438 2956/2803
f 1469/1469 1470/1470 2619/2483
f 2885/2735 2556/2420 1620/1620
f 2885/2735 1622/1622 3011/2857
f 2862/2713 2585/2449 1832/1832
f 1462/1462 1463/1463 2964/2811
f 2886/2736 2593/2457 2523/2387
f 2887/2737 1399/1399 2529/2393
f 2887/2737 1466/1466 2544/2408
f 2357/2226 19/19 10/10
f 2889/2739 2356/2225 9/9
f 1599/1599 1600/1600 2817/2671
f 2890/2740 134/134 110/110
f 2890/2740 109/109 2816/2670
f 2891/2741 1384/1384 2825/2679
f 2891/2741 1385/1385 1347/1347
f 2892/2742 2651/2514 1637/1637
f 2892/2742 2572/2436 2390/2256
f 2893/2743 1784/1784 2471/2335
f 2893/2743 2622/2486 2785/2640
f 2351/2220 376/376 407/407
f 1300/1300 1345/1345 2788/2643
f 1300/1300 1299/1299 1344/1344
f 2531/2395 2445/2309 2798/2652
f 1627/1627 3018/2863 2895/2745
f 2895/2745 1603/1603 1626/1626
f 2896/2746 2626/2490 1814/1814
f 2896/2746 1842/1842 1843/1843
f 1260/1260 2792/2646 1259/1259
f 2897/2747 3009/2855 1867/1867
f 1921/1921 1922/1922 2897/2747
f 2898/2748 2663/2525 3031/2876
f 2898/2748 2481/2345 1553/1553
f 2899/2749 2558/2422 1546/1546
f 2899/2749 1600/1600 1601/1601
f 1435/1435 2835/2689 1398/1398
f 112/112 90/90 89/89
f 2511/2375 2674/2536 3032/2877
f 2718/2578 183/183 2791/2645
f 2900/2750 1826/1826 2417/2282
f 2900/2750 1827/1827 1801/1801
f 2901/2751 1258/1258 1257/1257
f 2577/2441 2663/2525 2991/2837
f 2086/2086 2087/2087 2706/2566
f 2902/2752 2614/2478 1635/1635
f 2625/2489 2158/2158 2157/2157
f 2748/2607 327/327 2796/2650
f 2903/2753 2579/2443 1547/1547
f 1660/1660 1687/1687 2752/2611
f 1748/1748 1775/1775 2761/2620
f 1285/1285 2797/2651 1286/1286
f 1662/1662 1689/1689 1690/1690
f 348/348 347/347 379/379
f 1831/1831 1865/1865 1832/1832
f 2904/2754 1655/1655 1629/1629
f 2905/2755 1838/1838 1811/1811
f 1869/1869 2969/2816 2905/2755
f 1566/1566 2528/2392 1593/1593
f 1291/1291 1290/1290 1335/1335
f 2391/2257 982/982 939/939
f 362/362 361/361 2526/2390
f 531/531 2500/2364 2819/2673
f 2907/2757 2435/2299 2623/2487
f 349/349 348/348 380/380
f 2908/2758 2210/2210 2204/2204
f 2908/2758 2202/2202 2209/2209
f 1699/1699 2806/2660 1672/1672
f 2509/2373 1598/1598 3011/2857
f 2909/2759 1397/1397 1396/1396
f 2910/2760 627/627 588/588
f 606/606 2516/2380 568/568
f 2377/2244 2502/2366 1735/1735
f 1510/1510 1479/1479 2418/2283
f 1510/1510 1480/1480 2911/2761
f 2638/2502 1639/1639 2460/2324
f 1577/1577 2982/2829 2912/2762
f 2913/2763 1405/1405 1472/1472
f 2913/2763 2307/2967 2308/2966
f 2492/2356 2775/2630 1709/1709
f 23/23 2915/2765 2699/2561
f 2608/2472 1918/1918 1895/1895
f 2027/2027 2762/2621 2962/2809
f 2962/2809 2054/2054 2055/2055
f 2916/2766 2582/2446 360/360
f 2494/2358 2668/2530 2916/2766
f 1877/1877 1845/1845 1844/1844
f 39/39 40/40 29/29
f 1760/1760 1761/1761 1733/1733
f 2085/2085 2697/2559 2129/2129
f 2917/2767 1461/1461 1493/1493
f 2917/2767 1524/1524 2772/2628
f 1447/1447 1480/1480 1481/1481
f 2918/2768 1378/1378 1340/1340
f 2918/2768 1417/1417 1418/1418
f 56/56 2712/2572 42/42
f 2499/2363 1440/1440 2723/2583
f 214/214 213/213 2524/2388
f 1791/1791 2443/2307 1848/1848
f 1625/1625 2379/2245 2570/2434
f 424/424 2484/2348 425/425
f 2919/2769 1807/1807 1781/1781
f 1780/1780 2617/2481 2919/2769
f 2920/2770 2685/2547 2782/2637
f 1902/1902 1875/1875 2836/2690
f 2922/2772 2520/2384 2185/2185
f 2922/2772 2194/2194 2203/2203
f 2923/2773 2715/2575 2544/2408
f 2923/2773 2413/2278 1467/1467
f 1508/1508 1536/1536 2393/2259
f 2518/2382 1437/1437 2944/2793
f 2924/2774 37/37 38/38
f 2925/2775 1809/1809 1810/1810
f 2925/2775 1760/1760 1784/1784
f 2926/2776 42/42 43/43
f 20/20 41/41 2926/2776
f 2927/2777 1596/1596 1618/1618
f 1619/1619 2409/2274 2927/2777
f 2928/2778 1914/1914 1913/1913
f 1940/1940 3050/2892 1970/1970
f 2929/2779 1633/1633 2700/2562
f 2930/2780 1375/1375 1414/1414
f 2930/2780 1376/1376 1337/1337
f 2931/2781 1513/1513 1540/1540
f 2931/2781 1562/1562 2549/2413
f 359/359 390/390 2823/2677
f 2932/2782 2601/2465 1741/1741
f 2932/2782 1712/1712 1684/1684
f 1463/1463 1495/1495 1464/1464
f 2933/2783 1867/1867 1836/1836
f 2933/2783 1835/1835 2404/2269
f 2934/2784 2563/2427 1591/1591
f 2934/2784 1614/1614 1639/1639
f 2959/2806 80/80 79/79
f 1118/1118 1164/1164 2858/2709
f 2935/2785 424/424 423/423
f 2935/2785 2539/2403 492/492
f 2936/2786 1807/1807 2801/2655
f 2937/2787 1918/1918 2692/2554
f 2937/2787 2847/2700 1947/1947
f 2938/2788 2785/2640 1808/1808
f 195/195 224/224 225/225
f 2939/2789 2205/2205 2211/2211
f 2939/2789 2211/2211 2206/2206
f 2056/2056 2030/2030 2029/2029
f 2940/2790 1864/1864 1863/1863
f 2940/2790 1893/1893 2695/2557
f 2941/2791 2604/2468 2727/2587
f 2942/2792 1583/1583 1610/1610
f 2577/2441 1475/1475 1504/1504
f 1402/1402 2715/2575 2944/2793
f 2944/2793 1437/1437 3021/2866
f 2402/2267 2411/2276 2501/2365
f 2483/2347 1683/1683 2402/2267
f 2945/2794 724/724 683/683
f 2945/2794 767/767 768/768
f 2502/2366 2595/2459 1787/1787
f 1459/1459 1429/1429 3048/2890
f 2946/2795 301/301 269/269
f 2946/2795 331/331 332/332
f 2982/2829 2661/2523 1547/1547
f 1052/1052 1097/1097 1007/1007
f 73/73 72/72 93/93
f 1657/1657 2947/2796 1658/1658
f 1713/1713 2871/2722 2947/2796
f 1668/1668 2457/2321 1667/1667
f 2880/2731 2485/2349 1548/1548
f 762/762 806/806 763/763
f 761/761 805/805 806/806
f 901/901 941/941 942/942
f 1511/1511 1539/1539 2423/2288
f 1372/1372 1332/1332 2767/2624
f 2767/2624 1331/1331 1371/1371
f 2948/2972 1582/1582 1632/1632
f 2949/2797 1278/1278 1277/1277
f 2949/2797 1322/1322 1366/1366
f 2950/2798 26/26 2505/2369
f 2950/2798 14/14 25/25
f 2951/2799 2464/2328 1700/1700
f 2951/2799 2641/2505 1731/1731
f 2952/2800 2590/2454 2743/2602
f 2952/2800 1895/1895 2552/2416
f 1845/1845 1878/1878 1846/1846
f 2296/2981 3063/2905 2295/2982
f 2953/2801 1692/1692 2372/2239
f 2953/2801 2845/2698 2865/2716
f 1930/1930 1931/1931 2878/2729
f 1743/1743 1715/1715 2462/2326
f 2954/3069 2345/2214 2223/3070
f 3043/2887 2096/2096 2074/2074
f 1741/1741 2298/2978 2299/2977
f 1701/1701 1675/1675 1674/1674
f 1626/1626 2567/2431 3006/2852
f 2955/2802 1507/1507 1508/1508
f 2955/2802 2393/2259 2507/2371
f 2099/2099 2098/2098 2119/2119
f 2922/2772 2184/2184 2194/2194
f 2957/2804 2488/2352 1807/1807
f 2957/2804 2936/2786 1758/1758
f 2958/2805 2783/2638 2608/2472
f 2959/2806 79/79 2345/2214
f 2345/2214 78/78 2959/2806
f 2960/2807 1704/1704 2472/2336
f 2960/2807 1705/1705 1678/1678
f 2358/2227 9/9 2356/2225
f 2961/2808 1653/1653 1652/1652
f 2961/2808 1681/1681 1708/1708
f 2962/2809 2055/2055 2028/2028
f 2963/2810 1642/1642 2374/2241
f 2963/2810 1615/1615 2407/2272
f 276/276 251/251 250/250
f 1395/1395 1396/1396 1356/1356
f 2964/2811 1463/1463 2909/2759
f 2393/2259 2683/2545 2507/2371
f 2173/2173 2159/2159 2172/2172
f 2965/2812 1399/1399 2887/2737
f 2965/2812 1400/1400 1363/1363
f 2494/2358 2403/2268 2747/2606
f 2784/2639 2630/2494 2966/2813
f 1501/1501 1472/1472 1471/1471
f 603/603 641/641 2534/2398
f 2967/2814 720/720 679/679
f 2967/2814 762/762 763/763
f 2968/2815 1524/1524 2686/2548
f 1518/1518 1543/1543 1519/1519
f 2487/2351 2392/2258 1518/1518
f 279/279 2655/2517 2546/2410
f 2969/2816 1869/1869 1897/1897
f 2969/2816 1870/1870 2905/2755
f 2970/2817 642/642 2588/2452
f 2970/2817 643/643 2498/2362
f 2971/2818 1788/1788 2811/2665
f 2971/2818 1765/1765 2856/2708
f 2972/2819 2668/2530 297/297
f 2973/2820 1678/1678 1650/1650
f 2973/2820 2637/2501 1677/1677
f 2362/2229 1675/1675 2465/2329
f 1648/1648 1647/1647 2362/2229
f 2974/2821 1548/1548 1579/1579
f 2974/2821 1580/1580 3007/2853
f 2975/2822 2861/2712 1024/1024
f 2975/2822 1070/1070 1071/1071
f 2977/2824 34/34 2475/2339
f 2977/2824 23/23 2699/2561
f 1550/1550 1549/1549 1582/1582
f 787/787 2320/2953 742/742
f 2747/2606 2668/2530 2494/2358
f 2206/2206 2207/2207 2851/2703
f 2979/2826 703/703 663/663
f 2979/2826 662/662 701/701
f 2980/2827 2429/2294 1474/1474
f 1474/1474 1476/1476 2980/2827
f 1558/1558 3055/2897 2566/2430
f 2981/2828 2369/2236 2765/2623
f 2788/2643 2678/2540 2456/2320
f 2984/2831 1777/1777 1750/1750
f 2984/2831 1722/1722 1721/1721
f 2611/2475 1761/1761 1762/1762
f 2746/2605 2134/2134 2133/2133
f 2167/2167 2153/2153 2746/2605
f 2986/2832 35/35 50/50
f 2986/2832 65/65 2793/2647
f 2987/2833 1614/1614 2557/2421
f 2987/2833 1666/1666 2460/2324
f 2988/2834 171/171 170/170
f 2988/2834 226/226 227/227
f 2989/2835 146/146 145/145
f 1794/1794 1795/1795 1771/1771
f 2369/2236 2867/2718 2765/2623
f 2478/2342 2562/2426 2651/2514
f 1491/1491 1545/1545 2990/2836
f 2991/2837 2663/2525 1586/1586
f 625/625 661/661 700/700
f 625/625 551/551 586/586
f 1811/1811 2395/2261 1786/1786
f 2992/2838 380/380 348/348
f 410/410 411/411 2992/2838
f 2993/2839 1442/1442 1412/1412
f 2993/2839 1411/1411 2421/2286
f 2679/2541 16/16 7/7
f 1860/1860 2673/2535 2724/2584
f 1544/1544 2681/2543 1520/1520
f 1163/1163 1162/1162 1208/1208
f 2477/2341 33/33 32/32
f 2994/2840 1690/1690 1689/1689
f 533/533 496/496 495/495
f 533/533 534/534 497/497
f 2812/2666 587/587 588/588
f 2995/2841 2266/3014 2086/2086
f 2995/2841 2706/2566 2044/2044
f 2996/2842 2401/2266 1575/1575
f 2996/2842 2658/2520 2579/2443
f 2500/2364 531/531 2676/2538
f 2997/2843 1510/1510 2826/2680
f 2997/2843 2506/2370 2807/2661
f 2470/2334 1858/1858 1859/1859
f 1385/1385 1425/1425 2855/2707
f 899/899 854/854 898/898
f 1025/1025 1072/1072 1026/1026
f 3000/2846 1866/1866 2933/2783
f 3000/2846 2590/2454 2777/2632
f 3001/2847 1536/1536 1508/1508
f 3001/2847 1554/1554 2662/2524
f 3002/2848 1766/1766 2941/2791
f 3002/2848 1767/1767 2730/2590
f 1862/1862 2813/2667 2755/2614
f 1725/1725 2631/2495 1695/1695
f 70/70 90/90 91/91
f 1455/1455 1489/1489 2907/2757
f 1845/1845 1815/1815 1844/1844
f 3003/2849 1698/1698 1729/1729
f 3003/2849 2822/2676 2565/2429
f 392/392 2526/2390 426/426
f 1420/1420 1381/1381 1380/1380
f 1421/1421 1381/1381 1420/1420
f 2624/2488 109/109 87/87
f 1694/1694 2366/2233 1724/1724
f 2553/2417 2896/2746 1814/1814
f 680/680 2410/2275 721/721
f 3072/2912 2497/2361 2574/2438
f 1690/1690 1663/1663 2380/2246
f 286/286 285/285 317/317
f 286/286 257/257 256/256
f 1977/1977 1948/1948 1947/1947
f 2004/2004 1978/1978 1977/1977
f 3004/2850 1999/1999 2026/2026
f 3005/2851 2056/2056 2859/2710
f 3005/2851 2075/2075 2098/2098
f 3006/2852 2567/2431 1575/1575
f 3006/2852 2657/2519 1574/1574
f 3007/2853 2671/2533 1529/1529
f 3007/2853 1580/1580 1581/1581
f 2991/2837 3008/2854 2400/2265
f 3008/2854 1534/1534 1506/1506
f 3009/2855 1896/1896 1868/1868
f 3009/2855 1836/1836 1867/1867
f 125/125 101/101 100/100
f 1280/1280 1233/1233 1279/1279
f 3010/2856 2829/2683 2591/2455
f 3010/2856 2397/2262 1629/1629
f 1749/1749 2568/2432 1720/1720
f 3011/2857 1571/1571 2509/2373
f 3011/2857 1622/1622 2696/2558
f 3012/2858 2584/2448 240/240
f 267/267 241/241 3012/2858
f 3013/3019 1933/1933 2261/3020
f 3014/2859 185/185 158/158
f 3014/2859 157/157 184/184
f 2573/2437 1727/1727 2815/2669
f 1029/1029 984/984 1028/1028
f 1737/1737 1681/1681 1707/1707
f 244/244 2524/2388 2436/2300
f 3015/2860 1595/1595 1594/1594
f 2709/2569 144/144 119/119
f 1337/1337 1338/1338 1293/1293
f 3016/2861 7/7 2750/2609
f 3016/2861 2575/2439 15/15
f 2680/2542 1773/1773 2428/2293
f 2540/2404 645/645 608/608
f 2540/2404 608/608 3049/2891
f 1485/1485 1450/1450 1449/1449
f 1372/1372 1373/1373 1333/1333
f 3018/2863 1604/1604 1603/1603
f 3018/2863 1627/1627 2389/2255
f 3019/2864 2444/2308 1509/1509
f 3019/2864 2418/2283 1479/1479
f 3020/2865 1939/1939 1913/1913
f 3020/2865 2827/2681 1938/1938
f 1822/1822 1797/1797 1796/1796
f 1402/1402 1365/1365 1364/1364
f 3022/2867 2684/2546 2432/2297
f 2432/2297 2903/2753 3022/2867
f 3023/2868 1944/1944 1893/1893
f 3024/2869 92/92 114/114
f 3024/2869 93/93 72/72
f 3025/2870 2626/2490 2535/2399
f 3025/2870 2600/2464 1789/1789
f 3026/2871 1319/1319 1318/1318
f 3026/2871 1363/1363 1400/1400
f 281/281 254/254 253/253
f 3027/2872 2373/2240 2612/2476
f 3027/2872 2802/2656 1805/1805
f 3028/2873 1766/1766 2597/2461
f 3028/2873 1739/1739 2427/2292
f 1358/1358 1359/1359 1313/1313
f 283/283 316/316 284/284
f 527/527 565/565 528/528
f 311/311 374/374 342/342
f 2149/2149 2109/2109 2108/2108
f 3029/2874 1461/1461 2917/2767
f 3030/2875 1623/1623 2555/2419
f 3030/2875 1648/1648 2362/2229
f 1451/1451 2446/2310 2454/2318
f 1854/1854 1885/1885 1855/1855
f 1255/1255 1254/1254 1299/1299
f 1605/1605 2483/2347 2904/2754
f 1600/1600 1623/1623 2564/2428
f 1347/1347 1384/1384 2891/2741
f 3031/2876 2663/2525 2577/2441
f 3032/2877 2503/2367 1526/1526
f 98/98 2652/2934 77/77
f 1349/1349 1387/1387 1388/1388
f 3067/2908 1717/1717 2749/2608
f 199/199 198/198 2863/2714
f 2744/2603 161/161 137/137
f 188/188 189/189 2744/2603
f 2515/2379 1634/1634 1660/1660
f 3033/2878 1457/1457 1458/1458
f 679/679 2615/2479 2693/2555
f 2902/2752 2399/2264 2497/2361
f 3034/2993 2148/2148 2868/2719
f 3035/2879 90/90 112/112
f 3035/2879 2439/2303 113/113
f 239/239 296/296 240/240
f 3037/2881 1354/1354 1353/1353
f 3037/2881 1393/1393 1430/1430
f 536/536 2605/2469 535/535
f 96/96 97/97 2888/2738
f 2387/2253 1573/1573 3038/2882
f 3038/2882 2882/2732 1602/1602
f 3039/2883 1880/1880 1850/1850
f 2352/2221 45/45 2708/2568
f 2473/2337 1613/1613 1637/1637
f 1848/1848 1790/1790 1816/1816
f 2211/2211 2205/2205 2461/2325
f 2131/2131 2751/2610 2834/2688
f 1922/1922 1921/1921 1950/1950
f 2687/2549 1649/1649 2637/2501
f 244/244 2436/2300 269/269
f 3040/2884 2662/2524 2574/2438
f 2399/2264 2474/2338 3040/2884
f 3041/2885 1811/1811 1786/1786
f 3041/2885 1785/1785 2388/2254
f 3042/2886 1972/1972 1941/1941
f 3042/2886 1998/1998 2026/2026
f 1211/1211 1257/1257 1212/1212
f 3043/2887 2052/2052 2073/2073
f 3043/2887 2074/2074 2053/2053
f 3044/3030 2346/2215 2253/3031
f 1316/1316 1361/1361 1362/1362
f 3045/3006 2201/2201 2192/2192
f 3046/2888 1884/1884 1853/1853
f 3046/2888 1910/1910 1911/1911
f 3047/2889 767/767 2548/2412
f 3048/2890 1393/1393 1392/1392
f 3048/2890 1428/1428 1459/1459
f 3049/2891 607/607 2419/2284
f 681/681 643/643 722/722
f 3050/2892 2928/2778 1969/1969
f 3050/2892 1997/1997 1970/1970
f 63/63 49/49 48/48
f 140/140 162/162 163/163
f 394/394 428/428 429/429
f 3051/2893 1847/1847 3063/2905
f 269/269 300/300 2946/2795
f 60/60 81/81 61/61
f 2487/2351 1516/1516 1542/1542
f 1025/1025 981/981 2861/2712
f 2816/2670 134/134 2890/2740
f 646/646 684/684 685/685
f 977/977 937/937 936/936
f 3052/2894 1953/1953 1924/1924
f 3052/2894 1923/1923 1952/1952
f 1491/1491 1521/1521 1545/1545
f 2385/2251 496/496 459/459
f 3053/2895 1912/1912 1936/1936
f 3053/2895 1966/1966 1937/1937
f 3054/2896 2892/2742 2390/2256
f 3054/2896 2478/2342 2651/2514
f 3055/2897 2363/2230 2566/2430
f 3055/2897 2981/2828 2643/2507
f 67/67 88/88 68/68
f 3056/2898 1732/1732 1701/1701
f 3056/2898 2367/2234 2471/2335
f 188/188 215/215 216/216
f 852/852 851/851 895/895
f 3057/2899 2457/2321 1642/1642
f 3057/2899 2469/2333 1641/1641
f 3058/2900 124/124 2830/2684
f 3058/2900 176/176 149/149
f 3059/2901 2775/2630 2496/2360
f 3059/2901 1739/1739 1710/1710
f 2894/2744 344/344 377/377
f 1656/1656 3071/2911 1631/1631
f 3060/2902 895/895 894/894
f 3060/2902 938/938 2455/2319
f 2180/2180 2192/2192 2720/2580
f 268/268 298/298 299/299
f 193/193 166/166 165/165
f 221/221 2659/2521 166/166
f 428/428 394/394 393/393
f 3067/2908 2527/2391 2449/2313
f 1287/1287 1241/1241 1286/1286
f 3061/2903 1279/1279 1278/1278
f 3061/2903 2949/2797 1323/1323
f 1741/1741 2299/2977 2349/2218
f 3062/2904 1645/1645 2983/2830
f 3062/2904 3015/2860 1644/1644
f 2747/2606 242/242 241/241
f 3063/2905 2296/2981 3051/2893
f 3063/2905 1879/1879 1907/1907
f 477/477 443/443 476/476
f 2015/2015 2041/2041 2820/2674
f 2407/2272 2771/2627 2613/2477
f 2976/2823 3066/2986 2292/2985
f 3064/2906 67/67 52/52
f 3064/2906 66/66 2793/2647
f 3065/2907 3013/3019 2262/3018
f 3066/2986 2976/2823 2043/2043
f 2894/2744 2325/2944 2881/2943
f 2620/2484 3067/2908 2449/2313
f 2581/2445 1534/1534 2414/2279
f 742/742 700/700 699/699
f 742/742 2320/2953 2770/2952
f 1848/1848 2297/2979 1791/1791
f 3051/2893 2396/2980 1848/1848
f 3067/2908 2426/2291 2527/2391
f 3067/2908 2620/2484 1717/1717
f 3070/2948 513/513 3068/2909
f 3069/2910 587/587 2766/3052
f 3069/2910 626/626 2910/2760
f 3070/2948 3068/2909 2705/2949
f 3071/2911 2985/2974 1631/1631
f 2497/2361 3072/2912 2581/2445
f 626/626 743/743 701/701
f 3072/2912 1534/1534 2581/2445
f 3072/2912 2574/2438 1554/1554
