  0
SECTION
  2
HEADER
  9
$ACADVER
  1
AC1032
  9
$ACADMAINTVER
 90
      266
  9
$DWGCODEPAGE
  3
ANSI_1252
  9
$REQUIREDVERSIONS
160
                 0
  9
$INSBASE
 10
0.0
 20
0.0
 30
0.0
  9
$EXTMIN
 10
1.000000000000000E+20
 20
1.000000000000000E+20
 30
1.000000000000000E+20
  9
$EXTMAX
 10
-1.000000000000000E+20
 20
-1.000000000000000E+20
 30
-1.000000000000000E+20
  9
$LIMMIN
 10
0.0
 20
0.0
  9
$LIMMAX
 10
12.0
 20
9.0
  9
$ORTHOMODE
 70
     0
  9
$REGENMODE
 70
     1
  9
$FILLMODE
 70
     1
  9
$QTEXTMODE
 70
     0
  9
$MIRRTEXT
 70
     0
  9
$LTSCALE
 40
1.0
  9
$ATTMODE
 70
     1
  9
$TEXTSIZE
 40
0.2
  9
$TRACEWID
 40
0.05
  9
$TEXTSTYLE
  7
Standard
  9
$CLAYER
  8
0
  9
$CELTYPE
  6
ByLayer
  9
$CECOLOR
 62
   256
  9
$CELTSCALE
 40
1.0
  9
$DISPSILH
 70
     0
  9
$DIMSCALE
 40
1.0
  9
$DIMASZ
 40
0.18
  9
$DIMEXO
 40
0.0625
  9
$DIMDLI
 40
0.38
  9
$DIMRND
 40
0.0
  9
$DIMDLE
 40
0.0
  9
$DIMEXE
 40
0.18
  9
$DIMTP
 40
0.0
  9
$DIMTM
 40
0.0
  9
$DIMTXT
 40
0.18
  9
$DIMCEN
 40
0.09
  9
$DIMTSZ
 40
0.0
  9
$DIMTOL
 70
     0
  9
$DIMLIM
 70
     0
  9
$DIMTIH
 70
     1
  9
$DIMTOH
 70
     1
  9
$DIMSE1
 70
     0
  9
$DIMSE2
 70
     0
  9
$DIMTAD
 70
     0
  9
$DIMZIN
 70
     0
  9
$DIMBLK
  1

  9
$DIMASO
 70
     1
  9
$DIMSHO
 70
     1
  9
$DIMPOST
  1

  9
$DIMAPOST
  1

  9
$DIMALT
 70
     0
  9
$DIMALTD
 70
     2
  9
$DIMALTF
 40
25.4
  9
$DIMLFAC
 40
1.0
  9
$DIMTOFL
 70
     0
  9
$DIMTVP
 40
0.0
  9
$DIMTIX
 70
     0
  9
$DIMSOXD
 70
     0
  9
$DIMSAH
 70
     0
  9
$DIMBLK1
  1

  9
$DIMBLK2
  1

  9
$DIMSTYLE
  2
Standard
  9
$DIMCLRD
 70
     0
  9
$DIMCLRE
 70
     0
  9
$DIMCLRT
 70
     0
  9
$DIMTFAC
 40
1.0
  9
$DIMGAP
 40
0.09
  9
$DIMJUST
 70
     0
  9
$DIMSD1
 70
     0
  9
$DIMSD2
 70
     0
  9
$DIMTOLJ
 70
     1
  9
$DIMTZIN
 70
     0
  9
$DIMALTZ
 70
     0
  9
$DIMALTTZ
 70
     0
  9
$DIMUPT
 70
     0
  9
$DIMDEC
 70
     4
  9
$DIMTDEC
 70
     4
  9
$DIMALTU
 70
     2
  9
$DIMALTTD
 70
     2
  9
$DIMTXSTY
  7
Standard
  9
$DIMAUNIT
 70
     0
  9
$DIMADEC
 70
     0
  9
$DIMALTRND
 40
0.0
  9
$DIMAZIN
 70
     0
  9
$DIMDSEP
 70
    46
  9
$DIMATFIT
 70
     3
  9
$DIMFRAC
 70
     0
  9
$DIMLDRBLK
  1

  9
$DIMLUNIT
 70
     2
  9
$DIMLWD
 70
    -2
  9
$DIMLWE
 70
    -2
  9
$DIMTMOVE
 70
     0
  9
$DIMFXL
 40
1.0
  9
$DIMFXLON
 70
     0
  9
$DIMJOGANG
 40
0.7853981633974483
  9
$DIMTFILL
 70
     0
  9
$DIMTFILLCLR
 70
     0
  9
$DIMARCSYM
 70
     0
  9
$DIMLTYPE
  6

  9
$DIMLTEX1
  6

  9
$DIMLTEX2
  6

  9
$DIMTXTDIRECTION
 70
     0
  9
$LUNITS
 70
     2
  9
$LUPREC
 70
     4
  9
$SKETCHINC
 40
0.1
  9
$FILLETRAD
 40
0.0
  9
$AUNITS
 70
     0
  9
$AUPREC
 70
     0
  9
$MENU
  1
.
  9
$ELEVATION
 40
0.0
  9
$PELEVATION
 40
0.0
  9
$THICKNESS
 40
0.0
  9
$LIMCHECK
 70
     0
  9
$CHAMFERA
 40
0.0
  9
$CHAMFERB
 40
0.0
  9
$CHAMFERC
 40
0.0
  9
$CHAMFERD
 40
0.0
  9
$SKPOLY
 70
     0
  9
$TDCREATE
 40
2461130.703009259
  9
$TDUCREATE
 40
2461130.661342593
  9
$TDUPDATE
 40
2461130.703009259
  9
$TDUUPDATE
 40
2461130.661342593
  9
$TDINDWG
 40
0.0000000000
  9
$TDUSRTIMER
 40
0.0000000000
  9
$USRTIMER
 70
     1
  9
$ANGBASE
 50
0.0
  9
$ANGDIR
 70
     0
  9
$PDMODE
 70
     0
  9
$PDSIZE
 40
0.0
  9
$PLINEWID
 40
0.0
  9
$SPLFRAME
 70
     0
  9
$SPLINETYPE
 70
     6
  9
$SPLINESEGS
 70
     8
  9
$HANDSEED
  5
123
  9
$SURFTAB1
 70
     6
  9
$SURFTAB2
 70
     6
  9
$SURFTYPE
 70
     6
  9
$SURFU
 70
     6
  9
$SURFV
 70
     6
  9
$UCSBASE
  2

  9
$UCSNAME
  2

  9
$UCSORG
 10
0.0
 20
0.0
 30
0.0
  9
$UCSXDIR
 10
1.0
 20
0.0
 30
0.0
  9
$UCSYDIR
 10
0.0
 20
1.0
 30
0.0
  9
$UCSORTHOREF
  2

  9
$UCSORTHOVIEW
 70
     0
  9
$UCSORGTOP
 10
0.0
 20
0.0
 30
0.0
  9
$UCSORGBOTTOM
 10
0.0
 20
0.0
 30
0.0
  9
$UCSORGLEFT
 10
0.0
 20
0.0
 30
0.0
  9
$UCSORGRIGHT
 10
0.0
 20
0.0
 30
0.0
  9
$UCSORGFRONT
 10
0.0
 20
0.0
 30
0.0
  9
$UCSORGBACK
 10
0.0
 20
0.0
 30
0.0
  9
$PUCSBASE
  2

  9
$PUCSNAME
  2

  9
$PUCSORG
 10
0.0
 20
0.0
 30
0.0
  9
$PUCSXDIR
 10
1.0
 20
0.0
 30
0.0
  9
$PUCSYDIR
 10
0.0
 20
1.0
 30
0.0
  9
$PUCSORTHOREF
  2

  9
$PUCSORTHOVIEW
 70
     0
  9
$PUCSORGTOP
 10
0.0
 20
0.0
 30
0.0
  9
$PUCSORGBOTTOM
 10
0.0
 20
0.0
 30
0.0
  9
$PUCSORGLEFT
 10
0.0
 20
0.0
 30
0.0
  9
$PUCSORGRIGHT
 10
0.0
 20
0.0
 30
0.0
  9
$PUCSORGFRONT
 10
0.0
 20
0.0
 30
0.0
  9
$PUCSORGBACK
 10
0.0
 20
0.0
 30
0.0
  9
$USERI1
 70
     0
  9
$USERI2
 70
     0
  9
$USERI3
 70
     0
  9
$USERI4
 70
     0
  9
$USERI5
 70
     0
  9
$USERR1
 40
0.0
  9
$USERR2
 40
0.0
  9
$USERR3
 40
0.0
  9
$USERR4
 40
0.0
  9
$USERR5
 40
0.0
  9
$WORLDVIEW
 70
     1
  9
$SHADEDGE
 70
     3
  9
$SHADEDIF
 70
    70
  9
$TILEMODE
 70
     1
  9
$MAXACTVP
 70
    64
  9
$PINSBASE
 10
0.0
 20
0.0
 30
0.0
  9
$PLIMCHECK
 70
     0
  9
$PEXTMIN
 10
1.000000000000000E+20
 20
1.000000000000000E+20
 30
1.000000000000000E+20
  9
$PEXTMAX
 10
-1.000000000000000E+20
 20
-1.000000000000000E+20
 30
-1.000000000000000E+20
  9
$PLIMMIN
 10
0.0
 20
0.0
  9
$PLIMMAX
 10
12.0
 20
9.0
  9
$UNITMODE
 70
     0
  9
$VISRETAIN
 70
     1
  9
$PLINEGEN
 70
     0
  9
$PSLTSCALE
 70
     1
  9
$TREEDEPTH
 70
  3020
  9
$CMLSTYLE
  2
Standard
  9
$CMLJUST
 70
     0
  9
$CMLSCALE
 40
1.0
  9
$PROXYGRAPHICS
 70
     1
  9
$MEASUREMENT
 70
     0
  9
$CELWEIGHT
370
    -1
  9
$ENDCAPS
280
     0
  9
$JOINSTYLE
280
     0
  9
$LWDISPLAY
290
     1
  9
$INSUNITS
 70
     4
  9
$HYPERLINKBASE
  1

  9
$STYLESHEET
  1

  9
$XEDIT
290
     1
  9
$CEPSNTYPE
380
     0
  9
$PSTYLEMODE
290
     1
  9
$FINGERPRINTGUID
  2
{285ED5CD-EEE4-4343-84EF-7984B985CBF6}
  9
$VERSIONGUID
  2
{B472EF3B-6250-DA45-B5A2-43B4A6B69D97}
  9
$EXTNAMES
290
     1
  9
$PSVPSCALE
 40
0.0
  9
$OLESTARTUP
290
     0
  9
$SORTENTS
280
   127
  9
$INDEXCTL
280
     0
  9
$HIDETEXT
280
     1
  9
$XCLIPFRAME
280
     2
  9
$HALOGAP
280
     0
  9
$OBSCOLOR
 70
   257
  9
$OBSLTYPE
280
     0
  9
$INTERSECTIONDISPLAY
280
     0
  9
$INTERSECTIONCOLOR
 70
   257
  9
$DIMASSOC
280
     2
  9
$PROJECTNAME
  1

  9
$CAMERADISPLAY
290
     0
  9
$LENSLENGTH
 40
50.0
  9
$CAMERAHEIGHT
 40
0.0
  9
$STEPSPERSEC
 40
2.0
  9
$STEPSIZE
 40
6.0
  9
$3DDWFPREC
 40
2.0
  9
$PSOLWIDTH
 40
0.25
  9
$PSOLHEIGHT
 40
4.0
  9
$LOFTANG1
 40
1.570796326794896
  9
$LOFTANG2
 40
1.570796326794896
  9
$LOFTMAG1
 40
0.0
  9
$LOFTMAG2
 40
0.0
  9
$LOFTPARAM
 70
     7
  9
$LOFTNORMALS
280
     1
  9
$LATITUDE
 40
37.795
  9
$LONGITUDE
 40
-122.394
  9
$NORTHDIRECTION
 40
0.0
  9
$TIMEZONE
 70
 -8000
  9
$LIGHTGLYPHDISPLAY
280
     1
  9
$TILEMODELIGHTSYNCH
280
     1
  9
$CMATERIAL
347
11
  9
$SOLIDHIST
280
     0
  9
$SHOWHIST
280
     1
  9
$DWFFRAME
280
     2
  9
$DGNFRAME
280
     0
  9
$REALWORLDSCALE
290
     1
  9
$INTERFERECOLOR
 62
     1
  9
$INTERFEREOBJVS
345
33
  9
$INTERFEREVPVS
346
30
  9
$CSHADOW
280
     0
  9
$SHADOWPLANELOCATION
 40
0.0
  0
ENDSEC
  0
SECTION
  2
CLASSES
  0
CLASS
  1
ACDBDICTIONARYWDFLT
  2
AcDbDictionaryWithDefault
  3
ObjectDBX Classes
 90
        0
 91
        1
280
     0
281
     0
  0
CLASS
  1
MATERIAL
  2
AcDbMaterial
  3
ObjectDBX Classes
 90
     1153
 91
        3
280
     0
281
     0
  0
CLASS
  1
VISUALSTYLE
  2
AcDbVisualStyle
  3
ObjectDBX Classes
 90
     4095
 91
       24
280
     0
281
     0
  0
CLASS
  1
SCALE
  2
AcDbScale
  3
ObjectDBX Classes
 90
     1153
 91
       17
280
     0
281
     0
  0
CLASS
  1
TABLESTYLE
  2
AcDbTableStyle
  3
ObjectDBX Classes
 90
     4095
 91
        1
280
     0
281
     0
  0
CLASS
  1
MLEADERSTYLE
  2
AcDbMLeaderStyle
  3
ACDB_MLEADERSTYLE_CLASS
 90
     4095
 91
        1
280
     0
281
     0
  0
CLASS
  1
ACDBSECTIONVIEWSTYLE
  2
AcDbSectionViewStyle
  3
ObjectDBX Classes
 90
     1025
 91
        1
280
     0
281
     0
  0
CLASS
  1
ACDBDETAILVIEWSTYLE
  2
AcDbDetailViewStyle
  3
ObjectDBX Classes
 90
     1025
 91
        1
280
     0
281
     0
  0
CLASS
  1
DICTIONARYVAR
  2
AcDbDictionaryVar
  3
ObjectDBX Classes
 90
        0
 91
        5
280
     0
281
     0
  0
CLASS
  1
CELLSTYLEMAP
  2
AcDbCellStyleMap
  3
ObjectDBX Classes
 90
     1152
 91
        1
280
     0
281
     0
  0
ENDSEC
  0
SECTION
  2
TABLES
  0
TABLE
  2
VPORT
  5
8
330
0
100
AcDbSymbolTable
 70
     1
  0
VPORT
  5
57
330
8
100
AcDbSymbolTableRecord
100
AcDbViewportTableRecord
  2
*Active
 70
     0
 10
0.0
 20
0.0
 11
1.0
 21
1.0
 12
0.0
 22
0.0
 13
0.0
 23
0.0
 14
1.0
 24
1.0
 15
0.0
 25
0.0
 16
0.0
 26
0.0
 36
1.0
 17
19.89731450113258
 27
17.33410828474916
 37
0.0
 40
35.36158090088829
 41
1.147870670603723
 42
50.0
 43
0.0
 44
0.0
 50
0.0
 51
0.0
 71
     0
 72
   100
 73
     1
 74
     1
 75
     0
 76
     0
 77
     0
 78
     0
281
     0
 65
     1
110
0.0
120
0.0
130
0.0
111
1.0
121
0.0
131
0.0
112
0.0
122
1.0
132
0.0
 79
     0
146
0.0
 60
     3
 61
     5
292
     1
282
     1
141
0.0
142
0.0
 63
   250
421
  3355443
  0
ENDTAB
  0
TABLE
  2
LTYPE
  5
5
330
0
100
AcDbSymbolTable
 70
     1
  0
LTYPE
  5
5B
330
5
100
AcDbSymbolTableRecord
100
AcDbLinetypeTableRecord
  2
ByBlock
 70
     0
  3

 72
    65
 73
     0
 40
0.0
  0
LTYPE
  5
5C
330
5
100
AcDbSymbolTableRecord
100
AcDbLinetypeTableRecord
  2
ByLayer
 70
     0
  3

 72
    65
 73
     0
 40
0.0
  0
LTYPE
  5
5D
330
5
100
AcDbSymbolTableRecord
100
AcDbLinetypeTableRecord
  2
Continuous
 70
     0
  3
Solid line
 72
    65
 73
     0
 40
0.0
  0
ENDTAB
  0
TABLE
  2
LAYER
  5
2
330
0
100
AcDbSymbolTable
 70
     2
  0
LAYER
  5
54
330
2
100
AcDbSymbolTableRecord
100
AcDbLayerTableRecord
  2
0
 70
     0
 62
     7
  6
Continuous
370
    -3
390
F
347
21
348
0
  0
LAYER
  5
78
330
2
100
AcDbSymbolTableRecord
100
AcDbLayerTableRecord
  2
Layer 1
 70
     0
 62
     7
  6
Continuous
370
     0
390
F
347
21
348
0
  0
ENDTAB
  0
TABLE
  2
STYLE
  5
3
330
0
100
AcDbSymbolTable
 70
     2
  0
STYLE
  5
55
330
3
100
AcDbSymbolTableRecord
100
AcDbTextStyleTableRecord
  2
Standard
 70
     0
 40
0.0
 41
1.0
 50
0.0
 71
     0
 42
0.2
  3
txt
  4

  0
STYLE
  5
5A
330
3
100
AcDbSymbolTableRecord
100
AcDbTextStyleTableRecord
  2
Annotative
 70
     0
 40
0.0
 41
1.0
 50
0.0
 71
     0
 42
0.2
  3
txt
  4

1001
AcadAnnotative
1000
AnnotativeData
1002
{
1070
     1
1070
     1
1002
}
  0
ENDTAB
  0
TABLE
  2
VIEW
  5
6
330
0
100
AcDbSymbolTable
 70
     0
  0
ENDTAB
  0
TABLE
  2
UCS
  5
7
330
0
100
AcDbSymbolTable
 70
     0
  0
ENDTAB
  0
TABLE
  2
APPID
  5
9
330
0
100
AcDbSymbolTable
 70
     2
  0
APPID
  5
56
330
9
100
AcDbSymbolTableRecord
100
AcDbRegAppTableRecord
  2
ACAD
 70
     0
  0
APPID
  5
5E
330
9
100
AcDbSymbolTableRecord
100
AcDbRegAppTableRecord
  2
AcadAnnotative
 70
     0
  0
ENDTAB
  0
TABLE
  2
DIMSTYLE
  5
A
330
0
100
AcDbSymbolTable
 70
     2
100
AcDbDimStyleTable
 71
     0
  0
DIMSTYLE
105
58
330
A
100
AcDbSymbolTableRecord
100
AcDbDimStyleTableRecord
  2
Standard
 70
     0
340
55
  0
DIMSTYLE
105
59
330
A
100
AcDbSymbolTableRecord
100
AcDbDimStyleTableRecord
  2
Annotative
 70
     0
340
55
1001
AcadAnnotative
1000
AnnotativeData
1002
{
1070
     1
1070
     1
1002
}
  0
ENDTAB
  0
TABLE
  2
BLOCK_RECORD
  5
1
330
0
100
AcDbSymbolTable
 70
     2
  0
BLOCK_RECORD
  5
70
330
1
100
AcDbSymbolTableRecord
100
AcDbBlockTableRecord
  2
*Model_Space
340
73
 70
     0
280
     1
281
     0
  0
BLOCK_RECORD
  5
6C
330
1
100
AcDbSymbolTableRecord
100
AcDbBlockTableRecord
  2
*Paper_Space
340
6F
 70
     0
280
     1
281
     0
  0
BLOCK_RECORD
  5
74
330
1
100
AcDbSymbolTableRecord
100
AcDbBlockTableRecord
  2
*Paper_Space0
340
77
 70
     0
280
     1
281
     0
  0
BLOCK_RECORD
  5
79
330
1
100
AcDbSymbolTableRecord
100
AcDbBlockTableRecord
  2
Block_0
340
0
102
{BLKREFS
331
7A
102
}
 70
     0
280
     1
281
     0
  0
ENDTAB
  0
ENDSEC
  0
SECTION
  2
BLOCKS
  0
BLOCK
  5
71
330
70
100
AcDbEntity
  8
0
100
AcDbBlockBegin
  2
*Model_Space
 70
     0
 10
0.0
 20
0.0
 30
0.0
  3
*Model_Space
  1

  0
ENDBLK
  5
72
330
70
100
AcDbEntity
  8
0
100
AcDbBlockEnd
  0
BLOCK
  5
6D
330
6C
100
AcDbEntity
 67
     1
  8
0
100
AcDbBlockBegin
  2
*Paper_Space
 70
     0
 10
0.0
 20
0.0
 30
0.0
  3
*Paper_Space
  1

  0
ENDBLK
  5
6E
330
6C
100
AcDbEntity
 67
     1
  8
0
100
AcDbBlockEnd
  0
BLOCK
  5
75
330
74
100
AcDbEntity
 67
     1
  8
0
100
AcDbBlockBegin
  2
*Paper_Space0
 70
     0
 10
0.0
 20
0.0
 30
0.0
  3
*Paper_Space0
  1

  0
ENDBLK
  5
76
330
74
100
AcDbEntity
 67
     1
  8
0
100
AcDbBlockEnd
  0
BLOCK
  5
7B
330
79
100
AcDbEntity
  8
0
100
AcDbBlockBegin
  2
Block_0
 70
     0
 10
0.0
 20
0.0
 30
0.0
  3
Block_0
  1

  0
SPLINE
  5
7D
330
79
100
AcDbEntity
  8
Layer 1
 62
     1
420
 16711680
370
     0
100
AcDbSpline
210
0.0
220
0.0
230
1.0
 70
    11
 71
     3
 72
    77
 73
    73
 74
     0
 42
0.0000000001
 43
0.0000000001
 40
0.0
 40
0.0
 40
0.0
 40
0.0
 40
1.0
 40
1.0
 40
1.0
 40
2.0
 40
2.0
 40
2.0
 40
3.0
 40
3.0
 40
3.0
 40
4.0
 40
4.0
 40
4.0
 40
5.0
 40
5.0
 40
5.0
 40
6.0
 40
6.0
 40
6.0
 40
7.0
 40
7.0
 40
7.0
 40
8.0
 40
8.0
 40
8.0
 40
9.0
 40
9.0
 40
9.0
 40
10.0
 40
10.0
 40
10.0
 40
11.0
 40
11.0
 40
11.0
 40
12.0
 40
12.0
 40
12.0
 40
13.0
 40
13.0
 40
13.0
 40
14.0
 40
14.0
 40
14.0
 40
15.0
 40
15.0
 40
15.0
 40
16.0
 40
16.0
 40
16.0
 40
17.0
 40
17.0
 40
17.0
 40
18.0
 40
18.0
 40
18.0
 40
19.0
 40
19.0
 40
19.0
 40
20.0
 40
20.0
 40
20.0
 40
21.0
 40
21.0
 40
21.0
 40
22.0
 40
22.0
 40
22.0
 40
23.0
 40
23.0
 40
23.0
 40
24.0
 40
24.0
 40
24.0
 40
24.0
 10
5.548289944003417
 20
9.04968407722589
 30
0.0
 10
5.548289944003417
 20
9.04968407722589
 30
0.0
 10
7.939794485438418
 20
4.907477557757019
 30
0.0
 10
7.939794485438418
 20
4.907477557757019
 30
0.0
 10
7.939794485438418
 20
4.907477557757019
 30
0.0
 10
10.33129835400321
 20
0.7652710382881495
 30
0.0
 10
10.33129835400321
 20
0.7652710382881495
 30
0.0
 10
10.33129835400321
 20
0.7652710382881495
 30
0.0
 10
15.11430642756789
 20
0.7652710382881495
 30
0.0
 10
15.11430642756789
 20
0.7652710382881495
 30
0.0
 10
15.11430642756789
 20
0.7652710382881495
 30
0.0
 10
19.89731450113258
 20
0.7652710382881495
 30
0.0
 10
19.89731450113258
 20
0.7652710382881495
 30
0.0
 10
19.89731450113258
 20
0.7652710382881495
 30
0.0
 10
24.68032257469726
 20
0.7652710382881495
 30
0.0
 10
24.68032257469726
 20
0.7652710382881495
 30
0.0
 10
24.68032257469726
 20
0.7652710382881495
 30
0.0
 10
29.46333064826195
 20
0.7652710382881495
 30
0.0
 10
29.46333064826195
 20
0.7652710382881495
 30
0.0
 10
29.46333064826195
 20
0.7652710382881495
 30
0.0
 10
31.85483451682674
 20
4.907477557757019
 30
0.0
 10
31.85483451682674
 20
4.907477557757019
 30
0.0
 10
31.85483451682674
 20
4.907477557757019
 30
0.0
 10
34.24633905826174
 20
9.04968407722589
 30
0.0
 10
34.24633905826174
 20
9.04968407722589
 30
0.0
 10
34.24633905826174
 20
9.04968407722589
 30
0.0
 10
36.63784359969675
 20
13.19189059669476
 30
0.0
 10
36.63784359969675
 20
13.19189059669476
 30
0.0
 10
36.63784359969675
 20
13.19189059669476
 30
0.0
 10
39.02934679539132
 20
17.33409711616363
 30
0.0
 10
39.02934679539132
 20
17.33409711616363
 30
0.0
 10
39.02934679539132
 20
17.33409711616363
 30
0.0
 10
36.63784359969675
 20
21.4763036356325
 30
0.0
 10
36.63784359969675
 20
21.4763036356325
 30
0.0
 10
36.63784359969675
 20
21.4763036356325
 30
0.0
 10
34.24633905826174
 20
25.61851015510137
 30
0.0
 10
34.24633905826174
 20
25.61851015510137
 30
0.0
 10
34.24633905826174
 20
25.61851015510137
 30
0.0
 10
31.85483451682674
 20
29.76071667457024
 30
0.0
 10
31.85483451682674
 20
29.76071667457024
 30
0.0
 10
31.85483451682674
 20
29.76071667457024
 30
0.0
 10
29.46333064826195
 20
33.90292319403911
 30
0.0
 10
29.46333064826195
 20
33.90292319403911
 30
0.0
 10
29.46333064826195
 20
33.90292319403911
 30
0.0
 10
24.68032257469726
 20
33.90292319403911
 30
0.0
 10
24.68032257469726
 20
33.90292319403911
 30
0.0
 10
24.68032257469726
 20
33.90292319403911
 30
0.0
 10
19.89731450113258
 20
33.90292319403911
 30
0.0
 10
19.89731450113258
 20
33.90292319403911
 30
0.0
 10
19.89731450113258
 20
33.90292319403911
 30
0.0
 10
15.11430642756789
 20
33.90292319403911
 30
0.0
 10
15.11430642756789
 20
33.90292319403911
 30
0.0
 10
15.11430642756789
 20
33.90292319403911
 30
0.0
 10
10.33129835400321
 20
33.90292319403911
 30
0.0
 10
10.33129835400321
 20
33.90292319403911
 30
0.0
 10
10.33129835400321
 20
33.90292319403911
 30
0.0
 10
7.939794485438418
 20
29.76071667457024
 30
0.0
 10
7.939794485438418
 20
29.76071667457024
 30
0.0
 10
7.939794485438418
 20
29.76071667457024
 30
0.0
 10
5.548289944003417
 20
25.61851015510137
 30
0.0
 10
5.548289944003417
 20
25.61851015510137
 30
0.0
 10
5.548289944003417
 20
25.61851015510137
 30
0.0
 10
3.156785402568415
 20
21.4763036356325
 30
0.0
 10
3.156785402568415
 20
21.4763036356325
 30
0.0
 10
3.156785402568415
 20
21.4763036356325
 30
0.0
 10
0.7652822068738379
 20
17.33409711616363
 30
0.0
 10
0.7652822068738379
 20
17.33409711616363
 30
0.0
 10
0.7652822068738379
 20
17.33409711616363
 30
0.0
 10
3.156785402568415
 20
13.19189059669476
 30
0.0
 10
3.156785402568415
 20
13.19189059669476
 30
0.0
 10
3.156785402568415
 20
13.19189059669476
 30
0.0
 10
5.548289944003417
 20
9.04968407722589
 30
0.0
 10
5.548289944003417
 20
9.04968407722589
 30
0.0
  0
SPLINE
  5
7E
330
79
100
AcDbEntity
  8
Layer 1
 62
     1
420
 16711680
370
     0
100
AcDbSpline
210
0.0
220
0.0
230
1.0
 70
     9
 71
     3
 72
    38
 73
    34
 74
     0
 42
0.0000000001
 43
0.0000000001
 40
0.0
 40
0.0
 40
0.0
 40
0.0
 40
1.0
 40
1.0
 40
1.0
 40
2.0
 40
2.0
 40
2.0
 40
3.0
 40
3.0
 40
3.0
 40
4.0
 40
4.0
 40
4.0
 40
5.0
 40
5.0
 40
5.0
 40
6.0
 40
6.0
 40
6.0
 40
7.0
 40
7.0
 40
7.0
 40
8.0
 40
8.0
 40
8.0
 40
9.0
 40
9.0
 40
9.0
 40
10.0
 40
10.0
 40
10.0
 40
11.0
 40
11.0
 40
11.0
 40
11.0
 10
36.63156841209997
 20
15.17546656282196
 30
0.0
 10
36.63156841209997
 20
15.17546656282196
 30
0.0
 10
36.99656820431965
 20
13.81322904347444
 30
0.0
 10
36.99656820431965
 20
13.81322904347444
 30
0.0
 10
36.99656820431965
 20
13.81322904347444
 30
0.0
 10
36.75741801932423
 20
13.39898221687631
 30
0.0
 10
36.75741801932423
 20
13.39898221687631
 30
0.0
 10
36.75741801932423
 20
13.39898221687631
 30
0.0
 10
36.04053805827773
 20
16.07442192298333
 30
0.0
 10
36.04053805827773
 20
16.07442192298333
 30
0.0
 10
36.03297365135485
 20
16.10265118342091
 30
0.0
 10
36.0497267738923
 20
16.13166728146261
 30
0.0
 10
36.07795637076499
 20
16.13923118373284
 30
0.0
 10
36.08692707643089
 20
16.14163501256507
 30
0.0
 10
36.09637282846641
 20
16.1416352648914
 30
0.0
 10
36.10534487987273
 20
16.13923185660305
 30
0.0
 10
36.10534487987273
 20
16.13923185660305
 30
0.0
 10
36.36451295367404
 20
16.0697998092798
 30
0.0
 10
36.36451295367404
 20
16.0697998092798
 30
0.0
 10
36.38277465122671
 20
16.06490736996862
 30
0.0
 10
36.39703949972032
 20
16.0506436148891
 30
0.0
 10
36.40193261190172
 20
16.0323820014452
 30
0.0
 10
36.40193261190172
 20
16.0323820014452
 30
0.0
 10
36.53047369997383
 20
15.55267642612547
 30
0.0
 10
36.53047369997383
 20
15.55267642612547
 30
0.0
 10
36.53047369997383
 20
15.55267575325525
 30
0.0
 10
36.53047504571425
 20
15.55267491216749
 30
0.0
 10
36.53047504571425
 20
15.55267423929728
 30
0.0
 10
36.53047504571425
 20
15.55267423929728
 30
0.0
 10
36.63156706635955
 20
15.17546959073791
 30
0.0
 10
36.63156706635955
 20
15.17546959073791
 30
0.0
 10
36.63156706635955
 20
15.1754685814326
 30
0.0
 10
36.63156841209997
 20
15.17546757212728
 30
0.0
 10
36.63156841209997
 20
15.17546656282196
 30
0.0
  0
SPLINE
  5
7F
330
79
100
AcDbEntity
  8
Layer 1
 62
     1
420
 16711680
370
     0
100
AcDbSpline
210
0.0
220
0.0
230
1.0
 70
     9
 71
     3
 72
    71
 73
    67
 74
     0
 42
0.0000000001
 43
0.0000000001
 40
0.0
 40
0.0
 40
0.0
 40
0.0
 40
1.0
 40
1.0
 40
1.0
 40
2.0
 40
2.0
 40
2.0
 40
3.0
 40
3.0
 40
3.0
 40
4.0
 40
4.0
 40
4.0
 40
5.0
 40
5.0
 40
5.0
 40
6.0
 40
6.0
 40
6.0
 40
7.0
 40
7.0
 40
7.0
 40
8.0
 40
8.0
 40
8.0
 40
9.0
 40
9.0
 40
9.0
 40
10.0
 40
10.0
 40
10.0
 40
11.0
 40
11.0
 40
11.0
 40
12.0
 40
12.0
 40
12.0
 40
13.0
 40
13.0
 40
13.0
 40
14.0
 40
14.0
 40
14.0
 40
15.0
 40
15.0
 40
15.0
 40
16.0
 40
16.0
 40
16.0
 40
17.0
 40
17.0
 40
17.0
 40
18.0
 40
18.0
 40
18.0
 40
19.0
 40
19.0
 40
19.0
 40
20.0
 40
20.0
 40
20.0
 40
21.0
 40
21.0
 40
21.0
 40
22.0
 40
22.0
 40
22.0
 40
22.0
 10
37.06506100893578
 20
16.32156260996335
 30
0.0
 10
37.06506100893578
 20
16.32156260996335
 30
0.0
 10
36.87533044952818
 20
16.13185761962382
 30
0.0
 10
36.87533044952818
 20
16.13185761962382
 30
0.0
 10
36.86196320989733
 20
16.11849197805972
 30
0.0
 10
36.84248092578016
 20
16.11327193506409
 30
0.0
 10
36.82422191970834
 20
16.1181635332875
 30
0.0
 10
36.82422191970834
 20
16.1181635332875
 30
0.0
 10
36.34451390523408
 20
16.24666988443492
 30
0.0
 10
36.34451390523408
 20
16.24666988443492
 30
0.0
 10
36.34451255949365
 20
16.24667038908758
 30
0.0
 10
36.34450986801281
 20
16.24667089374024
 30
0.0
 10
36.34450852227239
 20
16.2466713983929
 30
0.0
 10
36.34450852227239
 20
16.2466713983929
 30
0.0
 10
35.96730555588854
 20
16.34776392369086
 30
0.0
 10
35.96730555588854
 20
16.34776392369086
 30
0.0
 10
35.96730421014812
 20
16.34776417601719
 30
0.0
 10
35.9673028644077
 20
16.34776442834352
 30
0.0
 10
35.96730151866728
 20
16.34776468066984
 30
0.0
 10
35.96730151866728
 20
16.34776468066984
 30
0.0
 10
34.65511847795257
 20
16.69935374902122
 30
0.0
 10
34.65511847795257
 20
16.69935374902122
 30
0.0
 10
34.6273060606113
 20
16.70680557634677
 30
0.0
 10
34.59864044384126
 20
16.69065307458227
 30
0.0
 10
34.59060771925084
 20
16.66300349183229
 30
0.0
 10
34.59060771925084
 20
16.66300349183229
 30
0.0
 10
34.23704133767284
 20
15.44603440375434
 30
0.0
 10
34.23704133767284
 20
15.44603440375434
 30
0.0
 10
34.23704133767284
 20
15.44603373088413
 30
0.0
 10
34.23703999193242
 20
15.44603288979637
 30
0.0
 10
34.23703999193242
 20
15.44603221692615
 30
0.0
 10
34.23703999193242
 20
15.44603221692615
 30
0.0
 10
34.1258454979247
 20
15.06324039056176
 30
0.0
 10
34.1258454979247
 20
15.06324039056176
 30
0.0
 10
34.1258454979247
 20
15.0632398859091
 30
0.0
 10
34.1258454979247
 20
15.06323938125644
 30
0.0
 10
34.1258454979247
 20
15.06323887660378
 30
0.0
 10
34.1258454979247
 20
15.06323887660378
 30
0.0
 10
33.94362282434219
 20
14.43600507746198
 30
0.0
 10
33.94362282434219
 20
14.43600507746198
 30
0.0
 10
33.93834886762083
 20
14.41785002983791
 30
0.0
 10
33.92378930197438
 20
14.40388830937478
 30
0.0
 10
33.90542936537076
 20
14.39937873321421
 30
0.0
 10
33.90542936537076
 20
14.39937873321421
 30
0.0
 10
33.63699048578902
 20
14.33344317183865
 30
0.0
 10
33.63699048578902
 20
14.33344317183865
 30
0.0
 10
33.60860882024843
 20
14.32647190000761
 30
0.0
 10
33.57994993218051
 20
14.34382825069009
 30
0.0
 10
33.57297899678457
 20
14.37220957979557
 30
0.0
 10
33.57076256230636
 20
14.38123041429225
 30
0.0
 10
33.57096038614868
 20
14.39067549345758
 30
0.0
 10
33.57355228220516
 20
14.39959539742246
 30
0.0
 10
33.57355228220516
 20
14.39959539742246
 30
0.0
 10
34.35145753425543
 20
17.07721118682216
 30
0.0
 10
34.35145753425543
 20
17.07721118682216
 30
0.0
 10
34.35949025884584
 20
17.10486089573531
 30
0.0
 10
34.38815587561588
 20
17.12101354469016
 30
0.0
 10
34.41596829295715
 20
17.11356173839181
 30
0.0
 10
34.41596829295715
 20
17.11356173839181
 30
0.0
 10
37.04134233396409
 20
16.41009651740769
 30
0.0
 10
37.04134233396409
 20
16.41009651740769
 30
0.0
 10
37.06957193083677
 20
16.40253227870235
 30
0.0
 10
37.08632370763381
 20
16.37351592833432
 30
0.0
 10
37.07875930071092
 20
16.34528675200552
 30
0.0
 10
37.07635446257337
 20
16.33631335485878
 30
0.0
 10
37.07163091368538
 20
16.32813108486376
 30
0.0
 10
37.06506100893578
 20
16.32156260996335
 30
0.0
  0
SPLINE
  5
80
330
79
100
AcDbEntity
  8
Layer 1
 62
     1
420
 16711680
370
     0
100
AcDbSpline
210
0.0
220
0.0
230
1.0
 70
     9
 71
     3
 72
    59
 73
    55
 74
     0
 42
0.0000000001
 43
0.0000000001
 40
0.0
 40
0.0
 40
0.0
 40
0.0
 40
1.0
 40
1.0
 40
1.0
 40
2.0
 40
2.0
 40
2.0
 40
3.0
 40
3.0
 40
3.0
 40
4.0
 40
4.0
 40
4.0
 40
5.0
 40
5.0
 40
5.0
 40
6.0
 40
6.0
 40
6.0
 40
7.0
 40
7.0
 40
7.0
 40
8.0
 40
8.0
 40
8.0
 40
9.0
 40
9.0
 40
9.0
 40
10.0
 40
10.0
 40
10.0
 40
11.0
 40
11.0
 40
11.0
 40
12.0
 40
12.0
 40
12.0
 40
13.0
 40
13.0
 40
13.0
 40
14.0
 40
14.0
 40
14.0
 40
15.0
 40
15.0
 40
15.0
 40
16.0
 40
16.0
 40
16.0
 40
17.0
 40
17.0
 40
17.0
 40
18.0
 40
18.0
 40
18.0
 40
18.0
 10
36.74311414435833
 20
15.3992714379809
 30
0.0
 10
36.74311414435833
 20
15.3992714379809
 30
0.0
 10
36.67368066718589
 20
15.65846827698377
 30
0.0
 10
36.67368066718589
 20
15.65846827698377
 30
0.0
 10
36.66878890074491
 20
15.67672862879602
 30
0.0
 10
36.67401037358974
 20
15.69621141756585
 30
0.0
 10
36.6873776132206
 20
15.70957848897915
 30
0.0
 10
36.6873776132206
 20
15.70957848897915
 30
0.0
 10
37.03850551315045
 20
16.06070731410555
 30
0.0
 10
37.03850551315045
 20
16.06070731410555
 30
0.0
 10
37.03850551315045
 20
16.06070731410555
 30
0.0
 10
37.31465817684213
 20
16.33685905260068
 30
0.0
 10
37.31465817684213
 20
16.33685905260068
 30
0.0
 10
37.31465817684213
 20
16.33685905260068
 30
0.0
 10
38.27447792791782
 20
17.29667938192421
 30
0.0
 10
38.27447792791782
 20
17.29667938192421
 30
0.0
 10
38.29514311786763
 20
17.3173446257562
 30
0.0
 10
38.29514311786763
 20
17.35084960788526
 30
0.0
 10
38.27447792791782
 20
17.37151485040304
 30
0.0
 10
38.27447792791782
 20
17.37151485040304
 30
0.0
 10
37.31465817684213
 20
18.33133517972657
 30
0.0
 10
37.31465817684213
 20
18.33133517972657
 30
0.0
 10
37.31465817684213
 20
18.33133517972657
 30
0.0
 10
37.03850551315045
 20
18.60748691822171
 30
0.0
 10
37.03850551315045
 20
18.60748691822171
 30
0.0
 10
37.03850551315045
 20
18.60748691822171
 30
0.0
 10
36.6873776132206
 20
18.9586157433481
 30
0.0
 10
36.6873776132206
 20
18.9586157433481
 30
0.0
 10
36.67401037358974
 20
18.9719828147614
 30
0.0
 10
36.66878890074491
 20
18.99146560353123
 30
0.0
 10
36.67368066718589
 20
19.00972595534348
 30
0.0
 10
36.67368066718589
 20
19.00972595534348
 30
0.0
 10
36.74311414435833
 20
19.26892279434635
 30
0.0
 10
36.74311414435833
 20
19.26892279434635
 30
0.0
 10
36.75067585980037
 20
19.2971525594366
 30
0.0
 10
36.77969136908063
 20
19.31390702771447
 30
0.0
 10
36.80792096595332
 20
19.30634497583733
 30
0.0
 10
36.81689436310006
 20
19.30394114700509
 30
0.0
 10
36.82507781061795
 20
19.299217261682
 30
0.0
 10
36.83164636962713
 20
19.29264819802017
 30
0.0
 10
36.83164636962713
 20
19.29264819802017
 30
0.0
 10
38.75277964364907
 20
17.37151485040304
 30
0.0
 10
38.75277964364907
 20
17.37151485040304
 30
0.0
 10
38.77344483359888
 20
17.35084960657105
 30
0.0
 10
38.77344483359888
 20
17.317344624442
 30
0.0
 10
38.75277964364907
 20
17.29667938192421
 30
0.0
 10
38.75277964364907
 20
17.29667938192421
 30
0.0
 10
36.83164636962713
 20
15.37554603430709
 30
0.0
 10
36.83164636962713
 20
15.37554603430709
 30
0.0
 10
36.81098117967733
 20
15.35488084435729
 30
0.0
 10
36.77747628034286
 20
15.35488084435729
 30
0.0
 10
36.75681109039305
 20
15.37554603430709
 30
0.0
 10
36.75024253138387
 20
15.38211509796893
 30
0.0
 10
36.74551763675547
 20
15.39029787261661
 30
0.0
 10
36.74311414435833
 20
15.3992714379809
 30
0.0
  0
SPLINE
  5
81
330
79
100
AcDbEntity
  8
Layer 1
 62
     1
420
 16711680
370
     0
100
AcDbSpline
210
0.0
220
0.0
230
1.0
 70
    11
 71
     3
 72
    38
 73
    34
 74
     0
 42
0.0000000001
 43
0.0000000001
 40
0.0
 40
0.0
 40
0.0
 40
0.0
 40
1.0
 40
1.0
 40
1.0
 40
2.0
 40
2.0
 40
2.0
 40
3.0
 40
3.0
 40
3.0
 40
4.0
 40
4.0
 40
4.0
 40
5.0
 40
5.0
 40
5.0
 40
6.0
 40
6.0
 40
6.0
 40
7.0
 40
7.0
 40
7.0
 40
8.0
 40
8.0
 40
8.0
 40
9.0
 40
9.0
 40
9.0
 40
10.0
 40
10.0
 40
10.0
 40
11.0
 40
11.0
 40
11.0
 40
11.0
 10
24.44117238970185
 20
33.90293530570293
 30
0.0
 10
24.44117238970185
 20
33.90293530570293
 30
0.0
 10
22.47684370777029
 20
31.87586265402871
 30
0.0
 10
22.47684370777029
 20
31.87586265402871
 30
0.0
 10
22.45650570096106
 20
31.85487583211758
 30
0.0
 10
22.42300483884785
 20
31.85434830187141
 30
0.0
 10
22.40201751228407
 20
31.87468647689819
 30
0.0
 10
22.39534701343778
 20
31.88115141389474
 30
0.0
 10
22.39049561920952
 20
31.88925680846804
 30
0.0
 10
22.38795082406788
 20
31.89818983340206
 30
0.0
 10
22.38795082406788
 20
31.89818983340206
 30
0.0
 10
22.31276245619007
 20
32.16211644534237
 30
0.0
 10
22.31276245619007
 20
32.16211644534237
 30
0.0
 10
22.30758270129838
 20
32.18029874421003
 30
0.0
 10
22.31249633602124
 20
32.19986177275263
 30
0.0
 10
22.32565229440553
 20
32.21343894788962
 30
0.0
 10
22.32565229440553
 20
32.21343894788962
 30
0.0
 10
22.75295953181787
 20
32.65441386148245
 30
0.0
 10
22.75295953181787
 20
32.65441386148245
 30
0.0
 10
22.75296087755829
 20
32.65441520722287
 30
0.0
 10
22.75296255973382
 20
32.65441789870372
 30
0.0
 10
22.75296390547424
 20
32.65441924444415
 30
0.0
 10
22.75296390547424
 20
32.65441924444415
 30
0.0
 10
23.02899679826819
 20
32.93921425313828
 30
0.0
 10
23.02899679826819
 20
32.93921425313828
 30
0.0
 10
23.02899814400861
 20
32.9392155988787
 30
0.0
 10
23.02899915331393
 20
32.93921694461912
 30
0.0
 10
23.02900049905435
 20
32.93921829035955
 30
0.0
 10
23.02900049905435
 20
32.93921829035955
 30
0.0
 10
23.96287134684081
 20
33.90293530570293
 30
0.0
 10
23.96287134684081
 20
33.90293530570293
 30
0.0
 10
23.96287134684081
 20
33.90293530570293
 30
0.0
 10
24.44117238970185
 20
33.90293530570293
 30
0.0
 10
24.44117238970185
 20
33.90293530570293
 30
0.0
  0
SPLINE
  5
82
330
79
100
AcDbEntity
  8
Layer 1
 62
     1
420
 16711680
370
     0
100
AcDbSpline
210
0.0
220
0.0
230
1.0
 70
     9
 71
     3
 72
    71
 73
    67
 74
     0
 42
0.0000000001
 43
0.0000000001
 40
0.0
 40
0.0
 40
0.0
 40
0.0
 40
1.0
 40
1.0
 40
1.0
 40
2.0
 40
2.0
 40
2.0
 40
3.0
 40
3.0
 40
3.0
 40
4.0
 40
4.0
 40
4.0
 40
5.0
 40
5.0
 40
5.0
 40
6.0
 40
6.0
 40
6.0
 40
7.0
 40
7.0
 40
7.0
 40
8.0
 40
8.0
 40
8.0
 40
9.0
 40
9.0
 40
9.0
 40
10.0
 40
10.0
 40
10.0
 40
11.0
 40
11.0
 40
11.0
 40
12.0
 40
12.0
 40
12.0
 40
13.0
 40
13.0
 40
13.0
 40
14.0
 40
14.0
 40
14.0
 40
15.0
 40
15.0
 40
15.0
 40
16.0
 40
16.0
 40
16.0
 40
17.0
 40
17.0
 40
17.0
 40
18.0
 40
18.0
 40
18.0
 40
19.0
 40
19.0
 40
19.0
 40
20.0
 40
20.0
 40
20.0
 40
21.0
 40
21.0
 40
21.0
 40
22.0
 40
22.0
 40
22.0
 40
22.0
 10
5.654108205017544
 20
9.305077349138088
 30
0.0
 10
5.654108205017544
 20
9.305077349138088
 30
0.0
 10
4.894556160868781
 20
11.97147864201414
 30
0.0
 10
4.894556160868781
 20
11.97147864201414
 30
0.0
 10
4.886549005346424
 20
11.99958544007314
 30
0.0
 10
4.90284457613974
 20
12.02886135012543
 30
0.0
 10
4.930950364893429
 20
12.03686783277758
 30
0.0
 10
4.939884735567871
 20
12.03941262791923
 30
0.0
 10
4.949330487603406
 20
12.03956133223607
 30
0.0
 10
4.958338874001165
 20
12.03729846971324
 30
0.0
 10
4.958338874001165
 20
12.03729846971324
 30
0.0
 10
5.22448461190053
 20
11.97045116920047
 30
0.0
 10
5.22448461190053
 20
11.97045116920047
 30
0.0
 10
5.242820325176518
 20
11.96584570903469
 30
0.0
 10
5.257305875099654
 20
11.95180761780251
 30
0.0
 10
5.262485629991345
 20
11.93362565536995
 30
0.0
 10
5.262485629991345
 20
11.93362565536995
 30
0.0
 10
5.430704528722483
 20
11.34309288906946
 30
0.0
 10
5.430704528722483
 20
11.34309288906946
 30
0.0
 10
5.430704528722483
 20
11.34309221619925
 30
0.0
 10
5.430704528722483
 20
11.34309221619925
 30
0.0
 10
5.430704528722483
 20
11.34309154332904
 30
0.0
 10
5.430704528722483
 20
11.34309154332904
 30
0.0
 10
5.539374413694909
 20
10.96163872868644
 30
0.0
 10
5.539374413694909
 20
10.96163872868644
 30
0.0
 10
5.539374413694909
 20
10.96163805581623
 30
0.0
 10
5.539374413694909
 20
10.96163805581623
 30
0.0
 10
5.539374413694909
 20
10.96163738294602
 30
0.0
 10
5.539374413694909
 20
10.96163738294602
 30
0.0
 10
5.893258390012959
 20
9.719323839301114
 30
0.0
 10
5.893258390012959
 20
9.719323839301114
 30
0.0
 10
5.900969482642054
 20
9.692251579193001
 30
0.0
 10
5.928526209302781
 20
9.675955335529472
 30
0.0
 10
5.955964510806202
 20
9.682239943309205
 30
0.0
 10
5.955964510806202
 20
9.682239943309205
 30
0.0
 10
7.125801858180165
 20
9.950165422919212
 30
0.0
 10
7.125801858180165
 20
9.950165422919212
 30
0.0
 10
7.125801858180165
 20
9.950165422919212
 30
0.0
 10
7.125803203920589
 20
9.950166095789425
 30
0.0
 10
7.125803203920589
 20
9.950166095789425
 30
0.0
 10
7.125803203920589
 20
9.950166095789425
 30
0.0
 10
7.520150903305237
 20
10.0404686425859
 30
0.0
 10
7.520150903305237
 20
10.0404686425859
 30
0.0
 10
7.520152249045661
 20
10.0404686425859
 30
0.0
 10
7.520152249045661
 20
10.04046931545611
 30
0.0
 10
7.520153594786085
 20
10.04046931545611
 30
0.0
 10
7.520153594786085
 20
10.04046931545611
 30
0.0
 10
8.271035033383494
 20
10.21245561450403
 30
0.0
 10
8.271035033383494
 20
10.21245561450403
 30
0.0
 10
8.289463602748734
 20
10.21667652934367
 30
0.0
 10
8.308744025802317
 20
10.21074517842522
 30
0.0
 10
8.321613341476318
 20
10.1968961637226
 30
0.0
 10
8.321613341476318
 20
10.1968961637226
 30
0.0
 10
8.513849669553259
 20
9.990024235665256
 30
0.0
 10
8.513849669553259
 20
9.990024235665256
 30
0.0
 10
8.533743750240153
 20
9.968615524131234
 30
0.0
 10
8.532515089233109
 20
9.935132829513751
 30
0.0
 10
8.511107050569298
 20
9.915238748826856
 30
0.0
 10
8.504301641245506
 20
9.908915787445041
 30
0.0
 10
8.495952667655471
 20
9.904495703022657
 30
0.0
 10
8.486898526083299
 20
9.902421917029387
 30
0.0
 10
8.486898526083299
 20
9.902421917029387
 30
0.0
 10
5.716812980070362
 20
9.267992780275967
 30
0.0
 10
5.716812980070362
 20
9.267992780275967
 30
0.0
 10
5.689374678566941
 20
9.261709518236658
 30
0.0
 10
5.661819297646638
 20
9.278005761900187
 30
0.0
 10
5.654108205017544
 20
9.305077349138088
 30
0.0
  0
SPLINE
  5
83
330
79
100
AcDbEntity
  8
Layer 1
 62
     1
420
 16711680
370
     0
100
AcDbSpline
210
0.0
220
0.0
230
1.0
 70
    11
 71
     3
 72
    35
 73
    31
 74
     0
 42
0.0000000001
 43
0.0000000001
 40
0.0
 40
0.0
 40
0.0
 40
0.0
 40
1.0
 40
1.0
 40
1.0
 40
2.0
 40
2.0
 40
2.0
 40
3.0
 40
3.0
 40
3.0
 40
4.0
 40
4.0
 40
4.0
 40
5.0
 40
5.0
 40
5.0
 40
6.0
 40
6.0
 40
6.0
 40
7.0
 40
7.0
 40
7.0
 40
8.0
 40
8.0
 40
8.0
 40
9.0
 40
9.0
 40
9.0
 40
10.0
 40
10.0
 40
10.0
 40
10.0
 10
3.276361167936335
 20
12.98477374388026
 30
0.0
 10
3.276361167936335
 20
12.98477374388026
 30
0.0
 10
6.013995529366726
 20
12.29711317178824
 30
0.0
 10
6.013995529366726
 20
12.29711317178824
 30
0.0
 10
6.04233951417545
 20
12.28999353207546
 30
0.0
 10
6.059546151235764
 20
12.26124380652893
 30
0.0
 10
6.052425838652773
 20
12.2328994852851
 30
0.0
 10
6.050163649000154
 20
12.22389008958202
 30
0.0
 10
6.045569291192872
 20
12.21563531782166
 30
0.0
 10
6.039104354196332
 20
12.20896481897537
 30
0.0
 10
6.039104354196332
 20
12.20896481897537
 30
0.0
 10
5.848151862483817
 20
12.0119235247148
 30
0.0
 10
5.848151862483817
 20
12.0119235247148
 30
0.0
 10
5.834995904099519
 20
11.99834735888313
 30
0.0
 10
5.815595710148206
 20
11.99282141226739
 30
0.0
 10
5.797259996872218
 20
11.99742720886827
 30
0.0
 10
5.797259996872218
 20
11.99742720886827
 30
0.0
 10
5.201694497821348
 20
12.14702038726207
 30
0.0
 10
5.201694497821348
 20
12.14702038726207
 30
0.0
 10
5.201694497821348
 20
12.14702038726207
 30
0.0
 10
4.817025363565573
 20
12.2436371481276
 30
0.0
 10
4.817025363565573
 20
12.2436371481276
 30
0.0
 10
4.817025363565573
 20
12.2436371481276
 30
0.0
 10
4.817025363565573
 20
12.2436371481276
 30
0.0
 10
4.817025363565573
 20
12.2436371481276
 30
0.0
 10
4.817025363565573
 20
12.2436371481276
 30
0.0
 10
3.51551135293175
 20
12.57056527088421
 30
0.0
 10
3.51551135293175
 20
12.57056527088421
 30
0.0
 10
3.51551135293175
 20
12.57056527088421
 30
0.0
 10
3.276361167936335
 20
12.98477374388026
 30
0.0
 10
3.276361167936335
 20
12.98477374388026
 30
0.0
  0
SPLINE
  5
84
330
79
100
AcDbEntity
  8
Layer 1
 62
     1
420
 16711680
370
     0
100
AcDbSpline
210
0.0
220
0.0
230
1.0
 70
     9
 71
     3
 72
    71
 73
    67
 74
     0
 42
0.0000000001
 43
0.0000000001
 40
0.0
 40
0.0
 40
0.0
 40
0.0
 40
1.0
 40
1.0
 40
1.0
 40
2.0
 40
2.0
 40
2.0
 40
3.0
 40
3.0
 40
3.0
 40
4.0
 40
4.0
 40
4.0
 40
5.0
 40
5.0
 40
5.0
 40
6.0
 40
6.0
 40
6.0
 40
7.0
 40
7.0
 40
7.0
 40
8.0
 40
8.0
 40
8.0
 40
9.0
 40
9.0
 40
9.0
 40
10.0
 40
10.0
 40
10.0
 40
11.0
 40
11.0
 40
11.0
 40
12.0
 40
12.0
 40
12.0
 40
13.0
 40
13.0
 40
13.0
 40
14.0
 40
14.0
 40
14.0
 40
15.0
 40
15.0
 40
15.0
 40
16.0
 40
16.0
 40
16.0
 40
17.0
 40
17.0
 40
17.0
 40
18.0
 40
18.0
 40
18.0
 40
19.0
 40
19.0
 40
19.0
 40
20.0
 40
20.0
 40
20.0
 40
21.0
 40
21.0
 40
21.0
 40
22.0
 40
22.0
 40
22.0
 40
22.0
 10
5.647422566591481
 20
11.18715185309601
 30
0.0
 10
5.647422566591481
 20
11.18715185309601
 30
0.0
 10
5.572233357625903
 20
11.45107846503632
 30
0.0
 10
5.572233357625903
 20
11.45107846503632
 30
0.0
 10
5.567053602734213
 20
11.46926076390398
 30
0.0
 10
5.57196824676239
 20
11.4888244653168
 30
0.0
 10
5.585124205146687
 20
11.50240096758357
 30
0.0
 10
5.585124205146687
 20
11.50240096758357
 30
0.0
 10
6.012430433253701
 20
11.94337689048172
 30
0.0
 10
6.012430433253701
 20
11.94337689048172
 30
0.0
 10
6.012431778994125
 20
11.94337823622214
 30
0.0
 10
6.012434470474973
 20
11.94337991839767
 30
0.0
 10
6.012435816215397
 20
11.9433812641381
 30
0.0
 10
6.012435816215397
 20
11.9433812641381
 30
0.0
 10
6.288468709009344
 20
12.22817660926733
 30
0.0
 10
6.288468709009344
 20
12.22817660926733
 30
0.0
 10
6.288470054749768
 20
12.22817795500775
 30
0.0
 10
6.288470054749768
 20
12.22817896431307
 30
0.0
 10
6.288471400490192
 20
12.2281803100535
 30
0.0
 10
6.288471400490192
 20
12.2281803100535
 30
0.0
 10
7.186844643809435
 20
13.15526425244698
 30
0.0
 10
7.186844643809435
 20
13.15526425244698
 30
0.0
 10
7.20665663433047
 20
13.17570975027258
 30
0.0
 10
7.206741415977178
 20
13.20816631781682
 30
0.0
 10
7.187035738949633
 20
13.22871476478485
 30
0.0
 10
7.187035738949633
 20
13.22871476478485
 30
0.0
 10
6.309324994099345
 20
14.14398310625627
 30
0.0
 10
6.309324994099345
 20
14.14398310625627
 30
0.0
 10
6.309324994099345
 20
14.14398344269138
 30
0.0
 10
6.309323648358921
 20
14.14398411556159
 30
0.0
 10
6.309323648358921
 20
14.14398445199669
 30
0.0
 10
6.309323648358921
 20
14.14398445199669
 30
0.0
 10
6.033441478492453
 20
14.43168962435756
 30
0.0
 10
6.033441478492453
 20
14.43168962435756
 30
0.0
 10
6.033440132752029
 20
14.43169063366288
 30
0.0
 10
6.033440132752029
 20
14.4316916429682
 30
0.0
 10
6.033438787011605
 20
14.43169265227351
 30
0.0
 10
6.033438787011605
 20
14.43169265227351
 30
0.0
 10
5.581339983074609
 20
14.90309223358801
 30
0.0
 10
5.581339983074609
 20
14.90309223358801
 30
0.0
 10
5.568252657451931
 20
14.91673787326906
 30
0.0
 10
5.563440289695972
 20
14.93632949879568
 30
0.0
 10
5.568715592157762
 20
14.95448589216018
 30
0.0
 10
5.568715592157762
 20
14.95448589216018
 30
0.0
 10
5.645849396035911
 20
15.21993016286357
 30
0.0
 10
5.645849396035911
 20
15.21993016286357
 30
0.0
 10
5.654004583004901
 20
15.24799440188167
 30
0.0
 10
5.683365947574113
 20
15.26413437143847
 30
0.0
 10
5.71143001837466
 20
15.25597985733969
 30
0.0
 10
5.72034958590444
 20
15.25338812950076
 30
0.0
 10
5.728429411409689
 20
15.24849417623161
 30
0.0
 10
5.734858013414783
 20
15.24179020209227
 30
0.0
 10
5.734858013414783
 20
15.24179020209227
 30
0.0
 10
7.665336108940464
 20
13.22871510121996
 30
0.0
 10
7.665336108940464
 20
13.22871510121996
 30
0.0
 10
7.685041785968008
 20
13.20816665425193
 30
0.0
 10
7.684957004321301
 20
13.17571008670769
 30
0.0
 10
7.665145013800266
 20
13.15526425244698
 30
0.0
 10
7.665145013800266
 20
13.15526425244698
 30
0.0
 10
5.736315450293894
 20
11.16482467372265
 30
0.0
 10
5.736315450293894
 20
11.16482467372265
 30
0.0
 10
5.715977275267104
 20
11.14383717894132
 30
0.0
 10
5.682476413153898
 20
11.14331099443557
 30
0.0
 10
5.661489591242776
 20
11.16364916946236
 30
0.0
 10
5.654818755961376
 20
11.17011276071847
 30
0.0
 10
5.649967361733124
 20
11.17821882816199
 30
0.0
 10
5.647422566591481
 20
11.18715185309601
 30
0.0
  0
SPLINE
  5
85
330
79
100
AcDbEntity
  8
Layer 1
 62
     1
420
 16711680
370
     0
100
AcDbSpline
210
0.0
220
0.0
230
1.0
 70
     9
 71
     3
 72
    68
 73
    64
 74
     0
 42
0.0000000001
 43
0.0000000001
 40
0.0
 40
0.0
 40
0.0
 40
0.0
 40
1.0
 40
1.0
 40
1.0
 40
2.0
 40
2.0
 40
2.0
 40
3.0
 40
3.0
 40
3.0
 40
4.0
 40
4.0
 40
4.0
 40
5.0
 40
5.0
 40
5.0
 40
6.0
 40
6.0
 40
6.0
 40
7.0
 40
7.0
 40
7.0
 40
8.0
 40
8.0
 40
8.0
 40
9.0
 40
9.0
 40
9.0
 40
10.0
 40
10.0
 40
10.0
 40
11.0
 40
11.0
 40
11.0
 40
12.0
 40
12.0
 40
12.0
 40
13.0
 40
13.0
 40
13.0
 40
14.0
 40
14.0
 40
14.0
 40
15.0
 40
15.0
 40
15.0
 40
16.0
 40
16.0
 40
16.0
 40
17.0
 40
17.0
 40
17.0
 40
18.0
 40
18.0
 40
18.0
 40
19.0
 40
19.0
 40
19.0
 40
20.0
 40
20.0
 40
20.0
 40
21.0
 40
21.0
 40
21.0
 40
21.0
 10
8.045579102941948
 20
12.93994847609972
 30
0.0
 10
8.045579102941948
 20
12.93994847609972
 30
0.0
 10
7.208999568408525
 20
10.22062627748789
 30
0.0
 10
7.208999568408525
 20
10.22062627748789
 30
0.0
 10
7.200407015801759
 20
10.19269274350847
 30
0.0
 10
7.216084891740494
 20
10.16308241696083
 30
0.0
 10
7.24401842571992
 20
10.15448986435407
 30
0.0
 10
7.252894929556133
 20
10.15175935703392
 30
0.0
 10
7.262333952889549
 20
10.15141282887476
 30
0.0
 10
7.271386748721297
 20
10.1534852691276
 30
0.0
 10
7.271386748721297
 20
10.1534852691276
 30
0.0
 10
7.546655260954454
 20
10.21651302188216
 30
0.0
 10
7.546655260954454
 20
10.21651302188216
 30
0.0
 10
7.565085176060118
 20
10.2207332638516
 30
0.0
 10
7.579862751655245
 20
10.23446519913733
 30
0.0
 10
7.585422005346483
 20
10.25253647442002
 30
0.0
 10
7.585422005346483
 20
10.25253647442002
 30
0.0
 10
7.811915501654877
 20
10.98880519062423
 30
0.0
 10
7.811915501654877
 20
10.98880519062423
 30
0.0
 10
7.811915501654877
 20
10.98880519062423
 30
0.0
 10
7.811915501654877
 20
10.98880586349444
 30
0.0
 10
7.811915501654877
 20
10.98880586349444
 30
0.0
 10
7.811915501654877
 20
10.98880586349444
 30
0.0
 10
7.930878955129911
 20
11.37550235569886
 30
0.0
 10
7.930878955129911
 20
11.37550235569886
 30
0.0
 10
7.930878955129911
 20
11.37550235569886
 30
0.0
 10
8.284729287937363
 20
12.52573832092814
 30
0.0
 10
8.284729287937363
 20
12.52573832092814
 30
0.0
 10
8.29259917793648
 20
12.55132185569228
 30
0.0
 10
8.318333772063212
 20
12.56699939519591
 30
0.0
 10
8.344677986601981
 20
12.56225936098774
 30
0.0
 10
8.344677986601981
 20
12.56225936098774
 30
0.0
 10
9.324301653756164
 20
12.38597981355239
 30
0.0
 10
9.324301653756164
 20
12.38597981355239
 30
0.0
 10
9.324302326626376
 20
12.38597981355239
 30
0.0
 10
9.324302999496588
 20
12.38597947711729
 30
0.0
 10
9.3243036723668
 20
12.38597947711729
 30
0.0
 10
9.3243036723668
 20
12.38597947711729
 30
0.0
 10
9.739467284628732
 20
12.31128819210856
 30
0.0
 10
9.739467284628732
 20
12.31128819210856
 30
0.0
 10
9.739467957498943
 20
12.31128819210856
 30
0.0
 10
9.739467957498943
 20
12.31128785567345
 30
0.0
 10
9.739468630369156
 20
12.31128785567345
 30
0.0
 10
9.739468630369156
 20
12.31128785567345
 30
0.0
 10
10.84197656572348
 20
12.11290418534002
 30
0.0
 10
10.84197656572348
 20
12.11290418534002
 30
0.0
 10
10.86058344569489
 20
12.1095563196004
 30
0.0
 10
10.87956309576372
 20
12.11638931660288
 30
0.0
 10
10.89176559705767
 20
12.13082978422182
 30
0.0
 10
10.89176559705767
 20
12.13082978422182
 30
0.0
 10
11.0851767565247
 20
12.35971028760715
 30
0.0
 10
11.0851767565247
 20
12.35971028760715
 30
0.0
 10
11.10404000004686
 20
12.38203275688902
 30
0.0
 10
11.1012354770034
 20
12.41542024037151
 30
0.0
 10
11.07891300772154
 20
12.43428314745857
 30
0.0
 10
11.0718182642066
 20
12.44027842104716
 30
0.0
 10
11.06327012103382
 20
12.44430050273917
 30
0.0
 10
11.05412850633409
 20
12.44594533397231
 30
0.0
 10
11.05412850633409
 20
12.44594533397231
 30
0.0
 10
8.105526455866142
 20
12.97646884328911
 30
0.0
 10
8.105526455866142
 20
12.97646884328911
 30
0.0
 10
8.079183587067797
 20
12.98120820462707
 30
0.0
 10
8.053448992941065
 20
12.96553100155855
 30
0.0
 10
8.045579102941948
 20
12.93994847609972
 30
0.0
  0
SPLINE
  5
86
330
79
100
AcDbEntity
  8
Layer 1
 62
     1
420
 16711680
370
     0
100
AcDbSpline
210
0.0
220
0.0
230
1.0
 70
     9
 71
     3
 72
    71
 73
    67
 74
     0
 42
0.0000000001
 43
0.0000000001
 40
0.0
 40
0.0
 40
0.0
 40
0.0
 40
1.0
 40
1.0
 40
1.0
 40
2.0
 40
2.0
 40
2.0
 40
3.0
 40
3.0
 40
3.0
 40
4.0
 40
4.0
 40
4.0
 40
5.0
 40
5.0
 40
5.0
 40
6.0
 40
6.0
 40
6.0
 40
7.0
 40
7.0
 40
7.0
 40
8.0
 40
8.0
 40
8.0
 40
9.0
 40
9.0
 40
9.0
 40
10.0
 40
10.0
 40
10.0
 40
11.0
 40
11.0
 40
11.0
 40
12.0
 40
12.0
 40
12.0
 40
13.0
 40
13.0
 40
13.0
 40
14.0
 40
14.0
 40
14.0
 40
15.0
 40
15.0
 40
15.0
 40
16.0
 40
16.0
 40
16.0
 40
17.0
 40
17.0
 40
17.0
 40
18.0
 40
18.0
 40
18.0
 40
19.0
 40
19.0
 40
19.0
 40
20.0
 40
20.0
 40
20.0
 40
21.0
 40
21.0
 40
21.0
 40
22.0
 40
22.0
 40
22.0
 40
22.0
 10
10.05796434362944
 20
9.086482676247927
 30
0.0
 10
10.05796434362944
 20
9.086482676247927
 30
0.0
 10
8.123482670342584
 20
11.16820113644628
 30
0.0
 10
8.123482670342584
 20
11.16820113644628
 30
0.0
 10
8.103588589655689
 20
11.18960984798031
 30
0.0
 10
8.070106567908418
 20
11.19083716324693
 30
0.0
 10
8.048697183504183
 20
11.17094308256003
 30
0.0
 10
8.041893119920814
 20
11.16462012117822
 30
0.0
 10
8.036873508139573
 20
11.15661700287713
 30
0.0
 10
8.034141655079002
 20
11.14773915330049
 30
0.0
 10
8.034141655079002
 20
11.14773915330049
 30
0.0
 10
7.951112162403633
 20
10.8778455283205
 30
0.0
 10
7.951112162403633
 20
10.8778455283205
 30
0.0
 10
7.945552908712397
 20
10.85977559877823
 30
0.0
 10
7.950057101911276
 20
10.84011298544425
 30
0.0
 10
7.962926417585277
 20
10.82626397074164
 30
0.0
 10
7.962926417585277
 20
10.82626397074164
 30
0.0
 10
8.487314359874293
 20
10.26198020784492
 30
0.0
 10
8.487314359874293
 20
10.26198020784492
 30
0.0
 10
8.487314359874293
 20
10.26197953497471
 30
0.0
 10
8.487315705614717
 20
10.26197953497471
 30
0.0
 10
8.487315705614717
 20
10.26197886210449
 30
0.0
 10
8.487315705614717
 20
10.26197886210449
 30
0.0
 10
8.762700624394543
 20
9.965624616039059
 30
0.0
 10
8.762700624394543
 20
9.965624616039059
 30
0.0
 10
8.762700624394543
 20
9.965624616039059
 30
0.0
 10
8.762701297264756
 20
9.965623943168846
 30
0.0
 10
8.762701297264756
 20
9.965623943168846
 30
0.0
 10
8.762701297264756
 20
9.965623943168846
 30
0.0
 10
9.579663973638613
 20
9.086482003377714
 30
0.0
 10
9.579663973638613
 20
9.086482003377714
 30
0.0
 10
9.59882529866468
 20
9.065861895732112
 30
0.0
 10
9.598490882169333
 20
9.03385009539798
 30
0.0
 10
9.578902284558671
 20
9.013635728490191
 30
0.0
 10
9.578902284558671
 20
9.013635728490191
 30
0.0
 10
8.679975941925194
 20
8.085980519286747
 30
0.0
 10
8.679975941925194
 20
8.085980519286747
 30
0.0
 10
8.67997459618477
 20
8.085979173546324
 30
0.0
 10
8.679973250444346
 20
8.0859778278059
 30
0.0
 10
8.679971904703922
 20
8.085976482065476
 30
0.0
 10
8.679971904703922
 20
8.085976482065476
 30
0.0
 10
8.403939011909974
 20
7.801181473371348
 30
0.0
 10
8.403939011909974
 20
7.801181473371348
 30
0.0
 10
8.40393766616955
 20
7.801180127630924
 30
0.0
 10
8.403936320429126
 20
7.801178109020288
 30
0.0
 10
8.403934974688702
 20
7.801176763279864
 30
0.0
 10
8.403934974688702
 20
7.801176763279864
 30
0.0
 10
7.976627400841265
 20
7.360200503946614
 30
0.0
 10
7.976627400841265
 20
7.360200503946614
 30
0.0
 10
7.963471442456968
 20
7.346624001679839
 30
0.0
 10
7.958558144169215
 20
7.327060300267019
 30
0.0
 10
7.963737899060904
 20
7.30887867426957
 30
0.0
 10
7.963737899060904
 20
7.30887867426957
 30
0.0
 10
8.038925762286059
 20
7.044952062329259
 30
0.0
 10
8.038925762286059
 20
7.044952062329259
 30
0.0
 10
8.046932917808417
 20
7.016845600705358
 30
0.0
 10
8.07620950073092
 20
7.000551375652466
 30
0.0
 10
8.10431528948461
 20
7.008558531174823
 30
0.0
 10
8.113248314418628
 20
7.011103326316467
 30
0.0
 10
8.121355054732356
 20
7.015954720544719
 30
0.0
 10
8.127818645988472
 20
7.022624882955907
 30
0.0
 10
8.127818645988472
 20
7.022624882955907
 30
0.0
 10
10.05720198167929
 20
9.013635728490191
 30
0.0
 10
10.05720198167929
 20
9.013635728490191
 30
0.0
 10
10.07679125216016
 20
9.03385009539798
 30
0.0
 10
10.07712634152572
 20
9.065862568602325
 30
0.0
 10
10.05796434362944
 20
9.086482676247927
 30
0.0
  0
SPLINE
  5
87
330
79
100
AcDbEntity
  8
Layer 1
 62
     1
420
 16711680
370
     0
100
AcDbSpline
210
0.0
220
0.0
230
1.0
 70
     9
 71
     3
 72
    68
 73
    64
 74
     0
 42
0.0000000001
 43
0.0000000001
 40
0.0
 40
0.0
 40
0.0
 40
0.0
 40
1.0
 40
1.0
 40
1.0
 40
2.0
 40
2.0
 40
2.0
 40
3.0
 40
3.0
 40
3.0
 40
4.0
 40
4.0
 40
4.0
 40
5.0
 40
5.0
 40
5.0
 40
6.0
 40
6.0
 40
6.0
 40
7.0
 40
7.0
 40
7.0
 40
8.0
 40
8.0
 40
8.0
 40
9.0
 40
9.0
 40
9.0
 40
10.0
 40
10.0
 40
10.0
 40
11.0
 40
11.0
 40
11.0
 40
12.0
 40
12.0
 40
12.0
 40
13.0
 40
13.0
 40
13.0
 40
14.0
 40
14.0
 40
14.0
 40
15.0
 40
15.0
 40
15.0
 40
16.0
 40
16.0
 40
16.0
 40
17.0
 40
17.0
 40
17.0
 40
18.0
 40
18.0
 40
18.0
 40
19.0
 40
19.0
 40
19.0
 40
20.0
 40
20.0
 40
20.0
 40
21.0
 40
21.0
 40
21.0
 40
21.0
 10
10.43604473276968
 20
9.297970493959336
 30
0.0
 10
10.43604473276968
 20
9.297970493959336
 30
0.0
 10
9.420129810733278
 20
12.11975299479248
 30
0.0
 10
9.420129810733278
 20
12.11975299479248
 30
0.0
 10
9.41022987130467
 20
12.14725017243945
 30
0.0
 10
9.424496065538706
 20
12.17756667627454
 30
0.0
 10
9.451992906750568
 20
12.18746627926805
 30
0.0
 10
9.460732145063541
 20
12.19061262037919
 30
0.0
 10
9.47014492645869
 20
12.19140324287824
 30
0.0
 10
9.479286541158417
 20
12.18975874808021
 30
0.0
 10
9.479286541158417
 20
12.18975874808021
 30
0.0
 10
9.77421632098513
 20
12.13670326830204
 30
0.0
 10
9.77421632098513
 20
12.13670326830204
 30
0.0
 10
9.792823873826751
 20
12.13335607543263
 30
0.0
 10
9.808231928810489
 20
12.12033536396094
 30
0.0
 10
9.814636307487951
 20
12.10254669416728
 30
0.0
 10
9.814636307487951
 20
12.10254669416728
 30
0.0
 10
10.19408329602868
 20
11.04853587934017
 30
0.0
 10
10.19408329602868
 20
11.04853587934017
 30
0.0
 10
10.19408329602868
 20
11.04853587934017
 30
0.0
 10
10.33696122970709
 20
10.65166155230961
 30
0.0
 10
10.33696122970709
 20
10.65166155230961
 30
0.0
 10
10.33696122970709
 20
10.65166087943939
 30
0.0
 10
10.33696122970709
 20
10.65166087943939
 30
0.0
 10
10.33696122970709
 20
10.65166020656918
 30
0.0
 10
10.33696122970709
 20
10.65166020656918
 30
0.0
 10
10.67519491776509
 20
9.712215638381939
 30
0.0
 10
10.67519491776509
 20
9.712215638381939
 30
0.0
 10
10.68379958203567
 20
9.688316634193443
 30
0.0
 10
10.70817161398318
 20
9.673903081382986
 30
0.0
 10
10.73325957983621
 20
9.677875707114415
 30
0.0
 10
10.73325957983621
 20
9.677875707114415
 30
0.0
 10
11.62733923833292
 20
9.819455674153944
 30
0.0
 10
11.62733923833292
 20
9.819455674153944
 30
0.0
 10
11.62733991120314
 20
9.819455674153944
 30
0.0
 10
11.62734125694356
 20
9.819455674153944
 30
0.0
 10
11.62734192981377
 20
9.819455674153944
 30
0.0
 10
11.62734192981377
 20
9.819455674153944
 30
0.0
 10
12.05126765797588
 20
9.886608794178048
 30
0.0
 10
12.05126765797588
 20
9.886608794178048
 30
0.0
 10
12.05126765797588
 20
9.886608794178048
 30
0.0
 10
12.0512683308461
 20
9.886608794178048
 30
0.0
 10
12.0512683308461
 20
9.886608794178048
 30
0.0
 10
12.0512683308461
 20
9.886608794178048
 30
0.0
 10
13.31039824682838
 20
10.08604483352299
 30
0.0
 10
13.31039824682838
 20
10.08604483352299
 30
0.0
 10
13.32907174095077
 20
10.08900277097478
 30
0.0
 10
13.34790537818361
 20
10.08177278054724
 30
0.0
 10
13.35980239640133
 20
10.06707864085839
 30
0.0
 10
13.35980239640133
 20
10.06707864085839
 30
0.0
 10
13.55300833045371
 20
9.828466079162339
 30
0.0
 10
13.55300833045371
 20
9.828466079162339
 30
0.0
 10
13.57139921908707
 20
9.805753345157532
 30
0.0
 10
13.56789558389339
 20
9.772431466520707
 30
0.0
 10
13.54518217701837
 20
9.75404125075755
 30
0.0
 10
13.53796362538443
 20
9.74819602722623
 30
0.0
 10
13.529334064916
 20
9.744353938315921
 30
0.0
 10
13.52016015244611
 20
9.742901211528293
 30
0.0
 10
13.52016015244611
 20
9.742901211528293
 30
0.0
 10
10.49411074058122
 20
9.263630562691812
 30
0.0
 10
10.49411074058122
 20
9.263630562691812
 30
0.0
 10
10.46902210185798
 20
9.259657264090172
 30
0.0
 10
10.44464939704026
 20
9.274070816900628
 30
0.0
 10
10.43604473276968
 20
9.297970493959336
 30
0.0
  0
SPLINE
  5
88
330
79
100
AcDbEntity
  8
Layer 1
 62
     1
420
 16711680
370
     0
100
AcDbSpline
210
0.0
220
0.0
230
1.0
 70
     9
 71
     3
 72
    65
 73
    61
 74
     0
 42
0.0000000001
 43
0.0000000001
 40
0.0
 40
0.0
 40
0.0
 40
0.0
 40
1.0
 40
1.0
 40
1.0
 40
2.0
 40
2.0
 40
2.0
 40
3.0
 40
3.0
 40
3.0
 40
4.0
 40
4.0
 40
4.0
 40
5.0
 40
5.0
 40
5.0
 40
6.0
 40
6.0
 40
6.0
 40
7.0
 40
7.0
 40
7.0
 40
8.0
 40
8.0
 40
8.0
 40
9.0
 40
9.0
 40
9.0
 40
10.0
 40
10.0
 40
10.0
 40
11.0
 40
11.0
 40
11.0
 40
12.0
 40
12.0
 40
12.0
 40
13.0
 40
13.0
 40
13.0
 40
14.0
 40
14.0
 40
14.0
 40
15.0
 40
15.0
 40
15.0
 40
16.0
 40
16.0
 40
16.0
 40
17.0
 40
17.0
 40
17.0
 40
18.0
 40
18.0
 40
18.0
 40
19.0
 40
19.0
 40
19.0
 40
20.0
 40
20.0
 40
20.0
 40
20.0
 10
10.42942705423502
 20
10.88401776677483
 30
0.0
 10
10.42942705423502
 20
10.88401776677483
 30
0.0
 10
10.32791314396682
 20
11.16591943355752
 30
0.0
 10
10.32791314396682
 20
11.16591943355752
 30
0.0
 10
10.32150741954893
 20
11.18370810335118
 30
0.0
 10
10.32507968750425
 20
11.20356248469557
 30
0.0
 10
10.3372828616684
 20
11.2180029523145
 30
0.0
 10
10.3372828616684
 20
11.2180029523145
 30
0.0
 10
11.06034246274157
 20
12.07362908750285
 30
0.0
 10
11.06034246274157
 20
12.07362908750285
 30
0.0
 10
11.06034313561178
 20
12.07362976037307
 30
0.0
 10
11.06034313561178
 20
12.07363009680817
 30
0.0
 10
11.060343808482
 20
12.07363076967838
 30
0.0
 10
11.060343808482
 20
12.07363076967838
 30
0.0
 10
11.33262948706552
 20
12.3958121295247
 30
0.0
 10
11.33262948706552
 20
12.3958121295247
 30
0.0
 10
11.33263015993573
 20
12.39581280239491
 30
0.0
 10
11.33263083280595
 20
12.39581381170023
 30
0.0
 10
11.33263150567616
 20
12.39581448457044
 30
0.0
 10
11.33263150567616
 20
12.39581448457044
 30
0.0
 10
11.97709582877079
 20
13.15846072238891
 30
0.0
 10
11.97709582877079
 20
13.15846072238891
 30
0.0
 10
11.99349098435548
 20
13.17786226208065
 30
0.0
 10
11.99378704724874
 20
13.20617664060005
 30
0.0
 10
11.97780166962314
 20
13.22591730687861
 30
0.0
 10
11.97780166962314
 20
13.22591730687861
 30
0.0
 10
11.40812552484776
 20
13.92939873982941
 30
0.0
 10
11.40812552484776
 20
13.92939873982941
 30
0.0
 10
11.40812552484776
 20
13.92939873982941
 30
0.0
 10
11.13801927288078
 20
14.2629465597313
 30
0.0
 10
11.13801927288078
 20
14.2629465597313
 30
0.0
 10
11.13801927288078
 20
14.2629465597313
 30
0.0
 10
10.33575477341704
 20
15.25366114658927
 30
0.0
 10
10.33575477341704
 20
15.25366114658927
 30
0.0
 10
10.32385775519932
 20
15.26835309944992
 30
0.0
 10
10.32070199390521
 20
15.28827611355593
 30
0.0
 10
10.32747645119926
 20
15.30592549921572
 30
0.0
 10
10.32747645119926
 20
15.30592549921572
 30
0.0
 10
10.43750418825942
 20
15.59257376069115
 30
0.0
 10
10.43750418825942
 20
15.59257376069115
 30
0.0
 10
10.44797674023841
 20
15.61985797491603
 30
0.0
 10
10.47858493331039
 20
15.63348628818912
 30
0.0
 10
10.50586914753528
 20
15.62301339977503
 30
0.0
 10
10.51454177169726
 20
15.61968471083645
 30
0.0
 10
10.52218490443495
 20
15.61413151297712
 30
0.0
 10
10.52803080083648
 20
15.60691228847297
 30
0.0
 10
10.52803080083648
 20
15.60691228847297
 30
0.0
 10
12.45610271248418
 20
13.22591797974883
 30
0.0
 10
12.45610271248418
 20
13.22591797974883
 30
0.0
 10
12.47208809010979
 20
13.20617731347026
 30
0.0
 10
12.47179202721652
 20
13.17786259851576
 30
0.0
 10
12.45539619876163
 20
13.15846105882402
 30
0.0
 10
12.45539619876163
 20
13.15846105882402
 30
0.0
 10
10.51963136198055
 20
10.86779082874314
 30
0.0
 10
10.51963136198055
 20
10.86779082874314
 30
0.0
 10
10.50076744558817
 20
10.84546903233148
 30
0.0
 10
10.46738029854079
 20
10.84266518215823
 30
0.0
 10
10.44505850212913
 20
10.86152909855061
 30
0.0
 10
10.4379644314844
 20
10.86752369926899
 30
0.0
 10
10.43257339534616
 20
10.87527987420228
 30
0.0
 10
10.42942705423502
 20
10.88401776677483
 30
0.0
  0
SPLINE
  5
89
330
79
100
AcDbEntity
  8
Layer 1
 62
     1
420
 16711680
370
     0
100
AcDbSpline
210
0.0
220
0.0
230
1.0
 70
     9
 71
     3
 72
    71
 73
    67
 74
     0
 42
0.0000000001
 43
0.0000000001
 40
0.0
 40
0.0
 40
0.0
 40
0.0
 40
1.0
 40
1.0
 40
1.0
 40
2.0
 40
2.0
 40
2.0
 40
3.0
 40
3.0
 40
3.0
 40
4.0
 40
4.0
 40
4.0
 40
5.0
 40
5.0
 40
5.0
 40
6.0
 40
6.0
 40
6.0
 40
7.0
 40
7.0
 40
7.0
 40
8.0
 40
8.0
 40
8.0
 40
9.0
 40
9.0
 40
9.0
 40
10.0
 40
10.0
 40
10.0
 40
11.0
 40
11.0
 40
11.0
 40
12.0
 40
12.0
 40
12.0
 40
13.0
 40
13.0
 40
13.0
 40
14.0
 40
14.0
 40
14.0
 40
15.0
 40
15.0
 40
15.0
 40
16.0
 40
16.0
 40
16.0
 40
17.0
 40
17.0
 40
17.0
 40
18.0
 40
18.0
 40
18.0
 40
19.0
 40
19.0
 40
19.0
 40
20.0
 40
20.0
 40
20.0
 40
21.0
 40
21.0
 40
21.0
 40
22.0
 40
22.0
 40
22.0
 40
22.0
 10
12.82774709804699
 20
12.94666035646405
 30
0.0
 10
12.82774709804699
 20
12.94666035646405
 30
0.0
 10
11.72875558242039
 20
10.08364066825565
 30
0.0
 10
11.72875558242039
 20
10.08364066825565
 30
0.0
 10
11.71828235757119
 20
10.05635645403077
 30
0.0
 10
11.73191067084428
 20
10.02574826095879
 30
0.0
 10
11.75919488506917
 20
10.0152757089798
 30
0.0
 10
11.76786683636094
 20
10.01194702004122
 30
0.0
 10
11.77726212313058
 20
10.01095924657005
 30
0.0
 10
11.78643670847069
 20
10.01241264622789
 30
0.0
 10
11.78643670847069
 20
10.01241264622789
 30
0.0
 10
12.0896623051407
 20
10.06044548630886
 30
0.0
 10
12.0896623051407
 20
10.06044548630886
 30
0.0
 10
12.10833445352267
 20
10.06340342376065
 30
0.0
 10
12.12401098372098
 20
10.07609846604975
 30
0.0
 10
12.13078544101502
 20
10.09374785170954
 30
0.0
 10
12.13078544101502
 20
10.09374785170954
 30
0.0
 10
12.58761519541233
 20
11.28389713217203
 30
0.0
 10
12.58761519541233
 20
11.28389713217203
 30
0.0
 10
12.58761519541233
 20
11.28389780504224
 30
0.0
 10
12.58761586828254
 20
11.28389780504224
 30
0.0
 10
12.58761586828254
 20
11.28389847791245
 30
0.0
 10
12.58761586828254
 20
11.28389847791245
 30
0.0
 10
12.7414366902181
 20
11.68459874496824
 30
0.0
 10
12.7414366902181
 20
11.68459874496824
 30
0.0
 10
12.7414366902181
 20
11.68459874496824
 30
0.0
 10
12.7414366902181
 20
11.68459941783845
 30
0.0
 10
12.7414366902181
 20
11.68459941783845
 30
0.0
 10
12.7414366902181
 20
11.68459941783845
 30
0.0
 10
13.06689728304241
 20
12.53245121059779
 30
0.0
 10
13.06689728304241
 20
12.53245121059779
 30
0.0
 10
13.07551742332787
 20
12.55490724461673
 30
0.0
 10
13.09819853243271
 20
12.56872463441938
 30
0.0
 10
13.12210695680418
 20
12.56608462814275
 30
0.0
 10
13.12210695680418
 20
12.56608462814275
 30
0.0
 10
13.81478041197531
 20
12.48959879827872
 30
0.0
 10
13.81478041197531
 20
12.48959879827872
 30
0.0
 10
13.81478175771574
 20
12.48959879827872
 30
0.0
 10
13.81478243058595
 20
12.48959846184361
 30
0.0
 10
13.81478377632637
 20
12.48959846184361
 30
0.0
 10
13.81478377632637
 20
12.48959846184361
 30
0.0
 10
14.25719022129515
 20
12.44077365352316
 30
0.0
 10
14.25719022129515
 20
12.44077365352316
 30
0.0
 10
14.25719089416536
 20
12.44077365352316
 30
0.0
 10
14.25719156703557
 20
12.44077365352316
 30
0.0
 10
14.25719223990579
 20
12.44077365352316
 30
0.0
 10
14.25719223990579
 20
12.44077365352316
 30
0.0
 10
15.86758833064648
 20
12.26298384889706
 30
0.0
 10
15.86758833064648
 20
12.26298384889706
 30
0.0
 10
15.88637890418575
 20
12.26090939003358
 30
0.0
 10
15.90484919150413
 20
12.26901680321752
 30
0.0
 10
15.91604137817482
 20
12.284252603427
 30
0.0
 10
15.91604137817482
 20
12.284252603427
 30
0.0
 10
16.10721457131686
 20
12.54448919512491
 30
0.0
 10
16.10721457131686
 20
12.54448919512491
 30
0.0
 10
16.12451675594727
 20
12.56804200758935
 30
0.0
 10
16.11944937038098
 20
12.60116168872748
 30
0.0
 10
16.09589655791654
 20
12.61846387335789
 30
0.0
 10
16.08841020393824
 20
12.62396324160026
 30
0.0
 10
16.07960805226045
 20
12.62739521611638
 30
0.0
 10
16.07037492721189
 20
12.6284146144875
 30
0.0
 10
16.07037492721189
 20
12.6284146144875
 30
0.0
 10
12.88295609893855
 20
12.98029411044412
 30
0.0
 10
12.88295609893855
 20
12.98029411044412
 30
0.0
 10
12.85904767456708
 20
12.98293378028565
 30
0.0
 10
12.83636723833245
 20
12.96911639048299
 30
0.0
 10
12.82774709804699
 20
12.94666035646405
 30
0.0
  0
SPLINE
  5
8A
330
79
100
AcDbEntity
  8
Layer 1
 62
     1
420
 16711680
370
     0
100
AcDbSpline
210
0.0
220
0.0
230
1.0
 70
     9
 71
     3
 72
    62
 73
    58
 74
     0
 42
0.0000000001
 43
0.0000000001
 40
0.0
 40
0.0
 40
0.0
 40
0.0
 40
1.0
 40
1.0
 40
1.0
 40
2.0
 40
2.0
 40
2.0
 40
3.0
 40
3.0
 40
3.0
 40
4.0
 40
4.0
 40
4.0
 40
5.0
 40
5.0
 40
5.0
 40
6.0
 40
6.0
 40
6.0
 40
7.0
 40
7.0
 40
7.0
 40
8.0
 40
8.0
 40
8.0
 40
9.0
 40
9.0
 40
9.0
 40
10.0
 40
10.0
 40
10.0
 40
11.0
 40
11.0
 40
11.0
 40
12.0
 40
12.0
 40
12.0
 40
13.0
 40
13.0
 40
13.0
 40
14.0
 40
14.0
 40
14.0
 40
15.0
 40
15.0
 40
15.0
 40
16.0
 40
16.0
 40
16.0
 40
17.0
 40
17.0
 40
17.0
 40
18.0
 40
18.0
 40
18.0
 40
19.0
 40
19.0
 40
19.0
 40
19.0
 10
14.84716282314418
 20
9.084265568899509
 30
0.0
 10
14.84716282314418
 20
9.084265568899509
 30
0.0
 10
12.91953265079064
 20
11.4646778448903
 30
0.0
 10
12.91953265079064
 20
11.4646778448903
 30
0.0
 10
12.90114041641684
 20
11.4873899060249
 30
0.0
 10
12.86781921065023
 20
11.49089152260795
 30
0.0
 10
12.84510714951564
 20
11.47249928823416
 30
0.0
 10
12.8378885978817
 20
11.46665406470283
 30
0.0
 10
12.83233607289258
 20
11.45901160483536
 30
0.0
 10
12.829007383954
 20
11.4503403264138
 30
0.0
 10
12.829007383954
 20
11.4503403264138
 30
0.0
 10
12.71898166550447
 20
11.16372654953673
 30
0.0
 10
12.71898166550447
 20
11.16372654953673
 30
0.0
 10
12.71220653534022
 20
11.14607649100674
 30
0.0
 10
12.71536162376411
 20
11.12615280403051
 30
0.0
 10
12.72725931485204
 20
11.1114606829523
 30
0.0
 10
12.72725931485204
 20
11.1114606829523
 30
0.0
 10
13.52952381431578
 20
10.12074676896455
 30
0.0
 10
13.52952381431578
 20
10.12074676896455
 30
0.0
 10
13.52952381431578
 20
10.12074676896455
 30
0.0
 10
13.79962939341254
 20
9.787198949062656
 30
0.0
 10
13.79962939341254
 20
9.787198949062656
 30
0.0
 10
13.79962939341254
 20
9.787198949062656
 30
0.0
 10
14.36886245315335
 20
9.084264896029296
 30
0.0
 10
14.36886245315335
 20
9.084264896029296
 30
0.0
 10
14.38504531818617
 20
9.064280650734
 30
0.0
 10
14.38451947011552
 20
9.035555821385305
 30
0.0
 10
14.36761562465059
 20
9.016177832150987
 30
0.0
 10
14.36761562465059
 20
9.016177832150987
 30
0.0
 10
13.66593546525722
 20
8.211791772908927
 30
0.0
 10
13.66593546525722
 20
8.211791772908927
 30
0.0
 10
13.66593479238701
 20
8.211791100038716
 30
0.0
 10
13.66593479238701
 20
8.211791100038716
 30
0.0
 10
13.6659341195168
 20
8.211790427168503
 30
0.0
 10
13.6659341195168
 20
8.211790427168503
 30
0.0
 10
13.39234710994334
 20
7.898178405906643
 30
0.0
 10
13.39234710994334
 20
7.898178405906643
 30
0.0
 10
13.39234710994334
 20
7.898178405906643
 30
0.0
 10
12.73240206188207
 20
7.141685229741463
 30
0.0
 10
12.73240206188207
 20
7.141685229741463
 30
0.0
 10
12.71997414906712
 20
7.127439221613785
 30
0.0
 10
12.71609034220367
 20
7.107644725718262
 30
0.0
 10
12.72221413400274
 20
7.089758489743865
 30
0.0
 10
12.72221413400274
 20
7.089758489743865
 30
0.0
 10
12.81743401630824
 20
6.811639026422621
 30
0.0
 10
12.81743401630824
 20
6.811639026422621
 30
0.0
 10
12.82690062732035
 20
6.783989443672643
 30
0.0
 10
12.85698869171848
 20
6.769249548809385
 30
0.0
 10
12.88463827446846
 20
6.778716159821491
 30
0.0
 10
12.8934266323069
 20
6.781724562539176
 30
0.0
 10
12.9012675888869
 20
6.786993809169057
 30
0.0
 10
12.90737388606047
 20
6.793993677984107
 30
0.0
 10
12.90737388606047
 20
6.793993677984107
 30
0.0
 10
14.8459149853361
 20
9.016177832150987
 30
0.0
 10
14.8459149853361
 20
9.016177832150987
 30
0.0
 10
14.86281950367124
 20
9.035555821385305
 30
0.0
 10
14.8633460246121
 20
9.064281323604213
 30
0.0
 10
14.84716282314418
 20
9.084265568899509
 30
0.0
  0
SPLINE
  5
8B
330
79
100
AcDbEntity
  8
Layer 1
 62
     1
420
 16711680
370
     0
100
AcDbSpline
210
0.0
220
0.0
230
1.0
 70
     9
 71
     3
 72
    71
 73
    67
 74
     0
 42
0.0000000001
 43
0.0000000001
 40
0.0
 40
0.0
 40
0.0
 40
0.0
 40
1.0
 40
1.0
 40
1.0
 40
2.0
 40
2.0
 40
2.0
 40
3.0
 40
3.0
 40
3.0
 40
4.0
 40
4.0
 40
4.0
 40
5.0
 40
5.0
 40
5.0
 40
6.0
 40
6.0
 40
6.0
 40
7.0
 40
7.0
 40
7.0
 40
8.0
 40
8.0
 40
8.0
 40
9.0
 40
9.0
 40
9.0
 40
10.0
 40
10.0
 40
10.0
 40
11.0
 40
11.0
 40
11.0
 40
12.0
 40
12.0
 40
12.0
 40
13.0
 40
13.0
 40
13.0
 40
14.0
 40
14.0
 40
14.0
 40
15.0
 40
15.0
 40
15.0
 40
16.0
 40
16.0
 40
16.0
 40
17.0
 40
17.0
 40
17.0
 40
18.0
 40
18.0
 40
18.0
 40
19.0
 40
19.0
 40
19.0
 40
20.0
 40
20.0
 40
20.0
 40
21.0
 40
21.0
 40
21.0
 40
22.0
 40
22.0
 40
22.0
 40
22.0
 10
15.21834292826074
 20
9.292181118655609
 30
0.0
 10
15.21834292826074
 20
9.292181118655609
 30
0.0
 10
13.92853450426933
 20
12.23049700219329
 30
0.0
 10
13.92853450426933
 20
12.23049700219329
 30
0.0
 10
13.91678753610888
 20
12.25725738695815
 30
0.0
 10
13.92895841250287
 20
12.28847351826664
 30
0.0
 10
13.95571913370284
 20
12.30022048642709
 30
0.0
 10
13.96422488605226
 20
12.30395424323327
 30
0.0
 10
13.97356432459431
 20
12.30538308312837
 30
0.0
 10
13.98279744964286
 20
12.30436334832214
 30
0.0
 10
13.98279744964286
 20
12.30436334832214
 30
0.0
 10
14.30373669107789
 20
12.26891620912083
 30
0.0
 10
14.30373669107789
 20
12.26891620912083
 30
0.0
 10
14.32252692818206
 20
12.26684107738714
 30
0.0
 10
14.33878279963287
 20
12.25489931330033
 30
0.0
 10
14.34638152293657
 20
12.23758905422738
 30
0.0
 10
14.34638152293657
 20
12.23758905422738
 30
0.0
 10
14.99760045365399
 20
10.75405624968527
 30
0.0
 10
14.99760045365399
 20
10.75405624968527
 30
0.0
 10
14.9976007900891
 20
10.75405557681505
 30
0.0
 10
14.99760112652421
 20
10.75405490394484
 30
0.0
 10
14.99760146295931
 20
10.75405423107463
 30
0.0
 10
14.99760146295931
 20
10.75405423107463
 30
0.0
 10
15.17652303528193
 20
10.34650616387169
 30
0.0
 10
15.17652303528193
 20
10.34650616387169
 30
0.0
 10
15.17652337171704
 20
10.34650549100148
 30
0.0
 10
15.17652370815214
 20
10.34650414526106
 30
0.0
 10
15.17652404458725
 20
10.34650347239085
 30
0.0
 10
15.17652404458725
 20
10.34650347239085
 30
0.0
 10
15.45749412256147
 20
9.706425590207999
 30
0.0
 10
15.45749412256147
 20
9.706425590207999
 30
0.0
 10
15.46674945232702
 20
9.685341202116143
 30
0.0
 10
15.48857702556799
 20
9.672662308712126
 30
0.0
 10
15.51147715392683
 20
9.675068492590105
 30
0.0
 10
15.51147715392683
 20
9.675068492590105
 30
0.0
 10
16.18324924170376
 20
9.745643830512253
 30
0.0
 10
16.18324924170376
 20
9.745643830512253
 30
0.0
 10
16.18325058744419
 20
9.745643830512253
 30
0.0
 10
16.18325193318461
 20
9.745644503382466
 30
0.0
 10
16.18325327892504
 20
9.745644503382466
 30
0.0
 10
16.18325327892504
 20
9.745644503382466
 30
0.0
 10
16.62761104750851
 20
9.792364573679895
 30
0.0
 10
16.62761104750851
 20
9.792364573679895
 30
0.0
 10
16.62761138394361
 20
9.792364573679895
 30
0.0
 10
16.62761205681382
 20
9.792364573679895
 30
0.0
 10
16.62761239324893
 20
9.792364573679895
 30
0.0
 10
16.62761239324893
 20
9.792364573679895
 30
0.0
 10
18.27682939443371
 20
9.965721509349583
 30
0.0
 10
18.27682939443371
 20
9.965721509349583
 30
0.0
 10
18.29563090211393
 20
9.967697729162116
 30
0.0
 10
18.3140586303914
 20
9.959493422667653
 30
0.0
 10
18.32517108194197
 20
9.944199082749738
 30
0.0
 10
18.32517108194197
 20
9.944199082749738
 30
0.0
 10
18.51598159803977
 20
9.681584567722754
 30
0.0
 10
18.51598159803977
 20
9.681584567722754
 30
0.0
 10
18.53316014276873
 20
9.657941254214803
 30
0.0
 10
18.52791957723163
 20
9.624848824320258
 30
0.0
 10
18.50427634783246
 20
9.607670447808846
 30
0.0
 10
18.49676148097893
 20
9.602210106038768
 30
0.0
 10
18.48794175056685
 20
9.59882422313217
 30
0.0
 10
18.4787035789917
 20
9.597853271416308
 30
0.0
 10
18.4787035789917
 20
9.597853271416308
 30
0.0
 10
15.27232865110694
 20
9.260824021037715
 30
0.0
 10
15.27232865110694
 20
9.260824021037715
 30
0.0
 10
15.24942751344279
 20
9.258416491419312
 30
0.0
 10
15.22759859446139
 20
9.27109605769354
 30
0.0
 10
15.21834292826074
 20
9.292181118655609
 30
0.0
  0
SPLINE
  5
8C
330
79
100
AcDbEntity
  8
Layer 1
 62
     1
420
 16711680
370
     0
100
AcDbSpline
210
0.0
220
0.0
230
1.0
 70
     9
 71
     3
 72
    71
 73
    67
 74
     0
 42
0.0000000001
 43
0.0000000001
 40
0.0
 40
0.0
 40
0.0
 40
0.0
 40
1.0
 40
1.0
 40
1.0
 40
2.0
 40
2.0
 40
2.0
 40
3.0
 40
3.0
 40
3.0
 40
4.0
 40
4.0
 40
4.0
 40
5.0
 40
5.0
 40
5.0
 40
6.0
 40
6.0
 40
6.0
 40
7.0
 40
7.0
 40
7.0
 40
8.0
 40
8.0
 40
8.0
 40
9.0
 40
9.0
 40
9.0
 40
10.0
 40
10.0
 40
10.0
 40
11.0
 40
11.0
 40
11.0
 40
12.0
 40
12.0
 40
12.0
 40
13.0
 40
13.0
 40
13.0
 40
14.0
 40
14.0
 40
14.0
 40
15.0
 40
15.0
 40
15.0
 40
16.0
 40
16.0
 40
16.0
 40
17.0
 40
17.0
 40
17.0
 40
18.0
 40
18.0
 40
18.0
 40
19.0
 40
19.0
 40
19.0
 40
20.0
 40
20.0
 40
20.0
 40
21.0
 40
21.0
 40
21.0
 40
22.0
 40
22.0
 40
22.0
 40
22.0
 10
24.78544071425585
 20
33.64604960766059
 30
0.0
 10
24.78544071425585
 20
33.64604960766059
 30
0.0
 10
24.00753546220558
 20
30.96843257765644
 30
0.0
 10
24.00753546220558
 20
30.96843257765644
 30
0.0
 10
23.99938263028233
 20
30.94036716111547
 30
0.0
 10
24.01552445023222
 20
30.91100714228668
 30
0.0
 10
24.04358953033808
 20
30.90285464679854
 30
0.0
 10
24.05250909786786
 20
30.90026409648249
 30
0.0
 10
24.06195350416297
 20
30.90006627264017
 30
0.0
 10
24.07097366578944
 20
30.90228136137795
 30
0.0
 10
24.07097366578944
 20
30.90228136137795
 30
0.0
 10
24.33941288180629
 20
30.96821725918861
 30
0.0
 10
24.33941288180629
 20
30.96821725918861
 30
0.0
 10
24.3577724819748
 20
30.97272683534919
 30
0.0
 10
24.37233171118614
 20
30.98668889224742
 30
0.0
 10
24.37760634077772
 20
31.00484293056618
 30
0.0
 10
24.37760634077772
 20
31.00484293056618
 30
0.0
 10
24.55982901436023
 20
31.63207639327286
 30
0.0
 10
24.55982901436023
 20
31.63207639327286
 30
0.0
 10
24.55982901436023
 20
31.63207639327286
 30
0.0
 10
24.55982935079533
 20
31.63207773901329
 30
0.0
 10
24.55982935079533
 20
31.63207773901329
 30
0.0
 10
24.55982935079533
 20
31.63207773901329
 30
0.0
 10
24.67102418123815
 20
32.01486956537769
 30
0.0
 10
24.67102418123815
 20
32.01486956537769
 30
0.0
 10
24.67102451767326
 20
32.01487091111811
 30
0.0
 10
24.67102451767326
 20
32.01487091111811
 30
0.0
 10
24.67102485410836
 20
32.01487225685854
 30
0.0
 10
24.67102485410836
 20
32.01487225685854
 30
0.0
 10
25.02459056281616
 20
33.23184012535923
 30
0.0
 10
25.02459056281616
 20
33.23184012535923
 30
0.0
 10
25.03262396027678
 20
33.2594897081092
 30
0.0
 10
25.06129058635214
 20
33.27564263041759
 30
0.0
 10
25.08910300369341
 20
33.26818991994989
 30
0.0
 10
25.08910300369341
 20
33.26818991994989
 30
0.0
 10
26.40128537153791
 20
32.91656409606318
 30
0.0
 10
26.40128537153791
 20
32.91656409606318
 30
0.0
 10
26.40128671727833
 20
32.91656409606318
 30
0.0
 10
26.40128739014854
 20
32.91656275032276
 30
0.0
 10
26.40128873588897
 20
32.91656275032276
 30
0.0
 10
26.40128873588897
 20
32.91656275032276
 30
0.0
 10
26.77849304801322
 20
32.81550841040933
 30
0.0
 10
26.77849304801322
 20
32.81550841040933
 30
0.0
 10
26.77849372088344
 20
32.81550841040933
 30
0.0
 10
26.77849506662386
 20
32.81550841040933
 30
0.0
 10
26.77849573949407
 20
32.81550841040933
 30
0.0
 10
26.77849573949407
 20
32.81550841040933
 30
0.0
 10
27.25820173535769
 20
32.68696597659679
 30
0.0
 10
27.25820173535769
 20
32.68696597659679
 30
0.0
 10
27.27646276004015
 20
32.6820728644154
 30
0.0
 10
27.29594773563817
 20
32.6872929915198
 30
0.0
 10
27.30931564813924
 20
32.70066157689108
 30
0.0
 10
27.30931564813924
 20
32.70066157689108
 30
0.0
 10
27.49905495485958
 20
32.89040155648164
 30
0.0
 10
27.49905495485958
 20
32.89040155648164
 30
0.0
 10
27.51972014480939
 20
32.91106674643144
 30
0.0
 10
27.51971947193918
 20
32.94457164576593
 30
0.0
 10
27.49905428198938
 20
32.96523683571573
 30
0.0
 10
27.49248639585041
 20
32.97180539472491
 30
0.0
 10
27.48430496694315
 20
32.97652894361288
 30
0.0
 10
27.47533291553684
 20
32.97893243601002
 30
0.0
 10
27.47533291553684
 20
32.97893243601002
 30
0.0
 10
24.84995214582778
 20
33.68239940225125
 30
0.0
 10
24.84995214582778
 20
33.68239940225125
 30
0.0
 10
24.82214006492162
 20
33.68985211271895
 30
0.0
 10
24.79347411171647
 20
33.67369919041057
 30
0.0
 10
24.78544071425585
 20
33.64604960766059
 30
0.0
  0
SPLINE
  5
8D
330
79
100
AcDbEntity
  8
Layer 1
 62
     1
420
 16711680
370
     0
100
AcDbSpline
210
0.0
220
0.0
230
1.0
 70
     9
 71
     3
 72
    71
 73
    67
 74
     0
 42
0.0000000001
 43
0.0000000001
 40
0.0
 40
0.0
 40
0.0
 40
0.0
 40
1.0
 40
1.0
 40
1.0
 40
2.0
 40
2.0
 40
2.0
 40
3.0
 40
3.0
 40
3.0
 40
4.0
 40
4.0
 40
4.0
 40
5.0
 40
5.0
 40
5.0
 40
6.0
 40
6.0
 40
6.0
 40
7.0
 40
7.0
 40
7.0
 40
8.0
 40
8.0
 40
8.0
 40
9.0
 40
9.0
 40
9.0
 40
10.0
 40
10.0
 40
10.0
 40
11.0
 40
11.0
 40
11.0
 40
12.0
 40
12.0
 40
12.0
 40
13.0
 40
13.0
 40
13.0
 40
14.0
 40
14.0
 40
14.0
 40
15.0
 40
15.0
 40
15.0
 40
16.0
 40
16.0
 40
16.0
 40
17.0
 40
17.0
 40
17.0
 40
18.0
 40
18.0
 40
18.0
 40
19.0
 40
19.0
 40
19.0
 40
20.0
 40
20.0
 40
20.0
 40
21.0
 40
21.0
 40
21.0
 40
22.0
 40
22.0
 40
22.0
 40
22.0
 10
15.2529432603003
 20
10.58462753031302
 30
0.0
 10
15.2529432603003
 20
10.58462753031302
 30
0.0
 10
15.12314457780202
 20
10.88028333709844
 30
0.0
 10
15.12314457780202
 20
10.88028333709844
 30
0.0
 10
15.1155445087579
 20
10.89759494191182
 30
0.0
 10
15.11775791532016
 20
10.9176458013581
 30
0.0
 10
15.12895077486105
 20
10.932882947308
 30
0.0
 10
15.12895077486105
 20
10.932882947308
 30
0.0
 10
16.08812591627368
 20
12.23862359217827
 30
0.0
 10
16.08812591627368
 20
12.23862359217827
 30
0.0
 10
16.0881265891439
 20
12.23862426504848
 30
0.0
 10
16.088126925579
 20
12.23862493791869
 30
0.0
 10
16.08812759844921
 20
12.2386256107889
 30
0.0
 10
16.08812759844921
 20
12.2386256107889
 30
0.0
 10
16.35161247109537
 20
12.5973492061065
 30
0.0
 10
16.35161247109537
 20
12.5973492061065
 30
0.0
 10
16.35161280753048
 20
12.59734987897671
 30
0.0
 10
16.35161348040069
 20
12.59735055184692
 30
0.0
 10
16.3516138168358
 20
12.59735122471713
 30
0.0
 10
16.3516138168358
 20
12.59735122471713
 30
0.0
 10
16.76646286227363
 20
13.16208984787714
 30
0.0
 10
16.76646286227363
 20
13.16208984787714
 30
0.0
 10
16.77961343769624
 20
13.17999189630151
 30
0.0
 10
16.78018369520087
 20
13.20420143009283
 30
0.0
 10
16.76789069286342
 20
13.22270266944096
 30
0.0
 10
16.76789069286342
 20
13.22270266944096
 30
0.0
 10
16.49793583669413
 20
13.62898641351562
 30
0.0
 10
16.49793583669413
 20
13.62898641351562
 30
0.0
 10
16.49793516382392
 20
13.62898708638583
 30
0.0
 10
16.49793482738881
 20
13.62898809569115
 30
0.0
 10
16.4979341545186
 20
13.62898876856136
 30
0.0
 10
16.4979341545186
 20
13.62898876856136
 30
0.0
 10
16.24336447574584
 20
14.01216345807637
 30
0.0
 10
16.24336447574584
 20
14.01216345807637
 30
0.0
 10
16.24336413931074
 20
14.01216379451147
 30
0.0
 10
16.24336413931074
 20
14.01216413094658
 30
0.0
 10
16.24336380287563
 20
14.01216446738169
 30
0.0
 10
16.24336380287563
 20
14.01216446738169
 30
0.0
 10
15.15792254757753
 20
15.64588358540943
 30
0.0
 10
15.15792254757753
 20
15.64588358540943
 30
0.0
 10
15.14746008865173
 20
15.66163110341511
 30
0.0
 10
15.14619374691281
 20
15.6817642212448
 30
0.0
 10
15.15460126021129
 20
15.69869834586927
 30
0.0
 10
15.15460126021129
 20
15.69869834586927
 30
0.0
 10
15.3048198714671
 20
16.00127100610734
 30
0.0
 10
15.3048198714671
 20
16.00127100610734
 30
0.0
 10
15.31781602317606
 20
16.02744750774578
 30
0.0
 10
15.34957145995943
 20
16.03813243438542
 30
0.0
 10
15.37574779338032
 20
16.02513636678524
 30
0.0
 10
15.38406682424592
 20
16.02100628942421
 30
0.0
 10
15.39115214757789
 20
16.01475944648512
 30
0.0
 10
15.39629186669197
 20
16.00702354176696
 30
0.0
 10
15.39629186669197
 20
16.00702354176696
 30
0.0
 10
17.24619341789999
 20
13.22270199657075
 30
0.0
 10
17.24619341789999
 20
13.22270199657075
 30
0.0
 10
17.25848557914968
 20
13.20420109365773
 30
0.0
 10
17.25791515342749
 20
13.17999223273662
 30
0.0
 10
17.24476508265755
 20
13.16209085718245
 30
0.0
 10
17.24476508265755
 20
13.16209085718245
 30
0.0
 10
15.34404315829795
 20
10.57457215786544
 30
0.0
 10
15.34404315829795
 20
10.57457215786544
 30
0.0
 10
15.32674164653775
 20
10.5510190089659
 30
0.0
 10
15.29362196539962
 20
10.54595095052939
 30
0.0
 10
15.27006881650007
 20
10.56325246228959
 30
0.0
 10
15.26258313539198
 20
10.56875115766175
 30
0.0
 10
15.25667701710648
 20
10.57612312370402
 30
0.0
 10
15.2529432603003
 20
10.58462753031302
 30
0.0
  0
SPLINE
  5
8E
330
79
100
AcDbEntity
  8
Layer 1
 62
     1
420
 16711680
370
     0
100
AcDbSpline
210
0.0
220
0.0
230
1.0
 70
     9
 71
     3
 72
    68
 73
    64
 74
     0
 42
0.0000000001
 43
0.0000000001
 40
0.0
 40
0.0
 40
0.0
 40
0.0
 40
1.0
 40
1.0
 40
1.0
 40
2.0
 40
2.0
 40
2.0
 40
3.0
 40
3.0
 40
3.0
 40
4.0
 40
4.0
 40
4.0
 40
5.0
 40
5.0
 40
5.0
 40
6.0
 40
6.0
 40
6.0
 40
7.0
 40
7.0
 40
7.0
 40
8.0
 40
8.0
 40
8.0
 40
9.0
 40
9.0
 40
9.0
 40
10.0
 40
10.0
 40
10.0
 40
11.0
 40
11.0
 40
11.0
 40
12.0
 40
12.0
 40
12.0
 40
13.0
 40
13.0
 40
13.0
 40
14.0
 40
14.0
 40
14.0
 40
15.0
 40
15.0
 40
15.0
 40
16.0
 40
16.0
 40
16.0
 40
17.0
 40
17.0
 40
17.0
 40
18.0
 40
18.0
 40
18.0
 40
19.0
 40
19.0
 40
19.0
 40
20.0
 40
20.0
 40
20.0
 40
21.0
 40
21.0
 40
21.0
 40
21.0
 10
17.61042664273069
 20
12.95117598845653
 30
0.0
 10
17.61042664273069
 20
12.95117598845653
 30
0.0
 10
16.29832316891855
 20
10.00416864039093
 30
0.0
 10
16.29832316891855
 20
10.00416864039093
 30
0.0
 10
16.28643590731891
 20
9.977470496120666
 30
0.0
 10
16.29844260338117
 20
9.946190778577149
 30
0.0
 10
16.32514108408654
 20
9.9343031805424
 30
0.0
 10
16.33362765963492
 20
9.930525014302229
 30
0.0
 10
16.34295936016953
 20
9.929046718446546
 30
0.0
 10
16.35219820461488
 20
9.930018343032621
 30
0.0
 10
16.35219820461488
 20
9.930018343032621
 30
0.0
 10
16.6750208097732
 20
9.963960608004875
 30
0.0
 10
16.6750208097732
 20
9.963960608004875
 30
0.0
 10
16.69382113993055
 20
9.965937500687623
 30
0.0
 10
16.71013925187596
 20
9.977793473822407
 30
0.0
 10
16.71782881265828
 20
9.995062687812435
 30
0.0
 10
16.71782881265828
 20
9.995062687812435
 30
0.0
 10
17.39235697682341
 20
11.50999901801706
 30
0.0
 10
17.39235697682341
 20
11.50999901801706
 30
0.0
 10
17.39235731325852
 20
11.50999969088727
 30
0.0
 10
17.39235748147607
 20
11.51000036375748
 30
0.0
 10
17.39235781791118
 20
11.51000103662769
 30
0.0
 10
17.39235781791118
 20
11.51000103662769
 30
0.0
 10
17.57407331557142
 20
11.91816276146394
 30
0.0
 10
17.57407331557142
 20
11.91816276146394
 30
0.0
 10
17.57407348378897
 20
11.91816309789905
 30
0.0
 10
17.57407348378897
 20
11.91816309789905
 30
0.0
 10
17.57407365200652
 20
11.91816343433415
 30
0.0
 10
17.57407365200652
 20
11.91816343433415
 30
0.0
 10
17.84957733237876
 20
12.53696717902537
 30
0.0
 10
17.84957733237876
 20
12.53696717902537
 30
0.0
 10
17.8585704109792
 20
12.55716640635339
 30
0.0
 10
17.87917420152216
 20
12.56964478443424
 30
0.0
 10
17.90124131655859
 20
12.56825665318696
 30
0.0
 10
17.90124131655859
 20
12.56825665318696
 30
0.0
 10
18.38829387761397
 20
12.53761986313098
 30
0.0
 10
18.38829387761397
 20
12.53761986313098
 30
0.0
 10
18.38829438226663
 20
12.53761986313098
 30
0.0
 10
18.38829471870174
 20
12.53761986313098
 30
0.0
 10
18.3882952233544
 20
12.53761986313098
 30
0.0
 10
18.3882952233544
 20
12.53761986313098
 30
0.0
 10
18.84738683096922
 20
12.50873051701546
 30
0.0
 10
18.84738683096922
 20
12.50873051701546
 30
0.0
 10
18.84738683096922
 20
12.50873051701546
 30
0.0
 10
20.80494256956471
 20
12.3855639797614
 30
0.0
 10
20.80494256956471
 20
12.3855639797614
 30
0.0
 10
20.82381094372225
 20
12.38437670027239
 30
0.0
 10
20.84187944341531
 20
12.39334606019786
 30
0.0
 10
20.85234148179724
 20
12.40909324176842
 30
0.0
 10
20.85234148179724
 20
12.40909324176842
 30
0.0
 10
21.03928694728874
 20
12.69048117214428
 30
0.0
 10
21.03928694728874
 20
12.69048117214428
 30
0.0
 10
21.05545929872449
 20
12.71482359780246
 30
0.0
 10
21.04883598490181
 20
12.74766740215368
 30
0.0
 10
21.02449347513485
 20
12.76383983769821
 30
0.0
 10
21.0167568134377
 20
12.76897989324739
 30
0.0
 10
21.00780343417977
 20
12.77199300605656
 30
0.0
 10
20.99853330126956
 20
12.77257604809523
 30
0.0
 10
20.99853330126956
 20
12.77257604809523
 30
0.0
 10
17.66209079512807
 20
12.98246478974791
 30
0.0
 10
17.66209079512807
 20
12.98246478974791
 30
0.0
 10
17.64002384830919
 20
12.98385292099519
 30
0.0
 10
17.61941988954868
 20
12.97137487934944
 30
0.0
 10
17.61042664273069
 20
12.95117598845653
 30
0.0
  0
SPLINE
  5
8F
330
79
100
AcDbEntity
  8
Layer 1
 62
     1
420
 16711680
370
     0
100
AcDbSpline
210
0.0
220
0.0
230
1.0
 70
     9
 71
     3
 72
    71
 73
    67
 74
     0
 42
0.0000000001
 43
0.0000000001
 40
0.0
 40
0.0
 40
0.0
 40
0.0
 40
1.0
 40
1.0
 40
1.0
 40
2.0
 40
2.0
 40
2.0
 40
3.0
 40
3.0
 40
3.0
 40
4.0
 40
4.0
 40
4.0
 40
5.0
 40
5.0
 40
5.0
 40
6.0
 40
6.0
 40
6.0
 40
7.0
 40
7.0
 40
7.0
 40
8.0
 40
8.0
 40
8.0
 40
9.0
 40
9.0
 40
9.0
 40
10.0
 40
10.0
 40
10.0
 40
11.0
 40
11.0
 40
11.0
 40
12.0
 40
12.0
 40
12.0
 40
13.0
 40
13.0
 40
13.0
 40
14.0
 40
14.0
 40
14.0
 40
15.0
 40
15.0
 40
15.0
 40
16.0
 40
16.0
 40
16.0
 40
17.0
 40
17.0
 40
17.0
 40
18.0
 40
18.0
 40
18.0
 40
19.0
 40
19.0
 40
19.0
 40
20.0
 40
20.0
 40
20.0
 40
21.0
 40
21.0
 40
21.0
 40
22.0
 40
22.0
 40
22.0
 40
22.0
 10
19.63429723122935
 20
9.082547058378155
 30
0.0
 10
19.63429723122935
 20
9.082547058378155
 30
0.0
 10
17.74040599088087
 20
11.68923414785845
 30
0.0
 10
17.74040599088087
 20
11.68923414785845
 30
0.0
 10
17.72322778258702
 20
11.71287779780151
 30
0.0
 10
17.69013535269247
 20
11.71811878388249
 30
0.0
 10
17.66649187096697
 20
11.70094074380618
 30
0.0
 10
17.65897675178711
 20
11.69548073847121
 30
0.0
 10
17.65303143881175
 20
11.68813871515338
 30
0.0
 10
17.64925344078914
 20
11.6796524760401
 30
0.0
 10
17.64925344078914
 20
11.6796524760401
 30
0.0
 10
17.5172410152935
 20
11.3831313581621
 30
0.0
 10
17.5172410152935
 20
11.3831313581621
 30
0.0
 10
17.50955229559896
 20
11.36586079843165
 30
0.0
 10
17.51166073440814
 20
11.3458005188024
 30
0.0
 10
17.5227725130885
 20
11.33050617888448
 30
0.0
 10
17.5227725130885
 20
11.33050617888448
 30
0.0
 10
18.49749961960145
 20
9.988889776487887
 30
0.0
 10
18.49749961960145
 20
9.988889776487887
 30
0.0
 10
18.49750004014533
 20
9.988889103617674
 30
0.0
 10
18.49750037658044
 20
9.988888430747463
 30
0.0
 10
18.49750079712432
 20
9.98888775787725
 30
0.0
 10
18.49750079712432
 20
9.98888775787725
 30
0.0
 10
18.7601053032069
 20
9.627409768346987
 30
0.0
 10
18.7601053032069
 20
9.627409768346987
 30
0.0
 10
18.76010606018589
 20
9.627408422606563
 30
0.0
 10
18.76010690127366
 20
9.627407749736352
 30
0.0
 10
18.76010765825265
 20
9.627406403995928
 30
0.0
 10
18.76010765825265
 20
9.627406403995928
 30
0.0
 10
19.15599480057349
 20
9.082547731248368
 30
0.0
 10
19.15599480057349
 20
9.082547731248368
 30
0.0
 10
19.17007368456227
 20
9.063171087754472
 30
0.0
 10
19.1693822263107
 20
9.036754203232812
 30
0.0
 10
19.15430892425742
 20
9.018140594559282
 30
0.0
 10
19.15430892425742
 20
9.018140594559282
 30
0.0
 10
18.5826386445001
 20
8.312196793067814
 30
0.0
 10
18.5826386445001
 20
8.312196793067814
 30
0.0
 10
18.58263805573866
 20
8.312196120197601
 30
0.0
 10
18.58263738286845
 20
8.31219544732739
 30
0.0
 10
18.58263679410702
 20
8.312194774457177
 30
0.0
 10
18.58263679410702
 20
8.312194774457177
 30
0.0
 10
18.31253256075068
 20
7.978610619563834
 30
0.0
 10
18.31253256075068
 20
7.978610619563834
 30
0.0
 10
18.31253205609802
 20
7.978609946693622
 30
0.0
 10
18.31253138322781
 20
7.978609273823411
 30
0.0
 10
18.31253087857515
 20
7.978608600953199
 30
0.0
 10
18.31253087857515
 20
7.978608600953199
 30
0.0
 10
17.51026738841672
 20
6.987896032705868
 30
0.0
 10
17.51026738841672
 20
6.987896032705868
 30
0.0
 10
17.4983696973288
 20
6.973203911627659
 30
0.0
 10
17.4952142724698
 20
6.953280224651439
 30
0.0
 10
17.50198973906916
 20
6.935630166121441
 30
0.0
 10
17.50198973906916
 20
6.935630166121441
 30
0.0
 10
17.61201512108358
 20
6.649016389244377
 30
0.0
 10
17.61201512108358
 20
6.649016389244377
 30
0.0
 10
17.62248885058544
 20
6.621732847889708
 30
0.0
 10
17.65309738009253
 20
6.608105207486824
 30
0.0
 10
17.68038108966475
 20
6.618579105206237
 30
0.0
 10
17.68905287273897
 20
6.621907794144818
 30
0.0
 10
17.696695500824
 20
6.627460992004148
 30
0.0
 10
17.70254106079043
 20
6.634679543638085
 30
0.0
 10
17.70254106079043
 20
6.634679543638085
 30
0.0
 10
19.63261106053256
 20
9.018141940299706
 30
0.0
 10
19.63261106053256
 20
9.018141940299706
 30
0.0
 10
19.64768339533491
 20
9.036754876103023
 30
0.0
 10
19.64837497974964
 20
9.063171087754472
 30
0.0
 10
19.63429723122935
 20
9.082547058378155
 30
0.0
  0
SPLINE
  5
90
330
79
100
AcDbEntity
  8
Layer 1
 62
     1
420
 16711680
370
     0
100
AcDbSpline
210
0.0
220
0.0
230
1.0
 70
     9
 71
     3
 72
    38
 73
    34
 74
     0
 42
0.0000000001
 43
0.0000000001
 40
0.0
 40
0.0
 40
0.0
 40
0.0
 40
1.0
 40
1.0
 40
1.0
 40
2.0
 40
2.0
 40
2.0
 40
3.0
 40
3.0
 40
3.0
 40
4.0
 40
4.0
 40
4.0
 40
5.0
 40
5.0
 40
5.0
 40
6.0
 40
6.0
 40
6.0
 40
7.0
 40
7.0
 40
7.0
 40
8.0
 40
8.0
 40
8.0
 40
9.0
 40
9.0
 40
9.0
 40
10.0
 40
10.0
 40
10.0
 40
11.0
 40
11.0
 40
11.0
 40
11.0
 10
10.03796462231927
 20
30.84812338375748
 30
0.0
 10
10.03796462231927
 20
30.84812338375748
 30
0.0
 10
9.660759637324801
 20
30.74706769810363
 30
0.0
 10
9.660759637324801
 20
30.74706769810363
 30
0.0
 10
9.660758964454588
 20
30.74706769810363
 30
0.0
 10
9.660758291584377
 20
30.74706769810363
 30
0.0
 10
9.660757618714164
 20
30.74706769810363
 30
0.0
 10
9.660757618714164
 20
30.74706769810363
 30
0.0
 10
8.298519090061329
 20
30.38206656014353
 30
0.0
 10
8.298519090061329
 20
30.38206656014353
 30
0.0
 10
8.298519090061329
 20
30.38206656014353
 30
0.0
 10
8.059368905065914
 20
29.96782074285071
 30
0.0
 10
8.059368905065914
 20
29.96782074285071
 30
0.0
 10
8.059368905065914
 20
29.96782074285071
 30
0.0
 10
10.73480448984288
 20
30.68469935815679
 30
0.0
 10
10.73480448984288
 20
30.68469935815679
 30
0.0
 10
10.76303341384536
 20
30.69226376507968
 30
0.0
 10
10.7797858635126
 20
30.72127927435994
 30
0.0
 10
10.77222212945992
 20
30.74950887123263
 30
0.0
 10
10.76981796419258
 20
30.75848092263894
 30
0.0
 10
10.7650944153046
 20
30.76666167867599
 30
0.0
 10
10.75852652916563
 20
30.77323023768517
 30
0.0
 10
10.75852652916563
 20
30.77323023768517
 30
0.0
 10
10.56878722244529
 20
30.9629688715353
 30
0.0
 10
10.56878722244529
 20
30.9629688715353
 30
0.0
 10
10.55541930994422
 20
30.97633745690658
 30
0.0
 10
10.53593500721641
 20
30.98155892975141
 30
0.0
 10
10.51767330966374
 20
30.97666581757002
 30
0.0
 10
10.51767330966374
 20
30.97666581757002
 30
0.0
 10
10.03796731380012
 20
30.84812338375748
 30
0.0
 10
10.03796731380012
 20
30.84812338375748
 30
0.0
 10
10.0379666409299
 20
30.84812338375748
 30
0.0
 10
10.03796529518948
 20
30.84812338375748
 30
0.0
 10
10.03796462231927
 20
30.84812338375748
 30
0.0
  0
SPLINE
  5
91
330
79
100
AcDbEntity
  8
Layer 1
 62
     1
420
 16711680
370
     0
100
AcDbSpline
210
0.0
220
0.0
230
1.0
 70
     9
 71
     3
 72
    71
 73
    67
 74
     0
 42
0.0000000001
 43
0.0000000001
 40
0.0
 40
0.0
 40
0.0
 40
0.0
 40
1.0
 40
1.0
 40
1.0
 40
2.0
 40
2.0
 40
2.0
 40
3.0
 40
3.0
 40
3.0
 40
4.0
 40
4.0
 40
4.0
 40
5.0
 40
5.0
 40
5.0
 40
6.0
 40
6.0
 40
6.0
 40
7.0
 40
7.0
 40
7.0
 40
8.0
 40
8.0
 40
8.0
 40
9.0
 40
9.0
 40
9.0
 40
10.0
 40
10.0
 40
10.0
 40
11.0
 40
11.0
 40
11.0
 40
12.0
 40
12.0
 40
12.0
 40
13.0
 40
13.0
 40
13.0
 40
14.0
 40
14.0
 40
14.0
 40
15.0
 40
15.0
 40
15.0
 40
16.0
 40
16.0
 40
16.0
 40
17.0
 40
17.0
 40
17.0
 40
18.0
 40
18.0
 40
18.0
 40
19.0
 40
19.0
 40
19.0
 40
20.0
 40
20.0
 40
20.0
 40
21.0
 40
21.0
 40
21.0
 40
22.0
 40
22.0
 40
22.0
 40
22.0
 10
20.00053680784176
 20
9.289725142381943
 30
0.0
 10
20.00053680784176
 20
9.289725142381943
 30
0.0
 10
18.51410849558721
 20
12.28413821549096
 30
0.0
 10
18.51410849558721
 20
12.28413821549096
 30
0.0
 10
18.50111402605379
 20
12.31031555821717
 30
0.0
 10
18.51180071897773
 20
12.34207032213033
 30
0.0
 10
18.53797797759516
 20
12.35506479166376
 30
0.0
 10
18.54629827009241
 20
12.35919520545989
 30
0.0
 10
18.55555923514599
 20
12.36106242029809
 30
0.0
 10
18.56482995681763
 20
12.36047904182432
 30
0.0
 10
18.56482995681763
 20
12.36047904182432
 30
0.0
 10
18.90195694159451
 20
12.33926445334645
 30
0.0
 10
18.90195694159451
 20
12.33926445334645
 30
0.0
 10
18.92082472699061
 20
12.33807717385744
 30
0.0
 10
18.93762595974822
 20
12.32691425704097
 30
0.0
 10
18.94603179087116
 20
12.30998080528672
 30
0.0
 10
18.94603179087116
 20
12.30998080528672
 30
0.0
 10
19.81814545410799
 20
10.55309414069959
 30
0.0
 10
19.81814545410799
 20
10.55309414069959
 30
0.0
 10
19.81814591670626
 20
10.55309279495917
 30
0.0
 10
19.81814637930453
 20
10.55309212208896
 30
0.0
 10
19.8181468471596
 20
10.55309077634853
 30
0.0
 10
19.8181468471596
 20
10.55309077634853
 30
0.0
 10
20.02270534754904
 20
10.1410661036254
 30
0.0
 10
20.02270534754904
 20
10.1410661036254
 30
0.0
 10
20.02270568398415
 20
10.14106543075519
 30
0.0
 10
20.02270600990566
 20
10.14106475788498
 30
0.0
 10
20.02270634634077
 20
10.14106408501477
 30
0.0
 10
20.02270634634077
 20
10.14106408501477
 30
0.0
 10
20.23968791803372
 20
9.703969613934335
 30
0.0
 10
20.23968791803372
 20
9.703969613934335
 30
0.0
 10
20.24951897237437
 20
9.684165697855844
 30
0.0
 10
20.27062609086308
 20
9.672562051050544
 30
0.0
 10
20.29261469035665
 20
9.674872014488212
 30
0.0
 10
20.29261469035665
 20
9.674872014488212
 30
0.0
 10
20.96625731526845
 20
9.745643830512253
 30
0.0
 10
20.96625731526845
 20
9.745643830512253
 30
0.0
 10
20.96625874511765
 20
9.745643830512253
 30
0.0
 10
20.96626017496685
 20
9.745644503382466
 30
0.0
 10
20.96626160481605
 20
9.745644503382466
 30
0.0
 10
20.96626160481605
 20
9.745644503382466
 30
0.0
 10
21.41061928929075
 20
9.792364573679895
 30
0.0
 10
21.41061928929075
 20
9.792364573679895
 30
0.0
 10
21.41061979394341
 20
9.792364573679895
 30
0.0
 10
21.41062013037851
 20
9.792364573679895
 30
0.0
 10
21.41062063503117
 20
9.792364573679895
 30
0.0
 10
21.41062063503117
 20
9.792364573679895
 30
0.0
 10
23.0598374679984
 20
9.965721509349583
 30
0.0
 10
23.0598374679984
 20
9.965721509349583
 30
0.0
 10
23.07863914389617
 20
9.967697729162116
 30
0.0
 10
23.09706670395609
 20
9.959493422667653
 30
0.0
 10
23.10817915550666
 20
9.944199082749738
 30
0.0
 10
23.10817915550666
 20
9.944199082749738
 30
0.0
 10
23.29898967160445
 20
9.681584567722754
 30
0.0
 10
23.29898967160445
 20
9.681584567722754
 30
0.0
 10
23.31616838455097
 20
9.657941254214803
 30
0.0
 10
23.3109277349051
 20
9.624848824320258
 30
0.0
 10
23.28728442139714
 20
9.607670447808846
 30
0.0
 10
23.27976947043484
 20
9.602210106038768
 30
0.0
 10
23.27094982413154
 20
9.59882422313217
 30
0.0
 10
23.26171165255639
 20
9.597853271416308
 30
0.0
 10
23.26171165255639
 20
9.597853271416308
 30
0.0
 10
20.05346667116223
 20
9.26062687006561
 30
0.0
 10
20.05346667116223
 20
9.26062687006561
 30
0.0
 10
20.03147683106421
 20
9.258315560887517
 30
0.0
 10
20.01036807245436
 20
9.269919880563028
 30
0.0
 10
20.00053680784176
 20
9.289725142381943
 30
0.0
  0
SPLINE
  5
92
330
79
100
AcDbEntity
  8
Layer 1
 62
     1
420
 16711680
370
     0
100
AcDbSpline
210
0.0
220
0.0
230
1.0
 70
     9
 71
     3
 72
    71
 73
    67
 74
     0
 42
0.0000000001
 43
0.0000000001
 40
0.0
 40
0.0
 40
0.0
 40
0.0
 40
1.0
 40
1.0
 40
1.0
 40
2.0
 40
2.0
 40
2.0
 40
3.0
 40
3.0
 40
3.0
 40
4.0
 40
4.0
 40
4.0
 40
5.0
 40
5.0
 40
5.0
 40
6.0
 40
6.0
 40
6.0
 40
7.0
 40
7.0
 40
7.0
 40
8.0
 40
8.0
 40
8.0
 40
9.0
 40
9.0
 40
9.0
 40
10.0
 40
10.0
 40
10.0
 40
11.0
 40
11.0
 40
11.0
 40
12.0
 40
12.0
 40
12.0
 40
13.0
 40
13.0
 40
13.0
 40
14.0
 40
14.0
 40
14.0
 40
15.0
 40
15.0
 40
15.0
 40
16.0
 40
16.0
 40
16.0
 40
17.0
 40
17.0
 40
17.0
 40
18.0
 40
18.0
 40
18.0
 40
19.0
 40
19.0
 40
19.0
 40
20.0
 40
20.0
 40
20.0
 40
21.0
 40
21.0
 40
21.0
 40
22.0
 40
22.0
 40
22.0
 40
22.0
 10
20.08782792400459
 20
10.38252356057764
 30
0.0
 10
20.08782792400459
 20
10.38252356057764
 30
0.0
 10
19.93760937845876
 20
10.68509580027183
 30
0.0
 10
19.93760937845876
 20
10.68509580027183
 30
0.0
 10
19.92920200709384
 20
10.7020299248963
 30
0.0
 10
19.93046814118922
 20
10.72216354737865
 30
0.0
 10
19.94093079461657
 20
10.73791072894922
 30
0.0
 10
19.94093079461657
 20
10.73791072894922
 30
0.0
 10
21.0263719605491
 20
12.37163018341207
 30
0.0
 10
21.0263719605491
 20
12.37163018341207
 30
0.0
 10
21.02637212876665
 20
12.37163051984718
 30
0.0
 10
21.02637238109298
 20
12.37163051984718
 30
0.0
 10
21.02637254931053
 20
12.37163085628228
 30
0.0
 10
21.02637254931053
 20
12.37163085628228
 30
0.0
 10
21.28094231219207
 20
12.75480554579729
 30
0.0
 10
21.28094231219207
 20
12.75480554579729
 30
0.0
 10
21.28094281684473
 20
12.7548062186675
 30
0.0
 10
21.28094340560616
 20
12.75480722797282
 30
0.0
 10
21.28094391025882
 20
12.75480790084303
 30
0.0
 10
21.28094391025882
 20
12.75480790084303
 30
0.0
 10
21.55299543000858
 20
13.16424740621179
 30
0.0
 10
21.55299543000858
 20
13.16424740621179
 30
0.0
 10
21.56422950284996
 20
13.18115495246289
 30
0.0
 10
21.56480144253013
 20
13.20299867458895
 30
0.0
 10
21.55446767003236
 20
13.22047075894788
 30
0.0
 10
21.55446767003236
 20
13.22047075894788
 30
0.0
 10
21.42535245545189
 20
13.43877542477669
 30
0.0
 10
21.42535245545189
 20
13.43877542477669
 30
0.0
 10
21.42535195079923
 20
13.438776434082
 30
0.0
 10
21.42535127792902
 20
13.43877744338732
 30
0.0
 10
21.42535077327636
 20
13.43877845269264
 30
0.0
 10
21.42535077327636
 20
13.43877845269264
 30
0.0
 10
21.1833702438431
 20
13.84797202399893
 30
0.0
 10
21.1833702438431
 20
13.84797202399893
 30
0.0
 10
21.18336990740799
 20
13.84797269686914
 30
0.0
 10
21.18336957097289
 20
13.84797303330425
 30
0.0
 10
21.18336923453778
 20
13.84797370617446
 30
0.0
 10
21.18336923453778
 20
13.84797370617446
 30
0.0
 10
19.99479023339167
 20
15.85770682892151
 30
0.0
 10
19.99479023339167
 20
15.85770682892151
 30
0.0
 10
19.9851664073059
 20
15.87397952212762
 30
0.0
 10
19.98495506297776
 20
15.89415032068918
 30
0.0
 10
19.9942358198778
 20
15.91062100595516
 30
0.0
 10
19.9942358198778
 20
15.91062100595516
 30
0.0
 10
20.16761708401109
 20
16.21832362868923
 30
0.0
 10
20.16761708401109
 20
16.21832362868923
 30
0.0
 10
20.18196374931704
 20
16.24378495340113
 30
0.0
 10
20.21423447851962
 20
16.2527951060832
 30
0.0
 10
20.23969578220432
 20
16.23844850385883
 30
0.0
 10
20.24778828710763
 20
16.23388863064991
 30
0.0
 10
20.25453797436699
 20
16.22727885834025
 30
0.0
 10
20.25926635950962
 20
16.21928364626415
 30
0.0
 10
20.25926635950962
 20
16.21928364626415
 30
0.0
 10
22.03277056328648
 20
13.22046941320746
 30
0.0
 10
22.03277056328648
 20
13.22046941320746
 30
0.0
 10
22.04310332647894
 20
13.20299800171873
 30
0.0
 10
22.04253138679877
 20
13.1811556253331
 30
0.0
 10
22.03129849148026
 20
13.16424875195222
 30
0.0
 10
22.03129849148026
 20
13.16424875195222
 30
0.0
 10
20.1793001295014
 20
10.37677119313557
 30
0.0
 10
20.1793001295014
 20
10.37677119313557
 30
0.0
 10
20.16312723135861
 20
10.35242876747739
 30
0.0
 10
20.13028327981702
 20
10.34580637885125
 30
0.0
 10
20.10594108545797
 20
10.36197948726599
 30
0.0
 10
20.09820505457665
 20
10.36711886994496
 30
0.0
 10
20.0919580854744
 20
10.37420486614714
 30
0.0
 10
20.08782792400459
 20
10.38252356057764
 30
0.0
  0
SPLINE
  5
93
330
79
100
AcDbEntity
  8
Layer 1
 62
     1
420
 16711680
370
     0
100
AcDbSpline
210
0.0
220
0.0
230
1.0
 70
     9
 71
     3
 72
    71
 73
    67
 74
     0
 42
0.0000000001
 43
0.0000000001
 40
0.0
 40
0.0
 40
0.0
 40
0.0
 40
1.0
 40
1.0
 40
1.0
 40
2.0
 40
2.0
 40
2.0
 40
3.0
 40
3.0
 40
3.0
 40
4.0
 40
4.0
 40
4.0
 40
5.0
 40
5.0
 40
5.0
 40
6.0
 40
6.0
 40
6.0
 40
7.0
 40
7.0
 40
7.0
 40
8.0
 40
8.0
 40
8.0
 40
9.0
 40
9.0
 40
9.0
 40
10.0
 40
10.0
 40
10.0
 40
11.0
 40
11.0
 40
11.0
 40
12.0
 40
12.0
 40
12.0
 40
13.0
 40
13.0
 40
13.0
 40
14.0
 40
14.0
 40
14.0
 40
15.0
 40
15.0
 40
15.0
 40
16.0
 40
16.0
 40
16.0
 40
17.0
 40
17.0
 40
17.0
 40
18.0
 40
18.0
 40
18.0
 40
19.0
 40
19.0
 40
19.0
 40
20.0
 40
20.0
 40
20.0
 40
21.0
 40
21.0
 40
21.0
 40
22.0
 40
22.0
 40
22.0
 40
22.0
 10
22.39275629490416
 20
12.94965193742643
 30
0.0
 10
22.39275629490416
 20
12.94965193742643
 30
0.0
 10
21.08133141070079
 20
10.00416864039093
 30
0.0
 10
21.08133141070079
 20
10.00416864039093
 30
0.0
 10
21.06944414910115
 20
9.977470496120666
 30
0.0
 10
21.08145092927219
 20
9.946190778577149
 30
0.0
 10
21.10814915765123
 20
9.9343031805424
 30
0.0
 10
21.11663573319961
 20
9.930525014302229
 30
0.0
 10
21.12596751784299
 20
9.929046718446546
 30
0.0
 10
21.13520636228835
 20
9.930018343032621
 30
0.0
 10
21.13520636228835
 20
9.930018343032621
 30
0.0
 10
21.45802888333788
 20
9.963960608004875
 30
0.0
 10
21.45802888333788
 20
9.963960608004875
 30
0.0
 10
21.47682938171278
 20
9.965937500687623
 30
0.0
 10
21.49314749365821
 20
9.977792800952196
 30
0.0
 10
21.50083705444052
 20
9.995062687812435
 30
0.0
 10
21.50083705444052
 20
9.995062687812435
 30
0.0
 10
22.17536521860565
 20
11.50999901801706
 30
0.0
 10
22.17536521860565
 20
11.50999901801706
 30
0.0
 10
22.17536555504076
 20
11.50999969088727
 30
0.0
 10
22.17536572325831
 20
11.51000036375748
 30
0.0
 10
22.17536605969342
 20
11.51000103662769
 30
0.0
 10
22.17536605969342
 20
11.51000103662769
 30
0.0
 10
22.35708155735366
 20
11.91816276146394
 30
0.0
 10
22.35708155735366
 20
11.91816276146394
 30
0.0
 10
22.35708172557121
 20
11.91816309789905
 30
0.0
 10
22.35708172557121
 20
11.91816309789905
 30
0.0
 10
22.35708189378877
 20
11.91816343433415
 30
0.0
 10
22.35708189378877
 20
11.91816343433415
 30
0.0
 10
22.63190664811713
 20
12.53544245512506
 30
0.0
 10
22.63190664811713
 20
12.53544245512506
 30
0.0
 10
22.64123111529696
 20
12.55638554047241
 30
0.0
 10
22.6629808038109
 20
12.56894264436806
 30
0.0
 10
22.68578033807305
 20
12.56654621710815
 30
0.0
 10
22.68578033807305
 20
12.56654621710815
 30
0.0
 10
23.35776286600877
 20
12.49591233947757
 30
0.0
 10
23.35776286600877
 20
12.49591233947757
 30
0.0
 10
23.35776320244388
 20
12.49591233947757
 30
0.0
 10
23.35776387531409
 20
12.49591200304246
 30
0.0
 10
23.35776421174919
 20
12.49591200304246
 30
0.0
 10
23.35776421174919
 20
12.49591200304246
 30
0.0
 10
23.80212298963799
 20
12.44919193274503
 30
0.0
 10
23.80212298963799
 20
12.44919193274503
 30
0.0
 10
23.8021236625082
 20
12.44919193274503
 30
0.0
 10
23.80212467181352
 20
12.44919159630992
 30
0.0
 10
23.80212534468373
 20
12.44919159630992
 30
0.0
 10
23.80212534468373
 20
12.44919159630992
 30
0.0
 10
25.45134234586851
 20
12.27587267780721
 30
0.0
 10
25.45134234586851
 20
12.27587267780721
 30
0.0
 10
25.47014334889607
 20
12.27389679442978
 30
0.0
 10
25.48857057252089
 20
12.28210076448914
 30
0.0
 10
25.49968268763635
 20
12.29739476797195
 30
0.0
 10
25.49968268763635
 20
12.29739476797195
 30
0.0
 10
25.69049286729903
 20
12.56000928299894
 30
0.0
 10
25.69049286729903
 20
12.56000928299894
 30
0.0
 10
25.70767124381044
 20
12.58365259650689
 30
0.0
 10
25.70243093059968
 20
12.61674502640143
 30
0.0
 10
25.67878761709172
 20
12.63392373934795
 30
0.0
 10
25.67127232969431
 20
12.63938374468292
 30
0.0
 10
25.66245301982612
 20
12.64276962758952
 30
0.0
 10
25.65321451181587
 20
12.64374057930538
 30
0.0
 10
25.65321451181587
 20
12.64374057930538
 30
0.0
 10
22.44662914377231
 20
12.98075536297442
 30
0.0
 10
22.44662914377231
 20
12.98075536297442
 30
0.0
 10
22.42382994594527
 20
12.98315145379922
 30
0.0
 10
22.402080762084
 20
12.97059468633867
 30
0.0
 10
22.39275629490416
 20
12.94965193742643
 30
0.0
  0
SPLINE
  5
94
330
79
100
AcDbEntity
  8
Layer 1
 62
     1
420
 16711680
370
     0
100
AcDbSpline
210
0.0
220
0.0
230
1.0
 70
     9
 71
     3
 72
    71
 73
    67
 74
     0
 42
0.0000000001
 43
0.0000000001
 40
0.0
 40
0.0
 40
0.0
 40
0.0
 40
1.0
 40
1.0
 40
1.0
 40
2.0
 40
2.0
 40
2.0
 40
3.0
 40
3.0
 40
3.0
 40
4.0
 40
4.0
 40
4.0
 40
5.0
 40
5.0
 40
5.0
 40
6.0
 40
6.0
 40
6.0
 40
7.0
 40
7.0
 40
7.0
 40
8.0
 40
8.0
 40
8.0
 40
9.0
 40
9.0
 40
9.0
 40
10.0
 40
10.0
 40
10.0
 40
11.0
 40
11.0
 40
11.0
 40
12.0
 40
12.0
 40
12.0
 40
13.0
 40
13.0
 40
13.0
 40
14.0
 40
14.0
 40
14.0
 40
15.0
 40
15.0
 40
15.0
 40
16.0
 40
16.0
 40
16.0
 40
17.0
 40
17.0
 40
17.0
 40
18.0
 40
18.0
 40
18.0
 40
19.0
 40
19.0
 40
19.0
 40
20.0
 40
20.0
 40
20.0
 40
21.0
 40
21.0
 40
21.0
 40
22.0
 40
22.0
 40
22.0
 40
22.0
 10
24.41730534684842
 20
9.082547058378155
 30
0.0
 10
24.41730534684842
 20
9.082547058378155
 30
0.0
 10
22.52341423266312
 20
11.68923414785845
 30
0.0
 10
22.52341423266312
 20
11.68923414785845
 30
0.0
 10
22.50623602436926
 20
11.71287779780151
 30
0.0
 10
22.47314359447471
 20
11.71811878388249
 30
0.0
 10
22.44950011274921
 20
11.70094074380618
 30
0.0
 10
22.44198499356935
 20
11.69548073847121
 30
0.0
 10
22.43603968059399
 20
11.68813871515338
 30
0.0
 10
22.43226168257137
 20
11.6796524760401
 30
0.0
 10
22.43226168257137
 20
11.6796524760401
 30
0.0
 10
22.30024925707574
 20
11.3831313581621
 30
0.0
 10
22.30024925707574
 20
11.3831313581621
 30
0.0
 10
22.2925605373812
 20
11.36586079843165
 30
0.0
 10
22.29466897619039
 20
11.3458005188024
 30
0.0
 10
22.30578075487074
 20
11.33050617888448
 30
0.0
 10
22.30578075487074
 20
11.33050617888448
 30
0.0
 10
23.28050794549247
 20
9.988889776487887
 30
0.0
 10
23.28050794549247
 20
9.988889776487887
 30
0.0
 10
23.28050828192758
 20
9.988889103617674
 30
0.0
 10
23.28050861836268
 20
9.988888430747463
 30
0.0
 10
23.28050895479779
 20
9.98888775787725
 30
0.0
 10
23.28050895479779
 20
9.98888775787725
 30
0.0
 10
23.5431133767716
 20
9.627409768346987
 30
0.0
 10
23.5431133767716
 20
9.627409768346987
 30
0.0
 10
23.5431140496418
 20
9.627408422606563
 30
0.0
 10
23.54311505894712
 20
9.627407749736352
 30
0.0
 10
23.54311573181734
 20
9.627406403995928
 30
0.0
 10
23.54311573181734
 20
9.627406403995928
 30
0.0
 10
23.93900295824695
 20
9.082547731248368
 30
0.0
 10
23.93900295824695
 20
9.082547731248368
 30
0.0
 10
23.95308175812696
 20
9.063171087754472
 30
0.0
 10
23.95239038398417
 20
9.036754203232812
 30
0.0
 10
23.93731708193088
 20
9.018140594559282
 30
0.0
 10
23.93731708193088
 20
9.018140594559282
 30
0.0
 10
23.36564688628234
 20
8.312196793067814
 30
0.0
 10
23.36564688628234
 20
8.312196793067814
 30
0.0
 10
23.36564621341213
 20
8.312196120197601
 30
0.0
 10
23.36564554054191
 20
8.31219544732739
 30
0.0
 10
23.36564486767171
 20
8.312194774457177
 30
0.0
 10
23.36564486767171
 20
8.312194774457177
 30
0.0
 10
23.09554063431536
 20
7.978610619563834
 30
0.0
 10
23.09554063431536
 20
7.978610619563834
 30
0.0
 10
23.09553996144515
 20
7.978609946693622
 30
0.0
 10
23.09553962501004
 20
7.978609273823411
 30
0.0
 10
23.09553895213984
 20
7.978608600953199
 30
0.0
 10
23.09553895213984
 20
7.978608600953199
 30
0.0
 10
22.29327563019896
 20
6.987896032705868
 30
0.0
 10
22.29327563019896
 20
6.987896032705868
 30
0.0
 10
22.28137793911104
 20
6.973203911627659
 30
0.0
 10
22.27822251425203
 20
6.953280224651439
 30
0.0
 10
22.2849979808514
 20
6.935630166121441
 30
0.0
 10
22.2849979808514
 20
6.935630166121441
 30
0.0
 10
22.39502336286582
 20
6.649016389244377
 30
0.0
 10
22.39502336286582
 20
6.649016389244377
 30
0.0
 10
22.40549709236768
 20
6.621732847889708
 30
0.0
 10
22.43610579009232
 20
6.608105207486824
 30
0.0
 10
22.46338949966455
 20
6.618579105206237
 30
0.0
 10
22.47206111452122
 20
6.621907794144818
 30
0.0
 10
22.47970374260624
 20
6.627460992004148
 30
0.0
 10
22.48554913435512
 20
6.634679543638085
 30
0.0
 10
22.48554913435512
 20
6.634679543638085
 30
0.0
 10
24.41561913409724
 20
9.018141940299706
 30
0.0
 10
24.41561913409724
 20
9.018141940299706
 30
0.0
 10
24.43069142684521
 20
9.036754876103023
 30
0.0
 10
24.43138313742311
 20
9.063171087754472
 30
0.0
 10
24.41730534684842
 20
9.082547058378155
 30
0.0
  0
SPLINE
  5
95
330
79
100
AcDbEntity
  8
Layer 1
 62
     1
420
 16711680
370
     0
100
AcDbSpline
210
0.0
220
0.0
230
1.0
 70
     9
 71
     3
 72
    71
 73
    67
 74
     0
 42
0.0000000001
 43
0.0000000001
 40
0.0
 40
0.0
 40
0.0
 40
0.0
 40
1.0
 40
1.0
 40
1.0
 40
2.0
 40
2.0
 40
2.0
 40
3.0
 40
3.0
 40
3.0
 40
4.0
 40
4.0
 40
4.0
 40
5.0
 40
5.0
 40
5.0
 40
6.0
 40
6.0
 40
6.0
 40
7.0
 40
7.0
 40
7.0
 40
8.0
 40
8.0
 40
8.0
 40
9.0
 40
9.0
 40
9.0
 40
10.0
 40
10.0
 40
10.0
 40
11.0
 40
11.0
 40
11.0
 40
12.0
 40
12.0
 40
12.0
 40
13.0
 40
13.0
 40
13.0
 40
14.0
 40
14.0
 40
14.0
 40
15.0
 40
15.0
 40
15.0
 40
16.0
 40
16.0
 40
16.0
 40
17.0
 40
17.0
 40
17.0
 40
18.0
 40
18.0
 40
18.0
 40
19.0
 40
19.0
 40
19.0
 40
20.0
 40
20.0
 40
20.0
 40
21.0
 40
21.0
 40
21.0
 40
22.0
 40
22.0
 40
22.0
 40
22.0
 10
24.78338240427745
 20
9.293876078719543
 30
0.0
 10
24.78338240427745
 20
9.293876078719543
 30
0.0
 10
23.47283174669696
 20
12.23739594047654
 30
0.0
 10
23.47283174669696
 20
12.23739594047654
 30
0.0
 10
23.46094482153243
 20
12.26409442118191
 30
0.0
 10
23.4729518540298
 20
12.29537380229032
 30
0.0
 10
23.49965033473517
 20
12.30726106388996
 30
0.0
 10
23.50813522810802
 20
12.31103889369503
 30
0.0
 10
23.5174652464671
 20
12.3125168531156
 30
0.0
 10
23.52670240873692
 20
12.31154623783485
 30
0.0
 10
23.52670240873692
 20
12.31154623783485
 30
0.0
 10
23.84952972398672
 20
12.27763189697639
 30
0.0
 10
23.84952972398672
 20
12.27763189697639
 30
0.0
 10
23.86833207275471
 20
12.27565668646917
 30
0.0
 10
23.88465253974587
 20
12.26380004046418
 30
0.0
 10
23.89234243696328
 20
12.24652880786351
 30
0.0
 10
23.89234243696328
 20
12.24652880786351
 30
0.0
 10
24.56686891895289
 20
10.73159584200995
 30
0.0
 10
24.56686891895289
 20
10.73159584200995
 30
0.0
 10
24.5668695918231
 20
10.73159449626952
 30
0.0
 10
24.56686992825821
 20
10.73159382339931
 30
0.0
 10
24.56687060112842
 20
10.73159247765889
 30
0.0
 10
24.56687060112842
 20
10.73159247765889
 30
0.0
 10
24.74858492126579
 20
10.32339509070141
 30
0.0
 10
24.74858492126579
 20
10.32339509070141
 30
0.0
 10
24.74858559413601
 20
10.32339374496098
 30
0.0
 10
24.74858593057111
 20
10.32339307209077
 30
0.0
 10
24.74858660344132
 20
10.32339172635035
 30
0.0
 10
24.74858660344132
 20
10.32339172635035
 30
0.0
 10
25.02253326214308
 20
9.708121223142144
 30
0.0
 10
25.02253326214308
 20
9.708121223142144
 30
0.0
 10
25.03227474063677
 20
9.686242848200173
 30
0.0
 10
25.05549616452182
 20
9.6736339332982
 30
0.0
 10
25.07915091682337
 20
9.677379801768198
 30
0.0
 10
25.07915091682337
 20
9.677379801768198
 30
0.0
 10
25.97636312259187
 20
9.819455674153944
 30
0.0
 10
25.97636312259187
 20
9.819455674153944
 30
0.0
 10
25.9763644683323
 20
9.819455674153944
 30
0.0
 10
25.97636514120251
 20
9.819455674153944
 30
0.0
 10
25.97636648694294
 20
9.819455674153944
 30
0.0
 10
25.97636648694294
 20
9.819455674153944
 30
0.0
 10
26.40029221510505
 20
9.886608794178048
 30
0.0
 10
26.40029221510505
 20
9.886608794178048
 30
0.0
 10
26.40029221510505
 20
9.886608794178048
 30
0.0
 10
26.40029288797526
 20
9.886608794178048
 30
0.0
 10
26.40029288797526
 20
9.886608794178048
 30
0.0
 10
26.40029288797526
 20
9.886608794178048
 30
0.0
 10
27.65942280395754
 20
10.08604483352299
 30
0.0
 10
27.65942280395754
 20
10.08604483352299
 30
0.0
 10
27.67809629807994
 20
10.08900277097478
 30
0.0
 10
27.69692993531278
 20
10.08177278054724
 30
0.0
 10
27.70882695353049
 20
10.06707864085839
 30
0.0
 10
27.70882695353049
 20
10.06707864085839
 30
0.0
 10
27.90203288758287
 20
9.828466079162339
 30
0.0
 10
27.90203288758287
 20
9.828466079162339
 30
0.0
 10
27.92042377621624
 20
9.805753345157532
 30
0.0
 10
27.91692014102255
 20
9.772431466520707
 30
0.0
 10
27.89420673414753
 20
9.75404125075755
 30
0.0
 10
27.88698818251359
 20
9.74819602722623
 30
0.0
 10
27.87835862204517
 20
9.744353938315921
 30
0.0
 10
27.86918470957527
 20
9.742901211528293
 30
0.0
 10
27.86918470957527
 20
9.742901211528293
 30
0.0
 10
24.84000207756838
 20
9.263133984475384
 30
0.0
 10
24.84000207756838
 20
9.263133984475384
 30
0.0
 10
24.81634665239662
 20
9.259387443135175
 30
0.0
 10
24.79312388277114
 20
9.271996358037146
 30
0.0
 10
24.78338240427745
 20
9.293876078719543
 30
0.0
  0
SPLINE
  5
96
330
79
100
AcDbEntity
  8
Layer 1
 62
     1
420
 16711680
370
     0
100
AcDbSpline
210
0.0
220
0.0
230
1.0
 70
     9
 71
     3
 72
    65
 73
    61
 74
     0
 42
0.0000000001
 43
0.0000000001
 40
0.0
 40
0.0
 40
0.0
 40
0.0
 40
1.0
 40
1.0
 40
1.0
 40
2.0
 40
2.0
 40
2.0
 40
3.0
 40
3.0
 40
3.0
 40
4.0
 40
4.0
 40
4.0
 40
5.0
 40
5.0
 40
5.0
 40
6.0
 40
6.0
 40
6.0
 40
7.0
 40
7.0
 40
7.0
 40
8.0
 40
8.0
 40
8.0
 40
9.0
 40
9.0
 40
9.0
 40
10.0
 40
10.0
 40
10.0
 40
11.0
 40
11.0
 40
11.0
 40
12.0
 40
12.0
 40
12.0
 40
13.0
 40
13.0
 40
13.0
 40
14.0
 40
14.0
 40
14.0
 40
15.0
 40
15.0
 40
15.0
 40
16.0
 40
16.0
 40
16.0
 40
17.0
 40
17.0
 40
17.0
 40
18.0
 40
18.0
 40
18.0
 40
19.0
 40
19.0
 40
19.0
 40
20.0
 40
20.0
 40
20.0
 40
20.0
 10
25.19214197429703
 20
30.7333249968945
 30
0.0
 10
25.19214197429703
 20
30.7333249968945
 30
0.0
 10
25.00080830160943
 20
30.93283101474149
 30
0.0
 10
25.00080830160943
 20
30.93283101474149
 30
0.0
 10
24.98772299459739
 20
30.94647547689967
 30
0.0
 10
24.96835307980562
 20
30.9521020176121
 30
0.0
 10
24.94999415250731
 20
30.94759244145153
 30
0.0
 10
24.94999415250731
 20
30.94759244145153
 30
0.0
 10
24.31570429988777
 20
30.79179876405449
 30
0.0
 10
24.31570429988777
 20
30.79179876405449
 30
0.0
 10
24.31570429988777
 20
30.79179876405449
 30
0.0
 10
23.92858692736577
 20
30.69671278292118
 30
0.0
 10
23.92858692736577
 20
30.69671278292118
 30
0.0
 10
23.92858692736577
 20
30.69671278292118
 30
0.0
 10
22.6970832118936
 20
30.39423474505666
 30
0.0
 10
22.6970832118936
 20
30.39423474505666
 30
0.0
 10
22.66943463844894
 20
30.38744413887754
 30
0.0
 10
22.64136888547286
 20
30.40374643837297
 30
0.0
 10
22.63356914219334
 20
30.43112687303816
 30
0.0
 10
22.63356914219334
 20
30.43112687303816
 30
0.0
 10
22.27990334404152
 20
31.67267469038186
 30
0.0
 10
22.27990334404152
 20
31.67267469038186
 30
0.0
 10
22.27990317582397
 20
31.67267603612228
 30
0.0
 10
22.27990283938886
 20
31.67267603612228
 30
0.0
 10
22.27990267117131
 20
31.67267738186271
 30
0.0
 10
22.27990267117131
 20
31.67267738186271
 30
0.0
 10
22.17123362728665
 20
32.05408982429258
 30
0.0
 10
22.17123362728665
 20
32.05408982429258
 30
0.0
 10
22.17123329085154
 20
32.05409117003301
 30
0.0
 10
22.17123295441643
 20
32.05409251577343
 30
0.0
 10
22.17123261798133
 20
32.05409386151385
 30
0.0
 10
22.17123261798133
 20
32.05409386151385
 30
0.0
 10
22.00301405568529
 20
32.64466262637068
 30
0.0
 10
22.00301405568529
 20
32.64466262637068
 30
0.0
 10
21.99783480544626
 20
32.66284492523835
 30
0.0
 10
21.98334858265292
 20
32.67688368934074
 30
0.0
 10
21.96501236472427
 20
32.68148881307141
 30
0.0
 10
21.96501236472427
 20
32.68148881307141
 30
0.0
 10
21.69886797256533
 20
32.74833577714908
 30
0.0
 10
21.69886797256533
 20
32.74833577714908
 30
0.0
 10
21.67052331488639
 20
32.75545474399164
 30
0.0
 10
21.64177409399252
 20
32.73824810693133
 30
0.0
 10
21.63465462249729
 20
32.7099041221226
 30
0.0
 10
21.63239192819201
 20
32.70089438998442
 30
0.0
 10
21.6325404642913
 20
32.69144863794889
 30
0.0
 10
21.63508525943294
 20
32.68251561301486
 30
0.0
 10
21.63508525943294
 20
32.68251561301486
 30
0.0
 10
22.39441845254527
 20
30.01688105574535
 30
0.0
 10
22.39441845254527
 20
30.01688105574535
 30
0.0
 10
22.40221819582479
 20
29.98949927533973
 30
0.0
 10
22.43028445345352
 20
29.9731969758443
 30
0.0
 10
22.45793319511574
 20
29.97998892776385
 30
0.0
 10
22.45793319511574
 20
29.97998892776385
 30
0.0
 10
25.16657290624244
 20
30.64530819020806
 30
0.0
 10
25.16657290624244
 20
30.64530819020806
 30
0.0
 10
25.19495423534792
 20
30.652279125604
 30
0.0
 10
25.21231092246551
 20
30.68093801367192
 30
0.0
 10
25.20533965063446
 20
30.70931967921251
 30
0.0
 10
25.20312388902647
 20
30.71834152301451
 30
0.0
 10
25.19857192204254
 20
30.7266205181025
 30
0.0
 10
25.19214197429703
 20
30.7333249968945
 30
0.0
  0
SPLINE
  5
97
330
79
100
AcDbEntity
  8
Layer 1
 62
     1
420
 16711680
370
     0
100
AcDbSpline
210
0.0
220
0.0
230
1.0
 70
     9
 71
     3
 72
    71
 73
    67
 74
     0
 42
0.0000000001
 43
0.0000000001
 40
0.0
 40
0.0
 40
0.0
 40
0.0
 40
1.0
 40
1.0
 40
1.0
 40
2.0
 40
2.0
 40
2.0
 40
3.0
 40
3.0
 40
3.0
 40
4.0
 40
4.0
 40
4.0
 40
5.0
 40
5.0
 40
5.0
 40
6.0
 40
6.0
 40
6.0
 40
7.0
 40
7.0
 40
7.0
 40
8.0
 40
8.0
 40
8.0
 40
9.0
 40
9.0
 40
9.0
 40
10.0
 40
10.0
 40
10.0
 40
11.0
 40
11.0
 40
11.0
 40
12.0
 40
12.0
 40
12.0
 40
13.0
 40
13.0
 40
13.0
 40
14.0
 40
14.0
 40
14.0
 40
15.0
 40
15.0
 40
15.0
 40
16.0
 40
16.0
 40
16.0
 40
17.0
 40
17.0
 40
17.0
 40
18.0
 40
18.0
 40
18.0
 40
19.0
 40
19.0
 40
19.0
 40
20.0
 40
20.0
 40
20.0
 40
21.0
 40
21.0
 40
21.0
 40
22.0
 40
22.0
 40
22.0
 40
22.0
 10
24.82376672865904
 20
10.56190941334651
 30
0.0
 10
24.82376672865904
 20
10.56190941334651
 30
0.0
 10
24.69175194811767
 20
10.85846350186491
 30
0.0
 10
24.69175194811767
 20
10.85846350186491
 30
0.0
 10
24.68406373307578
 20
10.87573406159536
 30
0.0
 10
24.68617284475517
 20
10.89579434122461
 30
0.0
 10
24.69728462343553
 20
10.91108800827231
 30
0.0
 10
24.69728462343553
 20
10.91108800827231
 30
0.0
 10
25.67201181405726
 20
12.25266639350193
 30
0.0
 10
25.67201181405726
 20
12.25266639350193
 30
0.0
 10
25.67201248692747
 20
12.25266706637214
 30
0.0
 10
25.67201248692747
 20
12.25266773924235
 30
0.0
 10
25.67201315979768
 20
12.25266841211257
 30
0.0
 10
25.67201315979768
 20
12.25266841211257
 30
0.0
 10
25.9346182546417
 20
12.61414707451304
 30
0.0
 10
25.9346182546417
 20
12.61414707451304
 30
0.0
 10
25.93461892751192
 20
12.61414774738325
 30
0.0
 10
25.93461892751192
 20
12.61414842025347
 30
0.0
 10
25.93461960038212
 20
12.61414909312368
 30
0.0
 10
25.93461960038212
 20
12.61414909312368
 30
0.0
 10
26.33275757767076
 20
13.16214199531856
 30
0.0
 10
26.33275757767076
 20
13.16214199531856
 30
0.0
 10
26.34575406581482
 20
13.1800305863387
 30
0.0
 10
26.34625804560358
 20
13.20411429340038
 30
0.0
 10
26.33402122792883
 20
13.22253075110181
 30
0.0
 10
26.33402122792883
 20
13.22253075110181
 30
0.0
 10
26.06395198382351
 20
13.62898641351562
 30
0.0
 10
26.06395198382351
 20
13.62898641351562
 30
0.0
 10
26.06395131095329
 20
13.62898708638583
 30
0.0
 10
26.06395131095329
 20
13.62898809569115
 30
0.0
 10
26.06395063808308
 20
13.62898876856136
 30
0.0
 10
26.06395063808308
 20
13.62898876856136
 30
0.0
 10
25.80938095931033
 20
14.01216345807637
 30
0.0
 10
25.80938095931033
 20
14.01216345807637
 30
0.0
 10
25.80938095931033
 20
14.01216379451147
 30
0.0
 10
25.80938028644011
 20
14.01216413094658
 30
0.0
 10
25.80938028644011
 20
14.01216446738169
 30
0.0
 10
25.80938028644011
 20
14.01216446738169
 30
0.0
 10
24.72393903114201
 20
15.64588358540943
 30
0.0
 10
24.72393903114201
 20
15.64588358540943
 30
0.0
 10
24.7134762357811
 20
15.66163093519755
 30
0.0
 10
24.71221023047729
 20
15.6817642212448
 30
0.0
 10
24.72061740734066
 20
15.69869834586927
 30
0.0
 10
24.72061740734066
 20
15.69869834586927
 30
0.0
 10
24.87083601859648
 20
16.00127100610734
 30
0.0
 10
24.87083601859648
 20
16.00127100610734
 30
0.0
 10
24.88383183387032
 20
16.02744759185455
 30
0.0
 10
24.9155872706537
 20
16.03813268671174
 30
0.0
 10
24.94176394050969
 20
16.0251368714379
 30
0.0
 10
24.9500829713753
 20
16.02100670996809
 30
0.0
 10
24.95716863114237
 20
16.01475961470267
 30
0.0
 10
24.96230835025645
 20
16.00702354176696
 30
0.0
 10
24.96230835025645
 20
16.00702354176696
 30
0.0
 10
26.81232361653029
 20
13.2225304146667
 30
0.0
 10
26.81232361653029
 20
13.2225304146667
 30
0.0
 10
26.82455976133484
 20
13.20411395696528
 30
0.0
 10
26.82405510867587
 20
13.18003092277381
 30
0.0
 10
26.8110586205318
 20
13.16214300462388
 30
0.0
 10
26.8110586205318
 20
13.16214300462388
 30
0.0
 10
24.91492045627365
 20
10.55232639578774
 30
0.0
 10
24.91492045627365
 20
10.55232639578774
 30
0.0
 10
24.89774241619734
 20
10.52868240940958
 30
0.0
 10
24.8646499863028
 20
10.5234414233286
 30
0.0
 10
24.84100633635974
 20
10.5406191269698
 30
0.0
 10
24.83349071252722
 20
10.54607946873988
 30
0.0
 10
24.82754489489921
 20
10.55342250136303
 30
0.0
 10
24.82376672865904
 20
10.56190941334651
 30
0.0
  0
SPLINE
  5
98
330
79
100
AcDbEntity
  8
Layer 1
 62
     1
420
 16711680
370
     0
100
AcDbSpline
210
0.0
220
0.0
230
1.0
 70
     9
 71
     3
 72
    71
 73
    67
 74
     0
 42
0.0000000001
 43
0.0000000001
 40
0.0
 40
0.0
 40
0.0
 40
0.0
 40
1.0
 40
1.0
 40
1.0
 40
2.0
 40
2.0
 40
2.0
 40
3.0
 40
3.0
 40
3.0
 40
4.0
 40
4.0
 40
4.0
 40
5.0
 40
5.0
 40
5.0
 40
6.0
 40
6.0
 40
6.0
 40
7.0
 40
7.0
 40
7.0
 40
8.0
 40
8.0
 40
8.0
 40
9.0
 40
9.0
 40
9.0
 40
10.0
 40
10.0
 40
10.0
 40
11.0
 40
11.0
 40
11.0
 40
12.0
 40
12.0
 40
12.0
 40
13.0
 40
13.0
 40
13.0
 40
14.0
 40
14.0
 40
14.0
 40
15.0
 40
15.0
 40
15.0
 40
16.0
 40
16.0
 40
16.0
 40
17.0
 40
17.0
 40
17.0
 40
18.0
 40
18.0
 40
18.0
 40
19.0
 40
19.0
 40
19.0
 40
20.0
 40
20.0
 40
20.0
 40
21.0
 40
21.0
 40
21.0
 40
22.0
 40
22.0
 40
22.0
 40
22.0
 10
27.17571390320296
 20
12.94390495294606
 30
0.0
 10
27.17571390320296
 20
12.94390495294606
 30
0.0
 10
26.07778013954956
 20
10.08364066825565
 30
0.0
 10
26.07778013954956
 20
10.08364066825565
 30
0.0
 10
26.06730691470035
 20
10.05635645403077
 30
0.0
 10
26.08093522797345
 20
10.02574826095879
 30
0.0
 10
26.10821944219833
 20
10.0152757089798
 30
0.0
 10
26.11689139349011
 20
10.01194702004122
 30
0.0
 10
26.12628668025974
 20
10.01095924657005
 30
0.0
 10
26.13546126559986
 20
10.01241264622789
 30
0.0
 10
26.13546126559986
 20
10.01241264622789
 30
0.0
 10
26.43868686226986
 20
10.06044548630886
 30
0.0
 10
26.43868686226986
 20
10.06044548630886
 30
0.0
 10
26.45735901065183
 20
10.06340342376065
 30
0.0
 10
26.47303554085014
 20
10.07609846604975
 30
0.0
 10
26.47980999814418
 20
10.09374785170954
 30
0.0
 10
26.47980999814418
 20
10.09374785170954
 30
0.0
 10
26.93663975254149
 20
11.28389713217203
 30
0.0
 10
26.93663975254149
 20
11.28389713217203
 30
0.0
 10
26.93663975254149
 20
11.28389780504224
 30
0.0
 10
26.93664042541171
 20
11.28389780504224
 30
0.0
 10
26.93664042541171
 20
11.28389847791245
 30
0.0
 10
26.93664042541171
 20
11.28389847791245
 30
0.0
 10
27.09046124734726
 20
11.68459874496824
 30
0.0
 10
27.09046124734726
 20
11.68459874496824
 30
0.0
 10
27.09046124734726
 20
11.68459874496824
 30
0.0
 10
27.09046124734726
 20
11.68459941783845
 30
0.0
 10
27.09046124734726
 20
11.68459941783845
 30
0.0
 10
27.09046124734726
 20
11.68459941783845
 30
0.0
 10
27.41486408819837
 20
12.5296958070798
 30
0.0
 10
27.41486408819837
 20
12.5296958070798
 30
0.0
 10
27.42396734929601
 20
12.55341044483021
 30
0.0
 10
27.44863678987721
 20
12.56731093410405
 30
0.0
 10
27.47363728260269
 20
12.56281246030197
 30
0.0
 10
27.47363728260269
 20
12.56281246030197
 30
0.0
 10
28.45633462088512
 20
12.38597981355239
 30
0.0
 10
28.45633462088512
 20
12.38597981355239
 30
0.0
 10
28.45633529375533
 20
12.38597981355239
 30
0.0
 10
28.45633596662554
 20
12.38597947711729
 30
0.0
 10
28.45633663949575
 20
12.38597947711729
 30
0.0
 10
28.45633663949575
 20
12.38597947711729
 30
0.0
 10
28.87149957888747
 20
12.31128819210856
 30
0.0
 10
28.87149957888747
 20
12.31128819210856
 30
0.0
 10
28.87150025175769
 20
12.31128819210856
 30
0.0
 10
28.87150092462789
 20
12.31128785567345
 30
0.0
 10
28.87150159749811
 20
12.31128785567345
 30
0.0
 10
28.87150159749811
 20
12.31128785567345
 30
0.0
 10
29.97400885998222
 20
12.11290418534002
 30
0.0
 10
29.97400885998222
 20
12.11290418534002
 30
0.0
 10
29.99261573995363
 20
12.10955598316529
 30
0.0
 10
30.01159606289268
 20
12.11638931660288
 30
0.0
 10
30.02379856418663
 20
12.13082978422182
 30
0.0
 10
30.02379856418663
 20
12.13082978422182
 30
0.0
 10
30.21720905078344
 20
12.35971028760715
 30
0.0
 10
30.21720905078344
 20
12.35971028760715
 30
0.0
 10
30.23607229430561
 20
12.38203275688902
 30
0.0
 10
30.23326777126215
 20
12.4154199039364
 30
0.0
 10
30.21094530198028
 20
12.43428314745857
 30
0.0
 10
30.20385055846534
 20
12.44027842104716
 30
0.0
 10
30.19530308816278
 20
12.44430050273917
 30
0.0
 10
30.18616147346305
 20
12.44594533397231
 30
0.0
 10
30.18616147346305
 20
12.44594533397231
 30
0.0
 10
27.23448642473706
 20
12.97702194260334
 30
0.0
 10
27.23448642473706
 20
12.97702194260334
 30
0.0
 10
27.2094866048818
 20
12.98152007997031
 30
0.0
 10
27.1848171643006
 20
12.96761925426137
 30
0.0
 10
27.17571390320296
 20
12.94390495294606
 30
0.0
  0
SPLINE
  5
99
330
79
100
AcDbEntity
  8
Layer 1
 62
     1
420
 16711680
370
     0
100
AcDbSpline
210
0.0
220
0.0
230
1.0
 70
     9
 71
     3
 72
    62
 73
    58
 74
     0
 42
0.0000000001
 43
0.0000000001
 40
0.0
 40
0.0
 40
0.0
 40
0.0
 40
1.0
 40
1.0
 40
1.0
 40
2.0
 40
2.0
 40
2.0
 40
3.0
 40
3.0
 40
3.0
 40
4.0
 40
4.0
 40
4.0
 40
5.0
 40
5.0
 40
5.0
 40
6.0
 40
6.0
 40
6.0
 40
7.0
 40
7.0
 40
7.0
 40
8.0
 40
8.0
 40
8.0
 40
9.0
 40
9.0
 40
9.0
 40
10.0
 40
10.0
 40
10.0
 40
11.0
 40
11.0
 40
11.0
 40
12.0
 40
12.0
 40
12.0
 40
13.0
 40
13.0
 40
13.0
 40
14.0
 40
14.0
 40
14.0
 40
15.0
 40
15.0
 40
15.0
 40
16.0
 40
16.0
 40
16.0
 40
17.0
 40
17.0
 40
17.0
 40
18.0
 40
18.0
 40
18.0
 40
19.0
 40
19.0
 40
19.0
 40
19.0
 10
29.19618704383824
 20
9.084265568899509
 30
0.0
 10
29.19618704383824
 20
9.084265568899509
 30
0.0
 10
27.2685572079198
 20
11.4646778448903
 30
0.0
 10
27.2685572079198
 20
11.4646778448903
 30
0.0
 10
27.25016497354601
 20
11.4873899060249
 30
0.0
 10
27.2168437677794
 20
11.49089152260795
 30
0.0
 10
27.1941317066448
 20
11.47249928823416
 30
0.0
 10
27.18691315501086
 20
11.46665406470283
 30
0.0
 10
27.18136063002175
 20
11.45901160483536
 30
0.0
 10
27.17803194108317
 20
11.4503403264138
 30
0.0
 10
27.17803194108317
 20
11.4503403264138
 30
0.0
 10
27.06800622263364
 20
11.16372654953673
 30
0.0
 10
27.06800622263364
 20
11.16372654953673
 30
0.0
 10
27.06123109246938
 20
11.14607649100674
 30
0.0
 10
27.06438618089328
 20
11.12615280403051
 30
0.0
 10
27.0762838719812
 20
11.1114606829523
 30
0.0
 10
27.0762838719812
 20
11.1114606829523
 30
0.0
 10
27.87854837144494
 20
10.12074676896455
 30
0.0
 10
27.87854837144494
 20
10.12074676896455
 30
0.0
 10
27.87854837144494
 20
10.12074676896455
 30
0.0
 10
28.14865395054171
 20
9.787198949062656
 30
0.0
 10
28.14865395054171
 20
9.787198949062656
 30
0.0
 10
28.14865395054171
 20
9.787198949062656
 30
0.0
 10
28.71788667384742
 20
9.084264896029296
 30
0.0
 10
28.71788667384742
 20
9.084264896029296
 30
0.0
 10
28.73406987531533
 20
9.064280650734
 30
0.0
 10
28.73354369080958
 20
9.035555821385305
 30
0.0
 10
28.71663984534464
 20
9.016177832150987
 30
0.0
 10
28.71663984534464
 20
9.016177832150987
 30
0.0
 10
28.01496002238638
 20
8.211791772908927
 30
0.0
 10
28.01496002238638
 20
8.211791772908927
 30
0.0
 10
28.01495934951617
 20
8.211791100038716
 30
0.0
 10
28.01495934951617
 20
8.211791100038716
 30
0.0
 10
28.01495867664596
 20
8.211790427168503
 30
0.0
 10
28.01495867664596
 20
8.211790427168503
 30
0.0
 10
27.7413716670725
 20
7.898178405906643
 30
0.0
 10
27.7413716670725
 20
7.898178405906643
 30
0.0
 10
27.7413716670725
 20
7.898178405906643
 30
0.0
 10
27.08142661901123
 20
7.141685229741463
 30
0.0
 10
27.08142661901123
 20
7.141685229741463
 30
0.0
 10
27.06899870619628
 20
7.127439221613785
 30
0.0
 10
27.06511489933283
 20
7.107644725718262
 30
0.0
 10
27.0712386911319
 20
7.089758489743865
 30
0.0
 10
27.0712386911319
 20
7.089758489743865
 30
0.0
 10
27.16645857343741
 20
6.811639026422621
 30
0.0
 10
27.16645857343741
 20
6.811639026422621
 30
0.0
 10
27.17592518444951
 20
6.783989443672643
 30
0.0
 10
27.20601324884764
 20
6.769249548809385
 30
0.0
 10
27.23366283159762
 20
6.778716159821491
 30
0.0
 10
27.24245118943607
 20
6.781724562539176
 30
0.0
 10
27.25029214601607
 20
6.786993809169057
 30
0.0
 10
27.25639844318963
 20
6.793993677984107
 30
0.0
 10
27.25639844318963
 20
6.793993677984107
 30
0.0
 10
29.19493954246526
 20
9.016177832150987
 30
0.0
 10
29.19493954246526
 20
9.016177832150987
 30
0.0
 10
29.21184406080041
 20
9.035555821385305
 30
0.0
 10
29.21237024530616
 20
9.064281323604213
 30
0.0
 10
29.19618704383824
 20
9.084265568899509
 30
0.0
  0
SPLINE
  5
9A
330
79
100
AcDbEntity
  8
Layer 1
 62
     1
420
 16711680
370
     0
100
AcDbSpline
210
0.0
220
0.0
230
1.0
 70
     9
 71
     3
 72
    68
 73
    64
 74
     0
 42
0.0000000001
 43
0.0000000001
 40
0.0
 40
0.0
 40
0.0
 40
0.0
 40
1.0
 40
1.0
 40
1.0
 40
2.0
 40
2.0
 40
2.0
 40
3.0
 40
3.0
 40
3.0
 40
4.0
 40
4.0
 40
4.0
 40
5.0
 40
5.0
 40
5.0
 40
6.0
 40
6.0
 40
6.0
 40
7.0
 40
7.0
 40
7.0
 40
8.0
 40
8.0
 40
8.0
 40
9.0
 40
9.0
 40
9.0
 40
10.0
 40
10.0
 40
10.0
 40
11.0
 40
11.0
 40
11.0
 40
12.0
 40
12.0
 40
12.0
 40
13.0
 40
13.0
 40
13.0
 40
14.0
 40
14.0
 40
14.0
 40
15.0
 40
15.0
 40
15.0
 40
16.0
 40
16.0
 40
16.0
 40
17.0
 40
17.0
 40
17.0
 40
18.0
 40
18.0
 40
18.0
 40
19.0
 40
19.0
 40
19.0
 40
20.0
 40
20.0
 40
20.0
 40
21.0
 40
21.0
 40
21.0
 40
21.0
 10
29.56701927505521
 20
9.300908918174979
 30
0.0
 10
29.56701927505521
 20
9.300908918174979
 30
0.0
 10
28.55216210499202
 20
12.11975299479248
 30
0.0
 10
28.55216210499202
 20
12.11975299479248
 30
0.0
 10
28.54226216556341
 20
12.14725017243945
 30
0.0
 10
28.55652768692724
 20
12.17756667627454
 30
0.0
 10
28.58402520100931
 20
12.18746627926805
 30
0.0
 10
28.59276443932229
 20
12.19061262037919
 30
0.0
 10
28.60217789358765
 20
12.19140324287824
 30
0.0
 10
28.61131950828737
 20
12.18975874808021
 30
0.0
 10
28.61131950828737
 20
12.18975874808021
 30
0.0
 10
28.90624928811408
 20
12.13670326830204
 30
0.0
 10
28.90624928811408
 20
12.13670326830204
 30
0.0
 10
28.92485684095571
 20
12.13335607543263
 30
0.0
 10
28.94026489593944
 20
12.12033536396094
 30
0.0
 10
28.9466692746169
 20
12.10254669416728
 30
0.0
 10
28.9466692746169
 20
12.10254669416728
 30
0.0
 10
29.32611559028742
 20
11.04853587934017
 30
0.0
 10
29.32611559028742
 20
11.04853587934017
 30
0.0
 10
29.32611559028742
 20
11.04853587934017
 30
0.0
 10
29.46899352396583
 20
10.65166155230961
 30
0.0
 10
29.46899352396583
 20
10.65166155230961
 30
0.0
 10
29.46899352396583
 20
10.65166087943939
 30
0.0
 10
29.46899419683604
 20
10.65166087943939
 30
0.0
 10
29.46899419683604
 20
10.65166020656918
 30
0.0
 10
29.46899419683604
 20
10.65166020656918
 30
0.0
 10
29.80616946005063
 20
9.715154735467793
 30
0.0
 10
29.80616946005063
 20
9.715154735467793
 30
0.0
 10
29.81523638615683
 20
9.689971222044659
 30
0.0
 10
29.84168085835718
 20
9.675523352853392
 30
0.0
 10
29.86777140082604
 20
9.681499113205834
 30
0.0
 10
29.86777140082604
 20
9.681499113205834
 30
0.0
 10
31.0408425624387
 20
9.950165422919212
 30
0.0
 10
31.0408425624387
 20
9.950165422919212
 30
0.0
 10
31.04084323530891
 20
9.950165422919212
 30
0.0
 10
31.04084390817912
 20
9.950166095789425
 30
0.0
 10
31.04084458104934
 20
9.950166095789425
 30
0.0
 10
31.04084458104934
 20
9.950166095789425
 30
0.0
 10
31.43519228043398
 20
10.0404686425859
 30
0.0
 10
31.43519228043398
 20
10.0404686425859
 30
0.0
 10
31.43519228043398
 20
10.0404686425859
 30
0.0
 10
31.43519362617441
 20
10.04046931545611
 30
0.0
 10
31.43519362617441
 20
10.04046931545611
 30
0.0
 10
31.43519362617441
 20
10.04046931545611
 30
0.0
 10
32.18607506477181
 20
10.21245561450403
 30
0.0
 10
32.18607506477181
 20
10.21245561450403
 30
0.0
 10
32.20450363413706
 20
10.21667652934367
 30
0.0
 10
32.22378405719064
 20
10.21074517842522
 30
0.0
 10
32.23665337286464
 20
10.1968961637226
 30
0.0
 10
32.23665337286464
 20
10.1968961637226
 30
0.0
 10
32.42888970094158
 20
9.990024235665256
 30
0.0
 10
32.42888970094158
 20
9.990024235665256
 30
0.0
 10
32.44878378162847
 20
9.968615524131234
 30
0.0
 10
32.44755646636185
 20
9.935132829513751
 30
0.0
 10
32.42614708195762
 20
9.915238748826856
 30
0.0
 10
32.41934301837425
 20
9.908916460315253
 30
0.0
 10
32.41099404478422
 20
9.904495703022657
 30
0.0
 10
32.40193990321205
 20
9.902421917029387
 30
0.0
 10
32.40193990321205
 20
9.902421917029387
 30
0.0
 10
29.62862121583063
 20
9.267252623042809
 30
0.0
 10
29.62862121583063
 20
9.267252623042809
 30
0.0
 10
29.60253067336177
 20
9.261276862690365
 30
0.0
 10
29.57608620116142
 20
9.275724731881632
 30
0.0
 10
29.56701927505521
 20
9.300908918174979
 30
0.0
  0
SPLINE
  5
9B
330
79
100
AcDbEntity
  8
Layer 1
 62
     1
420
 16711680
370
     0
100
AcDbSpline
210
0.0
220
0.0
230
1.0
 70
     9
 71
     3
 72
    65
 73
    61
 74
     0
 42
0.0000000001
 43
0.0000000001
 40
0.0
 40
0.0
 40
0.0
 40
0.0
 40
1.0
 40
1.0
 40
1.0
 40
2.0
 40
2.0
 40
2.0
 40
3.0
 40
3.0
 40
3.0
 40
4.0
 40
4.0
 40
4.0
 40
5.0
 40
5.0
 40
5.0
 40
6.0
 40
6.0
 40
6.0
 40
7.0
 40
7.0
 40
7.0
 40
8.0
 40
8.0
 40
8.0
 40
9.0
 40
9.0
 40
9.0
 40
10.0
 40
10.0
 40
10.0
 40
11.0
 40
11.0
 40
11.0
 40
12.0
 40
12.0
 40
12.0
 40
13.0
 40
13.0
 40
13.0
 40
14.0
 40
14.0
 40
14.0
 40
15.0
 40
15.0
 40
15.0
 40
16.0
 40
16.0
 40
16.0
 40
17.0
 40
17.0
 40
17.0
 40
18.0
 40
18.0
 40
18.0
 40
19.0
 40
19.0
 40
19.0
 40
20.0
 40
20.0
 40
20.0
 40
20.0
 10
29.56146002136398
 20
10.88401776677483
 30
0.0
 10
29.56146002136398
 20
10.88401776677483
 30
0.0
 10
29.45994611109578
 20
11.16591943355752
 30
0.0
 10
29.45994611109578
 20
11.16591943355752
 30
0.0
 10
29.45354038667789
 20
11.18370743048097
 30
0.0
 10
29.45711198176299
 20
11.20356181182536
 30
0.0
 10
29.46931515592715
 20
11.2180029523145
 30
0.0
 10
29.46931515592715
 20
11.2180029523145
 30
0.0
 10
30.19237542987053
 20
12.07362908750285
 30
0.0
 10
30.19237542987053
 20
12.07362908750285
 30
0.0
 10
30.19237610274074
 20
12.07362976037307
 30
0.0
 10
30.19237610274074
 20
12.07363009680817
 30
0.0
 10
30.19237677561096
 20
12.07363076967838
 30
0.0
 10
30.19237677561096
 20
12.07363076967838
 30
0.0
 10
30.46466245419448
 20
12.3958121295247
 30
0.0
 10
30.46466245419448
 20
12.3958121295247
 30
0.0
 10
30.46466312706469
 20
12.39581280239491
 30
0.0
 10
30.46466312706469
 20
12.39581381170023
 30
0.0
 10
30.4646637999349
 20
12.39581448457044
 30
0.0
 10
30.4646637999349
 20
12.39581448457044
 30
0.0
 10
31.10912879589975
 20
13.15846072238891
 30
0.0
 10
31.10912879589975
 20
13.15846072238891
 30
0.0
 10
31.12552395148444
 20
13.17786226208065
 30
0.0
 10
31.1258200143777
 20
13.20617664060005
 30
0.0
 10
31.1098346367521
 20
13.22591730687861
 30
0.0
 10
31.1098346367521
 20
13.22591730687861
 30
0.0
 10
30.54015849197671
 20
13.92939873982941
 30
0.0
 10
30.54015849197671
 20
13.92939873982941
 30
0.0
 10
30.54015849197671
 20
13.92939873982941
 30
0.0
 10
30.27005224000973
 20
14.2629465597313
 30
0.0
 10
30.27005224000973
 20
14.2629465597313
 30
0.0
 10
30.27005224000973
 20
14.2629465597313
 30
0.0
 10
29.46778706767578
 20
15.25366114658927
 30
0.0
 10
29.46778706767578
 20
15.25366114658927
 30
0.0
 10
29.45589004945806
 20
15.26835309944992
 30
0.0
 10
29.45273428816396
 20
15.28827611355593
 30
0.0
 10
29.459508745458
 20
15.30592549921572
 30
0.0
 10
29.459508745458
 20
15.30592549921572
 30
0.0
 10
29.56953715538838
 20
15.59257376069115
 30
0.0
 10
29.56953715538838
 20
15.59257376069115
 30
0.0
 10
29.58000970736737
 20
15.61985797491603
 30
0.0
 10
29.61061790043935
 20
15.63348628818912
 30
0.0
 10
29.63790211466423
 20
15.62301339977503
 30
0.0
 10
29.64657473882622
 20
15.61968471083645
 30
0.0
 10
29.65421787156391
 20
15.61413151297712
 30
0.0
 10
29.66006376796544
 20
15.60691228847297
 30
0.0
 10
29.66006376796544
 20
15.60691228847297
 30
0.0
 10
31.58813567961314
 20
13.22591797974883
 30
0.0
 10
31.58813567961314
 20
13.22591797974883
 30
0.0
 10
31.60412173010895
 20
13.20617731347026
 30
0.0
 10
31.60382432147527
 20
13.17786259851576
 30
0.0
 10
31.58742916589058
 20
13.15846105882402
 30
0.0
 10
31.58742916589058
 20
13.15846105882402
 30
0.0
 10
29.65166432910951
 20
10.86779082874314
 30
0.0
 10
29.65166432910951
 20
10.86779082874314
 30
0.0
 10
29.63280041271713
 20
10.84546903233148
 30
0.0
 10
29.59941326566974
 20
10.84266518215823
 30
0.0
 10
29.57709146925809
 20
10.86152909855061
 30
0.0
 10
29.56999739861336
 20
10.86752369926899
 30
0.0
 10
29.56460636247511
 20
10.87527987420228
 30
0.0
 10
29.56146002136398
 20
10.88401776677483
 30
0.0
  0
SPLINE
  5
9C
330
79
100
AcDbEntity
  8
Layer 1
 62
     1
420
 16711680
370
     0
100
AcDbSpline
210
0.0
220
0.0
230
1.0
 70
     9
 71
     3
 72
    68
 73
    64
 74
     0
 42
0.0000000001
 43
0.0000000001
 40
0.0
 40
0.0
 40
0.0
 40
0.0
 40
1.0
 40
1.0
 40
1.0
 40
2.0
 40
2.0
 40
2.0
 40
3.0
 40
3.0
 40
3.0
 40
4.0
 40
4.0
 40
4.0
 40
5.0
 40
5.0
 40
5.0
 40
6.0
 40
6.0
 40
6.0
 40
7.0
 40
7.0
 40
7.0
 40
8.0
 40
8.0
 40
8.0
 40
9.0
 40
9.0
 40
9.0
 40
10.0
 40
10.0
 40
10.0
 40
11.0
 40
11.0
 40
11.0
 40
12.0
 40
12.0
 40
12.0
 40
13.0
 40
13.0
 40
13.0
 40
14.0
 40
14.0
 40
14.0
 40
15.0
 40
15.0
 40
15.0
 40
16.0
 40
16.0
 40
16.0
 40
17.0
 40
17.0
 40
17.0
 40
18.0
 40
18.0
 40
18.0
 40
19.0
 40
19.0
 40
19.0
 40
20.0
 40
20.0
 40
20.0
 40
21.0
 40
21.0
 40
21.0
 40
21.0
 10
26.7991737139779
 20
29.79567093634129
 30
0.0
 10
26.7991737139779
 20
29.79567093634129
 30
0.0
 10
24.86689064410863
 20
31.81062788697891
 30
0.0
 10
24.86689064410863
 20
31.81062788697891
 30
0.0
 10
24.8466628197966
 20
31.83172102238352
 30
0.0
 10
24.81316498559935
 20
31.83242349888481
 30
0.0
 10
24.79207151375963
 20
31.81219567457278
 30
0.0
 10
24.78536804427295
 20
31.80576707256769
 30
0.0
 10
24.78047425922135
 20
31.79768724706244
 30
0.0
 10
24.77788269959997
 20
31.78876767953266
 30
0.0
 10
24.77788269959997
 20
31.78876767953266
 30
0.0
 10
24.70074855928672
 20
31.52332172665373
 30
0.0
 10
24.70074855928672
 20
31.52332172665373
 30
0.0
 10
24.69547325682493
 20
31.50516634259455
 30
0.0
 10
24.70028495171067
 20
31.48557639924347
 30
0.0
 10
24.71337059515782
 20
31.47193059134486
 30
0.0
 10
24.71337059515782
 20
31.47193059134486
 30
0.0
 10
25.16547209057567
 20
31.00049215177563
 30
0.0
 10
25.16547209057567
 20
31.00049215177563
 30
0.0
 10
25.16547242701077
 20
31.0004908060352
 30
0.0
 10
25.16547309988098
 20
31.0004908060352
 30
0.0
 10
25.16547343631609
 20
31.00048946029478
 30
0.0
 10
25.16547343631609
 20
31.00048946029478
 30
0.0
 10
25.44135560618256
 20
30.7127836150637
 30
0.0
 10
25.44135560618256
 20
30.7127836150637
 30
0.0
 10
25.44135627905277
 20
30.7127836150637
 30
0.0
 10
25.44135695192298
 20
30.71278226932327
 30
0.0
 10
25.44135762479319
 20
30.71278226932327
 30
0.0
 10
25.44135762479319
 20
30.71278226932327
 30
0.0
 10
26.32087199824665
 20
29.79567093634129
 30
0.0
 10
26.32087199824665
 20
29.79567093634129
 30
0.0
 10
26.33983886378146
 20
29.77589393507127
 30
0.0
 10
26.34056960083165
 20
29.74490826181039
 30
0.0
 10
26.3225568652574
 20
29.72425922074567
 30
0.0
 10
26.3225568652574
 20
29.72425922074567
 30
0.0
 10
25.6234561538216
 20
28.92282908034476
 30
0.0
 10
25.6234561538216
 20
28.92282908034476
 30
0.0
 10
25.62345548095138
 20
28.92282908034476
 30
0.0
 10
25.62345548095138
 20
28.92282773460434
 30
0.0
 10
25.62345480808117
 20
28.92282773460434
 30
0.0
 10
25.62345480808117
 20
28.92282773460434
 30
0.0
 10
25.3498674620726
 20
28.60921638621269
 30
0.0
 10
25.3498674620726
 20
28.60921638621269
 30
0.0
 10
25.3498674620726
 20
28.60921638621269
 30
0.0
 10
24.68992241401134
 20
27.85272321004751
 30
0.0
 10
24.68992241401134
 20
27.85272321004751
 30
0.0
 10
24.67749450119639
 20
27.83847720191984
 30
0.0
 10
24.67361069433294
 20
27.81868270602431
 30
0.0
 10
24.67973448613201
 20
27.80079647004991
 30
0.0
 10
24.67973448613201
 20
27.80079647004991
 30
0.0
 10
24.77495436843751
 20
27.52267700672867
 30
0.0
 10
24.77495436843751
 20
27.52267700672867
 30
0.0
 10
24.78442064301451
 20
27.49502742397869
 30
0.0
 10
24.81450870741264
 20
27.48028685624522
 30
0.0
 10
24.84215829016262
 20
27.48975346725733
 30
0.0
 10
24.85094664800107
 20
27.49276186997501
 30
0.0
 10
24.85878794101618
 20
27.49803111660489
 30
0.0
 10
24.86489423818973
 20
27.50503098541994
 30
0.0
 10
24.86489423818973
 20
27.50503098541994
 30
0.0
 10
26.80085656237802
 20
29.72425922074567
 30
0.0
 10
26.80085656237802
 20
29.72425922074567
 30
0.0
 10
26.81886997082248
 20
29.74490826181039
 30
0.0
 10
26.8181399066425
 20
29.77589258933085
 30
0.0
 10
26.7991737139779
 20
29.79567093634129
 30
0.0
  0
SPLINE
  5
9D
330
79
100
AcDbEntity
  8
Layer 1
 62
     1
420
 16711680
370
     0
100
AcDbSpline
210
0.0
220
0.0
230
1.0
 70
     9
 71
     3
 72
    65
 73
    61
 74
     0
 42
0.0000000001
 43
0.0000000001
 40
0.0
 40
0.0
 40
0.0
 40
0.0
 40
1.0
 40
1.0
 40
1.0
 40
2.0
 40
2.0
 40
2.0
 40
3.0
 40
3.0
 40
3.0
 40
4.0
 40
4.0
 40
4.0
 40
5.0
 40
5.0
 40
5.0
 40
6.0
 40
6.0
 40
6.0
 40
7.0
 40
7.0
 40
7.0
 40
8.0
 40
8.0
 40
8.0
 40
9.0
 40
9.0
 40
9.0
 40
10.0
 40
10.0
 40
10.0
 40
11.0
 40
11.0
 40
11.0
 40
12.0
 40
12.0
 40
12.0
 40
13.0
 40
13.0
 40
13.0
 40
14.0
 40
14.0
 40
14.0
 40
15.0
 40
15.0
 40
15.0
 40
16.0
 40
16.0
 40
16.0
 40
17.0
 40
17.0
 40
17.0
 40
18.0
 40
18.0
 40
18.0
 40
19.0
 40
19.0
 40
19.0
 40
20.0
 40
20.0
 40
20.0
 40
20.0
 10
31.95964481826335
 20
12.93677757522584
 30
0.0
 10
31.95964481826335
 20
12.93677757522584
 30
0.0
 10
31.12404027266706
 20
10.22062627748789
 30
0.0
 10
31.12404027266706
 20
10.22062627748789
 30
0.0
 10
31.11544704719008
 20
10.19269274350847
 30
0.0
 10
31.13112559599903
 20
10.16308241696083
 30
0.0
 10
31.15905845710824
 20
10.15448986435407
 30
0.0
 10
31.16793563381467
 20
10.15175868416371
 30
0.0
 10
31.17737465714808
 20
10.15141215600455
 30
0.0
 10
31.18642812585004
 20
10.1534852691276
 30
0.0
 10
31.18642812585004
 20
10.1534852691276
 30
0.0
 10
31.4616966380832
 20
10.21651302188216
 30
0.0
 10
31.4616966380832
 20
10.21651302188216
 30
0.0
 10
31.48012655318886
 20
10.2207332638516
 30
0.0
 10
31.49490412878399
 20
10.23446519913733
 30
0.0
 10
31.50046338247523
 20
10.25253647442002
 30
0.0
 10
31.50046338247523
 20
10.25253647442002
 30
0.0
 10
31.72695687878362
 20
10.98880519062423
 30
0.0
 10
31.72695687878362
 20
10.98880519062423
 30
0.0
 10
31.72695687878362
 20
10.98880519062423
 30
0.0
 10
31.72695687878362
 20
10.98880586349444
 30
0.0
 10
31.72695687878362
 20
10.98880586349444
 30
0.0
 10
31.72695687878362
 20
10.98880586349444
 30
0.0
 10
31.84591898651823
 20
11.37550235569886
 30
0.0
 10
31.84591898651823
 20
11.37550235569886
 30
0.0
 10
31.84591898651823
 20
11.37550235569886
 30
0.0
 10
32.19879500325876
 20
12.52256842935958
 30
0.0
 10
32.19879500325876
 20
12.52256842935958
 30
0.0
 10
32.20707130686591
 20
12.54947314478491
 30
0.0
 10
32.23496312289219
 20
12.56518937432573
 30
0.0
 10
32.26226415887237
 20
12.55833148112541
 30
0.0
 10
32.26226415887237
 20
12.55833148112541
 30
0.0
 10
33.5150744778239
 20
12.2436371481276
 30
0.0
 10
33.5150744778239
 20
12.2436371481276
 30
0.0
 10
33.5150744778239
 20
12.2436371481276
 30
0.0
 10
33.5150744778239
 20
12.2436371481276
 30
0.0
 10
33.5150744778239
 20
12.2436371481276
 30
0.0
 10
33.5150744778239
 20
12.2436371481276
 30
0.0
 10
33.89974361207968
 20
12.14702038726207
 30
0.0
 10
33.89974361207968
 20
12.14702038726207
 30
0.0
 10
33.89974361207968
 20
12.14702038726207
 30
0.0
 10
34.49530911113054
 20
11.99742720886827
 30
0.0
 10
34.49530911113054
 20
11.99742720886827
 30
0.0
 10
34.51364482440653
 20
11.99282141226739
 30
0.0
 10
34.53304501835784
 20
11.99834735888313
 30
0.0
 10
34.54620097674214
 20
12.0119235247148
 30
0.0
 10
34.54620097674214
 20
12.0119235247148
 30
0.0
 10
34.73715346845466
 20
12.20896481897537
 30
0.0
 10
34.73715346845466
 20
12.20896481897537
 30
0.0
 10
34.75749164348144
 20
12.22995164088649
 30
0.0
 10
34.75696680471612
 20
12.2634525029997
 30
0.0
 10
34.73597863706457
 20
12.28379101446159
 30
0.0
 10
34.72930914752359
 20
12.29025561502302
 30
0.0
 10
34.72105437576323
 20
12.29485030926541
 30
0.0
 10
34.71204464362505
 20
12.29711317178824
 30
0.0
 10
34.71204464362505
 20
12.29711317178824
 30
0.0
 10
32.02311397387695
 20
12.97254029055656
 30
0.0
 10
32.02311397387695
 20
12.97254029055656
 30
0.0
 10
31.99581293789677
 20
12.97939818375689
 30
0.0
 10
31.96792112187049
 20
12.96368229065118
 30
0.0
 10
31.95964481826335
 20
12.93677757522584
 30
0.0
  0
SPLINE
  5
9E
330
79
100
AcDbEntity
  8
Layer 1
 62
     1
420
 16711680
370
     0
100
AcDbSpline
210
0.0
220
0.0
230
1.0
 70
     9
 71
     3
 72
    71
 73
    67
 74
     0
 42
0.0000000001
 43
0.0000000001
 40
0.0
 40
0.0
 40
0.0
 40
0.0
 40
1.0
 40
1.0
 40
1.0
 40
2.0
 40
2.0
 40
2.0
 40
3.0
 40
3.0
 40
3.0
 40
4.0
 40
4.0
 40
4.0
 40
5.0
 40
5.0
 40
5.0
 40
6.0
 40
6.0
 40
6.0
 40
7.0
 40
7.0
 40
7.0
 40
8.0
 40
8.0
 40
8.0
 40
9.0
 40
9.0
 40
9.0
 40
10.0
 40
10.0
 40
10.0
 40
11.0
 40
11.0
 40
11.0
 40
12.0
 40
12.0
 40
12.0
 40
13.0
 40
13.0
 40
13.0
 40
14.0
 40
14.0
 40
14.0
 40
15.0
 40
15.0
 40
15.0
 40
16.0
 40
16.0
 40
16.0
 40
17.0
 40
17.0
 40
17.0
 40
18.0
 40
18.0
 40
18.0
 40
19.0
 40
19.0
 40
19.0
 40
20.0
 40
20.0
 40
20.0
 40
21.0
 40
21.0
 40
21.0
 40
22.0
 40
22.0
 40
22.0
 40
22.0
 10
33.97300572075819
 20
9.086482676247927
 30
0.0
 10
33.97300572075819
 20
9.086482676247927
 30
0.0
 10
32.0385227017309
 20
11.16820113644628
 30
0.0
 10
32.0385227017309
 20
11.16820113644628
 30
0.0
 10
32.01862862104401
 20
11.18960984798031
 30
0.0
 10
31.98514659929674
 20
11.19083716324693
 30
0.0
 10
31.9637372148925
 20
11.17094308256003
 30
0.0
 10
31.95693315130914
 20
11.16462012117822
 30
0.0
 10
31.9519135395279
 20
11.15661700287713
 30
0.0
 10
31.94918168646732
 20
11.14773915330049
 30
0.0
 10
31.94918168646732
 20
11.14773915330049
 30
0.0
 10
31.86615219379195
 20
10.8778455283205
 30
0.0
 10
31.86615219379195
 20
10.8778455283205
 30
0.0
 10
31.86059294010072
 20
10.85977559877823
 30
0.0
 10
31.8650971332996
 20
10.84011298544425
 30
0.0
 10
31.8779664489736
 20
10.82626397074164
 30
0.0
 10
31.8779664489736
 20
10.82626397074164
 30
0.0
 10
32.40235439126261
 20
10.26198020784492
 30
0.0
 10
32.40235439126261
 20
10.26198020784492
 30
0.0
 10
32.40235439126261
 20
10.26197953497471
 30
0.0
 10
32.40235573700303
 20
10.26197953497471
 30
0.0
 10
32.40235573700303
 20
10.26197886210449
 30
0.0
 10
32.40235573700303
 20
10.26197886210449
 30
0.0
 10
32.67774132865308
 20
9.965624616039059
 30
0.0
 10
32.67774132865308
 20
9.965624616039059
 30
0.0
 10
32.67774132865308
 20
9.965624616039059
 30
0.0
 10
32.6777426743935
 20
9.965623943168846
 30
0.0
 10
32.6777426743935
 20
9.965623943168846
 30
0.0
 10
32.6777426743935
 20
9.965623943168846
 30
0.0
 10
33.49470535076735
 20
9.086482003377714
 30
0.0
 10
33.49470535076735
 20
9.086482003377714
 30
0.0
 10
33.51386600292321
 20
9.065861895732112
 30
0.0
 10
33.51353091355765
 20
9.03385009539798
 30
0.0
 10
33.49394231594699
 20
9.013635728490191
 30
0.0
 10
33.49394231594699
 20
9.013635728490191
 30
0.0
 10
32.59501731905394
 20
8.085980519286747
 30
0.0
 10
32.59501731905394
 20
8.085980519286747
 30
0.0
 10
32.59501597331352
 20
8.085979173546324
 30
0.0
 10
32.5950146275731
 20
8.0859778278059
 30
0.0
 10
32.59501328183266
 20
8.085976482065476
 30
0.0
 10
32.59501328183266
 20
8.085976482065476
 30
0.0
 10
32.31898038903872
 20
7.801181473371348
 30
0.0
 10
32.31898038903872
 20
7.801181473371348
 30
0.0
 10
32.31897904329829
 20
7.801180127630924
 30
0.0
 10
32.31897769755787
 20
7.801178109020288
 30
0.0
 10
32.31897635181745
 20
7.801176763279864
 30
0.0
 10
32.31897635181745
 20
7.801176763279864
 30
0.0
 10
31.89166877797001
 20
7.360200503946614
 30
0.0
 10
31.89166877797001
 20
7.360200503946614
 30
0.0
 10
31.87851281958571
 20
7.346624001679839
 30
0.0
 10
31.87359952129796
 20
7.327060300267019
 30
0.0
 10
31.87877927618965
 20
7.30887867426957
 30
0.0
 10
31.87877927618965
 20
7.30887867426957
 30
0.0
 10
31.95396713941481
 20
7.044952062329259
 30
0.0
 10
31.95396713941481
 20
7.044952062329259
 30
0.0
 10
31.96197429493716
 20
7.016845600705358
 30
0.0
 10
31.99125087785966
 20
7.000551375652466
 30
0.0
 10
32.01935666661336
 20
7.008558531174823
 30
0.0
 10
32.02828969154737
 20
7.011103326316467
 30
0.0
 10
32.0363964318611
 20
7.015954720544719
 30
0.0
 10
32.04286002311722
 20
7.022624882955907
 30
0.0
 10
32.04286002311722
 20
7.022624882955907
 30
0.0
 10
33.97224268593782
 20
9.013635728490191
 30
0.0
 10
33.97224268593782
 20
9.013635728490191
 30
0.0
 10
33.99183128354849
 20
9.03385009539798
 30
0.0
 10
33.99216771865447
 20
9.065862568602325
 30
0.0
 10
33.97300572075819
 20
9.086482676247927
 30
0.0
  0
SPLINE
  5
9F
330
79
100
AcDbEntity
  8
Layer 1
 62
     1
420
 16711680
370
     0
100
AcDbSpline
210
0.0
220
0.0
230
1.0
 70
    11
 71
     3
 72
    38
 73
    34
 74
     0
 42
0.0000000001
 43
0.0000000001
 40
0.0
 40
0.0
 40
0.0
 40
0.0
 40
1.0
 40
1.0
 40
1.0
 40
2.0
 40
2.0
 40
2.0
 40
3.0
 40
3.0
 40
3.0
 40
4.0
 40
4.0
 40
4.0
 40
5.0
 40
5.0
 40
5.0
 40
6.0
 40
6.0
 40
6.0
 40
7.0
 40
7.0
 40
7.0
 40
8.0
 40
8.0
 40
8.0
 40
9.0
 40
9.0
 40
9.0
 40
10.0
 40
10.0
 40
10.0
 40
11.0
 40
11.0
 40
11.0
 40
11.0
 10
34.36591482362966
 20
9.256782762544666
 30
0.0
 10
34.36591482362966
 20
9.256782762544666
 30
0.0
 10
33.59260527512711
 20
11.97147864201414
 30
0.0
 10
33.59260527512711
 20
11.97147864201414
 30
0.0
 10
33.58459811960475
 20
11.99958544007314
 30
0.0
 10
33.60089369039807
 20
12.02886135012543
 30
0.0
 10
33.62899947915175
 20
12.03686783277758
 30
0.0
 10
33.6379338498262
 20
12.03941262791923
 30
0.0
 10
33.64737960186173
 20
12.03956133223607
 30
0.0
 10
33.65638798825949
 20
12.03729846971324
 30
0.0
 10
33.65638798825949
 20
12.03729846971324
 30
0.0
 10
33.92253372615885
 20
11.97045116920047
 30
0.0
 10
33.92253372615885
 20
11.97045116920047
 30
0.0
 10
33.94086943943484
 20
11.96584570903469
 30
0.0
 10
33.95535498935798
 20
11.95180761780251
 30
0.0
 10
33.96053474424967
 20
11.93362565536995
 30
0.0
 10
33.96053474424967
 20
11.93362565536995
 30
0.0
 10
34.12875364298081
 20
11.34309288906946
 30
0.0
 10
34.12875364298081
 20
11.34309288906946
 30
0.0
 10
34.12875364298081
 20
11.34309221619925
 30
0.0
 10
34.12875364298081
 20
11.34309221619925
 30
0.0
 10
34.12875364298081
 20
11.34309154332904
 30
0.0
 10
34.12875364298081
 20
11.34309154332904
 30
0.0
 10
34.23742352795323
 20
10.96163872868644
 30
0.0
 10
34.23742352795323
 20
10.96163872868644
 30
0.0
 10
34.23742352795323
 20
10.96163805581623
 30
0.0
 10
34.23742352795323
 20
10.96163805581623
 30
0.0
 10
34.23742352795323
 20
10.96163738294602
 30
0.0
 10
34.23742352795323
 20
10.96163738294602
 30
0.0
 10
34.60506500862507
 20
9.671029252707691
 30
0.0
 10
34.60506500862507
 20
9.671029252707691
 30
0.0
 10
34.60506500862507
 20
9.671029252707691
 30
0.0
 10
34.36591482362966
 20
9.256782762544666
 30
0.0
 10
34.36591482362966
 20
9.256782762544666
 30
0.0
  0
SPLINE
  5
A0
330
79
100
AcDbEntity
  8
Layer 1
 62
     1
420
 16711680
370
     0
100
AcDbSpline
210
0.0
220
0.0
230
1.0
 70
     9
 71
     3
 72
    71
 73
    67
 74
     0
 42
0.0000000001
 43
0.0000000001
 40
0.0
 40
0.0
 40
0.0
 40
0.0
 40
1.0
 40
1.0
 40
1.0
 40
2.0
 40
2.0
 40
2.0
 40
3.0
 40
3.0
 40
3.0
 40
4.0
 40
4.0
 40
4.0
 40
5.0
 40
5.0
 40
5.0
 40
6.0
 40
6.0
 40
6.0
 40
7.0
 40
7.0
 40
7.0
 40
8.0
 40
8.0
 40
8.0
 40
9.0
 40
9.0
 40
9.0
 40
10.0
 40
10.0
 40
10.0
 40
11.0
 40
11.0
 40
11.0
 40
12.0
 40
12.0
 40
12.0
 40
13.0
 40
13.0
 40
13.0
 40
14.0
 40
14.0
 40
14.0
 40
15.0
 40
15.0
 40
15.0
 40
16.0
 40
16.0
 40
16.0
 40
17.0
 40
17.0
 40
17.0
 40
18.0
 40
18.0
 40
18.0
 40
19.0
 40
19.0
 40
19.0
 40
20.0
 40
20.0
 40
20.0
 40
21.0
 40
21.0
 40
21.0
 40
22.0
 40
22.0
 40
22.0
 40
22.0
 10
34.34547168084981
 20
11.18715185309601
 30
0.0
 10
34.34547168084981
 20
11.18715185309601
 30
0.0
 10
34.27028247188423
 20
11.45107846503632
 30
0.0
 10
34.27028247188423
 20
11.45107846503632
 30
0.0
 10
34.26510271699254
 20
11.46926076390398
 30
0.0
 10
34.27001736102071
 20
11.4888244653168
 30
0.0
 10
34.28317331940501
 20
11.50240096758357
 30
0.0
 10
34.28317331940501
 20
11.50240096758357
 30
0.0
 10
34.71047954751202
 20
11.94337689048172
 30
0.0
 10
34.71047954751202
 20
11.94337689048172
 30
0.0
 10
34.71048089325245
 20
11.94337823622214
 30
0.0
 10
34.7104835847333
 20
11.94337991839767
 30
0.0
 10
34.71048493047372
 20
11.9433812641381
 30
0.0
 10
34.71048493047372
 20
11.9433812641381
 30
0.0
 10
34.98651782326767
 20
12.22817660926733
 30
0.0
 10
34.98651782326767
 20
12.22817660926733
 30
0.0
 10
34.98651916900809
 20
12.22817795500775
 30
0.0
 10
34.98651916900809
 20
12.22817896431307
 30
0.0
 10
34.98652051474851
 20
12.2281803100535
 30
0.0
 10
34.98652051474851
 20
12.2281803100535
 30
0.0
 10
35.88489375806776
 20
13.15526425244698
 30
0.0
 10
35.88489375806776
 20
13.15526425244698
 30
0.0
 10
35.9047057485888
 20
13.17570975027258
 30
0.0
 10
35.9047905302355
 20
13.20816631781682
 30
0.0
 10
35.88508485320796
 20
13.22871476478485
 30
0.0
 10
35.88508485320796
 20
13.22871476478485
 30
0.0
 10
35.00737410835767
 20
14.14398310625627
 30
0.0
 10
35.00737410835767
 20
14.14398310625627
 30
0.0
 10
35.00737410835767
 20
14.14398344269138
 30
0.0
 10
35.00737276261725
 20
14.14398411556159
 30
0.0
 10
35.00737276261725
 20
14.14398445199669
 30
0.0
 10
35.00737276261725
 20
14.14398445199669
 30
0.0
 10
34.73149059275077
 20
14.43168962435756
 30
0.0
 10
34.73149059275077
 20
14.43168962435756
 30
0.0
 10
34.73148924701035
 20
14.43169063366288
 30
0.0
 10
34.73148924701035
 20
14.4316916429682
 30
0.0
 10
34.73148790126993
 20
14.43169265227351
 30
0.0
 10
34.73148790126993
 20
14.43169265227351
 30
0.0
 10
34.27938909733293
 20
14.90309223358801
 30
0.0
 10
34.27938909733293
 20
14.90309223358801
 30
0.0
 10
34.26630177171026
 20
14.91673787326906
 30
0.0
 10
34.26148940395429
 20
14.93632949879568
 30
0.0
 10
34.26676470641608
 20
14.95448589216018
 30
0.0
 10
34.26676470641608
 20
14.95448589216018
 30
0.0
 10
34.34389851029424
 20
15.21993016286357
 30
0.0
 10
34.34389851029424
 20
15.21993016286357
 30
0.0
 10
34.35205369726322
 20
15.24799440188167
 30
0.0
 10
34.38141506183244
 20
15.26413437143847
 30
0.0
 10
34.40947913263298
 20
15.25597985733969
 30
0.0
 10
34.41839870016276
 20
15.25338812950076
 30
0.0
 10
34.42647852566801
 20
15.24849417623161
 30
0.0
 10
34.43290712767311
 20
15.24179020209227
 30
0.0
 10
34.43290712767311
 20
15.24179020209227
 30
0.0
 10
36.36338522319879
 20
13.22871510121996
 30
0.0
 10
36.36338522319879
 20
13.22871510121996
 30
0.0
 10
36.38309090022633
 20
13.20816665425193
 30
0.0
 10
36.38300611857963
 20
13.17571008670769
 30
0.0
 10
36.36319412805859
 20
13.15526425244698
 30
0.0
 10
36.36319412805859
 20
13.15526425244698
 30
0.0
 10
34.43436456455222
 20
11.16482467372265
 30
0.0
 10
34.43436456455222
 20
11.16482467372265
 30
0.0
 10
34.41402638952542
 20
11.14383717894132
 30
0.0
 10
34.38052552741222
 20
11.14331099443557
 30
0.0
 10
34.3595387055011
 20
11.16364916946236
 30
0.0
 10
34.3528678702197
 20
11.17011276071847
 30
0.0
 10
34.34801647599145
 20
11.17821882816199
 30
0.0
 10
34.34547168084981
 20
11.18715185309601
 30
0.0
  0
SPLINE
  5
A1
330
79
100
AcDbEntity
  8
Layer 1
 62
     1
420
 16711680
370
     0
100
AcDbSpline
210
0.0
220
0.0
230
1.0
 70
     9
 71
     3
 72
    68
 73
    64
 74
     0
 42
0.0000000001
 43
0.0000000001
 40
0.0
 40
0.0
 40
0.0
 40
0.0
 40
1.0
 40
1.0
 40
1.0
 40
2.0
 40
2.0
 40
2.0
 40
3.0
 40
3.0
 40
3.0
 40
4.0
 40
4.0
 40
4.0
 40
5.0
 40
5.0
 40
5.0
 40
6.0
 40
6.0
 40
6.0
 40
7.0
 40
7.0
 40
7.0
 40
8.0
 40
8.0
 40
8.0
 40
9.0
 40
9.0
 40
9.0
 40
10.0
 40
10.0
 40
10.0
 40
11.0
 40
11.0
 40
11.0
 40
12.0
 40
12.0
 40
12.0
 40
13.0
 40
13.0
 40
13.0
 40
14.0
 40
14.0
 40
14.0
 40
15.0
 40
15.0
 40
15.0
 40
16.0
 40
16.0
 40
16.0
 40
17.0
 40
17.0
 40
17.0
 40
18.0
 40
18.0
 40
18.0
 40
19.0
 40
19.0
 40
19.0
 40
20.0
 40
20.0
 40
20.0
 40
21.0
 40
21.0
 40
21.0
 40
21.0
 10
8.045393390763445
 20
5.163643284672551
 30
0.0
 10
8.045393390763445
 20
5.163643284672551
 30
0.0
 10
7.286060702303783
 20
7.829278514812282
 30
0.0
 10
7.286060702303783
 20
7.829278514812282
 30
0.0
 10
7.278053546781425
 20
7.857385649306394
 30
0.0
 10
7.294347771834318
 20
7.886661559358686
 30
0.0
 10
7.32245490632843
 20
7.894668042010832
 30
0.0
 10
7.331387931262449
 20
7.897212837152475
 30
0.0
 10
7.340835029038408
 20
7.89736154146932
 30
0.0
 10
7.349843415436167
 20
7.895098678946489
 30
0.0
 10
7.349843415436167
 20
7.895098678946489
 30
0.0
 10
7.615987807595108
 20
7.828251041998614
 30
0.0
 10
7.615987807595108
 20
7.828251041998614
 30
0.0
 10
7.634324866611519
 20
7.82364591826794
 30
0.0
 10
7.648810416534656
 20
7.809607827035759
 30
0.0
 10
7.653990171426346
 20
7.791424855297887
 30
0.0
 10
7.653990171426346
 20
7.791424855297887
 30
0.0
 10
7.822207724417061
 20
7.200856090441053
 30
0.0
 10
7.822207724417061
 20
7.200856090441053
 30
0.0
 10
7.822207724417061
 20
7.200854744700629
 30
0.0
 10
7.822209070157485
 20
7.200854071830417
 30
0.0
 10
7.822209070157485
 20
7.200852726089993
 30
0.0
 10
7.822209070157485
 20
7.200852726089993
 30
0.0
 10
7.930877609389487
 20
6.819439610789906
 30
0.0
 10
7.930877609389487
 20
6.819439610789906
 30
0.0
 10
7.930877609389487
 20
6.819438937919694
 30
0.0
 10
7.930878955129911
 20
6.819437592179271
 30
0.0
 10
7.930878955129911
 20
6.819436919309059
 30
0.0
 10
7.930878955129911
 20
6.819436919309059
 30
0.0
 10
8.284544921499284
 20
5.577852766973919
 30
0.0
 10
8.284544921499284
 20
5.577852766973919
 30
0.0
 10
8.292344832996358
 20
5.550470986568303
 30
0.0
 10
8.320411595277754
 20
5.534168687072867
 30
0.0
 10
8.348059832287306
 20
5.54096063899242
 30
0.0
 10
8.348059832287306
 20
5.54096063899242
 30
0.0
 10
9.579561697366393
 20
5.843475011848378
 30
0.0
 10
9.579561697366393
 20
5.843475011848378
 30
0.0
 10
9.579562370236606
 20
5.843475011848378
 30
0.0
 10
9.579562370236606
 20
5.843475011848378
 30
0.0
 10
9.579563043106817
 20
5.843475011848378
 30
0.0
 10
9.579563043106817
 20
5.843475011848378
 30
0.0
 10
9.966680079193714
 20
5.938560992981697
 30
0.0
 10
9.966680079193714
 20
5.938560992981697
 30
0.0
 10
9.966680079193714
 20
5.938560992981697
 30
0.0
 10
10.60096993181326
 20
6.094355343248942
 30
0.0
 10
10.60096993181326
 20
6.094355343248942
 30
0.0
 10
10.61932852267645
 20
6.098864246539305
 30
0.0
 10
10.63869843746823
 20
6.093237032956659
 30
0.0
 10
10.65178374448027
 20
6.079593243668688
 30
0.0
 10
10.65178374448027
 20
6.079593243668688
 30
0.0
 10
10.84311708073276
 20
5.880087225821701
 30
0.0
 10
10.84311708073276
 20
5.880087225821701
 30
0.0
 10
10.86334625078521
 20
5.858994090417089
 30
0.0
 10
10.86264579289455
 20
5.825497265525155
 30
0.0
 10
10.84155333036015
 20
5.805268095472703
 30
0.0
 10
10.83484885156815
 20
5.798838147727185
 30
0.0
 10
10.82656918360995
 20
5.794286853613469
 30
0.0
 10
10.81754801267817
 20
5.792070419135264
 30
0.0
 10
10.81754801267817
 20
5.792070419135264
 30
0.0
 10
8.108908301551467
 20
5.126751156691052
 30
0.0
 10
8.108908301551467
 20
5.126751156691052
 30
0.0
 10
8.081260064541913
 20
5.119959204771499
 30
0.0
 10
8.053193302260519
 20
5.136261504266935
 30
0.0
 10
8.045393390763445
 20
5.163643284672551
 30
0.0
  0
SPLINE
  5
A2
330
79
100
AcDbEntity
  8
Layer 1
 62
     1
420
 16711680
370
     0
100
AcDbSpline
210
0.0
220
0.0
230
1.0
 70
    11
 71
     3
 72
    35
 73
    31
 74
     0
 42
0.0000000001
 43
0.0000000001
 40
0.0
 40
0.0
 40
0.0
 40
0.0
 40
1.0
 40
1.0
 40
1.0
 40
2.0
 40
2.0
 40
2.0
 40
3.0
 40
3.0
 40
3.0
 40
4.0
 40
4.0
 40
4.0
 40
5.0
 40
5.0
 40
5.0
 40
6.0
 40
6.0
 40
6.0
 40
7.0
 40
7.0
 40
7.0
 40
8.0
 40
8.0
 40
8.0
 40
9.0
 40
9.0
 40
9.0
 40
10.0
 40
10.0
 40
10.0
 40
10.0
 10
5.667865709371336
 20
8.842573953113509
 30
0.0
 10
5.667865709371336
 20
8.842573953113509
 30
0.0
 10
8.405500070801728
 20
8.154913381021495
 30
0.0
 10
8.405500070801728
 20
8.154913381021495
 30
0.0
 10
8.433844055610451
 20
8.147793068438504
 30
0.0
 10
8.451050692670765
 20
8.119043342891966
 30
0.0
 10
8.443930380087774
 20
8.090698685213032
 30
0.0
 10
8.441666844694731
 20
8.081689625945061
 30
0.0
 10
8.43707248688745
 20
8.0734348541847
 30
0.0
 10
8.430607549890911
 20
8.066764691773512
 30
0.0
 10
8.430607549890911
 20
8.066764691773512
 30
0.0
 10
8.239655058178394
 20
7.869724070383157
 30
0.0
 10
8.239655058178394
 20
7.869724070383157
 30
0.0
 10
8.226499099794096
 20
7.856148240986594
 30
0.0
 10
8.207100251583208
 20
7.850621957935743
 30
0.0
 10
8.18876453830722
 20
7.855227081666417
 30
0.0
 10
8.18876453830722
 20
7.855227081666417
 30
0.0
 10
7.593197693515926
 20
8.004820260060212
 30
0.0
 10
7.593197693515926
 20
8.004820260060212
 30
0.0
 10
7.593197693515926
 20
8.004820260060212
 30
0.0
 10
7.208529905000575
 20
8.101437020925747
 30
0.0
 10
7.208529905000575
 20
8.101437020925747
 30
0.0
 10
7.208529905000575
 20
8.101437020925747
 30
0.0
 10
7.208528559260151
 20
8.10143769379596
 30
0.0
 10
7.208528559260151
 20
8.10143769379596
 30
0.0
 10
7.208528559260151
 20
8.10143769379596
 30
0.0
 10
5.907015894366752
 20
8.428365816552565
 30
0.0
 10
5.907015894366752
 20
8.428365816552565
 30
0.0
 10
5.907015894366752
 20
8.428365816552565
 30
0.0
 10
5.667865709371336
 20
8.842573953113509
 30
0.0
 10
5.667865709371336
 20
8.842573953113509
 30
0.0
  0
SPLINE
  5
A3
330
79
100
AcDbEntity
  8
Layer 1
 62
     1
420
 16711680
370
     0
100
AcDbSpline
210
0.0
220
0.0
230
1.0
 70
     9
 71
     3
 72
    71
 73
    67
 74
     0
 42
0.0000000001
 43
0.0000000001
 40
0.0
 40
0.0
 40
0.0
 40
0.0
 40
1.0
 40
1.0
 40
1.0
 40
2.0
 40
2.0
 40
2.0
 40
3.0
 40
3.0
 40
3.0
 40
4.0
 40
4.0
 40
4.0
 40
5.0
 40
5.0
 40
5.0
 40
6.0
 40
6.0
 40
6.0
 40
7.0
 40
7.0
 40
7.0
 40
8.0
 40
8.0
 40
8.0
 40
9.0
 40
9.0
 40
9.0
 40
10.0
 40
10.0
 40
10.0
 40
11.0
 40
11.0
 40
11.0
 40
12.0
 40
12.0
 40
12.0
 40
13.0
 40
13.0
 40
13.0
 40
14.0
 40
14.0
 40
14.0
 40
15.0
 40
15.0
 40
15.0
 40
16.0
 40
16.0
 40
16.0
 40
17.0
 40
17.0
 40
17.0
 40
18.0
 40
18.0
 40
18.0
 40
19.0
 40
19.0
 40
19.0
 40
20.0
 40
20.0
 40
20.0
 40
21.0
 40
21.0
 40
21.0
 40
22.0
 40
22.0
 40
22.0
 40
22.0
 10
10.43736894134682
 20
8.796091406000904
 30
0.0
 10
10.43736894134682
 20
8.796091406000904
 30
0.0
 10
9.65851090507642
 20
6.115195479453856
 30
0.0
 10
9.65851090507642
 20
6.115195479453856
 30
0.0
 10
9.650357736718067
 20
6.087130735783096
 30
0.0
 10
9.666499220232843
 20
6.057770044084097
 30
0.0
 10
9.694563963903602
 20
6.049616875725743
 30
0.0
 10
9.703483531433382
 20
6.047025652539474
 30
0.0
 10
9.712928610598705
 20
6.046827828697157
 30
0.0
 10
9.721949108660279
 20
6.049043590305151
 30
0.0
 10
9.721949108660279
 20
6.049043590305151
 30
0.0
 10
9.990388661112225
 20
6.114978815245604
 30
0.0
 10
9.990388661112225
 20
6.114978815245604
 30
0.0
 10
10.00874792484563
 20
6.119488391406179
 30
0.0
 10
10.02330749049208
 20
6.133450448304408
 30
0.0
 10
10.02858144721345
 20
6.151605159493378
 30
0.0
 10
10.02858144721345
 20
6.151605159493378
 30
0.0
 10
10.21080412079596
 20
6.778839295070279
 30
0.0
 10
10.21080412079596
 20
6.778839295070279
 30
0.0
 10
10.21080412079596
 20
6.778839967940491
 30
0.0
 10
10.21080479366617
 20
6.778839967940491
 30
0.0
 10
10.21080479366617
 20
6.778840640810703
 30
0.0
 10
10.21080479366617
 20
6.778840640810703
 30
0.0
 10
10.32199996054409
 20
7.161632467175103
 30
0.0
 10
10.32199996054409
 20
7.161632467175103
 30
0.0
 10
10.32199996054409
 20
7.161633140045315
 30
0.0
 10
10.32199996054409
 20
7.161633812915527
 30
0.0
 10
10.32199996054409
 20
7.161634485785738
 30
0.0
 10
10.32199996054409
 20
7.161634485785738
 30
0.0
 10
10.67651912634223
 20
8.381882596569747
 30
0.0
 10
10.67651912634223
 20
8.381882596569747
 30
0.0
 10
10.68416427769056
 20
8.408196531948979
 30
0.0
 10
10.71063364608875
 20
8.424321193708456
 30
0.0
 10
10.73752288549921
 20
8.419045218376455
 30
0.0
 10
10.73752288549921
 20
8.419045218376455
 30
0.0
 10
11.78112305240682
 20
8.21427802834213
 30
0.0
 10
11.78112305240682
 20
8.21427802834213
 30
0.0
 10
11.78112305240682
 20
8.21427802834213
 30
0.0
 10
11.78112372527704
 20
8.21427802834213
 30
0.0
 10
11.78112372527704
 20
8.21427802834213
 30
0.0
 10
11.78112372527704
 20
8.21427802834213
 30
0.0
 10
12.18951557172577
 20
8.134153316371804
 30
0.0
 10
12.18951557172577
 20
8.134153316371804
 30
0.0
 10
12.18951624459598
 20
8.134153316371804
 30
0.0
 10
12.18951624459598
 20
8.134152643501593
 30
0.0
 10
12.1895169174662
 20
8.134152643501593
 30
0.0
 10
12.1895169174662
 20
8.134152643501593
 30
0.0
 10
13.17460630935215
 20
7.94090768297692
 30
0.0
 10
13.17460630935215
 20
7.94090768297692
 30
0.0
 10
13.19315734109597
 20
7.937268800870625
 30
0.0
 10
13.21224128604766
 20
7.943802370628784
 30
0.0
 10
13.2246685259924
 20
7.958048378756462
 30
0.0
 10
13.2246685259924
 20
7.958048378756462
 30
0.0
 10
13.4179202152192
 20
8.179571382809086
 30
0.0
 10
13.4179202152192
 20
8.179571382809086
 30
0.0
 10
13.43713267838137
 20
8.201593751976419
 30
0.0
 10
13.43485433984366
 20
8.23502127123652
 30
0.0
 10
13.41283129780612
 20
8.254233734398697
 30
0.0
 10
13.40583142899107
 20
8.26034003157226
 30
0.0
 10
13.39734788135864
 20
8.264496350871555
 30
0.0
 10
13.38823250859718
 20
8.266284839894952
 30
0.0
 10
13.38823250859718
 20
8.266284839894952
 30
0.0
 10
10.4983727005038
 20
8.833254700677825
 30
0.0
 10
10.4983727005038
 20
8.833254700677825
 30
0.0
 10
10.47148278822312
 20
8.838530676009824
 30
0.0
 10
10.44501409269514
 20
8.822406014250347
 30
0.0
 10
10.43736894134682
 20
8.796091406000904
 30
0.0
  0
SPLINE
  5
A4
330
79
100
AcDbEntity
  8
Layer 1
 62
     1
420
 16711680
370
     0
100
AcDbSpline
210
0.0
220
0.0
230
1.0
 70
     9
 71
     3
 72
    71
 73
    67
 74
     0
 42
0.0000000001
 43
0.0000000001
 40
0.0
 40
0.0
 40
0.0
 40
0.0
 40
1.0
 40
1.0
 40
1.0
 40
2.0
 40
2.0
 40
2.0
 40
3.0
 40
3.0
 40
3.0
 40
4.0
 40
4.0
 40
4.0
 40
5.0
 40
5.0
 40
5.0
 40
6.0
 40
6.0
 40
6.0
 40
7.0
 40
7.0
 40
7.0
 40
8.0
 40
8.0
 40
8.0
 40
9.0
 40
9.0
 40
9.0
 40
10.0
 40
10.0
 40
10.0
 40
11.0
 40
11.0
 40
11.0
 40
12.0
 40
12.0
 40
12.0
 40
13.0
 40
13.0
 40
13.0
 40
14.0
 40
14.0
 40
14.0
 40
15.0
 40
15.0
 40
15.0
 40
16.0
 40
16.0
 40
16.0
 40
17.0
 40
17.0
 40
17.0
 40
18.0
 40
18.0
 40
18.0
 40
19.0
 40
19.0
 40
19.0
 40
20.0
 40
20.0
 40
20.0
 40
21.0
 40
21.0
 40
21.0
 40
22.0
 40
22.0
 40
22.0
 40
22.0
 10
12.44778536379411
 20
4.944860880993251
 30
0.0
 10
12.44778536379411
 20
4.944860880993251
 30
0.0
 10
10.51786575054436
 20
6.957389443035896
 30
0.0
 10
10.51786575054436
 20
6.957389443035896
 30
0.0
 10
10.49763792623233
 20
6.97848325131072
 30
0.0
 10
10.46414042847018
 20
6.979184382071585
 30
0.0
 10
10.44304662019536
 20
6.958956557759558
 30
0.0
 10
10.43634281427358
 20
6.952527955754464
 30
0.0
 10
10.43144970209218
 20
6.944448130249214
 30
0.0
 10
10.4288578060357
 20
6.935529235589647
 30
0.0
 10
10.4288578060357
 20
6.935529235589647
 30
0.0
 10
10.35172400215755
 20
6.670084628451147
 30
0.0
 10
10.35172400215755
 20
6.670084628451147
 30
0.0
 10
10.34644869969576
 20
6.651929244391965
 30
0.0
 10
10.3512597217113
 20
6.632338628170666
 30
0.0
 10
10.36434570159355
 20
6.61869282027206
 30
0.0
 10
10.36434570159355
 20
6.61869282027206
 30
0.0
 10
10.8164471970114
 20
6.147253707832614
 30
0.0
 10
10.8164471970114
 20
6.147253707832614
 30
0.0
 10
10.81644786988161
 20
6.147253034962402
 30
0.0
 10
10.81644854275182
 20
6.147253034962402
 30
0.0
 10
10.81644921562203
 20
6.14725236209219
 30
0.0
 10
10.81644921562203
 20
6.14725236209219
 30
0.0
 10
11.0923313854885
 20
5.859545843990899
 30
0.0
 10
11.0923313854885
 20
5.859545843990899
 30
0.0
 10
11.09233205835871
 20
5.859545843990899
 30
0.0
 10
11.09233205835871
 20
5.859544498250475
 30
0.0
 10
11.09233273122892
 20
5.859544498250475
 30
0.0
 10
11.09233273122892
 20
5.859544498250475
 30
0.0
 10
11.96948364806286
 20
4.944860880993251
 30
0.0
 10
11.96948364806286
 20
4.944860880993251
 30
0.0
 10
11.98941271800077
 20
4.924078611626566
 30
0.0
 10
11.98906753558204
 20
4.891176604002007
 30
0.0
 10
11.96870715583825
 20
4.870816897128435
 30
0.0
 10
11.96870715583825
 20
4.870816897128435
 30
0.0
 10
11.0081136040188
 20
3.910259680300432
 30
0.0
 10
11.0081136040188
 20
3.910259680300432
 30
0.0
 10
11.00811293114859
 20
3.910259680300432
 30
0.0
 10
11.00811293114859
 20
3.910259680300432
 30
0.0
 10
11.00811225827838
 20
3.910259680300432
 30
0.0
 10
11.00811225827838
 20
3.910259680300432
 30
0.0
 10
10.73196228606755
 20
3.634108362349179
 30
0.0
 10
10.73196228606755
 20
3.634108362349179
 30
0.0
 10
10.73196161319734
 20
3.634108362349179
 30
0.0
 10
10.73196094032713
 20
3.634107016608755
 30
0.0
 10
10.73196026745691
 20
3.634107016608755
 30
0.0
 10
10.73196026745691
 20
3.634107016608755
 30
0.0
 10
10.38083034891643
 20
3.282941435947035
 30
0.0
 10
10.38083034891643
 20
3.282941435947035
 30
0.0
 10
10.367464455026
 20
3.26957419631618
 30
0.0
 10
10.36224432792159
 20
3.250091912199008
 30
0.0
 10
10.36713609436256
 20
3.23183156038676
 30
0.0
 10
10.36713609436256
 20
3.23183156038676
 30
0.0
 10
10.43656755292437
 20
2.972667523806721
 30
0.0
 10
10.43656755292437
 20
2.972667523806721
 30
0.0
 10
10.44413061410683
 20
2.944437926934031
 30
0.0
 10
10.4731461233871
 20
2.92768480439658
 30
0.0
 10
10.50137572025979
 20
2.935247865579043
 30
0.0
 10
10.51034844453631
 20
2.937651357976174
 30
0.0
 10
10.51853054631378
 20
2.942374906864153
 30
0.0
 10
10.52509910532296
 20
2.948943465873334
 30
0.0
 10
10.52509910532296
 20
2.948943465873334
 30
0.0
 10
12.44700954443972
 20
4.870816897128435
 30
0.0
 10
12.44700954443972
 20
4.870816897128435
 30
0.0
 10
12.4673699241835
 20
4.891176604002007
 30
0.0
 10
12.46771443373203
 20
4.924078611626566
 30
0.0
 10
12.44778536379411
 20
4.944860880993251
 30
0.0
  0
SPLINE
  5
A5
330
79
100
AcDbEntity
  8
Layer 1
 62
     1
420
 16711680
370
     0
100
AcDbSpline
210
0.0
220
0.0
230
1.0
 70
     9
 71
     3
 72
    71
 73
    67
 74
     0
 42
0.0000000001
 43
0.0000000001
 40
0.0
 40
0.0
 40
0.0
 40
0.0
 40
1.0
 40
1.0
 40
1.0
 40
2.0
 40
2.0
 40
2.0
 40
3.0
 40
3.0
 40
3.0
 40
4.0
 40
4.0
 40
4.0
 40
5.0
 40
5.0
 40
5.0
 40
6.0
 40
6.0
 40
6.0
 40
7.0
 40
7.0
 40
7.0
 40
8.0
 40
8.0
 40
8.0
 40
9.0
 40
9.0
 40
9.0
 40
10.0
 40
10.0
 40
10.0
 40
11.0
 40
11.0
 40
11.0
 40
12.0
 40
12.0
 40
12.0
 40
13.0
 40
13.0
 40
13.0
 40
14.0
 40
14.0
 40
14.0
 40
15.0
 40
15.0
 40
15.0
 40
16.0
 40
16.0
 40
16.0
 40
17.0
 40
17.0
 40
17.0
 40
18.0
 40
18.0
 40
18.0
 40
19.0
 40
19.0
 40
19.0
 40
20.0
 40
20.0
 40
20.0
 40
21.0
 40
21.0
 40
21.0
 40
22.0
 40
22.0
 40
22.0
 40
22.0
 10
12.82742479321546
 20
5.158256285755577
 30
0.0
 10
12.82742479321546
 20
5.158256285755577
 30
0.0
 10
11.87276124657405
 20
7.946577287382919
 30
0.0
 10
11.87276124657405
 20
7.946577287382919
 30
0.0
 10
11.86329463556194
 20
7.974226870132897
 30
0.0
 10
11.87803520329541
 20
8.004314934531027
 30
0.0
 10
11.90568411317517
 20
8.013781545543134
 30
0.0
 10
11.91447247101362
 20
8.016790621131031
 30
0.0
 10
11.92389736407259
 20
8.017433212183455
 30
0.0
 10
11.93301206396383
 20
8.015644723160058
 30
0.0
 10
11.93301206396383
 20
8.015644723160058
 30
0.0
 10
12.22152198909821
 20
7.95904557241059
 30
0.0
 10
12.22152198909821
 20
7.95904557241059
 30
0.0
 10
12.24007436658245
 20
7.955406017434083
 30
0.0
 10
12.25527585041112
 20
7.942144418426507
 30
0.0
 10
12.26139964221019
 20
7.924257509581899
 30
0.0
 10
12.26139964221019
 20
7.924257509581899
 30
0.0
 10
12.58654264029446
 20
6.974487075121873
 30
0.0
 10
12.58654264029446
 20
6.974487075121873
 30
0.0
 10
12.58654331316467
 20
6.974485056511237
 30
0.0
 10
12.58654398603488
 20
6.974483037900601
 30
0.0
 10
12.58654465890509
 20
6.974481019289965
 30
0.0
 10
12.58654465890509
 20
6.974481019289965
 30
0.0
 10
12.72138583077181
 20
6.580749669019474
 30
0.0
 10
12.72138583077181
 20
6.580749669019474
 30
0.0
 10
12.72138650364203
 20
6.580747650408838
 30
0.0
 10
12.72138650364203
 20
6.580746304668414
 30
0.0
 10
12.72138717651224
 20
6.580744286057778
 30
0.0
 10
12.72138717651224
 20
6.580744286057778
 30
0.0
 10
13.06657565108109
 20
5.572467113797369
 30
0.0
 10
13.06657565108109
 20
5.572467113797369
 30
0.0
 10
13.0751426346198
 20
5.547443070614471
 30
0.0
 10
13.10087184578484
 20
5.532587442074754
 30
0.0
 10
13.12682781421131
 20
5.537679723838889
 30
0.0
 10
13.12682781421131
 20
5.537679723838889
 30
0.0
 10
14.17262759384182
 20
5.742878223679083
 30
0.0
 10
14.17262759384182
 20
5.742878223679083
 30
0.0
 10
14.17262759384182
 20
5.742878223679083
 30
0.0
 10
14.17262826671204
 20
5.742878223679083
 30
0.0
 10
14.17262826671204
 20
5.742878223679083
 30
0.0
 10
14.17262826671204
 20
5.742878223679083
 30
0.0
 10
14.58101944029056
 20
5.82300360851962
 30
0.0
 10
14.58101944029056
 20
5.82300360851962
 30
0.0
 10
14.58101977672567
 20
5.82300360851962
 30
0.0
 10
14.58102044959588
 20
5.82300360851962
 30
0.0
 10
14.58102078603099
 20
5.82300360851962
 30
0.0
 10
14.58102078603099
 20
5.82300360851962
 30
0.0
 10
15.56611017791694
 20
6.016249241914505
 30
0.0
 10
15.56611017791694
 20
6.016249241914505
 30
0.0
 10
15.58466120966076
 20
6.0198881240208
 30
0.0
 10
15.60374481817734
 20
6.013354554262641
 30
0.0
 10
15.61617239455719
 20
5.999108546134963
 30
0.0
 10
15.61617239455719
 20
5.999108546134963
 30
0.0
 10
15.80942442021909
 20
5.777584869212127
 30
0.0
 10
15.80942442021909
 20
5.777584869212127
 30
0.0
 10
15.82863621051105
 20
5.755561827174583
 30
0.0
 10
15.82635753553824
 20
5.722134980784692
 30
0.0
 10
15.8043344935007
 20
5.702923190492728
 30
0.0
 10
15.79733496112075
 20
5.696816220448953
 30
0.0
 10
15.78885141348832
 20
5.69266057401987
 30
0.0
 10
15.77973637716197
 20
5.690872084996473
 30
0.0
 10
15.77973637716197
 20
5.690872084996473
 30
0.0
 10
12.88767561060526
 20
5.123470241537521
 30
0.0
 10
12.88767561060526
 20
5.123470241537521
 30
0.0
 10
12.86172098791921
 20
5.118377959773386
 30
0.0
 10
12.83599244962439
 20
5.133232242572678
 30
0.0
 10
12.82742479321546
 20
5.158256285755577
 30
0.0
  0
SPLINE
  5
A6
330
79
100
AcDbEntity
  8
Layer 1
 62
     1
420
 16711680
370
     0
100
AcDbSpline
210
0.0
220
0.0
230
1.0
 70
     9
 71
     3
 72
    71
 73
    67
 74
     0
 42
0.0000000001
 43
0.0000000001
 40
0.0
 40
0.0
 40
0.0
 40
0.0
 40
1.0
 40
1.0
 40
1.0
 40
2.0
 40
2.0
 40
2.0
 40
3.0
 40
3.0
 40
3.0
 40
4.0
 40
4.0
 40
4.0
 40
5.0
 40
5.0
 40
5.0
 40
6.0
 40
6.0
 40
6.0
 40
7.0
 40
7.0
 40
7.0
 40
8.0
 40
8.0
 40
8.0
 40
9.0
 40
9.0
 40
9.0
 40
10.0
 40
10.0
 40
10.0
 40
11.0
 40
11.0
 40
11.0
 40
12.0
 40
12.0
 40
12.0
 40
13.0
 40
13.0
 40
13.0
 40
14.0
 40
14.0
 40
14.0
 40
15.0
 40
15.0
 40
15.0
 40
16.0
 40
16.0
 40
16.0
 40
17.0
 40
17.0
 40
17.0
 40
18.0
 40
18.0
 40
18.0
 40
19.0
 40
19.0
 40
19.0
 40
20.0
 40
20.0
 40
20.0
 40
21.0
 40
21.0
 40
21.0
 40
22.0
 40
22.0
 40
22.0
 40
22.0
 10
27.17770627190058
 20
30.01893330989183
 30
0.0
 10
27.17770627190058
 20
30.01893330989183
 30
0.0
 10
26.47452460262921
 20
32.64324959892557
 30
0.0
 10
26.47452460262921
 20
32.64324959892557
 30
0.0
 10
26.46696019570633
 20
32.67147919579826
 30
0.0
 10
26.48371197250336
 20
32.70049470507851
 30
0.0
 10
26.51194156937604
 20
32.7080591120014
 30
0.0
 10
26.52091496652278
 20
32.71046395013896
 30
0.0
 10
26.53036273716895
 20
32.71046395013896
 30
0.0
 10
26.53933613431569
 20
32.7080591120014
 30
0.0
 10
26.53933613431569
 20
32.7080591120014
 30
0.0
 10
26.79850084376594
 20
32.63860141150133
 30
0.0
 10
26.79850084376594
 20
32.63860141150133
 30
0.0
 10
26.81676052270797
 20
32.63370829931993
 30
0.0
 10
26.83102267972074
 20
32.61944479656674
 30
0.0
 10
26.83591579190214
 20
32.60118579049492
 30
0.0
 10
26.83591579190214
 20
32.60118579049492
 30
0.0
 10
26.96445755284446
 20
32.12151276527168
 30
0.0
 10
26.96445755284446
 20
32.12151276527168
 30
0.0
 10
26.96445755284446
 20
32.12151276527168
 30
0.0
 10
27.0655515921004
 20
31.74426808093471
 30
0.0
 10
27.0655515921004
 20
31.74426808093471
 30
0.0
 10
27.0655515921004
 20
31.74426808093471
 30
0.0
 10
27.0655515921004
 20
31.74426673519428
 30
0.0
 10
27.0655515921004
 20
31.74426673519428
 30
0.0
 10
27.0655515921004
 20
31.74426673519428
 30
0.0
 10
27.41685645689599
 20
30.43318047292507
 30
0.0
 10
27.41685645689599
 20
30.43318047292507
 30
0.0
 10
27.42442019094867
 20
30.40495087605239
 30
0.0
 10
27.45343637309914
 20
30.38819775351493
 30
0.0
 10
27.48166529710162
 20
30.39576216043782
 30
0.0
 10
27.48166529710162
 20
30.39576216043782
 30
0.0
 10
27.48166596997183
 20
30.39576216043782
 30
0.0
 10
27.48166596997183
 20
30.39576216043782
 30
0.0
 10
27.48166596997183
 20
30.39576216043782
 30
0.0
 10
28.79279058584312
 20
30.74706769810363
 30
0.0
 10
28.79279058584312
 20
30.74706769810363
 30
0.0
 10
28.79279125871333
 20
30.74706769810363
 30
0.0
 10
28.79279125871333
 20
30.74706769810363
 30
0.0
 10
28.79279193158354
 20
30.74706769810363
 30
0.0
 10
28.79279193158354
 20
30.74706769810363
 30
0.0
 10
29.16999691657801
 20
30.84812338375748
 30
0.0
 10
29.16999691657801
 20
30.84812338375748
 30
0.0
 10
29.16999758944823
 20
30.84812338375748
 30
0.0
 10
29.16999893518865
 20
30.84812338375748
 30
0.0
 10
29.16999960805886
 20
30.84812338375748
 30
0.0
 10
29.16999960805886
 20
30.84812338375748
 30
0.0
 10
29.64970627679269
 20
30.97666581757002
 30
0.0
 10
29.64970627679269
 20
30.97666581757002
 30
0.0
 10
29.66796797434536
 20
30.98155892975141
 30
0.0
 10
29.68745227707318
 20
30.97633745690658
 30
0.0
 10
29.70082018957424
 20
30.9629688715353
 30
0.0
 10
29.70082018957424
 20
30.9629688715353
 30
0.0
 10
29.89055882342438
 20
30.77323023768517
 30
0.0
 10
29.89055882342438
 20
30.77323023768517
 30
0.0
 10
29.91122401337418
 20
30.75256504773537
 30
0.0
 10
29.91122334050397
 20
30.71906014840088
 30
0.0
 10
29.89055815055417
 20
30.69839495845108
 30
0.0
 10
29.88399026441519
 20
30.6918263994419
 30
0.0
 10
29.87580883550794
 20
30.68710285055392
 30
0.0
 10
29.86683678410163
 20
30.68469935815679
 30
0.0
 10
29.86683678410163
 20
30.68469935815679
 30
0.0
 10
27.24251578497641
 20
29.98151634314501
 30
0.0
 10
27.24251578497641
 20
29.98151634314501
 30
0.0
 10
27.21428686097393
 20
29.97395193622212
 30
0.0
 10
27.18527067882346
 20
29.99070371301915
 30
0.0
 10
27.17770627190058
 20
30.01893330989183
 30
0.0
  0
SPLINE
  5
A7
330
79
100
AcDbEntity
  8
Layer 1
 62
     1
420
 16711680
370
     0
100
AcDbSpline
210
0.0
220
0.0
230
1.0
 70
     9
 71
     3
 72
    71
 73
    67
 74
     0
 42
0.0000000001
 43
0.0000000001
 40
0.0
 40
0.0
 40
0.0
 40
0.0
 40
1.0
 40
1.0
 40
1.0
 40
2.0
 40
2.0
 40
2.0
 40
3.0
 40
3.0
 40
3.0
 40
4.0
 40
4.0
 40
4.0
 40
5.0
 40
5.0
 40
5.0
 40
6.0
 40
6.0
 40
6.0
 40
7.0
 40
7.0
 40
7.0
 40
8.0
 40
8.0
 40
8.0
 40
9.0
 40
9.0
 40
9.0
 40
10.0
 40
10.0
 40
10.0
 40
11.0
 40
11.0
 40
11.0
 40
12.0
 40
12.0
 40
12.0
 40
13.0
 40
13.0
 40
13.0
 40
14.0
 40
14.0
 40
14.0
 40
15.0
 40
15.0
 40
15.0
 40
16.0
 40
16.0
 40
16.0
 40
17.0
 40
17.0
 40
17.0
 40
18.0
 40
18.0
 40
18.0
 40
19.0
 40
19.0
 40
19.0
 40
20.0
 40
20.0
 40
20.0
 40
21.0
 40
21.0
 40
21.0
 40
22.0
 40
22.0
 40
22.0
 40
22.0
 10
15.21947335021684
 20
8.800491304316928
 30
0.0
 10
15.21947335021684
 20
8.800491304316928
 30
0.0
 10
14.26426545157394
 20
6.010579637508506
 30
0.0
 10
14.26426545157394
 20
6.010579637508506
 30
0.0
 10
14.25479884056183
 20
5.982930054758528
 30
0.0
 10
14.2695390718602
 20
5.952841990360397
 30
0.0
 10
14.29718865461018
 20
5.943376052218503
 30
0.0
 10
14.30597633957841
 20
5.940366976630605
 30
0.0
 10
14.31540123263738
 20
5.939723712707969
 30
0.0
 10
14.32451593252863
 20
5.941512201731367
 30
0.0
 10
14.32451593252863
 20
5.941512201731367
 30
0.0
 10
14.61302619409811
 20
5.998111352480834
 30
0.0
 10
14.61302619409811
 20
5.998111352480834
 30
0.0
 10
14.63157857158235
 20
6.001750234587129
 30
0.0
 10
14.64678005541101
 20
6.015012506464917
 30
0.0
 10
14.65290351077498
 20
6.032898742439314
 30
0.0
 10
14.65290351077498
 20
6.032898742439314
 30
0.0
 10
14.97804684529435
 20
6.982669849769552
 30
0.0
 10
14.97804684529435
 20
6.982669849769552
 30
0.0
 10
14.97804751816457
 20
6.982671868380188
 30
0.0
 10
14.97804819103478
 20
6.982673214120612
 30
0.0
 10
14.97804886390499
 20
6.982675232731248
 30
0.0
 10
14.97804886390499
 20
6.982675232731248
 30
0.0
 10
15.1128896993366
 20
7.376407255871951
 30
0.0
 10
15.1128896993366
 20
7.376407255871951
 30
0.0
 10
15.11289037220682
 20
7.376409274482587
 30
0.0
 10
15.11289070864192
 20
7.376410620223011
 30
0.0
 10
15.11289138151213
 20
7.376412638833647
 30
0.0
 10
15.11289138151213
 20
7.376412638833647
 30
0.0
 10
15.45862420808246
 20
8.386281149145348
 30
0.0
 10
15.45862420808246
 20
8.386281149145348
 30
0.0
 10
15.46695366843635
 20
8.410610117399288
 30
0.0
 10
15.49156793366017
 20
8.425429410947559
 30
0.0
 10
15.51696676555113
 20
8.421406319950234
 30
0.0
 10
15.51696676555113
 20
8.421406319950234
 30
0.0
 10
16.41034798476782
 20
8.279901041504231
 30
0.0
 10
16.41034798476782
 20
8.279901041504231
 30
0.0
 10
16.41034832120293
 20
8.279901041504231
 30
0.0
 10
16.41034865763803
 20
8.279901041504231
 30
0.0
 10
16.41034899407314
 20
8.279901041504231
 30
0.0
 10
16.41034899407314
 20
8.279901041504231
 30
0.0
 10
16.83427573154057
 20
8.212747248609915
 30
0.0
 10
16.83427573154057
 20
8.212747248609915
 30
0.0
 10
16.83427606797567
 20
8.212747248609915
 30
0.0
 10
16.83427606797567
 20
8.212747248609915
 30
0.0
 10
16.83427640441078
 20
8.212747248609915
 30
0.0
 10
16.83427640441078
 20
8.212747248609915
 30
0.0
 10
18.09340648861062
 20
8.013311882135184
 30
0.0
 10
18.09340648861062
 20
8.013311882135184
 30
0.0
 10
18.11207998273301
 20
8.010353944683394
 30
0.0
 10
18.13091294709564
 20
8.017583935110936
 30
0.0
 10
18.14281046996601
 20
8.032277401929569
 30
0.0
 10
18.14281046996601
 20
8.032277401929569
 30
0.0
 10
18.33601623580084
 20
8.270890636495837
 30
0.0
 10
18.33601623580084
 20
8.270890636495837
 30
0.0
 10
18.3544067879991
 20
8.293604043370855
 30
0.0
 10
18.35090264815275
 20
8.326925249137469
 30
0.0
 10
18.32818940949529
 20
8.345315464900625
 30
0.0
 10
18.32097119429645
 20
8.351160015561735
 30
0.0
 10
18.31234180204559
 20
8.355002104472042
 30
0.0
 10
18.30316856244589
 20
8.35645483125967
 30
0.0
 10
18.30316856244589
 20
8.35645483125967
 30
0.0
 10
15.27781489838018
 20
8.835615802251602
 30
0.0
 10
15.27781489838018
 20
8.835615802251602
 30
0.0
 10
15.25241640292433
 20
8.839638220378715
 30
0.0
 10
15.22780281057073
 20
8.824819599700658
 30
0.0
 10
15.21947335021684
 20
8.800491304316928
 30
0.0
  0
SPLINE
  5
A8
330
79
100
AcDbEntity
  8
Layer 1
 62
     1
420
 16711680
370
     0
100
AcDbSpline
210
0.0
220
0.0
230
1.0
 70
     9
 71
     3
 72
    68
 73
    64
 74
     0
 42
0.0000000001
 43
0.0000000001
 40
0.0
 40
0.0
 40
0.0
 40
0.0
 40
1.0
 40
1.0
 40
1.0
 40
2.0
 40
2.0
 40
2.0
 40
3.0
 40
3.0
 40
3.0
 40
4.0
 40
4.0
 40
4.0
 40
5.0
 40
5.0
 40
5.0
 40
6.0
 40
6.0
 40
6.0
 40
7.0
 40
7.0
 40
7.0
 40
8.0
 40
8.0
 40
8.0
 40
9.0
 40
9.0
 40
9.0
 40
10.0
 40
10.0
 40
10.0
 40
11.0
 40
11.0
 40
11.0
 40
12.0
 40
12.0
 40
12.0
 40
13.0
 40
13.0
 40
13.0
 40
14.0
 40
14.0
 40
14.0
 40
15.0
 40
15.0
 40
15.0
 40
16.0
 40
16.0
 40
16.0
 40
17.0
 40
17.0
 40
17.0
 40
18.0
 40
18.0
 40
18.0
 40
19.0
 40
19.0
 40
19.0
 40
20.0
 40
20.0
 40
20.0
 40
21.0
 40
21.0
 40
21.0
 40
21.0
 10
17.23484007881354
 20
4.943935011581591
 30
0.0
 10
17.23484007881354
 20
4.943935011581591
 30
0.0
 10
15.29887775462526
 20
7.163163246907318
 30
0.0
 10
15.29887775462526
 20
7.163163246907318
 30
0.0
 10
15.27966562789819
 20
7.185186288944862
 30
0.0
 10
15.24623844507319
 20
7.187464627482568
 30
0.0
 10
15.22421540303565
 20
7.168252837190605
 30
0.0
 10
15.2172158706557
 20
7.162146540017042
 30
0.0
 10
15.21194696046093
 20
7.154304910566827
 30
0.0
 10
15.20893822130814
 20
7.145517225598592
 30
0.0
 10
15.20893822130814
 20
7.145517225598592
 30
0.0
 10
15.11371800256753
 20
6.867397762277347
 30
0.0
 10
15.11371800256753
 20
6.867397762277347
 30
0.0
 10
15.10759454720356
 20
6.849511526302951
 30
0.0
 10
15.11147801763191
 20
6.829717030407428
 30
0.0
 10
15.12390626688197
 20
6.81547102227975
 30
0.0
 10
15.12390626688197
 20
6.81547102227975
 30
0.0
 10
15.78385097850812
 20
6.05897784611457
 30
0.0
 10
15.78385097850812
 20
6.05897784611457
 30
0.0
 10
15.78385097850812
 20
6.05897784611457
 30
0.0
 10
16.05743832451669
 20
5.745366497722922
 30
0.0
 10
16.05743832451669
 20
5.745366497722922
 30
0.0
 10
16.0574386609518
 20
5.745366497722922
 30
0.0
 10
16.05743933382201
 20
5.745365151982498
 30
0.0
 10
16.05743967025712
 20
5.745365151982498
 30
0.0
 10
16.05743967025712
 20
5.745365151982498
 30
0.0
 10
16.75654038169292
 20
4.943935011581591
 30
0.0
 10
16.75654038169292
 20
4.943935011581591
 30
0.0
 10
16.77455311726717
 20
4.923285970516874
 30
0.0
 10
16.77382238021698
 20
4.892300297255985
 30
0.0
 10
16.75485585111728
 20
4.872523295985972
 30
0.0
 10
16.75485585111728
 20
4.872523295985972
 30
0.0
 10
15.87534114122871
 20
3.955411963003987
 30
0.0
 10
15.87534114122871
 20
3.955411963003987
 30
0.0
 10
15.8753404683585
 20
3.955411963003987
 30
0.0
 10
15.8753401319234
 20
3.955410617263563
 30
0.0
 10
15.87533945905318
 20
3.955410617263563
 30
0.0
 10
15.87533945905318
 20
3.955410617263563
 30
0.0
 10
15.59945728918672
 20
3.667704772032484
 30
0.0
 10
15.59945728918672
 20
3.667704772032484
 30
0.0
 10
15.5994566163165
 20
3.66770342629206
 30
0.0
 10
15.5994562798814
 20
3.66770342629206
 30
0.0
 10
15.59945560701119
 20
3.667702080551636
 30
0.0
 10
15.59945560701119
 20
3.667702080551636
 30
0.0
 10
15.14735411159334
 20
3.196263640982403
 30
0.0
 10
15.14735411159334
 20
3.196263640982403
 30
0.0
 10
15.13426846814619
 20
3.182617833083796
 30
0.0
 10
15.12945677326045
 20
3.163027889732709
 30
0.0
 10
15.13473207572224
 20
3.144872505673528
 30
0.0
 10
15.13473207572224
 20
3.144872505673528
 30
0.0
 10
15.21186621603549
 20
2.879426552794604
 30
0.0
 10
15.21186621603549
 20
2.879426552794604
 30
0.0
 10
15.22002106656938
 20
2.851362481994057
 30
0.0
 10
15.24938243113859
 20
2.835223017089916
 30
0.0
 10
15.27744683837424
 20
2.843376858318482
 30
0.0
 10
15.28636573303381
 20
2.845968754374963
 30
0.0
 10
15.29444555853906
 20
2.850863212296781
 30
0.0
 10
15.30087416054415
 20
2.857566345348354
 30
0.0
 10
15.30087416054415
 20
2.857566345348354
 30
0.0
 10
17.23315706219587
 20
4.872523295985972
 30
0.0
 10
17.23315706219587
 20
4.872523295985972
 30
0.0
 10
17.25212308664292
 20
4.892301642996409
 30
0.0
 10
17.25285331904045
 20
4.923285970516874
 30
0.0
 10
17.23484007881354
 20
4.943935011581591
 30
0.0
  0
SPLINE
  5
A9
330
79
100
AcDbEntity
  8
Layer 1
 62
     1
420
 16711680
370
     0
100
AcDbSpline
210
0.0
220
0.0
230
1.0
 70
     9
 71
     3
 72
    71
 73
    67
 74
     0
 42
0.0000000001
 43
0.0000000001
 40
0.0
 40
0.0
 40
0.0
 40
0.0
 40
1.0
 40
1.0
 40
1.0
 40
2.0
 40
2.0
 40
2.0
 40
3.0
 40
3.0
 40
3.0
 40
4.0
 40
4.0
 40
4.0
 40
5.0
 40
5.0
 40
5.0
 40
6.0
 40
6.0
 40
6.0
 40
7.0
 40
7.0
 40
7.0
 40
8.0
 40
8.0
 40
8.0
 40
9.0
 40
9.0
 40
9.0
 40
10.0
 40
10.0
 40
10.0
 40
11.0
 40
11.0
 40
11.0
 40
12.0
 40
12.0
 40
12.0
 40
13.0
 40
13.0
 40
13.0
 40
14.0
 40
14.0
 40
14.0
 40
15.0
 40
15.0
 40
15.0
 40
16.0
 40
16.0
 40
16.0
 40
17.0
 40
17.0
 40
17.0
 40
18.0
 40
18.0
 40
18.0
 40
19.0
 40
19.0
 40
19.0
 40
20.0
 40
20.0
 40
20.0
 40
21.0
 40
21.0
 40
21.0
 40
22.0
 40
22.0
 40
22.0
 40
22.0
 10
17.60969775607358
 20
5.155451762712115
 30
0.0
 10
17.60969775607358
 20
5.155451762712115
 30
0.0
 10
16.51176399242018
 20
8.015715374532314
 30
0.0
 10
16.51176399242018
 20
8.015715374532314
 30
0.0
 10
16.50129076757098
 20
8.042999588757197
 30
0.0
 10
16.51491840797386
 20
8.073607781829174
 30
0.0
 10
16.54220228576364
 20
8.084081006678378
 30
0.0
 10
16.55087457349052
 20
8.087409695616956
 30
0.0
 10
16.56027019669527
 20
8.088397469088118
 30
0.0
 10
16.56944511847048
 20
8.086944069430279
 30
0.0
 10
16.56944511847048
 20
8.086944069430279
 30
0.0
 10
16.87267004227027
 20
8.038910556479098
 30
0.0
 10
16.87267004227027
 20
8.038910556479098
 30
0.0
 10
16.89134252708735
 20
8.035952619027309
 30
0.0
 10
16.90701838441545
 20
8.023257576738206
 30
0.0
 10
16.9137931781446
 20
8.005608191078421
 30
0.0
 10
16.9137931781446
 20
8.005608191078421
 30
0.0
 10
17.37062310075946
 20
6.815459583486147
 30
0.0
 10
17.37062310075946
 20
6.815459583486147
 30
0.0
 10
17.37062326897701
 20
6.815458910615935
 30
0.0
 10
17.37062360541212
 20
6.815458237745723
 30
0.0
 10
17.37062377362967
 20
6.815457564875511
 30
0.0
 10
17.37062377362967
 20
6.815457564875511
 30
0.0
 10
17.52444493200033
 20
6.414757970689932
 30
0.0
 10
17.52444493200033
 20
6.414757970689932
 30
0.0
 10
17.52444493200033
 20
6.41475729781972
 30
0.0
 10
17.52444510021789
 20
6.41475729781972
 30
0.0
 10
17.52444510021789
 20
6.414756624949508
 30
0.0
 10
17.52444510021789
 20
6.414756624949508
 30
0.0
 10
17.84884760463389
 20
5.569661245013484
 30
0.0
 10
17.84884760463389
 20
5.569661245013484
 30
0.0
 10
17.85795052929643
 20
5.545946607263065
 30
0.0
 10
17.88262064274784
 20
5.532045108683912
 30
0.0
 10
17.90762130369087
 20
5.536543918921096
 30
0.0
 10
17.90762130369087
 20
5.536543918921096
 30
0.0
 10
18.89031813732064
 20
5.713376902105783
 30
0.0
 10
18.89031813732064
 20
5.713376902105783
 30
0.0
 10
18.89031881019085
 20
5.713376902105783
 30
0.0
 10
18.89031939895229
 20
5.713376902105783
 30
0.0
 10
18.8903200718225
 20
5.713376902105783
 30
0.0
 10
18.8903200718225
 20
5.713376902105783
 30
0.0
 10
19.3054834317581
 20
5.788068187114508
 30
0.0
 10
19.3054834317581
 20
5.788068187114508
 30
0.0
 10
19.30548393641076
 20
5.788068187114508
 30
0.0
 10
19.30548448311781
 20
5.788068187114508
 30
0.0
 10
19.30548498777046
 20
5.788068187114508
 30
0.0
 10
19.30548498777046
 20
5.788068187114508
 30
0.0
 10
20.40799267079846
 20
5.986451857447942
 30
0.0
 10
20.40799267079846
 20
5.986451857447942
 30
0.0
 10
20.42659967693304
 20
5.989800059622669
 30
0.0
 10
20.44557945316504
 20
5.982966389749974
 30
0.0
 10
20.45778216473093
 20
5.968526595001251
 30
0.0
 10
20.45778216473093
 20
5.968526595001251
 30
0.0
 10
20.65119290365407
 20
5.739645755180813
 30
0.0
 10
20.65119290365407
 20
5.739645755180813
 30
0.0
 10
20.67005597895868
 20
5.717323958769157
 30
0.0
 10
20.66725170824155
 20
5.68393613885156
 30
0.0
 10
20.64492932306846
 20
5.665072895329394
 30
0.0
 10
20.6378346636623
 20
5.659077621740804
 30
0.0
 10
20.62928694103341
 20
5.655055203613691
 30
0.0
 10
20.62014515811613
 20
5.653410708815653
 30
0.0
 10
20.62014515811613
 20
5.653410708815653
 30
0.0
 10
17.66847027760769
 20
5.122334436619728
 30
0.0
 10
17.66847027760769
 20
5.122334436619728
 30
0.0
 10
17.64347012131732
 20
5.117836972122968
 30
0.0
 10
17.61880068073612
 20
5.131737124961697
 30
0.0
 10
17.60969775607358
 20
5.155451762712115
 30
0.0
  0
SPLINE
  5
AA
330
79
100
AcDbEntity
  8
Layer 1
 62
     1
420
 16711680
370
     0
100
AcDbSpline
210
0.0
220
0.0
230
1.0
 70
     9
 71
     3
 72
    71
 73
    67
 74
     0
 42
0.0000000001
 43
0.0000000001
 40
0.0
 40
0.0
 40
0.0
 40
0.0
 40
1.0
 40
1.0
 40
1.0
 40
2.0
 40
2.0
 40
2.0
 40
3.0
 40
3.0
 40
3.0
 40
4.0
 40
4.0
 40
4.0
 40
5.0
 40
5.0
 40
5.0
 40
6.0
 40
6.0
 40
6.0
 40
7.0
 40
7.0
 40
7.0
 40
8.0
 40
8.0
 40
8.0
 40
9.0
 40
9.0
 40
9.0
 40
10.0
 40
10.0
 40
10.0
 40
11.0
 40
11.0
 40
11.0
 40
12.0
 40
12.0
 40
12.0
 40
13.0
 40
13.0
 40
13.0
 40
14.0
 40
14.0
 40
14.0
 40
15.0
 40
15.0
 40
15.0
 40
16.0
 40
16.0
 40
16.0
 40
17.0
 40
17.0
 40
17.0
 40
18.0
 40
18.0
 40
18.0
 40
19.0
 40
19.0
 40
19.0
 40
20.0
 40
20.0
 40
20.0
 40
21.0
 40
21.0
 40
21.0
 40
22.0
 40
22.0
 40
22.0
 40
22.0
 10
20.00206091143984
 20
8.801385548828626
 30
0.0
 10
20.00206091143984
 20
8.801385548828626
 30
0.0
 10
18.98614923810493
 20
5.979612804613552
 30
0.0
 10
18.98614923810493
 20
5.979612804613552
 30
0.0
 10
18.97624921456754
 20
5.952115290531478
 30
0.0
 10
18.99051448360504
 20
5.921799796001702
 30
0.0
 10
19.01801166125201
 20
5.911899183702881
 30
0.0
 10
19.02675249763174
 20
5.908751496851319
 30
0.0
 10
19.03616780229018
 20
5.907961547222474
 30
0.0
 10
19.04531101505666
 20
5.909607387760935
 30
0.0
 10
19.04531101505666
 20
5.909607387760935
 30
0.0
 10
19.34023684177088
 20
5.962688773042262
 30
0.0
 10
19.34023684177088
 20
5.962688773042262
 30
0.0
 10
19.35884254421942
 20
5.966036975216988
 30
0.0
 10
19.37424849648374
 20
5.979058359558894
 30
0.0
 10
19.38065173969272
 20
5.99684501074192
 30
0.0
 10
19.38065173969272
 20
5.99684501074192
 30
0.0
 10
19.76009922237251
 20
7.050820163447787
 30
0.0
 10
19.76009922237251
 20
7.050820163447787
 30
0.0
 10
19.76009944315805
 20
7.050820836317999
 30
0.0
 10
19.76009967445719
 20
7.050820836317999
 30
0.0
 10
19.76009989524272
 20
7.050821509188211
 30
0.0
 10
19.76009989524272
 20
7.050821509188211
 30
0.0
 10
19.90297708376994
 20
7.447732844080438
 30
0.0
 10
19.90297708376994
 20
7.447732844080438
 30
0.0
 10
19.90297741626245
 20
7.44773351695065
 30
0.0
 10
19.90297774809785
 20
7.447734862691074
 30
0.0
 10
19.90297808190456
 20
7.447735535561286
 30
0.0
 10
19.90297808190456
 20
7.447735535561286
 30
0.0
 10
20.2412109177041
 20
8.387177412267682
 30
0.0
 10
20.2412109177041
 20
8.387177412267682
 30
0.0
 10
20.24981579224663
 20
8.411077089326392
 30
0.0
 10
20.27418877041787
 20
8.425490642136848
 30
0.0
 10
20.29927740914112
 20
8.421516670664995
 30
0.0
 10
20.29927740914112
 20
8.421516670664995
 30
0.0
 10
21.19335631065884
 20
8.279901041504231
 30
0.0
 10
21.19335631065884
 20
8.279901041504231
 30
0.0
 10
21.19335656298517
 20
8.279901041504231
 30
0.0
 10
21.1933568153115
 20
8.279901041504231
 30
0.0
 10
21.19335706763783
 20
8.279901041504231
 30
0.0
 10
21.19335706763783
 20
8.279901041504231
 30
0.0
 10
21.61728380510526
 20
8.212747248609915
 30
0.0
 10
21.61728380510526
 20
8.212747248609915
 30
0.0
 10
21.61728414154036
 20
8.212747248609915
 30
0.0
 10
21.61728430975792
 20
8.212747248609915
 30
0.0
 10
21.61728464619302
 20
8.212747248609915
 30
0.0
 10
21.61728464619302
 20
8.212747248609915
 30
0.0
 10
22.87641473039286
 20
8.013311882135184
 30
0.0
 10
22.87641473039286
 20
8.013311882135184
 30
0.0
 10
22.89508822451525
 20
8.010353944683394
 30
0.0
 10
22.91392118887788
 20
8.017583935110936
 30
0.0
 10
22.9258185435307
 20
8.032277401929569
 30
0.0
 10
22.9258185435307
 20
8.032277401929569
 30
0.0
 10
23.11902447758308
 20
8.270890636495837
 30
0.0
 10
23.11902447758308
 20
8.270890636495837
 30
0.0
 10
23.13741502978134
 20
8.293604043370855
 30
0.0
 10
23.13391072171744
 20
8.326925249137469
 30
0.0
 10
23.11119765127752
 20
8.345315464900625
 30
0.0
 10
23.1039794360787
 20
8.351160015561735
 30
0.0
 10
23.09534987561027
 20
8.355002104472042
 30
0.0
 10
23.08617663601058
 20
8.35645483125967
 30
0.0
 10
23.08617663601058
 20
8.35645483125967
 30
0.0
 10
20.06012697181937
 20
8.835726152966364
 30
0.0
 10
20.06012697181937
 20
8.835726152966364
 30
0.0
 10
20.03503813333778
 20
8.839699451568003
 30
0.0
 10
20.01066524978891
 20
8.825285225887336
 30
0.0
 10
20.00206091143984
 20
8.801385548828626
 30
0.0
  0
SPLINE
  5
AB
330
79
100
AcDbEntity
  8
Layer 1
 62
     1
420
 16711680
370
     0
100
AcDbSpline
210
0.0
220
0.0
230
1.0
 70
     9
 71
     3
 72
    71
 73
    67
 74
     0
 42
0.0000000001
 43
0.0000000001
 40
0.0
 40
0.0
 40
0.0
 40
0.0
 40
1.0
 40
1.0
 40
1.0
 40
2.0
 40
2.0
 40
2.0
 40
3.0
 40
3.0
 40
3.0
 40
4.0
 40
4.0
 40
4.0
 40
5.0
 40
5.0
 40
5.0
 40
6.0
 40
6.0
 40
6.0
 40
7.0
 40
7.0
 40
7.0
 40
8.0
 40
8.0
 40
8.0
 40
9.0
 40
9.0
 40
9.0
 40
10.0
 40
10.0
 40
10.0
 40
11.0
 40
11.0
 40
11.0
 40
12.0
 40
12.0
 40
12.0
 40
13.0
 40
13.0
 40
13.0
 40
14.0
 40
14.0
 40
14.0
 40
15.0
 40
15.0
 40
15.0
 40
16.0
 40
16.0
 40
16.0
 40
17.0
 40
17.0
 40
17.0
 40
18.0
 40
18.0
 40
18.0
 40
19.0
 40
19.0
 40
19.0
 40
20.0
 40
20.0
 40
20.0
 40
21.0
 40
21.0
 40
21.0
 40
22.0
 40
22.0
 40
22.0
 40
22.0
 10
22.01939709960617
 20
4.943280981735563
 30
0.0
 10
22.01939709960617
 20
4.943280981735563
 30
0.0
 10
20.08565011648199
 20
7.231600203295848
 30
0.0
 10
20.08565011648199
 20
7.231600203295848
 30
0.0
 10
20.06678685193263
 20
7.253922672577716
 30
0.0
 10
20.03339941050453
 20
7.256726522750965
 30
0.0
 10
20.0110771830354
 20
7.237863279228799
 30
0.0
 10
20.00398286006434
 20
7.231868005640209
 30
0.0
 10
19.9985914454366
 20
7.224111157836701
 30
0.0
 10
19.99544476789035
 20
7.21537259239394
 30
0.0
 10
19.99544476789035
 20
7.21537259239394
 30
0.0
 10
19.89392833928711
 20
6.933436609230442
 30
0.0
 10
19.89392833928711
 20
6.933436609230442
 30
0.0
 10
19.88752348519793
 20
6.915648612306992
 30
0.0
 10
19.89109533458066
 20
6.895794903832816
 30
0.0
 10
19.90329832344267
 20
6.881354436213881
 30
0.0
 10
19.90329832344267
 20
6.881354436213881
 30
0.0
 10
20.6263591145236
 20
6.025727291720214
 30
0.0
 10
20.6263591145236
 20
6.025727291720214
 30
0.0
 10
20.62635953506749
 20
6.025727291720214
 30
0.0
 10
20.62635995561137
 20
6.02572594597979
 30
0.0
 10
20.62636037615525
 20
6.02572594597979
 30
0.0
 10
20.62636037615525
 20
6.02572594597979
 30
0.0
 10
20.89864588652122
 20
5.703543576828158
 30
0.0
 10
20.89864588652122
 20
5.703543576828158
 30
0.0
 10
20.89864647528266
 20
5.703543576828158
 30
0.0
 10
20.89864714815287
 20
5.703542231087734
 30
0.0
 10
20.89864773691431
 20
5.703542231087734
 30
0.0
 10
20.89864773691431
 20
5.703542231087734
 30
0.0
 10
21.54109622496268
 20
4.943280981735563
 30
0.0
 10
21.54109622496268
 20
4.943280981735563
 30
0.0
 10
21.55837199943727
 20
4.922836493215283
 30
0.0
 10
21.55766128027589
 20
4.892712093825706
 30
0.0
 10
21.5394407960237
 20
4.873104655849108
 30
0.0
 10
21.5394407960237
 20
4.873104655849108
 30
0.0
 10
20.72022333156955
 20
3.991572008194872
 30
0.0
 10
20.72022333156955
 20
3.991572008194872
 30
0.0
 10
20.72022215404668
 20
3.991570662454448
 30
0.0
 10
20.72022089241503
 20
3.991569316714024
 30
0.0
 10
20.72021971489216
 20
3.9915679709736
 30
0.0
 10
20.72021971489216
 20
3.9915679709736
 30
0.0
 10
20.44483668855981
 20
3.695179408527352
 30
0.0
 10
20.44483668855981
 20
3.695179408527352
 30
0.0
 10
20.44483555309132
 20
3.695178062786928
 30
0.0
 10
20.44483445967723
 20
3.695176717046504
 30
0.0
 10
20.44483332420875
 20
3.69517537130608
 30
0.0
 10
20.44483332420875
 20
3.69517537130608
 30
0.0
 10
19.92044661201058
 20
3.130892954149787
 30
0.0
 10
19.92044661201058
 20
3.130892954149787
 30
0.0
 10
19.90757668786216
 20
3.117043939447168
 30
0.0
 10
19.90307301048663
 20
3.097381326113189
 30
0.0
 10
19.9086321544422
 20
3.079310723700714
 30
0.0
 10
19.9086321544422
 20
3.079310723700714
 30
0.0
 10
19.99166180744992
 20
2.80941844446114
 30
0.0
 10
19.99166180744992
 20
2.80941844446114
 30
0.0
 10
20.00025465443741
 20
2.781484910481714
 30
0.0
 10
20.02986491790347
 20
2.765807034542979
 30
0.0
 10
20.05779818904296
 20
2.774399587149745
 30
0.0
 10
20.06667648019067
 20
2.77713009446989
 30
0.0
 10
20.07467943027421
 20
2.782151051991557
 30
0.0
 10
20.08100266500955
 20
2.788955115574926
 30
0.0
 10
20.08100266500955
 20
2.788955115574926
 30
0.0
 10
22.0177426799725
 20
4.873103310108684
 30
0.0
 10
22.0177426799725
 20
4.873103310108684
 30
0.0
 10
22.03596366887735
 20
4.892710748085282
 30
0.0
 10
22.03667388338608
 20
4.922836493215283
 30
0.0
 10
22.01939709960617
 20
4.943280981735563
 30
0.0
  0
SPLINE
  5
AC
330
79
100
AcDbEntity
  8
Layer 1
 62
     1
420
 16711680
370
     0
100
AcDbSpline
210
0.0
220
0.0
230
1.0
 70
     9
 71
     3
 72
    71
 73
    67
 74
     0
 42
0.0000000001
 43
0.0000000001
 40
0.0
 40
0.0
 40
0.0
 40
0.0
 40
1.0
 40
1.0
 40
1.0
 40
2.0
 40
2.0
 40
2.0
 40
3.0
 40
3.0
 40
3.0
 40
4.0
 40
4.0
 40
4.0
 40
5.0
 40
5.0
 40
5.0
 40
6.0
 40
6.0
 40
6.0
 40
7.0
 40
7.0
 40
7.0
 40
8.0
 40
8.0
 40
8.0
 40
9.0
 40
9.0
 40
9.0
 40
10.0
 40
10.0
 40
10.0
 40
11.0
 40
11.0
 40
11.0
 40
12.0
 40
12.0
 40
12.0
 40
13.0
 40
13.0
 40
13.0
 40
14.0
 40
14.0
 40
14.0
 40
15.0
 40
15.0
 40
15.0
 40
16.0
 40
16.0
 40
16.0
 40
17.0
 40
17.0
 40
17.0
 40
18.0
 40
18.0
 40
18.0
 40
19.0
 40
19.0
 40
19.0
 40
20.0
 40
20.0
 40
20.0
 40
21.0
 40
21.0
 40
21.0
 40
22.0
 40
22.0
 40
22.0
 40
22.0
 10
22.39245333509123
 20
5.156109829779415
 30
0.0
 10
22.39245333509123
 20
5.156109829779415
 30
0.0
 10
21.29477198187609
 20
8.015715374532314
 30
0.0
 10
21.29477198187609
 20
8.015715374532314
 30
0.0
 10
21.28429858880934
 20
8.042999588757197
 30
0.0
 10
21.29792622921222
 20
8.073607781829174
 30
0.0
 10
21.32521019111077
 20
8.084081006678378
 30
0.0
 10
21.33388247883766
 20
8.087409695616956
 30
0.0
 10
21.34327827025995
 20
8.088397469088118
 30
0.0
 10
21.35245319203517
 20
8.086944069430279
 30
0.0
 10
21.35245319203517
 20
8.086944069430279
 30
0.0
 10
21.65567845227007
 20
8.038910556479098
 30
0.0
 10
21.65567845227007
 20
8.038910556479098
 30
0.0
 10
21.67435093708714
 20
8.035952619027309
 30
0.0
 10
21.6900269626328
 20
8.023257576738206
 30
0.0
 10
21.69680158814439
 20
8.005608191078421
 30
0.0
 10
21.69680158814439
 20
8.005608191078421
 30
0.0
 10
22.1536313425417
 20
6.815459583486147
 30
0.0
 10
22.1536313425417
 20
6.815459583486147
 30
0.0
 10
22.15363151075925
 20
6.815458910615935
 30
0.0
 10
22.15363184719436
 20
6.815458237745723
 30
0.0
 10
22.15363201541191
 20
6.815457564875511
 30
0.0
 10
22.15363201541191
 20
6.815457564875511
 30
0.0
 10
22.30745300556502
 20
6.414757970689932
 30
0.0
 10
22.30745300556502
 20
6.414757970689932
 30
0.0
 10
22.30745317378257
 20
6.41475729781972
 30
0.0
 10
22.30745317378257
 20
6.41475729781972
 30
0.0
 10
22.30745334200013
 20
6.414756624949508
 30
0.0
 10
22.30745334200013
 20
6.414756624949508
 30
0.0
 10
22.63160335186909
 20
5.570317966340359
 30
0.0
 10
22.63160335186909
 20
5.570317966340359
 30
0.0
 10
22.64081898229214
 20
5.546311302917949
 30
0.0
 10
22.66595976845681
 20
5.5324044213771
 30
0.0
 10
22.69119391536339
 20
5.537355400396723
 30
0.0
 10
22.69119391536339
 20
5.537355400396723
 30
0.0
 10
23.7386437409712
 20
5.742878223679083
 30
0.0
 10
23.7386437409712
 20
5.742878223679083
 30
0.0
 10
23.7386440774063
 20
5.742878223679083
 30
0.0
 10
23.7386440774063
 20
5.742878223679083
 30
0.0
 10
23.73864441384141
 20
5.742878223679083
 30
0.0
 10
23.73864441384141
 20
5.742878223679083
 30
0.0
 10
24.14703558741994
 20
5.82300360851962
 30
0.0
 10
24.14703558741994
 20
5.82300360851962
 30
0.0
 10
24.14703592385504
 20
5.82300360851962
 30
0.0
 10
24.14703659672526
 20
5.82300360851962
 30
0.0
 10
24.14703693316036
 20
5.82300360851962
 30
0.0
 10
24.14703693316036
 20
5.82300360851962
 30
0.0
 10
25.13212666148142
 20
6.016249241914505
 30
0.0
 10
25.13212666148142
 20
6.016249241914505
 30
0.0
 10
25.15067769322524
 20
6.0198881240208
 30
0.0
 10
25.16976130174182
 20
6.013354554262641
 30
0.0
 10
25.18218887812167
 20
5.999108546134963
 30
0.0
 10
25.18218887812167
 20
5.999108546134963
 30
0.0
 10
25.37544056734847
 20
5.777584869212127
 30
0.0
 10
25.37544056734847
 20
5.777584869212127
 30
0.0
 10
25.39465235764043
 20
5.755561827174583
 30
0.0
 10
25.39237368266761
 20
5.722134980784692
 30
0.0
 10
25.37035064063007
 20
5.702923190492728
 30
0.0
 10
25.36335110825012
 20
5.696816220448953
 30
0.0
 10
25.3548675606177
 20
5.69266057401987
 30
0.0
 10
25.34575252429134
 20
5.690872084996473
 30
0.0
 10
25.34575252429134
 20
5.690872084996473
 30
0.0
 10
22.45204305749776
 20
5.123145918095355
 30
0.0
 10
22.45204305749776
 20
5.123145918095355
 30
0.0
 10
22.42680891059118
 20
5.118194939075732
 30
0.0
 10
22.40166846086161
 20
5.13210182061658
 30
0.0
 10
22.39245333509123
 20
5.156109829779415
 30
0.0
  0
SPLINE
  5
AD
330
79
100
AcDbEntity
  8
Layer 1
 62
     1
420
 16711680
370
     0
100
AcDbSpline
210
0.0
220
0.0
230
1.0
 70
     9
 71
     3
 72
    71
 73
    67
 74
     0
 42
0.0000000001
 43
0.0000000001
 40
0.0
 40
0.0
 40
0.0
 40
0.0
 40
1.0
 40
1.0
 40
1.0
 40
2.0
 40
2.0
 40
2.0
 40
3.0
 40
3.0
 40
3.0
 40
4.0
 40
4.0
 40
4.0
 40
5.0
 40
5.0
 40
5.0
 40
6.0
 40
6.0
 40
6.0
 40
7.0
 40
7.0
 40
7.0
 40
8.0
 40
8.0
 40
8.0
 40
9.0
 40
9.0
 40
9.0
 40
10.0
 40
10.0
 40
10.0
 40
11.0
 40
11.0
 40
11.0
 40
12.0
 40
12.0
 40
12.0
 40
13.0
 40
13.0
 40
13.0
 40
14.0
 40
14.0
 40
14.0
 40
15.0
 40
15.0
 40
15.0
 40
16.0
 40
16.0
 40
16.0
 40
17.0
 40
17.0
 40
17.0
 40
18.0
 40
18.0
 40
18.0
 40
19.0
 40
19.0
 40
19.0
 40
20.0
 40
20.0
 40
20.0
 40
21.0
 40
21.0
 40
21.0
 40
22.0
 40
22.0
 40
22.0
 40
22.0
 10
24.78494514534473
 20
8.798900639135847
 30
0.0
 10
24.78494514534473
 20
8.798900639135847
 30
0.0
 10
23.83028193513842
 20
6.010579637508506
 30
0.0
 10
23.83028193513842
 20
6.010579637508506
 30
0.0
 10
23.82081532412632
 20
5.982930054758528
 30
0.0
 10
23.83555555542468
 20
5.952841990360397
 30
0.0
 10
23.86320513817466
 20
5.943376052218503
 30
0.0
 10
23.87199282314289
 20
5.940366976630605
 30
0.0
 10
23.88141771620185
 20
5.939723712707969
 30
0.0
 10
23.8905324160931
 20
5.941512201731367
 30
0.0
 10
23.8905324160931
 20
5.941512201731367
 30
0.0
 10
24.17904267766258
 20
5.998111352480834
 30
0.0
 10
24.17904267766258
 20
5.998111352480834
 30
0.0
 10
24.19759505514682
 20
6.001750234587129
 30
0.0
 10
24.21279653897549
 20
6.015012506464917
 30
0.0
 10
24.21891999433946
 20
6.032898742439314
 30
0.0
 10
24.21891999433946
 20
6.032898742439314
 30
0.0
 10
24.54406332885883
 20
6.982669849769552
 30
0.0
 10
24.54406332885883
 20
6.982669849769552
 30
0.0
 10
24.54406400172905
 20
6.982671868380188
 30
0.0
 10
24.54406467459925
 20
6.982673214120612
 30
0.0
 10
24.54406534746947
 20
6.982675232731248
 30
0.0
 10
24.54406534746947
 20
6.982675232731248
 30
0.0
 10
24.67890618290108
 20
7.376407255871951
 30
0.0
 10
24.67890618290108
 20
7.376407255871951
 30
0.0
 10
24.6789068557713
 20
7.376409274482587
 30
0.0
 10
24.6789071922064
 20
7.376410620223011
 30
0.0
 10
24.67890786507661
 20
7.376412638833647
 30
0.0
 10
24.67890786507661
 20
7.376412638833647
 30
0.0
 10
25.02409566677525
 20
8.384689811094055
 30
0.0
 10
25.02409566677525
 20
8.384689811094055
 30
0.0
 10
25.03266265031397
 20
8.409714527147167
 30
0.0
 10
25.05839253434921
 20
8.424570155686883
 30
0.0
 10
25.08434850277568
 20
8.419477201052536
 30
0.0
 10
25.08434850277568
 20
8.419477201052536
 30
0.0
 10
26.13014760953598
 20
8.21427802834213
 30
0.0
 10
26.13014760953598
 20
8.21427802834213
 30
0.0
 10
26.13014760953598
 20
8.21427802834213
 30
0.0
 10
26.1301482824062
 20
8.21427802834213
 30
0.0
 10
26.1301482824062
 20
8.21427802834213
 30
0.0
 10
26.1301482824062
 20
8.21427802834213
 30
0.0
 10
26.53854012885494
 20
8.134153316371804
 30
0.0
 10
26.53854012885494
 20
8.134153316371804
 30
0.0
 10
26.53854012885494
 20
8.134153316371804
 30
0.0
 10
26.53854080172515
 20
8.134152643501593
 30
0.0
 10
26.53854080172515
 20
8.134152643501593
 30
0.0
 10
26.53854080172515
 20
8.134152643501593
 30
0.0
 10
27.52363086648132
 20
7.94090768297692
 30
0.0
 10
27.52363086648132
 20
7.94090768297692
 30
0.0
 10
27.54218189822513
 20
7.937268800870625
 30
0.0
 10
27.56126584317682
 20
7.943802370628784
 30
0.0
 10
27.57369308312157
 20
7.958048378756462
 30
0.0
 10
27.57369308312157
 20
7.958048378756462
 30
0.0
 10
27.76694477234836
 20
8.179571382809086
 30
0.0
 10
27.76694477234836
 20
8.179571382809086
 30
0.0
 10
27.78615723551054
 20
8.201593751976419
 30
0.0
 10
27.78387889697283
 20
8.23502127123652
 30
0.0
 10
27.76185585493529
 20
8.254233734398697
 30
0.0
 10
27.75485598612024
 20
8.26034003157226
 30
0.0
 10
27.74637243848781
 20
8.264496350871555
 30
0.0
 10
27.73725706572635
 20
8.266284839894952
 30
0.0
 10
27.73725706572635
 20
8.266284839894952
 30
0.0
 10
24.84519629916963
 20
8.833686683353905
 30
0.0
 10
24.84519629916963
 20
8.833686683353905
 30
0.0
 10
24.81924134004848
 20
8.83877896511804
 30
0.0
 10
24.79351280175366
 20
8.823924682318747
 30
0.0
 10
24.78494514534473
 20
8.798900639135847
 30
0.0
  0
SPLINE
  5
AE
330
79
100
AcDbEntity
  8
Layer 1
 62
     1
420
 16711680
370
     0
100
AcDbSpline
210
0.0
220
0.0
230
1.0
 70
     9
 71
     3
 72
    68
 73
    64
 74
     0
 42
0.0000000001
 43
0.0000000001
 40
0.0
 40
0.0
 40
0.0
 40
0.0
 40
1.0
 40
1.0
 40
1.0
 40
2.0
 40
2.0
 40
2.0
 40
3.0
 40
3.0
 40
3.0
 40
4.0
 40
4.0
 40
4.0
 40
5.0
 40
5.0
 40
5.0
 40
6.0
 40
6.0
 40
6.0
 40
7.0
 40
7.0
 40
7.0
 40
8.0
 40
8.0
 40
8.0
 40
9.0
 40
9.0
 40
9.0
 40
10.0
 40
10.0
 40
10.0
 40
11.0
 40
11.0
 40
11.0
 40
12.0
 40
12.0
 40
12.0
 40
13.0
 40
13.0
 40
13.0
 40
14.0
 40
14.0
 40
14.0
 40
15.0
 40
15.0
 40
15.0
 40
16.0
 40
16.0
 40
16.0
 40
17.0
 40
17.0
 40
17.0
 40
18.0
 40
18.0
 40
18.0
 40
19.0
 40
19.0
 40
19.0
 40
20.0
 40
20.0
 40
20.0
 40
21.0
 40
21.0
 40
21.0
 40
21.0
 10
26.80085656237802
 20
4.943935011581591
 30
0.0
 10
26.80085656237802
 20
4.943935011581591
 30
0.0
 10
24.86489423818973
 20
7.163163246907318
 30
0.0
 10
24.86489423818973
 20
7.163163246907318
 30
0.0
 10
24.84568244789777
 20
7.185186288944862
 30
0.0
 10
24.81225492863767
 20
7.18746530035278
 30
0.0
 10
24.79023222303523
 20
7.168252837190605
 30
0.0
 10
24.78323235422018
 20
7.162146540017042
 30
0.0
 10
24.7779631075903
 20
7.154305583437039
 30
0.0
 10
24.77495436843751
 20
7.145517225598592
 30
0.0
 10
24.77495436843751
 20
7.145517225598592
 30
0.0
 10
24.67973448613201
 20
6.867397762277347
 30
0.0
 10
24.67973448613201
 20
6.867397762277347
 30
0.0
 10
24.67361069433294
 20
6.849511526302951
 30
0.0
 10
24.67749450119639
 20
6.829717030407428
 30
0.0
 10
24.68992241401134
 20
6.81547102227975
 30
0.0
 10
24.68992241401134
 20
6.81547102227975
 30
0.0
 10
25.3498674620726
 20
6.05897784611457
 30
0.0
 10
25.3498674620726
 20
6.05897784611457
 30
0.0
 10
25.3498674620726
 20
6.05897784611457
 30
0.0
 10
25.62345480808117
 20
5.745366497722922
 30
0.0
 10
25.62345480808117
 20
5.745366497722922
 30
0.0
 10
25.62345548095138
 20
5.745366497722922
 30
0.0
 10
25.62345548095138
 20
5.745365151982498
 30
0.0
 10
25.6234561538216
 20
5.745365151982498
 30
0.0
 10
25.6234561538216
 20
5.745365151982498
 30
0.0
 10
26.3225568652574
 20
4.943935011581591
 30
0.0
 10
26.3225568652574
 20
4.943935011581591
 30
0.0
 10
26.34056960083165
 20
4.923285970516874
 30
0.0
 10
26.33983886378146
 20
4.892300297255985
 30
0.0
 10
26.32087199824665
 20
4.872523295985972
 30
0.0
 10
26.32087199824665
 20
4.872523295985972
 30
0.0
 10
25.44135762479319
 20
3.955411963003987
 30
0.0
 10
25.44135762479319
 20
3.955411963003987
 30
0.0
 10
25.44135695192298
 20
3.955411963003987
 30
0.0
 10
25.44135627905277
 20
3.955410617263563
 30
0.0
 10
25.44135560618256
 20
3.955410617263563
 30
0.0
 10
25.44135560618256
 20
3.955410617263563
 30
0.0
 10
25.16547343631609
 20
3.667704772032484
 30
0.0
 10
25.16547343631609
 20
3.667704772032484
 30
0.0
 10
25.16547309988098
 20
3.66770342629206
 30
0.0
 10
25.16547242701077
 20
3.66770342629206
 30
0.0
 10
25.16547209057567
 20
3.667702080551636
 30
0.0
 10
25.16547209057567
 20
3.667702080551636
 30
0.0
 10
24.71337059515782
 20
3.196263640982403
 30
0.0
 10
24.71337059515782
 20
3.196263640982403
 30
0.0
 10
24.70028495171067
 20
3.182617833083796
 30
0.0
 10
24.69547325682493
 20
3.163027889732709
 30
0.0
 10
24.70074855928672
 20
3.144872505673528
 30
0.0
 10
24.70074855928672
 20
3.144872505673528
 30
0.0
 10
24.77788269959997
 20
2.879426552794604
 30
0.0
 10
24.77788269959997
 20
2.879426552794604
 30
0.0
 10
24.78603755013386
 20
2.851362481994057
 30
0.0
 10
24.81539891470307
 20
2.835223017089916
 30
0.0
 10
24.84346332193872
 20
2.843376858318482
 30
0.0
 10
24.85238221659829
 20
2.845968754374963
 30
0.0
 10
24.86046204210353
 20
2.850863212296781
 30
0.0
 10
24.86689064410863
 20
2.857566345348354
 30
0.0
 10
24.86689064410863
 20
2.857566345348354
 30
0.0
 10
26.7991737139779
 20
4.872523295985972
 30
0.0
 10
26.7991737139779
 20
4.872523295985972
 30
0.0
 10
26.8181399066425
 20
4.892301642996409
 30
0.0
 10
26.81886997082248
 20
4.923285970516874
 30
0.0
 10
26.80085656237802
 20
4.943935011581591
 30
0.0
  0
SPLINE
  5
AF
330
79
100
AcDbEntity
  8
Layer 1
 62
     1
420
 16711680
370
     0
100
AcDbSpline
210
0.0
220
0.0
230
1.0
 70
     9
 71
     3
 72
    68
 73
    64
 74
     0
 42
0.0000000001
 43
0.0000000001
 40
0.0
 40
0.0
 40
0.0
 40
0.0
 40
1.0
 40
1.0
 40
1.0
 40
2.0
 40
2.0
 40
2.0
 40
3.0
 40
3.0
 40
3.0
 40
4.0
 40
4.0
 40
4.0
 40
5.0
 40
5.0
 40
5.0
 40
6.0
 40
6.0
 40
6.0
 40
7.0
 40
7.0
 40
7.0
 40
8.0
 40
8.0
 40
8.0
 40
9.0
 40
9.0
 40
9.0
 40
10.0
 40
10.0
 40
10.0
 40
11.0
 40
11.0
 40
11.0
 40
12.0
 40
12.0
 40
12.0
 40
13.0
 40
13.0
 40
13.0
 40
14.0
 40
14.0
 40
14.0
 40
15.0
 40
15.0
 40
15.0
 40
16.0
 40
16.0
 40
16.0
 40
17.0
 40
17.0
 40
17.0
 40
18.0
 40
18.0
 40
18.0
 40
19.0
 40
19.0
 40
19.0
 40
20.0
 40
20.0
 40
20.0
 40
21.0
 40
21.0
 40
21.0
 40
21.0
 10
27.17572265051571
 20
5.160377172663683
 30
0.0
 10
27.17572265051571
 20
5.160377172663683
 30
0.0
 10
26.22178580370321
 20
7.946577287382919
 30
0.0
 10
26.22178580370321
 20
7.946577287382919
 30
0.0
 10
26.2123191926911
 20
7.974226870132897
 30
0.0
 10
26.22705976042457
 20
8.004314934531027
 30
0.0
 10
26.25470867030434
 20
8.013781545543134
 30
0.0
 10
26.26349702814279
 20
8.016790621131031
 30
0.0
 10
26.27292192120175
 20
8.017433212183455
 30
0.0
 10
26.282036621093
 20
8.015644723160058
 30
0.0
 10
26.282036621093
 20
8.015644723160058
 30
0.0
 10
26.57054654622737
 20
7.95904557241059
 30
0.0
 10
26.57054654622737
 20
7.95904557241059
 30
0.0
 10
26.58909892371161
 20
7.955406017434083
 30
0.0
 10
26.60430040754028
 20
7.942144418426507
 30
0.0
 10
26.61042419933935
 20
7.924257509581899
 30
0.0
 10
26.61042419933935
 20
7.924257509581899
 30
0.0
 10
26.93556719742362
 20
6.974487075121873
 30
0.0
 10
26.93556719742362
 20
6.974487075121873
 30
0.0
 10
26.93556787029383
 20
6.974485056511237
 30
0.0
 10
26.93556854316405
 20
6.974483037900601
 30
0.0
 10
26.93556921603426
 20
6.974481019289965
 30
0.0
 10
26.93556921603426
 20
6.974481019289965
 30
0.0
 10
27.07041038790098
 20
6.580749669019474
 30
0.0
 10
27.07041038790098
 20
6.580749669019474
 30
0.0
 10
27.07041106077119
 20
6.580747650408838
 30
0.0
 10
27.07041106077119
 20
6.580746304668414
 30
0.0
 10
27.0704117336414
 20
6.580744286057778
 30
0.0
 10
27.0704117336414
 20
6.580744286057778
 30
0.0
 10
27.41487350838134
 20
5.574588000705476
 30
0.0
 10
27.41487350838134
 20
5.574588000705476
 30
0.0
 10
27.42374933934734
 20
5.548662311438547
 30
0.0
 10
27.45094944479573
 20
5.533801299937135
 30
0.0
 10
27.47756146167886
 20
5.540338906916566
 30
0.0
 10
27.47756146167886
 20
5.540338906916566
 30
0.0
 10
28.71159466449535
 20
5.843475011848378
 30
0.0
 10
28.71159466449535
 20
5.843475011848378
 30
0.0
 10
28.71159466449535
 20
5.843475011848378
 30
0.0
 10
28.71159533736556
 20
5.843475011848378
 30
0.0
 10
28.71159533736556
 20
5.843475011848378
 30
0.0
 10
28.71159533736556
 20
5.843475011848378
 30
0.0
 10
29.09871237345246
 20
5.938560992981697
 30
0.0
 10
29.09871237345246
 20
5.938560992981697
 30
0.0
 10
29.09871237345246
 20
5.938560992981697
 30
0.0
 10
29.733002226072
 20
6.094355343248942
 30
0.0
 10
29.733002226072
 20
6.094355343248942
 30
0.0
 10
29.75136148980541
 20
6.098864919409517
 30
0.0
 10
29.77073140459718
 20
6.093237705826871
 30
0.0
 10
29.78381671160923
 20
6.079593243668688
 30
0.0
 10
29.78381671160923
 20
6.079593243668688
 30
0.0
 10
29.97515004786171
 20
5.880087225821701
 30
0.0
 10
29.97515004786171
 20
5.880087225821701
 30
0.0
 10
29.99537921791416
 20
5.858994090417089
 30
0.0
 10
29.99467876002351
 20
5.825497265525155
 30
0.0
 10
29.97358629748911
 20
5.805268095472703
 30
0.0
 10
29.96688181869711
 20
5.798838147727185
 30
0.0
 10
29.95860215073891
 20
5.794286853613469
 30
0.0
 10
29.94958097980712
 20
5.792070419135264
 30
0.0
 10
29.94958097980712
 20
5.792070419135264
 30
0.0
 10
27.23840925807281
 20
5.126129424615198
 30
0.0
 10
27.23840925807281
 20
5.126129424615198
 30
0.0
 10
27.21179791405989
 20
5.11959316337619
 30
0.0
 10
27.18459915435192
 20
5.134452829137178
 30
0.0
 10
27.17572265051571
 20
5.160377172663683
 30
0.0
  0
SPLINE
  5
B0
330
79
100
AcDbEntity
  8
Layer 1
 62
     1
420
 16711680
370
     0
100
AcDbSpline
210
0.0
220
0.0
230
1.0
 70
    11
 71
     3
 72
    35
 73
    31
 74
     0
 42
0.0000000001
 43
0.0000000001
 40
0.0
 40
0.0
 40
0.0
 40
0.0
 40
1.0
 40
1.0
 40
1.0
 40
2.0
 40
2.0
 40
2.0
 40
3.0
 40
3.0
 40
3.0
 40
4.0
 40
4.0
 40
4.0
 40
5.0
 40
5.0
 40
5.0
 40
6.0
 40
6.0
 40
6.0
 40
7.0
 40
7.0
 40
7.0
 40
8.0
 40
8.0
 40
8.0
 40
9.0
 40
9.0
 40
9.0
 40
10.0
 40
10.0
 40
10.0
 40
10.0
 10
29.22418046326654
 20
33.90293530570293
 30
0.0
 10
29.22418046326654
 20
33.90293530570293
 30
0.0
 10
27.26562753101692
 20
31.94438237345331
 30
0.0
 10
27.26562753101692
 20
31.94438237345331
 30
0.0
 10
27.24496234106711
 20
31.9237171835035
 30
0.0
 10
27.21145744173263
 20
31.9237171835035
 30
0.0
 10
27.19079225178283
 20
31.94438237345331
 30
0.0
 10
27.18422301990344
 20
31.95095093246249
 30
0.0
 10
27.17949947101546
 20
31.95913303423996
 30
0.0
 10
27.17709530574812
 20
31.9681064313867
 30
0.0
 10
27.17709530574812
 20
31.9681064313867
 30
0.0
 10
27.10766452005652
 20
32.22726912222631
 30
0.0
 10
27.10766452005652
 20
32.22726912222631
 30
0.0
 10
27.10277275361554
 20
32.24552947403856
 30
0.0
 10
27.10799288071995
 20
32.26501175815573
 30
0.0
 10
27.12135944748059
 20
32.27837899778658
 30
0.0
 10
27.12135944748059
 20
32.27837899778658
 30
0.0
 10
27.47248869315087
 20
32.62954457844831
 30
0.0
 10
27.47248869315087
 20
32.62954457844831
 30
0.0
 10
27.47248936602108
 20
32.62954457844831
 30
0.0
 10
27.47249003889129
 20
32.62954592418873
 30
0.0
 10
27.47249071176151
 20
32.62954592418873
 30
0.0
 10
27.47249071176151
 20
32.62954592418873
 30
0.0
 10
27.74864135684254
 20
32.90569724213998
 30
0.0
 10
27.74864135684254
 20
32.90569724213998
 30
0.0
 10
27.74864135684254
 20
32.90569724213998
 30
0.0
 10
28.74587942040549
 20
33.90293530570293
 30
0.0
 10
28.74587942040549
 20
33.90293530570293
 30
0.0
 10
28.74587942040549
 20
33.90293530570293
 30
0.0
 10
29.22418046326654
 20
33.90293530570293
 30
0.0
 10
29.22418046326654
 20
33.90293530570293
 30
0.0
  0
SPLINE
  5
B1
330
79
100
AcDbEntity
  8
Layer 1
 62
     1
420
 16711680
370
     0
100
AcDbSpline
210
0.0
220
0.0
230
1.0
 70
     9
 71
     3
 72
    68
 73
    64
 74
     0
 42
0.0000000001
 43
0.0000000001
 40
0.0
 40
0.0
 40
0.0
 40
0.0
 40
1.0
 40
1.0
 40
1.0
 40
2.0
 40
2.0
 40
2.0
 40
3.0
 40
3.0
 40
3.0
 40
4.0
 40
4.0
 40
4.0
 40
5.0
 40
5.0
 40
5.0
 40
6.0
 40
6.0
 40
6.0
 40
7.0
 40
7.0
 40
7.0
 40
8.0
 40
8.0
 40
8.0
 40
9.0
 40
9.0
 40
9.0
 40
10.0
 40
10.0
 40
10.0
 40
11.0
 40
11.0
 40
11.0
 40
12.0
 40
12.0
 40
12.0
 40
13.0
 40
13.0
 40
13.0
 40
14.0
 40
14.0
 40
14.0
 40
15.0
 40
15.0
 40
15.0
 40
16.0
 40
16.0
 40
16.0
 40
17.0
 40
17.0
 40
17.0
 40
18.0
 40
18.0
 40
18.0
 40
19.0
 40
19.0
 40
19.0
 40
20.0
 40
20.0
 40
20.0
 40
21.0
 40
21.0
 40
21.0
 40
21.0
 10
29.56867453577665
 20
8.793586983071978
 30
0.0
 10
29.56867453577665
 20
8.793586983071978
 30
0.0
 10
28.79054387220537
 20
6.115195479453856
 30
0.0
 10
28.79054387220537
 20
6.115195479453856
 30
0.0
 10
28.78239070384702
 20
6.087130735783096
 30
0.0
 10
28.7985321873618
 20
6.057770044084097
 30
0.0
 10
28.82659693103255
 20
6.049616875725743
 30
0.0
 10
28.83551649856233
 20
6.047025652539474
 30
0.0
 10
28.84496157772766
 20
6.046827828697157
 30
0.0
 10
28.85398207578923
 20
6.049043590305151
 30
0.0
 10
28.85398207578923
 20
6.049043590305151
 30
0.0
 10
29.12242095537097
 20
6.114978815245604
 30
0.0
 10
29.12242095537097
 20
6.114978815245604
 30
0.0
 10
29.14078089197459
 20
6.119488391406179
 30
0.0
 10
29.15533978475083
 20
6.133450448304408
 30
0.0
 10
29.1606144143424
 20
6.151605159493378
 30
0.0
 10
29.1606144143424
 20
6.151605159493378
 30
0.0
 10
29.34283708792492
 20
6.778839295070279
 30
0.0
 10
29.34283708792492
 20
6.778839295070279
 30
0.0
 10
29.34283708792492
 20
6.778839967940491
 30
0.0
 10
29.34283776079512
 20
6.778839967940491
 30
0.0
 10
29.34283776079512
 20
6.778840640810703
 30
0.0
 10
29.34283776079512
 20
6.778840640810703
 30
0.0
 10
29.45403225480283
 20
7.161632467175103
 30
0.0
 10
29.45403225480283
 20
7.161632467175103
 30
0.0
 10
29.45403225480283
 20
7.161633140045315
 30
0.0
 10
29.45403292767305
 20
7.161633812915527
 30
0.0
 10
29.45403292767305
 20
7.161634485785738
 30
0.0
 10
29.45403292767305
 20
7.161634485785738
 30
0.0
 10
29.80782472077206
 20
8.379378846511032
 30
0.0
 10
29.80782472077206
 20
8.379378846511032
 30
0.0
 10
29.81576795362428
 20
8.406718908963508
 30
0.0
 10
29.84391882468217
 20
8.422873849882524
 30
0.0
 10
29.87153139957049
 20
8.415937903737612
 30
0.0
 10
29.87153139957049
 20
8.415937903737612
 30
0.0
 10
31.1235699363889
 20
8.10143769379596
 30
0.0
 10
31.1235699363889
 20
8.10143769379596
 30
0.0
 10
31.1235699363889
 20
8.10143769379596
 30
0.0
 10
31.12357060925911
 20
8.101437020925747
 30
0.0
 10
31.12357060925911
 20
8.101437020925747
 30
0.0
 10
31.12357060925911
 20
8.101437020925747
 30
0.0
 10
31.50823907064467
 20
8.004820260060212
 30
0.0
 10
31.50823907064467
 20
8.004820260060212
 30
0.0
 10
31.50823907064467
 20
8.004820260060212
 30
0.0
 10
32.10380591543597
 20
7.855227081666417
 30
0.0
 10
32.10380591543597
 20
7.855227081666417
 30
0.0
 10
32.12214162871195
 20
7.850621957935743
 30
0.0
 10
32.14154047692284
 20
7.856148240986594
 30
0.0
 10
32.15469643530714
 20
7.869724070383157
 30
0.0
 10
32.15469643530714
 20
7.869724070383157
 30
0.0
 10
32.34564892701965
 20
8.066764691773512
 30
0.0
 10
32.34564892701965
 20
8.066764691773512
 30
0.0
 10
32.36598710204645
 20
8.087751513684635
 30
0.0
 10
32.36546226328111
 20
8.12125237579784
 30
0.0
 10
32.34447544137
 20
8.141591223694842
 30
0.0
 10
32.33780460608859
 20
8.148055487821169
 30
0.0
 10
32.32954983432823
 20
8.152650518498663
 30
0.0
 10
32.32054010219005
 20
8.154913381021495
 30
0.0
 10
32.32054010219005
 20
8.154913381021495
 30
0.0
 10
29.63238121457508
 20
8.830146040298556
 30
0.0
 10
29.63238121457508
 20
8.830146040298556
 30
0.0
 10
29.60476863968676
 20
8.837081986443468
 30
0.0
 10
29.57661776862887
 20
8.820927045524452
 30
0.0
 10
29.56867453577665
 20
8.793586983071978
 30
0.0
  0
SPLINE
  5
B2
330
79
100
AcDbEntity
  8
Layer 1
 62
     1
420
 16711680
370
     0
100
AcDbSpline
210
0.0
220
0.0
230
1.0
 70
     9
 71
     3
 72
    71
 73
    67
 74
     0
 42
0.0000000001
 43
0.0000000001
 40
0.0
 40
0.0
 40
0.0
 40
0.0
 40
1.0
 40
1.0
 40
1.0
 40
2.0
 40
2.0
 40
2.0
 40
3.0
 40
3.0
 40
3.0
 40
4.0
 40
4.0
 40
4.0
 40
5.0
 40
5.0
 40
5.0
 40
6.0
 40
6.0
 40
6.0
 40
7.0
 40
7.0
 40
7.0
 40
8.0
 40
8.0
 40
8.0
 40
9.0
 40
9.0
 40
9.0
 40
10.0
 40
10.0
 40
10.0
 40
11.0
 40
11.0
 40
11.0
 40
12.0
 40
12.0
 40
12.0
 40
13.0
 40
13.0
 40
13.0
 40
14.0
 40
14.0
 40
14.0
 40
15.0
 40
15.0
 40
15.0
 40
16.0
 40
16.0
 40
16.0
 40
17.0
 40
17.0
 40
17.0
 40
18.0
 40
18.0
 40
18.0
 40
19.0
 40
19.0
 40
19.0
 40
20.0
 40
20.0
 40
20.0
 40
21.0
 40
21.0
 40
21.0
 40
22.0
 40
22.0
 40
22.0
 40
22.0
 10
31.57981765805286
 20
4.944860880993251
 30
0.0
 10
31.57981765805286
 20
4.944860880993251
 30
0.0
 10
29.64989871767332
 20
6.957389443035896
 30
0.0
 10
29.64989871767332
 20
6.957389443035896
 30
0.0
 10
29.62967089336128
 20
6.97848325131072
 30
0.0
 10
29.59617339559914
 20
6.979184382071585
 30
0.0
 10
29.57507958732432
 20
6.958956557759558
 30
0.0
 10
29.56837578140253
 20
6.952527955754464
 30
0.0
 10
29.56348266922114
 20
6.944448130249214
 30
0.0
 10
29.56089077316466
 20
6.935529235589647
 30
0.0
 10
29.56089077316466
 20
6.935529235589647
 30
0.0
 10
29.48375696928651
 20
6.670084628451147
 30
0.0
 10
29.48375696928651
 20
6.670084628451147
 30
0.0
 10
29.47848166682472
 20
6.651929244391965
 30
0.0
 10
29.48329268884025
 20
6.632338628170666
 30
0.0
 10
29.49637866872251
 20
6.61869282027206
 30
0.0
 10
29.49637866872251
 20
6.61869282027206
 30
0.0
 10
29.94848016414035
 20
6.147253707832614
 30
0.0
 10
29.94848016414035
 20
6.147253707832614
 30
0.0
 10
29.94848083701056
 20
6.147253034962402
 30
0.0
 10
29.94848083701056
 20
6.147253034962402
 30
0.0
 10
29.94848150988078
 20
6.14725236209219
 30
0.0
 10
29.94848150988078
 20
6.14725236209219
 30
0.0
 10
30.22436435261746
 20
5.859545843990899
 30
0.0
 10
30.22436435261746
 20
5.859545843990899
 30
0.0
 10
30.22436502548766
 20
5.859545843990899
 30
0.0
 10
30.22436502548766
 20
5.859544498250475
 30
0.0
 10
30.22436569835788
 20
5.859544498250475
 30
0.0
 10
30.22436569835788
 20
5.859544498250475
 30
0.0
 10
31.1015159423216
 20
4.944860880993251
 30
0.0
 10
31.1015159423216
 20
4.944860880993251
 30
0.0
 10
31.12144501225952
 20
4.924078611626566
 30
0.0
 10
31.12110050271099
 20
4.891176604002007
 30
0.0
 10
31.10074012296721
 20
4.870816897128435
 30
0.0
 10
31.10074012296721
 20
4.870816897128435
 30
0.0
 10
30.14014589827755
 20
3.910259680300432
 30
0.0
 10
30.14014589827755
 20
3.910259680300432
 30
0.0
 10
30.14014589827755
 20
3.910259680300432
 30
0.0
 10
30.14014522540734
 20
3.910259680300432
 30
0.0
 10
30.14014522540734
 20
3.910259680300432
 30
0.0
 10
30.14014522540734
 20
3.910259680300432
 30
0.0
 10
29.86399458032629
 20
3.634108362349179
 30
0.0
 10
29.86399458032629
 20
3.634108362349179
 30
0.0
 10
29.86399390745608
 20
3.634108362349179
 30
0.0
 10
29.86399390745608
 20
3.634107016608755
 30
0.0
 10
29.86399323458587
 20
3.634107016608755
 30
0.0
 10
29.86399323458587
 20
3.634107016608755
 30
0.0
 10
29.51286331604539
 20
3.282941435947035
 30
0.0
 10
29.51286331604539
 20
3.282941435947035
 30
0.0
 10
29.49949742215495
 20
3.26957419631618
 30
0.0
 10
29.49427729505055
 20
3.250091912199008
 30
0.0
 10
29.49916906149152
 20
3.23183156038676
 30
0.0
 10
29.49916906149152
 20
3.23183156038676
 30
0.0
 10
29.56859984718312
 20
2.972667523806721
 30
0.0
 10
29.56859984718312
 20
2.972667523806721
 30
0.0
 10
29.57616290836558
 20
2.944437926934031
 30
0.0
 10
29.60517841764584
 20
2.92768480439658
 30
0.0
 10
29.63340801451853
 20
2.935247865579043
 30
0.0
 10
29.64238073879505
 20
2.937651357976174
 30
0.0
 10
29.65056284057252
 20
2.942374906864153
 30
0.0
 10
29.6571313995817
 20
2.948943465873334
 30
0.0
 10
29.6571313995817
 20
2.948943465873334
 30
0.0
 10
31.57904251156868
 20
4.870816897128435
 30
0.0
 10
31.57904251156868
 20
4.870816897128435
 30
0.0
 10
31.59940221844225
 20
4.891176604002007
 30
0.0
 10
31.59974672799077
 20
4.924078611626566
 30
0.0
 10
31.57981765805286
 20
4.944860880993251
 30
0.0
  0
SPLINE
  5
B3
330
79
100
AcDbEntity
  8
Layer 1
 62
     1
420
 16711680
370
     0
100
AcDbSpline
210
0.0
220
0.0
230
1.0
 70
    11
 71
     3
 72
    38
 73
    34
 74
     0
 42
0.0000000001
 43
0.0000000001
 40
0.0
 40
0.0
 40
0.0
 40
0.0
 40
1.0
 40
1.0
 40
1.0
 40
2.0
 40
2.0
 40
2.0
 40
3.0
 40
3.0
 40
3.0
 40
4.0
 40
4.0
 40
4.0
 40
5.0
 40
5.0
 40
5.0
 40
6.0
 40
6.0
 40
6.0
 40
7.0
 40
7.0
 40
7.0
 40
8.0
 40
8.0
 40
8.0
 40
9.0
 40
9.0
 40
9.0
 40
10.0
 40
10.0
 40
10.0
 40
11.0
 40
11.0
 40
11.0
 40
11.0
 10
31.97441028219466
 20
5.114582971777915
 30
0.0
 10
31.97441028219466
 20
5.114582971777915
 30
0.0
 10
31.20110207943253
 20
7.829278514812282
 30
0.0
 10
31.20110207943253
 20
7.829278514812282
 30
0.0
 10
31.19309492391017
 20
7.857385649306394
 30
0.0
 10
31.20938914896306
 20
7.886661559358686
 30
0.0
 10
31.23749628345718
 20
7.894668042010832
 30
0.0
 10
31.24642930839119
 20
7.897212837152475
 30
0.0
 10
31.25587640616715
 20
7.89736154146932
 30
0.0
 10
31.26488479256491
 20
7.895098678946489
 30
0.0
 10
31.26488479256491
 20
7.895098678946489
 30
0.0
 10
31.53102918472385
 20
7.828251041998614
 30
0.0
 10
31.53102918472385
 20
7.828251041998614
 30
0.0
 10
31.54936489799984
 20
7.823645245397728
 30
0.0
 10
31.5638517936634
 20
7.809607154165547
 30
0.0
 10
31.56903020281467
 20
7.791424855297887
 30
0.0
 10
31.56903020281467
 20
7.791424855297887
 30
0.0
 10
31.73724910154581
 20
7.200856090441053
 30
0.0
 10
31.73724910154581
 20
7.200856090441053
 30
0.0
 10
31.73724910154581
 20
7.200854744700629
 30
0.0
 10
31.73725044728623
 20
7.200854071830417
 30
0.0
 10
31.73725044728623
 20
7.200852726089993
 30
0.0
 10
31.73725044728623
 20
7.200852726089993
 30
0.0
 10
31.84591898651823
 20
6.819439610789906
 30
0.0
 10
31.84591898651823
 20
6.819439610789906
 30
0.0
 10
31.84591898651823
 20
6.819438937919694
 30
0.0
 10
31.84592033225865
 20
6.819437592179271
 30
0.0
 10
31.84592033225865
 20
6.819436919309059
 30
0.0
 10
31.84592033225865
 20
6.819436919309059
 30
0.0
 10
32.21356046719007
 20
5.52879110833886
 30
0.0
 10
32.21356046719007
 20
5.52879110833886
 30
0.0
 10
32.21356046719007
 20
5.52879110833886
 30
0.0
 10
31.97441028219466
 20
5.114582971777915
 30
0.0
 10
31.97441028219466
 20
5.114582971777915
 30
0.0
  0
SPLINE
  5
B4
330
79
100
AcDbEntity
  8
Layer 1
 62
     1
420
 16711680
370
     0
100
AcDbSpline
210
0.0
220
0.0
230
1.0
 70
     9
 71
     3
 72
    71
 73
    67
 74
     0
 42
0.0000000001
 43
0.0000000001
 40
0.0
 40
0.0
 40
0.0
 40
0.0
 40
1.0
 40
1.0
 40
1.0
 40
2.0
 40
2.0
 40
2.0
 40
3.0
 40
3.0
 40
3.0
 40
4.0
 40
4.0
 40
4.0
 40
5.0
 40
5.0
 40
5.0
 40
6.0
 40
6.0
 40
6.0
 40
7.0
 40
7.0
 40
7.0
 40
8.0
 40
8.0
 40
8.0
 40
9.0
 40
9.0
 40
9.0
 40
10.0
 40
10.0
 40
10.0
 40
11.0
 40
11.0
 40
11.0
 40
12.0
 40
12.0
 40
12.0
 40
13.0
 40
13.0
 40
13.0
 40
14.0
 40
14.0
 40
14.0
 40
15.0
 40
15.0
 40
15.0
 40
16.0
 40
16.0
 40
16.0
 40
17.0
 40
17.0
 40
17.0
 40
18.0
 40
18.0
 40
18.0
 40
19.0
 40
19.0
 40
19.0
 40
20.0
 40
20.0
 40
20.0
 40
21.0
 40
21.0
 40
21.0
 40
22.0
 40
22.0
 40
22.0
 40
22.0
 10
10.43717784620662
 20
1.023495748052287
 30
0.0
 10
10.43717784620662
 20
1.023495748052287
 30
0.0
 10
9.733995504065049
 20
3.647812037086014
 30
0.0
 10
9.733995504065049
 20
3.647812037086014
 30
0.0
 10
9.726431097142164
 20
3.676041633958704
 30
0.0
 10
9.74318287393919
 20
3.705057143238966
 30
0.0
 10
9.771411797941668
 20
3.712621550161853
 30
0.0
 10
9.780385867958617
 20
3.715026388299408
 30
0.0
 10
9.789834311474999
 20
3.715026388299408
 30
0.0
 10
9.798807708621737
 20
3.712621550161853
 30
0.0
 10
9.798807708621737
 20
3.712621550161853
 30
0.0
 10
10.05797241807198
 20
3.643163849661775
 30
0.0
 10
10.05797241807198
 20
3.643163849661775
 30
0.0
 10
10.07623142414381
 20
3.638270737480381
 30
0.0
 10
10.09049358115657
 20
3.624007234727192
 30
0.0
 10
10.09538669333797
 20
3.605748228655368
 30
0.0
 10
10.09538669333797
 20
3.605748228655368
 30
0.0
 10
10.22392912715051
 20
3.126075203432133
 30
0.0
 10
10.22392912715051
 20
3.126075203432133
 30
0.0
 10
10.22392912715051
 20
3.126075203432133
 30
0.0
 10
10.32502249353623
 20
2.748830519095156
 30
0.0
 10
10.32502249353623
 20
2.748830519095156
 30
0.0
 10
10.32502249353623
 20
2.748830519095156
 30
0.0
 10
10.32502316640644
 20
2.748829173354732
 30
0.0
 10
10.32502316640644
 20
2.748829173354732
 30
0.0
 10
10.32502316640644
 20
2.748829173354732
 30
0.0
 10
10.67632803120204
 20
1.43770657609408
 30
0.0
 10
10.67632803120204
 20
1.43770657609408
 30
0.0
 10
10.68389176525471
 20
1.40947697922139
 30
0.0
 10
10.71290727453497
 20
1.392723856683939
 30
0.0
 10
10.74113687140766
 20
1.400288263606825
 30
0.0
 10
10.74113754427788
 20
1.400288263606825
 30
0.0
 10
10.74113754427788
 20
1.400288263606825
 30
0.0
 10
10.74113821714809
 20
1.400288263606825
 30
0.0
 10
10.74113821714809
 20
1.400288263606825
 30
0.0
 10
12.05226148727895
 20
1.75163013626408
 30
0.0
 10
12.05226148727895
 20
1.75163013626408
 30
0.0
 10
12.05226216014916
 20
1.75163013626408
 30
0.0
 10
12.05226350588959
 20
1.751631482004504
 30
0.0
 10
12.0522641787598
 20
1.751631482004504
 30
0.0
 10
12.0522641787598
 20
1.751631482004504
 30
0.0
 10
12.42946849088406
 20
1.852685821917934
 30
0.0
 10
12.42946849088406
 20
1.852685821917934
 30
0.0
 10
12.42946916375427
 20
1.852685821917934
 30
0.0
 10
12.4294705094947
 20
1.852685821917934
 30
0.0
 10
12.42947118236491
 20
1.852685821917934
 30
0.0
 10
12.42947118236491
 20
1.852685821917934
 30
0.0
 10
12.90917717822853
 20
1.981228255730471
 30
0.0
 10
12.90917717822853
 20
1.981228255730471
 30
0.0
 10
12.9274388757812
 20
1.986121367911864
 30
0.0
 10
12.94692317850901
 20
1.980901240807457
 30
0.0
 10
12.96029176388029
 20
1.967532655436178
 30
0.0
 10
12.96029176388029
 20
1.967532655436178
 30
0.0
 10
13.15003039773042
 20
1.77779267584562
 30
0.0
 10
13.15003039773042
 20
1.77779267584562
 30
0.0
 10
13.17069558768023
 20
1.757127485895816
 30
0.0
 10
13.17069491481001
 20
1.723622586561338
 30
0.0
 10
13.15002972486021
 20
1.702957396611535
 30
0.0
 10
13.14346183872124
 20
1.696388837602353
 30
0.0
 10
13.13528040981398
 20
1.691665288714374
 30
0.0
 10
13.12630835840767
 20
1.689261796317242
 30
0.0
 10
13.12630835840767
 20
1.689261796317242
 30
0.0
 10
10.50198668641225
 20
0.9860787813054573
 30
0.0
 10
10.50198668641225
 20
0.9860787813054573
 30
0.0
 10
10.47375776240977
 20
0.9785157201229948
 30
0.0
 10
10.44474225312951
 20
0.995267496920022
 30
0.0
 10
10.43717784620662
 20
1.023495748052287
 30
0.0
  0
SPLINE
  5
B5
330
79
100
AcDbEntity
  8
Layer 1
 62
     1
420
 16711680
370
     0
100
AcDbSpline
210
0.0
220
0.0
230
1.0
 70
    11
 71
     3
 72
    38
 73
    34
 74
     0
 42
0.0000000001
 43
0.0000000001
 40
0.0
 40
0.0
 40
0.0
 40
0.0
 40
1.0
 40
1.0
 40
1.0
 40
2.0
 40
2.0
 40
2.0
 40
3.0
 40
3.0
 40
3.0
 40
4.0
 40
4.0
 40
4.0
 40
5.0
 40
5.0
 40
5.0
 40
6.0
 40
6.0
 40
6.0
 40
7.0
 40
7.0
 40
7.0
 40
8.0
 40
8.0
 40
8.0
 40
9.0
 40
9.0
 40
9.0
 40
10.0
 40
10.0
 40
10.0
 40
11.0
 40
11.0
 40
11.0
 40
11.0
 10
8.059368905065914
 20
4.700373489476547
 30
0.0
 10
8.059368905065914
 20
4.700373489476547
 30
0.0
 10
10.73480448984288
 20
3.983494874170469
 30
0.0
 10
10.73480448984288
 20
3.983494874170469
 30
0.0
 10
10.76303341384536
 20
3.975930467247583
 30
0.0
 10
10.7797858635126
 20
3.946914957967321
 30
0.0
 10
10.77222212945992
 20
3.918685361094631
 30
0.0
 10
10.76981796419258
 20
3.909713309688318
 30
0.0
 10
10.7650944153046
 20
3.901532553651273
 30
0.0
 10
10.75852652916563
 20
3.894963994642092
 30
0.0
 10
10.75852652916563
 20
3.894963994642092
 30
0.0
 10
10.56878722244529
 20
3.705225360791957
 30
0.0
 10
10.56878722244529
 20
3.705225360791957
 30
0.0
 10
10.55541930994422
 20
3.691856775420679
 30
0.0
 10
10.53593500721641
 20
3.686635302575847
 30
0.0
 10
10.51767330966374
 20
3.691528414757241
 30
0.0
 10
10.51767330966374
 20
3.691528414757241
 30
0.0
 10
10.03796731380012
 20
3.820070848569778
 30
0.0
 10
10.03796731380012
 20
3.820070848569778
 30
0.0
 10
10.0379666409299
 20
3.820070848569778
 30
0.0
 10
10.03796529518948
 20
3.820070848569778
 30
0.0
 10
10.03796462231927
 20
3.820070848569778
 30
0.0
 10
10.03796462231927
 20
3.820070848569778
 30
0.0
 10
9.660759637324801
 20
3.921126534223632
 30
0.0
 10
9.660759637324801
 20
3.921126534223632
 30
0.0
 10
9.660758964454588
 20
3.921126534223632
 30
0.0
 10
9.660758291584377
 20
3.921126534223632
 30
0.0
 10
9.660757618714164
 20
3.921126534223632
 30
0.0
 10
9.660757618714164
 20
3.921126534223632
 30
0.0
 10
8.298519090061329
 20
4.286127672183733
 30
0.0
 10
8.298519090061329
 20
4.286127672183733
 30
0.0
 10
8.298519090061329
 20
4.286127672183733
 30
0.0
 10
8.059368905065914
 20
4.700373489476547
 30
0.0
 10
8.059368905065914
 20
4.700373489476547
 30
0.0
  0
SPLINE
  5
B6
330
79
100
AcDbEntity
  8
Layer 1
 62
     1
420
 16711680
370
     0
100
AcDbSpline
210
0.0
220
0.0
230
1.0
 70
     9
 71
     3
 72
    71
 73
    67
 74
     0
 42
0.0000000001
 43
0.0000000001
 40
0.0
 40
0.0
 40
0.0
 40
0.0
 40
1.0
 40
1.0
 40
1.0
 40
2.0
 40
2.0
 40
2.0
 40
3.0
 40
3.0
 40
3.0
 40
4.0
 40
4.0
 40
4.0
 40
5.0
 40
5.0
 40
5.0
 40
6.0
 40
6.0
 40
6.0
 40
7.0
 40
7.0
 40
7.0
 40
8.0
 40
8.0
 40
8.0
 40
9.0
 40
9.0
 40
9.0
 40
10.0
 40
10.0
 40
10.0
 40
11.0
 40
11.0
 40
11.0
 40
12.0
 40
12.0
 40
12.0
 40
13.0
 40
13.0
 40
13.0
 40
14.0
 40
14.0
 40
14.0
 40
15.0
 40
15.0
 40
15.0
 40
16.0
 40
16.0
 40
16.0
 40
17.0
 40
17.0
 40
17.0
 40
18.0
 40
18.0
 40
18.0
 40
19.0
 40
19.0
 40
19.0
 40
20.0
 40
20.0
 40
20.0
 40
21.0
 40
21.0
 40
21.0
 40
22.0
 40
22.0
 40
22.0
 40
22.0
 10
12.44700954443972
 20
29.79737733519883
 30
0.0
 10
12.44700954443972
 20
29.79737733519883
 30
0.0
 10
10.52509910532296
 20
31.71925076645393
 30
0.0
 10
10.52509910532296
 20
31.71925076645393
 30
0.0
 10
10.50443391537316
 20
31.73991595640373
 30
0.0
 10
10.47092901603868
 20
31.73991595640373
 30
0.0
 10
10.45026382608887
 20
31.71925076645393
 30
0.0
 10
10.4436952670797
 20
31.71268220744475
 30
0.0
 10
10.43897171819171
 20
31.70450010566728
 30
0.0
 10
10.43656755292437
 20
31.69552670852054
 30
0.0
 10
10.43656755292437
 20
31.69552670852054
 30
0.0
 10
10.36713609436256
 20
31.4363626719405
 30
0.0
 10
10.36713609436256
 20
31.4363626719405
 30
0.0
 10
10.36224432792159
 20
31.41810232012825
 30
0.0
 10
10.367464455026
 20
31.39862003601108
 30
0.0
 10
10.38083034891643
 20
31.38525279638022
 30
0.0
 10
10.38083034891643
 20
31.38525279638022
 30
0.0
 10
10.73196026745691
 20
31.03408721571851
 30
0.0
 10
10.73196026745691
 20
31.03408721571851
 30
0.0
 10
10.73196094032713
 20
31.03408721571851
 30
0.0
 10
10.73196161319734
 20
31.03408586997808
 30
0.0
 10
10.73196228606755
 20
31.03408586997808
 30
0.0
 10
10.73196228606755
 20
31.03408586997808
 30
0.0
 10
11.00811225827838
 20
30.75793455202683
 30
0.0
 10
11.00811225827838
 20
30.75793455202683
 30
0.0
 10
11.00811293114859
 20
30.75793455202683
 30
0.0
 10
11.00811293114859
 20
30.75793455202683
 30
0.0
 10
11.0081136040188
 20
30.75793455202683
 30
0.0
 10
11.0081136040188
 20
30.75793455202683
 30
0.0
 10
11.96870715583825
 20
29.79737733519883
 30
0.0
 10
11.96870715583825
 20
29.79737733519883
 30
0.0
 10
11.98906753558204
 20
29.77701762832526
 30
0.0
 10
11.98941271800077
 20
29.7441156207007
 30
0.0
 10
11.96948364806286
 20
29.72333335133401
 30
0.0
 10
11.96948364806286
 20
29.72333335133401
 30
0.0
 10
11.09233273122892
 20
28.80864973407679
 30
0.0
 10
11.09233273122892
 20
28.80864973407679
 30
0.0
 10
11.09233205835871
 20
28.80864973407679
 30
0.0
 10
11.09233205835871
 20
28.80864838833636
 30
0.0
 10
11.0923313854885
 20
28.80864838833636
 30
0.0
 10
11.0923313854885
 20
28.80864838833636
 30
0.0
 10
10.81644921562203
 20
28.52094187023507
 30
0.0
 10
10.81644921562203
 20
28.52094187023507
 30
0.0
 10
10.81644854275182
 20
28.52094119736486
 30
0.0
 10
10.81644786988161
 20
28.52094119736486
 30
0.0
 10
10.8164471970114
 20
28.52094052449464
 30
0.0
 10
10.8164471970114
 20
28.52094052449464
 30
0.0
 10
10.36434570159355
 20
28.0495014120552
 30
0.0
 10
10.36434570159355
 20
28.0495014120552
 30
0.0
 10
10.3512597217113
 20
28.0358556041566
 30
0.0
 10
10.34644869969576
 20
28.0162649879353
 30
0.0
 10
10.35172400215755
 20
27.99810960387612
 30
0.0
 10
10.35172400215755
 20
27.99810960387612
 30
0.0
 10
10.4288578060357
 20
27.73266499673761
 30
0.0
 10
10.4288578060357
 20
27.73266499673761
 30
0.0
 10
10.43701299300469
 20
27.70460092593707
 30
0.0
 10
10.4663743575739
 20
27.68846078816272
 30
0.0
 10
10.49443842837445
 20
27.69661597513171
 30
0.0
 10
10.50335732303402
 20
27.69920787118819
 30
0.0
 10
10.51143714853927
 20
27.70410098336958
 30
0.0
 10
10.51786575054436
 20
27.71080478929136
 30
0.0
 10
10.51786575054436
 20
27.71080478929136
 30
0.0
 10
12.44778536379411
 20
29.72333335133401
 30
0.0
 10
12.44778536379411
 20
29.72333335133401
 30
0.0
 10
12.46771443373203
 20
29.7441156207007
 30
0.0
 10
12.4673699241835
 20
29.77701762832526
 30
0.0
 10
12.44700954443972
 20
29.79737733519883
 30
0.0
  0
SPLINE
  5
B7
330
79
100
AcDbEntity
  8
Layer 1
 62
     1
420
 16711680
370
     0
100
AcDbSpline
210
0.0
220
0.0
230
1.0
 70
     9
 71
     3
 72
    62
 73
    58
 74
     0
 42
0.0000000001
 43
0.0000000001
 40
0.0
 40
0.0
 40
0.0
 40
0.0
 40
1.0
 40
1.0
 40
1.0
 40
2.0
 40
2.0
 40
2.0
 40
3.0
 40
3.0
 40
3.0
 40
4.0
 40
4.0
 40
4.0
 40
5.0
 40
5.0
 40
5.0
 40
6.0
 40
6.0
 40
6.0
 40
7.0
 40
7.0
 40
7.0
 40
8.0
 40
8.0
 40
8.0
 40
9.0
 40
9.0
 40
9.0
 40
10.0
 40
10.0
 40
10.0
 40
11.0
 40
11.0
 40
11.0
 40
12.0
 40
12.0
 40
12.0
 40
13.0
 40
13.0
 40
13.0
 40
14.0
 40
14.0
 40
14.0
 40
15.0
 40
15.0
 40
15.0
 40
16.0
 40
16.0
 40
16.0
 40
17.0
 40
17.0
 40
17.0
 40
18.0
 40
18.0
 40
18.0
 40
19.0
 40
19.0
 40
19.0
 40
19.0
 10
12.82896566600086
 20
4.650320020149054
 30
0.0
 10
12.82896566600086
 20
4.650320020149054
 30
0.0
 10
12.12550004550005
 20
2.024944633401697
 30
0.0
 10
12.12550004550005
 20
2.024944633401697
 30
0.0
 10
12.11793563857716
 20
1.996715036529008
 30
0.0
 10
12.13468741537419
 20
1.967699527248745
 30
0.0
 10
12.16291701224688
 20
1.960135120325859
 30
0.0
 10
12.17189040939362
 20
1.957730282188304
 30
0.0
 10
12.18133818003979
 20
1.957730282188304
 30
0.0
 10
12.19031157718652
 20
1.960135120325859
 30
0.0
 10
12.19031157718652
 20
1.960135120325859
 30
0.0
 10
12.44947628663678
 20
2.029592820825937
 30
0.0
 10
12.44947628663678
 20
2.029592820825937
 30
0.0
 10
12.46773596557881
 20
2.034485933007331
 30
0.0
 10
12.48199812259158
 20
2.04874943576052
 30
0.0
 10
12.48689123477297
 20
2.067008441832344
 30
0.0
 10
12.48689123477297
 20
2.067008441832344
 30
0.0
 10
12.6154329957153
 20
2.546681467055579
 30
0.0
 10
12.6154329957153
 20
2.546681467055579
 30
0.0
 10
12.6154329957153
 20
2.546681467055579
 30
0.0
 10
12.71652703497123
 20
2.923926151392556
 30
0.0
 10
12.71652703497123
 20
2.923926151392556
 30
0.0
 10
12.71652703497123
 20
2.923926151392556
 30
0.0
 10
12.71652703497123
 20
2.923927497132979
 30
0.0
 10
12.71652703497123
 20
2.923927497132979
 30
0.0
 10
12.71652703497123
 20
2.923927497132979
 30
0.0
 10
13.06811585099628
 20
4.236074202856239
 30
0.0
 10
13.06811585099628
 20
4.236074202856239
 30
0.0
 10
13.07556856146398
 20
4.263885274457088
 30
0.0
 10
13.10388966868549
 20
4.280634359773268
 30
0.0
 10
13.13185146321382
 20
4.273767046389974
 30
0.0
 10
13.13185146321382
 20
4.273767046389974
 30
0.0
 10
14.36257044380129
 20
3.971481449406084
 30
0.0
 10
14.36257044380129
 20
3.971481449406084
 30
0.0
 10
14.36257044380129
 20
3.971481449406084
 30
0.0
 10
14.7496881527584
 20
3.876395468272765
 30
0.0
 10
14.7496881527584
 20
3.876395468272765
 30
0.0
 10
14.7496881527584
 20
3.876395468272765
 30
0.0
 10
15.38397800537794
 20
3.720601790875732
 30
0.0
 10
15.38397800537794
 20
3.720601790875732
 30
0.0
 10
15.40233659624114
 20
3.716092214715157
 30
0.0
 10
15.42170651103291
 20
3.721718755427591
 30
0.0
 10
15.43479181804495
 20
3.735363217585774
 30
0.0
 10
15.43479181804495
 20
3.735363217585774
 30
0.0
 10
15.62612549073255
 20
3.934869235432761
 30
0.0
 10
15.62612549073255
 20
3.934869235432761
 30
0.0
 10
15.64635432434989
 20
3.955962370837373
 30
0.0
 10
15.64565420289435
 20
3.989459195729308
 30
0.0
 10
15.62456174035994
 20
4.00968836578176
 30
0.0
 10
15.61785692513284
 20
4.016118313527276
 30
0.0
 10
15.60957793004485
 20
4.020669607640993
 30
0.0
 10
15.60055642267796
 20
4.022886042119199
 30
0.0
 10
15.60055642267796
 20
4.022886042119199
 30
0.0
 10
12.89270195108862
 20
4.688012863682789
 30
0.0
 10
12.89270195108862
 20
4.688012863682789
 30
0.0
 10
12.86474015656029
 20
4.694881522806506
 30
0.0
 10
12.83641837646856
 20
4.678132437490327
 30
0.0
 10
12.82896566600086
 20
4.650320020149054
 30
0.0
  0
SPLINE
  5
B8
330
79
100
AcDbEntity
  8
Layer 1
 62
     1
420
 16711680
370
     0
100
AcDbSpline
210
0.0
220
0.0
230
1.0
 70
    11
 71
     3
 72
    35
 73
    31
 74
     0
 42
0.0000000001
 43
0.0000000001
 40
0.0
 40
0.0
 40
0.0
 40
0.0
 40
1.0
 40
1.0
 40
1.0
 40
2.0
 40
2.0
 40
2.0
 40
3.0
 40
3.0
 40
3.0
 40
4.0
 40
4.0
 40
4.0
 40
5.0
 40
5.0
 40
5.0
 40
6.0
 40
6.0
 40
6.0
 40
7.0
 40
7.0
 40
7.0
 40
8.0
 40
8.0
 40
8.0
 40
9.0
 40
9.0
 40
9.0
 40
10.0
 40
10.0
 40
10.0
 40
10.0
 10
14.87515590613737
 20
0.7652589266243341
 30
0.0
 10
14.87515590613737
 20
0.7652589266243341
 30
0.0
 10
12.91660297388775
 20
2.723811858873953
 30
0.0
 10
12.91660297388775
 20
2.723811858873953
 30
0.0
 10
12.89593778393795
 20
2.744477048823757
 30
0.0
 10
12.86243288460347
 20
2.744477048823757
 30
0.0
 10
12.84176769465366
 20
2.723811858873953
 30
0.0
 10
12.83519846277427
 20
2.717243299864772
 30
0.0
 10
12.83047491388629
 20
2.709061198087304
 30
0.0
 10
12.82807074861895
 20
2.700087800940567
 30
0.0
 10
12.82807074861895
 20
2.700087800940567
 30
0.0
 10
12.75863996292735
 20
2.440925110100952
 30
0.0
 10
12.75863996292735
 20
2.440925110100952
 30
0.0
 10
12.75374819648638
 20
2.422664758288704
 30
0.0
 10
12.75896832359079
 20
2.403182474171531
 30
0.0
 10
12.77233489035143
 20
2.389815234540677
 30
0.0
 10
12.77233489035143
 20
2.389815234540677
 30
0.0
 10
13.1234641360217
 20
2.038649653878957
 30
0.0
 10
13.1234641360217
 20
2.038649653878957
 30
0.0
 10
13.12346480889192
 20
2.038649653878957
 30
0.0
 10
13.12346548176213
 20
2.038648308138533
 30
0.0
 10
13.12346615463234
 20
2.038648308138533
 30
0.0
 10
13.12346615463234
 20
2.038648308138533
 30
0.0
 10
13.39961679971338
 20
1.76249699018728
 30
0.0
 10
13.39961679971338
 20
1.76249699018728
 30
0.0
 10
13.39961679971338
 20
1.76249699018728
 30
0.0
 10
14.39685519971143
 20
0.7652589266243341
 30
0.0
 10
14.39685519971143
 20
0.7652589266243341
 30
0.0
 10
14.39685519971143
 20
0.7652589266243341
 30
0.0
 10
14.87515590613737
 20
0.7652589266243341
 30
0.0
 10
14.87515590613737
 20
0.7652589266243341
 30
0.0
  0
SPLINE
  5
B9
330
79
100
AcDbEntity
  8
Layer 1
 62
     1
420
 16711680
370
     0
100
AcDbSpline
210
0.0
220
0.0
230
1.0
 70
     9
 71
     3
 72
    68
 73
    64
 74
     0
 42
0.0000000001
 43
0.0000000001
 40
0.0
 40
0.0
 40
0.0
 40
0.0
 40
1.0
 40
1.0
 40
1.0
 40
2.0
 40
2.0
 40
2.0
 40
3.0
 40
3.0
 40
3.0
 40
4.0
 40
4.0
 40
4.0
 40
5.0
 40
5.0
 40
5.0
 40
6.0
 40
6.0
 40
6.0
 40
7.0
 40
7.0
 40
7.0
 40
8.0
 40
8.0
 40
8.0
 40
9.0
 40
9.0
 40
9.0
 40
10.0
 40
10.0
 40
10.0
 40
11.0
 40
11.0
 40
11.0
 40
12.0
 40
12.0
 40
12.0
 40
13.0
 40
13.0
 40
13.0
 40
14.0
 40
14.0
 40
14.0
 40
15.0
 40
15.0
 40
15.0
 40
16.0
 40
16.0
 40
16.0
 40
17.0
 40
17.0
 40
17.0
 40
18.0
 40
18.0
 40
18.0
 40
19.0
 40
19.0
 40
19.0
 40
20.0
 40
20.0
 40
20.0
 40
21.0
 40
21.0
 40
21.0
 40
21.0
 10
15.21964964221237
 20
1.021369478182485
 30
0.0
 10
15.21964964221237
 20
1.021369478182485
 30
0.0
 10
14.4415189786411
 20
3.699761654670819
 30
0.0
 10
14.4415189786411
 20
3.699761654670819
 30
0.0
 10
14.43336614671786
 20
3.72782707121179
 30
0.0
 10
14.44950796666774
 20
3.757187090040577
 30
0.0
 10
14.47757304677361
 20
3.765339585528719
 30
0.0
 10
14.48649261430338
 20
3.767930135844776
 30
0.0
 10
14.49593702059849
 20
3.768127959687093
 30
0.0
 10
14.50495718222496
 20
3.765912870949311
 30
0.0
 10
14.50495718222496
 20
3.765912870949311
 30
0.0
 10
14.77339673467691
 20
3.699976973138647
 30
0.0
 10
14.77339673467691
 20
3.699976973138647
 30
0.0
 10
14.79175633484542
 20
3.695467396978072
 30
0.0
 10
14.80631522762166
 20
3.681505340079842
 30
0.0
 10
14.81158985721324
 20
3.663351301761085
 30
0.0
 10
14.81158985721324
 20
3.663351301761085
 30
0.0
 10
14.99381253079575
 20
3.036117839054395
 30
0.0
 10
14.99381253079575
 20
3.036117839054395
 30
0.0
 10
14.99381253079575
 20
3.036117839054395
 30
0.0
 10
14.99381286723085
 20
3.036116493313971
 30
0.0
 10
14.99381286723085
 20
3.036116493313971
 30
0.0
 10
14.99381286723085
 20
3.036116493313971
 30
0.0
 10
15.10500769767367
 20
2.653324666949572
 30
0.0
 10
15.10500769767367
 20
2.653324666949572
 30
0.0
 10
15.10500803410878
 20
2.653323321209148
 30
0.0
 10
15.10500803410878
 20
2.653323321209148
 30
0.0
 10
15.10500837054388
 20
2.653321975468724
 30
0.0
 10
15.10500837054388
 20
2.653321975468724
 30
0.0
 10
15.45879982720779
 20
1.435577614743429
 30
0.0
 10
15.45879982720779
 20
1.435577614743429
 30
0.0
 10
15.46674306006001
 20
1.408237552290954
 30
0.0
 10
15.49489460398811
 20
1.39208328424215
 30
0.0
 10
15.52250717887643
 20
1.399019230387063
 30
0.0
 10
15.52250717887643
 20
1.399019230387063
 30
0.0
 10
16.77454537925973
 20
1.713518767458503
 30
0.0
 10
16.77454537925973
 20
1.713518767458503
 30
0.0
 10
16.77454571569484
 20
1.713518767458503
 30
0.0
 10
16.77454605212994
 20
1.713520113198927
 30
0.0
 10
16.77454638856505
 20
1.713520113198927
 30
0.0
 10
16.77454638856505
 20
1.713520113198927
 30
0.0
 10
17.15921451351551
 20
1.81013620119425
 30
0.0
 10
17.15921451351551
 20
1.81013620119425
 30
0.0
 10
17.15921451351551
 20
1.81013620119425
 30
0.0
 10
17.75478068543659
 20
1.959730052458257
 30
0.0
 10
17.75478068543659
 20
1.959730052458257
 30
0.0
 10
17.77311623049502
 20
1.964335176188931
 30
0.0
 10
17.79251591979368
 20
1.958808220267868
 30
0.0
 10
17.80567204639553
 20
1.945232390871305
 30
0.0
 10
17.80567204639553
 20
1.945232390871305
 30
0.0
 10
17.99662453810805
 20
1.74819176948095
 30
0.0
 10
17.99662453810805
 20
1.74819176948095
 30
0.0
 10
18.01696304956994
 20
1.727204947569828
 30
0.0
 10
18.01643770615195
 20
1.693704085456621
 30
0.0
 10
17.99545088424083
 20
1.673365910429832
 30
0.0
 10
17.98878004895943
 20
1.666900973433293
 30
0.0
 10
17.98052510898151
 20
1.66230661562601
 30
0.0
 10
17.97151571327844
 20
1.660043080232967
 30
0.0
 10
17.97151571327844
 20
1.660043080232967
 30
0.0
 10
15.28335699388102
 20
0.9848097480856953
 30
0.0
 10
15.28335699388102
 20
0.9848097480856953
 30
0.0
 10
15.25574374612248
 20
0.9778738019407821
 30
0.0
 10
15.22759253862949
 20
0.9940294157300105
 30
0.0
 10
15.21964964221237
 20
1.021369478182485
 30
0.0
  0
SPLINE
  5
BA
330
79
100
AcDbEntity
  8
Layer 1
 62
     1
420
 16711680
370
     0
100
AcDbSpline
210
0.0
220
0.0
230
1.0
 70
    11
 71
     3
 72
    35
 73
    31
 74
     0
 42
0.0000000001
 43
0.0000000001
 40
0.0
 40
0.0
 40
0.0
 40
0.0
 40
1.0
 40
1.0
 40
1.0
 40
2.0
 40
2.0
 40
2.0
 40
3.0
 40
3.0
 40
3.0
 40
4.0
 40
4.0
 40
4.0
 40
5.0
 40
5.0
 40
5.0
 40
6.0
 40
6.0
 40
6.0
 40
7.0
 40
7.0
 40
7.0
 40
8.0
 40
8.0
 40
8.0
 40
9.0
 40
9.0
 40
9.0
 40
10.0
 40
10.0
 40
10.0
 40
10.0
 10
29.58290574075966
 20
33.6958110513161
 30
0.0
 10
29.58290574075966
 20
33.6958110513161
 30
0.0
 10
28.866028471194
 20
31.02038219524125
 30
0.0
 10
28.866028471194
 20
31.02038219524125
 30
0.0
 10
28.85846406427112
 20
30.99215259836856
 30
0.0
 10
28.87521584106814
 20
30.96313708908829
 30
0.0
 10
28.90344476507062
 20
30.95557268216541
 30
0.0
 10
28.91241883508757
 20
30.95316784402785
 30
0.0
 10
28.92186727860395
 20
30.95316784402785
 30
0.0
 10
28.93084067575069
 20
30.95557268216541
 30
0.0
 10
28.93084067575069
 20
30.95557268216541
 30
0.0
 10
29.19000471233073
 20
31.02503038266549
 30
0.0
 10
29.19000471233073
 20
31.02503038266549
 30
0.0
 10
29.20826439127277
 20
31.02992349484688
 30
0.0
 10
29.22252654828553
 20
31.04418699760007
 30
0.0
 10
29.22741966046692
 20
31.06244600367189
 30
0.0
 10
29.22741966046692
 20
31.06244600367189
 30
0.0
 10
29.35596209427946
 20
31.54211902889513
 30
0.0
 10
29.35596209427946
 20
31.54211902889513
 30
0.0
 10
29.35596209427946
 20
31.54211902889513
 30
0.0
 10
29.45705546066518
 20
31.9193637132321
 30
0.0
 10
29.45705546066518
 20
31.9193637132321
 30
0.0
 10
29.45705546066518
 20
31.9193637132321
 30
0.0
 10
29.45705546066518
 20
31.91936505897253
 30
0.0
 10
29.45705546066518
 20
31.91936505897253
 30
0.0
 10
29.45705546066518
 20
31.91936505897253
 30
0.0
 10
29.82205659862529
 20
33.28160291475515
 30
0.0
 10
29.82205659862529
 20
33.28160291475515
 30
0.0
 10
29.82205659862529
 20
33.28160291475515
 30
0.0
 10
29.58290574075966
 20
33.6958110513161
 30
0.0
 10
29.58290574075966
 20
33.6958110513161
 30
0.0
  0
SPLINE
  5
BB
330
79
100
AcDbEntity
  8
Layer 1
 62
     1
420
 16711680
370
     0
100
AcDbSpline
210
0.0
220
0.0
230
1.0
 70
     9
 71
     3
 72
    71
 73
    67
 74
     0
 42
0.0000000001
 43
0.0000000001
 40
0.0
 40
0.0
 40
0.0
 40
0.0
 40
1.0
 40
1.0
 40
1.0
 40
2.0
 40
2.0
 40
2.0
 40
3.0
 40
3.0
 40
3.0
 40
4.0
 40
4.0
 40
4.0
 40
5.0
 40
5.0
 40
5.0
 40
6.0
 40
6.0
 40
6.0
 40
7.0
 40
7.0
 40
7.0
 40
8.0
 40
8.0
 40
8.0
 40
9.0
 40
9.0
 40
9.0
 40
10.0
 40
10.0
 40
10.0
 40
11.0
 40
11.0
 40
11.0
 40
12.0
 40
12.0
 40
12.0
 40
13.0
 40
13.0
 40
13.0
 40
14.0
 40
14.0
 40
14.0
 40
15.0
 40
15.0
 40
15.0
 40
16.0
 40
16.0
 40
16.0
 40
17.0
 40
17.0
 40
17.0
 40
18.0
 40
18.0
 40
18.0
 40
19.0
 40
19.0
 40
19.0
 40
20.0
 40
20.0
 40
20.0
 40
21.0
 40
21.0
 40
21.0
 40
22.0
 40
22.0
 40
22.0
 40
22.0
 10
17.61162838892926
 20
4.652078902883125
 30
0.0
 10
17.61162838892926
 20
4.652078902883125
 30
0.0
 10
16.85207718586826
 20
1.985678619312393
 30
0.0
 10
16.85207718586826
 20
1.985678619312393
 30
0.0
 10
16.844070366781
 20
1.95757148481828
 30
0.0
 10
16.8603645918339
 20
1.9282962476362
 30
0.0
 10
16.8884713898929
 20
1.920289092113842
 30
0.0
 10
16.89740508769714
 20
1.917744296972199
 30
0.0
 10
16.90685083973267
 20
1.917596265525567
 30
0.0
 10
16.91585989900064
 20
1.919858455178186
 30
0.0
 10
16.91585989900064
 20
1.919858455178186
 30
0.0
 10
17.18200429115958
 20
1.986705419255848
 30
0.0
 10
17.18200429115958
 20
1.986705419255848
 30
0.0
 10
17.20034050908823
 20
1.991310542986522
 30
0.0
 10
17.21482673188158
 20
2.005349307088915
 30
0.0
 10
17.22000598212061
 20
2.023531605956575
 30
0.0
 10
17.22000598212061
 20
2.023531605956575
 30
0.0
 10
17.38822454441664
 20
2.614100370813409
 30
0.0
 10
17.38822454441664
 20
2.614100370813409
 30
0.0
 10
17.38822488085174
 20
2.614101716553833
 30
0.0
 10
17.3882250490693
 20
2.614103062294257
 30
0.0
 10
17.38822538550441
 20
2.614104408034681
 30
0.0
 10
17.38822538550441
 20
2.614104408034681
 30
0.0
 10
17.49689459760662
 20
2.995516850464556
 30
0.0
 10
17.49689459760662
 20
2.995516850464556
 30
0.0
 10
17.49689476582418
 20
2.995518196204979
 30
0.0
 10
17.49689510225928
 20
2.995518196204979
 30
0.0
 10
17.49689527047683
 20
2.995519541945403
 30
0.0
 10
17.49689527047683
 20
2.995519541945403
 30
0.0
 10
17.85077891035978
 20
4.237833085590311
 30
0.0
 10
17.85077891035978
 20
4.237833085590311
 30
0.0
 10
17.85849084407663
 20
4.264903999958
 30
0.0
 10
17.88604639321449
 20
4.281200916491741
 30
0.0
 10
17.91348452650036
 20
4.274916308712008
 30
0.0
 10
17.91348452650036
 20
4.274916308712008
 30
0.0
 10
19.08332221030943
 20
4.006991501972212
 30
0.0
 10
19.08332221030943
 20
4.006991501972212
 30
0.0
 10
19.08332279907087
 20
4.006991501972212
 30
0.0
 10
19.08332330372352
 20
4.006990156231788
 30
0.0
 10
19.08332389248496
 20
4.006990156231788
 30
0.0
 10
19.08332389248496
 20
4.006990156231788
 30
0.0
 10
19.47767117132572
 20
3.916688282305525
 30
0.0
 10
19.47767117132572
 20
3.916688282305525
 30
0.0
 10
19.47767205446788
 20
3.916688282305525
 30
0.0
 10
19.47767293761003
 20
3.916686936565101
 30
0.0
 10
19.47767382075219
 20
3.916686936565101
 30
0.0
 10
19.47767382075219
 20
3.916686936565101
 30
0.0
 10
20.22855511215924
 20
3.744701310387394
 30
0.0
 10
20.22855511215924
 20
3.744701310387394
 30
0.0
 10
20.24698349227973
 20
3.740479722677539
 30
0.0
 10
20.26626387327892
 20
3.746411746466204
 30
0.0
 10
20.27913331511609
 20
3.760260761168823
 30
0.0
 10
20.27913331511609
 20
3.760260761168823
 30
0.0
 10
20.47136981141059
 20
3.967132016355956
 30
0.0
 10
20.47136981141059
 20
3.967132016355956
 30
0.0
 10
20.49126376593431
 20
3.988541400760191
 30
0.0
 10
20.49003581985187
 20
4.022023422507462
 30
0.0
 10
20.46862706626346
 20
4.041917503194357
 30
0.0
 10
20.46182266624498
 20
4.04823979170596
 30
0.0
 10
20.45347377676373
 20
4.052660548998556
 30
0.0
 10
20.44441955108278
 20
4.054734334991825
 30
0.0
 10
20.44441955108278
 20
4.054734334991825
 30
0.0
 10
17.67433400506984
 20
4.689163471745246
 30
0.0
 10
17.67433400506984
 20
4.689163471745246
 30
0.0
 10
17.64689553534887
 20
4.695448079524979
 30
0.0
 10
17.61933981799345
 20
4.679151162991239
 30
0.0
 10
17.61162838892926
 20
4.652078902883125
 30
0.0
  0
SPLINE
  5
BC
330
79
100
AcDbEntity
  8
Layer 1
 62
     1
420
 16711680
370
     0
100
AcDbSpline
210
0.0
220
0.0
230
1.0
 70
    11
 71
     3
 72
    38
 73
    34
 74
     0
 42
0.0000000001
 43
0.0000000001
 40
0.0
 40
0.0
 40
0.0
 40
0.0
 40
1.0
 40
1.0
 40
1.0
 40
2.0
 40
2.0
 40
2.0
 40
3.0
 40
3.0
 40
3.0
 40
4.0
 40
4.0
 40
4.0
 40
5.0
 40
5.0
 40
5.0
 40
6.0
 40
6.0
 40
6.0
 40
7.0
 40
7.0
 40
7.0
 40
8.0
 40
8.0
 40
8.0
 40
9.0
 40
9.0
 40
9.0
 40
10.0
 40
10.0
 40
10.0
 40
11.0
 40
11.0
 40
11.0
 40
11.0
 10
19.65816408483803
 20
0.7652589266243341
 30
0.0
 10
19.65816408483803
 20
0.7652589266243341
 30
0.0
 10
17.69383563420561
 20
2.792331578298555
 30
0.0
 10
17.69383563420561
 20
2.792331578298555
 30
0.0
 10
17.67349762739637
 20
2.813318400209677
 30
0.0
 10
17.63999693350072
 20
2.813845930455856
 30
0.0
 10
17.61900943871938
 20
2.793507755429066
 30
0.0
 10
17.61233893987309
 20
2.787044164172951
 30
0.0
 10
17.60748737742728
 20
2.778937423859222
 30
0.0
 10
17.60494258228564
 20
2.770004398925204
 30
0.0
 10
17.60494258228564
 20
2.770004398925204
 30
0.0
 10
17.52975438262538
 20
2.506077786984892
 30
0.0
 10
17.52975438262538
 20
2.506077786984892
 30
0.0
 10
17.52457462773369
 20
2.487895488117231
 30
0.0
 10
17.52948809423899
 20
2.468332459574623
 30
0.0
 10
17.54264405262329
 20
2.454755284437637
 30
0.0
 10
17.54264405262329
 20
2.454755284437637
 30
0.0
 10
17.96995129003563
 20
2.01378037084481
 30
0.0
 10
17.96995129003563
 20
2.01378037084481
 30
0.0
 10
17.9699528039936
 20
2.013779025104386
 30
0.0
 10
17.96995414973402
 20
2.013776333623538
 30
0.0
 10
17.969955663692
 20
2.013774987883114
 30
0.0
 10
17.969955663692
 20
2.013774987883114
 30
0.0
 10
18.24598855648595
 20
1.728979979188986
 30
0.0
 10
18.24598855648595
 20
1.728979979188986
 30
0.0
 10
18.24598990222638
 20
1.728978633448562
 30
0.0
 10
18.24599107974924
 20
1.728977287708138
 30
0.0
 10
18.24599242548967
 20
1.728975941967714
 30
0.0
 10
18.24599242548967
 20
1.728975941967714
 30
0.0
 10
19.17986327327612
 20
0.7652589266243341
 30
0.0
 10
19.17986327327612
 20
0.7652589266243341
 30
0.0
 10
19.17986327327612
 20
0.7652589266243341
 30
0.0
 10
19.65816408483803
 20
0.7652589266243341
 30
0.0
 10
19.65816408483803
 20
0.7652589266243341
 30
0.0
  0
SPLINE
  5
BD
330
79
100
AcDbEntity
  8
Layer 1
 62
     1
420
 16711680
370
     0
100
AcDbSpline
210
0.0
220
0.0
230
1.0
 70
     9
 71
     3
 72
    65
 73
    61
 74
     0
 42
0.0000000001
 43
0.0000000001
 40
0.0
 40
0.0
 40
0.0
 40
0.0
 40
1.0
 40
1.0
 40
1.0
 40
2.0
 40
2.0
 40
2.0
 40
3.0
 40
3.0
 40
3.0
 40
4.0
 40
4.0
 40
4.0
 40
5.0
 40
5.0
 40
5.0
 40
6.0
 40
6.0
 40
6.0
 40
7.0
 40
7.0
 40
7.0
 40
8.0
 40
8.0
 40
8.0
 40
9.0
 40
9.0
 40
9.0
 40
10.0
 40
10.0
 40
10.0
 40
11.0
 40
11.0
 40
11.0
 40
12.0
 40
12.0
 40
12.0
 40
13.0
 40
13.0
 40
13.0
 40
14.0
 40
14.0
 40
14.0
 40
15.0
 40
15.0
 40
15.0
 40
16.0
 40
16.0
 40
16.0
 40
17.0
 40
17.0
 40
17.0
 40
18.0
 40
18.0
 40
18.0
 40
19.0
 40
19.0
 40
19.0
 40
20.0
 40
20.0
 40
20.0
 40
20.0
 10
20.00212401404941
 20
1.020379013230475
 30
0.0
 10
20.00212401404941
 20
1.020379013230475
 30
0.0
 10
19.16651983642901
 20
3.736529974533317
 30
0.0
 10
19.16651983642901
 20
3.736529974533317
 30
0.0
 10
19.15792635862571
 20
3.764463508512744
 30
0.0
 10
19.17360415045567
 20
3.794073835060381
 30
0.0
 10
19.20153722183682
 20
3.802667733407571
 30
0.0
 10
19.21041452470641
 20
3.805398240727716
 30
0.0
 10
19.21985426296443
 20
3.805744096016665
 30
0.0
 10
19.22890785782955
 20
3.803671655763819
 30
0.0
 10
19.22890785782955
 20
3.803671655763819
 30
0.0
 10
19.5041756971925
 20
3.740643903009258
 30
0.0
 10
19.5041756971925
 20
3.740643903009258
 30
0.0
 10
19.52260573846132
 20
3.736423661039827
 30
0.0
 10
19.53738394487228
 20
3.722691725754089
 30
0.0
 10
19.54294260980208
 20
3.704619777601191
 30
0.0
 10
19.54294260980208
 20
3.704619777601191
 30
0.0
 10
19.76943588532493
 20
2.968351734267191
 30
0.0
 10
19.76943588532493
 20
2.968351734267191
 30
0.0
 10
19.76943595892011
 20
2.968351734267191
 30
0.0
 10
19.76943603251529
 20
2.968350388526767
 30
0.0
 10
19.76943610611047
 20
2.968350388526767
 30
0.0
 10
19.76943610611047
 20
2.968350388526767
 30
0.0
 10
19.88839897410957
 20
2.58165456919256
 30
0.0
 10
19.88839897410957
 20
2.58165456919256
 30
0.0
 10
19.88839897410957
 20
2.58165456919256
 30
0.0
 10
20.24127467215669
 20
1.434588495531844
 30
0.0
 10
20.24127467215669
 20
1.434588495531844
 30
0.0
 10
20.2495514383621
 20
1.407683107236297
 30
0.0
 10
20.2774428548717
 20
1.391967550565692
 30
0.0
 10
20.30474384879749
 20
1.398825443766018
 30
0.0
 10
20.30474384879749
 20
1.398825443766018
 30
0.0
 10
21.55755345282442
 20
1.713518767458503
 30
0.0
 10
21.55755345282442
 20
1.713518767458503
 30
0.0
 10
21.55755378925952
 20
1.713518767458503
 30
0.0
 10
21.55755429391218
 20
1.713520113198927
 30
0.0
 10
21.55755463034729
 20
1.713520113198927
 30
0.0
 10
21.55755463034729
 20
1.713520113198927
 30
0.0
 10
21.94222275529774
 20
1.81013620119425
 30
0.0
 10
21.94222275529774
 20
1.81013620119425
 30
0.0
 10
21.94222275529774
 20
1.81013620119425
 30
0.0
 10
22.53778892721883
 20
1.959730052458257
 30
0.0
 10
22.53778892721883
 20
1.959730052458257
 30
0.0
 10
22.55612447227727
 20
1.964335176188931
 30
0.0
 10
22.57552416157592
 20
1.958808220267868
 30
0.0
 10
22.58868028817777
 20
1.945232390871305
 30
0.0
 10
22.58868028817777
 20
1.945232390871305
 30
0.0
 10
22.77963277989028
 20
1.74819176948095
 30
0.0
 10
22.77963277989028
 20
1.74819176948095
 30
0.0
 10
22.79997129135218
 20
1.727204947569828
 30
0.0
 10
22.79944577971664
 20
1.693704085456621
 30
0.0
 10
22.77845895780552
 20
1.673365910429832
 30
0.0
 10
22.77178845895922
 20
1.666900973433293
 30
0.0
 10
22.76353335076375
 20
1.66230661562601
 30
0.0
 10
22.75452395506068
 20
1.660043080232967
 30
0.0
 10
22.75452395506068
 20
1.660043080232967
 30
0.0
 10
20.06559290682309
 20
0.98461596146465
 30
0.0
 10
20.06559290682309
 20
0.98461596146465
 30
0.0
 10
20.03829200751967
 20
0.9777580682643245
 30
0.0
 10
20.01040078025482
 20
0.993474970675353
 30
0.0
 10
20.00212401404941
 20
1.020379013230475
 30
0.0
  0
SPLINE
  5
BE
330
79
100
AcDbEntity
  8
Layer 1
 62
     1
420
 16711680
370
     0
100
AcDbSpline
210
0.0
220
0.0
230
1.0
 70
     9
 71
     3
 72
    65
 73
    61
 74
     0
 42
0.0000000001
 43
0.0000000001
 40
0.0
 40
0.0
 40
0.0
 40
0.0
 40
1.0
 40
1.0
 40
1.0
 40
2.0
 40
2.0
 40
2.0
 40
3.0
 40
3.0
 40
3.0
 40
4.0
 40
4.0
 40
4.0
 40
5.0
 40
5.0
 40
5.0
 40
6.0
 40
6.0
 40
6.0
 40
7.0
 40
7.0
 40
7.0
 40
8.0
 40
8.0
 40
8.0
 40
9.0
 40
9.0
 40
9.0
 40
10.0
 40
10.0
 40
10.0
 40
11.0
 40
11.0
 40
11.0
 40
12.0
 40
12.0
 40
12.0
 40
13.0
 40
13.0
 40
13.0
 40
14.0
 40
14.0
 40
14.0
 40
15.0
 40
15.0
 40
15.0
 40
16.0
 40
16.0
 40
16.0
 40
17.0
 40
17.0
 40
17.0
 40
18.0
 40
18.0
 40
18.0
 40
19.0
 40
19.0
 40
19.0
 40
20.0
 40
20.0
 40
20.0
 40
20.0
 10
22.39441845254527
 20
4.651313176581911
 30
0.0
 10
22.39441845254527
 20
4.651313176581911
 30
0.0
 10
21.63508525943294
 20
1.985678619312393
 30
0.0
 10
21.63508525943294
 20
1.985678619312393
 30
0.0
 10
21.62707844034569
 20
1.95757148481828
 30
0.0
 10
21.64337266539859
 20
1.9282962476362
 30
0.0
 10
21.67147963167515
 20
1.920289092113842
 30
0.0
 10
21.68041299304427
 20
1.917744296972199
 30
0.0
 10
21.68985891329736
 20
1.917596265525567
 30
0.0
 10
21.69886797256533
 20
1.919858455178186
 30
0.0
 10
21.69886797256533
 20
1.919858455178186
 30
0.0
 10
21.96501236472427
 20
1.986705419255848
 30
0.0
 10
21.96501236472427
 20
1.986705419255848
 30
0.0
 10
21.98334858265292
 20
1.991310542986522
 30
0.0
 10
21.99783480544626
 20
2.005349307088915
 30
0.0
 10
22.00301405568529
 20
2.023531605956575
 30
0.0
 10
22.00301405568529
 20
2.023531605956575
 30
0.0
 10
22.17123261798133
 20
2.614100370813409
 30
0.0
 10
22.17123261798133
 20
2.614100370813409
 30
0.0
 10
22.17123295441643
 20
2.614101716553833
 30
0.0
 10
22.17123329085154
 20
2.614103062294257
 30
0.0
 10
22.17123362728665
 20
2.614104408034681
 30
0.0
 10
22.17123362728665
 20
2.614104408034681
 30
0.0
 10
22.27990267117131
 20
2.995516850464556
 30
0.0
 10
22.27990267117131
 20
2.995516850464556
 30
0.0
 10
22.27990283938886
 20
2.995518196204979
 30
0.0
 10
22.27990317582397
 20
2.995518196204979
 30
0.0
 10
22.27990334404152
 20
2.995519541945403
 30
0.0
 10
22.27990334404152
 20
2.995519541945403
 30
0.0
 10
22.63356914219334
 20
4.237067359289096
 30
0.0
 10
22.63356914219334
 20
4.237067359289096
 30
0.0
 10
22.64136888547286
 20
4.264447793954289
 30
0.0
 10
22.66943463844894
 20
4.280750093449725
 30
0.0
 10
22.6970832118936
 20
4.273959487270596
 30
0.0
 10
22.6970832118936
 20
4.273959487270596
 30
0.0
 10
23.92858692736577
 20
3.971481449406084
 30
0.0
 10
23.92858692736577
 20
3.971481449406084
 30
0.0
 10
23.92858692736577
 20
3.971481449406084
 30
0.0
 10
24.31570429988777
 20
3.876395468272765
 30
0.0
 10
24.31570429988777
 20
3.876395468272765
 30
0.0
 10
24.31570429988777
 20
3.876395468272765
 30
0.0
 10
24.94999415250731
 20
3.720601790875732
 30
0.0
 10
24.94999415250731
 20
3.720601790875732
 30
0.0
 10
24.96835307980562
 20
3.716092214715157
 30
0.0
 10
24.98772299459739
 20
3.721718755427591
 30
0.0
 10
25.00080830160943
 20
3.735363217585774
 30
0.0
 10
25.00080830160943
 20
3.735363217585774
 30
0.0
 10
25.19214197429703
 20
3.934869235432761
 30
0.0
 10
25.19214197429703
 20
3.934869235432761
 30
0.0
 10
25.21237080791437
 20
3.955962370837373
 30
0.0
 10
25.21167068645882
 20
3.989459195729308
 30
0.0
 10
25.19057822392442
 20
4.00968836578176
 30
0.0
 10
25.18387340869732
 20
4.016118313527276
 30
0.0
 10
25.17559441360933
 20
4.020669607640993
 30
0.0
 10
25.16657290624244
 20
4.022886042119199
 30
0.0
 10
25.16657290624244
 20
4.022886042119199
 30
0.0
 10
22.45793319511574
 20
4.68820530456341
 30
0.0
 10
22.45793319511574
 20
4.68820530456341
 30
0.0
 10
22.43028445345352
 20
4.694997256482964
 30
0.0
 10
22.40221819582479
 20
4.678694956987528
 30
0.0
 10
22.39441845254527
 20
4.651313176581911
 30
0.0
  0
SPLINE
  5
BF
330
79
100
AcDbEntity
  8
Layer 1
 62
     1
420
 16711680
370
     0
100
AcDbSpline
210
0.0
220
0.0
230
1.0
 70
    11
 71
     3
 72
    38
 73
    34
 74
     0
 42
0.0000000001
 43
0.0000000001
 40
0.0
 40
0.0
 40
0.0
 40
0.0
 40
1.0
 40
1.0
 40
1.0
 40
2.0
 40
2.0
 40
2.0
 40
3.0
 40
3.0
 40
3.0
 40
4.0
 40
4.0
 40
4.0
 40
5.0
 40
5.0
 40
5.0
 40
6.0
 40
6.0
 40
6.0
 40
7.0
 40
7.0
 40
7.0
 40
8.0
 40
8.0
 40
8.0
 40
9.0
 40
9.0
 40
9.0
 40
10.0
 40
10.0
 40
10.0
 40
11.0
 40
11.0
 40
11.0
 40
11.0
 10
24.44117238970185
 20
0.7652589266243341
 30
0.0
 10
24.44117238970185
 20
0.7652589266243341
 30
0.0
 10
22.47684370777029
 20
2.792331578298555
 30
0.0
 10
22.47684370777029
 20
2.792331578298555
 30
0.0
 10
22.45650570096106
 20
2.813318400209677
 30
0.0
 10
22.42300483884785
 20
2.813845930455856
 30
0.0
 10
22.40201751228407
 20
2.793507755429066
 30
0.0
 10
22.39534701343778
 20
2.787042818432527
 30
0.0
 10
22.39049561920952
 20
2.778937423859222
 30
0.0
 10
22.38795082406788
 20
2.770004398925204
 30
0.0
 10
22.38795082406788
 20
2.770004398925204
 30
0.0
 10
22.31276245619007
 20
2.506077786984892
 30
0.0
 10
22.31276245619007
 20
2.506077786984892
 30
0.0
 10
22.30758270129838
 20
2.487895488117231
 30
0.0
 10
22.31249633602124
 20
2.468332459574623
 30
0.0
 10
22.32565229440553
 20
2.454755284437637
 30
0.0
 10
22.32565229440553
 20
2.454755284437637
 30
0.0
 10
22.75295953181787
 20
2.01378037084481
 30
0.0
 10
22.75295953181787
 20
2.01378037084481
 30
0.0
 10
22.75296087755829
 20
2.013779025104386
 30
0.0
 10
22.75296255973382
 20
2.013776333623538
 30
0.0
 10
22.75296390547424
 20
2.013774987883114
 30
0.0
 10
22.75296390547424
 20
2.013774987883114
 30
0.0
 10
23.02899679826819
 20
1.728979979188986
 30
0.0
 10
23.02899679826819
 20
1.728979979188986
 30
0.0
 10
23.02899814400861
 20
1.728978633448562
 30
0.0
 10
23.02899915331393
 20
1.728977287708138
 30
0.0
 10
23.02900049905435
 20
1.728975941967714
 30
0.0
 10
23.02900049905435
 20
1.728975941967714
 30
0.0
 10
23.96287134684081
 20
0.7652589266243341
 30
0.0
 10
23.96287134684081
 20
0.7652589266243341
 30
0.0
 10
23.96287134684081
 20
0.7652589266243341
 30
0.0
 10
24.44117238970185
 20
0.7652589266243341
 30
0.0
 10
24.44117238970185
 20
0.7652589266243341
 30
0.0
  0
SPLINE
  5
C0
330
79
100
AcDbEntity
  8
Layer 1
 62
     1
420
 16711680
370
     0
100
AcDbSpline
210
0.0
220
0.0
230
1.0
 70
     9
 71
     3
 72
    71
 73
    67
 74
     0
 42
0.0000000001
 43
0.0000000001
 40
0.0
 40
0.0
 40
0.0
 40
0.0
 40
1.0
 40
1.0
 40
1.0
 40
2.0
 40
2.0
 40
2.0
 40
3.0
 40
3.0
 40
3.0
 40
4.0
 40
4.0
 40
4.0
 40
5.0
 40
5.0
 40
5.0
 40
6.0
 40
6.0
 40
6.0
 40
7.0
 40
7.0
 40
7.0
 40
8.0
 40
8.0
 40
8.0
 40
9.0
 40
9.0
 40
9.0
 40
10.0
 40
10.0
 40
10.0
 40
11.0
 40
11.0
 40
11.0
 40
12.0
 40
12.0
 40
12.0
 40
13.0
 40
13.0
 40
13.0
 40
14.0
 40
14.0
 40
14.0
 40
15.0
 40
15.0
 40
15.0
 40
16.0
 40
16.0
 40
16.0
 40
17.0
 40
17.0
 40
17.0
 40
18.0
 40
18.0
 40
18.0
 40
19.0
 40
19.0
 40
19.0
 40
20.0
 40
20.0
 40
20.0
 40
21.0
 40
21.0
 40
21.0
 40
22.0
 40
22.0
 40
22.0
 40
22.0
 10
24.78544071425585
 20
1.022144624666666
 30
0.0
 10
24.78544071425585
 20
1.022144624666666
 30
0.0
 10
24.00753546220558
 20
3.699761654670819
 30
0.0
 10
24.00753546220558
 20
3.699761654670819
 30
0.0
 10
23.99938263028233
 20
3.72782707121179
 30
0.0
 10
24.01552445023222
 20
3.757187090040577
 30
0.0
 10
24.04358953033808
 20
3.765339585528719
 30
0.0
 10
24.05250909786786
 20
3.767930135844776
 30
0.0
 10
24.06195350416297
 20
3.768127959687093
 30
0.0
 10
24.07097366578944
 20
3.765912870949311
 30
0.0
 10
24.07097366578944
 20
3.765912870949311
 30
0.0
 10
24.33941288180629
 20
3.699976973138647
 30
0.0
 10
24.33941288180629
 20
3.699976973138647
 30
0.0
 10
24.3577724819748
 20
3.695467396978072
 30
0.0
 10
24.37233171118614
 20
3.681505340079842
 30
0.0
 10
24.37760634077772
 20
3.663351301761085
 30
0.0
 10
24.37760634077772
 20
3.663351301761085
 30
0.0
 10
24.55982901436023
 20
3.036117839054395
 30
0.0
 10
24.55982901436023
 20
3.036117839054395
 30
0.0
 10
24.55982901436023
 20
3.036117839054395
 30
0.0
 10
24.55982935079533
 20
3.036116493313971
 30
0.0
 10
24.55982935079533
 20
3.036116493313971
 30
0.0
 10
24.55982935079533
 20
3.036116493313971
 30
0.0
 10
24.67102418123815
 20
2.653324666949572
 30
0.0
 10
24.67102418123815
 20
2.653324666949572
 30
0.0
 10
24.67102451767326
 20
2.653323321209148
 30
0.0
 10
24.67102451767326
 20
2.653323321209148
 30
0.0
 10
24.67102485410836
 20
2.653321975468724
 30
0.0
 10
24.67102485410836
 20
2.653321975468724
 30
0.0
 10
25.02459056281616
 20
1.436354106968035
 30
0.0
 10
25.02459056281616
 20
1.436354106968035
 30
0.0
 10
25.03262396027678
 20
1.408704524218057
 30
0.0
 10
25.06129058635214
 20
1.392551601909676
 30
0.0
 10
25.08910300369341
 20
1.400004312377377
 30
0.0
 10
25.08910300369341
 20
1.400004312377377
 30
0.0
 10
26.40128537153791
 20
1.75163013626408
 30
0.0
 10
26.40128537153791
 20
1.75163013626408
 30
0.0
 10
26.40128671727833
 20
1.75163013626408
 30
0.0
 10
26.40128739014854
 20
1.751631482004504
 30
0.0
 10
26.40128873588897
 20
1.751631482004504
 30
0.0
 10
26.40128873588897
 20
1.751631482004504
 30
0.0
 10
26.77849304801322
 20
1.852685821917934
 30
0.0
 10
26.77849304801322
 20
1.852685821917934
 30
0.0
 10
26.77849372088344
 20
1.852685821917934
 30
0.0
 10
26.77849506662386
 20
1.852685821917934
 30
0.0
 10
26.77849573949407
 20
1.852685821917934
 30
0.0
 10
26.77849573949407
 20
1.852685821917934
 30
0.0
 10
27.25820173535769
 20
1.981228255730471
 30
0.0
 10
27.25820173535769
 20
1.981228255730471
 30
0.0
 10
27.27646276004015
 20
1.986121367911864
 30
0.0
 10
27.29594773563817
 20
1.980901240807457
 30
0.0
 10
27.30931564813924
 20
1.967532655436178
 30
0.0
 10
27.30931564813924
 20
1.967532655436178
 30
0.0
 10
27.49905495485958
 20
1.77779267584562
 30
0.0
 10
27.49905495485958
 20
1.77779267584562
 30
0.0
 10
27.51972014480939
 20
1.757127485895816
 30
0.0
 10
27.51971947193918
 20
1.723622586561338
 30
0.0
 10
27.49905428198938
 20
1.702957396611535
 30
0.0
 10
27.49248639585041
 20
1.696388837602353
 30
0.0
 10
27.48430496694315
 20
1.691665288714374
 30
0.0
 10
27.47533291553684
 20
1.689261796317242
 30
0.0
 10
27.47533291553684
 20
1.689261796317242
 30
0.0
 10
24.84995214582778
 20
0.9857948300760089
 30
0.0
 10
24.84995214582778
 20
0.9857948300760089
 30
0.0
 10
24.82214006492162
 20
0.9783421196083082
 30
0.0
 10
24.79347411171647
 20
0.9944950419166886
 30
0.0
 10
24.78544071425585
 20
1.022144624666666
 30
0.0
  0
SPLINE
  5
C1
330
79
100
AcDbEntity
  8
Layer 1
 62
     1
420
 16711680
370
     0
100
AcDbSpline
210
0.0
220
0.0
230
1.0
 70
     9
 71
     3
 72
    71
 73
    67
 74
     0
 42
0.0000000001
 43
0.0000000001
 40
0.0
 40
0.0
 40
0.0
 40
0.0
 40
1.0
 40
1.0
 40
1.0
 40
2.0
 40
2.0
 40
2.0
 40
3.0
 40
3.0
 40
3.0
 40
4.0
 40
4.0
 40
4.0
 40
5.0
 40
5.0
 40
5.0
 40
6.0
 40
6.0
 40
6.0
 40
7.0
 40
7.0
 40
7.0
 40
8.0
 40
8.0
 40
8.0
 40
9.0
 40
9.0
 40
9.0
 40
10.0
 40
10.0
 40
10.0
 40
11.0
 40
11.0
 40
11.0
 40
12.0
 40
12.0
 40
12.0
 40
13.0
 40
13.0
 40
13.0
 40
14.0
 40
14.0
 40
14.0
 40
15.0
 40
15.0
 40
15.0
 40
16.0
 40
16.0
 40
16.0
 40
17.0
 40
17.0
 40
17.0
 40
18.0
 40
18.0
 40
18.0
 40
19.0
 40
19.0
 40
19.0
 40
20.0
 40
20.0
 40
20.0
 40
21.0
 40
21.0
 40
21.0
 40
22.0
 40
22.0
 40
22.0
 40
22.0
 10
27.17770627190058
 20
4.649260922435424
 30
0.0
 10
27.17770627190058
 20
4.649260922435424
 30
0.0
 10
26.47452460262921
 20
2.024944633401697
 30
0.0
 10
26.47452460262921
 20
2.024944633401697
 30
0.0
 10
26.46696019570633
 20
1.996715036529008
 30
0.0
 10
26.48371197250336
 20
1.967699527248745
 30
0.0
 10
26.51194156937604
 20
1.960135120325859
 30
0.0
 10
26.52091496652278
 20
1.957730282188304
 30
0.0
 10
26.53036273716895
 20
1.957730282188304
 30
0.0
 10
26.53933613431569
 20
1.960135120325859
 30
0.0
 10
26.53933613431569
 20
1.960135120325859
 30
0.0
 10
26.79850084376594
 20
2.029592820825937
 30
0.0
 10
26.79850084376594
 20
2.029592820825937
 30
0.0
 10
26.81676052270797
 20
2.034485933007331
 30
0.0
 10
26.83102267972074
 20
2.04874943576052
 30
0.0
 10
26.83591579190214
 20
2.067008441832344
 30
0.0
 10
26.83591579190214
 20
2.067008441832344
 30
0.0
 10
26.96445755284446
 20
2.546681467055579
 30
0.0
 10
26.96445755284446
 20
2.546681467055579
 30
0.0
 10
26.96445755284446
 20
2.546681467055579
 30
0.0
 10
27.0655515921004
 20
2.923926151392556
 30
0.0
 10
27.0655515921004
 20
2.923926151392556
 30
0.0
 10
27.0655515921004
 20
2.923926151392556
 30
0.0
 10
27.0655515921004
 20
2.923927497132979
 30
0.0
 10
27.0655515921004
 20
2.923927497132979
 30
0.0
 10
27.0655515921004
 20
2.923927497132979
 30
0.0
 10
27.41685645689599
 20
4.235013759402185
 30
0.0
 10
27.41685645689599
 20
4.235013759402185
 30
0.0
 10
27.42442019094867
 20
4.263243356274876
 30
0.0
 10
27.45343637309914
 20
4.279996478812327
 30
0.0
 10
27.48166529710162
 20
4.272432071889441
 30
0.0
 10
27.48166529710162
 20
4.272432071889441
 30
0.0
 10
27.48166596997183
 20
4.272432071889441
 30
0.0
 10
27.48166596997183
 20
4.272432071889441
 30
0.0
 10
27.48166596997183
 20
4.272432071889441
 30
0.0
 10
28.79279058584312
 20
3.921126534223632
 30
0.0
 10
28.79279058584312
 20
3.921126534223632
 30
0.0
 10
28.79279125871333
 20
3.921126534223632
 30
0.0
 10
28.79279125871333
 20
3.921126534223632
 30
0.0
 10
28.79279193158354
 20
3.921126534223632
 30
0.0
 10
28.79279193158354
 20
3.921126534223632
 30
0.0
 10
29.16999691657801
 20
3.820070848569778
 30
0.0
 10
29.16999691657801
 20
3.820070848569778
 30
0.0
 10
29.16999758944823
 20
3.820070848569778
 30
0.0
 10
29.16999893518865
 20
3.820070848569778
 30
0.0
 10
29.16999960805886
 20
3.820070848569778
 30
0.0
 10
29.16999960805886
 20
3.820070848569778
 30
0.0
 10
29.64970627679269
 20
3.691528414757241
 30
0.0
 10
29.64970627679269
 20
3.691528414757241
 30
0.0
 10
29.66796797434536
 20
3.686635302575847
 30
0.0
 10
29.68745227707318
 20
3.691856775420679
 30
0.0
 10
29.70082018957424
 20
3.705225360791957
 30
0.0
 10
29.70082018957424
 20
3.705225360791957
 30
0.0
 10
29.89055882342438
 20
3.894963994642092
 30
0.0
 10
29.89055882342438
 20
3.894963994642092
 30
0.0
 10
29.91122401337418
 20
3.915629184591895
 30
0.0
 10
29.91122334050397
 20
3.949134083926374
 30
0.0
 10
29.89055815055417
 20
3.969799273876177
 30
0.0
 10
29.88399026441519
 20
3.976367832885359
 30
0.0
 10
29.87580883550794
 20
3.981091381773338
 30
0.0
 10
29.86683678410163
 20
3.983494874170469
 30
0.0
 10
29.86683678410163
 20
3.983494874170469
 30
0.0
 10
27.24251578497641
 20
4.686677889182255
 30
0.0
 10
27.24251578497641
 20
4.686677889182255
 30
0.0
 10
27.21428686097393
 20
4.694242296105142
 30
0.0
 10
27.18527067882346
 20
4.677490519308114
 30
0.0
 10
27.17770627190058
 20
4.649260922435424
 30
0.0
  0
SPLINE
  5
C2
330
79
100
AcDbEntity
  8
Layer 1
 62
     1
420
 16711680
370
     0
100
AcDbSpline
210
0.0
220
0.0
230
1.0
 70
    11
 71
     3
 72
    35
 73
    31
 74
     0
 42
0.0000000001
 43
0.0000000001
 40
0.0
 40
0.0
 40
0.0
 40
0.0
 40
1.0
 40
1.0
 40
1.0
 40
2.0
 40
2.0
 40
2.0
 40
3.0
 40
3.0
 40
3.0
 40
4.0
 40
4.0
 40
4.0
 40
5.0
 40
5.0
 40
5.0
 40
6.0
 40
6.0
 40
6.0
 40
7.0
 40
7.0
 40
7.0
 40
8.0
 40
8.0
 40
8.0
 40
9.0
 40
9.0
 40
9.0
 40
10.0
 40
10.0
 40
10.0
 40
10.0
 10
29.22418046326654
 20
0.7652589266243341
 30
0.0
 10
29.22418046326654
 20
0.7652589266243341
 30
0.0
 10
27.26562753101692
 20
2.723811858873953
 30
0.0
 10
27.26562753101692
 20
2.723811858873953
 30
0.0
 10
27.24496234106711
 20
2.744477048823757
 30
0.0
 10
27.21145744173263
 20
2.744477048823757
 30
0.0
 10
27.19079225178283
 20
2.723811858873953
 30
0.0
 10
27.18422301990344
 20
2.717243299864772
 30
0.0
 10
27.17949947101546
 20
2.709061198087304
 30
0.0
 10
27.17709530574812
 20
2.700087800940567
 30
0.0
 10
27.17709530574812
 20
2.700087800940567
 30
0.0
 10
27.10766452005652
 20
2.440925110100952
 30
0.0
 10
27.10766452005652
 20
2.440925110100952
 30
0.0
 10
27.10277275361554
 20
2.422664758288704
 30
0.0
 10
27.10799288071995
 20
2.403182474171531
 30
0.0
 10
27.12135944748059
 20
2.389815234540677
 30
0.0
 10
27.12135944748059
 20
2.389815234540677
 30
0.0
 10
27.47248869315087
 20
2.038649653878957
 30
0.0
 10
27.47248869315087
 20
2.038649653878957
 30
0.0
 10
27.47248936602108
 20
2.038649653878957
 30
0.0
 10
27.47249003889129
 20
2.038648308138533
 30
0.0
 10
27.47249071176151
 20
2.038648308138533
 30
0.0
 10
27.47249071176151
 20
2.038648308138533
 30
0.0
 10
27.74864135684254
 20
1.76249699018728
 30
0.0
 10
27.74864135684254
 20
1.76249699018728
 30
0.0
 10
27.74864135684254
 20
1.76249699018728
 30
0.0
 10
28.74587942040549
 20
0.7652589266243341
 30
0.0
 10
28.74587942040549
 20
0.7652589266243341
 30
0.0
 10
28.74587942040549
 20
0.7652589266243341
 30
0.0
 10
29.22418046326654
 20
0.7652589266243341
 30
0.0
 10
29.22418046326654
 20
0.7652589266243341
 30
0.0
  0
SPLINE
  5
C3
330
79
100
AcDbEntity
  8
Layer 1
 62
     1
420
 16711680
370
     0
100
AcDbSpline
210
0.0
220
0.0
230
1.0
 70
    11
 71
     3
 72
    35
 73
    31
 74
     0
 42
0.0000000001
 43
0.0000000001
 40
0.0
 40
0.0
 40
0.0
 40
0.0
 40
1.0
 40
1.0
 40
1.0
 40
2.0
 40
2.0
 40
2.0
 40
3.0
 40
3.0
 40
3.0
 40
4.0
 40
4.0
 40
4.0
 40
5.0
 40
5.0
 40
5.0
 40
6.0
 40
6.0
 40
6.0
 40
7.0
 40
7.0
 40
7.0
 40
8.0
 40
8.0
 40
8.0
 40
9.0
 40
9.0
 40
9.0
 40
10.0
 40
10.0
 40
10.0
 40
10.0
 10
29.58290574075966
 20
0.9723831810111652
 30
0.0
 10
29.58290574075966
 20
0.9723831810111652
 30
0.0
 10
28.866028471194
 20
3.647812037086014
 30
0.0
 10
28.866028471194
 20
3.647812037086014
 30
0.0
 10
28.85846406427112
 20
3.676041633958704
 30
0.0
 10
28.87521584106814
 20
3.705057143238966
 30
0.0
 10
28.90344476507062
 20
3.712621550161853
 30
0.0
 10
28.91241883508757
 20
3.715026388299408
 30
0.0
 10
28.92186727860395
 20
3.715026388299408
 30
0.0
 10
28.93084067575069
 20
3.712621550161853
 30
0.0
 10
28.93084067575069
 20
3.712621550161853
 30
0.0
 10
29.19000471233073
 20
3.643163849661775
 30
0.0
 10
29.19000471233073
 20
3.643163849661775
 30
0.0
 10
29.20826439127277
 20
3.638270737480381
 30
0.0
 10
29.22252654828553
 20
3.624007234727192
 30
0.0
 10
29.22741966046692
 20
3.605748228655368
 30
0.0
 10
29.22741966046692
 20
3.605748228655368
 30
0.0
 10
29.35596209427946
 20
3.126075203432133
 30
0.0
 10
29.35596209427946
 20
3.126075203432133
 30
0.0
 10
29.35596209427946
 20
3.126075203432133
 30
0.0
 10
29.45705546066518
 20
2.748830519095156
 30
0.0
 10
29.45705546066518
 20
2.748830519095156
 30
0.0
 10
29.45705546066518
 20
2.748830519095156
 30
0.0
 10
29.45705546066518
 20
2.748829173354732
 30
0.0
 10
29.45705546066518
 20
2.748829173354732
 30
0.0
 10
29.45705546066518
 20
2.748829173354732
 30
0.0
 10
29.82205659862529
 20
1.386591317572109
 30
0.0
 10
29.82205659862529
 20
1.386591317572109
 30
0.0
 10
29.82205659862529
 20
1.386591317572109
 30
0.0
 10
29.58290574075966
 20
0.9723831810111652
 30
0.0
 10
29.58290574075966
 20
0.9723831810111652
 30
0.0
  0
SPLINE
  5
C4
330
79
100
AcDbEntity
  8
Layer 1
 62
     1
420
 16711680
370
     0
100
AcDbSpline
210
0.0
220
0.0
230
1.0
 70
     9
 71
     3
 72
    71
 73
    67
 74
     0
 42
0.0000000001
 43
0.0000000001
 40
0.0
 40
0.0
 40
0.0
 40
0.0
 40
1.0
 40
1.0
 40
1.0
 40
2.0
 40
2.0
 40
2.0
 40
3.0
 40
3.0
 40
3.0
 40
4.0
 40
4.0
 40
4.0
 40
5.0
 40
5.0
 40
5.0
 40
6.0
 40
6.0
 40
6.0
 40
7.0
 40
7.0
 40
7.0
 40
8.0
 40
8.0
 40
8.0
 40
9.0
 40
9.0
 40
9.0
 40
10.0
 40
10.0
 40
10.0
 40
11.0
 40
11.0
 40
11.0
 40
12.0
 40
12.0
 40
12.0
 40
13.0
 40
13.0
 40
13.0
 40
14.0
 40
14.0
 40
14.0
 40
15.0
 40
15.0
 40
15.0
 40
16.0
 40
16.0
 40
16.0
 40
17.0
 40
17.0
 40
17.0
 40
18.0
 40
18.0
 40
18.0
 40
19.0
 40
19.0
 40
19.0
 40
20.0
 40
20.0
 40
20.0
 40
21.0
 40
21.0
 40
21.0
 40
22.0
 40
22.0
 40
22.0
 40
22.0
 10
31.57904251156868
 20
29.79737733519883
 30
0.0
 10
31.57904251156868
 20
29.79737733519883
 30
0.0
 10
29.6571313995817
 20
31.71925076645393
 30
0.0
 10
29.6571313995817
 20
31.71925076645393
 30
0.0
 10
29.6364662096319
 20
31.73991595640373
 30
0.0
 10
29.60296131029742
 20
31.73991595640373
 30
0.0
 10
29.58229612034762
 20
31.71925076645393
 30
0.0
 10
29.57572756133844
 20
31.71268220744475
 30
0.0
 10
29.57100401245046
 20
31.70450010566728
 30
0.0
 10
29.56859984718312
 20
31.69552670852054
 30
0.0
 10
29.56859984718312
 20
31.69552670852054
 30
0.0
 10
29.49916906149152
 20
31.4363626719405
 30
0.0
 10
29.49916906149152
 20
31.4363626719405
 30
0.0
 10
29.49427729505055
 20
31.41810232012825
 30
0.0
 10
29.49949742215495
 20
31.39862003601108
 30
0.0
 10
29.51286331604539
 20
31.38525279638022
 30
0.0
 10
29.51286331604539
 20
31.38525279638022
 30
0.0
 10
29.86399323458587
 20
31.03408721571851
 30
0.0
 10
29.86399323458587
 20
31.03408721571851
 30
0.0
 10
29.86399390745608
 20
31.03408721571851
 30
0.0
 10
29.86399390745608
 20
31.03408586997808
 30
0.0
 10
29.86399458032629
 20
31.03408586997808
 30
0.0
 10
29.86399458032629
 20
31.03408586997808
 30
0.0
 10
30.14014522540734
 20
30.75793455202683
 30
0.0
 10
30.14014522540734
 20
30.75793455202683
 30
0.0
 10
30.14014522540734
 20
30.75793455202683
 30
0.0
 10
30.14014589827755
 20
30.75793455202683
 30
0.0
 10
30.14014589827755
 20
30.75793455202683
 30
0.0
 10
30.14014589827755
 20
30.75793455202683
 30
0.0
 10
31.10074012296721
 20
29.79737733519883
 30
0.0
 10
31.10074012296721
 20
29.79737733519883
 30
0.0
 10
31.12110050271099
 20
29.77701762832526
 30
0.0
 10
31.12144501225952
 20
29.7441156207007
 30
0.0
 10
31.1015159423216
 20
29.72333335133401
 30
0.0
 10
31.1015159423216
 20
29.72333335133401
 30
0.0
 10
30.22436569835788
 20
28.80864973407679
 30
0.0
 10
30.22436569835788
 20
28.80864973407679
 30
0.0
 10
30.22436502548766
 20
28.80864973407679
 30
0.0
 10
30.22436502548766
 20
28.80864838833636
 30
0.0
 10
30.22436435261746
 20
28.80864838833636
 30
0.0
 10
30.22436435261746
 20
28.80864838833636
 30
0.0
 10
29.94848150988078
 20
28.52094187023507
 30
0.0
 10
29.94848150988078
 20
28.52094187023507
 30
0.0
 10
29.94848083701056
 20
28.52094119736486
 30
0.0
 10
29.94848083701056
 20
28.52094119736486
 30
0.0
 10
29.94848016414035
 20
28.52094052449464
 30
0.0
 10
29.94848016414035
 20
28.52094052449464
 30
0.0
 10
29.49637866872251
 20
28.0495014120552
 30
0.0
 10
29.49637866872251
 20
28.0495014120552
 30
0.0
 10
29.48329268884025
 20
28.0358556041566
 30
0.0
 10
29.47848166682472
 20
28.0162649879353
 30
0.0
 10
29.48375696928651
 20
27.99810960387612
 30
0.0
 10
29.48375696928651
 20
27.99810960387612
 30
0.0
 10
29.56089077316466
 20
27.73266499673761
 30
0.0
 10
29.56089077316466
 20
27.73266499673761
 30
0.0
 10
29.56904596013364
 20
27.70460092593707
 30
0.0
 10
29.59840732470286
 20
27.68846078816272
 30
0.0
 10
29.62647139550341
 20
27.69661597513171
 30
0.0
 10
29.63539029016297
 20
27.69920787118819
 30
0.0
 10
29.64347011566822
 20
27.70410098336958
 30
0.0
 10
29.64989871767332
 20
27.71080478929136
 30
0.0
 10
29.64989871767332
 20
27.71080478929136
 30
0.0
 10
31.57981765805286
 20
29.72333335133401
 30
0.0
 10
31.57981765805286
 20
29.72333335133401
 30
0.0
 10
31.59974672799077
 20
29.7441156207007
 30
0.0
 10
31.59940221844225
 20
29.77701762832526
 30
0.0
 10
31.57904251156868
 20
29.79737733519883
 30
0.0
  0
SPLINE
  5
C5
330
79
100
AcDbEntity
  8
Layer 1
 62
     1
420
 16711680
370
     0
100
AcDbSpline
210
0.0
220
0.0
230
1.0
 70
     9
 71
     3
 72
    68
 73
    64
 74
     0
 42
0.0000000001
 43
0.0000000001
 40
0.0
 40
0.0
 40
0.0
 40
0.0
 40
1.0
 40
1.0
 40
1.0
 40
2.0
 40
2.0
 40
2.0
 40
3.0
 40
3.0
 40
3.0
 40
4.0
 40
4.0
 40
4.0
 40
5.0
 40
5.0
 40
5.0
 40
6.0
 40
6.0
 40
6.0
 40
7.0
 40
7.0
 40
7.0
 40
8.0
 40
8.0
 40
8.0
 40
9.0
 40
9.0
 40
9.0
 40
10.0
 40
10.0
 40
10.0
 40
11.0
 40
11.0
 40
11.0
 40
12.0
 40
12.0
 40
12.0
 40
13.0
 40
13.0
 40
13.0
 40
14.0
 40
14.0
 40
14.0
 40
15.0
 40
15.0
 40
15.0
 40
16.0
 40
16.0
 40
16.0
 40
17.0
 40
17.0
 40
17.0
 40
18.0
 40
18.0
 40
18.0
 40
19.0
 40
19.0
 40
19.0
 40
20.0
 40
20.0
 40
20.0
 40
21.0
 40
21.0
 40
21.0
 40
21.0
 10
8.045393390763445
 20
29.50455094765471
 30
0.0
 10
8.045393390763445
 20
29.50455094765471
 30
0.0
 10
7.286060702303783
 20
26.83891571751498
 30
0.0
 10
7.286060702303783
 20
26.83891571751498
 30
0.0
 10
7.278053546781425
 20
26.81080858302087
 30
0.0
 10
7.294347771834318
 20
26.78153267296857
 30
0.0
 10
7.32245490632843
 20
26.77352619031643
 30
0.0
 10
7.331387931262449
 20
26.77098139517479
 30
0.0
 10
7.340835029038408
 20
26.77083269085794
 30
0.0
 10
7.349843415436167
 20
26.77309555338077
 30
0.0
 10
7.349843415436167
 20
26.77309555338077
 30
0.0
 10
7.615987807595108
 20
26.83994319032865
 30
0.0
 10
7.615987807595108
 20
26.83994319032865
 30
0.0
 10
7.634324866611519
 20
26.84454831405932
 30
0.0
 10
7.648810416534656
 20
26.8585864052915
 30
0.0
 10
7.653990171426346
 20
26.87676937702937
 30
0.0
 10
7.653990171426346
 20
26.87676937702937
 30
0.0
 10
7.822207724417061
 20
27.46733814188621
 30
0.0
 10
7.822207724417061
 20
27.46733814188621
 30
0.0
 10
7.822207724417061
 20
27.46733948762663
 30
0.0
 10
7.822209070157485
 20
27.46734016049684
 30
0.0
 10
7.822209070157485
 20
27.46734150623727
 30
0.0
 10
7.822209070157485
 20
27.46734150623727
 30
0.0
 10
7.930877609389487
 20
27.84875462153735
 30
0.0
 10
7.930877609389487
 20
27.84875462153735
 30
0.0
 10
7.930877609389487
 20
27.84875529440757
 30
0.0
 10
7.930878955129911
 20
27.84875664014799
 30
0.0
 10
7.930878955129911
 20
27.8487573130182
 30
0.0
 10
7.930878955129911
 20
27.8487573130182
 30
0.0
 10
8.284544921499284
 20
29.09034146535334
 30
0.0
 10
8.284544921499284
 20
29.09034146535334
 30
0.0
 10
8.292344832996358
 20
29.11772324575896
 30
0.0
 10
8.320411595277754
 20
29.13402554525439
 30
0.0
 10
8.348059832287306
 20
29.12723359333484
 30
0.0
 10
8.348059832287306
 20
29.12723359333484
 30
0.0
 10
9.579561697366393
 20
28.82471922047889
 30
0.0
 10
9.579561697366393
 20
28.82471922047889
 30
0.0
 10
9.579562370236606
 20
28.82471922047889
 30
0.0
 10
9.579562370236606
 20
28.82471922047889
 30
0.0
 10
9.579563043106817
 20
28.82471922047889
 30
0.0
 10
9.579563043106817
 20
28.82471922047889
 30
0.0
 10
9.966680079193714
 20
28.72963323934556
 30
0.0
 10
9.966680079193714
 20
28.72963323934556
 30
0.0
 10
9.966680079193714
 20
28.72963323934556
 30
0.0
 10
10.60096993181326
 20
28.57383888907832
 30
0.0
 10
10.60096993181326
 20
28.57383888907832
 30
0.0
 10
10.61932852267645
 20
28.56932998578796
 30
0.0
 10
10.63869843746823
 20
28.5749571993706
 30
0.0
 10
10.65178374448027
 20
28.58860098865858
 30
0.0
 10
10.65178374448027
 20
28.58860098865858
 30
0.0
 10
10.84311708073276
 20
28.78810700650556
 30
0.0
 10
10.84311708073276
 20
28.78810700650556
 30
0.0
 10
10.86334625078521
 20
28.80920014191017
 30
0.0
 10
10.86264579289455
 20
28.84269696680211
 30
0.0
 10
10.84155333036015
 20
28.86292613685456
 30
0.0
 10
10.83484885156815
 20
28.86935608460007
 30
0.0
 10
10.82656918360995
 20
28.87390737871379
 30
0.0
 10
10.81754801267817
 20
28.876123813192
 30
0.0
 10
10.81754801267817
 20
28.876123813192
 30
0.0
 10
8.108908301551467
 20
29.54144307563621
 30
0.0
 10
8.108908301551467
 20
29.54144307563621
 30
0.0
 10
8.081260064541913
 20
29.54823502755576
 30
0.0
 10
8.053193302260519
 20
29.53193272806032
 30
0.0
 10
8.045393390763445
 20
29.50455094765471
 30
0.0
  0
SPLINE
  5
C6
330
79
100
AcDbEntity
  8
Layer 1
 62
     1
420
 16711680
370
     0
100
AcDbSpline
210
0.0
220
0.0
230
1.0
 70
    11
 71
     3
 72
    35
 73
    31
 74
     0
 42
0.0000000001
 43
0.0000000001
 40
0.0
 40
0.0
 40
0.0
 40
0.0
 40
1.0
 40
1.0
 40
1.0
 40
2.0
 40
2.0
 40
2.0
 40
3.0
 40
3.0
 40
3.0
 40
4.0
 40
4.0
 40
4.0
 40
5.0
 40
5.0
 40
5.0
 40
6.0
 40
6.0
 40
6.0
 40
7.0
 40
7.0
 40
7.0
 40
8.0
 40
8.0
 40
8.0
 40
9.0
 40
9.0
 40
9.0
 40
10.0
 40
10.0
 40
10.0
 40
10.0
 10
5.667865709371336
 20
25.82562027921375
 30
0.0
 10
5.667865709371336
 20
25.82562027921375
 30
0.0
 10
8.405500070801728
 20
26.51328085130577
 30
0.0
 10
8.405500070801728
 20
26.51328085130577
 30
0.0
 10
8.433844055610451
 20
26.52040116388876
 30
0.0
 10
8.451050692670765
 20
26.54915088943529
 30
0.0
 10
8.443930380087774
 20
26.57749554711423
 30
0.0
 10
8.441666844694731
 20
26.5865046063822
 30
0.0
 10
8.43707248688745
 20
26.59475937814256
 30
0.0
 10
8.430607549890911
 20
26.60142954055375
 30
0.0
 10
8.430607549890911
 20
26.60142954055375
 30
0.0
 10
8.239655058178394
 20
26.7984701619441
 30
0.0
 10
8.239655058178394
 20
26.7984701619441
 30
0.0
 10
8.226499099794096
 20
26.81204599134066
 30
0.0
 10
8.207100251583208
 20
26.81757227439152
 30
0.0
 10
8.18876453830722
 20
26.81296715066084
 30
0.0
 10
8.18876453830722
 20
26.81296715066084
 30
0.0
 10
7.593197693515926
 20
26.66337397226705
 30
0.0
 10
7.593197693515926
 20
26.66337397226705
 30
0.0
 10
7.593197693515926
 20
26.66337397226705
 30
0.0
 10
7.208529905000575
 20
26.56675721140151
 30
0.0
 10
7.208529905000575
 20
26.56675721140151
 30
0.0
 10
7.208529905000575
 20
26.56675721140151
 30
0.0
 10
7.208528559260151
 20
26.5667565385313
 30
0.0
 10
7.208528559260151
 20
26.5667565385313
 30
0.0
 10
7.208528559260151
 20
26.5667565385313
 30
0.0
 10
5.907015894366752
 20
26.2398284157747
 30
0.0
 10
5.907015894366752
 20
26.2398284157747
 30
0.0
 10
5.907015894366752
 20
26.2398284157747
 30
0.0
 10
5.667865709371336
 20
25.82562027921375
 30
0.0
 10
5.667865709371336
 20
25.82562027921375
 30
0.0
  0
SPLINE
  5
C7
330
79
100
AcDbEntity
  8
Layer 1
 62
     1
420
 16711680
370
     0
100
AcDbSpline
210
0.0
220
0.0
230
1.0
 70
     9
 71
     3
 72
    71
 73
    67
 74
     0
 42
0.0000000001
 43
0.0000000001
 40
0.0
 40
0.0
 40
0.0
 40
0.0
 40
1.0
 40
1.0
 40
1.0
 40
2.0
 40
2.0
 40
2.0
 40
3.0
 40
3.0
 40
3.0
 40
4.0
 40
4.0
 40
4.0
 40
5.0
 40
5.0
 40
5.0
 40
6.0
 40
6.0
 40
6.0
 40
7.0
 40
7.0
 40
7.0
 40
8.0
 40
8.0
 40
8.0
 40
9.0
 40
9.0
 40
9.0
 40
10.0
 40
10.0
 40
10.0
 40
11.0
 40
11.0
 40
11.0
 40
12.0
 40
12.0
 40
12.0
 40
13.0
 40
13.0
 40
13.0
 40
14.0
 40
14.0
 40
14.0
 40
15.0
 40
15.0
 40
15.0
 40
16.0
 40
16.0
 40
16.0
 40
17.0
 40
17.0
 40
17.0
 40
18.0
 40
18.0
 40
18.0
 40
19.0
 40
19.0
 40
19.0
 40
20.0
 40
20.0
 40
20.0
 40
21.0
 40
21.0
 40
21.0
 40
22.0
 40
22.0
 40
22.0
 40
22.0
 10
10.05720198167929
 20
25.65455850383707
 30
0.0
 10
10.05720198167929
 20
25.65455850383707
 30
0.0
 10
8.127818645988472
 20
27.64556934937135
 30
0.0
 10
8.127818645988472
 20
27.64556934937135
 30
0.0
 10
8.107480470961682
 20
27.66655684415269
 30
0.0
 10
8.073979608848475
 20
27.66708302865844
 30
0.0
 10
8.052992786937354
 20
27.64674485363165
 30
0.0
 10
8.046321951655954
 20
27.64028126237554
 30
0.0
 10
8.041470557427702
 20
27.63217519493202
 30
0.0
 10
8.038925762286059
 20
27.623242169998
 30
0.0
 10
8.038925762286059
 20
27.623242169998
 30
0.0
 10
7.963737899060904
 20
27.35931555805769
 30
0.0
 10
7.963737899060904
 20
27.35931555805769
 30
0.0
 10
7.958558144169215
 20
27.34113393206024
 30
0.0
 10
7.963471442456968
 20
27.32157023064742
 30
0.0
 10
7.976627400841265
 20
27.30799372838065
 30
0.0
 10
7.976627400841265
 20
27.30799372838065
 30
0.0
 10
8.403934974688702
 20
26.8670174690474
 30
0.0
 10
8.403934974688702
 20
26.8670174690474
 30
0.0
 10
8.403936320429126
 20
26.86701612330697
 30
0.0
 10
8.40393766616955
 20
26.86701410469634
 30
0.0
 10
8.403939011909974
 20
26.86701275895591
 30
0.0
 10
8.403939011909974
 20
26.86701275895591
 30
0.0
 10
8.679971904703922
 20
26.58221775026178
 30
0.0
 10
8.679971904703922
 20
26.58221775026178
 30
0.0
 10
8.679973250444346
 20
26.58221640452136
 30
0.0
 10
8.67997459618477
 20
26.58221505878094
 30
0.0
 10
8.679975941925194
 20
26.58221371304052
 30
0.0
 10
8.679975941925194
 20
26.58221371304052
 30
0.0
 10
9.578902284558671
 20
25.65455850383707
 30
0.0
 10
9.578902284558671
 20
25.65455850383707
 30
0.0
 10
9.598490882169333
 20
25.63434413692928
 30
0.0
 10
9.59882529866468
 20
25.60233233659515
 30
0.0
 10
9.579663973638613
 20
25.58171222894955
 30
0.0
 10
9.579663973638613
 20
25.58171222894955
 30
0.0
 10
8.762701297264756
 20
24.70257028915841
 30
0.0
 10
8.762701297264756
 20
24.70257028915841
 30
0.0
 10
8.762701297264756
 20
24.70257028915841
 30
0.0
 10
8.762700624394543
 20
24.7025696162882
 30
0.0
 10
8.762700624394543
 20
24.7025696162882
 30
0.0
 10
8.762700624394543
 20
24.7025696162882
 30
0.0
 10
8.487315705614717
 20
24.40621537022277
 30
0.0
 10
8.487315705614717
 20
24.40621537022277
 30
0.0
 10
8.487315705614717
 20
24.40621469735255
 30
0.0
 10
8.487314359874293
 20
24.40621469735255
 30
0.0
 10
8.487314359874293
 20
24.40621402448234
 30
0.0
 10
8.487314359874293
 20
24.40621402448234
 30
0.0
 10
7.962926417585277
 20
23.84193026158563
 30
0.0
 10
7.962926417585277
 20
23.84193026158563
 30
0.0
 10
7.950057101911276
 20
23.828081246883
 30
0.0
 10
7.945552908712397
 20
23.80841863354902
 30
0.0
 10
7.951112162403633
 20
23.79034870400676
 30
0.0
 10
7.951112162403633
 20
23.79034870400676
 30
0.0
 10
8.034141655079002
 20
23.52045507902676
 30
0.0
 10
8.034141655079002
 20
23.52045507902676
 30
0.0
 10
8.042735553426192
 20
23.49252221791755
 30
0.0
 10
8.072345879973831
 20
23.4768436691086
 30
0.0
 10
8.100278068212832
 20
23.48543756745579
 30
0.0
 10
8.109157263529894
 20
23.48816874764615
 30
0.0
 10
8.117159036090557
 20
23.49318835942739
 30
0.0
 10
8.123482670342584
 20
23.49999309588097
 30
0.0
 10
8.123482670342584
 20
23.49999309588097
 30
0.0
 10
10.05796434362944
 20
25.58171155607933
 30
0.0
 10
10.05796434362944
 20
25.58171155607933
 30
0.0
 10
10.07712634152572
 20
25.60233166372494
 30
0.0
 10
10.07679125216016
 20
25.63434413692928
 30
0.0
 10
10.05720198167929
 20
25.65455850383707
 30
0.0
  0
SPLINE
  5
C8
330
79
100
AcDbEntity
  8
Layer 1
 62
     1
420
 16711680
370
     0
100
AcDbSpline
210
0.0
220
0.0
230
1.0
 70
     9
 71
     3
 72
    71
 73
    67
 74
     0
 42
0.0000000001
 43
0.0000000001
 40
0.0
 40
0.0
 40
0.0
 40
0.0
 40
1.0
 40
1.0
 40
1.0
 40
2.0
 40
2.0
 40
2.0
 40
3.0
 40
3.0
 40
3.0
 40
4.0
 40
4.0
 40
4.0
 40
5.0
 40
5.0
 40
5.0
 40
6.0
 40
6.0
 40
6.0
 40
7.0
 40
7.0
 40
7.0
 40
8.0
 40
8.0
 40
8.0
 40
9.0
 40
9.0
 40
9.0
 40
10.0
 40
10.0
 40
10.0
 40
11.0
 40
11.0
 40
11.0
 40
12.0
 40
12.0
 40
12.0
 40
13.0
 40
13.0
 40
13.0
 40
14.0
 40
14.0
 40
14.0
 40
15.0
 40
15.0
 40
15.0
 40
16.0
 40
16.0
 40
16.0
 40
17.0
 40
17.0
 40
17.0
 40
18.0
 40
18.0
 40
18.0
 40
19.0
 40
19.0
 40
19.0
 40
20.0
 40
20.0
 40
20.0
 40
21.0
 40
21.0
 40
21.0
 40
22.0
 40
22.0
 40
22.0
 40
22.0
 10
10.43736894134682
 20
25.87210282632636
 30
0.0
 10
10.43736894134682
 20
25.87210282632636
 30
0.0
 10
9.65851090507642
 20
28.5529987528734
 30
0.0
 10
9.65851090507642
 20
28.5529987528734
 30
0.0
 10
9.650357736718067
 20
28.58106349654417
 30
0.0
 10
9.666499220232843
 20
28.61042418824316
 30
0.0
 10
9.694563963903602
 20
28.61857735660152
 30
0.0
 10
9.703483531433382
 20
28.62116857978779
 30
0.0
 10
9.712928610598705
 20
28.6213664036301
 30
0.0
 10
9.721949108660279
 20
28.61915064202211
 30
0.0
 10
9.721949108660279
 20
28.61915064202211
 30
0.0
 10
9.990388661112225
 20
28.55321541708166
 30
0.0
 10
9.990388661112225
 20
28.55321541708166
 30
0.0
 10
10.00874792484563
 20
28.54870584092108
 30
0.0
 10
10.02330749049208
 20
28.53474378402285
 30
0.0
 10
10.02858144721345
 20
28.51658907283388
 30
0.0
 10
10.02858144721345
 20
28.51658907283388
 30
0.0
 10
10.21080412079596
 20
27.88935493725698
 30
0.0
 10
10.21080412079596
 20
27.88935493725698
 30
0.0
 10
10.21080412079596
 20
27.88935426438677
 30
0.0
 10
10.21080479366617
 20
27.88935426438677
 30
0.0
 10
10.21080479366617
 20
27.88935359151656
 30
0.0
 10
10.21080479366617
 20
27.88935359151656
 30
0.0
 10
10.32199996054409
 20
27.50656176515216
 30
0.0
 10
10.32199996054409
 20
27.50656176515216
 30
0.0
 10
10.32199996054409
 20
27.50656109228195
 30
0.0
 10
10.32199996054409
 20
27.50656041941173
 30
0.0
 10
10.32199996054409
 20
27.50655974654153
 30
0.0
 10
10.32199996054409
 20
27.50655974654153
 30
0.0
 10
10.67651912634223
 20
26.28631163575751
 30
0.0
 10
10.67651912634223
 20
26.28631163575751
 30
0.0
 10
10.68416427769056
 20
26.25999770037828
 30
0.0
 10
10.71063364608875
 20
26.24387303861881
 30
0.0
 10
10.73752288549921
 20
26.24914901395081
 30
0.0
 10
10.73752288549921
 20
26.24914901395081
 30
0.0
 10
11.78112305240682
 20
26.45391620398513
 30
0.0
 10
11.78112305240682
 20
26.45391620398513
 30
0.0
 10
11.78112305240682
 20
26.45391620398513
 30
0.0
 10
11.78112372527704
 20
26.45391620398513
 30
0.0
 10
11.78112372527704
 20
26.45391620398513
 30
0.0
 10
11.78112372527704
 20
26.45391620398513
 30
0.0
 10
12.18951557172577
 20
26.53404091595545
 30
0.0
 10
12.18951557172577
 20
26.53404091595545
 30
0.0
 10
12.18951624459598
 20
26.53404091595545
 30
0.0
 10
12.18951624459598
 20
26.53404158882567
 30
0.0
 10
12.1895169174662
 20
26.53404158882567
 30
0.0
 10
12.1895169174662
 20
26.53404158882567
 30
0.0
 10
13.17460630935215
 20
26.72728654935034
 30
0.0
 10
13.17460630935215
 20
26.72728654935034
 30
0.0
 10
13.19315734109597
 20
26.73092543145664
 30
0.0
 10
13.21224128604766
 20
26.72439186169848
 30
0.0
 10
13.2246685259924
 20
26.7101458535708
 30
0.0
 10
13.2246685259924
 20
26.7101458535708
 30
0.0
 10
13.4179202152192
 20
26.48862284951817
 30
0.0
 10
13.4179202152192
 20
26.48862284951817
 30
0.0
 10
13.43713267838137
 20
26.46660048035084
 30
0.0
 10
13.43485433984366
 20
26.43317296109074
 30
0.0
 10
13.41283129780612
 20
26.41396049792856
 30
0.0
 10
13.40583142899107
 20
26.407854200755
 30
0.0
 10
13.39734788135864
 20
26.40369788145571
 30
0.0
 10
13.38823250859718
 20
26.40190939243231
 30
0.0
 10
13.38823250859718
 20
26.40190939243231
 30
0.0
 10
10.4983727005038
 20
25.83493953164944
 30
0.0
 10
10.4983727005038
 20
25.83493953164944
 30
0.0
 10
10.47148278822312
 20
25.82966355631743
 30
0.0
 10
10.44501409269514
 20
25.84578821807691
 30
0.0
 10
10.43736894134682
 20
25.87210282632636
 30
0.0
  0
SPLINE
  5
C9
330
79
100
AcDbEntity
  8
Layer 1
 62
     1
420
 16711680
370
     0
100
AcDbSpline
210
0.0
220
0.0
230
1.0
 70
     9
 71
     3
 72
    71
 73
    67
 74
     0
 42
0.0000000001
 43
0.0000000001
 40
0.0
 40
0.0
 40
0.0
 40
0.0
 40
1.0
 40
1.0
 40
1.0
 40
2.0
 40
2.0
 40
2.0
 40
3.0
 40
3.0
 40
3.0
 40
4.0
 40
4.0
 40
4.0
 40
5.0
 40
5.0
 40
5.0
 40
6.0
 40
6.0
 40
6.0
 40
7.0
 40
7.0
 40
7.0
 40
8.0
 40
8.0
 40
8.0
 40
9.0
 40
9.0
 40
9.0
 40
10.0
 40
10.0
 40
10.0
 40
11.0
 40
11.0
 40
11.0
 40
12.0
 40
12.0
 40
12.0
 40
13.0
 40
13.0
 40
13.0
 40
14.0
 40
14.0
 40
14.0
 40
15.0
 40
15.0
 40
15.0
 40
16.0
 40
16.0
 40
16.0
 40
17.0
 40
17.0
 40
17.0
 40
18.0
 40
18.0
 40
18.0
 40
19.0
 40
19.0
 40
19.0
 40
20.0
 40
20.0
 40
20.0
 40
21.0
 40
21.0
 40
21.0
 40
22.0
 40
22.0
 40
22.0
 40
22.0
 10
12.82742479321546
 20
29.50993794657168
 30
0.0
 10
12.82742479321546
 20
29.50993794657168
 30
0.0
 10
11.87276124657405
 20
26.72161694494434
 30
0.0
 10
11.87276124657405
 20
26.72161694494434
 30
0.0
 10
11.86329463556194
 20
26.69396736219436
 30
0.0
 10
11.87803520329541
 20
26.66387929779623
 30
0.0
 10
11.90568411317517
 20
26.65441268678413
 30
0.0
 10
11.91447247101362
 20
26.65140361119623
 30
0.0
 10
11.92389736407259
 20
26.6507610201438
 30
0.0
 10
11.93301206396383
 20
26.6525495091672
 30
0.0
 10
11.93301206396383
 20
26.6525495091672
 30
0.0
 10
12.22152198909821
 20
26.70914865991667
 30
0.0
 10
12.22152198909821
 20
26.70914865991667
 30
0.0
 10
12.24007436658245
 20
26.71278821489318
 30
0.0
 10
12.25527585041112
 20
26.72604981390075
 30
0.0
 10
12.26139964221019
 20
26.74393672274536
 30
0.0
 10
12.26139964221019
 20
26.74393672274536
 30
0.0
 10
12.58654264029446
 20
27.69370715720539
 30
0.0
 10
12.58654264029446
 20
27.69370715720539
 30
0.0
 10
12.58654331316467
 20
27.69370917581603
 30
0.0
 10
12.58654398603488
 20
27.69371119442666
 30
0.0
 10
12.58654465890509
 20
27.6937132130373
 30
0.0
 10
12.58654465890509
 20
27.6937132130373
 30
0.0
 10
12.72138583077181
 20
28.08744456330779
 30
0.0
 10
12.72138583077181
 20
28.08744456330779
 30
0.0
 10
12.72138650364203
 20
28.08744658191842
 30
0.0
 10
12.72138650364203
 20
28.08744792765885
 30
0.0
 10
12.72138717651224
 20
28.08744994626949
 30
0.0
 10
12.72138717651224
 20
28.08744994626949
 30
0.0
 10
13.06657565108109
 20
29.09572711852989
 30
0.0
 10
13.06657565108109
 20
29.09572711852989
 30
0.0
 10
13.0751426346198
 20
29.12075116171279
 30
0.0
 10
13.10087184578484
 20
29.1356067902525
 30
0.0
 10
13.12682781421131
 20
29.13051450848837
 30
0.0
 10
13.12682781421131
 20
29.13051450848837
 30
0.0
 10
14.17262759384182
 20
28.92531600864818
 30
0.0
 10
14.17262759384182
 20
28.92531600864818
 30
0.0
 10
14.17262759384182
 20
28.92531600864818
 30
0.0
 10
14.17262826671204
 20
28.92531600864818
 30
0.0
 10
14.17262826671204
 20
28.92531600864818
 30
0.0
 10
14.17262826671204
 20
28.92531600864818
 30
0.0
 10
14.58101944029056
 20
28.84519062380764
 30
0.0
 10
14.58101944029056
 20
28.84519062380764
 30
0.0
 10
14.58101977672567
 20
28.84519062380764
 30
0.0
 10
14.58102044959588
 20
28.84519062380764
 30
0.0
 10
14.58102078603099
 20
28.84519062380764
 30
0.0
 10
14.58102078603099
 20
28.84519062380764
 30
0.0
 10
15.56611017791694
 20
28.65194499041276
 30
0.0
 10
15.56611017791694
 20
28.65194499041276
 30
0.0
 10
15.58466120966076
 20
28.64830610830646
 30
0.0
 10
15.60374481817734
 20
28.65483967806462
 30
0.0
 10
15.61617239455719
 20
28.6690856861923
 30
0.0
 10
15.61617239455719
 20
28.6690856861923
 30
0.0
 10
15.80942442021909
 20
28.89060936311513
 30
0.0
 10
15.80942442021909
 20
28.89060936311513
 30
0.0
 10
15.82863621051105
 20
28.91263240515268
 30
0.0
 10
15.82635753553824
 20
28.94605925154257
 30
0.0
 10
15.8043344935007
 20
28.96527104183454
 30
0.0
 10
15.79733496112075
 20
28.97137801187831
 30
0.0
 10
15.78885141348832
 20
28.97553365830739
 30
0.0
 10
15.77973637716197
 20
28.97732214733079
 30
0.0
 10
15.77973637716197
 20
28.97732214733079
 30
0.0
 10
12.88767561060526
 20
29.54472399078974
 30
0.0
 10
12.88767561060526
 20
29.54472399078974
 30
0.0
 10
12.86172098791921
 20
29.54981627255387
 30
0.0
 10
12.83599244962439
 20
29.53496198975458
 30
0.0
 10
12.82742479321546
 20
29.50993794657168
 30
0.0
  0
SPLINE
  5
CA
330
79
100
AcDbEntity
  8
Layer 1
 62
     1
420
 16711680
370
     0
100
AcDbSpline
210
0.0
220
0.0
230
1.0
 70
     9
 71
     3
 72
    71
 73
    67
 74
     0
 42
0.0000000001
 43
0.0000000001
 40
0.0
 40
0.0
 40
0.0
 40
0.0
 40
1.0
 40
1.0
 40
1.0
 40
2.0
 40
2.0
 40
2.0
 40
3.0
 40
3.0
 40
3.0
 40
4.0
 40
4.0
 40
4.0
 40
5.0
 40
5.0
 40
5.0
 40
6.0
 40
6.0
 40
6.0
 40
7.0
 40
7.0
 40
7.0
 40
8.0
 40
8.0
 40
8.0
 40
9.0
 40
9.0
 40
9.0
 40
10.0
 40
10.0
 40
10.0
 40
11.0
 40
11.0
 40
11.0
 40
12.0
 40
12.0
 40
12.0
 40
13.0
 40
13.0
 40
13.0
 40
14.0
 40
14.0
 40
14.0
 40
15.0
 40
15.0
 40
15.0
 40
16.0
 40
16.0
 40
16.0
 40
17.0
 40
17.0
 40
17.0
 40
18.0
 40
18.0
 40
18.0
 40
19.0
 40
19.0
 40
19.0
 40
20.0
 40
20.0
 40
20.0
 40
21.0
 40
21.0
 40
21.0
 40
22.0
 40
22.0
 40
22.0
 40
22.0
 10
10.43717784620662
 20
33.64469848427498
 30
0.0
 10
10.43717784620662
 20
33.64469848427498
 30
0.0
 10
9.733995504065049
 20
31.02038219524125
 30
0.0
 10
9.733995504065049
 20
31.02038219524125
 30
0.0
 10
9.726431097142164
 20
30.99215259836856
 30
0.0
 10
9.74318287393919
 20
30.96313708908829
 30
0.0
 10
9.771411797941668
 20
30.95557268216541
 30
0.0
 10
9.780385867958617
 20
30.95316784402785
 30
0.0
 10
9.789834311474999
 20
30.95316784402785
 30
0.0
 10
9.798807708621737
 20
30.95557268216541
 30
0.0
 10
9.798807708621737
 20
30.95557268216541
 30
0.0
 10
10.05797241807198
 20
31.02503038266549
 30
0.0
 10
10.05797241807198
 20
31.02503038266549
 30
0.0
 10
10.07623142414381
 20
31.02992349484688
 30
0.0
 10
10.09049358115657
 20
31.04418699760007
 30
0.0
 10
10.09538669333797
 20
31.06244600367189
 30
0.0
 10
10.09538669333797
 20
31.06244600367189
 30
0.0
 10
10.22392912715051
 20
31.54211902889513
 30
0.0
 10
10.22392912715051
 20
31.54211902889513
 30
0.0
 10
10.22392912715051
 20
31.54211902889513
 30
0.0
 10
10.32502249353623
 20
31.9193637132321
 30
0.0
 10
10.32502249353623
 20
31.9193637132321
 30
0.0
 10
10.32502249353623
 20
31.9193637132321
 30
0.0
 10
10.32502316640644
 20
31.91936505897253
 30
0.0
 10
10.32502316640644
 20
31.91936505897253
 30
0.0
 10
10.32502316640644
 20
31.91936505897253
 30
0.0
 10
10.67632803120204
 20
33.23048765623318
 30
0.0
 10
10.67632803120204
 20
33.23048765623318
 30
0.0
 10
10.68389176525471
 20
33.25871725310587
 30
0.0
 10
10.71290727453497
 20
33.27547037564333
 30
0.0
 10
10.74113687140766
 20
33.26790596872044
 30
0.0
 10
10.74113754427788
 20
33.26790596872044
 30
0.0
 10
10.74113754427788
 20
33.26790596872044
 30
0.0
 10
10.74113821714809
 20
33.26790596872044
 30
0.0
 10
10.74113821714809
 20
33.26790596872044
 30
0.0
 10
12.05226148727895
 20
32.91656409606318
 30
0.0
 10
12.05226148727895
 20
32.91656409606318
 30
0.0
 10
12.05226216014916
 20
32.91656409606318
 30
0.0
 10
12.05226350588959
 20
32.91656275032276
 30
0.0
 10
12.0522641787598
 20
32.91656275032276
 30
0.0
 10
12.0522641787598
 20
32.91656275032276
 30
0.0
 10
12.42946849088406
 20
32.81550841040933
 30
0.0
 10
12.42946849088406
 20
32.81550841040933
 30
0.0
 10
12.42946916375427
 20
32.81550841040933
 30
0.0
 10
12.4294705094947
 20
32.81550841040933
 30
0.0
 10
12.42947118236491
 20
32.81550841040933
 30
0.0
 10
12.42947118236491
 20
32.81550841040933
 30
0.0
 10
12.90917717822853
 20
32.68696597659679
 30
0.0
 10
12.90917717822853
 20
32.68696597659679
 30
0.0
 10
12.9274388757812
 20
32.6820728644154
 30
0.0
 10
12.94692317850901
 20
32.6872929915198
 30
0.0
 10
12.96029176388029
 20
32.70066157689108
 30
0.0
 10
12.96029176388029
 20
32.70066157689108
 30
0.0
 10
13.15003039773042
 20
32.89040155648164
 30
0.0
 10
13.15003039773042
 20
32.89040155648164
 30
0.0
 10
13.17069558768023
 20
32.91106674643144
 30
0.0
 10
13.17069491481001
 20
32.94457164576593
 30
0.0
 10
13.15002972486021
 20
32.96523683571573
 30
0.0
 10
13.14346183872124
 20
32.97180539472491
 30
0.0
 10
13.13528040981398
 20
32.97652894361288
 30
0.0
 10
13.12630835840767
 20
32.97893243601002
 30
0.0
 10
13.12630835840767
 20
32.97893243601002
 30
0.0
 10
10.50198668641225
 20
33.6821154510218
 30
0.0
 10
10.50198668641225
 20
33.6821154510218
 30
0.0
 10
10.47375776240977
 20
33.68967851220427
 30
0.0
 10
10.44474225312951
 20
33.67292673540724
 30
0.0
 10
10.43717784620662
 20
33.64469848427498
 30
0.0
  0
SPLINE
  5
CB
330
79
100
AcDbEntity
  8
Layer 1
 62
     1
420
 16711680
370
     0
100
AcDbSpline
210
0.0
220
0.0
230
1.0
 70
     9
 71
     3
 72
    62
 73
    58
 74
     0
 42
0.0000000001
 43
0.0000000001
 40
0.0
 40
0.0
 40
0.0
 40
0.0
 40
1.0
 40
1.0
 40
1.0
 40
2.0
 40
2.0
 40
2.0
 40
3.0
 40
3.0
 40
3.0
 40
4.0
 40
4.0
 40
4.0
 40
5.0
 40
5.0
 40
5.0
 40
6.0
 40
6.0
 40
6.0
 40
7.0
 40
7.0
 40
7.0
 40
8.0
 40
8.0
 40
8.0
 40
9.0
 40
9.0
 40
9.0
 40
10.0
 40
10.0
 40
10.0
 40
11.0
 40
11.0
 40
11.0
 40
12.0
 40
12.0
 40
12.0
 40
13.0
 40
13.0
 40
13.0
 40
14.0
 40
14.0
 40
14.0
 40
15.0
 40
15.0
 40
15.0
 40
16.0
 40
16.0
 40
16.0
 40
17.0
 40
17.0
 40
17.0
 40
18.0
 40
18.0
 40
18.0
 40
19.0
 40
19.0
 40
19.0
 40
19.0
 10
14.8459149853361
 20
25.65201640017627
 30
0.0
 10
14.8459149853361
 20
25.65201640017627
 30
0.0
 10
12.90737388606047
 20
27.87420055434316
 30
0.0
 10
12.90737388606047
 20
27.87420055434316
 30
0.0
 10
12.8881620957685
 20
27.8962235963807
 30
0.0
 10
12.8547345765084
 20
27.89850260778862
 30
0.0
 10
12.83271153447086
 20
27.87929081749665
 30
0.0
 10
12.82571166565581
 20
27.87318452032309
 30
0.0
 10
12.82044309189614
 20
27.86534356374309
 30
0.0
 10
12.81743401630824
 20
27.85655520590464
 30
0.0
 10
12.81743401630824
 20
27.85655520590464
 30
0.0
 10
12.72221413400274
 20
27.5784357425834
 30
0.0
 10
12.72221413400274
 20
27.5784357425834
 30
0.0
 10
12.71609034220367
 20
27.560549506609
 30
0.0
 10
12.71997414906712
 20
27.54075501071348
 30
0.0
 10
12.73240206188207
 20
27.5265090025858
 30
0.0
 10
12.73240206188207
 20
27.5265090025858
 30
0.0
 10
13.39234710994334
 20
26.77001582642062
 30
0.0
 10
13.39234710994334
 20
26.77001582642062
 30
0.0
 10
13.39234710994334
 20
26.77001582642062
 30
0.0
 10
13.6659341195168
 20
26.45640380515876
 30
0.0
 10
13.6659341195168
 20
26.45640380515876
 30
0.0
 10
13.66593479238701
 20
26.45640313228855
 30
0.0
 10
13.66593479238701
 20
26.45640313228855
 30
0.0
 10
13.66593546525722
 20
26.45640245941833
 30
0.0
 10
13.66593546525722
 20
26.45640245941833
 30
0.0
 10
14.36761562465059
 20
25.65201640017627
 30
0.0
 10
14.36761562465059
 20
25.65201640017627
 30
0.0
 10
14.38451947011552
 20
25.63263841094196
 30
0.0
 10
14.38504531818617
 20
25.60391358159326
 30
0.0
 10
14.36886245315335
 20
25.58392933629797
 30
0.0
 10
14.36886245315335
 20
25.58392933629797
 30
0.0
 10
13.79962939341254
 20
24.8809952832646
 30
0.0
 10
13.79962939341254
 20
24.8809952832646
 30
0.0
 10
13.79962939341254
 20
24.8809952832646
 30
0.0
 10
13.52952381431578
 20
24.54744746336271
 30
0.0
 10
13.52952381431578
 20
24.54744746336271
 30
0.0
 10
13.52952381431578
 20
24.54744746336271
 30
0.0
 10
12.72725931485204
 20
23.55673354937495
 30
0.0
 10
12.72725931485204
 20
23.55673354937495
 30
0.0
 10
12.71536162376411
 20
23.54204142829674
 30
0.0
 10
12.71220653534022
 20
23.52211774132053
 30
0.0
 10
12.71898166550447
 20
23.50446768279053
 30
0.0
 10
12.71898166550447
 20
23.50446768279053
 30
0.0
 10
12.829007383954
 20
23.21785390591346
 30
0.0
 10
12.829007383954
 20
23.21785390591346
 30
0.0
 10
12.83948128167342
 20
23.19057036455879
 30
0.0
 10
12.87008947474539
 20
23.17694272415591
 30
0.0
 10
12.89737368897028
 20
23.18741662187532
 30
0.0
 10
12.90604496739184
 20
23.1907453108139
 30
0.0
 10
12.91368742725931
 20
23.19629783580302
 30
0.0
 10
12.91953265079064
 20
23.20351638743696
 30
0.0
 10
12.91953265079064
 20
23.20351638743696
 30
0.0
 10
14.84716282314418
 20
25.58392866342775
 30
0.0
 10
14.84716282314418
 20
25.58392866342775
 30
0.0
 10
14.8633460246121
 20
25.60391290872305
 30
0.0
 10
14.86281950367124
 20
25.63263841094196
 30
0.0
 10
14.8459149853361
 20
25.65201640017627
 30
0.0
  0
SPLINE
  5
CC
330
79
100
AcDbEntity
  8
Layer 1
 62
     1
420
 16711680
370
     0
100
AcDbSpline
210
0.0
220
0.0
230
1.0
 70
     9
 71
     3
 72
    71
 73
    67
 74
     0
 42
0.0000000001
 43
0.0000000001
 40
0.0
 40
0.0
 40
0.0
 40
0.0
 40
1.0
 40
1.0
 40
1.0
 40
2.0
 40
2.0
 40
2.0
 40
3.0
 40
3.0
 40
3.0
 40
4.0
 40
4.0
 40
4.0
 40
5.0
 40
5.0
 40
5.0
 40
6.0
 40
6.0
 40
6.0
 40
7.0
 40
7.0
 40
7.0
 40
8.0
 40
8.0
 40
8.0
 40
9.0
 40
9.0
 40
9.0
 40
10.0
 40
10.0
 40
10.0
 40
11.0
 40
11.0
 40
11.0
 40
12.0
 40
12.0
 40
12.0
 40
13.0
 40
13.0
 40
13.0
 40
14.0
 40
14.0
 40
14.0
 40
15.0
 40
15.0
 40
15.0
 40
16.0
 40
16.0
 40
16.0
 40
17.0
 40
17.0
 40
17.0
 40
18.0
 40
18.0
 40
18.0
 40
19.0
 40
19.0
 40
19.0
 40
20.0
 40
20.0
 40
20.0
 40
21.0
 40
21.0
 40
21.0
 40
22.0
 40
22.0
 40
22.0
 40
22.0
 10
15.21947335021684
 20
25.86770292801033
 30
0.0
 10
15.21947335021684
 20
25.86770292801033
 30
0.0
 10
14.26426545157394
 20
28.65761459481876
 30
0.0
 10
14.26426545157394
 20
28.65761459481876
 30
0.0
 10
14.25479884056183
 20
28.68526417756874
 30
0.0
 10
14.2695390718602
 20
28.71535224196686
 30
0.0
 10
14.29718865461018
 20
28.72481818010875
 30
0.0
 10
14.30597633957841
 20
28.72782725569665
 30
0.0
 10
14.31540123263738
 20
28.72847051961929
 30
0.0
 10
14.32451593252863
 20
28.72668203059589
 30
0.0
 10
14.32451593252863
 20
28.72668203059589
 30
0.0
 10
14.61302619409811
 20
28.67008287984642
 30
0.0
 10
14.61302619409811
 20
28.67008287984642
 30
0.0
 10
14.63157857158235
 20
28.66644399774013
 30
0.0
 10
14.64678005541101
 20
28.65318172586234
 30
0.0
 10
14.65290351077498
 20
28.63529548988795
 30
0.0
 10
14.65290351077498
 20
28.63529548988795
 30
0.0
 10
14.97804684529435
 20
27.68552438255771
 30
0.0
 10
14.97804684529435
 20
27.68552438255771
 30
0.0
 10
14.97804751816457
 20
27.68552236394707
 30
0.0
 10
14.97804819103478
 20
27.68552101820665
 30
0.0
 10
14.97804886390499
 20
27.68551899959601
 30
0.0
 10
14.97804886390499
 20
27.68551899959601
 30
0.0
 10
15.1128896993366
 20
27.29178697645531
 30
0.0
 10
15.1128896993366
 20
27.29178697645531
 30
0.0
 10
15.11289037220682
 20
27.29178495784467
 30
0.0
 10
15.11289070864192
 20
27.29178361210425
 30
0.0
 10
15.11289138151213
 20
27.29178159349361
 30
0.0
 10
15.11289138151213
 20
27.29178159349361
 30
0.0
 10
15.45862420808246
 20
26.28191308318192
 30
0.0
 10
15.45862420808246
 20
26.28191308318192
 30
0.0
 10
15.46695366843635
 20
26.25758411492797
 30
0.0
 10
15.49156793366017
 20
26.2427648213797
 30
0.0
 10
15.51696676555113
 20
26.24678791237703
 30
0.0
 10
15.51696676555113
 20
26.24678791237703
 30
0.0
 10
16.41034798476782
 20
26.38829319082303
 30
0.0
 10
16.41034798476782
 20
26.38829319082303
 30
0.0
 10
16.41034832120293
 20
26.38829319082303
 30
0.0
 10
16.41034865763803
 20
26.38829319082303
 30
0.0
 10
16.41034899407314
 20
26.38829319082303
 30
0.0
 10
16.41034899407314
 20
26.38829319082303
 30
0.0
 10
16.83427573154057
 20
26.45544698371735
 30
0.0
 10
16.83427573154057
 20
26.45544698371735
 30
0.0
 10
16.83427606797567
 20
26.45544698371735
 30
0.0
 10
16.83427606797567
 20
26.45544698371735
 30
0.0
 10
16.83427640441078
 20
26.45544698371735
 30
0.0
 10
16.83427640441078
 20
26.45544698371735
 30
0.0
 10
18.09340648861062
 20
26.65488235019208
 30
0.0
 10
18.09340648861062
 20
26.65488235019208
 30
0.0
 10
18.11207998273301
 20
26.65784028764387
 30
0.0
 10
18.13091294709564
 20
26.65061029721633
 30
0.0
 10
18.14281046996601
 20
26.63591683039769
 30
0.0
 10
18.14281046996601
 20
26.63591683039769
 30
0.0
 10
18.33601623580084
 20
26.39730359583142
 30
0.0
 10
18.33601623580084
 20
26.39730359583142
 30
0.0
 10
18.3544067879991
 20
26.3745901889564
 30
0.0
 10
18.35090264815275
 20
26.34126898318979
 30
0.0
 10
18.32818940949529
 20
26.32287876742664
 30
0.0
 10
18.32097119429645
 20
26.31703421676553
 30
0.0
 10
18.31234180204559
 20
26.31319212785522
 30
0.0
 10
18.30316856244589
 20
26.31173940106759
 30
0.0
 10
18.30316856244589
 20
26.31173940106759
 30
0.0
 10
15.27781489838018
 20
25.83257843007566
 30
0.0
 10
15.27781489838018
 20
25.83257843007566
 30
0.0
 10
15.25241640292433
 20
25.82855601194855
 30
0.0
 10
15.22780281057073
 20
25.8433746326266
 30
0.0
 10
15.21947335021684
 20
25.86770292801033
 30
0.0
  0
SPLINE
  5
CD
330
79
100
AcDbEntity
  8
Layer 1
 62
     1
420
 16711680
370
     0
100
AcDbSpline
210
0.0
220
0.0
230
1.0
 70
     9
 71
     3
 72
    68
 73
    64
 74
     0
 42
0.0000000001
 43
0.0000000001
 40
0.0
 40
0.0
 40
0.0
 40
0.0
 40
1.0
 40
1.0
 40
1.0
 40
2.0
 40
2.0
 40
2.0
 40
3.0
 40
3.0
 40
3.0
 40
4.0
 40
4.0
 40
4.0
 40
5.0
 40
5.0
 40
5.0
 40
6.0
 40
6.0
 40
6.0
 40
7.0
 40
7.0
 40
7.0
 40
8.0
 40
8.0
 40
8.0
 40
9.0
 40
9.0
 40
9.0
 40
10.0
 40
10.0
 40
10.0
 40
11.0
 40
11.0
 40
11.0
 40
12.0
 40
12.0
 40
12.0
 40
13.0
 40
13.0
 40
13.0
 40
14.0
 40
14.0
 40
14.0
 40
15.0
 40
15.0
 40
15.0
 40
16.0
 40
16.0
 40
16.0
 40
17.0
 40
17.0
 40
17.0
 40
18.0
 40
18.0
 40
18.0
 40
19.0
 40
19.0
 40
19.0
 40
20.0
 40
20.0
 40
20.0
 40
21.0
 40
21.0
 40
21.0
 40
21.0
 10
15.20893822130814
 20
27.52267700672867
 30
0.0
 10
15.20893822130814
 20
27.52267700672867
 30
0.0
 10
15.11371800256753
 20
27.80079647004991
 30
0.0
 10
15.11371800256753
 20
27.80079647004991
 30
0.0
 10
15.10759454720356
 20
27.81868270602431
 30
0.0
 10
15.11147801763191
 20
27.83847720191984
 30
0.0
 10
15.12390626688197
 20
27.85272321004751
 30
0.0
 10
15.12390626688197
 20
27.85272321004751
 30
0.0
 10
15.78385097850812
 20
28.60921638621269
 30
0.0
 10
15.78385097850812
 20
28.60921638621269
 30
0.0
 10
15.78385097850812
 20
28.60921638621269
 30
0.0
 10
16.05743832451669
 20
28.92282773460434
 30
0.0
 10
16.05743832451669
 20
28.92282773460434
 30
0.0
 10
16.0574386609518
 20
28.92282773460434
 30
0.0
 10
16.05743933382201
 20
28.92282908034476
 30
0.0
 10
16.05743967025712
 20
28.92282908034476
 30
0.0
 10
16.05743967025712
 20
28.92282908034476
 30
0.0
 10
16.75654038169292
 20
29.72425922074567
 30
0.0
 10
16.75654038169292
 20
29.72425922074567
 30
0.0
 10
16.77455311726717
 20
29.74490826181039
 30
0.0
 10
16.77382238021698
 20
29.77589393507127
 30
0.0
 10
16.75485585111728
 20
29.79567093634129
 30
0.0
 10
16.75485585111728
 20
29.79567093634129
 30
0.0
 10
15.87534114122871
 20
30.71278226932327
 30
0.0
 10
15.87534114122871
 20
30.71278226932327
 30
0.0
 10
15.8753404683585
 20
30.71278226932327
 30
0.0
 10
15.8753401319234
 20
30.7127836150637
 30
0.0
 10
15.87533945905318
 20
30.7127836150637
 30
0.0
 10
15.87533945905318
 20
30.7127836150637
 30
0.0
 10
15.59945728918672
 20
31.00048946029478
 30
0.0
 10
15.59945728918672
 20
31.00048946029478
 30
0.0
 10
15.5994566163165
 20
31.0004908060352
 30
0.0
 10
15.5994562798814
 20
31.0004908060352
 30
0.0
 10
15.59945560701119
 20
31.00049215177563
 30
0.0
 10
15.59945560701119
 20
31.00049215177563
 30
0.0
 10
15.14735411159334
 20
31.47193059134486
 30
0.0
 10
15.14735411159334
 20
31.47193059134486
 30
0.0
 10
15.13426846814619
 20
31.48557639924347
 30
0.0
 10
15.12945677326045
 20
31.50516634259455
 30
0.0
 10
15.13473207572224
 20
31.52332172665373
 30
0.0
 10
15.13473207572224
 20
31.52332172665373
 30
0.0
 10
15.21186621603549
 20
31.78876767953266
 30
0.0
 10
15.21186621603549
 20
31.78876767953266
 30
0.0
 10
15.22002106656938
 20
31.81683175033321
 30
0.0
 10
15.24938243113859
 20
31.83297121523735
 30
0.0
 10
15.27744683837424
 20
31.82481737400878
 30
0.0
 10
15.28636573303381
 20
31.8222254779523
 30
0.0
 10
15.29444555853906
 20
31.81733102003048
 30
0.0
 10
15.30087416054415
 20
31.81062788697891
 30
0.0
 10
15.30087416054415
 20
31.81062788697891
 30
0.0
 10
17.23315706219587
 20
29.79567093634129
 30
0.0
 10
17.23315706219587
 20
29.79567093634129
 30
0.0
 10
17.25212308664292
 20
29.77589258933085
 30
0.0
 10
17.25285331904045
 20
29.74490826181039
 30
0.0
 10
17.23484007881354
 20
29.72425922074567
 30
0.0
 10
17.23484007881354
 20
29.72425922074567
 30
0.0
 10
15.29887775462526
 20
27.50503098541994
 30
0.0
 10
15.29887775462526
 20
27.50503098541994
 30
0.0
 10
15.27966562789819
 20
27.4830079433824
 30
0.0
 10
15.24623844507319
 20
27.48072960484469
 30
0.0
 10
15.22421540303565
 20
27.49994139513666
 30
0.0
 10
15.2172158706557
 20
27.50604769231022
 30
0.0
 10
15.21194696046093
 20
27.51388932176043
 30
0.0
 10
15.20893822130814
 20
27.52267700672867
 30
0.0
  0
SPLINE
  5
CE
330
79
100
AcDbEntity
  8
Layer 1
 62
     1
420
 16711680
370
     0
100
AcDbSpline
210
0.0
220
0.0
230
1.0
 70
     9
 71
     3
 72
    71
 73
    67
 74
     0
 42
0.0000000001
 43
0.0000000001
 40
0.0
 40
0.0
 40
0.0
 40
0.0
 40
1.0
 40
1.0
 40
1.0
 40
2.0
 40
2.0
 40
2.0
 40
3.0
 40
3.0
 40
3.0
 40
4.0
 40
4.0
 40
4.0
 40
5.0
 40
5.0
 40
5.0
 40
6.0
 40
6.0
 40
6.0
 40
7.0
 40
7.0
 40
7.0
 40
8.0
 40
8.0
 40
8.0
 40
9.0
 40
9.0
 40
9.0
 40
10.0
 40
10.0
 40
10.0
 40
11.0
 40
11.0
 40
11.0
 40
12.0
 40
12.0
 40
12.0
 40
13.0
 40
13.0
 40
13.0
 40
14.0
 40
14.0
 40
14.0
 40
15.0
 40
15.0
 40
15.0
 40
16.0
 40
16.0
 40
16.0
 40
17.0
 40
17.0
 40
17.0
 40
18.0
 40
18.0
 40
18.0
 40
19.0
 40
19.0
 40
19.0
 40
20.0
 40
20.0
 40
20.0
 40
21.0
 40
21.0
 40
21.0
 40
22.0
 40
22.0
 40
22.0
 40
22.0
 10
17.60969775607358
 20
29.51274246961514
 30
0.0
 10
17.60969775607358
 20
29.51274246961514
 30
0.0
 10
16.51176399242018
 20
26.65247885779495
 30
0.0
 10
16.51176399242018
 20
26.65247885779495
 30
0.0
 10
16.50129076757098
 20
26.62519464357007
 30
0.0
 10
16.51491840797386
 20
26.59458645049809
 30
0.0
 10
16.54220228576364
 20
26.58411322564889
 30
0.0
 10
16.55087457349052
 20
26.58078453671031
 30
0.0
 10
16.56027019669527
 20
26.57979676323914
 30
0.0
 10
16.56944511847048
 20
26.58125016289698
 30
0.0
 10
16.56944511847048
 20
26.58125016289698
 30
0.0
 10
16.87267004227027
 20
26.62928367584816
 30
0.0
 10
16.87267004227027
 20
26.62928367584816
 30
0.0
 10
16.89134252708735
 20
26.63224161329995
 30
0.0
 10
16.90701838441545
 20
26.64493665558905
 30
0.0
 10
16.9137931781446
 20
26.66258604124884
 30
0.0
 10
16.9137931781446
 20
26.66258604124884
 30
0.0
 10
17.37062310075946
 20
27.85273464884112
 30
0.0
 10
17.37062310075946
 20
27.85273464884112
 30
0.0
 10
17.37062326897701
 20
27.85273532171133
 30
0.0
 10
17.37062360541212
 20
27.85273599458154
 30
0.0
 10
17.37062377362967
 20
27.85273666745175
 30
0.0
 10
17.37062377362967
 20
27.85273666745175
 30
0.0
 10
17.52444493200033
 20
28.25343626163733
 30
0.0
 10
17.52444493200033
 20
28.25343626163733
 30
0.0
 10
17.52444493200033
 20
28.25343693450754
 30
0.0
 10
17.52444510021789
 20
28.25343693450754
 30
0.0
 10
17.52444510021789
 20
28.25343760737775
 30
0.0
 10
17.52444510021789
 20
28.25343760737775
 30
0.0
 10
17.84884760463389
 20
29.09853298731378
 30
0.0
 10
17.84884760463389
 20
29.09853298731378
 30
0.0
 10
17.85795052929643
 20
29.12224762506419
 30
0.0
 10
17.88262064274784
 20
29.13614912364335
 30
0.0
 10
17.90762130369087
 20
29.13165031340616
 30
0.0
 10
17.90762130369087
 20
29.13165031340616
 30
0.0
 10
18.89031813732064
 20
28.95481733022148
 30
0.0
 10
18.89031813732064
 20
28.95481733022148
 30
0.0
 10
18.89031881019085
 20
28.95481733022148
 30
0.0
 10
18.89031939895229
 20
28.95481733022148
 30
0.0
 10
18.8903200718225
 20
28.95481733022148
 30
0.0
 10
18.8903200718225
 20
28.95481733022148
 30
0.0
 10
19.3054834317581
 20
28.88012604521275
 30
0.0
 10
19.3054834317581
 20
28.88012604521275
 30
0.0
 10
19.30548393641076
 20
28.88012604521275
 30
0.0
 10
19.30548448311781
 20
28.88012604521275
 30
0.0
 10
19.30548498777046
 20
28.88012604521275
 30
0.0
 10
19.30548498777046
 20
28.88012604521275
 30
0.0
 10
20.40799267079846
 20
28.68174237487932
 30
0.0
 10
20.40799267079846
 20
28.68174237487932
 30
0.0
 10
20.42659967693304
 20
28.67839417270459
 30
0.0
 10
20.44557945316504
 20
28.68522784257729
 30
0.0
 10
20.45778216473093
 20
28.69966763732601
 30
0.0
 10
20.45778216473093
 20
28.69966763732601
 30
0.0
 10
20.65119290365407
 20
28.92854847714645
 30
0.0
 10
20.65119290365407
 20
28.92854847714645
 30
0.0
 10
20.67005597895868
 20
28.9508702735581
 30
0.0
 10
20.66725170824155
 20
28.9842580934757
 30
0.0
 10
20.64492932306846
 20
29.00312133699787
 30
0.0
 10
20.6378346636623
 20
29.00911661058646
 30
0.0
 10
20.62928694103341
 20
29.01313902871357
 30
0.0
 10
20.62014515811613
 20
29.01478352351161
 30
0.0
 10
20.62014515811613
 20
29.01478352351161
 30
0.0
 10
17.66847027760769
 20
29.54585979570753
 30
0.0
 10
17.66847027760769
 20
29.54585979570753
 30
0.0
 10
17.64347012131732
 20
29.5503572602043
 30
0.0
 10
17.61880068073612
 20
29.53645710736557
 30
0.0
 10
17.60969775607358
 20
29.51274246961514
 30
0.0
  0
SPLINE
  5
CF
330
79
100
AcDbEntity
  8
Layer 1
 62
     1
420
 16711680
370
     0
100
AcDbSpline
210
0.0
220
0.0
230
1.0
 70
     9
 71
     3
 72
    62
 73
    58
 74
     0
 42
0.0000000001
 43
0.0000000001
 40
0.0
 40
0.0
 40
0.0
 40
0.0
 40
1.0
 40
1.0
 40
1.0
 40
2.0
 40
2.0
 40
2.0
 40
3.0
 40
3.0
 40
3.0
 40
4.0
 40
4.0
 40
4.0
 40
5.0
 40
5.0
 40
5.0
 40
6.0
 40
6.0
 40
6.0
 40
7.0
 40
7.0
 40
7.0
 40
8.0
 40
8.0
 40
8.0
 40
9.0
 40
9.0
 40
9.0
 40
10.0
 40
10.0
 40
10.0
 40
11.0
 40
11.0
 40
11.0
 40
12.0
 40
12.0
 40
12.0
 40
13.0
 40
13.0
 40
13.0
 40
14.0
 40
14.0
 40
14.0
 40
15.0
 40
15.0
 40
15.0
 40
16.0
 40
16.0
 40
16.0
 40
17.0
 40
17.0
 40
17.0
 40
18.0
 40
18.0
 40
18.0
 40
19.0
 40
19.0
 40
19.0
 40
19.0
 10
12.82896566600086
 20
30.01787421217821
 30
0.0
 10
12.82896566600086
 20
30.01787421217821
 30
0.0
 10
12.12550004550005
 20
32.64324959892557
 30
0.0
 10
12.12550004550005
 20
32.64324959892557
 30
0.0
 10
12.11793563857716
 20
32.67147919579826
 30
0.0
 10
12.13468741537419
 20
32.70049470507851
 30
0.0
 10
12.16291701224688
 20
32.7080591120014
 30
0.0
 10
12.17189040939362
 20
32.71046395013896
 30
0.0
 10
12.18133818003979
 20
32.71046395013896
 30
0.0
 10
12.19031157718652
 20
32.7080591120014
 30
0.0
 10
12.19031157718652
 20
32.7080591120014
 30
0.0
 10
12.44947628663678
 20
32.63860141150133
 30
0.0
 10
12.44947628663678
 20
32.63860141150133
 30
0.0
 10
12.46773596557881
 20
32.63370829931993
 30
0.0
 10
12.48199812259158
 20
32.61944479656674
 30
0.0
 10
12.48689123477297
 20
32.60118579049492
 30
0.0
 10
12.48689123477297
 20
32.60118579049492
 30
0.0
 10
12.6154329957153
 20
32.12151276527168
 30
0.0
 10
12.6154329957153
 20
32.12151276527168
 30
0.0
 10
12.6154329957153
 20
32.12151276527168
 30
0.0
 10
12.71652703497123
 20
31.74426808093471
 30
0.0
 10
12.71652703497123
 20
31.74426808093471
 30
0.0
 10
12.71652703497123
 20
31.74426808093471
 30
0.0
 10
12.71652703497123
 20
31.74426673519428
 30
0.0
 10
12.71652703497123
 20
31.74426673519428
 30
0.0
 10
12.71652703497123
 20
31.74426673519428
 30
0.0
 10
13.06811585099628
 20
30.43212002947103
 30
0.0
 10
13.06811585099628
 20
30.43212002947103
 30
0.0
 10
13.07556856146398
 20
30.40430895787017
 30
0.0
 10
13.10388966868549
 20
30.38755987255399
 30
0.0
 10
13.13185146321382
 20
30.39442718593729
 30
0.0
 10
13.13185146321382
 20
30.39442718593729
 30
0.0
 10
14.36257044380129
 20
30.69671278292118
 30
0.0
 10
14.36257044380129
 20
30.69671278292118
 30
0.0
 10
14.36257044380129
 20
30.69671278292118
 30
0.0
 10
14.7496881527584
 20
30.79179876405449
 30
0.0
 10
14.7496881527584
 20
30.79179876405449
 30
0.0
 10
14.7496881527584
 20
30.79179876405449
 30
0.0
 10
15.38397800537794
 20
30.94759244145153
 30
0.0
 10
15.38397800537794
 20
30.94759244145153
 30
0.0
 10
15.40233659624114
 20
30.9521020176121
 30
0.0
 10
15.42170651103291
 20
30.94647547689967
 30
0.0
 10
15.43479181804495
 20
30.93283101474149
 30
0.0
 10
15.43479181804495
 20
30.93283101474149
 30
0.0
 10
15.62612549073255
 20
30.7333249968945
 30
0.0
 10
15.62612549073255
 20
30.7333249968945
 30
0.0
 10
15.64635432434989
 20
30.71223186148989
 30
0.0
 10
15.64565420289435
 20
30.67873503659795
 30
0.0
 10
15.62456174035994
 20
30.6585058665455
 30
0.0
 10
15.61785692513284
 20
30.65207591879998
 30
0.0
 10
15.60957793004485
 20
30.64752462468627
 30
0.0
 10
15.60055642267796
 20
30.64530819020806
 30
0.0
 10
15.60055642267796
 20
30.64530819020806
 30
0.0
 10
12.89270195108862
 20
29.98018136864447
 30
0.0
 10
12.89270195108862
 20
29.98018136864447
 30
0.0
 10
12.86474015656029
 20
29.97331270952076
 30
0.0
 10
12.83641837646856
 20
29.99006179483693
 30
0.0
 10
12.82896566600086
 20
30.01787421217821
 30
0.0
  0
SPLINE
  5
D0
330
79
100
AcDbEntity
  8
Layer 1
 62
     1
420
 16711680
370
     0
100
AcDbSpline
210
0.0
220
0.0
230
1.0
 70
     9
 71
     3
 72
    71
 73
    67
 74
     0
 42
0.0000000001
 43
0.0000000001
 40
0.0
 40
0.0
 40
0.0
 40
0.0
 40
1.0
 40
1.0
 40
1.0
 40
2.0
 40
2.0
 40
2.0
 40
3.0
 40
3.0
 40
3.0
 40
4.0
 40
4.0
 40
4.0
 40
5.0
 40
5.0
 40
5.0
 40
6.0
 40
6.0
 40
6.0
 40
7.0
 40
7.0
 40
7.0
 40
8.0
 40
8.0
 40
8.0
 40
9.0
 40
9.0
 40
9.0
 40
10.0
 40
10.0
 40
10.0
 40
11.0
 40
11.0
 40
11.0
 40
12.0
 40
12.0
 40
12.0
 40
13.0
 40
13.0
 40
13.0
 40
14.0
 40
14.0
 40
14.0
 40
15.0
 40
15.0
 40
15.0
 40
16.0
 40
16.0
 40
16.0
 40
17.0
 40
17.0
 40
17.0
 40
18.0
 40
18.0
 40
18.0
 40
19.0
 40
19.0
 40
19.0
 40
20.0
 40
20.0
 40
20.0
 40
21.0
 40
21.0
 40
21.0
 40
22.0
 40
22.0
 40
22.0
 40
22.0
 10
19.63261106053256
 20
25.65005229202756
 30
0.0
 10
19.63261106053256
 20
25.65005229202756
 30
0.0
 10
17.70254106079043
 20
28.03351468868918
 30
0.0
 10
17.70254106079043
 20
28.03351468868918
 30
0.0
 10
17.68414933106929
 20
28.05622674982377
 30
0.0
 10
17.65082795708513
 20
28.05972971214725
 30
0.0
 10
17.62811555951543
 20
28.04133747777346
 30
0.0
 10
17.62089683966394
 20
28.03549225424213
 30
0.0
 10
17.61534397823972
 20
28.02784979437466
 30
0.0
 10
17.61201512108358
 20
28.01917784308288
 30
0.0
 10
17.61201512108358
 20
28.01917784308288
 30
0.0
 10
17.50198973906916
 20
27.73256406620582
 30
0.0
 10
17.50198973906916
 20
27.73256406620582
 30
0.0
 10
17.4952142724698
 20
27.71491400767582
 30
0.0
 10
17.4983696973288
 20
27.69499032069961
 30
0.0
 10
17.51026738841672
 20
27.68029819962139
 30
0.0
 10
17.51026738841672
 20
27.68029819962139
 30
0.0
 10
18.31253087857515
 20
26.68958563137406
 30
0.0
 10
18.31253087857515
 20
26.68958563137406
 30
0.0
 10
18.31253138322781
 20
26.68958495850385
 30
0.0
 10
18.31253205609802
 20
26.68958428563364
 30
0.0
 10
18.31253256075068
 20
26.68958361276343
 30
0.0
 10
18.31253256075068
 20
26.68958361276343
 30
0.0
 10
18.58263679410702
 20
26.35599945787009
 30
0.0
 10
18.58263679410702
 20
26.35599945787009
 30
0.0
 10
18.58263738286845
 20
26.35599878499987
 30
0.0
 10
18.58263805573866
 20
26.35599811212966
 30
0.0
 10
18.5826386445001
 20
26.35599743925945
 30
0.0
 10
18.5826386445001
 20
26.35599743925945
 30
0.0
 10
19.15430892425742
 20
25.65005363776798
 30
0.0
 10
19.15430892425742
 20
25.65005363776798
 30
0.0
 10
19.1693822263107
 20
25.63144002909445
 30
0.0
 10
19.17007368456227
 20
25.60502314457279
 30
0.0
 10
19.15599480057349
 20
25.5856465010789
 30
0.0
 10
19.15599480057349
 20
25.5856465010789
 30
0.0
 10
18.76010765825265
 20
25.04078782833133
 30
0.0
 10
18.76010765825265
 20
25.04078782833133
 30
0.0
 10
18.76010690127366
 20
25.04078648259091
 30
0.0
 10
18.76010606018589
 20
25.0407858097207
 30
0.0
 10
18.7601053032069
 20
25.04078446398028
 30
0.0
 10
18.7601053032069
 20
25.04078446398028
 30
0.0
 10
18.49750079712432
 20
24.67930647445001
 30
0.0
 10
18.49750079712432
 20
24.67930647445001
 30
0.0
 10
18.49750037658044
 20
24.6793058015798
 30
0.0
 10
18.49750004014533
 20
24.67930512870959
 30
0.0
 10
18.49749961960145
 20
24.67930445583937
 30
0.0
 10
18.49749961960145
 20
24.67930445583937
 30
0.0
 10
17.5227725130885
 20
23.33768805344277
 30
0.0
 10
17.5227725130885
 20
23.33768805344277
 30
0.0
 10
17.51166073440814
 20
23.32239371352486
 30
0.0
 10
17.50955229559896
 20
23.30233343389561
 30
0.0
 10
17.5172410152935
 20
23.28506287416516
 30
0.0
 10
17.5172410152935
 20
23.28506287416516
 30
0.0
 10
17.64925344078914
 20
22.98854175628715
 30
0.0
 10
17.64925344078914
 20
22.98854175628715
 30
0.0
 10
17.66113986130101
 20
22.96184293914668
 30
0.0
 10
17.69241924240942
 20
22.9498352337791
 30
0.0
 10
17.71911789133234
 20
22.96172182250853
 30
0.0
 10
17.72760396222807
 20
22.96549965231359
 30
0.0
 10
17.7349459855459
 20
22.9714451335065
 30
0.0
 10
17.74040599088087
 20
22.97896008446881
 30
0.0
 10
17.74040599088087
 20
22.97896008446881
 30
0.0
 10
19.63429723122935
 20
25.58564717394911
 30
0.0
 10
19.63429723122935
 20
25.58564717394911
 30
0.0
 10
19.64837497974964
 20
25.60502314457279
 30
0.0
 10
19.64768339533491
 20
25.63143935622424
 30
0.0
 10
19.63261106053256
 20
25.65005229202756
 30
0.0
  0
SPLINE
  5
D1
330
79
100
AcDbEntity
  8
Layer 1
 62
     1
420
 16711680
370
     0
100
AcDbSpline
210
0.0
220
0.0
230
1.0
 70
     9
 71
     3
 72
    71
 73
    67
 74
     0
 42
0.0000000001
 43
0.0000000001
 40
0.0
 40
0.0
 40
0.0
 40
0.0
 40
1.0
 40
1.0
 40
1.0
 40
2.0
 40
2.0
 40
2.0
 40
3.0
 40
3.0
 40
3.0
 40
4.0
 40
4.0
 40
4.0
 40
5.0
 40
5.0
 40
5.0
 40
6.0
 40
6.0
 40
6.0
 40
7.0
 40
7.0
 40
7.0
 40
8.0
 40
8.0
 40
8.0
 40
9.0
 40
9.0
 40
9.0
 40
10.0
 40
10.0
 40
10.0
 40
11.0
 40
11.0
 40
11.0
 40
12.0
 40
12.0
 40
12.0
 40
13.0
 40
13.0
 40
13.0
 40
14.0
 40
14.0
 40
14.0
 40
15.0
 40
15.0
 40
15.0
 40
16.0
 40
16.0
 40
16.0
 40
17.0
 40
17.0
 40
17.0
 40
18.0
 40
18.0
 40
18.0
 40
19.0
 40
19.0
 40
19.0
 40
20.0
 40
20.0
 40
20.0
 40
21.0
 40
21.0
 40
21.0
 40
22.0
 40
22.0
 40
22.0
 40
22.0
 10
20.00206091143984
 20
25.86680868349863
 30
0.0
 10
20.00206091143984
 20
25.86680868349863
 30
0.0
 10
18.98614923810493
 20
28.68858142771371
 30
0.0
 10
18.98614923810493
 20
28.68858142771371
 30
0.0
 10
18.97624921456754
 20
28.71607894179578
 30
0.0
 10
18.99051448360504
 20
28.74639443632556
 30
0.0
 10
19.01801166125201
 20
28.75629504862438
 30
0.0
 10
19.02675249763174
 20
28.75944273547594
 30
0.0
 10
19.03616780229018
 20
28.76023268510479
 30
0.0
 10
19.04531101505666
 20
28.75858684456633
 30
0.0
 10
19.04531101505666
 20
28.75858684456633
 30
0.0
 10
19.34023684177088
 20
28.705505459285
 30
0.0
 10
19.34023684177088
 20
28.705505459285
 30
0.0
 10
19.35884254421942
 20
28.70215725711027
 30
0.0
 10
19.37424849648374
 20
28.68913587276836
 30
0.0
 10
19.38065173969272
 20
28.67134922158534
 30
0.0
 10
19.38065173969272
 20
28.67134922158534
 30
0.0
 10
19.76009922237251
 20
27.61737406887947
 30
0.0
 10
19.76009922237251
 20
27.61737406887947
 30
0.0
 10
19.76009944315805
 20
27.61737339600926
 30
0.0
 10
19.76009967445719
 20
27.61737339600926
 30
0.0
 10
19.76009989524272
 20
27.61737272313905
 30
0.0
 10
19.76009989524272
 20
27.61737272313905
 30
0.0
 10
19.90297708376994
 20
27.22046138824682
 30
0.0
 10
19.90297708376994
 20
27.22046138824682
 30
0.0
 10
19.90297741626245
 20
27.22046071537661
 30
0.0
 10
19.90297774809785
 20
27.22045936963619
 30
0.0
 10
19.90297808190456
 20
27.22045869676597
 30
0.0
 10
19.90297808190456
 20
27.22045869676597
 30
0.0
 10
20.2412109177041
 20
26.28101682005958
 30
0.0
 10
20.2412109177041
 20
26.28101682005958
 30
0.0
 10
20.24981579224663
 20
26.25711714300087
 30
0.0
 10
20.27418877041787
 20
26.24270359019041
 30
0.0
 10
20.29927740914112
 20
26.24667756166227
 30
0.0
 10
20.29927740914112
 20
26.24667756166227
 30
0.0
 10
21.19335631065884
 20
26.38829319082303
 30
0.0
 10
21.19335631065884
 20
26.38829319082303
 30
0.0
 10
21.19335656298517
 20
26.38829319082303
 30
0.0
 10
21.1933568153115
 20
26.38829319082303
 30
0.0
 10
21.19335706763783
 20
26.38829319082303
 30
0.0
 10
21.19335706763783
 20
26.38829319082303
 30
0.0
 10
21.61728380510526
 20
26.45544698371735
 30
0.0
 10
21.61728380510526
 20
26.45544698371735
 30
0.0
 10
21.61728414154036
 20
26.45544698371735
 30
0.0
 10
21.61728430975792
 20
26.45544698371735
 30
0.0
 10
21.61728464619302
 20
26.45544698371735
 30
0.0
 10
21.61728464619302
 20
26.45544698371735
 30
0.0
 10
22.87641473039286
 20
26.65488235019208
 30
0.0
 10
22.87641473039286
 20
26.65488235019208
 30
0.0
 10
22.89508822451525
 20
26.65784028764387
 30
0.0
 10
22.91392118887788
 20
26.65061029721633
 30
0.0
 10
22.9258185435307
 20
26.63591683039769
 30
0.0
 10
22.9258185435307
 20
26.63591683039769
 30
0.0
 10
23.11902447758308
 20
26.39730359583142
 30
0.0
 10
23.11902447758308
 20
26.39730359583142
 30
0.0
 10
23.13741502978134
 20
26.3745901889564
 30
0.0
 10
23.13391072171744
 20
26.34126898318979
 30
0.0
 10
23.11119765127752
 20
26.32287876742664
 30
0.0
 10
23.1039794360787
 20
26.31703421676553
 30
0.0
 10
23.09534987561027
 20
26.31319212785522
 30
0.0
 10
23.08617663601058
 20
26.31173940106759
 30
0.0
 10
23.08617663601058
 20
26.31173940106759
 30
0.0
 10
20.06012697181937
 20
25.8324680793609
 30
0.0
 10
20.06012697181937
 20
25.8324680793609
 30
0.0
 10
20.03503813333778
 20
25.82849478075926
 30
0.0
 10
20.01066524978891
 20
25.84290900643992
 30
0.0
 10
20.00206091143984
 20
25.86680868349863
 30
0.0
  0
SPLINE
  5
D2
330
79
100
AcDbEntity
  8
Layer 1
 62
     1
420
 16711680
370
     0
100
AcDbSpline
210
0.0
220
0.0
230
1.0
 70
     9
 71
     3
 72
    71
 73
    67
 74
     0
 42
0.0000000001
 43
0.0000000001
 40
0.0
 40
0.0
 40
0.0
 40
0.0
 40
1.0
 40
1.0
 40
1.0
 40
2.0
 40
2.0
 40
2.0
 40
3.0
 40
3.0
 40
3.0
 40
4.0
 40
4.0
 40
4.0
 40
5.0
 40
5.0
 40
5.0
 40
6.0
 40
6.0
 40
6.0
 40
7.0
 40
7.0
 40
7.0
 40
8.0
 40
8.0
 40
8.0
 40
9.0
 40
9.0
 40
9.0
 40
10.0
 40
10.0
 40
10.0
 40
11.0
 40
11.0
 40
11.0
 40
12.0
 40
12.0
 40
12.0
 40
13.0
 40
13.0
 40
13.0
 40
14.0
 40
14.0
 40
14.0
 40
15.0
 40
15.0
 40
15.0
 40
16.0
 40
16.0
 40
16.0
 40
17.0
 40
17.0
 40
17.0
 40
18.0
 40
18.0
 40
18.0
 40
19.0
 40
19.0
 40
19.0
 40
20.0
 40
20.0
 40
20.0
 40
21.0
 40
21.0
 40
21.0
 40
22.0
 40
22.0
 40
22.0
 40
22.0
 10
19.99544476789035
 20
27.45282163993332
 30
0.0
 10
19.99544476789035
 20
27.45282163993332
 30
0.0
 10
19.89392833928711
 20
27.73475762309682
 30
0.0
 10
19.89392833928711
 20
27.73475762309682
 30
0.0
 10
19.88752348519793
 20
27.75254562002027
 30
0.0
 10
19.89109533458066
 20
27.77239932849445
 30
0.0
 10
19.90329832344267
 20
27.78683979611338
 30
0.0
 10
19.90329832344267
 20
27.78683979611338
 30
0.0
 10
20.6263591145236
 20
28.64246694060705
 30
0.0
 10
20.6263591145236
 20
28.64246694060705
 30
0.0
 10
20.62635953506749
 20
28.64246694060705
 30
0.0
 10
20.62635995561137
 20
28.64246828634747
 30
0.0
 10
20.62636037615525
 20
28.64246828634747
 30
0.0
 10
20.62636037615525
 20
28.64246828634747
 30
0.0
 10
20.89864588652122
 20
28.9646506554991
 30
0.0
 10
20.89864588652122
 20
28.9646506554991
 30
0.0
 10
20.89864647528266
 20
28.9646506554991
 30
0.0
 10
20.89864714815287
 20
28.96465200123953
 30
0.0
 10
20.89864773691431
 20
28.96465200123953
 30
0.0
 10
20.89864773691431
 20
28.96465200123953
 30
0.0
 10
21.54109622496268
 20
29.7249132505917
 30
0.0
 10
21.54109622496268
 20
29.7249132505917
 30
0.0
 10
21.55837199943727
 20
29.74535773911198
 30
0.0
 10
21.55766128027589
 20
29.77548213850156
 30
0.0
 10
21.5394407960237
 20
29.79508957647815
 30
0.0
 10
21.5394407960237
 20
29.79508957647815
 30
0.0
 10
20.72022333156955
 20
30.67662222413239
 30
0.0
 10
20.72022333156955
 20
30.67662222413239
 30
0.0
 10
20.72022215404668
 20
30.67662356987281
 30
0.0
 10
20.72022089241503
 20
30.67662491561323
 30
0.0
 10
20.72021971489216
 20
30.67662626135366
 30
0.0
 10
20.72021971489216
 20
30.67662626135366
 30
0.0
 10
20.44483668855981
 20
30.97301482379991
 30
0.0
 10
20.44483668855981
 20
30.97301482379991
 30
0.0
 10
20.44483555309132
 20
30.97301616954033
 30
0.0
 10
20.44483445967723
 20
30.97301751528076
 30
0.0
 10
20.44483332420875
 20
30.97301886102118
 30
0.0
 10
20.44483332420875
 20
30.97301886102118
 30
0.0
 10
19.92044661201058
 20
31.53730127817747
 30
0.0
 10
19.92044661201058
 20
31.53730127817747
 30
0.0
 10
19.90757668786216
 20
31.55115029288009
 30
0.0
 10
19.90307301048663
 20
31.57081290621408
 30
0.0
 10
19.9086321544422
 20
31.58888350862655
 30
0.0
 10
19.9086321544422
 20
31.58888350862655
 30
0.0
 10
19.99166180744992
 20
31.85877578786612
 30
0.0
 10
19.99166180744992
 20
31.85877578786612
 30
0.0
 10
20.00025465443741
 20
31.88670932184555
 30
0.0
 10
20.02986491790347
 20
31.90238719778428
 30
0.0
 10
20.05779818904296
 20
31.89379464517752
 30
0.0
 10
20.06667648019067
 20
31.89106413785737
 30
0.0
 10
20.07467943027421
 20
31.88604318033571
 30
0.0
 10
20.08100266500955
 20
31.87923911675234
 30
0.0
 10
20.08100266500955
 20
31.87923911675234
 30
0.0
 10
22.0177426799725
 20
29.79509092221858
 30
0.0
 10
22.0177426799725
 20
29.79509092221858
 30
0.0
 10
22.03596366887735
 20
29.77548348424198
 30
0.0
 10
22.03667388338608
 20
29.74535773911198
 30
0.0
 10
22.01939709960617
 20
29.7249132505917
 30
0.0
 10
22.01939709960617
 20
29.7249132505917
 30
0.0
 10
20.08565011648199
 20
27.43659402903141
 30
0.0
 10
20.08565011648199
 20
27.43659402903141
 30
0.0
 10
20.06678685193263
 20
27.41427155974955
 30
0.0
 10
20.03339941050453
 20
27.4114677095763
 30
0.0
 10
20.0110771830354
 20
27.43033095309846
 30
0.0
 10
20.00398286006434
 20
27.43632622668705
 30
0.0
 10
19.9985914454366
 20
27.44408307449056
 30
0.0
 10
19.99544476789035
 20
27.45282163993332
 30
0.0
  0
SPLINE
  5
D3
330
79
100
AcDbEntity
  8
Layer 1
 62
     1
420
 16711680
370
     0
100
AcDbSpline
210
0.0
220
0.0
230
1.0
 70
     9
 71
     3
 72
    71
 73
    67
 74
     0
 42
0.0000000001
 43
0.0000000001
 40
0.0
 40
0.0
 40
0.0
 40
0.0
 40
1.0
 40
1.0
 40
1.0
 40
2.0
 40
2.0
 40
2.0
 40
3.0
 40
3.0
 40
3.0
 40
4.0
 40
4.0
 40
4.0
 40
5.0
 40
5.0
 40
5.0
 40
6.0
 40
6.0
 40
6.0
 40
7.0
 40
7.0
 40
7.0
 40
8.0
 40
8.0
 40
8.0
 40
9.0
 40
9.0
 40
9.0
 40
10.0
 40
10.0
 40
10.0
 40
11.0
 40
11.0
 40
11.0
 40
12.0
 40
12.0
 40
12.0
 40
13.0
 40
13.0
 40
13.0
 40
14.0
 40
14.0
 40
14.0
 40
15.0
 40
15.0
 40
15.0
 40
16.0
 40
16.0
 40
16.0
 40
17.0
 40
17.0
 40
17.0
 40
18.0
 40
18.0
 40
18.0
 40
19.0
 40
19.0
 40
19.0
 40
20.0
 40
20.0
 40
20.0
 40
21.0
 40
21.0
 40
21.0
 40
22.0
 40
22.0
 40
22.0
 40
22.0
 10
22.39245333509123
 20
29.51208440254785
 30
0.0
 10
22.39245333509123
 20
29.51208440254785
 30
0.0
 10
21.29477198187609
 20
26.65247885779495
 30
0.0
 10
21.29477198187609
 20
26.65247885779495
 30
0.0
 10
21.28429858880934
 20
26.62519464357007
 30
0.0
 10
21.29792622921222
 20
26.59458645049809
 30
0.0
 10
21.32521019111077
 20
26.58411322564889
 30
0.0
 10
21.33388247883766
 20
26.58078453671031
 30
0.0
 10
21.34327827025995
 20
26.57979676323914
 30
0.0
 10
21.35245319203517
 20
26.58125016289698
 30
0.0
 10
21.35245319203517
 20
26.58125016289698
 30
0.0
 10
21.65567845227007
 20
26.62928367584816
 30
0.0
 10
21.65567845227007
 20
26.62928367584816
 30
0.0
 10
21.67435093708714
 20
26.63224161329995
 30
0.0
 10
21.6900269626328
 20
26.64493665558905
 30
0.0
 10
21.69680158814439
 20
26.66258604124884
 30
0.0
 10
21.69680158814439
 20
26.66258604124884
 30
0.0
 10
22.1536313425417
 20
27.85273464884112
 30
0.0
 10
22.1536313425417
 20
27.85273464884112
 30
0.0
 10
22.15363151075925
 20
27.85273532171133
 30
0.0
 10
22.15363184719436
 20
27.85273599458154
 30
0.0
 10
22.15363201541191
 20
27.85273666745175
 30
0.0
 10
22.15363201541191
 20
27.85273666745175
 30
0.0
 10
22.30745300556502
 20
28.25343626163733
 30
0.0
 10
22.30745300556502
 20
28.25343626163733
 30
0.0
 10
22.30745317378257
 20
28.25343693450754
 30
0.0
 10
22.30745317378257
 20
28.25343693450754
 30
0.0
 10
22.30745334200013
 20
28.25343760737775
 30
0.0
 10
22.30745334200013
 20
28.25343760737775
 30
0.0
 10
22.63160335186909
 20
29.0978762659869
 30
0.0
 10
22.63160335186909
 20
29.0978762659869
 30
0.0
 10
22.64081898229214
 20
29.12188292940931
 30
0.0
 10
22.66595976845681
 20
29.13578981095016
 30
0.0
 10
22.69119391536339
 20
29.13083883193054
 30
0.0
 10
22.69119391536339
 20
29.13083883193054
 30
0.0
 10
23.7386437409712
 20
28.92531600864818
 30
0.0
 10
23.7386437409712
 20
28.92531600864818
 30
0.0
 10
23.7386440774063
 20
28.92531600864818
 30
0.0
 10
23.7386440774063
 20
28.92531600864818
 30
0.0
 10
23.73864441384141
 20
28.92531600864818
 30
0.0
 10
23.73864441384141
 20
28.92531600864818
 30
0.0
 10
24.14703558741994
 20
28.84519062380764
 30
0.0
 10
24.14703558741994
 20
28.84519062380764
 30
0.0
 10
24.14703592385504
 20
28.84519062380764
 30
0.0
 10
24.14703659672526
 20
28.84519062380764
 30
0.0
 10
24.14703693316036
 20
28.84519062380764
 30
0.0
 10
24.14703693316036
 20
28.84519062380764
 30
0.0
 10
25.13212666148142
 20
28.65194499041276
 30
0.0
 10
25.13212666148142
 20
28.65194499041276
 30
0.0
 10
25.15067769322524
 20
28.64830610830646
 30
0.0
 10
25.16976130174182
 20
28.65483967806462
 30
0.0
 10
25.18218887812167
 20
28.6690856861923
 30
0.0
 10
25.18218887812167
 20
28.6690856861923
 30
0.0
 10
25.37544056734847
 20
28.89060936311513
 30
0.0
 10
25.37544056734847
 20
28.89060936311513
 30
0.0
 10
25.39465235764043
 20
28.91263240515268
 30
0.0
 10
25.39237368266761
 20
28.94605925154257
 30
0.0
 10
25.37035064063007
 20
28.96527104183454
 30
0.0
 10
25.36335110825012
 20
28.97137801187831
 30
0.0
 10
25.3548675606177
 20
28.97553365830739
 30
0.0
 10
25.34575252429134
 20
28.97732214733079
 30
0.0
 10
25.34575252429134
 20
28.97732214733079
 30
0.0
 10
22.45204305749776
 20
29.54504831423191
 30
0.0
 10
22.45204305749776
 20
29.54504831423191
 30
0.0
 10
22.42680891059118
 20
29.54999929325153
 30
0.0
 10
22.40166846086161
 20
29.53609241171068
 30
0.0
 10
22.39245333509123
 20
29.51208440254785
 30
0.0
  0
SPLINE
  5
D4
330
79
100
AcDbEntity
  8
Layer 1
 62
     1
420
 16711680
370
     0
100
AcDbSpline
210
0.0
220
0.0
230
1.0
 70
     9
 71
     3
 72
    71
 73
    67
 74
     0
 42
0.0000000001
 43
0.0000000001
 40
0.0
 40
0.0
 40
0.0
 40
0.0
 40
1.0
 40
1.0
 40
1.0
 40
2.0
 40
2.0
 40
2.0
 40
3.0
 40
3.0
 40
3.0
 40
4.0
 40
4.0
 40
4.0
 40
5.0
 40
5.0
 40
5.0
 40
6.0
 40
6.0
 40
6.0
 40
7.0
 40
7.0
 40
7.0
 40
8.0
 40
8.0
 40
8.0
 40
9.0
 40
9.0
 40
9.0
 40
10.0
 40
10.0
 40
10.0
 40
11.0
 40
11.0
 40
11.0
 40
12.0
 40
12.0
 40
12.0
 40
13.0
 40
13.0
 40
13.0
 40
14.0
 40
14.0
 40
14.0
 40
15.0
 40
15.0
 40
15.0
 40
16.0
 40
16.0
 40
16.0
 40
17.0
 40
17.0
 40
17.0
 40
18.0
 40
18.0
 40
18.0
 40
19.0
 40
19.0
 40
19.0
 40
20.0
 40
20.0
 40
20.0
 40
21.0
 40
21.0
 40
21.0
 40
22.0
 40
22.0
 40
22.0
 40
22.0
 10
24.41548052283358
 20
25.65022387393161
 30
0.0
 10
24.41548052283358
 20
25.65022387393161
 30
0.0
 10
22.48554913435512
 20
28.03351468868918
 30
0.0
 10
22.48554913435512
 20
28.03351468868918
 30
0.0
 10
22.46715723641643
 20
28.05622674982377
 30
0.0
 10
22.43383586243226
 20
28.05972903927704
 30
0.0
 10
22.41112363308012
 20
28.04133747777346
 30
0.0
 10
22.40390508144618
 20
28.03549225424213
 30
0.0
 10
22.39835222002195
 20
28.02784912150445
 30
0.0
 10
22.39502336286582
 20
28.01917784308288
 30
0.0
 10
22.39502336286582
 20
28.01917784308288
 30
0.0
 10
22.2849979808514
 20
27.73256406620582
 30
0.0
 10
22.2849979808514
 20
27.73256406620582
 30
0.0
 10
22.27822251425203
 20
27.71491400767582
 30
0.0
 10
22.28137793911104
 20
27.69499032069961
 30
0.0
 10
22.29327563019896
 20
27.68029819962139
 30
0.0
 10
22.29327563019896
 20
27.68029819962139
 30
0.0
 10
23.09553895213984
 20
26.68958563137406
 30
0.0
 10
23.09553895213984
 20
26.68958563137406
 30
0.0
 10
23.09553962501004
 20
26.68958495850385
 30
0.0
 10
23.09553996144515
 20
26.68958428563364
 30
0.0
 10
23.09554063431536
 20
26.68958361276343
 30
0.0
 10
23.09554063431536
 20
26.68958361276343
 30
0.0
 10
23.36564486767171
 20
26.35599945787009
 30
0.0
 10
23.36564486767171
 20
26.35599945787009
 30
0.0
 10
23.36564554054191
 20
26.35599878499987
 30
0.0
 10
23.36564621341213
 20
26.35599811212966
 30
0.0
 10
23.36564688628234
 20
26.35599743925945
 30
0.0
 10
23.36564688628234
 20
26.35599743925945
 30
0.0
 10
23.93717813423211
 20
25.65022521967203
 30
0.0
 10
23.93717813423211
 20
25.65022521967203
 30
0.0
 10
23.95231636826085
 20
25.63153153944328
 30
0.0
 10
23.95294146468776
 20
25.60497940800901
 30
0.0
 10
23.93870016665157
 20
25.58559401720236
 30
0.0
 10
23.93870016665157
 20
25.58559401720236
 30
0.0
 10
23.52612676827059
 20
25.02398962348968
 30
0.0
 10
23.52612676827059
 20
25.02398962348968
 30
0.0
 10
23.52612575896527
 20
25.02398827774925
 30
0.0
 10
23.52612508609506
 20
25.02398760487904
 30
0.0
 10
23.52612407678974
 20
25.02398625913862
 30
0.0
 10
23.52612407678974
 20
25.02398625913862
 30
0.0
 10
23.2626398770138
 20
24.66526367312634
 30
0.0
 10
23.2626398770138
 20
24.66526367312634
 30
0.0
 10
23.26263920414358
 20
24.66526300025613
 30
0.0
 10
23.26263886770848
 20
24.66526232738592
 30
0.0
 10
23.26263819483826
 20
24.66526165451571
 30
0.0
 10
23.26263819483826
 20
24.66526165451571
 30
0.0
 10
22.30346221233787
 20
23.35952000034012
 30
0.0
 10
22.30346221233787
 20
23.35952000034012
 30
0.0
 10
22.29226985744963
 20
23.34428352726044
 30
0.0
 10
22.29005628266983
 20
23.32423334068437
 30
0.0
 10
22.29765534240863
 20
23.3069224087412
 30
0.0
 10
22.29765534240863
 20
23.3069224087412
 30
0.0
 10
22.42745705282286
 20
23.01123228557496
 30
0.0
 10
22.42745705282286
 20
23.01123228557496
 30
0.0
 10
22.43920418920085
 20
22.98447223724521
 30
0.0
 10
22.47042065694445
 20
22.97230169728633
 30
0.0
 10
22.49718087349176
 20
22.98404900188188
 30
0.0
 10
22.50568595297098
 20
22.98778208581785
 30
0.0
 10
22.51305859188345
 20
22.99368921340867
 30
0.0
 10
22.51855762369072
 20
23.00117489451676
 30
0.0
 10
22.51855762369072
 20
23.00117489451676
 30
0.0
 10
24.41700356455835
 20
25.58559536294279
 30
0.0
 10
24.41700356455835
 20
25.58559536294279
 30
0.0
 10
24.43124318041902
 20
25.60498075374944
 30
0.0
 10
24.430617747557
 20
25.63153086657307
 30
0.0
 10
24.41548052283358
 20
25.65022387393161
 30
0.0
  0
SPLINE
  5
D5
330
79
100
AcDbEntity
  8
Layer 1
 62
     1
420
 16711680
370
     0
100
AcDbSpline
210
0.0
220
0.0
230
1.0
 70
     9
 71
     3
 72
    71
 73
    67
 74
     0
 42
0.0000000001
 43
0.0000000001
 40
0.0
 40
0.0
 40
0.0
 40
0.0
 40
1.0
 40
1.0
 40
1.0
 40
2.0
 40
2.0
 40
2.0
 40
3.0
 40
3.0
 40
3.0
 40
4.0
 40
4.0
 40
4.0
 40
5.0
 40
5.0
 40
5.0
 40
6.0
 40
6.0
 40
6.0
 40
7.0
 40
7.0
 40
7.0
 40
8.0
 40
8.0
 40
8.0
 40
9.0
 40
9.0
 40
9.0
 40
10.0
 40
10.0
 40
10.0
 40
11.0
 40
11.0
 40
11.0
 40
12.0
 40
12.0
 40
12.0
 40
13.0
 40
13.0
 40
13.0
 40
14.0
 40
14.0
 40
14.0
 40
15.0
 40
15.0
 40
15.0
 40
16.0
 40
16.0
 40
16.0
 40
17.0
 40
17.0
 40
17.0
 40
18.0
 40
18.0
 40
18.0
 40
19.0
 40
19.0
 40
19.0
 40
20.0
 40
20.0
 40
20.0
 40
21.0
 40
21.0
 40
21.0
 40
22.0
 40
22.0
 40
22.0
 40
22.0
 10
24.78486574665972
 20
25.86952506054433
 30
0.0
 10
24.78486574665972
 20
25.86952506054433
 30
0.0
 10
23.83028193513842
 20
28.65761459481876
 30
0.0
 10
23.83028193513842
 20
28.65761459481876
 30
0.0
 10
23.82081532412632
 20
28.68526417756874
 30
0.0
 10
23.83555555542468
 20
28.71535224196686
 30
0.0
 10
23.86320513817466
 20
28.72481818010875
 30
0.0
 10
23.87199282314289
 20
28.72782725569665
 30
0.0
 10
23.88141771620185
 20
28.72847051961929
 30
0.0
 10
23.8905324160931
 20
28.72668203059589
 30
0.0
 10
23.8905324160931
 20
28.72668203059589
 30
0.0
 10
24.17904267766258
 20
28.67008287984642
 30
0.0
 10
24.17904267766258
 20
28.67008287984642
 30
0.0
 10
24.19759505514682
 20
28.66644399774013
 30
0.0
 10
24.21279653897549
 20
28.65318172586234
 30
0.0
 10
24.21891999433946
 20
28.63529548988795
 30
0.0
 10
24.21891999433946
 20
28.63529548988795
 30
0.0
 10
24.54406332885883
 20
27.68552438255771
 30
0.0
 10
24.54406332885883
 20
27.68552438255771
 30
0.0
 10
24.54406400172905
 20
27.68552236394707
 30
0.0
 10
24.54406467459925
 20
27.68552101820665
 30
0.0
 10
24.54406534746947
 20
27.68551899959601
 30
0.0
 10
24.54406534746947
 20
27.68551899959601
 30
0.0
 10
24.67890618290108
 20
27.29178697645531
 30
0.0
 10
24.67890618290108
 20
27.29178697645531
 30
0.0
 10
24.6789068557713
 20
27.29178495784467
 30
0.0
 10
24.6789071922064
 20
27.29178361210425
 30
0.0
 10
24.67890786507661
 20
27.29178159349361
 30
0.0
 10
24.67890786507661
 20
27.29178159349361
 30
0.0
 10
25.02401660452535
 20
26.28373588858612
 30
0.0
 10
25.02401660452535
 20
26.28373588858612
 30
0.0
 10
25.03261790444487
 20
26.25861158774164
 30
0.0
 10
25.05850927733099
 20
26.24375326772108
 30
0.0
 10
25.08454128009141
 20
26.24900300111481
 30
0.0
 10
25.08454128009141
 20
26.24900300111481
 30
0.0
 10
26.15168954937198
 20
26.46420909961753
 30
0.0
 10
26.15168954937198
 20
26.46420909961753
 30
0.0
 10
26.15169022224219
 20
26.46420909961753
 30
0.0
 10
26.1516908951124
 20
26.46420977248774
 30
0.0
 10
26.15169156798261
 20
26.46420977248774
 30
0.0
 10
26.15169156798261
 20
26.46420977248774
 30
0.0
 10
26.55782526200001
 20
26.54609404006235
 30
0.0
 10
26.55782526200001
 20
26.54609404006235
 30
0.0
 10
26.55782526200001
 20
26.54609404006235
 30
0.0
 10
26.55782593487022
 20
26.54609471293256
 30
0.0
 10
26.55782593487022
 20
26.54609471293256
 30
0.0
 10
26.55782593487022
 20
26.54609471293256
 30
0.0
 10
27.50380339994541
 20
26.73681035433046
 30
0.0
 10
27.50380339994541
 20
26.73681035433046
 30
0.0
 10
27.52233491845308
 20
26.74054680261749
 30
0.0
 10
27.54145183404515
 20
26.73411349052092
 30
0.0
 10
27.55395376258342
 20
26.71993342367401
 30
0.0
 10
27.55395376258342
 20
26.71993342367401
 30
0.0
 10
27.74710586701885
 20
26.50085697571209
 30
0.0
 10
27.74710586701885
 20
26.50085697571209
 30
0.0
 10
27.76643339098727
 20
26.47893553707655
 30
0.0
 10
27.76433067157488
 20
26.44549657902284
 30
0.0
 10
27.74240856006914
 20
26.42616905505442
 30
0.0
 10
27.73544098902426
 20
26.4200257500192
 30
0.0
 10
27.7269783003684
 20
26.41582502128591
 30
0.0
 10
27.71787234778991
 20
26.41398875847747
 30
0.0
 10
27.71787234778991
 20
26.41398875847747
 30
0.0
 10
24.84538907648536
 20
25.83479284594323
 30
0.0
 10
24.84538907648536
 20
25.83479284594323
 30
0.0
 10
24.81935774659515
 20
25.82954378541971
 30
0.0
 10
24.79346738301435
 20
25.84440143257006
 30
0.0
 10
24.78486574665972
 20
25.86952506054433
 30
0.0
  0
SPLINE
  5
D6
330
79
100
AcDbEntity
  8
Layer 1
 62
     1
420
 16711680
370
     0
100
AcDbSpline
210
0.0
220
0.0
230
1.0
 70
     9
 71
     3
 72
    68
 73
    64
 74
     0
 42
0.0000000001
 43
0.0000000001
 40
0.0
 40
0.0
 40
0.0
 40
0.0
 40
1.0
 40
1.0
 40
1.0
 40
2.0
 40
2.0
 40
2.0
 40
3.0
 40
3.0
 40
3.0
 40
4.0
 40
4.0
 40
4.0
 40
5.0
 40
5.0
 40
5.0
 40
6.0
 40
6.0
 40
6.0
 40
7.0
 40
7.0
 40
7.0
 40
8.0
 40
8.0
 40
8.0
 40
9.0
 40
9.0
 40
9.0
 40
10.0
 40
10.0
 40
10.0
 40
11.0
 40
11.0
 40
11.0
 40
12.0
 40
12.0
 40
12.0
 40
13.0
 40
13.0
 40
13.0
 40
14.0
 40
14.0
 40
14.0
 40
15.0
 40
15.0
 40
15.0
 40
16.0
 40
16.0
 40
16.0
 40
17.0
 40
17.0
 40
17.0
 40
18.0
 40
18.0
 40
18.0
 40
19.0
 40
19.0
 40
19.0
 40
20.0
 40
20.0
 40
20.0
 40
21.0
 40
21.0
 40
21.0
 40
21.0
 10
27.17588144788573
 20
29.50749408196184
 30
0.0
 10
27.17588144788573
 20
29.50749408196184
 30
0.0
 10
26.24195576117701
 20
26.73237142954214
 30
0.0
 10
26.24195576117701
 20
26.73237142954214
 30
0.0
 10
26.23263449013069
 20
26.7046727272667
 30
0.0
 10
26.24753183662355
 20
26.67466204294294
 30
0.0
 10
26.275230538899
 20
26.66534077189662
 30
0.0
 10
26.28403437275232
 20
26.66237812435334
 30
0.0
 10
26.29346263016234
 20
26.66178465282639
 30
0.0
 10
26.30256858274083
 20
26.66362091563484
 30
0.0
 10
26.30256858274083
 20
26.66362091563484
 30
0.0
 10
26.58887014783955
 20
26.72135048834041
 30
0.0
 10
26.58887014783955
 20
26.72135048834041
 30
0.0
 10
26.60740233921743
 20
26.72508760949765
 30
0.0
 10
26.62253317167384
 20
26.73842726144981
 30
0.0
 10
26.62856343451345
 20
26.75634512232417
 30
0.0
 10
26.62856343451345
 20
26.75634512232417
 30
0.0
 10
26.93637127732692
 20
27.67097962005592
 30
0.0
 10
26.93637127732692
 20
27.67097962005592
 30
0.0
 10
26.93637195019713
 20
27.67098096579634
 30
0.0
 10
26.93637195019713
 20
27.67098163866656
 30
0.0
 10
26.93637262306734
 20
27.67098298440698
 30
0.0
 10
26.93637262306734
 20
27.67098298440698
 30
0.0
 10
27.06853509862024
 20
28.06360679030858
 30
0.0
 10
27.06853509862024
 20
28.06360679030858
 30
0.0
 10
27.06853577149045
 20
28.063608136049
 30
0.0
 10
27.06853644436066
 20
28.06361015465964
 30
0.0
 10
27.06853711723088
 20
28.06361150040006
 30
0.0
 10
27.06853711723088
 20
28.06361150040006
 30
0.0
 10
27.41503230575136
 20
29.09328325392004
 30
0.0
 10
27.41503230575136
 20
29.09328325392004
 30
0.0
 10
27.42380586044514
 20
29.11935562889318
 30
0.0
 10
27.4510941118913
 20
29.1343579431391
 30
0.0
 10
27.47780907791686
 20
29.12779476709162
 30
0.0
 10
27.47780907791686
 20
29.12779476709162
 30
0.0
 10
28.71159466449535
 20
28.82471922047889
 30
0.0
 10
28.71159466449535
 20
28.82471922047889
 30
0.0
 10
28.71159466449535
 20
28.82471922047889
 30
0.0
 10
28.71159533736556
 20
28.82471922047889
 30
0.0
 10
28.71159533736556
 20
28.82471922047889
 30
0.0
 10
28.71159533736556
 20
28.82471922047889
 30
0.0
 10
29.09871237345246
 20
28.72963323934556
 30
0.0
 10
29.09871237345246
 20
28.72963323934556
 30
0.0
 10
29.09871237345246
 20
28.72963323934556
 30
0.0
 10
29.733002226072
 20
28.57383888907832
 30
0.0
 10
29.733002226072
 20
28.57383888907832
 30
0.0
 10
29.75136148980541
 20
28.56932931291775
 30
0.0
 10
29.77073140459718
 20
28.57495652650039
 30
0.0
 10
29.78381671160923
 20
28.58860098865858
 30
0.0
 10
29.78381671160923
 20
28.58860098865858
 30
0.0
 10
29.97515004786171
 20
28.78810700650556
 30
0.0
 10
29.97515004786171
 20
28.78810700650556
 30
0.0
 10
29.99537921791416
 20
28.80920014191017
 30
0.0
 10
29.99467876002351
 20
28.84269696680211
 30
0.0
 10
29.97358629748911
 20
28.86292613685456
 30
0.0
 10
29.96688181869711
 20
28.86935608460007
 30
0.0
 10
29.95860215073891
 20
28.87390737871379
 30
0.0
 10
29.94958097980712
 20
28.876123813192
 30
0.0
 10
29.94958097980712
 20
28.876123813192
 30
0.0
 10
27.23865687431081
 20
29.54200424939299
 30
0.0
 10
27.23865687431081
 20
29.54200424939299
 30
0.0
 10
27.21194258115546
 20
29.54856607970005
 30
0.0
 10
27.18465567544973
 20
29.53356511119455
 30
0.0
 10
27.17588144788573
 20
29.50749408196184
 30
0.0
  0
SPLINE
  5
D7
330
79
100
AcDbEntity
  8
Layer 1
 62
     1
420
 16711680
370
     0
100
AcDbSpline
210
0.0
220
0.0
230
1.0
 70
     9
 71
     3
 72
    65
 73
    61
 74
     0
 42
0.0000000001
 43
0.0000000001
 40
0.0
 40
0.0
 40
0.0
 40
0.0
 40
1.0
 40
1.0
 40
1.0
 40
2.0
 40
2.0
 40
2.0
 40
3.0
 40
3.0
 40
3.0
 40
4.0
 40
4.0
 40
4.0
 40
5.0
 40
5.0
 40
5.0
 40
6.0
 40
6.0
 40
6.0
 40
7.0
 40
7.0
 40
7.0
 40
8.0
 40
8.0
 40
8.0
 40
9.0
 40
9.0
 40
9.0
 40
10.0
 40
10.0
 40
10.0
 40
11.0
 40
11.0
 40
11.0
 40
12.0
 40
12.0
 40
12.0
 40
13.0
 40
13.0
 40
13.0
 40
14.0
 40
14.0
 40
14.0
 40
15.0
 40
15.0
 40
15.0
 40
16.0
 40
16.0
 40
16.0
 40
17.0
 40
17.0
 40
17.0
 40
18.0
 40
18.0
 40
18.0
 40
19.0
 40
19.0
 40
19.0
 40
20.0
 40
20.0
 40
20.0
 40
20.0
 10
29.19460781745076
 20
25.65204062350391
 30
0.0
 10
29.19460781745076
 20
25.65204062350391
 30
0.0
 10
27.25565021151393
 20
27.85136603082998
 30
0.0
 10
27.25565021151393
 20
27.85136603082998
 30
0.0
 10
27.23632336041572
 20
27.87328814233573
 30
0.0
 10
27.20288440236201
 20
27.87539153461833
 30
0.0
 10
27.18096229085626
 20
27.85606468352012
 30
0.0
 10
27.17399471981139
 20
27.84992205135511
 30
0.0
 10
27.16876651826444
 20
27.8420528342262
 30
0.0
 10
27.16580387072117
 20
27.83324900037288
 30
0.0
 10
27.16580387072117
 20
27.83324900037288
 30
0.0
 10
27.07265508292809
 20
27.55644567118624
 30
0.0
 10
27.07265508292809
 20
27.55644567118624
 30
0.0
 10
27.06662549295869
 20
27.53852848318209
 30
0.0
 10
27.07061292183478
 20
27.51875551913335
 30
0.0
 10
27.08311417750284
 20
27.50457477941623
 30
0.0
 10
27.08311417750284
 20
27.50457477941623
 30
0.0
 10
27.72128245402413
 20
26.78069158520362
 30
0.0
 10
27.72128245402413
 20
26.78069158520362
 30
0.0
 10
27.72128245402413
 20
26.78069158520362
 30
0.0
 10
27.72128312689435
 20
26.78069091233341
 30
0.0
 10
27.72128312689435
 20
26.78069091233341
 30
0.0
 10
27.72128312689435
 20
26.78069091233341
 30
0.0
 10
27.99525299961842
 20
26.4699110017937
 30
0.0
 10
27.99525299961842
 20
26.4699110017937
 30
0.0
 10
27.99525367248863
 20
26.46991032892349
 30
0.0
 10
27.99525367248863
 20
26.46991032892349
 30
0.0
 10
27.99525434535884
 20
26.46990965605328
 30
0.0
 10
27.99525434535884
 20
26.46990965605328
 30
0.0
 10
28.71630677458973
 20
25.65204062350391
 30
0.0
 10
28.71630677458973
 20
25.65204062350391
 30
0.0
 10
28.7333815290885
 20
25.63267272732276
 30
0.0
 10
28.73398643940905
 20
25.60380995958062
 30
0.0
 10
28.71773729666036
 20
25.58374429698968
 30
0.0
 10
28.71773729666036
 20
25.58374429698968
 30
0.0
 10
28.14865395054171
 20
24.8809952832646
 30
0.0
 10
28.14865395054171
 20
24.8809952832646
 30
0.0
 10
28.14865395054171
 20
24.8809952832646
 30
0.0
 10
27.87854837144494
 20
24.54744746336271
 30
0.0
 10
27.87854837144494
 20
24.54744746336271
 30
0.0
 10
27.87854837144494
 20
24.54744746336271
 30
0.0
 10
27.0762838719812
 20
23.55673354937495
 30
0.0
 10
27.0762838719812
 20
23.55673354937495
 30
0.0
 10
27.06438618089328
 20
23.54204142829674
 30
0.0
 10
27.06123109246938
 20
23.52211774132053
 30
0.0
 10
27.06800622263364
 20
23.50446768279053
 30
0.0
 10
27.06800622263364
 20
23.50446768279053
 30
0.0
 10
27.17803194108317
 20
23.21785390591346
 30
0.0
 10
27.17803194108317
 20
23.21785390591346
 30
0.0
 10
27.18850583880258
 20
23.19057036455879
 30
0.0
 10
27.21911403187456
 20
23.17694272415591
 30
0.0
 10
27.24639824609944
 20
23.18741662187532
 30
0.0
 10
27.255069524521
 20
23.1907453108139
 30
0.0
 10
27.26271198438848
 20
23.19629783580302
 30
0.0
 10
27.2685572079198
 20
23.20351638743696
 30
0.0
 10
27.2685572079198
 20
23.20351638743696
 30
0.0
 10
29.1960383395214
 20
25.58374429698968
 30
0.0
 10
29.1960383395214
 20
25.58374429698968
 30
0.0
 10
29.21228748227009
 20
25.60380995958062
 30
0.0
 10
29.21168257194953
 20
25.63267272732276
 30
0.0
 10
29.19460781745076
 20
25.65204062350391
 30
0.0
  0
SPLINE
  5
D8
330
79
100
AcDbEntity
  8
Layer 1
 62
     1
420
 16711680
370
     0
100
AcDbSpline
210
0.0
220
0.0
230
1.0
 70
     9
 71
     3
 72
    68
 73
    64
 74
     0
 42
0.0000000001
 43
0.0000000001
 40
0.0
 40
0.0
 40
0.0
 40
0.0
 40
1.0
 40
1.0
 40
1.0
 40
2.0
 40
2.0
 40
2.0
 40
3.0
 40
3.0
 40
3.0
 40
4.0
 40
4.0
 40
4.0
 40
5.0
 40
5.0
 40
5.0
 40
6.0
 40
6.0
 40
6.0
 40
7.0
 40
7.0
 40
7.0
 40
8.0
 40
8.0
 40
8.0
 40
9.0
 40
9.0
 40
9.0
 40
10.0
 40
10.0
 40
10.0
 40
11.0
 40
11.0
 40
11.0
 40
12.0
 40
12.0
 40
12.0
 40
13.0
 40
13.0
 40
13.0
 40
14.0
 40
14.0
 40
14.0
 40
15.0
 40
15.0
 40
15.0
 40
16.0
 40
16.0
 40
16.0
 40
17.0
 40
17.0
 40
17.0
 40
18.0
 40
18.0
 40
18.0
 40
19.0
 40
19.0
 40
19.0
 40
20.0
 40
20.0
 40
20.0
 40
21.0
 40
21.0
 40
21.0
 40
21.0
 10
29.56867453577665
 20
25.87460724925529
 30
0.0
 10
29.56867453577665
 20
25.87460724925529
 30
0.0
 10
28.79054387220537
 20
28.5529987528734
 30
0.0
 10
28.79054387220537
 20
28.5529987528734
 30
0.0
 10
28.78239070384702
 20
28.58106349654417
 30
0.0
 10
28.7985321873618
 20
28.61042418824316
 30
0.0
 10
28.82659693103255
 20
28.61857735660152
 30
0.0
 10
28.83551649856233
 20
28.62116857978779
 30
0.0
 10
28.84496157772766
 20
28.6213664036301
 30
0.0
 10
28.85398207578923
 20
28.61915064202211
 30
0.0
 10
28.85398207578923
 20
28.61915064202211
 30
0.0
 10
29.12242095537097
 20
28.55321541708166
 30
0.0
 10
29.12242095537097
 20
28.55321541708166
 30
0.0
 10
29.14078089197459
 20
28.54870584092108
 30
0.0
 10
29.15533978475083
 20
28.53474378402285
 30
0.0
 10
29.1606144143424
 20
28.51658907283388
 30
0.0
 10
29.1606144143424
 20
28.51658907283388
 30
0.0
 10
29.34283708792492
 20
27.88935493725698
 30
0.0
 10
29.34283708792492
 20
27.88935493725698
 30
0.0
 10
29.34283708792492
 20
27.88935426438677
 30
0.0
 10
29.34283776079512
 20
27.88935426438677
 30
0.0
 10
29.34283776079512
 20
27.88935359151656
 30
0.0
 10
29.34283776079512
 20
27.88935359151656
 30
0.0
 10
29.45403225480283
 20
27.50656176515216
 30
0.0
 10
29.45403225480283
 20
27.50656176515216
 30
0.0
 10
29.45403225480283
 20
27.50656109228195
 30
0.0
 10
29.45403292767305
 20
27.50656041941173
 30
0.0
 10
29.45403292767305
 20
27.50655974654153
 30
0.0
 10
29.45403292767305
 20
27.50655974654153
 30
0.0
 10
29.80782472077206
 20
26.28881538581623
 30
0.0
 10
29.80782472077206
 20
26.28881538581623
 30
0.0
 10
29.81576795362428
 20
26.26147532336375
 30
0.0
 10
29.84391882468217
 20
26.24532038244474
 30
0.0
 10
29.87153139957049
 20
26.25225632858965
 30
0.0
 10
29.87153139957049
 20
26.25225632858965
 30
0.0
 10
31.1235699363889
 20
26.5667565385313
 30
0.0
 10
31.1235699363889
 20
26.5667565385313
 30
0.0
 10
31.1235699363889
 20
26.5667565385313
 30
0.0
 10
31.12357060925911
 20
26.56675721140151
 30
0.0
 10
31.12357060925911
 20
26.56675721140151
 30
0.0
 10
31.12357060925911
 20
26.56675721140151
 30
0.0
 10
31.50823907064467
 20
26.66337397226705
 30
0.0
 10
31.50823907064467
 20
26.66337397226705
 30
0.0
 10
31.50823907064467
 20
26.66337397226705
 30
0.0
 10
32.10380591543597
 20
26.81296715066084
 30
0.0
 10
32.10380591543597
 20
26.81296715066084
 30
0.0
 10
32.12214162871195
 20
26.81757227439152
 30
0.0
 10
32.14154047692284
 20
26.81204599134066
 30
0.0
 10
32.15469643530714
 20
26.7984701619441
 30
0.0
 10
32.15469643530714
 20
26.7984701619441
 30
0.0
 10
32.34564892701965
 20
26.60142954055375
 30
0.0
 10
32.34564892701965
 20
26.60142954055375
 30
0.0
 10
32.36598710204645
 20
26.58044271864263
 30
0.0
 10
32.36546226328111
 20
26.54694185652942
 30
0.0
 10
32.34447544137
 20
26.52660300863242
 30
0.0
 10
32.33780460608859
 20
26.52013874450609
 30
0.0
 10
32.32954983432823
 20
26.51554371382859
 30
0.0
 10
32.32054010219005
 20
26.51328085130577
 30
0.0
 10
32.32054010219005
 20
26.51328085130577
 30
0.0
 10
29.63238121457508
 20
25.83804819202871
 30
0.0
 10
29.63238121457508
 20
25.83804819202871
 30
0.0
 10
29.60476863968676
 20
25.83111224588379
 30
0.0
 10
29.57661776862887
 20
25.84726718680281
 30
0.0
 10
29.56867453577665
 20
25.87460724925529
 30
0.0
  0
SPLINE
  5
D9
330
79
100
AcDbEntity
  8
Layer 1
 62
     1
420
 16711680
370
     0
100
AcDbSpline
210
0.0
220
0.0
230
1.0
 70
    11
 71
     3
 72
    38
 73
    34
 74
     0
 42
0.0000000001
 43
0.0000000001
 40
0.0
 40
0.0
 40
0.0
 40
0.0
 40
1.0
 40
1.0
 40
1.0
 40
2.0
 40
2.0
 40
2.0
 40
3.0
 40
3.0
 40
3.0
 40
4.0
 40
4.0
 40
4.0
 40
5.0
 40
5.0
 40
5.0
 40
6.0
 40
6.0
 40
6.0
 40
7.0
 40
7.0
 40
7.0
 40
8.0
 40
8.0
 40
8.0
 40
9.0
 40
9.0
 40
9.0
 40
10.0
 40
10.0
 40
10.0
 40
11.0
 40
11.0
 40
11.0
 40
11.0
 10
31.97441028219466
 20
29.55361126054935
 30
0.0
 10
31.97441028219466
 20
29.55361126054935
 30
0.0
 10
31.20110207943253
 20
26.83891571751498
 30
0.0
 10
31.20110207943253
 20
26.83891571751498
 30
0.0
 10
31.19309492391017
 20
26.81080858302087
 30
0.0
 10
31.20938914896306
 20
26.78153267296857
 30
0.0
 10
31.23749628345718
 20
26.77352619031643
 30
0.0
 10
31.24642930839119
 20
26.77098139517479
 30
0.0
 10
31.25587640616715
 20
26.77083269085794
 30
0.0
 10
31.26488479256491
 20
26.77309555338077
 30
0.0
 10
31.26488479256491
 20
26.77309555338077
 30
0.0
 10
31.53102918472385
 20
26.83994319032865
 30
0.0
 10
31.53102918472385
 20
26.83994319032865
 30
0.0
 10
31.54936489799984
 20
26.84454898692953
 30
0.0
 10
31.5638517936634
 20
26.85858707816171
 30
0.0
 10
31.56903020281467
 20
26.87676937702937
 30
0.0
 10
31.56903020281467
 20
26.87676937702937
 30
0.0
 10
31.73724910154581
 20
27.46733814188621
 30
0.0
 10
31.73724910154581
 20
27.46733814188621
 30
0.0
 10
31.73724910154581
 20
27.46733948762663
 30
0.0
 10
31.73725044728623
 20
27.46734016049684
 30
0.0
 10
31.73725044728623
 20
27.46734150623727
 30
0.0
 10
31.73725044728623
 20
27.46734150623727
 30
0.0
 10
31.84591898651823
 20
27.84875462153735
 30
0.0
 10
31.84591898651823
 20
27.84875462153735
 30
0.0
 10
31.84591898651823
 20
27.84875529440757
 30
0.0
 10
31.84592033225865
 20
27.84875664014799
 30
0.0
 10
31.84592033225865
 20
27.8487573130182
 30
0.0
 10
31.84592033225865
 20
27.8487573130182
 30
0.0
 10
32.21356046719007
 20
29.1394031239884
 30
0.0
 10
32.21356046719007
 20
29.1394031239884
 30
0.0
 10
32.21356046719007
 20
29.1394031239884
 30
0.0
 10
31.97441028219466
 20
29.55361126054935
 30
0.0
 10
31.97441028219466
 20
29.55361126054935
 30
0.0
  0
SPLINE
  5
DA
330
79
100
AcDbEntity
  8
Layer 1
 62
     1
420
 16711680
370
     0
100
AcDbSpline
210
0.0
220
0.0
230
1.0
 70
     9
 71
     3
 72
    71
 73
    67
 74
     0
 42
0.0000000001
 43
0.0000000001
 40
0.0
 40
0.0
 40
0.0
 40
0.0
 40
1.0
 40
1.0
 40
1.0
 40
2.0
 40
2.0
 40
2.0
 40
3.0
 40
3.0
 40
3.0
 40
4.0
 40
4.0
 40
4.0
 40
5.0
 40
5.0
 40
5.0
 40
6.0
 40
6.0
 40
6.0
 40
7.0
 40
7.0
 40
7.0
 40
8.0
 40
8.0
 40
8.0
 40
9.0
 40
9.0
 40
9.0
 40
10.0
 40
10.0
 40
10.0
 40
11.0
 40
11.0
 40
11.0
 40
12.0
 40
12.0
 40
12.0
 40
13.0
 40
13.0
 40
13.0
 40
14.0
 40
14.0
 40
14.0
 40
15.0
 40
15.0
 40
15.0
 40
16.0
 40
16.0
 40
16.0
 40
17.0
 40
17.0
 40
17.0
 40
18.0
 40
18.0
 40
18.0
 40
19.0
 40
19.0
 40
19.0
 40
20.0
 40
20.0
 40
20.0
 40
21.0
 40
21.0
 40
21.0
 40
22.0
 40
22.0
 40
22.0
 40
22.0
 10
33.97224268593782
 20
25.65455850383707
 30
0.0
 10
33.97224268593782
 20
25.65455850383707
 30
0.0
 10
32.04286002311722
 20
27.64556934937135
 30
0.0
 10
32.04286002311722
 20
27.64556934937135
 30
0.0
 10
32.02252184809043
 20
27.66655684415269
 30
0.0
 10
31.98902098597722
 20
27.66708302865844
 30
0.0
 10
31.9680341640661
 20
27.64674485363165
 30
0.0
 10
31.9613633287847
 20
27.64028126237554
 30
0.0
 10
31.95651193455645
 20
27.63217519493202
 30
0.0
 10
31.95396713941481
 20
27.623242169998
 30
0.0
 10
31.95396713941481
 20
27.623242169998
 30
0.0
 10
31.87877927618965
 20
27.35931555805769
 30
0.0
 10
31.87877927618965
 20
27.35931555805769
 30
0.0
 10
31.87359952129796
 20
27.34113393206024
 30
0.0
 10
31.87851281958571
 20
27.32157023064742
 30
0.0
 10
31.89166877797001
 20
27.30799372838065
 30
0.0
 10
31.89166877797001
 20
27.30799372838065
 30
0.0
 10
32.31897635181745
 20
26.8670174690474
 30
0.0
 10
32.31897635181745
 20
26.8670174690474
 30
0.0
 10
32.31897769755787
 20
26.86701612330697
 30
0.0
 10
32.31897904329829
 20
26.86701410469634
 30
0.0
 10
32.31898038903872
 20
26.86701275895591
 30
0.0
 10
32.31898038903872
 20
26.86701275895591
 30
0.0
 10
32.59501328183266
 20
26.58221775026178
 30
0.0
 10
32.59501328183266
 20
26.58221775026178
 30
0.0
 10
32.5950146275731
 20
26.58221640452136
 30
0.0
 10
32.59501597331352
 20
26.58221505878094
 30
0.0
 10
32.59501731905394
 20
26.58221371304052
 30
0.0
 10
32.59501731905394
 20
26.58221371304052
 30
0.0
 10
33.49394231594699
 20
25.65455850383707
 30
0.0
 10
33.49394231594699
 20
25.65455850383707
 30
0.0
 10
33.51353091355765
 20
25.63434413692928
 30
0.0
 10
33.51386600292321
 20
25.60233233659515
 30
0.0
 10
33.49470535076735
 20
25.58171222894955
 30
0.0
 10
33.49470535076735
 20
25.58171222894955
 30
0.0
 10
32.6777426743935
 20
24.70257028915841
 30
0.0
 10
32.6777426743935
 20
24.70257028915841
 30
0.0
 10
32.6777426743935
 20
24.70257028915841
 30
0.0
 10
32.67774132865308
 20
24.7025696162882
 30
0.0
 10
32.67774132865308
 20
24.7025696162882
 30
0.0
 10
32.67774132865308
 20
24.7025696162882
 30
0.0
 10
32.40235573700303
 20
24.40621537022277
 30
0.0
 10
32.40235573700303
 20
24.40621537022277
 30
0.0
 10
32.40235573700303
 20
24.40621469735255
 30
0.0
 10
32.40235439126261
 20
24.40621469735255
 30
0.0
 10
32.40235439126261
 20
24.40621402448234
 30
0.0
 10
32.40235439126261
 20
24.40621402448234
 30
0.0
 10
31.8779664489736
 20
23.84193026158563
 30
0.0
 10
31.8779664489736
 20
23.84193026158563
 30
0.0
 10
31.8650971332996
 20
23.828081246883
 30
0.0
 10
31.86059294010072
 20
23.80841863354902
 30
0.0
 10
31.86615219379195
 20
23.79034870400676
 30
0.0
 10
31.86615219379195
 20
23.79034870400676
 30
0.0
 10
31.94918168646732
 20
23.52045507902676
 30
0.0
 10
31.94918168646732
 20
23.52045507902676
 30
0.0
 10
31.95777558481451
 20
23.49252221791755
 30
0.0
 10
31.98738591136215
 20
23.4768436691086
 30
0.0
 10
32.01531809960115
 20
23.48543756745579
 30
0.0
 10
32.02419729491822
 20
23.48816874764615
 30
0.0
 10
32.03219906747888
 20
23.49318835942739
 30
0.0
 10
32.0385227017309
 20
23.49999309588097
 30
0.0
 10
32.0385227017309
 20
23.49999309588097
 30
0.0
 10
33.97300572075819
 20
25.58171155607933
 30
0.0
 10
33.97300572075819
 20
25.58171155607933
 30
0.0
 10
33.99216771865447
 20
25.60233166372494
 30
0.0
 10
33.99183128354849
 20
25.63434413692928
 30
0.0
 10
33.97224268593782
 20
25.65455850383707
 30
0.0
  0
SPLINE
  5
DB
330
79
100
AcDbEntity
  8
Layer 1
 62
     1
420
 16711680
370
     0
100
AcDbSpline
210
0.0
220
0.0
230
1.0
 70
    11
 71
     3
 72
    35
 73
    31
 74
     0
 42
0.0000000001
 43
0.0000000001
 40
0.0
 40
0.0
 40
0.0
 40
0.0
 40
1.0
 40
1.0
 40
1.0
 40
2.0
 40
2.0
 40
2.0
 40
3.0
 40
3.0
 40
3.0
 40
4.0
 40
4.0
 40
4.0
 40
5.0
 40
5.0
 40
5.0
 40
6.0
 40
6.0
 40
6.0
 40
7.0
 40
7.0
 40
7.0
 40
8.0
 40
8.0
 40
8.0
 40
9.0
 40
9.0
 40
9.0
 40
10.0
 40
10.0
 40
10.0
 40
10.0
 10
14.87515590613737
 20
33.90293530570293
 30
0.0
 10
14.87515590613737
 20
33.90293530570293
 30
0.0
 10
12.91660297388775
 20
31.94438237345331
 30
0.0
 10
12.91660297388775
 20
31.94438237345331
 30
0.0
 10
12.89593778393795
 20
31.9237171835035
 30
0.0
 10
12.86243288460347
 20
31.9237171835035
 30
0.0
 10
12.84176769465366
 20
31.94438237345331
 30
0.0
 10
12.83519846277427
 20
31.95095093246249
 30
0.0
 10
12.83047491388629
 20
31.95913303423996
 30
0.0
 10
12.82807074861895
 20
31.9681064313867
 30
0.0
 10
12.82807074861895
 20
31.9681064313867
 30
0.0
 10
12.75863996292735
 20
32.22726912222631
 30
0.0
 10
12.75863996292735
 20
32.22726912222631
 30
0.0
 10
12.75374819648638
 20
32.24552947403856
 30
0.0
 10
12.75896832359079
 20
32.26501175815573
 30
0.0
 10
12.77233489035143
 20
32.27837899778658
 30
0.0
 10
12.77233489035143
 20
32.27837899778658
 30
0.0
 10
13.1234641360217
 20
32.62954457844831
 30
0.0
 10
13.1234641360217
 20
32.62954457844831
 30
0.0
 10
13.12346480889192
 20
32.62954457844831
 30
0.0
 10
13.12346548176213
 20
32.62954592418873
 30
0.0
 10
13.12346615463234
 20
32.62954592418873
 30
0.0
 10
13.12346615463234
 20
32.62954592418873
 30
0.0
 10
13.39961679971338
 20
32.90569724213998
 30
0.0
 10
13.39961679971338
 20
32.90569724213998
 30
0.0
 10
13.39961679971338
 20
32.90569724213998
 30
0.0
 10
14.39685519971143
 20
33.90293530570293
 30
0.0
 10
14.39685519971143
 20
33.90293530570293
 30
0.0
 10
14.39685519971143
 20
33.90293530570293
 30
0.0
 10
14.87515590613737
 20
33.90293530570293
 30
0.0
 10
14.87515590613737
 20
33.90293530570293
 30
0.0
  0
SPLINE
  5
DC
330
79
100
AcDbEntity
  8
Layer 1
 62
     1
420
 16711680
370
     0
100
AcDbSpline
210
0.0
220
0.0
230
1.0
 70
     9
 71
     3
 72
    71
 73
    67
 74
     0
 42
0.0000000001
 43
0.0000000001
 40
0.0
 40
0.0
 40
0.0
 40
0.0
 40
1.0
 40
1.0
 40
1.0
 40
2.0
 40
2.0
 40
2.0
 40
3.0
 40
3.0
 40
3.0
 40
4.0
 40
4.0
 40
4.0
 40
5.0
 40
5.0
 40
5.0
 40
6.0
 40
6.0
 40
6.0
 40
7.0
 40
7.0
 40
7.0
 40
8.0
 40
8.0
 40
8.0
 40
9.0
 40
9.0
 40
9.0
 40
10.0
 40
10.0
 40
10.0
 40
11.0
 40
11.0
 40
11.0
 40
12.0
 40
12.0
 40
12.0
 40
13.0
 40
13.0
 40
13.0
 40
14.0
 40
14.0
 40
14.0
 40
15.0
 40
15.0
 40
15.0
 40
16.0
 40
16.0
 40
16.0
 40
17.0
 40
17.0
 40
17.0
 40
18.0
 40
18.0
 40
18.0
 40
19.0
 40
19.0
 40
19.0
 40
20.0
 40
20.0
 40
20.0
 40
21.0
 40
21.0
 40
21.0
 40
22.0
 40
22.0
 40
22.0
 40
22.0
 10
5.654289879974774
 20
25.3627918868768
 30
0.0
 10
5.654289879974774
 20
25.3627918868768
 30
0.0
 10
4.913496111595112
 20
22.70959163468925
 30
0.0
 10
4.913496111595112
 20
22.70959163468925
 30
0.0
 10
4.905636987519386
 20
22.68144311867709
 30
0.0
 10
4.922084626980606
 20
22.65225299957683
 30
0.0
 10
4.95023347942786
 20
22.6443938755011
 30
0.0
 10
4.959179961766118
 20
22.64189550840408
 30
0.0
 10
4.968627059542077
 20
22.64179693291803
 30
0.0
 10
4.977624680016444
 20
22.6441072327908
 30
0.0
 10
4.977624680016444
 20
22.6441072327908
 30
0.0
 10
5.241475930493016
 20
22.71185988017377
 30
0.0
 10
5.241475930493016
 20
22.71185988017377
 30
0.0
 10
5.25978607470095
 20
22.71656189721497
 30
0.0
 10
5.27419760890077
 20
22.73067501347578
 30
0.0
 10
5.279281816222361
 20
22.74888355428171
 30
0.0
 10
5.279281816222361
 20
22.74888355428171
 30
0.0
 10
5.433880476122948
 20
23.30260190911018
 30
0.0
 10
5.433880476122948
 20
23.30260190911018
 30
0.0
 10
5.433880476122948
 20
23.30260258198039
 30
0.0
 10
5.433880476122948
 20
23.30260258198039
 30
0.0
 10
5.433880476122948
 20
23.30260325485061
 30
0.0
 10
5.433880476122948
 20
23.30260325485061
 30
0.0
 10
5.539986725587795
 20
23.68267870416931
 30
0.0
 10
5.539986725587795
 20
23.68267870416931
 30
0.0
 10
5.539986725587795
 20
23.68267937703953
 30
0.0
 10
5.539986725587795
 20
23.68268004990974
 30
0.0
 10
5.539986725587795
 20
23.68268072277995
 30
0.0
 10
5.539986725587795
 20
23.68268072277995
 30
0.0
 10
5.893440064970189
 20
24.94854539671377
 30
0.0
 10
5.893440064970189
 20
24.94854539671377
 30
0.0
 10
5.901039461144097
 20
24.97575963243661
 30
0.0
 10
5.928678277970684
 20
24.99220323467655
 30
0.0
 10
5.956220201486748
 20
24.98589574930961
 30
0.0
 10
5.956220201486748
 20
24.98589574930961
 30
0.0
 10
7.125801858180165
 20
24.71802880940805
 30
0.0
 10
7.125801858180165
 20
24.71802880940805
 30
0.0
 10
7.125801858180165
 20
24.71802880940805
 30
0.0
 10
7.125803203920589
 20
24.71802813653784
 30
0.0
 10
7.125803203920589
 20
24.71802813653784
 30
0.0
 10
7.125803203920589
 20
24.71802813653784
 30
0.0
 10
7.520150903305237
 20
24.62772558974136
 30
0.0
 10
7.520150903305237
 20
24.62772558974136
 30
0.0
 10
7.520152249045661
 20
24.62772558974136
 30
0.0
 10
7.520152249045661
 20
24.62772491687115
 30
0.0
 10
7.520153594786085
 20
24.62772491687115
 30
0.0
 10
7.520153594786085
 20
24.62772491687115
 30
0.0
 10
8.271035033383494
 20
24.45573861782323
 30
0.0
 10
8.271035033383494
 20
24.45573861782323
 30
0.0
 10
8.289463602748734
 20
24.45151770298359
 30
0.0
 10
8.308744025802317
 20
24.45744905390204
 30
0.0
 10
8.321613341476318
 20
24.47129806860466
 30
0.0
 10
8.321613341476318
 20
24.47129806860466
 30
0.0
 10
8.513849669553259
 20
24.678169996662
 30
0.0
 10
8.513849669553259
 20
24.678169996662
 30
0.0
 10
8.533743750240153
 20
24.69957870819603
 30
0.0
 10
8.532515089233109
 20
24.73306140281351
 30
0.0
 10
8.511107050569298
 20
24.7529554835004
 30
0.0
 10
8.504301641245506
 20
24.75927844488222
 30
0.0
 10
8.495952667655471
 20
24.7636985293046
 30
0.0
 10
8.486898526083299
 20
24.76577231529788
 30
0.0
 10
8.486898526083299
 20
24.76577231529788
 30
0.0
 10
5.717071362231756
 20
25.40014223947264
 30
0.0
 10
5.717071362231756
 20
25.40014223947264
 30
0.0
 10
5.689528092975269
 20
25.40645039770979
 30
0.0
 10
5.661889276148682
 20
25.39000679546985
 30
0.0
 10
5.654289879974774
 20
25.3627918868768
 30
0.0
  0
SPLINE
  5
DD
330
79
100
AcDbEntity
  8
Layer 1
 62
     1
420
 16711680
370
     0
100
AcDbSpline
210
0.0
220
0.0
230
1.0
 70
    11
 71
     3
 72
    38
 73
    34
 74
     0
 42
0.0000000001
 43
0.0000000001
 40
0.0
 40
0.0
 40
0.0
 40
0.0
 40
1.0
 40
1.0
 40
1.0
 40
2.0
 40
2.0
 40
2.0
 40
3.0
 40
3.0
 40
3.0
 40
4.0
 40
4.0
 40
4.0
 40
5.0
 40
5.0
 40
5.0
 40
6.0
 40
6.0
 40
6.0
 40
7.0
 40
7.0
 40
7.0
 40
8.0
 40
8.0
 40
8.0
 40
9.0
 40
9.0
 40
9.0
 40
10.0
 40
10.0
 40
10.0
 40
11.0
 40
11.0
 40
11.0
 40
11.0
 10
3.276361167936335
 20
21.683420488447
 30
0.0
 10
3.276361167936335
 20
21.683420488447
 30
0.0
 10
5.993377440331761
 20
22.38102507296651
 30
0.0
 10
5.993377440331761
 20
22.38102507296651
 30
0.0
 10
6.021683744408615
 20
22.38829308056102
 30
0.0
 10
6.038739658541449
 20
22.41713229784576
 30
0.0
 10
6.031471314511826
 20
22.44543893835771
 30
0.0
 10
6.029162023944369
 20
22.45443554952676
 30
0.0
 10
6.024524602443522
 20
22.46266576152438
 30
0.0
 10
6.018026021936385
 20
22.46930228042498
 30
0.0
 10
6.018026021936385
 20
22.46930228042498
 30
0.0
 10
5.827450337542567
 20
22.66391888687673
 30
0.0
 10
5.827450337542567
 20
22.66391888687673
 30
0.0
 10
5.814223054915801
 20
22.67742675638189
 30
0.0
 10
5.794794600415586
 20
22.68285177246584
 30
0.0
 10
5.776483110467228
 20
22.67815042829486
 30
0.0
 10
5.776483110467228
 20
22.67815042829486
 30
0.0
 10
5.219603611382951
 20
22.53517896565699
 30
0.0
 10
5.219603611382951
 20
22.53517896565699
 30
0.0
 10
5.219602265642528
 20
22.53517862922188
 30
0.0
 10
5.219600919902104
 20
22.53517829278678
 30
0.0
 10
5.21959957416168
 20
22.53517795635167
 30
0.0
 10
5.21959957416168
 20
22.53517795635167
 30
0.0
 10
4.837421405430591
 20
22.43703142505923
 30
0.0
 10
4.837421405430591
 20
22.43703142505923
 30
0.0
 10
4.837420059690168
 20
22.43703108862413
 30
0.0
 10
4.837420059690168
 20
22.43703108862413
 30
0.0
 10
4.837418713949744
 20
22.43703075218903
 30
0.0
 10
4.837418713949744
 20
22.43703075218903
 30
0.0
 10
3.51551135293175
 20
22.09762896144305
 30
0.0
 10
3.51551135293175
 20
22.09762896144305
 30
0.0
 10
3.51551135293175
 20
22.09762896144305
 30
0.0
 10
3.276361167936335
 20
21.683420488447
 30
0.0
 10
3.276361167936335
 20
21.683420488447
 30
0.0
  0
SPLINE
  5
DE
330
79
100
AcDbEntity
  8
Layer 1
 62
     1
420
 16711680
370
     0
100
AcDbSpline
210
0.0
220
0.0
230
1.0
 70
     9
 71
     3
 72
    71
 73
    67
 74
     0
 42
0.0000000001
 43
0.0000000001
 40
0.0
 40
0.0
 40
0.0
 40
0.0
 40
1.0
 40
1.0
 40
1.0
 40
2.0
 40
2.0
 40
2.0
 40
3.0
 40
3.0
 40
3.0
 40
4.0
 40
4.0
 40
4.0
 40
5.0
 40
5.0
 40
5.0
 40
6.0
 40
6.0
 40
6.0
 40
7.0
 40
7.0
 40
7.0
 40
8.0
 40
8.0
 40
8.0
 40
9.0
 40
9.0
 40
9.0
 40
10.0
 40
10.0
 40
10.0
 40
11.0
 40
11.0
 40
11.0
 40
12.0
 40
12.0
 40
12.0
 40
13.0
 40
13.0
 40
13.0
 40
14.0
 40
14.0
 40
14.0
 40
15.0
 40
15.0
 40
15.0
 40
16.0
 40
16.0
 40
16.0
 40
17.0
 40
17.0
 40
17.0
 40
18.0
 40
18.0
 40
18.0
 40
19.0
 40
19.0
 40
19.0
 40
20.0
 40
20.0
 40
20.0
 40
21.0
 40
21.0
 40
21.0
 40
22.0
 40
22.0
 40
22.0
 40
22.0
 10
7.664765515000719
 20
21.51293502640687
 30
0.0
 10
7.664765515000719
 20
21.51293502640687
 30
0.0
 10
5.737994934342953
 20
23.48051955907656
 30
0.0
 10
5.737994934342953
 20
23.48051955907656
 30
0.0
 10
5.717547754341826
 20
23.50140006749419
 30
0.0
 10
5.684044200747771
 20
23.50175130574483
 30
0.0
 10
5.66316369233014
 20
23.4813041257437
 30
0.0
 10
5.656527846299762
 20
23.47480554523657
 30
0.0
 10
5.651718170024651
 20
23.46667525446542
 30
0.0
 10
5.649220475797846
 20
23.45772944499737
 30
0.0
 10
5.649220475797846
 20
23.45772944499737
 30
0.0
 10
5.575946255455514
 20
23.19535110741479
 30
0.0
 10
5.575946255455514
 20
23.19535110741479
 30
0.0
 10
5.570860702393499
 20
23.17714122086844
 30
0.0
 10
5.575877622693893
 20
23.15760174278325
 30
0.0
 10
5.589106251061084
 20
23.1440938732781
 30
0.0
 10
5.589106251061084
 20
23.1440938732781
 30
0.0
 10
5.991387090244774
 20
22.73331030966093
 30
0.0
 10
5.991387090244774
 20
22.73331030966093
 30
0.0
 10
5.991387090244774
 20
22.73330997322583
 30
0.0
 10
5.991388435985198
 20
22.73330963679072
 30
0.0
 10
5.991388435985198
 20
22.73330930035562
 30
0.0
 10
5.991388435985198
 20
22.73330930035562
 30
0.0
 10
6.267463046732288
 20
22.45138071876445
 30
0.0
 10
6.267463046732288
 20
22.45138071876445
 30
0.0
 10
6.267463046732288
 20
22.45138038232934
 30
0.0
 10
6.267463046732288
 20
22.45138004589424
 30
0.0
 10
6.267463046732288
 20
22.45137970945913
 30
0.0
 10
6.267463046732288
 20
22.45137970945913
 30
0.0
 10
7.186463799269465
 20
21.51293502640687
 30
0.0
 10
7.186463799269465
 20
21.51293502640687
 30
0.0
 10
7.206458810488153
 20
21.49251711625996
 30
0.0
 10
7.206629719521991
 20
21.45991150796377
 30
0.0
 10
7.186850026771131
 20
21.43928500805115
 30
0.0
 10
7.186850026771131
 20
21.43928500805115
 30
0.0
 10
6.309324994099345
 20
20.52421112607099
 30
0.0
 10
6.309324994099345
 20
20.52421112607099
 30
0.0
 10
6.309324994099345
 20
20.52421078963588
 30
0.0
 10
6.309323648358921
 20
20.52421011676567
 30
0.0
 10
6.309323648358921
 20
20.52420978033056
 30
0.0
 10
6.309323648358921
 20
20.52420978033056
 30
0.0
 10
6.033441478492453
 20
20.2365046079697
 30
0.0
 10
6.033441478492453
 20
20.2365046079697
 30
0.0
 10
6.033440132752029
 20
20.23650359866438
 30
0.0
 10
6.033440132752029
 20
20.23650258935906
 30
0.0
 10
6.033438787011605
 20
20.23650158005374
 30
0.0
 10
6.033438787011605
 20
20.23650158005374
 30
0.0
 10
5.581339983074609
 20
19.76510199873925
 30
0.0
 10
5.581339983074609
 20
19.76510199873925
 30
0.0
 10
5.568252657451931
 20
19.7514563590582
 30
0.0
 10
5.563440289695972
 20
19.73186473353158
 30
0.0
 10
5.568715592157762
 20
19.71370834016708
 30
0.0
 10
5.568715592157762
 20
19.71370834016708
 30
0.0
 10
5.645849396035911
 20
19.44826406946369
 30
0.0
 10
5.645849396035911
 20
19.44826406946369
 30
0.0
 10
5.654004583004901
 20
19.42019983044559
 30
0.0
 10
5.683365947574113
 20
19.40405986088879
 30
0.0
 10
5.71143001837466
 20
19.41221437498757
 30
0.0
 10
5.72034958590444
 20
19.41480610282649
 30
0.0
 10
5.728429411409689
 20
19.41970005609565
 30
0.0
 10
5.734858013414783
 20
19.42640403023499
 30
0.0
 10
5.734858013414783
 20
19.42640403023499
 30
0.0
 10
7.665150396761962
 20
21.43928568092137
 30
0.0
 10
7.665150396761962
 20
21.43928568092137
 30
0.0
 10
7.684930089512822
 20
21.45991184439887
 30
0.0
 10
7.684760526219408
 20
21.49251677982485
 30
0.0
 10
7.664765515000719
 20
21.51293502640687
 30
0.0
  0
SPLINE
  5
DF
330
79
100
AcDbEntity
  8
Layer 1
 62
     1
420
 16711680
370
     0
100
AcDbSpline
210
0.0
220
0.0
230
1.0
 70
     9
 71
     3
 72
    68
 73
    64
 74
     0
 42
0.0000000001
 43
0.0000000001
 40
0.0
 40
0.0
 40
0.0
 40
0.0
 40
1.0
 40
1.0
 40
1.0
 40
2.0
 40
2.0
 40
2.0
 40
3.0
 40
3.0
 40
3.0
 40
4.0
 40
4.0
 40
4.0
 40
5.0
 40
5.0
 40
5.0
 40
6.0
 40
6.0
 40
6.0
 40
7.0
 40
7.0
 40
7.0
 40
8.0
 40
8.0
 40
8.0
 40
9.0
 40
9.0
 40
9.0
 40
10.0
 40
10.0
 40
10.0
 40
11.0
 40
11.0
 40
11.0
 40
12.0
 40
12.0
 40
12.0
 40
13.0
 40
13.0
 40
13.0
 40
14.0
 40
14.0
 40
14.0
 40
15.0
 40
15.0
 40
15.0
 40
16.0
 40
16.0
 40
16.0
 40
17.0
 40
17.0
 40
17.0
 40
18.0
 40
18.0
 40
18.0
 40
19.0
 40
19.0
 40
19.0
 40
20.0
 40
20.0
 40
20.0
 40
21.0
 40
21.0
 40
21.0
 40
21.0
 10
8.045579102941948
 20
21.72824575622754
 30
0.0
 10
8.045579102941948
 20
21.72824575622754
 30
0.0
 10
7.208999568408525
 20
24.44756795483936
 30
0.0
 10
7.208999568408525
 20
24.44756795483936
 30
0.0
 10
7.200407015801759
 20
24.47550148881879
 30
0.0
 10
7.216084891740494
 20
24.50511181536643
 30
0.0
 10
7.24401842571992
 20
24.51370436797319
 30
0.0
 10
7.252894929556133
 20
24.51643487529334
 30
0.0
 10
7.262333952889549
 20
24.5167814034525
 30
0.0
 10
7.271386748721297
 20
24.51470896319966
 30
0.0
 10
7.271386748721297
 20
24.51470896319966
 30
0.0
 10
7.546655260954454
 20
24.4516812104451
 30
0.0
 10
7.546655260954454
 20
24.4516812104451
 30
0.0
 10
7.565085176060118
 20
24.44746096847567
 30
0.0
 10
7.579862751655245
 20
24.43372903318993
 30
0.0
 10
7.585422005346483
 20
24.41565775790724
 30
0.0
 10
7.585422005346483
 20
24.41565775790724
 30
0.0
 10
7.811915501654877
 20
23.67938904170303
 30
0.0
 10
7.811915501654877
 20
23.67938904170303
 30
0.0
 10
7.811915501654877
 20
23.67938904170303
 30
0.0
 10
7.811915501654877
 20
23.67938836883281
 30
0.0
 10
7.811915501654877
 20
23.67938836883281
 30
0.0
 10
7.811915501654877
 20
23.67938836883281
 30
0.0
 10
7.930878955129911
 20
23.29269187662839
 30
0.0
 10
7.930878955129911
 20
23.29269187662839
 30
0.0
 10
7.930878955129911
 20
23.29269187662839
 30
0.0
 10
8.284729287937363
 20
22.14245591139912
 30
0.0
 10
8.284729287937363
 20
22.14245591139912
 30
0.0
 10
8.29259917793648
 20
22.11687237663498
 30
0.0
 10
8.318333772063212
 20
22.10119483713135
 30
0.0
 10
8.344677986601981
 20
22.10593487133952
 30
0.0
 10
8.344677986601981
 20
22.10593487133952
 30
0.0
 10
9.324301653756164
 20
22.28221441877487
 30
0.0
 10
9.324301653756164
 20
22.28221441877487
 30
0.0
 10
9.324302326626376
 20
22.28221441877487
 30
0.0
 10
9.324302999496588
 20
22.28221475520998
 30
0.0
 10
9.3243036723668
 20
22.28221475520998
 30
0.0
 10
9.3243036723668
 20
22.28221475520998
 30
0.0
 10
9.739467284628732
 20
22.3569060402187
 30
0.0
 10
9.739467284628732
 20
22.3569060402187
 30
0.0
 10
9.739467957498943
 20
22.3569060402187
 30
0.0
 10
9.739467957498943
 20
22.3569063766538
 30
0.0
 10
9.739468630369156
 20
22.3569063766538
 30
0.0
 10
9.739468630369156
 20
22.3569063766538
 30
0.0
 10
10.84197656572348
 20
22.55529004698724
 30
0.0
 10
10.84197656572348
 20
22.55529004698724
 30
0.0
 10
10.86058344569489
 20
22.55863791272686
 30
0.0
 10
10.87956309576372
 20
22.55180491572438
 30
0.0
 10
10.89176559705767
 20
22.53736444810544
 30
0.0
 10
10.89176559705767
 20
22.53736444810544
 30
0.0
 10
11.0851767565247
 20
22.30848394472011
 30
0.0
 10
11.0851767565247
 20
22.30848394472011
 30
0.0
 10
11.10404000004686
 20
22.28616147543824
 30
0.0
 10
11.1012354770034
 20
22.25277399195575
 30
0.0
 10
11.07891300772154
 20
22.23391108486869
 30
0.0
 10
11.0718182642066
 20
22.2279158112801
 30
0.0
 10
11.06327012103382
 20
22.22389372958809
 30
0.0
 10
11.05412850633409
 20
22.22224889835495
 30
0.0
 10
11.05412850633409
 20
22.22224889835495
 30
0.0
 10
8.105526455866142
 20
21.69172538903815
 30
0.0
 10
8.105526455866142
 20
21.69172538903815
 30
0.0
 10
8.079183587067797
 20
21.68698602770019
 30
0.0
 10
8.053448992941065
 20
21.70266323076871
 30
0.0
 10
8.045579102941948
 20
21.72824575622754
 30
0.0
  0
SPLINE
  5
E0
330
79
100
AcDbEntity
  8
Layer 1
 62
     1
420
 16711680
370
     0
100
AcDbSpline
210
0.0
220
0.0
230
1.0
 70
     9
 71
     3
 72
    68
 73
    64
 74
     0
 42
0.0000000001
 43
0.0000000001
 40
0.0
 40
0.0
 40
0.0
 40
0.0
 40
1.0
 40
1.0
 40
1.0
 40
2.0
 40
2.0
 40
2.0
 40
3.0
 40
3.0
 40
3.0
 40
4.0
 40
4.0
 40
4.0
 40
5.0
 40
5.0
 40
5.0
 40
6.0
 40
6.0
 40
6.0
 40
7.0
 40
7.0
 40
7.0
 40
8.0
 40
8.0
 40
8.0
 40
9.0
 40
9.0
 40
9.0
 40
10.0
 40
10.0
 40
10.0
 40
11.0
 40
11.0
 40
11.0
 40
12.0
 40
12.0
 40
12.0
 40
13.0
 40
13.0
 40
13.0
 40
14.0
 40
14.0
 40
14.0
 40
15.0
 40
15.0
 40
15.0
 40
16.0
 40
16.0
 40
16.0
 40
17.0
 40
17.0
 40
17.0
 40
18.0
 40
18.0
 40
18.0
 40
19.0
 40
19.0
 40
19.0
 40
20.0
 40
20.0
 40
20.0
 40
21.0
 40
21.0
 40
21.0
 40
21.0
 10
10.43604473276968
 20
25.37022373836792
 30
0.0
 10
10.43604473276968
 20
25.37022373836792
 30
0.0
 10
9.420129810733278
 20
22.54844123753477
 30
0.0
 10
9.420129810733278
 20
22.54844123753477
 30
0.0
 10
9.41022987130467
 20
22.52094405988781
 30
0.0
 10
9.424496065538706
 20
22.49062755605272
 30
0.0
 10
9.451992906750568
 20
22.48072795305921
 30
0.0
 10
9.460732145063541
 20
22.47758161194807
 30
0.0
 10
9.47014492645869
 20
22.47679098944901
 30
0.0
 10
9.479286541158417
 20
22.47843548424706
 30
0.0
 10
9.479286541158417
 20
22.47843548424706
 30
0.0
 10
9.77421632098513
 20
22.53149096402522
 30
0.0
 10
9.77421632098513
 20
22.53149096402522
 30
0.0
 10
9.792823873826751
 20
22.53483815689463
 30
0.0
 10
9.808231928810489
 20
22.54785886836632
 30
0.0
 10
9.814636307487951
 20
22.56564753815998
 30
0.0
 10
9.814636307487951
 20
22.56564753815998
 30
0.0
 10
10.19408329602868
 20
23.61965835298708
 30
0.0
 10
10.19408329602868
 20
23.61965835298708
 30
0.0
 10
10.19408329602868
 20
23.61965835298708
 30
0.0
 10
10.33696122970709
 20
24.01653268001766
 30
0.0
 10
10.33696122970709
 20
24.01653268001766
 30
0.0
 10
10.33696122970709
 20
24.01653335288786
 30
0.0
 10
10.33696122970709
 20
24.01653335288786
 30
0.0
 10
10.33696122970709
 20
24.01653402575808
 30
0.0
 10
10.33696122970709
 20
24.01653402575808
 30
0.0
 10
10.67519491776509
 20
24.95597859394532
 30
0.0
 10
10.67519491776509
 20
24.95597859394532
 30
0.0
 10
10.68379958203567
 20
24.97987759813382
 30
0.0
 10
10.70817161398318
 20
24.99429115094427
 30
0.0
 10
10.73325957983621
 20
24.99031852521285
 30
0.0
 10
10.73325957983621
 20
24.99031852521285
 30
0.0
 10
11.62733923833292
 20
24.84873855817332
 30
0.0
 10
11.62733923833292
 20
24.84873855817332
 30
0.0
 10
11.62733991120314
 20
24.84873855817332
 30
0.0
 10
11.62734125694356
 20
24.84873855817332
 30
0.0
 10
11.62734192981377
 20
24.84873855817332
 30
0.0
 10
11.62734192981377
 20
24.84873855817332
 30
0.0
 10
12.05126765797588
 20
24.78158543814921
 30
0.0
 10
12.05126765797588
 20
24.78158543814921
 30
0.0
 10
12.05126765797588
 20
24.78158543814921
 30
0.0
 10
12.0512683308461
 20
24.78158543814921
 30
0.0
 10
12.0512683308461
 20
24.78158543814921
 30
0.0
 10
12.0512683308461
 20
24.78158543814921
 30
0.0
 10
13.31039824682838
 20
24.58214939880427
 30
0.0
 10
13.31039824682838
 20
24.58214939880427
 30
0.0
 10
13.32907174095077
 20
24.57919146135248
 30
0.0
 10
13.34790537818361
 20
24.58642145178002
 30
0.0
 10
13.35980239640133
 20
24.60111559146886
 30
0.0
 10
13.35980239640133
 20
24.60111559146886
 30
0.0
 10
13.55300833045371
 20
24.83972815316493
 30
0.0
 10
13.55300833045371
 20
24.83972815316493
 30
0.0
 10
13.57139921908707
 20
24.86244088716973
 30
0.0
 10
13.56789558389339
 20
24.89576276580655
 30
0.0
 10
13.54518217701837
 20
24.91415298156971
 30
0.0
 10
13.53796362538443
 20
24.91999820510103
 30
0.0
 10
13.529334064916
 20
24.92384029401134
 30
0.0
 10
13.52016015244611
 20
24.92529302079897
 30
0.0
 10
13.52016015244611
 20
24.92529302079897
 30
0.0
 10
10.49411074058122
 20
25.40456366963545
 30
0.0
 10
10.49411074058122
 20
25.40456366963545
 30
0.0
 10
10.46902210185798
 20
25.40853696823709
 30
0.0
 10
10.44464939704026
 20
25.39412341542663
 30
0.0
 10
10.43604473276968
 20
25.37022373836792
 30
0.0
  0
SPLINE
  5
E1
330
79
100
AcDbEntity
  8
Layer 1
 62
     1
420
 16711680
370
     0
100
AcDbSpline
210
0.0
220
0.0
230
1.0
 70
     9
 71
     3
 72
    65
 73
    61
 74
     0
 42
0.0000000001
 43
0.0000000001
 40
0.0
 40
0.0
 40
0.0
 40
0.0
 40
1.0
 40
1.0
 40
1.0
 40
2.0
 40
2.0
 40
2.0
 40
3.0
 40
3.0
 40
3.0
 40
4.0
 40
4.0
 40
4.0
 40
5.0
 40
5.0
 40
5.0
 40
6.0
 40
6.0
 40
6.0
 40
7.0
 40
7.0
 40
7.0
 40
8.0
 40
8.0
 40
8.0
 40
9.0
 40
9.0
 40
9.0
 40
10.0
 40
10.0
 40
10.0
 40
11.0
 40
11.0
 40
11.0
 40
12.0
 40
12.0
 40
12.0
 40
13.0
 40
13.0
 40
13.0
 40
14.0
 40
14.0
 40
14.0
 40
15.0
 40
15.0
 40
15.0
 40
16.0
 40
16.0
 40
16.0
 40
17.0
 40
17.0
 40
17.0
 40
18.0
 40
18.0
 40
18.0
 40
19.0
 40
19.0
 40
19.0
 40
20.0
 40
20.0
 40
20.0
 40
20.0
 10
12.45539619876163
 20
21.50973317350324
 30
0.0
 10
12.45539619876163
 20
21.50973317350324
 30
0.0
 10
10.51963136198055
 20
23.80040340358412
 30
0.0
 10
10.51963136198055
 20
23.80040340358412
 30
0.0
 10
10.50076744558817
 20
23.82272519999578
 30
0.0
 10
10.46738029854079
 20
23.82552905016903
 30
0.0
 10
10.44505850212913
 20
23.80666513377665
 30
0.0
 10
10.4379644314844
 20
23.80067053305827
 30
0.0
 10
10.43257339534616
 20
23.79291435812497
 30
0.0
 10
10.42942705423502
 20
23.78417646555243
 30
0.0
 10
10.42942705423502
 20
23.78417646555243
 30
0.0
 10
10.32791314396682
 20
23.50227479876974
 30
0.0
 10
10.32791314396682
 20
23.50227479876974
 30
0.0
 10
10.32150741954893
 20
23.48448612897608
 30
0.0
 10
10.32507968750425
 20
23.46463174763169
 30
0.0
 10
10.3372828616684
 20
23.45019128001275
 30
0.0
 10
10.3372828616684
 20
23.45019128001275
 30
0.0
 10
11.06034246274157
 20
22.5945651448244
 30
0.0
 10
11.06034246274157
 20
22.5945651448244
 30
0.0
 10
11.06034313561178
 20
22.59456447195419
 30
0.0
 10
11.06034313561178
 20
22.59456413551909
 30
0.0
 10
11.060343808482
 20
22.59456346264888
 30
0.0
 10
11.060343808482
 20
22.59456346264888
 30
0.0
 10
11.33262948706552
 20
22.27238210280256
 30
0.0
 10
11.33262948706552
 20
22.27238210280256
 30
0.0
 10
11.33263015993573
 20
22.27238142993235
 30
0.0
 10
11.33263083280595
 20
22.27238042062703
 30
0.0
 10
11.33263150567616
 20
22.27237974775682
 30
0.0
 10
11.33263150567616
 20
22.27237974775682
 30
0.0
 10
11.97709582877079
 20
21.50973350993835
 30
0.0
 10
11.97709582877079
 20
21.50973350993835
 30
0.0
 10
11.99349098435548
 20
21.49033197024661
 30
0.0
 10
11.99378704724874
 20
21.46201759172721
 30
0.0
 10
11.97780166962314
 20
21.44227692544864
 30
0.0
 10
11.97780166962314
 20
21.44227692544864
 30
0.0
 10
11.40812552484776
 20
20.73879549249785
 30
0.0
 10
11.40812552484776
 20
20.73879549249785
 30
0.0
 10
11.40812552484776
 20
20.73879549249785
 30
0.0
 10
11.13801927288078
 20
20.40524767259595
 30
0.0
 10
11.13801927288078
 20
20.40524767259595
 30
0.0
 10
11.13801927288078
 20
20.40524767259595
 30
0.0
 10
10.33575477341704
 20
19.41453308573799
 30
0.0
 10
10.33575477341704
 20
19.41453308573799
 30
0.0
 10
10.32385775519932
 20
19.39984113287733
 30
0.0
 10
10.32070199390521
 20
19.37991811877132
 30
0.0
 10
10.32747645119926
 20
19.36226873311154
 30
0.0
 10
10.32747645119926
 20
19.36226873311154
 30
0.0
 10
10.43750418825942
 20
19.07562047163611
 30
0.0
 10
10.43750418825942
 20
19.07562047163611
 30
0.0
 10
10.44797674023841
 20
19.04833625741123
 30
0.0
 10
10.47858493331039
 20
19.03470794413814
 30
0.0
 10
10.50586914753528
 20
19.04518083255223
 30
0.0
 10
10.51454177169726
 20
19.04850952149081
 30
0.0
 10
10.52218490443495
 20
19.05406271935014
 30
0.0
 10
10.52803080083648
 20
19.06128194385429
 30
0.0
 10
10.52803080083648
 20
19.06128194385429
 30
0.0
 10
12.45610271248418
 20
21.44227625257844
 30
0.0
 10
12.45610271248418
 20
21.44227625257844
 30
0.0
 10
12.47208809010979
 20
21.462016918857
 30
0.0
 10
12.47179202721652
 20
21.4903316338115
 30
0.0
 10
12.45539619876163
 20
21.50973317350324
 30
0.0
  0
SPLINE
  5
E2
330
79
100
AcDbEntity
  8
Layer 1
 62
     1
420
 16711680
370
     0
100
AcDbSpline
210
0.0
220
0.0
230
1.0
 70
     9
 71
     3
 72
    71
 73
    67
 74
     0
 42
0.0000000001
 43
0.0000000001
 40
0.0
 40
0.0
 40
0.0
 40
0.0
 40
1.0
 40
1.0
 40
1.0
 40
2.0
 40
2.0
 40
2.0
 40
3.0
 40
3.0
 40
3.0
 40
4.0
 40
4.0
 40
4.0
 40
5.0
 40
5.0
 40
5.0
 40
6.0
 40
6.0
 40
6.0
 40
7.0
 40
7.0
 40
7.0
 40
8.0
 40
8.0
 40
8.0
 40
9.0
 40
9.0
 40
9.0
 40
10.0
 40
10.0
 40
10.0
 40
11.0
 40
11.0
 40
11.0
 40
12.0
 40
12.0
 40
12.0
 40
13.0
 40
13.0
 40
13.0
 40
14.0
 40
14.0
 40
14.0
 40
15.0
 40
15.0
 40
15.0
 40
16.0
 40
16.0
 40
16.0
 40
17.0
 40
17.0
 40
17.0
 40
18.0
 40
18.0
 40
18.0
 40
19.0
 40
19.0
 40
19.0
 40
20.0
 40
20.0
 40
20.0
 40
21.0
 40
21.0
 40
21.0
 40
22.0
 40
22.0
 40
22.0
 40
22.0
 10
12.82782649673201
 20
21.72132797757835
 30
0.0
 10
12.82782649673201
 20
21.72132797757835
 30
0.0
 10
11.72875558242039
 20
24.58455356407161
 30
0.0
 10
11.72875558242039
 20
24.58455356407161
 30
0.0
 10
11.71828235757119
 20
24.6118377782965
 30
0.0
 10
11.73191067084428
 20
24.64244597136847
 30
0.0
 10
11.75919488506917
 20
24.65291852334746
 30
0.0
 10
11.76786683636094
 20
24.65624721228604
 30
0.0
 10
11.77726212313058
 20
24.6572349857572
 30
0.0
 10
11.78643670847069
 20
24.65578158609937
 30
0.0
 10
11.78643670847069
 20
24.65578158609937
 30
0.0
 10
12.0896623051407
 20
24.6077487460184
 30
0.0
 10
12.0896623051407
 20
24.6077487460184
 30
0.0
 10
12.10833445352267
 20
24.60479080856661
 30
0.0
 10
12.12401098372098
 20
24.5920957662775
 30
0.0
 10
12.13078544101502
 20
24.57444638061772
 30
0.0
 10
12.13078544101502
 20
24.57444638061772
 30
0.0
 10
12.58761519541233
 20
23.38429710015523
 30
0.0
 10
12.58761519541233
 20
23.38429710015523
 30
0.0
 10
12.58761519541233
 20
23.38429642728502
 30
0.0
 10
12.58761586828254
 20
23.38429642728502
 30
0.0
 10
12.58761586828254
 20
23.38429575441481
 30
0.0
 10
12.58761586828254
 20
23.38429575441481
 30
0.0
 10
12.7414366902181
 20
22.98359548735902
 30
0.0
 10
12.7414366902181
 20
22.98359548735902
 30
0.0
 10
12.7414366902181
 20
22.98359548735902
 30
0.0
 10
12.7414366902181
 20
22.9835948144888
 30
0.0
 10
12.7414366902181
 20
22.9835948144888
 30
0.0
 10
12.7414366902181
 20
22.9835948144888
 30
0.0
 10
13.06697668172742
 20
22.13553678700951
 30
0.0
 10
13.06697668172742
 20
22.13553678700951
 30
0.0
 10
13.07555981415122
 20
22.11317730986598
 30
0.0
 10
13.0980908731988
 20
22.09937001311651
 30
0.0
 10
13.12190980583207
 20
22.10187342674011
 30
0.0
 10
13.12190980583207
 20
22.10187342674011
 30
0.0
 10
13.7917467188794
 20
22.17228189284969
 30
0.0
 10
13.7917467188794
 20
22.17228189284969
 30
0.0
 10
13.79174739174961
 20
22.17228189284969
 30
0.0
 10
13.79174739174961
 20
22.1722822292848
 30
0.0
 10
13.79174806461982
 20
22.1722822292848
 30
0.0
 10
13.79174806461982
 20
22.1722822292848
 30
0.0
 10
14.2361061696384
 20
22.21900229958223
 30
0.0
 10
14.2361061696384
 20
22.21900229958223
 30
0.0
 10
14.23610684250861
 20
22.21900229958223
 30
0.0
 10
14.23610818824904
 20
22.21900263601733
 30
0.0
 10
14.23610886111925
 20
22.21900263601733
 30
0.0
 10
14.23610886111925
 20
22.21900263601733
 30
0.0
 10
15.88532619873913
 20
22.39232155452004
 30
0.0
 10
15.88532619873913
 20
22.39232155452004
 30
0.0
 10
15.9041272017667
 20
22.39429743789747
 30
0.0
 10
15.92255442539151
 20
22.38609346783812
 30
0.0
 10
15.93366654050697
 20
22.37079946435531
 30
0.0
 10
15.93366654050697
 20
22.37079946435531
 30
0.0
 10
16.12447672016966
 20
22.10818494932832
 30
0.0
 10
16.12447672016966
 20
22.10818494932832
 30
0.0
 10
16.14165543311617
 20
22.08454163582037
 30
0.0
 10
16.1364147834703
 20
22.05144920592583
 30
0.0
 10
16.11277146996235
 20
22.03427049297931
 30
0.0
 10
16.10525651900005
 20
22.02881048764433
 30
0.0
 10
16.09643653626164
 20
22.02542460473774
 30
0.0
 10
16.08719836468649
 20
22.02445365302188
 30
0.0
 10
16.08719836468649
 20
22.02445365302188
 30
0.0
 10
12.88275962083665
 20
21.68766461730896
 30
0.0
 10
12.88275962083665
 20
21.68766461730896
 30
0.0
 10
12.85894068820338
 20
21.68516120368535
 30
0.0
 10
12.8364096291558
 20
21.69896850043483
 30
0.0
 10
12.82782649673201
 20
21.72132797757835
 30
0.0
  0
SPLINE
  5
E3
330
79
100
AcDbEntity
  8
Layer 1
 62
     1
420
 16711680
370
     0
100
AcDbSpline
210
0.0
220
0.0
230
1.0
 70
     9
 71
     3
 72
    71
 73
    67
 74
     0
 42
0.0000000001
 43
0.0000000001
 40
0.0
 40
0.0
 40
0.0
 40
0.0
 40
1.0
 40
1.0
 40
1.0
 40
2.0
 40
2.0
 40
2.0
 40
3.0
 40
3.0
 40
3.0
 40
4.0
 40
4.0
 40
4.0
 40
5.0
 40
5.0
 40
5.0
 40
6.0
 40
6.0
 40
6.0
 40
7.0
 40
7.0
 40
7.0
 40
8.0
 40
8.0
 40
8.0
 40
9.0
 40
9.0
 40
9.0
 40
10.0
 40
10.0
 40
10.0
 40
11.0
 40
11.0
 40
11.0
 40
12.0
 40
12.0
 40
12.0
 40
13.0
 40
13.0
 40
13.0
 40
14.0
 40
14.0
 40
14.0
 40
15.0
 40
15.0
 40
15.0
 40
16.0
 40
16.0
 40
16.0
 40
17.0
 40
17.0
 40
17.0
 40
18.0
 40
18.0
 40
18.0
 40
19.0
 40
19.0
 40
19.0
 40
20.0
 40
20.0
 40
20.0
 40
21.0
 40
21.0
 40
21.0
 40
22.0
 40
22.0
 40
22.0
 40
22.0
 10
15.21824401633958
 20
25.37628899045856
 30
0.0
 10
15.21824401633958
 20
25.37628899045856
 30
0.0
 10
13.90681559956759
 20
22.43079829185072
 30
0.0
 10
13.90681559956759
 20
22.43079829185072
 30
0.0
 10
13.89492867440306
 20
22.40409981114535
 30
0.0
 10
13.90693604333553
 20
22.37282043003694
 30
0.0
 10
13.9336341876058
 20
22.3609335048724
 30
0.0
 10
13.94211908097865
 20
22.35715567506733
 30
0.0
 10
13.95144842646751
 20
22.35567771564676
 30
0.0
 10
13.96068558873734
 20
22.35664799449241
 30
0.0
 10
13.96068558873734
 20
22.35664799449241
 30
0.0
 10
14.28351324042224
 20
22.39056233535087
 30
0.0
 10
14.28351324042224
 20
22.39056233535087
 30
0.0
 10
14.30231558919023
 20
22.39253754585809
 30
0.0
 10
14.31863605618139
 20
22.40439419186309
 30
0.0
 10
14.3263259533988
 20
22.42166542446375
 30
0.0
 10
14.3263259533988
 20
22.42166542446375
 30
0.0
 10
15.00085243538841
 20
23.93659839031732
 30
0.0
 10
15.00085243538841
 20
23.93659839031732
 30
0.0
 10
15.00085310825862
 20
23.93659973605774
 30
0.0
 10
15.00085344469373
 20
23.93660040892795
 30
0.0
 10
15.00085411756394
 20
23.93660175466838
 30
0.0
 10
15.00085411756394
 20
23.93660175466838
 30
0.0
 10
15.18256877413642
 20
24.34479914162585
 30
0.0
 10
15.18256877413642
 20
24.34479914162585
 30
0.0
 10
15.18256911057152
 20
24.34480048736628
 30
0.0
 10
15.18256978344173
 20
24.34480116023649
 30
0.0
 10
15.18257011987684
 20
24.34480250597691
 30
0.0
 10
15.18257011987684
 20
24.34480250597691
 30
0.0
 10
15.45739487420521
 20
24.96204519177638
 30
0.0
 10
15.45739487420521
 20
24.96204519177638
 30
0.0
 10
15.46671917316748
 20
24.9829869313833
 30
0.0
 10
15.48846701128834
 20
24.99554336240874
 30
0.0
 10
15.51126519981006
 20
24.99314794445415
 30
0.0
 10
15.51126519981006
 20
24.99314794445415
 30
0.0
 10
16.18324924170376
 20
24.92255040181501
 30
0.0
 10
16.18324924170376
 20
24.92255040181501
 30
0.0
 10
16.18325058744419
 20
24.92255040181501
 30
0.0
 10
16.18325193318461
 20
24.9225497289448
 30
0.0
 10
16.18325327892504
 20
24.9225497289448
 30
0.0
 10
16.18325327892504
 20
24.9225497289448
 30
0.0
 10
16.62761104750851
 20
24.87582965864737
 30
0.0
 10
16.62761104750851
 20
24.87582965864737
 30
0.0
 10
16.62761138394361
 20
24.87582965864737
 30
0.0
 10
16.62761205681382
 20
24.87582965864737
 30
0.0
 10
16.62761239324893
 20
24.87582965864737
 30
0.0
 10
16.62761239324893
 20
24.87582965864737
 30
0.0
 10
18.27682939443371
 20
24.70247272297768
 30
0.0
 10
18.27682939443371
 20
24.70247272297768
 30
0.0
 10
18.29563090211393
 20
24.70049650316515
 30
0.0
 10
18.3140586303914
 20
24.70870080965961
 30
0.0
 10
18.32517108194197
 20
24.72399514957752
 30
0.0
 10
18.32517108194197
 20
24.72399514957752
 30
0.0
 10
18.51598159803977
 20
24.98660966460451
 30
0.0
 10
18.51598159803977
 20
24.98660966460451
 30
0.0
 10
18.53316014276873
 20
25.01025297811246
 30
0.0
 10
18.52791957723163
 20
25.043345408007
 30
0.0
 10
18.50427634783246
 20
25.06052378451841
 30
0.0
 10
18.49676148097893
 20
25.0659841262885
 30
0.0
 10
18.48794175056685
 20
25.06937000919509
 30
0.0
 10
18.4787035789917
 20
25.07034096091095
 30
0.0
 10
18.4787035789917
 20
25.07034096091095
 30
0.0
 10
15.27211736986039
 20
25.40739241600654
 30
0.0
 10
15.27211736986039
 20
25.40739241600654
 30
0.0
 10
15.24931817203334
 20
25.40978917970155
 30
0.0
 10
15.22756865173696
 20
25.3972320758059
 30
0.0
 10
15.21824401633958
 20
25.37628899045856
 30
0.0
  0
SPLINE
  5
E4
330
79
100
AcDbEntity
  8
Layer 1
 62
     1
420
 16711680
370
     0
100
AcDbSpline
210
0.0
220
0.0
230
1.0
 70
     9
 71
     3
 72
    68
 73
    64
 74
     0
 42
0.0000000001
 43
0.0000000001
 40
0.0
 40
0.0
 40
0.0
 40
0.0
 40
1.0
 40
1.0
 40
1.0
 40
2.0
 40
2.0
 40
2.0
 40
3.0
 40
3.0
 40
3.0
 40
4.0
 40
4.0
 40
4.0
 40
5.0
 40
5.0
 40
5.0
 40
6.0
 40
6.0
 40
6.0
 40
7.0
 40
7.0
 40
7.0
 40
8.0
 40
8.0
 40
8.0
 40
9.0
 40
9.0
 40
9.0
 40
10.0
 40
10.0
 40
10.0
 40
11.0
 40
11.0
 40
11.0
 40
12.0
 40
12.0
 40
12.0
 40
13.0
 40
13.0
 40
13.0
 40
14.0
 40
14.0
 40
14.0
 40
15.0
 40
15.0
 40
15.0
 40
16.0
 40
16.0
 40
16.0
 40
17.0
 40
17.0
 40
17.0
 40
18.0
 40
18.0
 40
18.0
 40
19.0
 40
19.0
 40
19.0
 40
20.0
 40
20.0
 40
20.0
 40
21.0
 40
21.0
 40
21.0
 40
21.0
 10
15.21964964221237
 20
33.64682475414478
 30
0.0
 10
15.21964964221237
 20
33.64682475414478
 30
0.0
 10
14.4415189786411
 20
30.96843257765644
 30
0.0
 10
14.4415189786411
 20
30.96843257765644
 30
0.0
 10
14.43336614671786
 20
30.94036716111547
 30
0.0
 10
14.44950796666774
 20
30.91100714228668
 30
0.0
 10
14.47757304677361
 20
30.90285464679854
 30
0.0
 10
14.48649261430338
 20
30.90026409648249
 30
0.0
 10
14.49593702059849
 20
30.90006627264017
 30
0.0
 10
14.50495718222496
 20
30.90228136137795
 30
0.0
 10
14.50495718222496
 20
30.90228136137795
 30
0.0
 10
14.77339673467691
 20
30.96821725918861
 30
0.0
 10
14.77339673467691
 20
30.96821725918861
 30
0.0
 10
14.79175633484542
 20
30.97272683534919
 30
0.0
 10
14.80631522762166
 20
30.98668889224742
 30
0.0
 10
14.81158985721324
 20
31.00484293056618
 30
0.0
 10
14.81158985721324
 20
31.00484293056618
 30
0.0
 10
14.99381253079575
 20
31.63207639327286
 30
0.0
 10
14.99381253079575
 20
31.63207639327286
 30
0.0
 10
14.99381253079575
 20
31.63207639327286
 30
0.0
 10
14.99381286723085
 20
31.63207773901329
 30
0.0
 10
14.99381286723085
 20
31.63207773901329
 30
0.0
 10
14.99381286723085
 20
31.63207773901329
 30
0.0
 10
15.10500769767367
 20
32.01486956537769
 30
0.0
 10
15.10500769767367
 20
32.01486956537769
 30
0.0
 10
15.10500803410878
 20
32.01487091111811
 30
0.0
 10
15.10500803410878
 20
32.01487091111811
 30
0.0
 10
15.10500837054388
 20
32.01487225685854
 30
0.0
 10
15.10500837054388
 20
32.01487225685854
 30
0.0
 10
15.45879982720779
 20
33.23261661758383
 30
0.0
 10
15.45879982720779
 20
33.23261661758383
 30
0.0
 10
15.46674306006001
 20
33.2599566800363
 30
0.0
 10
15.49489460398811
 20
33.27611094808511
 30
0.0
 10
15.52250717887643
 20
33.2691750019402
 30
0.0
 10
15.52250717887643
 20
33.2691750019402
 30
0.0
 10
16.77454537925973
 20
32.95467546486876
 30
0.0
 10
16.77454537925973
 20
32.95467546486876
 30
0.0
 10
16.77454571569484
 20
32.95467546486876
 30
0.0
 10
16.77454605212994
 20
32.95467411912833
 30
0.0
 10
16.77454638856505
 20
32.95467411912833
 30
0.0
 10
16.77454638856505
 20
32.95467411912833
 30
0.0
 10
17.15921451351551
 20
32.85805803113301
 30
0.0
 10
17.15921451351551
 20
32.85805803113301
 30
0.0
 10
17.15921451351551
 20
32.85805803113301
 30
0.0
 10
17.75478068543659
 20
32.70846417986901
 30
0.0
 10
17.75478068543659
 20
32.70846417986901
 30
0.0
 10
17.77311623049502
 20
32.70385905613833
 30
0.0
 10
17.79251591979368
 20
32.70938601205939
 30
0.0
 10
17.80567204639553
 20
32.72296184145595
 30
0.0
 10
17.80567204639553
 20
32.72296184145595
 30
0.0
 10
17.99662453810805
 20
32.92000246284632
 30
0.0
 10
17.99662453810805
 20
32.92000246284632
 30
0.0
 10
18.01696304956994
 20
32.94098928475744
 30
0.0
 10
18.01643770615195
 20
32.97449014687064
 30
0.0
 10
17.99545088424083
 20
32.99482832189743
 30
0.0
 10
17.98878004895943
 20
33.00129325889397
 30
0.0
 10
17.98052510898151
 20
33.00588761670125
 30
0.0
 10
17.97151571327844
 20
33.0081511520943
 30
0.0
 10
17.97151571327844
 20
33.0081511520943
 30
0.0
 10
15.28335699388102
 20
33.68338448424156
 30
0.0
 10
15.28335699388102
 20
33.68338448424156
 30
0.0
 10
15.25574374612248
 20
33.69032043038648
 30
0.0
 10
15.22759253862949
 20
33.67416481659725
 30
0.0
 10
15.21964964221237
 20
33.64682475414478
 30
0.0
  0
SPLINE
  5
E5
330
79
100
AcDbEntity
  8
Layer 1
 62
     1
420
 16711680
370
     0
100
AcDbSpline
210
0.0
220
0.0
230
1.0
 70
     9
 71
     3
 72
    71
 73
    67
 74
     0
 42
0.0000000001
 43
0.0000000001
 40
0.0
 40
0.0
 40
0.0
 40
0.0
 40
1.0
 40
1.0
 40
1.0
 40
2.0
 40
2.0
 40
2.0
 40
3.0
 40
3.0
 40
3.0
 40
4.0
 40
4.0
 40
4.0
 40
5.0
 40
5.0
 40
5.0
 40
6.0
 40
6.0
 40
6.0
 40
7.0
 40
7.0
 40
7.0
 40
8.0
 40
8.0
 40
8.0
 40
9.0
 40
9.0
 40
9.0
 40
10.0
 40
10.0
 40
10.0
 40
11.0
 40
11.0
 40
11.0
 40
12.0
 40
12.0
 40
12.0
 40
13.0
 40
13.0
 40
13.0
 40
14.0
 40
14.0
 40
14.0
 40
15.0
 40
15.0
 40
15.0
 40
16.0
 40
16.0
 40
16.0
 40
17.0
 40
17.0
 40
17.0
 40
18.0
 40
18.0
 40
18.0
 40
19.0
 40
19.0
 40
19.0
 40
20.0
 40
20.0
 40
20.0
 40
21.0
 40
21.0
 40
21.0
 40
22.0
 40
22.0
 40
22.0
 40
22.0
 10
17.24504247340243
 20
21.50605122770338
 30
0.0
 10
17.24504247340243
 20
21.50605122770338
 30
0.0
 10
15.34890397270917
 20
24.11586783653952
 30
0.0
 10
15.34890397270917
 20
24.11586783653952
 30
0.0
 10
15.33172593263286
 20
24.13951115004747
 30
0.0
 10
15.29863350273832
 20
24.14475280899866
 30
0.0
 10
15.27498985279526
 20
24.12757443248725
 30
0.0
 10
15.26747422896274
 20
24.12211409071717
 30
0.0
 10
15.26152874776984
 20
24.11477173096423
 30
0.0
 10
15.25775058152966
 20
24.10628481898074
 30
0.0
 10
15.25775058152966
 20
24.10628481898074
 30
0.0
 10
15.12573546455319
 20
23.80973073046235
 30
0.0
 10
15.12573546455319
 20
23.80973073046235
 30
0.0
 10
15.1180472495113
 20
23.7924601707319
 30
0.0
 10
15.1201563611907
 20
23.77239989110265
 30
0.0
 10
15.13126847630616
 20
23.75710622405495
 30
0.0
 10
15.13126847630616
 20
23.75710622405495
 30
0.0
 10
16.10599533049278
 20
22.41552783882533
 30
0.0
 10
16.10599533049278
 20
22.41552783882533
 30
0.0
 10
16.10599600336299
 20
22.41552716595512
 30
0.0
 10
16.1059963397981
 20
22.4155264930849
 30
0.0
 10
16.10599701266831
 20
22.41552582021469
 30
0.0
 10
16.10599701266831
 20
22.41552582021469
 30
0.0
 10
16.36860177107722
 20
22.05404715781422
 30
0.0
 10
16.36860177107722
 20
22.05404715781422
 30
0.0
 10
16.36860210751233
 20
22.054046484944
 30
0.0
 10
16.36860278038254
 20
22.05404581207379
 30
0.0
 10
16.36860311681764
 20
22.05404513920358
 30
0.0
 10
16.36860311681764
 20
22.05404513920358
 30
0.0
 10
16.76674109410628
 20
21.50605223700869
 30
0.0
 10
16.76674109410628
 20
21.50605223700869
 30
0.0
 10
16.77973791868545
 20
21.48816364598856
 30
0.0
 10
16.7802415620391
 20
21.46407993892688
 30
0.0
 10
16.76800474436435
 20
21.44566348122545
 30
0.0
 10
16.76800474436435
 20
21.44566348122545
 30
0.0
 10
16.49793583669413
 20
21.03920781881164
 30
0.0
 10
16.49793583669413
 20
21.03920781881164
 30
0.0
 10
16.49793516382392
 20
21.03920714594143
 30
0.0
 10
16.49793482738881
 20
21.03920613663611
 30
0.0
 10
16.4979341545186
 20
21.0392054637659
 30
0.0
 10
16.4979341545186
 20
21.0392054637659
 30
0.0
 10
16.24336447574584
 20
20.65603077425089
 30
0.0
 10
16.24336447574584
 20
20.65603077425089
 30
0.0
 10
16.24336413931074
 20
20.65603043781579
 30
0.0
 10
16.24336413931074
 20
20.65603010138068
 30
0.0
 10
16.24336380287563
 20
20.65602976494558
 30
0.0
 10
16.24336380287563
 20
20.65602976494558
 30
0.0
 10
15.15792254757753
 20
19.02231064691783
 30
0.0
 10
15.15792254757753
 20
19.02231064691783
 30
0.0
 10
15.14746008865173
 20
19.00656312891215
 30
0.0
 10
15.14619374691281
 20
18.98643001108245
 30
0.0
 10
15.15460126021129
 20
18.96949588645799
 30
0.0
 10
15.15460126021129
 20
18.96949588645799
 30
0.0
 10
15.3048198714671
 20
18.66692322621992
 30
0.0
 10
15.3048198714671
 20
18.66692322621992
 30
0.0
 10
15.31781602317606
 20
18.64074672458148
 30
0.0
 10
15.34957145995943
 20
18.63006179794184
 30
0.0
 10
15.37574779338032
 20
18.64305786554202
 30
0.0
 10
15.38406682424592
 20
18.64718794290305
 30
0.0
 10
15.39115214757789
 20
18.65343478584214
 30
0.0
 10
15.39629186669197
 20
18.6611706905603
 30
0.0
 10
15.39629186669197
 20
18.6611706905603
 30
0.0
 10
17.24630730118336
 20
21.44566381766056
 30
0.0
 10
17.24630730118336
 20
21.44566381766056
 30
0.0
 10
17.25854327777036
 20
21.46408027536198
 30
0.0
 10
17.25803896154649
 20
21.48816330955345
 30
0.0
 10
17.24504247340243
 20
21.50605122770338
 30
0.0
  0
SPLINE
  5
E6
330
79
100
AcDbEntity
  8
Layer 1
 62
     1
420
 16711680
370
     0
100
AcDbSpline
210
0.0
220
0.0
230
1.0
 70
     9
 71
     3
 72
    68
 73
    64
 74
     0
 42
0.0000000001
 43
0.0000000001
 40
0.0
 40
0.0
 40
0.0
 40
0.0
 40
1.0
 40
1.0
 40
1.0
 40
2.0
 40
2.0
 40
2.0
 40
3.0
 40
3.0
 40
3.0
 40
4.0
 40
4.0
 40
4.0
 40
5.0
 40
5.0
 40
5.0
 40
6.0
 40
6.0
 40
6.0
 40
7.0
 40
7.0
 40
7.0
 40
8.0
 40
8.0
 40
8.0
 40
9.0
 40
9.0
 40
9.0
 40
10.0
 40
10.0
 40
10.0
 40
11.0
 40
11.0
 40
11.0
 40
12.0
 40
12.0
 40
12.0
 40
13.0
 40
13.0
 40
13.0
 40
14.0
 40
14.0
 40
14.0
 40
15.0
 40
15.0
 40
15.0
 40
16.0
 40
16.0
 40
16.0
 40
17.0
 40
17.0
 40
17.0
 40
18.0
 40
18.0
 40
18.0
 40
19.0
 40
19.0
 40
19.0
 40
20.0
 40
20.0
 40
20.0
 40
21.0
 40
21.0
 40
21.0
 40
21.0
 10
17.61042664273069
 20
21.71701824387073
 30
0.0
 10
17.61042664273069
 20
21.71701824387073
 30
0.0
 10
16.29832316891855
 20
24.66402559193634
 30
0.0
 10
16.29832316891855
 20
24.66402559193634
 30
0.0
 10
16.28643590731891
 20
24.6907237362066
 30
0.0
 10
16.29844260338117
 20
24.72200345375011
 30
0.0
 10
16.32514108408654
 20
24.73389105178486
 30
0.0
 10
16.33362765963492
 20
24.73766921802504
 30
0.0
 10
16.34295936016953
 20
24.73914751388071
 30
0.0
 10
16.35219820461488
 20
24.73817588929464
 30
0.0
 10
16.35219820461488
 20
24.73817588929464
 30
0.0
 10
16.6750208097732
 20
24.70423362432239
 30
0.0
 10
16.6750208097732
 20
24.70423362432239
 30
0.0
 10
16.69382113993055
 20
24.70225673163964
 30
0.0
 10
16.71013925187596
 20
24.69040075850486
 30
0.0
 10
16.71782881265828
 20
24.67313154451483
 30
0.0
 10
16.71782881265828
 20
24.67313154451483
 30
0.0
 10
17.39235697682341
 20
23.1581952143102
 30
0.0
 10
17.39235697682341
 20
23.1581952143102
 30
0.0
 10
17.39235731325852
 20
23.15819454143999
 30
0.0
 10
17.39235748147607
 20
23.15819386856977
 30
0.0
 10
17.39235781791118
 20
23.15819319569957
 30
0.0
 10
17.39235781791118
 20
23.15819319569957
 30
0.0
 10
17.57407331557142
 20
22.75003147086332
 30
0.0
 10
17.57407331557142
 20
22.75003147086332
 30
0.0
 10
17.57407348378897
 20
22.75003113442821
 30
0.0
 10
17.57407348378897
 20
22.75003113442821
 30
0.0
 10
17.57407365200652
 20
22.75003079799311
 30
0.0
 10
17.57407365200652
 20
22.75003079799311
 30
0.0
 10
17.84957733237876
 20
22.13122705330189
 30
0.0
 10
17.84957733237876
 20
22.13122705330189
 30
0.0
 10
17.8585704109792
 20
22.11102782597387
 30
0.0
 10
17.87917420152216
 20
22.09854944789302
 30
0.0
 10
17.90124131655859
 20
22.0999375791403
 30
0.0
 10
17.90124131655859
 20
22.0999375791403
 30
0.0
 10
18.38829387761397
 20
22.13057436919628
 30
0.0
 10
18.38829387761397
 20
22.13057436919628
 30
0.0
 10
18.38829438226663
 20
22.13057436919628
 30
0.0
 10
18.38829471870174
 20
22.13057436919628
 30
0.0
 10
18.3882952233544
 20
22.13057436919628
 30
0.0
 10
18.3882952233544
 20
22.13057436919628
 30
0.0
 10
18.84738683096922
 20
22.1594637153118
 30
0.0
 10
18.84738683096922
 20
22.1594637153118
 30
0.0
 10
18.84738683096922
 20
22.1594637153118
 30
0.0
 10
20.80494256956471
 20
22.28263025256586
 30
0.0
 10
20.80494256956471
 20
22.28263025256586
 30
0.0
 10
20.82381094372225
 20
22.28381753205487
 30
0.0
 10
20.84187944341531
 20
22.2748481721294
 30
0.0
 10
20.85234148179724
 20
22.25910099055884
 30
0.0
 10
20.85234148179724
 20
22.25910099055884
 30
0.0
 10
21.03928694728874
 20
21.97771306018299
 30
0.0
 10
21.03928694728874
 20
21.97771306018299
 30
0.0
 10
21.05545929872449
 20
21.9533706345248
 30
0.0
 10
21.04883598490181
 20
21.92052683017358
 30
0.0
 10
21.02449347513485
 20
21.90435439462905
 30
0.0
 10
21.0167568134377
 20
21.89921433907986
 30
0.0
 10
21.00780343417977
 20
21.8962012262707
 30
0.0
 10
20.99853330126956
 20
21.89561818423203
 30
0.0
 10
20.99853330126956
 20
21.89561818423203
 30
0.0
 10
17.66209079512807
 20
21.68572944257935
 30
0.0
 10
17.66209079512807
 20
21.68572944257935
 30
0.0
 10
17.64002384830919
 20
21.68434131133207
 30
0.0
 10
17.61941988954868
 20
21.69681935297782
 30
0.0
 10
17.61042664273069
 20
21.71701824387073
 30
0.0
  0
SPLINE
  5
E7
330
79
100
AcDbEntity
  8
Layer 1
 62
     1
420
 16711680
370
     0
100
AcDbSpline
210
0.0
220
0.0
230
1.0
 70
     9
 71
     3
 72
    71
 73
    67
 74
     0
 42
0.0000000001
 43
0.0000000001
 40
0.0
 40
0.0
 40
0.0
 40
0.0
 40
1.0
 40
1.0
 40
1.0
 40
2.0
 40
2.0
 40
2.0
 40
3.0
 40
3.0
 40
3.0
 40
4.0
 40
4.0
 40
4.0
 40
5.0
 40
5.0
 40
5.0
 40
6.0
 40
6.0
 40
6.0
 40
7.0
 40
7.0
 40
7.0
 40
8.0
 40
8.0
 40
8.0
 40
9.0
 40
9.0
 40
9.0
 40
10.0
 40
10.0
 40
10.0
 40
11.0
 40
11.0
 40
11.0
 40
12.0
 40
12.0
 40
12.0
 40
13.0
 40
13.0
 40
13.0
 40
14.0
 40
14.0
 40
14.0
 40
15.0
 40
15.0
 40
15.0
 40
16.0
 40
16.0
 40
16.0
 40
17.0
 40
17.0
 40
17.0
 40
18.0
 40
18.0
 40
18.0
 40
19.0
 40
19.0
 40
19.0
 40
20.0
 40
20.0
 40
20.0
 40
21.0
 40
21.0
 40
21.0
 40
22.0
 40
22.0
 40
22.0
 40
22.0
 10
20.00044530800653
 20
25.37828472350724
 30
0.0
 10
20.00044530800653
 20
25.37828472350724
 30
0.0
 10
18.51410849558721
 20
22.38405601683629
 30
0.0
 10
18.51410849558721
 20
22.38405601683629
 30
0.0
 10
18.50111402605379
 20
22.35787867411009
 30
0.0
 10
18.51180071897773
 20
22.32612391019693
 30
0.0
 10
18.53797797759516
 20
22.3131294406635
 30
0.0
 10
18.54629827009241
 20
22.30899902686737
 30
0.0
 10
18.55555923514599
 20
22.30713181202917
 30
0.0
 10
18.56482995681763
 20
22.30771519050295
 30
0.0
 10
18.56482995681763
 20
22.30771519050295
 30
0.0
 10
18.90195694159451
 20
22.32892977898082
 30
0.0
 10
18.90195694159451
 20
22.32892977898082
 30
0.0
 10
18.92082472699061
 20
22.33011705846982
 30
0.0
 10
18.93762595974822
 20
22.34127997528629
 30
0.0
 10
18.94603179087116
 20
22.35821342704054
 30
0.0
 10
18.94603179087116
 20
22.35821342704054
 30
0.0
 10
19.81814545410799
 20
24.11510009162767
 30
0.0
 10
19.81814545410799
 20
24.11510009162767
 30
0.0
 10
19.81814591670626
 20
24.11510143736809
 30
0.0
 10
19.81814637930453
 20
24.11510211023831
 30
0.0
 10
19.8181468471596
 20
24.11510345597873
 30
0.0
 10
19.8181468471596
 20
24.11510345597873
 30
0.0
 10
20.02270534754904
 20
24.52712812870185
 30
0.0
 10
20.02270534754904
 20
24.52712812870185
 30
0.0
 10
20.02270568398415
 20
24.52712880157207
 30
0.0
 10
20.02270600990566
 20
24.52712947444228
 30
0.0
 10
20.02270634634077
 20
24.52713014731249
 30
0.0
 10
20.02270634634077
 20
24.52713014731249
 30
0.0
 10
20.23959617638575
 20
24.96403957908464
 30
0.0
 10
20.23959617638575
 20
24.96403957908464
 30
0.0
 10
20.24947220789464
 20
24.98393500551195
 30
0.0
 10
20.27072163843318
 20
24.99554470814916
 30
0.0
 10
20.29279909884912
 20
24.99310824511165
 30
0.0
 10
20.29279909884912
 20
24.99310824511165
 30
0.0
 10
20.98929235410479
 20
24.91623686061616
 30
0.0
 10
20.98929235410479
 20
24.91623686061616
 30
0.0
 10
20.98929369984521
 20
24.91623686061616
 30
0.0
 10
20.98929512969442
 20
24.91623618774595
 30
0.0
 10
20.98929647543484
 20
24.91623618774595
 30
0.0
 10
20.98929647543484
 20
24.91623618774595
 30
0.0
 10
21.43170233164218
 20
24.86737369869363
 30
0.0
 10
21.43170233164218
 20
24.86737369869363
 30
0.0
 10
21.43170317272995
 20
24.86737369869363
 30
0.0
 10
21.43170384560016
 20
24.86737302582342
 30
0.0
 10
21.43170468668792
 20
24.86737302582342
 30
0.0
 10
21.43170468668792
 20
24.86737302582342
 30
0.0
 10
23.04210060921106
 20
24.68958389406753
 30
0.0
 10
23.04210060921106
 20
24.68958389406753
 30
0.0
 10
23.06089118275034
 20
24.68750943520405
 30
0.0
 10
23.07936113363361
 20
24.69561684838799
 30
0.0
 10
23.0905536567394
 20
24.71085197572725
 30
0.0
 10
23.0905536567394
 20
24.71085197572725
 30
0.0
 10
23.28172752275165
 20
24.97108991316558
 30
0.0
 10
23.28172752275165
 20
24.97108991316558
 30
0.0
 10
23.29902937094696
 20
24.99464306206513
 30
0.0
 10
23.29396198538066
 20
25.02776240676816
 30
0.0
 10
23.27040917291622
 20
25.04506459139857
 30
0.0
 10
23.26292315537303
 20
25.05056395964094
 30
0.0
 10
23.25412134013035
 20
25.05399559772195
 30
0.0
 10
23.2448885515169
 20
25.05501499609307
 30
0.0
 10
23.2448885515169
 20
25.05501499609307
 30
0.0
 10
20.05365058551563
 20
25.40735338953425
 30
0.0
 10
20.05365058551563
 20
25.40735338953425
 30
0.0
 10
20.03157229452553
 20
25.40979119831219
 30
0.0
 10
20.01032165492333
 20
25.39818082280477
 30
0.0
 10
20.00044530800653
 20
25.37828472350724
 30
0.0
  0
SPLINE
  5
E8
330
79
100
AcDbEntity
  8
Layer 1
 62
     1
420
 16711680
370
     0
100
AcDbSpline
210
0.0
220
0.0
230
1.0
 70
     9
 71
     3
 72
    71
 73
    67
 74
     0
 42
0.0000000001
 43
0.0000000001
 40
0.0
 40
0.0
 40
0.0
 40
0.0
 40
1.0
 40
1.0
 40
1.0
 40
2.0
 40
2.0
 40
2.0
 40
3.0
 40
3.0
 40
3.0
 40
4.0
 40
4.0
 40
4.0
 40
5.0
 40
5.0
 40
5.0
 40
6.0
 40
6.0
 40
6.0
 40
7.0
 40
7.0
 40
7.0
 40
8.0
 40
8.0
 40
8.0
 40
9.0
 40
9.0
 40
9.0
 40
10.0
 40
10.0
 40
10.0
 40
11.0
 40
11.0
 40
11.0
 40
12.0
 40
12.0
 40
12.0
 40
13.0
 40
13.0
 40
13.0
 40
14.0
 40
14.0
 40
14.0
 40
15.0
 40
15.0
 40
15.0
 40
16.0
 40
16.0
 40
16.0
 40
17.0
 40
17.0
 40
17.0
 40
18.0
 40
18.0
 40
18.0
 40
19.0
 40
19.0
 40
19.0
 40
20.0
 40
20.0
 40
20.0
 40
21.0
 40
21.0
 40
21.0
 40
22.0
 40
22.0
 40
22.0
 40
22.0
 10
22.03129849148026
 20
21.50394548037504
 30
0.0
 10
22.03129849148026
 20
21.50394548037504
 30
0.0
 10
20.1793001295014
 20
24.29142303919169
 30
0.0
 10
20.1793001295014
 20
24.29142303919169
 30
0.0
 10
20.16312723135861
 20
24.31576546484987
 30
0.0
 10
20.13028327981702
 20
24.32238785347601
 30
0.0
 10
20.10594108545797
 20
24.30621474506127
 30
0.0
 10
20.09820505457665
 20
24.3010753623823
 30
0.0
 10
20.0919580854744
 20
24.29398936618011
 30
0.0
 10
20.08782792400459
 20
24.28567067174962
 30
0.0
 10
20.08782792400459
 20
24.28567067174962
 30
0.0
 10
19.93760937845876
 20
23.98309843205543
 30
0.0
 10
19.93760937845876
 20
23.98309843205543
 30
0.0
 10
19.92920200709384
 20
23.96616430743096
 30
0.0
 10
19.93046814118922
 20
23.94603068494861
 30
0.0
 10
19.94093079461657
 20
23.93028350337804
 30
0.0
 10
19.94093079461657
 20
23.93028350337804
 30
0.0
 10
21.0263719605491
 20
22.29656404891519
 30
0.0
 10
21.0263719605491
 20
22.29656404891519
 30
0.0
 10
21.02637212876665
 20
22.29656371248008
 30
0.0
 10
21.02637238109298
 20
22.29656371248008
 30
0.0
 10
21.02637254931053
 20
22.29656337604497
 30
0.0
 10
21.02637254931053
 20
22.29656337604497
 30
0.0
 10
21.28094231219207
 20
21.91338868652997
 30
0.0
 10
21.28094231219207
 20
21.91338868652997
 30
0.0
 10
21.28094281684473
 20
21.91338801365976
 30
0.0
 10
21.28094340560616
 20
21.91338700435444
 30
0.0
 10
21.28094391025882
 20
21.91338633148423
 30
0.0
 10
21.28094391025882
 20
21.91338633148423
 30
0.0
 10
21.55299543000858
 20
21.50394682611546
 30
0.0
 10
21.55299543000858
 20
21.50394682611546
 30
0.0
 10
21.56422950284996
 20
21.48703927986437
 30
0.0
 10
21.56480144253013
 20
21.46519555773831
 30
0.0
 10
21.55446767003236
 20
21.44772347337938
 30
0.0
 10
21.55446767003236
 20
21.44772347337938
 30
0.0
 10
21.42535245545189
 20
21.22941880755057
 30
0.0
 10
21.42535245545189
 20
21.22941880755057
 30
0.0
 10
21.42535195079923
 20
21.22941779824525
 30
0.0
 10
21.42535127792902
 20
21.22941678893994
 30
0.0
 10
21.42535077327636
 20
21.22941577963462
 30
0.0
 10
21.42535077327636
 20
21.22941577963462
 30
0.0
 10
21.1833702438431
 20
20.82022220832833
 30
0.0
 10
21.1833702438431
 20
20.82022220832833
 30
0.0
 10
21.18336990740799
 20
20.82022153545811
 30
0.0
 10
21.18336957097289
 20
20.82022119902301
 30
0.0
 10
21.18336923453778
 20
20.8202205261528
 30
0.0
 10
21.18336923453778
 20
20.8202205261528
 30
0.0
 10
19.99479023339167
 20
18.81048740340575
 30
0.0
 10
19.99479023339167
 20
18.81048740340575
 30
0.0
 10
19.9851664073059
 20
18.79421471019964
 30
0.0
 10
19.98495506297776
 20
18.77404391163808
 30
0.0
 10
19.9942358198778
 20
18.7575732263721
 30
0.0
 10
19.9942358198778
 20
18.7575732263721
 30
0.0
 10
20.16761708401109
 20
18.44987060363802
 30
0.0
 10
20.16761708401109
 20
18.44987060363802
 30
0.0
 10
20.18196374931704
 20
18.42440927892613
 30
0.0
 10
20.21423447851962
 20
18.41539912624406
 30
0.0
 10
20.23969578220432
 20
18.42974572846843
 30
0.0
 10
20.24778828710763
 20
18.43430560167735
 30
0.0
 10
20.25453797436699
 20
18.44091537398701
 30
0.0
 10
20.25926635950962
 20
18.44891058606311
 30
0.0
 10
20.25926635950962
 20
18.44891058606311
 30
0.0
 10
22.03277056328648
 20
21.4477248191198
 30
0.0
 10
22.03277056328648
 20
21.4477248191198
 30
0.0
 10
22.04310332647894
 20
21.46519623060852
 30
0.0
 10
22.04253138679877
 20
21.48703860699415
 30
0.0
 10
22.03129849148026
 20
21.50394548037504
 30
0.0
  0
SPLINE
  5
E9
330
79
100
AcDbEntity
  8
Layer 1
 62
     1
420
 16711680
370
     0
100
AcDbSpline
210
0.0
220
0.0
230
1.0
 70
     9
 71
     3
 72
    71
 73
    67
 74
     0
 42
0.0000000001
 43
0.0000000001
 40
0.0
 40
0.0
 40
0.0
 40
0.0
 40
1.0
 40
1.0
 40
1.0
 40
2.0
 40
2.0
 40
2.0
 40
3.0
 40
3.0
 40
3.0
 40
4.0
 40
4.0
 40
4.0
 40
5.0
 40
5.0
 40
5.0
 40
6.0
 40
6.0
 40
6.0
 40
7.0
 40
7.0
 40
7.0
 40
8.0
 40
8.0
 40
8.0
 40
9.0
 40
9.0
 40
9.0
 40
10.0
 40
10.0
 40
10.0
 40
11.0
 40
11.0
 40
11.0
 40
12.0
 40
12.0
 40
12.0
 40
13.0
 40
13.0
 40
13.0
 40
14.0
 40
14.0
 40
14.0
 40
15.0
 40
15.0
 40
15.0
 40
16.0
 40
16.0
 40
16.0
 40
17.0
 40
17.0
 40
17.0
 40
18.0
 40
18.0
 40
18.0
 40
19.0
 40
19.0
 40
19.0
 40
20.0
 40
20.0
 40
20.0
 40
21.0
 40
21.0
 40
21.0
 40
22.0
 40
22.0
 40
22.0
 40
22.0
 10
22.39285520682532
 20
21.71881817168773
 30
0.0
 10
22.39285520682532
 20
21.71881817168773
 30
0.0
 10
21.1030435867004
 20
24.65710444893608
 30
0.0
 10
21.1030435867004
 20
24.65710444893608
 30
0.0
 10
21.09129661853996
 20
24.68386449726585
 30
0.0
 10
21.10346741082516
 20
24.71508096500944
 30
0.0
 10
21.13022771148126
 20
24.72682793316989
 30
0.0
 10
21.13873253863414
 20
24.73056101710586
 30
0.0
 10
21.1480701267831
 20
24.73199019343607
 30
0.0
 10
21.15730215841756
 20
24.73097146793515
 30
0.0
 10
21.15730215841756
 20
24.73097146793515
 30
0.0
 10
21.47824577350897
 20
24.69555157997743
 30
0.0
 10
21.47824577350897
 20
24.69555157997743
 30
0.0
 10
21.49703769278867
 20
24.69347779398416
 30
0.0
 10
21.51329558285012
 20
24.68153569346224
 30
0.0
 10
21.52089481080647
 20
24.66422408864886
 30
0.0
 10
21.52089481080647
 20
24.66422408864886
 30
0.0
 10
22.17211306865368
 20
23.18069330271739
 30
0.0
 10
22.17211306865368
 20
23.18069330271739
 30
0.0
 10
22.17211306865368
 20
23.18069330271739
 30
0.0
 10
22.17211323687124
 20
23.18069330271739
 30
0.0
 10
22.17211323687124
 20
23.18069330271739
 30
0.0
 10
22.17211323687124
 20
23.18069330271739
 30
0.0
 10
22.35103581849918
 20
22.77310486330174
 30
0.0
 10
22.35103581849918
 20
22.77310486330174
 30
0.0
 10
22.35103598671673
 20
22.77310452686663
 30
0.0
 10
22.35103598671673
 20
22.77310452686663
 30
0.0
 10
22.35103615493428
 20
22.77310419043153
 30
0.0
 10
22.35103615493428
 20
22.77310419043153
 30
0.0
 10
22.63200556003829
 20
22.13302731755399
 30
0.0
 10
22.63200556003829
 20
22.13302731755399
 30
0.0
 10
22.64126122623895
 20
22.11194192015682
 30
0.0
 10
22.66309014522034
 20
22.0992630267528
 30
0.0
 10
22.6859912828845
 20
22.1016702199361
 30
0.0
 10
22.6859912828845
 20
22.1016702199361
 30
0.0
 10
23.35776286600877
 20
22.17228189284969
 30
0.0
 10
23.35776286600877
 20
22.17228189284969
 30
0.0
 10
23.35776320244388
 20
22.17228189284969
 30
0.0
 10
23.35776387531409
 20
22.1722822292848
 30
0.0
 10
23.35776421174919
 20
22.1722822292848
 30
0.0
 10
23.35776421174919
 20
22.1722822292848
 30
0.0
 10
23.80212298963799
 20
22.21900229958223
 30
0.0
 10
23.80212298963799
 20
22.21900229958223
 30
0.0
 10
23.8021236625082
 20
22.21900229958223
 30
0.0
 10
23.80212467181352
 20
22.21900263601733
 30
0.0
 10
23.80212534468373
 20
22.21900263601733
 30
0.0
 10
23.80212534468373
 20
22.21900263601733
 30
0.0
 10
25.45134234586851
 20
22.39232155452004
 30
0.0
 10
25.45134234586851
 20
22.39232155452004
 30
0.0
 10
25.47014334889607
 20
22.39429743789747
 30
0.0
 10
25.48857057252089
 20
22.38609346783812
 30
0.0
 10
25.49968268763635
 20
22.37079946435531
 30
0.0
 10
25.49968268763635
 20
22.37079946435531
 30
0.0
 10
25.69049286729903
 20
22.10818494932832
 30
0.0
 10
25.69049286729903
 20
22.10818494932832
 30
0.0
 10
25.70767124381044
 20
22.08454163582037
 30
0.0
 10
25.70243093059968
 20
22.05144920592583
 30
0.0
 10
25.67878761709172
 20
22.03427049297931
 30
0.0
 10
25.67127232969431
 20
22.02881048764433
 30
0.0
 10
25.66245301982612
 20
22.02542460473774
 30
0.0
 10
25.65321451181587
 20
22.02445365302188
 30
0.0
 10
25.65321451181587
 20
22.02445365302188
 30
0.0
 10
22.44684025680132
 20
21.68746107406984
 30
0.0
 10
22.44684025680132
 20
21.68746107406984
 30
0.0
 10
22.42393928735471
 20
21.68505421732165
 30
0.0
 10
22.40211087302598
 20
21.69773311072566
 30
0.0
 10
22.39285520682532
 20
21.71881817168773
 30
0.0
  0
SPLINE
  5
EA
330
79
100
AcDbEntity
  8
Layer 1
 62
     1
420
 16711680
370
     0
100
AcDbSpline
210
0.0
220
0.0
230
1.0
 70
     9
 71
     3
 72
    71
 73
    67
 74
     0
 42
0.0000000001
 43
0.0000000001
 40
0.0
 40
0.0
 40
0.0
 40
0.0
 40
1.0
 40
1.0
 40
1.0
 40
2.0
 40
2.0
 40
2.0
 40
3.0
 40
3.0
 40
3.0
 40
4.0
 40
4.0
 40
4.0
 40
5.0
 40
5.0
 40
5.0
 40
6.0
 40
6.0
 40
6.0
 40
7.0
 40
7.0
 40
7.0
 40
8.0
 40
8.0
 40
8.0
 40
9.0
 40
9.0
 40
9.0
 40
10.0
 40
10.0
 40
10.0
 40
11.0
 40
11.0
 40
11.0
 40
12.0
 40
12.0
 40
12.0
 40
13.0
 40
13.0
 40
13.0
 40
14.0
 40
14.0
 40
14.0
 40
15.0
 40
15.0
 40
15.0
 40
16.0
 40
16.0
 40
16.0
 40
17.0
 40
17.0
 40
17.0
 40
18.0
 40
18.0
 40
18.0
 40
19.0
 40
19.0
 40
19.0
 40
20.0
 40
20.0
 40
20.0
 40
21.0
 40
21.0
 40
21.0
 40
22.0
 40
22.0
 40
22.0
 40
22.0
 10
24.78338240427745
 20
25.37431815360772
 30
0.0
 10
24.78338240427745
 20
25.37431815360772
 30
0.0
 10
23.47283174669696
 20
22.43079829185072
 30
0.0
 10
23.47283174669696
 20
22.43079829185072
 30
0.0
 10
23.46094482153243
 20
22.40409981114535
 30
0.0
 10
23.4729518540298
 20
22.37282043003694
 30
0.0
 10
23.49965033473517
 20
22.3609331684373
 30
0.0
 10
23.50813522810802
 20
22.35715533863223
 30
0.0
 10
23.5174652464671
 20
22.35567737921166
 30
0.0
 10
23.52670240873692
 20
22.35664799449241
 30
0.0
 10
23.52670240873692
 20
22.35664799449241
 30
0.0
 10
23.84952972398672
 20
22.39056233535087
 30
0.0
 10
23.84952972398672
 20
22.39056233535087
 30
0.0
 10
23.86833207275471
 20
22.39253754585809
 30
0.0
 10
23.88465253974587
 20
22.40439419186309
 30
0.0
 10
23.89234243696328
 20
22.42166542446375
 30
0.0
 10
23.89234243696328
 20
22.42166542446375
 30
0.0
 10
24.56686891895289
 20
23.93659839031732
 30
0.0
 10
24.56686891895289
 20
23.93659839031732
 30
0.0
 10
24.5668695918231
 20
23.93659973605774
 30
0.0
 10
24.56686992825821
 20
23.93660040892795
 30
0.0
 10
24.56687060112842
 20
23.93660175466838
 30
0.0
 10
24.56687060112842
 20
23.93660175466838
 30
0.0
 10
24.74858492126579
 20
24.34479914162585
 30
0.0
 10
24.74858492126579
 20
24.34479914162585
 30
0.0
 10
24.74858559413601
 20
24.34480048736628
 30
0.0
 10
24.74858593057111
 20
24.34480116023649
 30
0.0
 10
24.74858660344132
 20
24.34480250597691
 30
0.0
 10
24.74858660344132
 20
24.34480250597691
 30
0.0
 10
25.02253326214308
 20
24.96007300918512
 30
0.0
 10
25.02253326214308
 20
24.96007300918512
 30
0.0
 10
25.03227474063677
 20
24.98195138412709
 30
0.0
 10
25.05549616452182
 20
24.99456029902906
 30
0.0
 10
25.07915091682337
 20
24.99081443055906
 30
0.0
 10
25.07915091682337
 20
24.99081443055906
 30
0.0
 10
25.97636312259187
 20
24.84873855817332
 30
0.0
 10
25.97636312259187
 20
24.84873855817332
 30
0.0
 10
25.9763644683323
 20
24.84873855817332
 30
0.0
 10
25.97636514120251
 20
24.84873855817332
 30
0.0
 10
25.97636648694294
 20
24.84873855817332
 30
0.0
 10
25.97636648694294
 20
24.84873855817332
 30
0.0
 10
26.40029221510505
 20
24.78158543814921
 30
0.0
 10
26.40029221510505
 20
24.78158543814921
 30
0.0
 10
26.40029221510505
 20
24.78158543814921
 30
0.0
 10
26.40029288797526
 20
24.78158543814921
 30
0.0
 10
26.40029288797526
 20
24.78158543814921
 30
0.0
 10
26.40029288797526
 20
24.78158543814921
 30
0.0
 10
27.65942280395754
 20
24.58214939880427
 30
0.0
 10
27.65942280395754
 20
24.58214939880427
 30
0.0
 10
27.67809629807994
 20
24.57919146135248
 30
0.0
 10
27.69692993531278
 20
24.58642145178002
 30
0.0
 10
27.70882695353049
 20
24.60111559146886
 30
0.0
 10
27.70882695353049
 20
24.60111559146886
 30
0.0
 10
27.90203288758287
 20
24.83972815316493
 30
0.0
 10
27.90203288758287
 20
24.83972815316493
 30
0.0
 10
27.92042377621624
 20
24.86244088716973
 30
0.0
 10
27.91692014102255
 20
24.89576276580655
 30
0.0
 10
27.89420673414753
 20
24.91415298156971
 30
0.0
 10
27.88698818251359
 20
24.91999820510103
 30
0.0
 10
27.87835862204517
 20
24.92384029401134
 30
0.0
 10
27.86918470957527
 20
24.92529302079897
 30
0.0
 10
27.86918470957527
 20
24.92529302079897
 30
0.0
 10
24.84000207756838
 20
25.40506024785188
 30
0.0
 10
24.84000207756838
 20
25.40506024785188
 30
0.0
 10
24.81634665239662
 20
25.40880678919208
 30
0.0
 10
24.79312388277114
 20
25.39619787429011
 30
0.0
 10
24.78338240427745
 20
25.37431815360772
 30
0.0
  0
SPLINE
  5
EB
330
79
100
AcDbEntity
  8
Layer 1
 62
     1
420
 16711680
370
     0
100
AcDbSpline
210
0.0
220
0.0
230
1.0
 70
     9
 71
     3
 72
    71
 73
    67
 74
     0
 42
0.0000000001
 43
0.0000000001
 40
0.0
 40
0.0
 40
0.0
 40
0.0
 40
1.0
 40
1.0
 40
1.0
 40
2.0
 40
2.0
 40
2.0
 40
3.0
 40
3.0
 40
3.0
 40
4.0
 40
4.0
 40
4.0
 40
5.0
 40
5.0
 40
5.0
 40
6.0
 40
6.0
 40
6.0
 40
7.0
 40
7.0
 40
7.0
 40
8.0
 40
8.0
 40
8.0
 40
9.0
 40
9.0
 40
9.0
 40
10.0
 40
10.0
 40
10.0
 40
11.0
 40
11.0
 40
11.0
 40
12.0
 40
12.0
 40
12.0
 40
13.0
 40
13.0
 40
13.0
 40
14.0
 40
14.0
 40
14.0
 40
15.0
 40
15.0
 40
15.0
 40
16.0
 40
16.0
 40
16.0
 40
17.0
 40
17.0
 40
17.0
 40
18.0
 40
18.0
 40
18.0
 40
19.0
 40
19.0
 40
19.0
 40
20.0
 40
20.0
 40
20.0
 40
21.0
 40
21.0
 40
21.0
 40
22.0
 40
22.0
 40
22.0
 40
22.0
 10
26.8110586205318
 20
21.50605122770338
 30
0.0
 10
26.8110586205318
 20
21.50605122770338
 30
0.0
 10
24.91492045627365
 20
24.11586783653952
 30
0.0
 10
24.91492045627365
 20
24.11586783653952
 30
0.0
 10
24.89774241619734
 20
24.13951182291768
 30
0.0
 10
24.8646499863028
 20
24.14475280899866
 30
0.0
 10
24.84100633635974
 20
24.12757510535746
 30
0.0
 10
24.83349071252722
 20
24.12211476358738
 30
0.0
 10
24.82754489489921
 20
24.11477173096423
 30
0.0
 10
24.82376672865904
 20
24.10628481898074
 30
0.0
 10
24.82376672865904
 20
24.10628481898074
 30
0.0
 10
24.69175194811767
 20
23.80973073046235
 30
0.0
 10
24.69175194811767
 20
23.80973073046235
 30
0.0
 10
24.68406373307578
 20
23.7924601707319
 30
0.0
 10
24.68617284475517
 20
23.77239989110265
 30
0.0
 10
24.69728462343553
 20
23.75710622405495
 30
0.0
 10
24.69728462343553
 20
23.75710622405495
 30
0.0
 10
25.67201181405726
 20
22.41552783882533
 30
0.0
 10
25.67201181405726
 20
22.41552783882533
 30
0.0
 10
25.67201248692747
 20
22.41552716595512
 30
0.0
 10
25.67201248692747
 20
22.4155264930849
 30
0.0
 10
25.67201315979768
 20
22.41552582021469
 30
0.0
 10
25.67201315979768
 20
22.41552582021469
 30
0.0
 10
25.9346182546417
 20
22.05404715781422
 30
0.0
 10
25.9346182546417
 20
22.05404715781422
 30
0.0
 10
25.93461892751192
 20
22.054046484944
 30
0.0
 10
25.93461892751192
 20
22.05404581207379
 30
0.0
 10
25.93461960038212
 20
22.05404513920358
 30
0.0
 10
25.93461960038212
 20
22.05404513920358
 30
0.0
 10
26.33275757767076
 20
21.50605223700869
 30
0.0
 10
26.33275757767076
 20
21.50605223700869
 30
0.0
 10
26.34575406581482
 20
21.48816364598856
 30
0.0
 10
26.34625804560358
 20
21.46407993892688
 30
0.0
 10
26.33402122792883
 20
21.44566348122545
 30
0.0
 10
26.33402122792883
 20
21.44566348122545
 30
0.0
 10
26.06395198382351
 20
21.03920781881164
 30
0.0
 10
26.06395198382351
 20
21.03920781881164
 30
0.0
 10
26.06395131095329
 20
21.03920714594143
 30
0.0
 10
26.06395131095329
 20
21.03920613663611
 30
0.0
 10
26.06395063808308
 20
21.0392054637659
 30
0.0
 10
26.06395063808308
 20
21.0392054637659
 30
0.0
 10
25.80938095931033
 20
20.65603077425089
 30
0.0
 10
25.80938095931033
 20
20.65603077425089
 30
0.0
 10
25.80938095931033
 20
20.65603043781579
 30
0.0
 10
25.80938028644011
 20
20.65603010138068
 30
0.0
 10
25.80938028644011
 20
20.65602976494558
 30
0.0
 10
25.80938028644011
 20
20.65602976494558
 30
0.0
 10
24.72393903114201
 20
19.02231064691783
 30
0.0
 10
24.72393903114201
 20
19.02231064691783
 30
0.0
 10
24.7134762357811
 20
19.0065632971297
 30
0.0
 10
24.71221023047729
 20
18.98643001108245
 30
0.0
 10
24.72061740734066
 20
18.96949588645799
 30
0.0
 10
24.72061740734066
 20
18.96949588645799
 30
0.0
 10
24.87083601859648
 20
18.66692322621992
 30
0.0
 10
24.87083601859648
 20
18.66692322621992
 30
0.0
 10
24.88383183387032
 20
18.6407466404727
 30
0.0
 10
24.9155872706537
 20
18.63006154561551
 30
0.0
 10
24.94176394050969
 20
18.64305736088936
 30
0.0
 10
24.9500829713753
 20
18.64718752235917
 30
0.0
 10
24.95716863114237
 20
18.65343461762458
 30
0.0
 10
24.96230835025645
 20
18.6611706905603
 30
0.0
 10
24.96230835025645
 20
18.6611706905603
 30
0.0
 10
26.81232361653029
 20
21.44566381766056
 30
0.0
 10
26.81232361653029
 20
21.44566381766056
 30
0.0
 10
26.82455976133484
 20
21.46408027536198
 30
0.0
 10
26.82405510867587
 20
21.48816330955345
 30
0.0
 10
26.8110586205318
 20
21.50605122770338
 30
0.0
  0
SPLINE
  5
EC
330
79
100
AcDbEntity
  8
Layer 1
 62
     1
420
 16711680
370
     0
100
AcDbSpline
210
0.0
220
0.0
230
1.0
 70
     9
 71
     3
 72
    71
 73
    67
 74
     0
 42
0.0000000001
 43
0.0000000001
 40
0.0
 40
0.0
 40
0.0
 40
0.0
 40
1.0
 40
1.0
 40
1.0
 40
2.0
 40
2.0
 40
2.0
 40
3.0
 40
3.0
 40
3.0
 40
4.0
 40
4.0
 40
4.0
 40
5.0
 40
5.0
 40
5.0
 40
6.0
 40
6.0
 40
6.0
 40
7.0
 40
7.0
 40
7.0
 40
8.0
 40
8.0
 40
8.0
 40
9.0
 40
9.0
 40
9.0
 40
10.0
 40
10.0
 40
10.0
 40
11.0
 40
11.0
 40
11.0
 40
12.0
 40
12.0
 40
12.0
 40
13.0
 40
13.0
 40
13.0
 40
14.0
 40
14.0
 40
14.0
 40
15.0
 40
15.0
 40
15.0
 40
16.0
 40
16.0
 40
16.0
 40
17.0
 40
17.0
 40
17.0
 40
18.0
 40
18.0
 40
18.0
 40
19.0
 40
19.0
 40
19.0
 40
20.0
 40
20.0
 40
20.0
 40
21.0
 40
21.0
 40
21.0
 40
22.0
 40
22.0
 40
22.0
 40
22.0
 10
27.17571390320296
 20
21.7242892793812
 30
0.0
 10
27.17571390320296
 20
21.7242892793812
 30
0.0
 10
26.07778013954956
 20
24.58455356407161
 30
0.0
 10
26.07778013954956
 20
24.58455356407161
 30
0.0
 10
26.06730691470035
 20
24.6118377782965
 30
0.0
 10
26.08093522797345
 20
24.64244597136847
 30
0.0
 10
26.10821944219833
 20
24.65291852334746
 30
0.0
 10
26.11689139349011
 20
24.65624721228604
 30
0.0
 10
26.12628668025974
 20
24.6572349857572
 30
0.0
 10
26.13546126559986
 20
24.65578158609937
 30
0.0
 10
26.13546126559986
 20
24.65578158609937
 30
0.0
 10
26.43868686226986
 20
24.6077487460184
 30
0.0
 10
26.43868686226986
 20
24.6077487460184
 30
0.0
 10
26.45735901065183
 20
24.60479080856661
 30
0.0
 10
26.47303554085014
 20
24.5920957662775
 30
0.0
 10
26.47980999814418
 20
24.57444638061772
 30
0.0
 10
26.47980999814418
 20
24.57444638061772
 30
0.0
 10
26.93663975254149
 20
23.38429710015523
 30
0.0
 10
26.93663975254149
 20
23.38429710015523
 30
0.0
 10
26.93663975254149
 20
23.38429642728502
 30
0.0
 10
26.93664042541171
 20
23.38429642728502
 30
0.0
 10
26.93664042541171
 20
23.38429575441481
 30
0.0
 10
26.93664042541171
 20
23.38429575441481
 30
0.0
 10
27.09046124734726
 20
22.98359548735902
 30
0.0
 10
27.09046124734726
 20
22.98359548735902
 30
0.0
 10
27.09046124734726
 20
22.98359548735902
 30
0.0
 10
27.09046124734726
 20
22.9835948144888
 30
0.0
 10
27.09046124734726
 20
22.9835948144888
 30
0.0
 10
27.09046124734726
 20
22.9835948144888
 30
0.0
 10
27.41486408819837
 20
22.13849842524746
 30
0.0
 10
27.41486408819837
 20
22.13849842524746
 30
0.0
 10
27.42396734929601
 20
22.11478378749704
 30
0.0
 10
27.44863678987721
 20
22.10088329822321
 30
0.0
 10
27.47363728260269
 20
22.10538177202529
 30
0.0
 10
27.47363728260269
 20
22.10538177202529
 30
0.0
 10
28.45633462088512
 20
22.28221441877487
 30
0.0
 10
28.45633462088512
 20
22.28221441877487
 30
0.0
 10
28.45633529375533
 20
22.28221441877487
 30
0.0
 10
28.45633596662554
 20
22.28221475520998
 30
0.0
 10
28.45633663949575
 20
22.28221475520998
 30
0.0
 10
28.45633663949575
 20
22.28221475520998
 30
0.0
 10
28.87149957888747
 20
22.3569060402187
 30
0.0
 10
28.87149957888747
 20
22.3569060402187
 30
0.0
 10
28.87150025175769
 20
22.3569060402187
 30
0.0
 10
28.87150092462789
 20
22.3569063766538
 30
0.0
 10
28.87150159749811
 20
22.3569063766538
 30
0.0
 10
28.87150159749811
 20
22.3569063766538
 30
0.0
 10
29.97400885998222
 20
22.55529004698724
 30
0.0
 10
29.97400885998222
 20
22.55529004698724
 30
0.0
 10
29.99261573995363
 20
22.55863824916197
 30
0.0
 10
30.01159606289268
 20
22.55180491572438
 30
0.0
 10
30.02379856418663
 20
22.53736444810544
 30
0.0
 10
30.02379856418663
 20
22.53736444810544
 30
0.0
 10
30.21720905078344
 20
22.30848394472011
 30
0.0
 10
30.21720905078344
 20
22.30848394472011
 30
0.0
 10
30.23607229430561
 20
22.28616147543824
 30
0.0
 10
30.23326777126215
 20
22.25277432839086
 30
0.0
 10
30.21094530198028
 20
22.23391108486869
 30
0.0
 10
30.20385055846534
 20
22.2279158112801
 30
0.0
 10
30.19530308816278
 20
22.22389372958809
 30
0.0
 10
30.18616147346305
 20
22.22224889835495
 30
0.0
 10
30.18616147346305
 20
22.22224889835495
 30
0.0
 10
27.23448642473706
 20
21.69117228972392
 30
0.0
 10
27.23448642473706
 20
21.69117228972392
 30
0.0
 10
27.2094866048818
 20
21.68667415235695
 30
0.0
 10
27.1848171643006
 20
21.70057497806589
 30
0.0
 10
27.17571390320296
 20
21.7242892793812
 30
0.0
  0
SPLINE
  5
ED
330
79
100
AcDbEntity
  8
Layer 1
 62
     1
420
 16711680
370
     0
100
AcDbSpline
210
0.0
220
0.0
230
1.0
 70
     9
 71
     3
 72
    68
 73
    64
 74
     0
 42
0.0000000001
 43
0.0000000001
 40
0.0
 40
0.0
 40
0.0
 40
0.0
 40
1.0
 40
1.0
 40
1.0
 40
2.0
 40
2.0
 40
2.0
 40
3.0
 40
3.0
 40
3.0
 40
4.0
 40
4.0
 40
4.0
 40
5.0
 40
5.0
 40
5.0
 40
6.0
 40
6.0
 40
6.0
 40
7.0
 40
7.0
 40
7.0
 40
8.0
 40
8.0
 40
8.0
 40
9.0
 40
9.0
 40
9.0
 40
10.0
 40
10.0
 40
10.0
 40
11.0
 40
11.0
 40
11.0
 40
12.0
 40
12.0
 40
12.0
 40
13.0
 40
13.0
 40
13.0
 40
14.0
 40
14.0
 40
14.0
 40
15.0
 40
15.0
 40
15.0
 40
16.0
 40
16.0
 40
16.0
 40
17.0
 40
17.0
 40
17.0
 40
18.0
 40
18.0
 40
18.0
 40
19.0
 40
19.0
 40
19.0
 40
20.0
 40
20.0
 40
20.0
 40
21.0
 40
21.0
 40
21.0
 40
21.0
 10
29.56701927505521
 20
25.36728531415228
 30
0.0
 10
29.56701927505521
 20
25.36728531415228
 30
0.0
 10
28.55216210499202
 20
22.54844123753477
 30
0.0
 10
28.55216210499202
 20
22.54844123753477
 30
0.0
 10
28.54226216556341
 20
22.52094405988781
 30
0.0
 10
28.55652768692724
 20
22.49062755605272
 30
0.0
 10
28.58402520100931
 20
22.48072795305921
 30
0.0
 10
28.59276443932229
 20
22.47758161194807
 30
0.0
 10
28.60217789358765
 20
22.47679098944901
 30
0.0
 10
28.61131950828737
 20
22.47843548424706
 30
0.0
 10
28.61131950828737
 20
22.47843548424706
 30
0.0
 10
28.90624928811408
 20
22.53149096402522
 30
0.0
 10
28.90624928811408
 20
22.53149096402522
 30
0.0
 10
28.92485684095571
 20
22.53483815689463
 30
0.0
 10
28.94026489593944
 20
22.54785886836632
 30
0.0
 10
28.9466692746169
 20
22.56564753815998
 30
0.0
 10
28.9466692746169
 20
22.56564753815998
 30
0.0
 10
29.32611559028742
 20
23.61965835298708
 30
0.0
 10
29.32611559028742
 20
23.61965835298708
 30
0.0
 10
29.32611559028742
 20
23.61965835298708
 30
0.0
 10
29.46899352396583
 20
24.01653268001766
 30
0.0
 10
29.46899352396583
 20
24.01653268001766
 30
0.0
 10
29.46899352396583
 20
24.01653335288786
 30
0.0
 10
29.46899419683604
 20
24.01653335288786
 30
0.0
 10
29.46899419683604
 20
24.01653402575808
 30
0.0
 10
29.46899419683604
 20
24.01653402575808
 30
0.0
 10
29.80616946005063
 20
24.95303949685947
 30
0.0
 10
29.80616946005063
 20
24.95303949685947
 30
0.0
 10
29.81523638615683
 20
24.9782230102826
 30
0.0
 10
29.84168085835718
 20
24.99267087947387
 30
0.0
 10
29.86777140082604
 20
24.98669511912142
 30
0.0
 10
29.86777140082604
 20
24.98669511912142
 30
0.0
 10
31.0408425624387
 20
24.71802880940805
 30
0.0
 10
31.0408425624387
 20
24.71802880940805
 30
0.0
 10
31.04084323530891
 20
24.71802880940805
 30
0.0
 10
31.04084390817912
 20
24.71802813653784
 30
0.0
 10
31.04084458104934
 20
24.71802813653784
 30
0.0
 10
31.04084458104934
 20
24.71802813653784
 30
0.0
 10
31.43519228043398
 20
24.62772558974136
 30
0.0
 10
31.43519228043398
 20
24.62772558974136
 30
0.0
 10
31.43519228043398
 20
24.62772558974136
 30
0.0
 10
31.43519362617441
 20
24.62772491687115
 30
0.0
 10
31.43519362617441
 20
24.62772491687115
 30
0.0
 10
31.43519362617441
 20
24.62772491687115
 30
0.0
 10
32.18607506477181
 20
24.45573861782323
 30
0.0
 10
32.18607506477181
 20
24.45573861782323
 30
0.0
 10
32.20450363413706
 20
24.45151770298359
 30
0.0
 10
32.22378405719064
 20
24.45744905390204
 30
0.0
 10
32.23665337286464
 20
24.47129806860466
 30
0.0
 10
32.23665337286464
 20
24.47129806860466
 30
0.0
 10
32.42888970094158
 20
24.678169996662
 30
0.0
 10
32.42888970094158
 20
24.678169996662
 30
0.0
 10
32.44878378162847
 20
24.69957870819603
 30
0.0
 10
32.44755646636185
 20
24.73306140281351
 30
0.0
 10
32.42614708195762
 20
24.7529554835004
 30
0.0
 10
32.41934301837425
 20
24.75927777201201
 30
0.0
 10
32.41099404478422
 20
24.7636985293046
 30
0.0
 10
32.40193990321205
 20
24.76577231529788
 30
0.0
 10
32.40193990321205
 20
24.76577231529788
 30
0.0
 10
29.62862121583063
 20
25.40094160928445
 30
0.0
 10
29.62862121583063
 20
25.40094160928445
 30
0.0
 10
29.60253067336177
 20
25.40691736963689
 30
0.0
 10
29.57608620116142
 20
25.39246950044563
 30
0.0
 10
29.56701927505521
 20
25.36728531415228
 30
0.0
  0
SPLINE
  5
EE
330
79
100
AcDbEntity
  8
Layer 1
 62
     1
420
 16711680
370
     0
100
AcDbSpline
210
0.0
220
0.0
230
1.0
 70
     9
 71
     3
 72
    65
 73
    61
 74
     0
 42
0.0000000001
 43
0.0000000001
 40
0.0
 40
0.0
 40
0.0
 40
0.0
 40
1.0
 40
1.0
 40
1.0
 40
2.0
 40
2.0
 40
2.0
 40
3.0
 40
3.0
 40
3.0
 40
4.0
 40
4.0
 40
4.0
 40
5.0
 40
5.0
 40
5.0
 40
6.0
 40
6.0
 40
6.0
 40
7.0
 40
7.0
 40
7.0
 40
8.0
 40
8.0
 40
8.0
 40
9.0
 40
9.0
 40
9.0
 40
10.0
 40
10.0
 40
10.0
 40
11.0
 40
11.0
 40
11.0
 40
12.0
 40
12.0
 40
12.0
 40
13.0
 40
13.0
 40
13.0
 40
14.0
 40
14.0
 40
14.0
 40
15.0
 40
15.0
 40
15.0
 40
16.0
 40
16.0
 40
16.0
 40
17.0
 40
17.0
 40
17.0
 40
18.0
 40
18.0
 40
18.0
 40
19.0
 40
19.0
 40
19.0
 40
20.0
 40
20.0
 40
20.0
 40
20.0
 10
31.58742916589058
 20
21.50973317350324
 30
0.0
 10
31.58742916589058
 20
21.50973317350324
 30
0.0
 10
29.65166432910951
 20
23.80040340358412
 30
0.0
 10
29.65166432910951
 20
23.80040340358412
 30
0.0
 10
29.63280041271713
 20
23.82272519999578
 30
0.0
 10
29.59941326566974
 20
23.82552905016903
 30
0.0
 10
29.57709146925809
 20
23.80666513377665
 30
0.0
 10
29.56999739861336
 20
23.80067053305827
 30
0.0
 10
29.56460636247511
 20
23.79291435812497
 30
0.0
 10
29.56146002136398
 20
23.78417646555243
 30
0.0
 10
29.56146002136398
 20
23.78417646555243
 30
0.0
 10
29.45994611109578
 20
23.50227479876974
 30
0.0
 10
29.45994611109578
 20
23.50227479876974
 30
0.0
 10
29.45354038667789
 20
23.48448680184629
 30
0.0
 10
29.45711198176299
 20
23.4646324205019
 30
0.0
 10
29.46931515592715
 20
23.45019128001275
 30
0.0
 10
29.46931515592715
 20
23.45019128001275
 30
0.0
 10
30.19237542987053
 20
22.5945651448244
 30
0.0
 10
30.19237542987053
 20
22.5945651448244
 30
0.0
 10
30.19237610274074
 20
22.59456447195419
 30
0.0
 10
30.19237610274074
 20
22.59456413551909
 30
0.0
 10
30.19237677561096
 20
22.59456346264888
 30
0.0
 10
30.19237677561096
 20
22.59456346264888
 30
0.0
 10
30.46466245419448
 20
22.27238210280256
 30
0.0
 10
30.46466245419448
 20
22.27238210280256
 30
0.0
 10
30.46466312706469
 20
22.27238142993235
 30
0.0
 10
30.46466312706469
 20
22.27238042062703
 30
0.0
 10
30.4646637999349
 20
22.27237974775682
 30
0.0
 10
30.4646637999349
 20
22.27237974775682
 30
0.0
 10
31.10912879589975
 20
21.50973350993835
 30
0.0
 10
31.10912879589975
 20
21.50973350993835
 30
0.0
 10
31.12552395148444
 20
21.49033197024661
 30
0.0
 10
31.1258200143777
 20
21.46201759172721
 30
0.0
 10
31.1098346367521
 20
21.44227692544864
 30
0.0
 10
31.1098346367521
 20
21.44227692544864
 30
0.0
 10
30.54015849197671
 20
20.73879549249785
 30
0.0
 10
30.54015849197671
 20
20.73879549249785
 30
0.0
 10
30.54015849197671
 20
20.73879549249785
 30
0.0
 10
30.27005224000973
 20
20.40524767259595
 30
0.0
 10
30.27005224000973
 20
20.40524767259595
 30
0.0
 10
30.27005224000973
 20
20.40524767259595
 30
0.0
 10
29.46778706767578
 20
19.41453308573799
 30
0.0
 10
29.46778706767578
 20
19.41453308573799
 30
0.0
 10
29.45589004945806
 20
19.39984113287733
 30
0.0
 10
29.45273428816396
 20
19.37991811877132
 30
0.0
 10
29.459508745458
 20
19.36226873311154
 30
0.0
 10
29.459508745458
 20
19.36226873311154
 30
0.0
 10
29.56953715538838
 20
19.07562047163611
 30
0.0
 10
29.56953715538838
 20
19.07562047163611
 30
0.0
 10
29.58000970736737
 20
19.04833625741123
 30
0.0
 10
29.61061790043935
 20
19.03470794413814
 30
0.0
 10
29.63790211466423
 20
19.04518083255223
 30
0.0
 10
29.64657473882622
 20
19.04850952149081
 30
0.0
 10
29.65421787156391
 20
19.05406271935014
 30
0.0
 10
29.66006376796544
 20
19.06128194385429
 30
0.0
 10
29.66006376796544
 20
19.06128194385429
 30
0.0
 10
31.58813567961314
 20
21.44227625257844
 30
0.0
 10
31.58813567961314
 20
21.44227625257844
 30
0.0
 10
31.60412173010895
 20
21.462016918857
 30
0.0
 10
31.60382432147527
 20
21.4903316338115
 30
0.0
 10
31.58742916589058
 20
21.50973317350324
 30
0.0
  0
SPLINE
  5
EF
330
79
100
AcDbEntity
  8
Layer 1
 62
     1
420
 16711680
370
     0
100
AcDbSpline
210
0.0
220
0.0
230
1.0
 70
     9
 71
     3
 72
    65
 73
    61
 74
     0
 42
0.0000000001
 43
0.0000000001
 40
0.0
 40
0.0
 40
0.0
 40
0.0
 40
1.0
 40
1.0
 40
1.0
 40
2.0
 40
2.0
 40
2.0
 40
3.0
 40
3.0
 40
3.0
 40
4.0
 40
4.0
 40
4.0
 40
5.0
 40
5.0
 40
5.0
 40
6.0
 40
6.0
 40
6.0
 40
7.0
 40
7.0
 40
7.0
 40
8.0
 40
8.0
 40
8.0
 40
9.0
 40
9.0
 40
9.0
 40
10.0
 40
10.0
 40
10.0
 40
11.0
 40
11.0
 40
11.0
 40
12.0
 40
12.0
 40
12.0
 40
13.0
 40
13.0
 40
13.0
 40
14.0
 40
14.0
 40
14.0
 40
15.0
 40
15.0
 40
15.0
 40
16.0
 40
16.0
 40
16.0
 40
17.0
 40
17.0
 40
17.0
 40
18.0
 40
18.0
 40
18.0
 40
19.0
 40
19.0
 40
19.0
 40
20.0
 40
20.0
 40
20.0
 40
20.0
 10
31.95964481826335
 20
21.73141665710142
 30
0.0
 10
31.95964481826335
 20
21.73141665710142
 30
0.0
 10
31.12404027266706
 20
24.44756795483936
 30
0.0
 10
31.12404027266706
 20
24.44756795483936
 30
0.0
 10
31.11544704719008
 20
24.47550148881879
 30
0.0
 10
31.13112559599903
 20
24.50511181536643
 30
0.0
 10
31.15905845710824
 20
24.51370436797319
 30
0.0
 10
31.16793563381467
 20
24.51643554816355
 30
0.0
 10
31.17737465714808
 20
24.51678207632272
 30
0.0
 10
31.18642812585004
 20
24.51470896319966
 30
0.0
 10
31.18642812585004
 20
24.51470896319966
 30
0.0
 10
31.4616966380832
 20
24.4516812104451
 30
0.0
 10
31.4616966380832
 20
24.4516812104451
 30
0.0
 10
31.48012655318886
 20
24.44746096847567
 30
0.0
 10
31.49490412878399
 20
24.43372903318993
 30
0.0
 10
31.50046338247523
 20
24.41565775790724
 30
0.0
 10
31.50046338247523
 20
24.41565775790724
 30
0.0
 10
31.72695687878362
 20
23.67938904170303
 30
0.0
 10
31.72695687878362
 20
23.67938904170303
 30
0.0
 10
31.72695687878362
 20
23.67938904170303
 30
0.0
 10
31.72695687878362
 20
23.67938836883281
 30
0.0
 10
31.72695687878362
 20
23.67938836883281
 30
0.0
 10
31.72695687878362
 20
23.67938836883281
 30
0.0
 10
31.84591898651823
 20
23.29269187662839
 30
0.0
 10
31.84591898651823
 20
23.29269187662839
 30
0.0
 10
31.84591898651823
 20
23.29269187662839
 30
0.0
 10
32.19879500325876
 20
22.14562580296768
 30
0.0
 10
32.19879500325876
 20
22.14562580296768
 30
0.0
 10
32.20707130686591
 20
22.11872108754235
 30
0.0
 10
32.23496312289219
 20
22.10300485800153
 30
0.0
 10
32.26226415887237
 20
22.10986275120185
 30
0.0
 10
32.26226415887237
 20
22.10986275120185
 30
0.0
 10
33.5150744778239
 20
22.42455708419965
 30
0.0
 10
33.5150744778239
 20
22.42455708419965
 30
0.0
 10
33.5150744778239
 20
22.42455708419965
 30
0.0
 10
33.5150744778239
 20
22.42455708419965
 30
0.0
 10
33.5150744778239
 20
22.42455708419965
 30
0.0
 10
33.5150744778239
 20
22.42455708419965
 30
0.0
 10
33.89974361207968
 20
22.52117384506519
 30
0.0
 10
33.89974361207968
 20
22.52117384506519
 30
0.0
 10
33.89974361207968
 20
22.52117384506519
 30
0.0
 10
34.49530911113054
 20
22.67076702345899
 30
0.0
 10
34.49530911113054
 20
22.67076702345899
 30
0.0
 10
34.51364482440653
 20
22.67537282005987
 30
0.0
 10
34.53304501835784
 20
22.66984687344413
 30
0.0
 10
34.54620097674214
 20
22.65627070761246
 30
0.0
 10
34.54620097674214
 20
22.65627070761246
 30
0.0
 10
34.73715346845466
 20
22.45922941335189
 30
0.0
 10
34.73715346845466
 20
22.45922941335189
 30
0.0
 10
34.75749164348144
 20
22.43824259144077
 30
0.0
 10
34.75696680471612
 20
22.40474172932756
 30
0.0
 10
34.73597863706457
 20
22.38440321786567
 30
0.0
 10
34.72930914752359
 20
22.37793861730423
 30
0.0
 10
34.72105437576323
 20
22.37334392306185
 30
0.0
 10
34.71204464362505
 20
22.37108106053902
 30
0.0
 10
34.71204464362505
 20
22.37108106053902
 30
0.0
 10
32.02311397387695
 20
21.6956539417707
 30
0.0
 10
32.02311397387695
 20
21.6956539417707
 30
0.0
 10
31.99581293789677
 20
21.68879604857037
 30
0.0
 10
31.96792112187049
 20
21.70451194167608
 30
0.0
 10
31.95964481826335
 20
21.73141665710142
 30
0.0
  0
SPLINE
  5
F0
330
79
100
AcDbEntity
  8
Layer 1
 62
     1
420
 16711680
370
     0
100
AcDbSpline
210
0.0
220
0.0
230
1.0
 70
    11
 71
     3
 72
    38
 73
    34
 74
     0
 42
0.0000000001
 43
0.0000000001
 40
0.0
 40
0.0
 40
0.0
 40
0.0
 40
1.0
 40
1.0
 40
1.0
 40
2.0
 40
2.0
 40
2.0
 40
3.0
 40
3.0
 40
3.0
 40
4.0
 40
4.0
 40
4.0
 40
5.0
 40
5.0
 40
5.0
 40
6.0
 40
6.0
 40
6.0
 40
7.0
 40
7.0
 40
7.0
 40
8.0
 40
8.0
 40
8.0
 40
9.0
 40
9.0
 40
9.0
 40
10.0
 40
10.0
 40
10.0
 40
11.0
 40
11.0
 40
11.0
 40
11.0
 10
34.36591482362966
 20
25.41141146978259
 30
0.0
 10
34.36591482362966
 20
25.41141146978259
 30
0.0
 10
33.59260527512711
 20
22.69671559031312
 30
0.0
 10
33.59260527512711
 20
22.69671559031312
 30
0.0
 10
33.58459811960475
 20
22.66860879225411
 30
0.0
 10
33.60089369039807
 20
22.63933288220183
 30
0.0
 10
33.62899947915175
 20
22.63132639954968
 30
0.0
 10
33.6379338498262
 20
22.62878160440803
 30
0.0
 10
33.64737960186173
 20
22.62863290009119
 30
0.0
 10
33.65638798825949
 20
22.63089576261402
 30
0.0
 10
33.65638798825949
 20
22.63089576261402
 30
0.0
 10
33.92253372615885
 20
22.69774306312679
 30
0.0
 10
33.92253372615885
 20
22.69774306312679
 30
0.0
 10
33.94086943943484
 20
22.70234852329257
 30
0.0
 10
33.95535498935798
 20
22.71638661452475
 30
0.0
 10
33.96053474424967
 20
22.7345685769573
 30
0.0
 10
33.96053474424967
 20
22.7345685769573
 30
0.0
 10
34.12875364298081
 20
23.3251013432578
 30
0.0
 10
34.12875364298081
 20
23.3251013432578
 30
0.0
 10
34.12875364298081
 20
23.32510201612801
 30
0.0
 10
34.12875364298081
 20
23.32510201612801
 30
0.0
 10
34.12875364298081
 20
23.32510268899822
 30
0.0
 10
34.12875364298081
 20
23.32510268899822
 30
0.0
 10
34.23742352795323
 20
23.70655550364082
 30
0.0
 10
34.23742352795323
 20
23.70655550364082
 30
0.0
 10
34.23742352795323
 20
23.70655617651102
 30
0.0
 10
34.23742352795323
 20
23.70655617651102
 30
0.0
 10
34.23742352795323
 20
23.70655684938124
 30
0.0
 10
34.23742352795323
 20
23.70655684938124
 30
0.0
 10
34.60506500862507
 20
24.99716497961957
 30
0.0
 10
34.60506500862507
 20
24.99716497961957
 30
0.0
 10
34.60506500862507
 20
24.99716497961957
 30
0.0
 10
34.36591482362966
 20
25.41141146978259
 30
0.0
 10
34.36591482362966
 20
25.41141146978259
 30
0.0
  0
SPLINE
  5
F1
330
79
100
AcDbEntity
  8
Layer 1
 62
     1
420
 16711680
370
     0
100
AcDbSpline
210
0.0
220
0.0
230
1.0
 70
     9
 71
     3
 72
    71
 73
    67
 74
     0
 42
0.0000000001
 43
0.0000000001
 40
0.0
 40
0.0
 40
0.0
 40
0.0
 40
1.0
 40
1.0
 40
1.0
 40
2.0
 40
2.0
 40
2.0
 40
3.0
 40
3.0
 40
3.0
 40
4.0
 40
4.0
 40
4.0
 40
5.0
 40
5.0
 40
5.0
 40
6.0
 40
6.0
 40
6.0
 40
7.0
 40
7.0
 40
7.0
 40
8.0
 40
8.0
 40
8.0
 40
9.0
 40
9.0
 40
9.0
 40
10.0
 40
10.0
 40
10.0
 40
11.0
 40
11.0
 40
11.0
 40
12.0
 40
12.0
 40
12.0
 40
13.0
 40
13.0
 40
13.0
 40
14.0
 40
14.0
 40
14.0
 40
15.0
 40
15.0
 40
15.0
 40
16.0
 40
16.0
 40
16.0
 40
17.0
 40
17.0
 40
17.0
 40
18.0
 40
18.0
 40
18.0
 40
19.0
 40
19.0
 40
19.0
 40
20.0
 40
20.0
 40
20.0
 40
21.0
 40
21.0
 40
21.0
 40
22.0
 40
22.0
 40
22.0
 40
22.0
 10
36.36319412805859
 20
21.51292997988027
 30
0.0
 10
36.36319412805859
 20
21.51292997988027
 30
0.0
 10
34.43436456455222
 20
23.5033695586046
 30
0.0
 10
34.43436456455222
 20
23.5033695586046
 30
0.0
 10
34.41402638952542
 20
23.52435705338594
 30
0.0
 10
34.38052552741222
 20
23.52488323789169
 30
0.0
 10
34.3595387055011
 20
23.5045450628649
 30
0.0
 10
34.3528678702197
 20
23.49808147160878
 30
0.0
 10
34.34801647599145
 20
23.48997540416527
 30
0.0
 10
34.34547168084981
 20
23.48104237923125
 30
0.0
 10
34.34547168084981
 20
23.48104237923125
 30
0.0
 10
34.27028247188423
 20
23.21711576729094
 30
0.0
 10
34.27028247188423
 20
23.21711576729094
 30
0.0
 10
34.26510271699254
 20
23.19893346842328
 30
0.0
 10
34.27001736102071
 20
23.17936976701046
 30
0.0
 10
34.28317331940501
 20
23.16579326474368
 30
0.0
 10
34.28317331940501
 20
23.16579326474368
 30
0.0
 10
34.71047954751202
 20
22.72481734184554
 30
0.0
 10
34.71047954751202
 20
22.72481734184554
 30
0.0
 10
34.71048089325245
 20
22.72481599610511
 30
0.0
 10
34.7104835847333
 20
22.72481431392959
 30
0.0
 10
34.71048493047372
 20
22.72481296818916
 30
0.0
 10
34.71048493047372
 20
22.72481296818916
 30
0.0
 10
34.98651782326767
 20
22.44001762305993
 30
0.0
 10
34.98651782326767
 20
22.44001762305993
 30
0.0
 10
34.98651916900809
 20
22.4400162773195
 30
0.0
 10
34.98651916900809
 20
22.44001526801419
 30
0.0
 10
34.98652051474851
 20
22.44001392227376
 30
0.0
 10
34.98652051474851
 20
22.44001392227376
 30
0.0
 10
35.88489375806776
 20
21.51292997988027
 30
0.0
 10
35.88489375806776
 20
21.51292997988027
 30
0.0
 10
35.9047057485888
 20
21.49248448205468
 30
0.0
 10
35.9047905302355
 20
21.46002791451044
 30
0.0
 10
35.88508485320796
 20
21.43947946754241
 30
0.0
 10
35.88508485320796
 20
21.43947946754241
 30
0.0
 10
35.00737410835767
 20
20.52421112607099
 30
0.0
 10
35.00737410835767
 20
20.52421112607099
 30
0.0
 10
35.00737410835767
 20
20.52421078963588
 30
0.0
 10
35.00737276261725
 20
20.52421011676567
 30
0.0
 10
35.00737276261725
 20
20.52420978033056
 30
0.0
 10
35.00737276261725
 20
20.52420978033056
 30
0.0
 10
34.73149059275077
 20
20.2365046079697
 30
0.0
 10
34.73149059275077
 20
20.2365046079697
 30
0.0
 10
34.73148924701035
 20
20.23650359866438
 30
0.0
 10
34.73148924701035
 20
20.23650258935906
 30
0.0
 10
34.73148790126993
 20
20.23650158005374
 30
0.0
 10
34.73148790126993
 20
20.23650158005374
 30
0.0
 10
34.27938909733293
 20
19.76510199873925
 30
0.0
 10
34.27938909733293
 20
19.76510199873925
 30
0.0
 10
34.26630177171026
 20
19.7514563590582
 30
0.0
 10
34.26148940395429
 20
19.73186473353158
 30
0.0
 10
34.26676470641608
 20
19.71370834016708
 30
0.0
 10
34.26676470641608
 20
19.71370834016708
 30
0.0
 10
34.34389851029424
 20
19.44826406946369
 30
0.0
 10
34.34389851029424
 20
19.44826406946369
 30
0.0
 10
34.35205369726322
 20
19.42019983044559
 30
0.0
 10
34.38141506183244
 20
19.40405986088879
 30
0.0
 10
34.40947913263298
 20
19.41221437498757
 30
0.0
 10
34.41839870016276
 20
19.41480610282649
 30
0.0
 10
34.42647852566801
 20
19.41970005609565
 30
0.0
 10
34.43290712767311
 20
19.42640403023499
 30
0.0
 10
34.43290712767311
 20
19.42640403023499
 30
0.0
 10
36.36338522319879
 20
21.4394791311073
 30
0.0
 10
36.36338522319879
 20
21.4394791311073
 30
0.0
 10
36.38309090022633
 20
21.46002757807533
 30
0.0
 10
36.38300611857963
 20
21.49248414561957
 30
0.0
 10
36.36319412805859
 20
21.51292997988027
 30
0.0
  0
SPLINE
  5
F2
330
79
100
AcDbEntity
  8
Layer 1
 62
     1
420
 16711680
370
     0
100
AcDbSpline
210
0.0
220
0.0
230
1.0
 70
     9
 71
     3
 72
    65
 73
    61
 74
     0
 42
0.0000000001
 43
0.0000000001
 40
0.0
 40
0.0
 40
0.0
 40
0.0
 40
1.0
 40
1.0
 40
1.0
 40
2.0
 40
2.0
 40
2.0
 40
3.0
 40
3.0
 40
3.0
 40
4.0
 40
4.0
 40
4.0
 40
5.0
 40
5.0
 40
5.0
 40
6.0
 40
6.0
 40
6.0
 40
7.0
 40
7.0
 40
7.0
 40
8.0
 40
8.0
 40
8.0
 40
9.0
 40
9.0
 40
9.0
 40
10.0
 40
10.0
 40
10.0
 40
11.0
 40
11.0
 40
11.0
 40
12.0
 40
12.0
 40
12.0
 40
13.0
 40
13.0
 40
13.0
 40
14.0
 40
14.0
 40
14.0
 40
15.0
 40
15.0
 40
15.0
 40
16.0
 40
16.0
 40
16.0
 40
17.0
 40
17.0
 40
17.0
 40
18.0
 40
18.0
 40
18.0
 40
19.0
 40
19.0
 40
19.0
 40
20.0
 40
20.0
 40
20.0
 40
20.0
 10
3.262949518871491
 20
21.21915753681814
 30
0.0
 10
3.262949518871491
 20
21.21915753681814
 30
0.0
 10
2.559481206889833
 20
18.59377230934393
 30
0.0
 10
2.559481206889833
 20
18.59377230934393
 30
0.0
 10
2.551916799966947
 20
18.56554304890635
 30
0.0
 10
2.568669922504398
 20
18.53652695086465
 30
0.0
 10
2.596899519377088
 20
18.52896304859442
 30
0.0
 10
2.605870225042977
 20
18.52655921976218
 30
0.0
 10
2.615315977078511
 20
18.52655896743586
 30
0.0
 10
2.624288028484824
 20
18.52896237572421
 30
0.0
 10
2.624288028484824
 20
18.52896237572421
 30
0.0
 10
2.88345475654571
 20
18.59839442304746
 30
0.0
 10
2.88345475654571
 20
18.59839442304746
 30
0.0
 10
2.901717799838806
 20
18.60328644181475
 30
0.0
 10
2.915982648332419
 20
18.61755028100305
 30
0.0
 10
2.920875760513813
 20
18.63581223088205
 30
0.0
 10
2.920875760513813
 20
18.63581223088205
 30
0.0
 10
3.049416848585925
 20
19.11551780620179
 30
0.0
 10
3.049416848585925
 20
19.11551780620179
 30
0.0
 10
3.049416848585925
 20
19.115518479072
 30
0.0
 10
3.049416848585925
 20
19.11551932015977
 30
0.0
 10
3.049416848585925
 20
19.11551999302998
 30
0.0
 10
3.049416848585925
 20
19.11551999302998
 30
0.0
 10
3.150510214971649
 20
19.49272464158935
 30
0.0
 10
3.150510214971649
 20
19.49272464158935
 30
0.0
 10
3.150510214971649
 20
19.49272565089466
 30
0.0
 10
3.150511560712073
 20
19.49272666019998
 30
0.0
 10
3.150511560712073
 20
19.4927276695053
 30
0.0
 10
3.150511560712073
 20
19.4927276695053
 30
0.0
 10
3.502099703866906
 20
20.80491104665511
 30
0.0
 10
3.502099703866906
 20
20.80491104665511
 30
0.0
 10
3.509552414334607
 20
20.83272312756128
 30
0.0
 10
3.537873521556124
 20
20.84947254931257
 30
0.0
 10
3.565835316084452
 20
20.84260456305906
 30
0.0
 10
3.565835316084452
 20
20.84260456305906
 30
0.0
 10
4.796553960236815
 20
20.54031963894538
 30
0.0
 10
4.796553960236815
 20
20.54031963894538
 30
0.0
 10
4.796553960236815
 20
20.54031963894538
 30
0.0
 10
5.183672342064135
 20
20.44523332137696
 30
0.0
 10
5.183672342064135
 20
20.44523332137696
 30
0.0
 10
5.183672342064135
 20
20.44523332137696
 30
0.0
 10
5.817961521813467
 20
20.28943930754482
 30
0.0
 10
5.817961521813467
 20
20.28943930754482
 30
0.0
 10
5.836320112676662
 20
20.28493006781935
 30
0.0
 10
5.855690700338649
 20
20.290557281402
 30
0.0
 10
5.868775334480479
 20
20.30420107068996
 30
0.0
 10
5.868775334480479
 20
20.30420107068996
 30
0.0
 10
6.060108670732965
 20
20.50370708853695
 30
0.0
 10
6.060108670732965
 20
20.50370708853695
 30
0.0
 10
6.080337840785417
 20
20.52479988750646
 30
0.0
 10
6.079636710024551
 20
20.55829738526861
 30
0.0
 10
6.058544920360364
 20
20.57852621888595
 30
0.0
 10
6.051840441568366
 20
20.58495616663147
 30
0.0
 10
6.043561446480374
 20
20.58950779718029
 30
0.0
 10
6.034539602678377
 20
20.59172355878828
 30
0.0
 10
6.034539602678377
 20
20.59172355878828
 30
0.0
 10
3.326685131089037
 20
21.25685071678698
 30
0.0
 10
3.326685131089037
 20
21.25685071678698
 30
0.0
 10
3.298723336560708
 20
21.26371870304049
 30
0.0
 10
3.270402229339192
 20
21.2469692812892
 30
0.0
 10
3.262949518871491
 20
21.21915753681814
 30
0.0
  0
SPLINE
  5
F3
330
79
100
AcDbEntity
  8
Layer 1
 62
     1
420
 16711680
370
     0
100
AcDbSpline
210
0.0
220
0.0
230
1.0
 70
    11
 71
     3
 72
    38
 73
    34
 74
     0
 42
0.0000000001
 43
0.0000000001
 40
0.0
 40
0.0
 40
0.0
 40
0.0
 40
1.0
 40
1.0
 40
1.0
 40
2.0
 40
2.0
 40
2.0
 40
3.0
 40
3.0
 40
3.0
 40
4.0
 40
4.0
 40
4.0
 40
5.0
 40
5.0
 40
5.0
 40
6.0
 40
6.0
 40
6.0
 40
7.0
 40
7.0
 40
7.0
 40
8.0
 40
8.0
 40
8.0
 40
9.0
 40
9.0
 40
9.0
 40
10.0
 40
10.0
 40
10.0
 40
11.0
 40
11.0
 40
11.0
 40
11.0
 10
0.8848566265013337
 20
17.5412205084355
 30
0.0
 10
0.8848566265013337
 20
17.5412205084355
 30
0.0
 10
3.560285482576182
 20
18.25809771491957
 30
0.0
 10
3.560285482576182
 20
18.25809771491957
 30
0.0
 10
3.588515079448872
 20
18.26566195362491
 30
0.0
 10
3.6052668562459
 20
18.29467830399293
 30
0.0
 10
3.597702449323013
 20
18.32290748032174
 30
0.0
 10
3.595297611185458
 20
18.33188087746848
 30
0.0
 10
3.590574062297479
 20
18.3400631474635
 30
0.0
 10
3.584004157547874
 20
18.3466316223639
 30
0.0
 10
3.584004157547874
 20
18.3466316223639
 30
0.0
 10
3.394273598140282
 20
18.53633661270344
 30
0.0
 10
3.394273598140282
 20
18.53633661270344
 30
0.0
 10
3.380906358509428
 20
18.54970225426754
 30
0.0
 10
3.361424074392255
 20
18.55492229726317
 30
0.0
 10
3.343165068320431
 20
18.55003069903975
 30
0.0
 10
3.343165068320431
 20
18.55003069903975
 30
0.0
 10
2.863457053846174
 20
18.42152434789234
 30
0.0
 10
2.863457053846174
 20
18.42152434789234
 30
0.0
 10
2.863454362365327
 20
18.42152384323967
 30
0.0
 10
2.863453016624903
 20
18.42152333858702
 30
0.0
 10
2.863450325144055
 20
18.42152283393436
 30
0.0
 10
2.863450325144055
 20
18.42152283393436
 30
0.0
 10
2.486247358760219
 20
18.3204303086364
 30
0.0
 10
2.486247358760219
 20
18.3204303086364
 30
0.0
 10
2.486246013019795
 20
18.32043005631007
 30
0.0
 10
2.486246013019795
 20
18.32042980398374
 30
0.0
 10
2.486244667279372
 20
18.32042955165741
 30
0.0
 10
2.486244667279372
 20
18.32042955165741
 30
0.0
 10
1.124006811496748
 20
17.95542900245874
 30
0.0
 10
1.124006811496748
 20
17.95542900245874
 30
0.0
 10
1.124006811496748
 20
17.95542900245874
 30
0.0
 10
0.8848566265013337
 20
17.5412205084355
 30
0.0
 10
0.8848566265013337
 20
17.5412205084355
 30
0.0
  0
SPLINE
  5
F4
330
79
100
AcDbEntity
  8
Layer 1
 62
     1
420
 16711680
370
     0
100
AcDbSpline
210
0.0
220
0.0
230
1.0
 70
     9
 71
     3
 72
    59
 73
    55
 74
     0
 42
0.0000000001
 43
0.0000000001
 40
0.0
 40
0.0
 40
0.0
 40
0.0
 40
1.0
 40
1.0
 40
1.0
 40
2.0
 40
2.0
 40
2.0
 40
3.0
 40
3.0
 40
3.0
 40
4.0
 40
4.0
 40
4.0
 40
5.0
 40
5.0
 40
5.0
 40
6.0
 40
6.0
 40
6.0
 40
7.0
 40
7.0
 40
7.0
 40
8.0
 40
8.0
 40
8.0
 40
9.0
 40
9.0
 40
9.0
 40
10.0
 40
10.0
 40
10.0
 40
11.0
 40
11.0
 40
11.0
 40
12.0
 40
12.0
 40
12.0
 40
13.0
 40
13.0
 40
13.0
 40
14.0
 40
14.0
 40
14.0
 40
15.0
 40
15.0
 40
15.0
 40
16.0
 40
16.0
 40
16.0
 40
17.0
 40
17.0
 40
17.0
 40
18.0
 40
18.0
 40
18.0
 40
18.0
 10
5.271721446520746
 20
17.37151485040304
 30
0.0
 10
5.271721446520746
 20
17.37151485040304
 30
0.0
 10
3.350588172498806
 20
19.29264819802017
 30
0.0
 10
3.350588172498806
 20
19.29264819802017
 30
0.0
 10
3.329922982549002
 20
19.31331338796997
 30
0.0
 10
3.296418083214524
 20
19.31331338796997
 30
0.0
 10
3.27575289326472
 20
19.29264819802017
 30
0.0
 10
3.269184334255539
 20
19.28607913435833
 30
0.0
 10
3.264459439627136
 20
19.27789635971064
 30
0.0
 10
3.262055947230004
 20
19.26892279434635
 30
0.0
 10
3.262055947230004
 20
19.26892279434635
 30
0.0
 10
3.192623815797981
 20
19.00972595534348
 30
0.0
 10
3.192623815797981
 20
19.00972595534348
 30
0.0
 10
3.187732049357011
 20
18.99146560353123
 30
0.0
 10
3.192953522201843
 20
18.9719828147614
 30
0.0
 10
3.206320761832697
 20
18.9586157433481
 30
0.0
 10
3.206320761832697
 20
18.9586157433481
 30
0.0
 10
3.557448661762547
 20
18.60748691822171
 30
0.0
 10
3.557448661762547
 20
18.60748691822171
 30
0.0
 10
3.557448661762547
 20
18.60748691822171
 30
0.0
 10
3.833601325454224
 20
18.33133517972657
 30
0.0
 10
3.833601325454224
 20
18.33133517972657
 30
0.0
 10
3.833601325454224
 20
18.33133517972657
 30
0.0
 10
4.793421076529916
 20
17.37151485040304
 30
0.0
 10
4.793421076529916
 20
17.37151485040304
 30
0.0
 10
4.814086266479719
 20
17.35084960657105
 30
0.0
 10
4.814086266479719
 20
17.317344624442
 30
0.0
 10
4.793421076529916
 20
17.29667938192421
 30
0.0
 10
4.793421076529916
 20
17.29667938192421
 30
0.0
 10
3.833601325454224
 20
16.33685905260068
 30
0.0
 10
3.833601325454224
 20
16.33685905260068
 30
0.0
 10
3.833601325454224
 20
16.33685905260068
 30
0.0
 10
3.557448661762547
 20
16.06070731410555
 30
0.0
 10
3.557448661762547
 20
16.06070731410555
 30
0.0
 10
3.557448661762547
 20
16.06070731410555
 30
0.0
 10
3.206320761832697
 20
15.70957848897915
 30
0.0
 10
3.206320761832697
 20
15.70957848897915
 30
0.0
 10
3.192953522201843
 20
15.69621141756585
 30
0.0
 10
3.187732049357011
 20
15.67672862879602
 30
0.0
 10
3.192623815797981
 20
15.65846827698377
 30
0.0
 10
3.192623815797981
 20
15.65846827698377
 30
0.0
 10
3.262055947230004
 20
15.3992714379809
 30
0.0
 10
3.262055947230004
 20
15.3992714379809
 30
0.0
 10
3.269617662672043
 20
15.37104167289066
 30
0.0
 10
3.298633171952305
 20
15.35428720461278
 30
0.0
 10
3.326862768824995
 20
15.36184925648993
 30
0.0
 10
3.335836165971732
 20
15.36425308532217
 30
0.0
 10
3.344019613489624
 20
15.36897697064525
 30
0.0
 10
3.350588172498806
 20
15.37554603430709
 30
0.0
 10
3.350588172498806
 20
15.37554603430709
 30
0.0
 10
5.271721446520746
 20
17.29667938192421
 30
0.0
 10
5.271721446520746
 20
17.29667938192421
 30
0.0
 10
5.29238663647055
 20
17.3173446257562
 30
0.0
 10
5.29238663647055
 20
17.35084960788526
 30
0.0
 10
5.271721446520746
 20
17.37151485040304
 30
0.0
  0
SPLINE
  5
F5
330
79
100
AcDbEntity
  8
Layer 1
 62
     1
420
 16711680
370
     0
100
AcDbSpline
210
0.0
220
0.0
230
1.0
 70
     9
 71
     3
 72
    71
 73
    67
 74
     0
 42
0.0000000001
 43
0.0000000001
 40
0.0
 40
0.0
 40
0.0
 40
0.0
 40
1.0
 40
1.0
 40
1.0
 40
2.0
 40
2.0
 40
2.0
 40
3.0
 40
3.0
 40
3.0
 40
4.0
 40
4.0
 40
4.0
 40
5.0
 40
5.0
 40
5.0
 40
6.0
 40
6.0
 40
6.0
 40
7.0
 40
7.0
 40
7.0
 40
8.0
 40
8.0
 40
8.0
 40
9.0
 40
9.0
 40
9.0
 40
10.0
 40
10.0
 40
10.0
 40
11.0
 40
11.0
 40
11.0
 40
12.0
 40
12.0
 40
12.0
 40
13.0
 40
13.0
 40
13.0
 40
14.0
 40
14.0
 40
14.0
 40
15.0
 40
15.0
 40
15.0
 40
16.0
 40
16.0
 40
16.0
 40
17.0
 40
17.0
 40
17.0
 40
18.0
 40
18.0
 40
18.0
 40
19.0
 40
19.0
 40
19.0
 40
20.0
 40
20.0
 40
20.0
 40
21.0
 40
21.0
 40
21.0
 40
22.0
 40
22.0
 40
22.0
 40
22.0
 10
5.654361204217241
 20
17.58770318171127
 30
0.0
 10
5.654361204217241
 20
17.58770318171127
 30
0.0
 10
4.875503167946841
 20
20.2685988349048
 30
0.0
 10
4.875503167946841
 20
20.2685988349048
 30
0.0
 10
4.867349326718275
 20
20.29666357857556
 30
0.0
 10
4.883491483103264
 20
20.32602393383945
 30
0.0
 10
4.911555553903811
 20
20.33417743863291
 30
0.0
 10
4.92047512143359
 20
20.33676899825429
 30
0.0
 10
4.929920873469125
 20
20.3369668220966
 30
0.0
 10
4.9389413715307
 20
20.33475106048861
 30
0.0
 10
4.9389413715307
 20
20.33475106048861
 30
0.0
 10
5.207380251112434
 20
20.26881549911305
 30
0.0
 10
5.207380251112434
 20
20.26881549911305
 30
0.0
 10
5.225740187716053
 20
20.26430592295247
 30
0.0
 10
5.240299753362505
 20
20.25034420248935
 30
0.0
 10
5.24557371008387
 20
20.23218915486527
 30
0.0
 10
5.24557371008387
 20
20.23218915486527
 30
0.0
 10
5.42779638366638
 20
19.60495535572348
 30
0.0
 10
5.42779638366638
 20
19.60495535572348
 30
0.0
 10
5.42779638366638
 20
19.60495485107082
 30
0.0
 10
5.42779638366638
 20
19.60495434641816
 30
0.0
 10
5.42779638366638
 20
19.6049538417655
 30
0.0
 10
5.42779638366638
 20
19.6049538417655
 30
0.0
 10
5.53899087767409
 20
19.2221620154011
 30
0.0
 10
5.53899087767409
 20
19.2221620154011
 30
0.0
 10
5.53899087767409
 20
19.22216134253089
 30
0.0
 10
5.538992223414513
 20
19.22216050144313
 30
0.0
 10
5.538992223414513
 20
19.22215982857292
 30
0.0
 10
5.538992223414513
 20
19.22215982857292
 30
0.0
 10
5.893511389212657
 20
18.00191049821165
 30
0.0
 10
5.893511389212657
 20
18.00191049821165
 30
0.0
 10
5.901156540560979
 20
17.97559677310436
 30
0.0
 10
5.92762456321875
 20
17.95947198518171
 30
0.0
 10
5.95451380262921
 20
17.96474707737156
 30
0.0
 10
5.95451380262921
 20
17.96474707737156
 30
0.0
 10
6.998115315277245
 20
18.16947810063199
 30
0.0
 10
6.998115315277245
 20
18.16947810063199
 30
0.0
 10
6.998115315277245
 20
18.16947818474077
 30
0.0
 10
6.998115315277245
 20
18.16947818474077
 30
0.0
 10
6.998115315277245
 20
18.16947826884955
 30
0.0
 10
6.998115315277245
 20
18.16947826884955
 30
0.0
 10
7.406507161725983
 20
18.24960306492865
 30
0.0
 10
7.406507161725983
 20
18.24960306492865
 30
0.0
 10
7.406507161725983
 20
18.24960314903742
 30
0.0
 10
7.406508507466407
 20
18.24960314903742
 30
0.0
 10
7.406508507466407
 20
18.2496032331462
 30
0.0
 10
7.406508507466407
 20
18.2496032331462
 30
0.0
 10
8.391597226482151
 20
18.44288528564131
 30
0.0
 10
8.391597226482151
 20
18.44288528564131
 30
0.0
 10
8.410148258225968
 20
18.44652534527048
 30
0.0
 10
8.429233548918082
 20
18.43999160729476
 30
0.0
 10
8.441661461733037
 20
18.42574534684075
 30
0.0
 10
8.441661461733037
 20
18.42574534684075
 30
0.0
 10
8.634911805219404
 20
18.20422284744079
 30
0.0
 10
8.634911805219404
 20
18.20422284744079
 30
0.0
 10
8.654123595511368
 20
18.18220014183835
 30
0.0
 10
8.651845256973663
 20
18.14877270668702
 30
0.0
 10
8.62982288780633
 20
18.12956057995996
 30
0.0
 10
8.62282301899128
 20
18.12345419867762
 30
0.0
 10
8.614339471358853
 20
18.1192979634871
 30
0.0
 10
8.605224098597393
 20
18.11750955857248
 30
0.0
 10
8.605224098597393
 20
18.11750955857248
 30
0.0
 10
5.715363617633794
 20
17.55053948751766
 30
0.0
 10
5.715363617633794
 20
17.55053948751766
 30
0.0
 10
5.688474378223335
 20
17.5452644373822
 30
0.0
 10
5.662006355565564
 20
17.56138935146801
 30
0.0
 10
5.654361204217241
 20
17.58770318171127
 30
0.0
  0
SPLINE
  5
F6
330
79
100
AcDbEntity
  8
Layer 1
 62
     1
420
 16711680
370
     0
100
AcDbSpline
210
0.0
220
0.0
230
1.0
 70
     9
 71
     3
 72
    71
 73
    67
 74
     0
 42
0.0000000001
 43
0.0000000001
 40
0.0
 40
0.0
 40
0.0
 40
0.0
 40
1.0
 40
1.0
 40
1.0
 40
2.0
 40
2.0
 40
2.0
 40
3.0
 40
3.0
 40
3.0
 40
4.0
 40
4.0
 40
4.0
 40
5.0
 40
5.0
 40
5.0
 40
6.0
 40
6.0
 40
6.0
 40
7.0
 40
7.0
 40
7.0
 40
8.0
 40
8.0
 40
8.0
 40
9.0
 40
9.0
 40
9.0
 40
10.0
 40
10.0
 40
10.0
 40
11.0
 40
11.0
 40
11.0
 40
12.0
 40
12.0
 40
12.0
 40
13.0
 40
13.0
 40
13.0
 40
14.0
 40
14.0
 40
14.0
 40
15.0
 40
15.0
 40
15.0
 40
16.0
 40
16.0
 40
16.0
 40
17.0
 40
17.0
 40
17.0
 40
18.0
 40
18.0
 40
18.0
 40
19.0
 40
19.0
 40
19.0
 40
20.0
 40
20.0
 40
20.0
 40
21.0
 40
21.0
 40
21.0
 40
22.0
 40
22.0
 40
22.0
 40
22.0
 10
17.61162838892926
 20
30.01611532944414
 30
0.0
 10
17.61162838892926
 20
30.01611532944414
 30
0.0
 10
16.85207718586826
 20
32.68251561301486
 30
0.0
 10
16.85207718586826
 20
32.68251561301486
 30
0.0
 10
16.844070366781
 20
32.71062274750898
 30
0.0
 10
16.8603645918339
 20
32.73989798469106
 30
0.0
 10
16.8884713898929
 20
32.74790514021342
 30
0.0
 10
16.89740508769714
 20
32.75044993535507
 30
0.0
 10
16.90685083973267
 20
32.75059796680169
 30
0.0
 10
16.91585989900064
 20
32.74833577714908
 30
0.0
 10
16.91585989900064
 20
32.74833577714908
 30
0.0
 10
17.18200429115958
 20
32.68148881307141
 30
0.0
 10
17.18200429115958
 20
32.68148881307141
 30
0.0
 10
17.20034050908823
 20
32.67688368934074
 30
0.0
 10
17.21482673188158
 20
32.66284492523835
 30
0.0
 10
17.22000598212061
 20
32.64466262637068
 30
0.0
 10
17.22000598212061
 20
32.64466262637068
 30
0.0
 10
17.38822454441664
 20
32.05409386151385
 30
0.0
 10
17.38822454441664
 20
32.05409386151385
 30
0.0
 10
17.38822488085174
 20
32.05409251577343
 30
0.0
 10
17.3882250490693
 20
32.05409117003301
 30
0.0
 10
17.38822538550441
 20
32.05408982429258
 30
0.0
 10
17.38822538550441
 20
32.05408982429258
 30
0.0
 10
17.49689459760662
 20
31.67267738186271
 30
0.0
 10
17.49689459760662
 20
31.67267738186271
 30
0.0
 10
17.49689476582418
 20
31.67267603612228
 30
0.0
 10
17.49689510225928
 20
31.67267603612228
 30
0.0
 10
17.49689527047683
 20
31.67267469038186
 30
0.0
 10
17.49689527047683
 20
31.67267469038186
 30
0.0
 10
17.85077891035978
 20
30.43036114673695
 30
0.0
 10
17.85077891035978
 20
30.43036114673695
 30
0.0
 10
17.85849084407663
 20
30.40329023236926
 30
0.0
 10
17.88604639321449
 20
30.38699331583552
 30
0.0
 10
17.91348452650036
 20
30.39327792361525
 30
0.0
 10
17.91348452650036
 20
30.39327792361525
 30
0.0
 10
19.08332221030943
 20
30.66120273035505
 30
0.0
 10
19.08332221030943
 20
30.66120273035505
 30
0.0
 10
19.08332279907087
 20
30.66120273035505
 30
0.0
 10
19.08332330372352
 20
30.66120407609548
 30
0.0
 10
19.08332389248496
 20
30.66120407609548
 30
0.0
 10
19.08332389248496
 20
30.66120407609548
 30
0.0
 10
19.47767117132572
 20
30.75150595002174
 30
0.0
 10
19.47767117132572
 20
30.75150595002174
 30
0.0
 10
19.47767205446788
 20
30.75150595002174
 30
0.0
 10
19.47767293761003
 20
30.75150729576216
 30
0.0
 10
19.47767382075219
 20
30.75150729576216
 30
0.0
 10
19.47767382075219
 20
30.75150729576216
 30
0.0
 10
20.22855511215924
 20
30.92349292193987
 30
0.0
 10
20.22855511215924
 20
30.92349292193987
 30
0.0
 10
20.24698349227973
 20
30.92771450964972
 30
0.0
 10
20.26626387327892
 20
30.92178248586106
 30
0.0
 10
20.27913331511609
 20
30.90793347115844
 30
0.0
 10
20.27913331511609
 20
30.90793347115844
 30
0.0
 10
20.47136981141059
 20
30.70106221597131
 30
0.0
 10
20.47136981141059
 20
30.70106221597131
 30
0.0
 10
20.49126376593431
 20
30.67965283156707
 30
0.0
 10
20.49003581985187
 20
30.6461708098198
 30
0.0
 10
20.46862706626346
 20
30.6262767291329
 30
0.0
 10
20.46182266624498
 20
30.6199544406213
 30
0.0
 10
20.45347377676373
 20
30.6155336833287
 30
0.0
 10
20.44441955108278
 20
30.61345989733544
 30
0.0
 10
20.44441955108278
 20
30.61345989733544
 30
0.0
 10
17.67433400506984
 20
29.97903076058202
 30
0.0
 10
17.67433400506984
 20
29.97903076058202
 30
0.0
 10
17.64689553534887
 20
29.97274615280228
 30
0.0
 10
17.61933981799345
 20
29.98904306933602
 30
0.0
 10
17.61162838892926
 20
30.01611532944414
 30
0.0
  0
SPLINE
  5
F7
330
79
100
AcDbEntity
  8
Layer 1
 62
     1
420
 16711680
370
     0
100
AcDbSpline
210
0.0
220
0.0
230
1.0
 70
     9
 71
     3
 72
    71
 73
    67
 74
     0
 42
0.0000000001
 43
0.0000000001
 40
0.0
 40
0.0
 40
0.0
 40
0.0
 40
1.0
 40
1.0
 40
1.0
 40
2.0
 40
2.0
 40
2.0
 40
3.0
 40
3.0
 40
3.0
 40
4.0
 40
4.0
 40
4.0
 40
5.0
 40
5.0
 40
5.0
 40
6.0
 40
6.0
 40
6.0
 40
7.0
 40
7.0
 40
7.0
 40
8.0
 40
8.0
 40
8.0
 40
9.0
 40
9.0
 40
9.0
 40
10.0
 40
10.0
 40
10.0
 40
11.0
 40
11.0
 40
11.0
 40
12.0
 40
12.0
 40
12.0
 40
13.0
 40
13.0
 40
13.0
 40
14.0
 40
14.0
 40
14.0
 40
15.0
 40
15.0
 40
15.0
 40
16.0
 40
16.0
 40
16.0
 40
17.0
 40
17.0
 40
17.0
 40
18.0
 40
18.0
 40
18.0
 40
19.0
 40
19.0
 40
19.0
 40
20.0
 40
20.0
 40
20.0
 40
21.0
 40
21.0
 40
21.0
 40
22.0
 40
22.0
 40
22.0
 40
22.0
 10
8.044961408087365
 20
21.22712869378416
 30
0.0
 10
8.044961408087365
 20
21.22712869378416
 30
0.0
 10
7.089753509444467
 20
18.43721711108451
 30
0.0
 10
7.089753509444467
 20
18.43721711108451
 30
0.0
 10
7.080287571302573
 20
18.40956769655208
 30
0.0
 10
7.095027466165832
 20
18.37947929571885
 30
0.0
 10
7.12267704891581
 20
18.37001276881552
 30
0.0
 10
7.131464733884045
 20
18.36700402966273
 30
0.0
 10
7.140888954072797
 20
18.36636135450152
 30
0.0
 10
7.150003653964045
 20
18.36814942298104
 30
0.0
 10
7.150003653964045
 20
18.36814942298104
 30
0.0
 10
7.438514251968632
 20
18.42474882605683
 30
0.0
 10
7.438514251968632
 20
18.42474882605683
 30
0.0
 10
7.457066629452872
 20
18.42838846514212
 30
0.0
 10
7.472268113281537
 20
18.44164939127949
 30
0.0
 10
7.478391232210399
 20
18.45953613190654
 30
0.0
 10
7.478391232210399
 20
18.45953613190654
 30
0.0
 10
7.803535576035091
 20
19.40927039959267
 30
0.0
 10
7.803535576035091
 20
19.40927039959267
 30
0.0
 10
7.803535576035091
 20
19.40927157711555
 30
0.0
 10
7.803536921775515
 20
19.40927292285597
 30
0.0
 10
7.803536921775515
 20
19.40927410037884
 30
0.0
 10
7.803536921775515
 20
19.40927410037884
 30
0.0
 10
7.938377420772025
 20
19.80304615929716
 30
0.0
 10
7.938377420772025
 20
19.80304615929716
 30
0.0
 10
7.938377420772025
 20
19.80304716860247
 30
0.0
 10
7.938378766512449
 20
19.80304817790779
 30
0.0
 10
7.938378766512449
 20
19.80304918721311
 30
0.0
 10
7.938378766512449
 20
19.80304918721311
 30
0.0
 10
8.28411159308278
 20
20.81288119431581
 30
0.0
 10
8.28411159308278
 20
20.81288119431581
 30
0.0
 10
8.292440380566457
 20
20.83721016256975
 30
0.0
 10
8.317055318660482
 20
20.85202911968292
 30
0.0
 10
8.342453477681232
 20
20.8480063651207
 30
0.0
 10
8.342453477681232
 20
20.8480063651207
 30
0.0
 10
9.235834024027711
 20
20.70650075023959
 30
0.0
 10
9.235834024027711
 20
20.70650075023959
 30
0.0
 10
9.235835369768135
 20
20.70650041380448
 30
0.0
 10
9.235836715508559
 20
20.70650041380448
 30
0.0
 10
9.235838061248983
 20
20.70650007736938
 30
0.0
 10
9.235838061248983
 20
20.70650007736938
 30
0.0
 10
9.659761770800459
 20
20.63938564738246
 30
0.0
 10
9.659761770800459
 20
20.63938564738246
 30
0.0
 10
9.659763116540883
 20
20.63938531094736
 30
0.0
 10
9.659764462281307
 20
20.63938531094736
 30
0.0
 10
9.659765808021731
 20
20.63938497451225
 30
0.0
 10
9.659765808021731
 20
20.63938497451225
 30
0.0
 10
10.91889639687422
 20
20.43994960803752
 30
0.0
 10
10.91889639687422
 20
20.43994960803752
 30
0.0
 10
10.93756921812641
 20
20.43699200702083
 30
0.0
 10
10.95640083674861
 20
20.44422065170795
 30
0.0
 10
10.96829852783654
 20
20.45891277278616
 30
0.0
 10
10.96829852783654
 20
20.45891277278616
 30
0.0
 10
11.16149706031658
 20
20.69748967236098
 30
0.0
 10
11.16149706031658
 20
20.69748967236098
 30
0.0
 10
11.17988929469038
 20
20.72020173349558
 30
0.0
 10
11.17638700523711
 20
20.7535232756973
 30
0.0
 10
11.15367494410252
 20
20.77191517363598
 30
0.0
 10
11.14645639246858
 20
20.77776073360241
 30
0.0
 10
11.13782615912994
 20
20.78160349538293
 30
0.0
 10
11.12865157378983
 20
20.78305655860567
 30
0.0
 10
11.12865157378983
 20
20.78305655860567
 30
0.0
 10
8.103303292685817
 20
21.26225319171883
 30
0.0
 10
8.103303292685817
 20
21.26225319171883
 30
0.0
 10
8.077905133665067
 20
21.26627594628105
 30
0.0
 10
8.053291541311466
 20
21.25145732560299
 30
0.0
 10
8.044961408087365
 20
21.22712869378416
 30
0.0
  0
SPLINE
  5
F8
330
79
100
AcDbEntity
  8
Layer 1
 62
     1
420
 16711680
370
     0
100
AcDbSpline
210
0.0
220
0.0
230
1.0
 70
     9
 71
     3
 72
    71
 73
    67
 74
     0
 42
0.0000000001
 43
0.0000000001
 40
0.0
 40
0.0
 40
0.0
 40
0.0
 40
1.0
 40
1.0
 40
1.0
 40
2.0
 40
2.0
 40
2.0
 40
3.0
 40
3.0
 40
3.0
 40
4.0
 40
4.0
 40
4.0
 40
5.0
 40
5.0
 40
5.0
 40
6.0
 40
6.0
 40
6.0
 40
7.0
 40
7.0
 40
7.0
 40
8.0
 40
8.0
 40
8.0
 40
9.0
 40
9.0
 40
9.0
 40
10.0
 40
10.0
 40
10.0
 40
11.0
 40
11.0
 40
11.0
 40
12.0
 40
12.0
 40
12.0
 40
13.0
 40
13.0
 40
13.0
 40
14.0
 40
14.0
 40
14.0
 40
15.0
 40
15.0
 40
15.0
 40
16.0
 40
16.0
 40
16.0
 40
17.0
 40
17.0
 40
17.0
 40
18.0
 40
18.0
 40
18.0
 40
19.0
 40
19.0
 40
19.0
 40
20.0
 40
20.0
 40
20.0
 40
21.0
 40
21.0
 40
21.0
 40
22.0
 40
22.0
 40
22.0
 40
22.0
 10
10.06180172244826
 20
17.36888328391645
 30
0.0
 10
10.06180172244826
 20
17.36888328391645
 30
0.0
 10
8.124368167541526
 20
19.58979878598146
 30
0.0
 10
8.124368167541526
 20
19.58979878598146
 30
0.0
 10
8.105156377249562
 20
19.61182199623656
 30
0.0
 10
8.071729530859672
 20
19.61410151229713
 30
0.0
 10
8.049706488822128
 20
19.59489005844028
 30
0.0
 10
8.042705947136866
 20
19.58878325661405
 30
0.0
 10
8.037436027636772
 20
19.58094095429363
 30
0.0
 10
8.034426952048875
 20
19.57215158714986
 30
0.0
 10
8.034426952048875
 20
19.57215158714986
 30
0.0
 10
7.939205051132739
 20
19.29399780744781
 30
0.0
 10
7.939205051132739
 20
19.29399780744781
 30
0.0
 10
7.933081932203877
 20
19.27611173969097
 30
0.0
 10
7.936965739067327
 20
19.256317412013
 30
0.0
 10
7.949393651882281
 20
19.24207140388532
 30
0.0
 10
7.949393651882281
 20
19.24207140388532
 30
0.0
 10
8.609337354203121
 20
18.48561759062754
 30
0.0
 10
8.609337354203121
 20
18.48561759062754
 30
0.0
 10
8.609338027073333
 20
18.48561649721344
 30
0.0
 10
8.609339372813757
 20
18.48561531969057
 30
0.0
 10
8.609340045683969
 20
18.48561422627648
 30
0.0
 10
8.609340045683969
 20
18.48561422627648
 30
0.0
 10
8.882925709517007
 20
18.17196637467583
 30
0.0
 10
8.882925709517007
 20
18.17196637467583
 30
0.0
 10
8.882926382387219
 20
18.17196570180562
 30
0.0
 10
8.882927055257431
 20
18.17196502893541
 30
0.0
 10
8.882927728127643
 20
18.17196435606519
 30
0.0
 10
8.882927728127643
 20
18.17196435606519
 30
0.0
 10
9.583500679587224
 20
17.36888325237566
 30
0.0
 10
9.583500679587224
 20
17.36888325237566
 30
0.0
 10
9.600888318734558
 20
17.34895160923486
 30
0.0
 10
9.600888318734558
 20
17.3192426217782
 30
0.0
 10
9.583500679587224
 20
17.2993109799516
 30
0.0
 10
9.583500679587224
 20
17.2993109799516
 30
0.0
 10
8.882927728127643
 20
16.49622987626206
 30
0.0
 10
8.882927728127643
 20
16.49622987626206
 30
0.0
 10
8.882927055257431
 20
16.49622920339185
 30
0.0
 10
8.882926382387219
 20
16.49622853052164
 30
0.0
 10
8.882925709517007
 20
16.49622785765142
 30
0.0
 10
8.882925709517007
 20
16.49622785765142
 30
0.0
 10
8.609340045683969
 20
16.18258000605078
 30
0.0
 10
8.609340045683969
 20
16.18258000605078
 30
0.0
 10
8.609339372813757
 20
16.18257891263668
 30
0.0
 10
8.609338027073333
 20
16.18257773511381
 30
0.0
 10
8.609337354203121
 20
16.18257664169972
 30
0.0
 10
8.609337354203121
 20
16.18257664169972
 30
0.0
 10
7.949393651882281
 20
15.42612282844194
 30
0.0
 10
7.949393651882281
 20
15.42612282844194
 30
0.0
 10
7.936965739067327
 20
15.41187682031426
 30
0.0
 10
7.933081932203877
 20
15.39208249263629
 30
0.0
 10
7.939205051132739
 20
15.37419642487945
 30
0.0
 10
7.939205051132739
 20
15.37419642487945
 30
0.0
 10
8.034426952048875
 20
15.09604264517739
 30
0.0
 10
8.034426952048875
 20
15.09604264517739
 30
0.0
 10
8.043891544450344
 20
15.06839272599231
 30
0.0
 10
8.073979608848475
 20
15.05365114895352
 30
0.0
 10
8.101629191598453
 20
15.06311624600765
 30
0.0
 10
8.110419568047536
 20
15.06612515337799
 30
0.0
 10
8.118261197497751
 20
15.07139473644298
 30
0.0
 10
8.124368167541526
 20
15.07839544634579
 30
0.0
 10
8.124368167541526
 20
15.07839544634579
 30
0.0
 10
10.06180172244826
 20
17.29931094841081
 30
0.0
 10
10.06180172244826
 20
17.29931094841081
 30
0.0
 10
10.0791893615956
 20
17.3192426020652
 30
0.0
 10
10.0791893615956
 20
17.34895163026205
 30
0.0
 10
10.06180172244826
 20
17.36888328391645
 30
0.0
  0
SPLINE
  5
F9
330
79
100
AcDbEntity
  8
Layer 1
 62
     1
420
 16711680
370
     0
100
AcDbSpline
210
0.0
220
0.0
230
1.0
 70
     9
 71
     3
 72
    71
 73
    67
 74
     0
 42
0.0000000001
 43
0.0000000001
 40
0.0
 40
0.0
 40
0.0
 40
0.0
 40
1.0
 40
1.0
 40
1.0
 40
2.0
 40
2.0
 40
2.0
 40
3.0
 40
3.0
 40
3.0
 40
4.0
 40
4.0
 40
4.0
 40
5.0
 40
5.0
 40
5.0
 40
6.0
 40
6.0
 40
6.0
 40
7.0
 40
7.0
 40
7.0
 40
8.0
 40
8.0
 40
8.0
 40
9.0
 40
9.0
 40
9.0
 40
10.0
 40
10.0
 40
10.0
 40
11.0
 40
11.0
 40
11.0
 40
12.0
 40
12.0
 40
12.0
 40
13.0
 40
13.0
 40
13.0
 40
14.0
 40
14.0
 40
14.0
 40
15.0
 40
15.0
 40
15.0
 40
16.0
 40
16.0
 40
16.0
 40
17.0
 40
17.0
 40
17.0
 40
18.0
 40
18.0
 40
18.0
 40
19.0
 40
19.0
 40
19.0
 40
20.0
 40
20.0
 40
20.0
 40
21.0
 40
21.0
 40
21.0
 40
22.0
 40
22.0
 40
22.0
 40
22.0
 10
10.436321955297
 20
17.57912812373002
 30
0.0
 10
10.436321955297
 20
17.57912812373002
 30
0.0
 10
9.337251713855602
 20
20.44235343686976
 30
0.0
 10
9.337251713855602
 20
20.44235343686976
 30
0.0
 10
9.3267784890064
 20
20.46963731465953
 30
0.0
 10
9.340406129409283
 20
20.50024584416661
 30
0.0
 10
9.367690343634166
 20
20.51071873258071
 30
0.0
 10
9.376362294925943
 20
20.5140477579544
 30
0.0
 10
9.385758254565791
 20
20.51503519499045
 30
0.0
 10
9.394932839905905
 20
20.51358179533261
 30
0.0
 10
9.394932839905905
 20
20.51358179533261
 30
0.0
 10
9.698157763705696
 20
20.46554861881654
 30
0.0
 10
9.698157763705696
 20
20.46554861881654
 30
0.0
 10
9.716829912087666
 20
20.46259068136475
 30
0.0
 10
9.732506442285975
 20
20.44989597551075
 30
0.0
 10
9.739280899580018
 20
20.43224625341586
 30
0.0
 10
9.739280899580018
 20
20.43224625341586
 30
0.0
 10
10.19611065397732
 20
19.24209730938848
 30
0.0
 10
10.19611065397732
 20
19.24209730938848
 30
0.0
 10
10.19611065397732
 20
19.24209680473582
 30
0.0
 10
10.19611132684754
 20
19.24209613186561
 30
0.0
 10
10.19611132684754
 20
19.24209562721295
 30
0.0
 10
10.19611132684754
 20
19.24209562721295
 30
0.0
 10
10.34993282165331
 20
18.84139552837471
 30
0.0
 10
10.34993282165331
 20
18.84139552837471
 30
0.0
 10
10.34993282165331
 20
18.84139536015716
 30
0.0
 10
10.34993282165331
 20
18.84139502372205
 30
0.0
 10
10.34993282165331
 20
18.8413948555045
 30
0.0
 10
10.34993282165331
 20
18.8413948555045
 30
0.0
 10
10.67547214029242
 20
17.99333678597081
 30
0.0
 10
10.67547214029242
 20
17.99333678597081
 30
0.0
 10
10.68405527271622
 20
17.97097701444657
 30
0.0
 10
10.70658633176379
 20
17.95716997002342
 30
0.0
 10
10.73040593726728
 20
17.95967372008213
 30
0.0
 10
10.73040593726728
 20
17.95967372008213
 30
0.0
 10
11.40024150457419
 20
18.03008206002855
 30
0.0
 10
11.40024150457419
 20
18.03008206002855
 30
0.0
 10
11.40024285031461
 20
18.03008214413733
 30
0.0
 10
11.40024352318482
 20
18.0300822703005
 30
0.0
 10
11.40024486892525
 20
18.03008235440927
 30
0.0
 10
11.40024486892525
 20
18.03008235440927
 30
0.0
 10
11.84460230107361
 20
18.07676423932217
 30
0.0
 10
11.84460230107361
 20
18.07676423932217
 30
0.0
 10
11.84460297394382
 20
18.07676432343095
 30
0.0
 10
11.84460431968425
 20
18.07676440753972
 30
0.0
 10
11.84460499255446
 20
18.0767644916485
 30
0.0
 10
11.84460499255446
 20
18.0767644916485
 30
0.0
 10
13.49382132086903
 20
18.25012100677431
 30
0.0
 10
13.49382132086903
 20
18.25012100677431
 30
0.0
 10
13.5126226603317
 20
18.25209739480439
 30
0.0
 10
13.53105055682672
 20
18.24389325652748
 30
0.0
 10
13.54216300837729
 20
18.22859900071835
 30
0.0
 10
13.54216300837729
 20
18.22859900071835
 30
0.0
 10
13.73297285160487
 20
17.96598511650718
 30
0.0
 10
13.73297285160487
 20
17.96598511650718
 30
0.0
 10
13.75015122811628
 20
17.9423419291624
 30
0.0
 10
13.74491091490551
 20
17.9092493310503
 30
0.0
 10
13.72126760139756
 20
17.89207074426695
 30
0.0
 10
13.71375231400015
 20
17.88661036044248
 30
0.0
 10
13.70493233126174
 20
17.88322456164466
 30
0.0
 10
13.69569382325149
 20
17.88225365198318
 30
0.0
 10
13.69569382325149
 20
17.88225365198318
 30
0.0
 10
10.49125507940165
 20
17.54546467935184
 30
0.0
 10
10.49125507940165
 20
17.54546467935184
 30
0.0
 10
10.46743614676838
 20
17.54296128675543
 30
0.0
 10
10.4449050877208
 20
17.55676845734174
 30
0.0
 10
10.436321955297
 20
17.57912812373002
 30
0.0
  0
SPLINE
  5
FA
330
79
100
AcDbEntity
  8
Layer 1
 62
     1
420
 16711680
370
     0
100
AcDbSpline
210
0.0
220
0.0
230
1.0
 70
     9
 71
     3
 72
    68
 73
    64
 74
     0
 42
0.0000000001
 43
0.0000000001
 40
0.0
 40
0.0
 40
0.0
 40
0.0
 40
1.0
 40
1.0
 40
1.0
 40
2.0
 40
2.0
 40
2.0
 40
3.0
 40
3.0
 40
3.0
 40
4.0
 40
4.0
 40
4.0
 40
5.0
 40
5.0
 40
5.0
 40
6.0
 40
6.0
 40
6.0
 40
7.0
 40
7.0
 40
7.0
 40
8.0
 40
8.0
 40
8.0
 40
9.0
 40
9.0
 40
9.0
 40
10.0
 40
10.0
 40
10.0
 40
11.0
 40
11.0
 40
11.0
 40
12.0
 40
12.0
 40
12.0
 40
13.0
 40
13.0
 40
13.0
 40
14.0
 40
14.0
 40
14.0
 40
15.0
 40
15.0
 40
15.0
 40
16.0
 40
16.0
 40
16.0
 40
17.0
 40
17.0
 40
17.0
 40
18.0
 40
18.0
 40
18.0
 40
19.0
 40
19.0
 40
19.0
 40
20.0
 40
20.0
 40
20.0
 40
21.0
 40
21.0
 40
21.0
 40
21.0
 10
12.82741806451334
 20
21.23561358715701
 30
0.0
 10
12.82741806451334
 20
21.23561358715701
 30
0.0
 10
11.5153117310028
 20
18.28859833286641
 30
0.0
 10
11.5153117310028
 20
18.28859833286641
 30
0.0
 10
11.50342480583827
 20
18.26189993626982
 30
0.0
 10
11.51543150190053
 20
18.23062030283508
 30
0.0
 10
11.54213031904101
 20
18.21873329356177
 30
0.0
 10
11.55061521241386
 20
18.21495563197425
 30
0.0
 10
11.55994455790272
 20
18.21347767255368
 30
0.0
 10
11.56918172017255
 20
18.21444795139933
 30
0.0
 10
11.56918172017255
 20
18.21444795139933
 30
0.0
 10
11.89200937185745
 20
18.24836246047534
 30
0.0
 10
11.89200937185745
 20
18.24836246047534
 30
0.0
 10
11.91081205706054
 20
18.25033775509133
 30
0.0
 10
11.92713185118149
 20
18.26219423287878
 30
0.0
 10
11.93482208483402
 20
18.27946546547944
 30
0.0
 10
11.93482208483402
 20
18.27946546547944
 30
0.0
 10
12.60934823038851
 20
19.79439826311546
 30
0.0
 10
12.60934823038851
 20
19.79439826311546
 30
0.0
 10
12.60934890325873
 20
19.79439944063832
 30
0.0
 10
12.60934957612894
 20
19.7944006181612
 30
0.0
 10
12.60935024899915
 20
19.79440179568407
 30
0.0
 10
12.60935024899915
 20
19.79440179568407
 30
0.0
 10
12.79106423270142
 20
20.2025993508591
 30
0.0
 10
12.79106423270142
 20
20.2025993508591
 30
0.0
 10
12.79106490557163
 20
20.20260036016442
 30
0.0
 10
12.79106557844184
 20
20.20260170590484
 30
0.0
 10
12.79106625131205
 20
20.20260271521016
 30
0.0
 10
12.79106625131205
 20
20.20260271521016
 30
0.0
 10
13.06656892237897
 20
20.82136776986419
 30
0.0
 10
13.06656892237897
 20
20.82136776986419
 30
0.0
 10
13.07556250563207
 20
20.841566324322
 30
0.0
 10
13.09616579152237
 20
20.85404436596775
 30
0.0
 10
13.11823257012369
 20
20.85265623472047
 30
0.0
 10
13.11823257012369
 20
20.85265623472047
 30
0.0
 10
13.60528563583174
 20
20.82201978109958
 30
0.0
 10
13.60528563583174
 20
20.82201978109958
 30
0.0
 10
13.60528630870195
 20
20.82201978109958
 30
0.0
 10
13.60528630870195
 20
20.82201978109958
 30
0.0
 10
13.60528698157216
 20
20.82201978109958
 30
0.0
 10
13.60528698157216
 20
20.82201978109958
 30
0.0
 10
14.06437892562209
 20
20.79313043498407
 30
0.0
 10
14.06437892562209
 20
20.79313043498407
 30
0.0
 10
14.06437892562209
 20
20.79313043498407
 30
0.0
 10
16.02193432778247
 20
20.6699635612949
 30
0.0
 10
16.02193432778247
 20
20.6699635612949
 30
0.0
 10
16.04080295426633
 20
20.6687762818059
 30
0.0
 10
16.05887120163307
 20
20.67774597816646
 30
0.0
 10
16.06933332412377
 20
20.69349315973703
 30
0.0
 10
16.06933332412377
 20
20.69349315973703
 30
0.0
 10
16.25627954659426
 20
20.97488176298309
 30
0.0
 10
16.25627954659426
 20
20.97488176298309
 30
0.0
 10
16.27245198213879
 20
20.99922418864128
 30
0.0
 10
16.26582858420733
 20
21.0320679929925
 30
0.0
 10
16.24148615854915
 20
21.04824042853703
 30
0.0
 10
16.233749496852
 20
21.05338048408621
 30
0.0
 10
16.22479628581163
 20
21.05639326046027
 30
0.0
 10
16.21552648933652
 20
21.05697663893405
 30
0.0
 10
16.21552648933652
 20
21.05697663893405
 30
0.0
 10
12.87908305799849
 20
21.26690238844838
 30
0.0
 10
12.87908305799849
 20
21.26690238844838
 30
0.0
 10
12.85701560652696
 20
21.26829085613077
 30
0.0
 10
12.83641164776644
 20
21.25581281448503
 30
0.0
 10
12.82741806451334
 20
21.23561358715701
 30
0.0
  0
SPLINE
  5
FB
330
79
100
AcDbEntity
  8
Layer 1
 62
     1
420
 16711680
370
     0
100
AcDbSpline
210
0.0
220
0.0
230
1.0
 70
     9
 71
     3
 72
    71
 73
    67
 74
     0
 42
0.0000000001
 43
0.0000000001
 40
0.0
 40
0.0
 40
0.0
 40
0.0
 40
1.0
 40
1.0
 40
1.0
 40
2.0
 40
2.0
 40
2.0
 40
3.0
 40
3.0
 40
3.0
 40
4.0
 40
4.0
 40
4.0
 40
5.0
 40
5.0
 40
5.0
 40
6.0
 40
6.0
 40
6.0
 40
7.0
 40
7.0
 40
7.0
 40
8.0
 40
8.0
 40
8.0
 40
9.0
 40
9.0
 40
9.0
 40
10.0
 40
10.0
 40
10.0
 40
11.0
 40
11.0
 40
11.0
 40
12.0
 40
12.0
 40
12.0
 40
13.0
 40
13.0
 40
13.0
 40
14.0
 40
14.0
 40
14.0
 40
15.0
 40
15.0
 40
15.0
 40
16.0
 40
16.0
 40
16.0
 40
17.0
 40
17.0
 40
17.0
 40
18.0
 40
18.0
 40
18.0
 40
19.0
 40
19.0
 40
19.0
 40
20.0
 40
20.0
 40
20.0
 40
21.0
 40
21.0
 40
21.0
 40
22.0
 40
22.0
 40
22.0
 40
22.0
 10
14.8525578965037
 20
17.36520070467237
 30
0.0
 10
14.8525578965037
 20
17.36520070467237
 30
0.0
 10
12.95739976770927
 20
19.97366804577277
 30
0.0
 10
12.95739976770927
 20
19.97366804577277
 30
0.0
 10
12.94022139119786
 20
19.99731152749827
 30
0.0
 10
12.90712896130332
 20
20.0025526817968
 30
0.0
 10
12.88348564779536
 20
19.98537447350294
 30
0.0
 10
12.87597036039795
 20
19.97991413173286
 30
0.0
 10
12.87002487920505
 20
19.97257160376237
 30
0.0
 10
12.86624671296487
 20
19.96408502821399
 30
0.0
 10
12.86624671296487
 20
19.96408502821399
 30
0.0
 10
12.7342315959884
 20
19.66753110791315
 30
0.0
 10
12.7342315959884
 20
19.66753110791315
 30
0.0
 10
12.72654338094651
 20
19.65026071640026
 30
0.0
 10
12.7286521561908
 20
19.63020077320611
 30
0.0
 10
12.73976393487116
 20
19.6149067697233
 30
0.0
 10
12.73976393487116
 20
19.6149067697233
 30
0.0
 10
13.71449112549288
 20
18.2733279639498
 30
0.0
 10
13.71449112549288
 20
18.2733279639498
 30
0.0
 10
13.7144917983631
 20
18.27332720697081
 30
0.0
 10
13.71449247123331
 20
18.2733265341006
 30
0.0
 10
13.71449314410352
 20
18.27332577712161
 30
0.0
 10
13.71449314410352
 20
18.27332577712161
 30
0.0
 10
13.97709756607732
 20
17.91184715677552
 30
0.0
 10
13.97709756607732
 20
17.91184715677552
 30
0.0
 10
13.97709823894754
 20
17.91184656801409
 30
0.0
 10
13.97709823894754
 20
17.91184593719826
 30
0.0
 10
13.97709891181775
 20
17.91184534843683
 30
0.0
 10
13.97709891181775
 20
17.91184534843683
 30
0.0
 10
14.37425719007777
 20
17.36520063107719
 30
0.0
 10
14.37425719007777
 20
17.36520063107719
 30
0.0
 10
14.38773208894254
 20
17.34665405578432
 30
0.0
 10
14.38773208894254
 20
17.32154017522873
 30
0.0
 10
14.37425719007777
 20
17.30299360125007
 30
0.0
 10
14.37425719007777
 20
17.30299360125007
 30
0.0
 10
13.97709891181775
 20
16.75634888389043
 30
0.0
 10
13.97709891181775
 20
16.75634888389043
 30
0.0
 10
13.97709823894754
 20
16.75634829512899
 30
0.0
 10
13.97709823894754
 20
16.75634766431317
 30
0.0
 10
13.97709756607732
 20
16.75634707555174
 30
0.0
 10
13.97709756607732
 20
16.75634707555174
 30
0.0
 10
13.71449314410352
 20
16.39486845520565
 30
0.0
 10
13.71449314410352
 20
16.39486845520565
 30
0.0
 10
13.71449247123331
 20
16.39486769822666
 30
0.0
 10
13.7144917983631
 20
16.39486702535644
 30
0.0
 10
13.71449112549288
 20
16.39486626837746
 30
0.0
 10
13.71449112549288
 20
16.39486626837746
 30
0.0
 10
12.73976393487116
 20
15.05328746260395
 30
0.0
 10
12.73976393487116
 20
15.05328746260395
 30
0.0
 10
12.7286521561908
 20
15.03799345912115
 30
0.0
 10
12.72654338094651
 20
15.017933515927
 30
0.0
 10
12.7342315959884
 20
15.00066312441411
 30
0.0
 10
12.7342315959884
 20
15.00066312441411
 30
0.0
 10
12.86624671296487
 20
14.70410920411327
 30
0.0
 10
12.86624671296487
 20
14.70410920411327
 30
0.0
 10
12.87813229238899
 20
14.67741021875524
 30
0.0
 10
12.90941133706229
 20
14.66540167229989
 30
0.0
 10
12.93611015420277
 20
14.677287251724
 30
0.0
 10
12.94459706618625
 20
14.68106524974662
 30
0.0
 10
12.95193942593919
 20
14.68701089915708
 30
0.0
 10
12.95739976770927
 20
14.69452618655449
 30
0.0
 10
12.95739976770927
 20
14.69452618655449
 30
0.0
 10
14.8525578965037
 20
17.30299352765489
 30
0.0
 10
14.8525578965037
 20
17.30299352765489
 30
0.0
 10
14.86603279536847
 20
17.32154013317434
 30
0.0
 10
14.86603279536847
 20
17.34665410046711
 30
0.0
 10
14.8525578965037
 20
17.36520070467237
 30
0.0
  0
SPLINE
  5
FC
330
79
100
AcDbEntity
  8
Layer 1
 62
     1
420
 16711680
370
     0
100
AcDbSpline
210
0.0
220
0.0
230
1.0
 70
     9
 71
     3
 72
    68
 73
    64
 74
     0
 42
0.0000000001
 43
0.0000000001
 40
0.0
 40
0.0
 40
0.0
 40
0.0
 40
1.0
 40
1.0
 40
1.0
 40
2.0
 40
2.0
 40
2.0
 40
3.0
 40
3.0
 40
3.0
 40
4.0
 40
4.0
 40
4.0
 40
5.0
 40
5.0
 40
5.0
 40
6.0
 40
6.0
 40
6.0
 40
7.0
 40
7.0
 40
7.0
 40
8.0
 40
8.0
 40
8.0
 40
9.0
 40
9.0
 40
9.0
 40
10.0
 40
10.0
 40
10.0
 40
11.0
 40
11.0
 40
11.0
 40
12.0
 40
12.0
 40
12.0
 40
13.0
 40
13.0
 40
13.0
 40
14.0
 40
14.0
 40
14.0
 40
15.0
 40
15.0
 40
15.0
 40
16.0
 40
16.0
 40
16.0
 40
17.0
 40
17.0
 40
17.0
 40
18.0
 40
18.0
 40
18.0
 40
19.0
 40
19.0
 40
19.0
 40
20.0
 40
20.0
 40
20.0
 40
21.0
 40
21.0
 40
21.0
 40
21.0
 10
15.21912211196619
 20
17.57095293989942
 30
0.0
 10
15.21912211196619
 20
17.57095293989942
 30
0.0
 10
13.73109688945391
 20
20.56854553503191
 30
0.0
 10
13.73109688945391
 20
20.56854553503191
 30
0.0
 10
13.71810241992049
 20
20.594722541323
 30
0.0
 10
13.72878894462688
 20
20.62647764167127
 30
0.0
 10
13.75496561448288
 20
20.6394724476398
 30
0.0
 10
13.76328498178358
 20
20.64360218856573
 30
0.0
 10
13.77254434877041
 20
20.64546973983903
 30
0.0
 10
13.78181380881041
 20
20.64488703423547
 30
0.0
 10
13.78181380881041
 20
20.64488703423547
 30
0.0
 10
14.11894533546122
 20
20.6237003698714
 30
0.0
 10
14.11894533546122
 20
20.6237003698714
 30
0.0
 10
14.1378153076855
 20
20.62251477255792
 30
0.0
 10
14.15461822261864
 20
20.61135118287124
 30
0.0
 10
14.1630250630469
 20
20.59441604894145
 30
0.0
 10
14.1630250630469
 20
20.59441604894145
 30
0.0
 10
15.03513786416877
 20
18.83753106652986
 30
0.0
 10
15.03513786416877
 20
18.83753106652986
 30
0.0
 10
15.03513786416877
 20
18.83753073009475
 30
0.0
 10
15.03513820060387
 20
18.83753039365964
 30
0.0
 10
15.03513820060387
 20
18.83753005722454
 30
0.0
 10
15.03513820060387
 20
18.83753005722454
 30
0.0
 10
15.23969781017781
 20
18.42546475996236
 30
0.0
 10
15.23969781017781
 20
18.42546475996236
 30
0.0
 10
15.23969781017781
 20
18.42546475996236
 30
0.0
 10
15.45827330626693
 20
17.98515901579533
 30
0.0
 10
15.45827330626693
 20
17.98515901579533
 30
0.0
 10
15.46729817798488
 20
17.96697919813658
 30
0.0
 10
15.48592625336796
 20
17.95556315595726
 30
0.0
 10
15.50622170113629
 20
17.95577435309503
 30
0.0
 10
15.50622170113629
 20
17.95577435309503
 30
0.0
 10
15.75985575387932
 20
17.9584135603383
 30
0.0
 10
15.75985575387932
 20
17.9584135603383
 30
0.0
 10
15.75985810892506
 20
17.95841360239268
 30
0.0
 10
15.75986080040591
 20
17.95841360239268
 30
0.0
 10
15.75986315545165
 20
17.95841364444707
 30
0.0
 10
15.75986315545165
 20
17.95841364444707
 30
0.0
 10
16.2352116438226
 20
17.96342619109109
 30
0.0
 10
16.2352116438226
 20
17.96342619109109
 30
0.0
 10
16.23521298956302
 20
17.96342619109109
 30
0.0
 10
16.23521467173855
 20
17.96342623314548
 30
0.0
 10
16.23521601747897
 20
17.96342623314548
 30
0.0
 10
16.23521601747897
 20
17.96342623314548
 30
0.0
 10
18.56999474034711
 20
17.98786328117721
 30
0.0
 10
18.56999474034711
 20
17.98786328117721
 30
0.0
 10
18.58889944949609
 20
17.98806114707392
 30
0.0
 10
18.60647364190969
 20
17.97815822178375
 30
0.0
 10
18.6160969475724
 20
17.96188498187059
 30
0.0
 10
18.6160969475724
 20
17.96188498187059
 30
0.0
 10
18.79587483134852
 20
17.65787723666076
 30
0.0
 10
18.79587483134852
 20
17.65787723666076
 30
0.0
 10
18.81075089832092
 20
17.63272156324265
 30
0.0
 10
18.80241756896332
 20
17.60026943243637
 30
0.0
 10
18.7772618955452
 20
17.58539338649116
 30
0.0
 10
18.76926685168666
 20
17.58066544291961
 30
0.0
 10
18.76016813246295
 20
17.57812521067909
 30
0.0
 10
18.7508802526009
 20
17.57802800196065
 30
0.0
 10
18.7508802526009
 20
17.57802800196065
 30
0.0
 10
15.26707387118662
 20
17.54156787768243
 30
0.0
 10
15.26707387118662
 20
17.54156787768243
 30
0.0
 10
15.24677707767787
 20
17.54135548199458
 30
0.0
 10
15.22814732011925
 20
17.55277183958182
 30
0.0
 10
15.21912211196619
 20
17.57095293989942
 30
0.0
  0
SPLINE
  5
FD
330
79
100
AcDbEntity
  8
Layer 1
 62
     1
420
 16711680
370
     0
100
AcDbSpline
210
0.0
220
0.0
230
1.0
 70
     9
 71
     3
 72
    65
 73
    61
 74
     0
 42
0.0000000001
 43
0.0000000001
 40
0.0
 40
0.0
 40
0.0
 40
0.0
 40
1.0
 40
1.0
 40
1.0
 40
2.0
 40
2.0
 40
2.0
 40
3.0
 40
3.0
 40
3.0
 40
4.0
 40
4.0
 40
4.0
 40
5.0
 40
5.0
 40
5.0
 40
6.0
 40
6.0
 40
6.0
 40
7.0
 40
7.0
 40
7.0
 40
8.0
 40
8.0
 40
8.0
 40
9.0
 40
9.0
 40
9.0
 40
10.0
 40
10.0
 40
10.0
 40
11.0
 40
11.0
 40
11.0
 40
12.0
 40
12.0
 40
12.0
 40
13.0
 40
13.0
 40
13.0
 40
14.0
 40
14.0
 40
14.0
 40
15.0
 40
15.0
 40
15.0
 40
16.0
 40
16.0
 40
16.0
 40
17.0
 40
17.0
 40
17.0
 40
18.0
 40
18.0
 40
18.0
 40
19.0
 40
19.0
 40
19.0
 40
20.0
 40
20.0
 40
20.0
 40
20.0
 10
17.61002275238596
 20
21.24194697802711
 30
0.0
 10
17.61002275238596
 20
21.24194697802711
 30
0.0
 10
15.89879033168051
 20
18.20497982642925
 30
0.0
 10
15.89879033168051
 20
18.20497982642925
 30
0.0
 10
15.88444372945615
 20
18.17951850171735
 30
0.0
 10
15.89345379802943
 20
18.14724781456916
 30
0.0
 10
15.91891520685011
 20
18.13290112823602
 30
0.0
 10
15.92700748045428
 20
18.12834133913588
 30
0.0
 10
15.93615784246676
 20
18.12599192868203
 30
0.0
 10
15.94544580643759
 20
18.12608915842766
 30
0.0
 10
15.94544580643759
 20
18.12608915842766
 30
0.0
 10
16.29860207362141
 20
18.12978481395809
 30
0.0
 10
16.29860207362141
 20
18.12978481395809
 30
0.0
 10
16.3175063622265
 20
18.12998263780041
 30
0.0
 10
16.33486910517599
 20
18.14025088956129
 30
0.0
 10
16.3441500040096
 20
18.15672149071849
 30
0.0
 10
16.3441500040096
 20
18.15672149071849
 30
0.0
 10
17.49035177588305
 20
20.19089208204116
 30
0.0
 10
17.49035177588305
 20
20.19089208204116
 30
0.0
 10
17.49035177588305
 20
20.19089208204116
 30
0.0
 10
17.72372419258589
 20
20.60506253787024
 30
0.0
 10
17.72372419258589
 20
20.60506253787024
 30
0.0
 10
17.72372419258589
 20
20.60506253787024
 30
0.0
 10
17.84917445133935
 20
20.82770250647472
 30
0.0
 10
17.84917445133935
 20
20.82770250647472
 30
0.0
 10
17.858649136794
 20
20.84451753307167
 30
0.0
 10
17.87652729832585
 20
20.8548403714285
 30
0.0
 10
17.89582689818048
 20
20.85463951967023
 30
0.0
 10
17.89582689818048
 20
20.85463951967023
 30
0.0
 10
18.15136197748985
 20
20.85198067302766
 30
0.0
 10
18.15136197748985
 20
20.85198067302766
 30
0.0
 10
18.15136298679517
 20
20.85198067302766
 30
0.0
 10
18.15136399610048
 20
20.85198033659255
 30
0.0
 10
18.1513650054058
 20
20.85198033659255
 30
0.0
 10
18.1513650054058
 20
20.85198033659255
 30
0.0
 10
18.62671744688925
 20
20.84700614355062
 30
0.0
 10
18.62671744688925
 20
20.84700614355062
 30
0.0
 10
18.62671778332435
 20
20.84700614355062
 30
0.0
 10
18.62671811975946
 20
20.84700614355062
 30
0.0
 10
18.62671845619457
 20
20.84700614355062
 30
0.0
 10
18.62671845619457
 20
20.84700614355062
 30
0.0
 10
20.96149827247679
 20
20.82253116246068
 30
0.0
 10
20.96149827247679
 20
20.82253116246068
 30
0.0
 10
20.98040331806088
 20
20.82233300218325
 30
0.0
 10
20.99797784690958
 20
20.83223596952782
 30
0.0
 10
21.00760132078985
 20
20.84850967203925
 30
0.0
 10
21.00760132078985
 20
20.84850967203925
 30
0.0
 10
21.18737954100108
 20
21.15251781676576
 30
0.0
 10
21.18737954100108
 20
21.15251781676576
 30
0.0
 10
21.2022555238647
 20
21.1776734060751
 30
0.0
 10
21.1939221945071
 20
21.21012559996296
 30
0.0
 10
21.16876652108898
 20
21.22500175104415
 30
0.0
 10
21.16077164544799
 20
21.2297293371534
 30
0.0
 10
21.15167317855061
 20
21.23226975863866
 30
0.0
 10
21.14238546690611
 20
21.23236698838429
 30
0.0
 10
21.14238546690611
 20
21.23236698838429
 30
0.0
 10
17.65667890001325
 20
21.26888399122262
 30
0.0
 10
17.65667890001325
 20
21.26888399122262
 30
0.0
 10
17.6373779544182
 20
21.26908618872132
 30
0.0
 10
17.61949811071082
 20
21.25876301392938
 30
0.0
 10
17.61002275238596
 20
21.24194697802711
 30
0.0
  0
SPLINE
  5
FE
330
79
100
AcDbEntity
  8
Layer 1
 62
     1
420
 16711680
370
     0
100
AcDbSpline
210
0.0
220
0.0
230
1.0
 70
     9
 71
     3
 72
    71
 73
    67
 74
     0
 42
0.0000000001
 43
0.0000000001
 40
0.0
 40
0.0
 40
0.0
 40
0.0
 40
1.0
 40
1.0
 40
1.0
 40
2.0
 40
2.0
 40
2.0
 40
3.0
 40
3.0
 40
3.0
 40
4.0
 40
4.0
 40
4.0
 40
5.0
 40
5.0
 40
5.0
 40
6.0
 40
6.0
 40
6.0
 40
7.0
 40
7.0
 40
7.0
 40
8.0
 40
8.0
 40
8.0
 40
9.0
 40
9.0
 40
9.0
 40
10.0
 40
10.0
 40
10.0
 40
11.0
 40
11.0
 40
11.0
 40
12.0
 40
12.0
 40
12.0
 40
13.0
 40
13.0
 40
13.0
 40
14.0
 40
14.0
 40
14.0
 40
15.0
 40
15.0
 40
15.0
 40
16.0
 40
16.0
 40
16.0
 40
17.0
 40
17.0
 40
17.0
 40
18.0
 40
18.0
 40
18.0
 40
19.0
 40
19.0
 40
19.0
 40
20.0
 40
20.0
 40
20.0
 40
21.0
 40
21.0
 40
21.0
 40
22.0
 40
22.0
 40
22.0
 40
22.0
 10
19.64223356716189
 20
17.36103400845277
 30
0.0
 10
19.64223356716189
 20
17.36103400845277
 30
0.0
 10
17.86776013589908
 20
20.36148722192585
 30
0.0
 10
17.86776013589908
 20
20.36148722192585
 30
0.0
 10
17.85288331194769
 20
20.38664247480008
 30
0.0
 10
17.82043094984227
 20
20.39497462663481
 30
0.0
 10
17.79527569696804
 20
20.38009780268342
 30
0.0
 10
17.78728098954461
 20
20.37536988013906
 30
0.0
 10
17.7806717218876
 20
20.36862065547797
 30
0.0
 10
17.77611184867868
 20
20.36052905474401
 30
0.0
 10
17.77611184867868
 20
20.36052905474401
 30
0.0
 10
17.60273338116221
 20
20.0528594867591
 30
0.0
 10
17.60273338116221
 20
20.0528594867591
 30
0.0
 10
17.59345164124084
 20
20.03638863327557
 30
0.0
 10
17.59366241783474
 20
20.01621699362624
 30
0.0
 10
17.60328648047645
 20
19.99994379576747
 30
0.0
 10
17.60328648047645
 20
19.99994379576747
 30
0.0
 10
18.79186553419054
 20
17.99017303434294
 30
0.0
 10
18.79186553419054
 20
17.99017303434294
 30
0.0
 10
18.79186561829932
 20
17.99017286612539
 30
0.0
 10
18.79186570240809
 20
17.99017269790784
 30
0.0
 10
18.79186578651687
 20
17.99017252969028
 30
0.0
 10
18.79186578651687
 20
17.99017252969028
 30
0.0
 10
19.03384698882034
 20
17.58101617651759
 30
0.0
 10
19.03384698882034
 20
17.58101617651759
 30
0.0
 10
19.03384740936423
 20
17.58101548262018
 30
0.0
 10
19.0338478299081
 20
17.58101476769558
 30
0.0
 10
19.03384825045199
 20
17.58101407379818
 30
0.0
 10
19.03384825045199
 20
17.58101407379818
 30
0.0
 10
19.16393500550976
 20
17.36103235518963
 30
0.0
 10
19.16393500550976
 20
17.36103235518963
 30
0.0
 10
19.17375924703952
 20
17.34441923959586
 30
0.0
 10
19.17375924703952
 20
17.3237749920743
 30
0.0
 10
19.16393500550976
 20
17.30716187713762
 30
0.0
 10
19.16393500550976
 20
17.30716187713762
 30
0.0
 10
19.03384825045199
 20
17.08718015852908
 30
0.0
 10
19.03384825045199
 20
17.08718015852908
 30
0.0
 10
19.0338478299081
 20
17.08717946463167
 30
0.0
 10
19.03384740936423
 20
17.08717874970707
 30
0.0
 10
19.03384698882034
 20
17.08717805580967
 30
0.0
 10
19.03384698882034
 20
17.08717805580967
 30
0.0
 10
18.79186578651687
 20
16.67802170263697
 30
0.0
 10
18.79186578651687
 20
16.67802170263697
 30
0.0
 10
18.79186570240809
 20
16.67802153441942
 30
0.0
 10
18.79186561829932
 20
16.67802136620187
 30
0.0
 10
18.79186553419054
 20
16.67802119798432
 30
0.0
 10
18.79186553419054
 20
16.67802119798432
 30
0.0
 10
17.60328648047645
 20
14.66825043655979
 30
0.0
 10
17.60328648047645
 20
14.66825043655979
 30
0.0
 10
17.59366241783474
 20
14.65197723870102
 30
0.0
 10
17.59345164124084
 20
14.63180559905169
 30
0.0
 10
17.60273338116221
 20
14.61533474556816
 30
0.0
 10
17.60273338116221
 20
14.61533474556816
 30
0.0
 10
17.77611184867868
 20
14.30766517758325
 30
0.0
 10
17.77611184867868
 20
14.30766517758325
 30
0.0
 10
17.79045946020836
 20
14.28220444163279
 30
0.0
 10
17.82273065200921
 20
14.27319538236482
 30
0.0
 10
17.84819138795968
 20
14.2875429938945
 30
0.0
 10
17.85628315691119
 20
14.29210303532097
 30
0.0
 10
17.86303204513717
 20
14.29871230297798
 30
0.0
 10
17.86776013589908
 20
14.30670701040141
 30
0.0
 10
17.86776013589908
 20
14.30670701040141
 30
0.0
 10
19.64223356716189
 20
17.30716022387448
 30
0.0
 10
19.64223356716189
 20
17.30716022387448
 30
0.0
 10
19.6520590913505
 20
17.32377416675693
 30
0.0
 10
19.6520590913505
 20
17.34442006622743
 30
0.0
 10
19.64223356716189
 20
17.36103400845277
 30
0.0
  0
SPLINE
  5
FF
330
79
100
AcDbEntity
  8
Layer 1
 62
     1
420
 16711680
370
     0
100
AcDbSpline
210
0.0
220
0.0
230
1.0
 70
     9
 71
     3
 72
    65
 73
    61
 74
     0
 42
0.0000000001
 43
0.0000000001
 40
0.0
 40
0.0
 40
0.0
 40
0.0
 40
1.0
 40
1.0
 40
1.0
 40
2.0
 40
2.0
 40
2.0
 40
3.0
 40
3.0
 40
3.0
 40
4.0
 40
4.0
 40
4.0
 40
5.0
 40
5.0
 40
5.0
 40
6.0
 40
6.0
 40
6.0
 40
7.0
 40
7.0
 40
7.0
 40
8.0
 40
8.0
 40
8.0
 40
9.0
 40
9.0
 40
9.0
 40
10.0
 40
10.0
 40
10.0
 40
11.0
 40
11.0
 40
11.0
 40
12.0
 40
12.0
 40
12.0
 40
13.0
 40
13.0
 40
13.0
 40
14.0
 40
14.0
 40
14.0
 40
15.0
 40
15.0
 40
15.0
 40
16.0
 40
16.0
 40
16.0
 40
17.0
 40
17.0
 40
17.0
 40
18.0
 40
18.0
 40
18.0
 40
19.0
 40
19.0
 40
19.0
 40
20.0
 40
20.0
 40
20.0
 40
20.0
 10
20.00152710457621
 20
17.56848489401632
 30
0.0
 10
20.00152710457621
 20
17.56848489401632
 30
0.0
 10
18.29029436846286
 20
20.60545246615807
 30
0.0
 10
18.29029436846286
 20
20.60545246615807
 30
0.0
 10
18.27594776623849
 20
20.63091387497874
 30
0.0
 10
18.28495800302933
 20
20.66318439390938
 30
0.0
 10
18.31041924363245
 20
20.67753099613374
 30
0.0
 10
18.31851168545418
 20
20.68209103756021
 30
0.0
 10
18.32766187924911
 20
20.68444036390528
 30
0.0
 10
18.33695001143749
 20
20.68434313415965
 30
0.0
 10
18.33695001143749
 20
20.68434313415965
 30
0.0
 10
18.6901059421862
 20
20.68064773095555
 30
0.0
 10
18.6901059421862
 20
20.68064773095555
 30
0.0
 10
18.7090105672264
 20
20.68044990711324
 30
0.0
 10
18.72637347839344
 20
20.67018123480847
 30
0.0
 10
18.73565412490072
 20
20.65371038132494
 30
0.0
 10
18.73565412490072
 20
20.65371038132494
 30
0.0
 10
19.88185581923639
 20
18.61950185694407
 30
0.0
 10
19.88185581923639
 20
18.61950185694407
 30
0.0
 10
19.88185581923639
 20
18.61950185694407
 30
0.0
 10
20.1152283555314
 20
18.20533165344133
 30
0.0
 10
20.1152283555314
 20
18.20533165344133
 30
0.0
 10
20.1152283555314
 20
18.20533165344133
 30
0.0
 10
20.24067857223047
 20
17.98269155867368
 30
0.0
 10
20.24067857223047
 20
17.98269155867368
 30
0.0
 10
20.25015325768512
 20
17.96587657413112
 30
0.0
 10
20.26803141921698
 20
17.95555381988306
 30
0.0
 10
20.28733097701721
 20
17.95575462958695
 30
0.0
 10
20.28733097701721
 20
17.95575462958695
 30
0.0
 10
20.54286386949839
 20
17.9584135603383
 30
0.0
 10
20.54286386949839
 20
17.9584135603383
 30
0.0
 10
20.54286630865291
 20
17.95841360239268
 30
0.0
 10
20.54286878986182
 20
17.95841360239268
 30
0.0
 10
20.54287122901634
 20
17.95841364444707
 30
0.0
 10
20.54287122901634
 20
17.95841364444707
 30
0.0
 10
21.01821996971361
 20
17.96342619109109
 30
0.0
 10
21.01821996971361
 20
17.96342619109109
 30
0.0
 10
21.01822131545404
 20
17.96342619109109
 30
0.0
 10
21.01822274530324
 20
17.96342623314548
 30
0.0
 10
21.01822409104366
 20
17.96342623314548
 30
0.0
 10
21.01822409104366
 20
17.96342623314548
 30
0.0
 10
23.35300298212935
 20
17.98786328117721
 30
0.0
 10
23.35300298212935
 20
17.98786328117721
 30
0.0
 10
23.37190760716955
 20
17.98806110501953
 30
0.0
 10
23.3894816313656
 20
17.97815817972936
 30
0.0
 10
23.39910502113709
 20
17.96188498187059
 30
0.0
 10
23.39910502113709
 20
17.96188498187059
 30
0.0
 10
23.57888315723954
 20
17.65787723666076
 30
0.0
 10
23.57888315723954
 20
17.65787723666076
 30
0.0
 10
23.59375930832072
 20
17.63272156324265
 30
0.0
 10
23.58542581074556
 20
17.60026943243637
 30
0.0
 10
23.56027022143622
 20
17.58539340751835
 30
0.0
 10
23.55227517757768
 20
17.58066540086522
 30
0.0
 10
23.54317629013641
 20
17.5781251686247
 30
0.0
 10
23.53388832616558
 20
17.57802800196065
 30
0.0
 10
23.53388832616558
 20
17.57802800196065
 30
0.0
 10
20.04818267395567
 20
17.54154800698398
 30
0.0
 10
20.04818267395567
 20
17.54154800698398
 30
0.0
 10
20.02888200171415
 20
17.54134601975723
 30
0.0
 10
20.0110023577651
 20
17.55166894222283
 30
0.0
 10
20.00152710457621
 20
17.56848489401632
 30
0.0
  0
SPLINE
  5
100
330
79
100
AcDbEntity
  8
Layer 1
 62
     1
420
 16711680
370
     0
100
AcDbSpline
210
0.0
220
0.0
230
1.0
 70
     9
 71
     3
 72
    62
 73
    58
 74
     0
 42
0.0000000001
 43
0.0000000001
 40
0.0
 40
0.0
 40
0.0
 40
0.0
 40
1.0
 40
1.0
 40
1.0
 40
2.0
 40
2.0
 40
2.0
 40
3.0
 40
3.0
 40
3.0
 40
4.0
 40
4.0
 40
4.0
 40
5.0
 40
5.0
 40
5.0
 40
6.0
 40
6.0
 40
6.0
 40
7.0
 40
7.0
 40
7.0
 40
8.0
 40
8.0
 40
8.0
 40
9.0
 40
9.0
 40
9.0
 40
10.0
 40
10.0
 40
10.0
 40
11.0
 40
11.0
 40
11.0
 40
12.0
 40
12.0
 40
12.0
 40
13.0
 40
13.0
 40
13.0
 40
14.0
 40
14.0
 40
14.0
 40
15.0
 40
15.0
 40
15.0
 40
16.0
 40
16.0
 40
16.0
 40
17.0
 40
17.0
 40
17.0
 40
18.0
 40
18.0
 40
18.0
 40
19.0
 40
19.0
 40
19.0
 40
19.0
 10
22.39209839605442
 20
21.24029205374078
 30
0.0
 10
22.39209839605442
 20
21.24029205374078
 30
0.0
 10
20.68179857346275
 20
18.20497982642925
 30
0.0
 10
20.68179857346275
 20
18.20497982642925
 30
0.0
 10
20.66745188712961
 20
18.17951850171735
 30
0.0
 10
20.67646212392045
 20
18.14724781456916
 30
0.0
 10
20.70192344863235
 20
18.13290112823602
 30
0.0
 10
20.71001589045408
 20
18.12834133913588
 30
0.0
 10
20.71916591603145
 20
18.12599192868203
 30
0.0
 10
20.72845404821983
 20
18.12608915842766
 30
0.0
 10
20.72845404821983
 20
18.12608915842766
 30
0.0
 10
21.08161031540365
 20
18.12978481395809
 30
0.0
 10
21.08161031540365
 20
18.12978481395809
 30
0.0
 10
21.10051468811752
 20
18.12998263780041
 30
0.0
 10
21.11787751517578
 20
18.14025080545252
 30
0.0
 10
21.12715832990061
 20
18.15672149071849
 30
0.0
 10
21.12715832990061
 20
18.15672149071849
 30
0.0
 10
22.27335984944773
 20
20.19089208204116
 30
0.0
 10
22.27335984944773
 20
20.19089208204116
 30
0.0
 10
22.27335984944773
 20
20.19089208204116
 30
0.0
 10
22.50673243436813
 20
20.60506253787024
 30
0.0
 10
22.50673243436813
 20
20.60506253787024
 30
0.0
 10
22.50673243436813
 20
20.60506253787024
 30
0.0
 10
22.63124908570249
 20
20.82604590001286
 30
0.0
 10
22.63124908570249
 20
20.82604590001286
 30
0.0
 10
22.6412134524539
 20
20.84372993848857
 30
0.0
 10
22.66041498147513
 20
20.85415572598783
 30
0.0
 10
22.68067291672914
 20
20.85288130980637
 30
0.0
 10
22.68067291672914
 20
20.85288130980637
 30
0.0
 10
23.17130211939621
 20
20.82201978109958
 30
0.0
 10
23.17130211939621
 20
20.82201978109958
 30
0.0
 10
23.17130245583132
 20
20.82201978109958
 30
0.0
 10
23.17130312870153
 20
20.82201978109958
 30
0.0
 10
23.17130346513664
 20
20.82201978109958
 30
0.0
 10
23.17130346513664
 20
20.82201978109958
 30
0.0
 10
23.63039507275146
 20
20.79313043498407
 30
0.0
 10
23.63039507275146
 20
20.79313043498407
 30
0.0
 10
23.63039507275146
 20
20.79313043498407
 30
0.0
 10
25.58795081134695
 20
20.6699635612949
 30
0.0
 10
25.58795081134695
 20
20.6699635612949
 30
0.0
 10
25.60681943783081
 20
20.6687762818059
 30
0.0
 10
25.62488802163266
 20
20.67774597816646
 30
0.0
 10
25.63534980768825
 20
20.69349315973703
 30
0.0
 10
25.63534980768825
 20
20.69349315973703
 30
0.0
 10
25.82229603015874
 20
20.97488176298309
 30
0.0
 10
25.82229603015874
 20
20.97488176298309
 30
0.0
 10
25.83846846570327
 20
20.99922418864128
 30
0.0
 10
25.83184540420692
 20
21.0320679929925
 30
0.0
 10
25.80750230567853
 20
21.04824042853703
 30
0.0
 10
25.79976631685159
 20
21.05338048408621
 30
0.0
 10
25.79081310581121
 20
21.05639326046027
 30
0.0
 10
25.781542972901
 20
21.05697663893405
 30
0.0
 10
25.781542972901
 20
21.05697663893405
 30
0.0
 10
22.44152306816883
 20
21.26712746353429
 30
0.0
 10
22.44152306816883
 20
21.26712746353429
 30
0.0
 10
22.42126479647971
 20
21.26840221615085
 30
0.0
 10
22.40206276280582
 20
21.25797609221649
 30
0.0
 10
22.39209839605442
 20
21.24029205374078
 30
0.0
  0
SPLINE
  5
101
330
79
100
AcDbEntity
  8
Layer 1
 62
     1
420
 16711680
370
     0
100
AcDbSpline
210
0.0
220
0.0
230
1.0
 70
    11
 71
     3
 72
    38
 73
    34
 74
     0
 42
0.0000000001
 43
0.0000000001
 40
0.0
 40
0.0
 40
0.0
 40
0.0
 40
1.0
 40
1.0
 40
1.0
 40
2.0
 40
2.0
 40
2.0
 40
3.0
 40
3.0
 40
3.0
 40
4.0
 40
4.0
 40
4.0
 40
5.0
 40
5.0
 40
5.0
 40
6.0
 40
6.0
 40
6.0
 40
7.0
 40
7.0
 40
7.0
 40
8.0
 40
8.0
 40
8.0
 40
9.0
 40
9.0
 40
9.0
 40
10.0
 40
10.0
 40
10.0
 40
11.0
 40
11.0
 40
11.0
 40
11.0
 10
19.65816408483803
 20
33.90293530570293
 30
0.0
 10
19.65816408483803
 20
33.90293530570293
 30
0.0
 10
17.69383563420561
 20
31.87586265402871
 30
0.0
 10
17.69383563420561
 20
31.87586265402871
 30
0.0
 10
17.67349762739637
 20
31.85487583211758
 30
0.0
 10
17.63999693350072
 20
31.85434830187141
 30
0.0
 10
17.61900943871938
 20
31.87468647689819
 30
0.0
 10
17.61233893987309
 20
31.88115006815431
 30
0.0
 10
17.60748737742728
 20
31.88925680846804
 30
0.0
 10
17.60494258228564
 20
31.89818983340206
 30
0.0
 10
17.60494258228564
 20
31.89818983340206
 30
0.0
 10
17.52975438262538
 20
32.16211644534237
 30
0.0
 10
17.52975438262538
 20
32.16211644534237
 30
0.0
 10
17.52457462773369
 20
32.18029874421003
 30
0.0
 10
17.52948809423899
 20
32.19986177275263
 30
0.0
 10
17.54264405262329
 20
32.21343894788962
 30
0.0
 10
17.54264405262329
 20
32.21343894788962
 30
0.0
 10
17.96995129003563
 20
32.65441386148245
 30
0.0
 10
17.96995129003563
 20
32.65441386148245
 30
0.0
 10
17.9699528039936
 20
32.65441520722287
 30
0.0
 10
17.96995414973402
 20
32.65441789870372
 30
0.0
 10
17.969955663692
 20
32.65441924444415
 30
0.0
 10
17.969955663692
 20
32.65441924444415
 30
0.0
 10
18.24598855648595
 20
32.93921425313828
 30
0.0
 10
18.24598855648595
 20
32.93921425313828
 30
0.0
 10
18.24598990222638
 20
32.9392155988787
 30
0.0
 10
18.24599107974924
 20
32.93921694461912
 30
0.0
 10
18.24599242548967
 20
32.93921829035955
 30
0.0
 10
18.24599242548967
 20
32.93921829035955
 30
0.0
 10
19.17986327327612
 20
33.90293530570293
 30
0.0
 10
19.17986327327612
 20
33.90293530570293
 30
0.0
 10
19.17986327327612
 20
33.90293530570293
 30
0.0
 10
19.65816408483803
 20
33.90293530570293
 30
0.0
 10
19.65816408483803
 20
33.90293530570293
 30
0.0
  0
SPLINE
  5
102
330
79
100
AcDbEntity
  8
Layer 1
 62
     1
420
 16711680
370
     0
100
AcDbSpline
210
0.0
220
0.0
230
1.0
 70
     9
 71
     3
 72
    71
 73
    67
 74
     0
 42
0.0000000001
 43
0.0000000001
 40
0.0
 40
0.0
 40
0.0
 40
0.0
 40
1.0
 40
1.0
 40
1.0
 40
2.0
 40
2.0
 40
2.0
 40
3.0
 40
3.0
 40
3.0
 40
4.0
 40
4.0
 40
4.0
 40
5.0
 40
5.0
 40
5.0
 40
6.0
 40
6.0
 40
6.0
 40
7.0
 40
7.0
 40
7.0
 40
8.0
 40
8.0
 40
8.0
 40
9.0
 40
9.0
 40
9.0
 40
10.0
 40
10.0
 40
10.0
 40
11.0
 40
11.0
 40
11.0
 40
12.0
 40
12.0
 40
12.0
 40
13.0
 40
13.0
 40
13.0
 40
14.0
 40
14.0
 40
14.0
 40
15.0
 40
15.0
 40
15.0
 40
16.0
 40
16.0
 40
16.0
 40
17.0
 40
17.0
 40
17.0
 40
18.0
 40
18.0
 40
18.0
 40
19.0
 40
19.0
 40
19.0
 40
20.0
 40
20.0
 40
20.0
 40
21.0
 40
21.0
 40
21.0
 40
22.0
 40
22.0
 40
22.0
 40
22.0
 10
24.42524185099852
 20
17.36103400845277
 30
0.0
 10
24.42524185099852
 20
17.36103400845277
 30
0.0
 10
22.65076837768132
 20
20.36148722192585
 30
0.0
 10
22.65076837768132
 20
20.36148722192585
 30
0.0
 10
22.63589155372993
 20
20.38664247480008
 30
0.0
 10
22.60343919162451
 20
20.39497462663481
 30
0.0
 10
22.57828393875028
 20
20.38009780268342
 30
0.0
 10
22.57028923132684
 20
20.37536988013906
 30
0.0
 10
22.56367996366984
 20
20.36862065547797
 30
0.0
 10
22.55912009046092
 20
20.36052905474401
 30
0.0
 10
22.55912009046092
 20
20.36052905474401
 30
0.0
 10
22.3857414547269
 20
20.0528594867591
 30
0.0
 10
22.3857414547269
 20
20.0528594867591
 30
0.0
 10
22.37645971480553
 20
20.03638863327557
 30
0.0
 10
22.37667065961698
 20
20.01621699362624
 30
0.0
 10
22.38629472225869
 20
19.99994379576747
 30
0.0
 10
22.38629472225869
 20
19.99994379576747
 30
0.0
 10
23.57487352364645
 20
17.99017303434294
 30
0.0
 10
23.57487352364645
 20
17.99017303434294
 30
0.0
 10
23.57487352364645
 20
17.99017286612539
 30
0.0
 10
23.57487386008155
 20
17.99017269790784
 30
0.0
 10
23.57487386008155
 20
17.99017252969028
 30
0.0
 10
23.57487386008155
 20
17.99017252969028
 30
0.0
 10
23.8168551464938
 20
17.58101617651759
 30
0.0
 10
23.8168551464938
 20
17.58101617651759
 30
0.0
 10
23.81685548292891
 20
17.58101548262018
 30
0.0
 10
23.81685615579912
 20
17.58101476769558
 30
0.0
 10
23.81685649223423
 20
17.58101407379818
 30
0.0
 10
23.81685649223423
 20
17.58101407379818
 30
0.0
 10
23.94694316318322
 20
17.36103235518963
 30
0.0
 10
23.94694316318322
 20
17.36103235518963
 30
0.0
 10
23.95676740471298
 20
17.34441923959586
 30
0.0
 10
23.95676740471298
 20
17.3237749920743
 30
0.0
 10
23.94694316318322
 20
17.30716187713762
 30
0.0
 10
23.94694316318322
 20
17.30716187713762
 30
0.0
 10
23.81685649223423
 20
17.08718015852908
 30
0.0
 10
23.81685649223423
 20
17.08718015852908
 30
0.0
 10
23.81685615579912
 20
17.08717946463167
 30
0.0
 10
23.81685548292891
 20
17.08717874970707
 30
0.0
 10
23.8168551464938
 20
17.08717805580967
 30
0.0
 10
23.8168551464938
 20
17.08717805580967
 30
0.0
 10
23.57487386008155
 20
16.67802170263697
 30
0.0
 10
23.57487386008155
 20
16.67802170263697
 30
0.0
 10
23.57487386008155
 20
16.67802153441942
 30
0.0
 10
23.57487352364645
 20
16.67802136620187
 30
0.0
 10
23.57487352364645
 20
16.67802119798432
 30
0.0
 10
23.57487352364645
 20
16.67802119798432
 30
0.0
 10
22.38629472225869
 20
14.66825043655979
 30
0.0
 10
22.38629472225869
 20
14.66825043655979
 30
0.0
 10
22.37667065961698
 20
14.65197723870102
 30
0.0
 10
22.37645971480553
 20
14.63180559905169
 30
0.0
 10
22.3857414547269
 20
14.61533474556816
 30
0.0
 10
22.3857414547269
 20
14.61533474556816
 30
0.0
 10
22.55912009046092
 20
14.30766517758325
 30
0.0
 10
22.55912009046092
 20
14.30766517758325
 30
0.0
 10
22.57346770199061
 20
14.28220444163279
 30
0.0
 10
22.60573889379145
 20
14.27319538236482
 30
0.0
 10
22.63119962974192
 20
14.2875429938945
 30
0.0
 10
22.63929139869343
 20
14.29210303532097
 30
0.0
 10
22.64604028691941
 20
14.29871230297798
 30
0.0
 10
22.65076837768132
 20
14.30670701040141
 30
0.0
 10
22.65076837768132
 20
14.30670701040141
 30
0.0
 10
24.42524185099852
 20
17.30716022387448
 30
0.0
 10
24.42524185099852
 20
17.30716022387448
 30
0.0
 10
24.43506743826871
 20
17.32377416675693
 30
0.0
 10
24.43506743826871
 20
17.34442006622743
 30
0.0
 10
24.42524185099852
 20
17.36103400845277
 30
0.0
  0
SPLINE
  5
103
330
79
100
AcDbEntity
  8
Layer 1
 62
     1
420
 16711680
370
     0
100
AcDbSpline
210
0.0
220
0.0
230
1.0
 70
     9
 71
     3
 72
    68
 73
    64
 74
     0
 42
0.0000000001
 43
0.0000000001
 40
0.0
 40
0.0
 40
0.0
 40
0.0
 40
1.0
 40
1.0
 40
1.0
 40
2.0
 40
2.0
 40
2.0
 40
3.0
 40
3.0
 40
3.0
 40
4.0
 40
4.0
 40
4.0
 40
5.0
 40
5.0
 40
5.0
 40
6.0
 40
6.0
 40
6.0
 40
7.0
 40
7.0
 40
7.0
 40
8.0
 40
8.0
 40
8.0
 40
9.0
 40
9.0
 40
9.0
 40
10.0
 40
10.0
 40
10.0
 40
11.0
 40
11.0
 40
11.0
 40
12.0
 40
12.0
 40
12.0
 40
13.0
 40
13.0
 40
13.0
 40
14.0
 40
14.0
 40
14.0
 40
15.0
 40
15.0
 40
15.0
 40
16.0
 40
16.0
 40
16.0
 40
17.0
 40
17.0
 40
17.0
 40
18.0
 40
18.0
 40
18.0
 40
19.0
 40
19.0
 40
19.0
 40
20.0
 40
20.0
 40
20.0
 40
21.0
 40
21.0
 40
21.0
 40
21.0
 10
24.78354523886875
 20
17.574162804164
 30
0.0
 10
24.78354523886875
 20
17.574162804164
 30
0.0
 10
23.29711337301839
 20
20.56854553503191
 30
0.0
 10
23.29711337301839
 20
20.56854553503191
 30
0.0
 10
23.28411856704986
 20
20.594722541323
 30
0.0
 10
23.29480509175626
 20
20.62647764167127
 30
0.0
 10
23.32098209804735
 20
20.6394724476398
 30
0.0
 10
23.32930146534806
 20
20.64360218856573
 30
0.0
 10
23.33856083233488
 20
20.64546973983903
 30
0.0
 10
23.34783029237488
 20
20.64488703423547
 30
0.0
 10
23.34783029237488
 20
20.64488703423547
 30
0.0
 10
23.6849621554608
 20
20.6237003698714
 30
0.0
 10
23.6849621554608
 20
20.6237003698714
 30
0.0
 10
23.70383179124998
 20
20.62251443612281
 30
0.0
 10
23.72063470618312
 20
20.61135118287124
 30
0.0
 10
23.72904121017628
 20
20.59441604894145
 30
0.0
 10
23.72904121017628
 20
20.59441604894145
 30
0.0
 10
24.60115401129814
 20
18.83753106652986
 30
0.0
 10
24.60115401129814
 20
18.83753106652986
 30
0.0
 10
24.60115434773324
 20
18.83753073009475
 30
0.0
 10
24.60115434773324
 20
18.83753039365964
 30
0.0
 10
24.60115468416835
 20
18.83753005722454
 30
0.0
 10
24.60115468416835
 20
18.83753005722454
 30
0.0
 10
24.80571395730718
 20
18.42546475996236
 30
0.0
 10
24.80571395730718
 20
18.42546475996236
 30
0.0
 10
24.80571395730718
 20
18.42546475996236
 30
0.0
 10
25.02269508742906
 20
17.98837125613286
 30
0.0
 10
25.02269508742906
 20
17.98837125613286
 30
0.0
 10
25.03252639409604
 20
17.9685664989666
 30
0.0
 10
25.05363500551553
 20
17.95696222134548
 30
0.0
 10
25.07562474047758
 20
17.95927365668674
 30
0.0
 10
25.07562474047758
 20
17.95927365668674
 30
0.0
 10
25.74926606170335
 20
18.03008206002855
 30
0.0
 10
25.74926606170335
 20
18.03008206002855
 30
0.0
 10
25.74926740744377
 20
18.03008214413733
 30
0.0
 10
25.74926808031399
 20
18.0300822703005
 30
0.0
 10
25.74926942605441
 20
18.03008235440927
 30
0.0
 10
25.74926942605441
 20
18.03008235440927
 30
0.0
 10
26.19362685820278
 20
18.07676423932217
 30
0.0
 10
26.19362685820278
 20
18.07676423932217
 30
0.0
 10
26.19362753107299
 20
18.07676432343095
 30
0.0
 10
26.19362887681341
 20
18.07676440753972
 30
0.0
 10
26.19362954968362
 20
18.0767644916485
 30
0.0
 10
26.19362954968362
 20
18.0767644916485
 30
0.0
 10
27.84284587799819
 20
18.25012100677431
 30
0.0
 10
27.84284587799819
 20
18.25012100677431
 30
0.0
 10
27.86164721746086
 20
18.25209739480439
 30
0.0
 10
27.88007511395589
 20
18.24389325652748
 30
0.0
 10
27.89118756550645
 20
18.22859900071835
 30
0.0
 10
27.89118756550645
 20
18.22859900071835
 30
0.0
 10
28.08199740873403
 20
17.96598511650718
 30
0.0
 10
28.08199740873403
 20
17.96598511650718
 30
0.0
 10
28.09917578524544
 20
17.9423419291624
 30
0.0
 10
28.09393547203468
 20
17.9092493310503
 30
0.0
 10
28.07029215852672
 20
17.89207074426695
 30
0.0
 10
28.06277687112931
 20
17.88661036044248
 30
0.0
 10
28.05395688839091
 20
17.88322456164466
 30
0.0
 10
28.04471838038065
 20
17.88225365198318
 30
0.0
 10
28.04471838038065
 20
17.88225365198318
 30
0.0
 10
24.83647421904706
 20
17.54506470006522
 30
0.0
 10
24.83647421904706
 20
17.54506470006522
 30
0.0
 10
24.81448482052011
 20
17.54275366424065
 30
0.0
 10
24.79337654553573
 20
17.55435808905214
 30
0.0
 10
24.78354523886875
 20
17.574162804164
 30
0.0
  0
SPLINE
  5
104
330
79
100
AcDbEntity
  8
Layer 1
 62
     1
420
 16711680
370
     0
100
AcDbSpline
210
0.0
220
0.0
230
1.0
 70
     9
 71
     3
 72
    71
 73
    67
 74
     0
 42
0.0000000001
 43
0.0000000001
 40
0.0
 40
0.0
 40
0.0
 40
0.0
 40
1.0
 40
1.0
 40
1.0
 40
2.0
 40
2.0
 40
2.0
 40
3.0
 40
3.0
 40
3.0
 40
4.0
 40
4.0
 40
4.0
 40
5.0
 40
5.0
 40
5.0
 40
6.0
 40
6.0
 40
6.0
 40
7.0
 40
7.0
 40
7.0
 40
8.0
 40
8.0
 40
8.0
 40
9.0
 40
9.0
 40
9.0
 40
10.0
 40
10.0
 40
10.0
 40
11.0
 40
11.0
 40
11.0
 40
12.0
 40
12.0
 40
12.0
 40
13.0
 40
13.0
 40
13.0
 40
14.0
 40
14.0
 40
14.0
 40
15.0
 40
15.0
 40
15.0
 40
16.0
 40
16.0
 40
16.0
 40
17.0
 40
17.0
 40
17.0
 40
18.0
 40
18.0
 40
18.0
 40
19.0
 40
19.0
 40
19.0
 40
20.0
 40
20.0
 40
20.0
 40
21.0
 40
21.0
 40
21.0
 40
22.0
 40
22.0
 40
22.0
 40
22.0
 10
27.17488627284224
 20
21.23211768997076
 30
0.0
 10
27.17488627284224
 20
21.23211768997076
 30
0.0
 10
25.86433561526176
 20
18.28859833286641
 30
0.0
 10
25.86433561526176
 20
18.28859833286641
 30
0.0
 10
25.85244869009722
 20
18.26189993626982
 30
0.0
 10
25.86445538615949
 20
18.23062030283508
 30
0.0
 10
25.89115420329996
 20
18.21873329356177
 30
0.0
 10
25.89963909667281
 20
18.2149554637567
 30
0.0
 10
25.90896911503189
 20
18.21347750433613
 30
0.0
 10
25.91820627730172
 20
18.21444795139933
 30
0.0
 10
25.91820627730172
 20
18.21444795139933
 30
0.0
 10
26.24103392898662
 20
18.24836246047534
 30
0.0
 10
26.24103392898662
 20
18.24836246047534
 30
0.0
 10
26.25983661418971
 20
18.25033775509133
 30
0.0
 10
26.27615640831066
 20
18.26219423287878
 30
0.0
 10
26.28384664196318
 20
18.27946546547944
 30
0.0
 10
26.28384664196318
 20
18.27946546547944
 30
0.0
 10
26.95837278751768
 20
19.79439826311546
 30
0.0
 10
26.95837278751768
 20
19.79439826311546
 30
0.0
 10
26.95837346038789
 20
19.79439944063832
 30
0.0
 10
26.9583741332581
 20
19.7944006181612
 30
0.0
 10
26.95837480612832
 20
19.79440179568407
 30
0.0
 10
26.95837480612832
 20
19.79440179568407
 30
0.0
 10
27.14008878983058
 20
20.2025993508591
 30
0.0
 10
27.14008878983058
 20
20.2025993508591
 30
0.0
 10
27.14008946270079
 20
20.20260036016442
 30
0.0
 10
27.14009013557101
 20
20.20260170590484
 30
0.0
 10
27.14009080844121
 20
20.20260271521016
 30
0.0
 10
27.14009080844121
 20
20.20260271521016
 30
0.0
 10
27.41403645783766
 20
20.81787153624283
 30
0.0
 10
27.41403645783766
 20
20.81787153624283
 30
0.0
 10
27.42377827276645
 20
20.83975125692523
 30
0.0
 10
27.44700104239193
 20
20.8523598353921
 30
0.0
 10
27.47065646756369
 20
20.84861295761678
 30
0.0
 10
27.47065646756369
 20
20.84861295761678
 30
0.0
 10
28.36786699115667
 20
20.70650075023959
 30
0.0
 10
28.36786699115667
 20
20.70650075023959
 30
0.0
 10
28.36786833689709
 20
20.70650041380448
 30
0.0
 10
28.36786968263751
 20
20.70650041380448
 30
0.0
 10
28.36787102837794
 20
20.70650007736938
 30
0.0
 10
28.36787102837794
 20
20.70650007736938
 30
0.0
 10
28.79179473792941
 20
20.63938564738246
 30
0.0
 10
28.79179473792941
 20
20.63938564738246
 30
0.0
 10
28.79179608366984
 20
20.63938531094736
 30
0.0
 10
28.79179675654005
 20
20.63938531094736
 30
0.0
 10
28.79179810228047
 20
20.63938497451225
 30
0.0
 10
28.79179810228047
 20
20.63938497451225
 30
0.0
 10
30.05092869113297
 20
20.43994960803752
 30
0.0
 10
30.05092869113297
 20
20.43994960803752
 30
0.0
 10
30.06960151238515
 20
20.43699200702083
 30
0.0
 10
30.08843313100735
 20
20.44422065170795
 30
0.0
 10
30.10033082209528
 20
20.45891277278616
 30
0.0
 10
30.10033082209528
 20
20.45891277278616
 30
0.0
 10
30.29353002744554
 20
20.69748967236098
 30
0.0
 10
30.29353002744554
 20
20.69748967236098
 30
0.0
 10
30.31192226181933
 20
20.72020173349558
 30
0.0
 10
30.30841997236607
 20
20.7535232756973
 30
0.0
 10
30.28570791123148
 20
20.77191517363598
 30
0.0
 10
30.27848935959753
 20
20.77776073360241
 30
0.0
 10
30.2698591262589
 20
20.78160349538293
 30
0.0
 10
30.26068454091879
 20
20.78305655860567
 30
0.0
 10
30.26068454091879
 20
20.78305655860567
 30
0.0
 10
27.23150695543849
 20
21.26285944777981
 30
0.0
 10
27.23150695543849
 20
21.26285944777981
 30
0.0
 10
27.20785153026672
 20
21.26660666199023
 30
0.0
 10
27.18462808777104
 20
21.25399774708826
 30
0.0
 10
27.17488627284224
 20
21.23211768997076
 30
0.0
  0
SPLINE
  5
105
330
79
100
AcDbEntity
  8
Layer 1
 62
     1
420
 16711680
370
     0
100
AcDbSpline
210
0.0
220
0.0
230
1.0
 70
     9
 71
     3
 72
    71
 73
    67
 74
     0
 42
0.0000000001
 43
0.0000000001
 40
0.0
 40
0.0
 40
0.0
 40
0.0
 40
1.0
 40
1.0
 40
1.0
 40
2.0
 40
2.0
 40
2.0
 40
3.0
 40
3.0
 40
3.0
 40
4.0
 40
4.0
 40
4.0
 40
5.0
 40
5.0
 40
5.0
 40
6.0
 40
6.0
 40
6.0
 40
7.0
 40
7.0
 40
7.0
 40
8.0
 40
8.0
 40
8.0
 40
9.0
 40
9.0
 40
9.0
 40
10.0
 40
10.0
 40
10.0
 40
11.0
 40
11.0
 40
11.0
 40
12.0
 40
12.0
 40
12.0
 40
13.0
 40
13.0
 40
13.0
 40
14.0
 40
14.0
 40
14.0
 40
15.0
 40
15.0
 40
15.0
 40
16.0
 40
16.0
 40
16.0
 40
17.0
 40
17.0
 40
17.0
 40
18.0
 40
18.0
 40
18.0
 40
19.0
 40
19.0
 40
19.0
 40
20.0
 40
20.0
 40
20.0
 40
21.0
 40
21.0
 40
21.0
 40
22.0
 40
22.0
 40
22.0
 40
22.0
 10
29.20158211719776
 20
17.36520070467237
 30
0.0
 10
29.20158211719776
 20
17.36520070467237
 30
0.0
 10
27.30642432483844
 20
19.97366804577277
 30
0.0
 10
27.30642432483844
 20
19.97366804577277
 30
0.0
 10
27.28924662119724
 20
19.99731169571582
 30
0.0
 10
27.25615419130269
 20
20.00255335466702
 30
0.0
 10
27.23251020492453
 20
19.98537531459071
 30
0.0
 10
27.2249942446569
 20
19.97991497282063
 30
0.0
 10
27.219048763464
 20
19.97257210841503
 30
0.0
 10
27.21527059722383
 20
19.96408502821399
 30
0.0
 10
27.21527059722383
 20
19.96408502821399
 30
0.0
 10
27.08325615311756
 20
19.66753110791315
 30
0.0
 10
27.08325615311756
 20
19.66753110791315
 30
0.0
 10
27.07556793807567
 20
19.65026071640026
 30
0.0
 10
27.07767671331997
 20
19.63020077320611
 30
0.0
 10
27.08878849200032
 20
19.6149067697233
 30
0.0
 10
27.08878849200032
 20
19.6149067697233
 30
0.0
 10
28.06351568262205
 20
18.2733279639498
 30
0.0
 10
28.06351568262205
 20
18.2733279639498
 30
0.0
 10
28.06351635549226
 20
18.27332720697081
 30
0.0
 10
28.06351635549226
 20
18.2733265341006
 30
0.0
 10
28.06351702836247
 20
18.27332577712161
 30
0.0
 10
28.06351702836247
 20
18.27332577712161
 30
0.0
 10
28.32612212320649
 20
17.91184715677552
 30
0.0
 10
28.32612212320649
 20
17.91184715677552
 30
0.0
 10
28.3261227960767
 20
17.91184656801409
 30
0.0
 10
28.3261227960767
 20
17.91184593719826
 30
0.0
 10
28.32612346894692
 20
17.91184534843683
 30
0.0
 10
28.32612346894692
 20
17.91184534843683
 30
0.0
 10
28.72328174720693
 20
17.36520063107719
 30
0.0
 10
28.72328174720693
 20
17.36520063107719
 30
0.0
 10
28.7367566460717
 20
17.34665405578432
 30
0.0
 10
28.7367566460717
 20
17.32154017522873
 30
0.0
 10
28.72328174720693
 20
17.30299360125007
 30
0.0
 10
28.72328174720693
 20
17.30299360125007
 30
0.0
 10
28.32612346894692
 20
16.75634888389043
 30
0.0
 10
28.32612346894692
 20
16.75634888389043
 30
0.0
 10
28.3261227960767
 20
16.75634829512899
 30
0.0
 10
28.3261227960767
 20
16.75634766431317
 30
0.0
 10
28.32612212320649
 20
16.75634707555174
 30
0.0
 10
28.32612212320649
 20
16.75634707555174
 30
0.0
 10
28.06351702836247
 20
16.39486845520565
 30
0.0
 10
28.06351702836247
 20
16.39486845520565
 30
0.0
 10
28.06351635549226
 20
16.39486769822666
 30
0.0
 10
28.06351635549226
 20
16.39486702535644
 30
0.0
 10
28.06351568262205
 20
16.39486626837746
 30
0.0
 10
28.06351568262205
 20
16.39486626837746
 30
0.0
 10
27.08878849200032
 20
15.05328746260395
 30
0.0
 10
27.08878849200032
 20
15.05328746260395
 30
0.0
 10
27.07767671331997
 20
15.03799345912115
 30
0.0
 10
27.07556793807567
 20
15.017933515927
 30
0.0
 10
27.08325615311756
 20
15.00066312441411
 30
0.0
 10
27.08325615311756
 20
15.00066312441411
 30
0.0
 10
27.21527059722383
 20
14.70410920411327
 30
0.0
 10
27.21527059722383
 20
14.70410920411327
 30
0.0
 10
27.22715617664794
 20
14.67741005053769
 30
0.0
 10
27.25843454845103
 20
14.66540116764723
 30
0.0
 10
27.28513403846172
 20
14.67728657885379
 30
0.0
 10
27.29362095044521
 20
14.68106457687641
 30
0.0
 10
27.30096398306836
 20
14.68701039450442
 30
0.0
 10
27.30642432483844
 20
14.69452618655449
 30
0.0
 10
27.30642432483844
 20
14.69452618655449
 30
0.0
 10
29.20158211719776
 20
17.30299352765489
 30
0.0
 10
29.20158211719776
 20
17.30299352765489
 30
0.0
 10
29.21505701606253
 20
17.32154013317434
 30
0.0
 10
29.21505701606253
 20
17.34665410046711
 30
0.0
 10
29.20158211719776
 20
17.36520070467237
 30
0.0
  0
SPLINE
  5
106
330
79
100
AcDbEntity
  8
Layer 1
 62
     1
420
 16711680
370
     0
100
AcDbSpline
210
0.0
220
0.0
230
1.0
 70
     9
 71
     3
 72
    71
 73
    67
 74
     0
 42
0.0000000001
 43
0.0000000001
 40
0.0
 40
0.0
 40
0.0
 40
0.0
 40
1.0
 40
1.0
 40
1.0
 40
2.0
 40
2.0
 40
2.0
 40
3.0
 40
3.0
 40
3.0
 40
4.0
 40
4.0
 40
4.0
 40
5.0
 40
5.0
 40
5.0
 40
6.0
 40
6.0
 40
6.0
 40
7.0
 40
7.0
 40
7.0
 40
8.0
 40
8.0
 40
8.0
 40
9.0
 40
9.0
 40
9.0
 40
10.0
 40
10.0
 40
10.0
 40
11.0
 40
11.0
 40
11.0
 40
12.0
 40
12.0
 40
12.0
 40
13.0
 40
13.0
 40
13.0
 40
14.0
 40
14.0
 40
14.0
 40
15.0
 40
15.0
 40
15.0
 40
16.0
 40
16.0
 40
16.0
 40
17.0
 40
17.0
 40
17.0
 40
18.0
 40
18.0
 40
18.0
 40
19.0
 40
19.0
 40
19.0
 40
20.0
 40
20.0
 40
20.0
 40
21.0
 40
21.0
 40
21.0
 40
22.0
 40
22.0
 40
22.0
 40
22.0
 10
29.56696544543826
 20
17.58274755568175
 30
0.0
 10
29.56696544543826
 20
17.58274755568175
 30
0.0
 10
28.46928400811434
 20
20.44235343686976
 30
0.0
 10
28.46928400811434
 20
20.44235343686976
 30
0.0
 10
28.45881078326514
 20
20.46963731465953
 30
0.0
 10
28.47243842366803
 20
20.50024584416661
 30
0.0
 10
28.49972263789291
 20
20.51071906901582
 30
0.0
 10
28.5083952620549
 20
20.5140477579544
 30
0.0
 10
28.51779054882453
 20
20.51503519499045
 30
0.0
 10
28.52696580703486
 20
20.51358179533261
 30
0.0
 10
28.52696580703486
 20
20.51358179533261
 30
0.0
 10
28.83019073083465
 20
20.46554861881654
 30
0.0
 10
28.83019073083465
 20
20.46554861881654
 30
0.0
 10
28.84886287921662
 20
20.46259068136475
 30
0.0
 10
28.86453940941493
 20
20.44989597551075
 30
0.0
 10
28.87131386670897
 20
20.43224625341586
 30
0.0
 10
28.87131386670897
 20
20.43224625341586
 30
0.0
 10
29.32814362110628
 20
19.24209730938848
 30
0.0
 10
29.32814362110628
 20
19.24209730938848
 30
0.0
 10
29.32814362110628
 20
19.24209680473582
 30
0.0
 10
29.3281442939765
 20
19.24209613186561
 30
0.0
 10
29.3281442939765
 20
19.24209562721295
 30
0.0
 10
29.3281442939765
 20
19.24209562721295
 30
0.0
 10
29.48196511591205
 20
18.84139552837471
 30
0.0
 10
29.48196511591205
 20
18.84139552837471
 30
0.0
 10
29.48196511591205
 20
18.84139536015716
 30
0.0
 10
29.48196578878226
 20
18.84139502372205
 30
0.0
 10
29.48196578878226
 20
18.8413948555045
 30
0.0
 10
29.48196578878226
 20
18.8413948555045
 30
0.0
 10
29.80611630330388
 20
17.99695506142687
 30
0.0
 10
29.80611630330388
 20
17.99695506142687
 30
0.0
 10
29.81533193372693
 20
17.97294839800446
 30
0.0
 10
29.84047103771607
 20
17.95904164262677
 30
0.0
 10
29.8657050164051
 20
17.96399186466741
 30
0.0
 10
29.8657050164051
 20
17.96399186466741
 30
0.0
 10
30.91315601953578
 20
18.16947810063199
 30
0.0
 10
30.91315601953578
 20
18.16947810063199
 30
0.0
 10
30.91315601953578
 20
18.16947818474077
 30
0.0
 10
30.91315669240599
 20
18.16947818474077
 30
0.0
 10
30.91315669240599
 20
18.16947826884955
 30
0.0
 10
30.91315669240599
 20
18.16947826884955
 30
0.0
 10
31.32154853885473
 20
18.24960306492865
 30
0.0
 10
31.32154853885473
 20
18.24960306492865
 30
0.0
 10
31.32154853885473
 20
18.24960314903742
 30
0.0
 10
31.32154853885473
 20
18.24960314903742
 30
0.0
 10
31.32154853885473
 20
18.2496032331462
 30
0.0
 10
31.32154853885473
 20
18.2496032331462
 30
0.0
 10
32.30663725787047
 20
18.44288528564131
 30
0.0
 10
32.30663725787047
 20
18.44288528564131
 30
0.0
 10
32.32518828961429
 20
18.44652534527048
 30
0.0
 10
32.3442735803064
 20
18.43999160729476
 30
0.0
 10
32.35670149312136
 20
18.42574534684075
 30
0.0
 10
32.35670149312136
 20
18.42574534684075
 30
0.0
 10
32.54995250947794
 20
18.20422284744079
 30
0.0
 10
32.54995250947794
 20
18.20422284744079
 30
0.0
 10
32.5691642997699
 20
18.18220022594713
 30
0.0
 10
32.5668859612322
 20
18.1487727907958
 30
0.0
 10
32.54486426493507
 20
18.12956057995996
 30
0.0
 10
32.53786372324981
 20
18.12345428278639
 30
0.0
 10
32.52938017561739
 20
18.11929804759587
 30
0.0
 10
32.52026547572614
 20
18.11750955857248
 30
0.0
 10
32.52026547572614
 20
18.11750955857248
 30
0.0
 10
29.6265555042799
 20
17.54978416967754
 30
0.0
 10
29.6265555042799
 20
17.54978416967754
 30
0.0
 10
29.60132152559087
 20
17.5448332537395
 30
0.0
 10
29.5761810758613
 20
17.55874021938912
 30
0.0
 10
29.56696544543826
 20
17.58274755568175
 30
0.0
  0
SPLINE
  5
107
330
79
100
AcDbEntity
  8
Layer 1
 62
     1
420
 16711680
370
     0
100
AcDbSpline
210
0.0
220
0.0
230
1.0
 70
     9
 71
     3
 72
    65
 73
    61
 74
     0
 42
0.0000000001
 43
0.0000000001
 40
0.0
 40
0.0
 40
0.0
 40
0.0
 40
1.0
 40
1.0
 40
1.0
 40
2.0
 40
2.0
 40
2.0
 40
3.0
 40
3.0
 40
3.0
 40
4.0
 40
4.0
 40
4.0
 40
5.0
 40
5.0
 40
5.0
 40
6.0
 40
6.0
 40
6.0
 40
7.0
 40
7.0
 40
7.0
 40
8.0
 40
8.0
 40
8.0
 40
9.0
 40
9.0
 40
9.0
 40
10.0
 40
10.0
 40
10.0
 40
11.0
 40
11.0
 40
11.0
 40
12.0
 40
12.0
 40
12.0
 40
13.0
 40
13.0
 40
13.0
 40
14.0
 40
14.0
 40
14.0
 40
15.0
 40
15.0
 40
15.0
 40
16.0
 40
16.0
 40
16.0
 40
17.0
 40
17.0
 40
17.0
 40
18.0
 40
18.0
 40
18.0
 40
19.0
 40
19.0
 40
19.0
 40
20.0
 40
20.0
 40
20.0
 40
20.0
 10
31.9587310605155
 20
21.22341714169497
 30
0.0
 10
31.9587310605155
 20
21.22341714169497
 30
0.0
 10
31.004794213703
 20
18.43721711108451
 30
0.0
 10
31.004794213703
 20
18.43721711108451
 30
0.0
 10
30.99532760269089
 20
18.40956769655208
 30
0.0
 10
31.01006749755415
 20
18.37947929571885
 30
0.0
 10
31.03771708030413
 20
18.37001276881552
 30
0.0
 10
31.04650476527237
 20
18.36700402966273
 30
0.0
 10
31.05592965833133
 20
18.36636135450152
 30
0.0
 10
31.06504435822258
 20
18.36814942298104
 30
0.0
 10
31.06504435822258
 20
18.36814942298104
 30
0.0
 10
31.35355562909738
 20
18.42474882605683
 30
0.0
 10
31.35355562909738
 20
18.42474882605683
 30
0.0
 10
31.37210800658162
 20
18.42838846514212
 30
0.0
 10
31.38730949041028
 20
18.44164939127949
 30
0.0
 10
31.39343260933915
 20
18.45953613190654
 30
0.0
 10
31.39343260933915
 20
18.45953613190654
 30
0.0
 10
31.71857560742341
 20
19.40927039959267
 30
0.0
 10
31.71857560742341
 20
19.40927039959267
 30
0.0
 10
31.71857560742341
 20
19.40927157711555
 30
0.0
 10
31.71857695316384
 20
19.40927292285597
 30
0.0
 10
31.71857695316384
 20
19.40927410037884
 30
0.0
 10
31.71857695316384
 20
19.40927410037884
 30
0.0
 10
31.85341879790077
 20
19.80304615929716
 30
0.0
 10
31.85341879790077
 20
19.80304615929716
 30
0.0
 10
31.85341879790077
 20
19.80304716860247
 30
0.0
 10
31.85342014364119
 20
19.80304817790779
 30
0.0
 10
31.85342014364119
 20
19.80304918721311
 30
0.0
 10
31.85342014364119
 20
19.80304918721311
 30
0.0
 10
32.19788259125134
 20
20.80917031509684
 30
0.0
 10
32.19788259125134
 20
20.80917031509684
 30
0.0
 10
32.20675774934713
 20
20.83509465862334
 30
0.0
 10
32.23395650905509
 20
20.84995466081943
 30
0.0
 10
32.2605671801978
 20
20.84341940888575
 30
0.0
 10
32.2605671801978
 20
20.84341940888575
 30
0.0
 10
33.49460307449514
 20
20.54031963894538
 30
0.0
 10
33.49460307449514
 20
20.54031963894538
 30
0.0
 10
33.49460307449514
 20
20.54031963894538
 30
0.0
 10
33.88172011058204
 20
20.44523332137696
 30
0.0
 10
33.88172011058204
 20
20.44523332137696
 30
0.0
 10
33.88172011058204
 20
20.44523332137696
 30
0.0
 10
34.51601063607179
 20
20.28943930754482
 30
0.0
 10
34.51601063607179
 20
20.28943930754482
 30
0.0
 10
34.53436922693498
 20
20.28493006781935
 30
0.0
 10
34.55373981459697
 20
20.290557281402
 30
0.0
 10
34.5668244487388
 20
20.30420107068996
 30
0.0
 10
34.5668244487388
 20
20.30420107068996
 30
0.0
 10
34.75815778499129
 20
20.50370708853695
 30
0.0
 10
34.75815778499129
 20
20.50370708853695
 30
0.0
 10
34.77838695504374
 20
20.52479988750646
 30
0.0
 10
34.77768582428288
 20
20.55829738526861
 30
0.0
 10
34.75659403461869
 20
20.57852621888595
 30
0.0
 10
34.74988955582669
 20
20.58495616663147
 30
0.0
 10
34.7416105607387
 20
20.58950779718029
 30
0.0
 10
34.7325887169367
 20
20.59172355878828
 30
0.0
 10
34.7325887169367
 20
20.59172355878828
 30
0.0
 10
32.02141699520239
 20
21.25766556261367
 30
0.0
 10
32.02141699520239
 20
21.25766556261367
 30
0.0
 10
31.99480632405968
 20
21.26420182385267
 30
0.0
 10
31.96760756435172
 20
21.24934182165658
 30
0.0
 10
31.9587310605155
 20
21.22341714169497
 30
0.0
  0
SPLINE
  5
108
330
79
100
AcDbEntity
  8
Layer 1
 62
     1
420
 16711680
370
     0
100
AcDbSpline
210
0.0
220
0.0
230
1.0
 70
     9
 71
     3
 72
    71
 73
    67
 74
     0
 42
0.0000000001
 43
0.0000000001
 40
0.0
 40
0.0
 40
0.0
 40
0.0
 40
1.0
 40
1.0
 40
1.0
 40
2.0
 40
2.0
 40
2.0
 40
3.0
 40
3.0
 40
3.0
 40
4.0
 40
4.0
 40
4.0
 40
5.0
 40
5.0
 40
5.0
 40
6.0
 40
6.0
 40
6.0
 40
7.0
 40
7.0
 40
7.0
 40
8.0
 40
8.0
 40
8.0
 40
9.0
 40
9.0
 40
9.0
 40
10.0
 40
10.0
 40
10.0
 40
11.0
 40
11.0
 40
11.0
 40
12.0
 40
12.0
 40
12.0
 40
13.0
 40
13.0
 40
13.0
 40
14.0
 40
14.0
 40
14.0
 40
15.0
 40
15.0
 40
15.0
 40
16.0
 40
16.0
 40
16.0
 40
17.0
 40
17.0
 40
17.0
 40
18.0
 40
18.0
 40
18.0
 40
19.0
 40
19.0
 40
19.0
 40
20.0
 40
20.0
 40
20.0
 40
21.0
 40
21.0
 40
21.0
 40
22.0
 40
22.0
 40
22.0
 40
22.0
 10
33.9768424267068
 20
17.36888328391645
 30
0.0
 10
33.9768424267068
 20
17.36888328391645
 30
0.0
 10
32.03940819892985
 20
19.58979878598146
 30
0.0
 10
32.03940819892985
 20
19.58979878598146
 30
0.0
 10
32.02019640863789
 20
19.6118214915839
 30
0.0
 10
31.98676821650757
 20
19.61409999833916
 30
0.0
 10
31.96474652021045
 20
19.59488803982964
 30
0.0
 10
31.95774597852519
 20
19.58878157443853
 30
0.0
 10
31.95247740476552
 20
19.58093994498831
 30
0.0
 10
31.94946832917762
 20
19.57215158714986
 30
0.0
 10
31.94946832917762
 20
19.57215158714986
 30
0.0
 10
31.85424508252106
 20
19.29399780744781
 30
0.0
 10
31.85424508252106
 20
19.29399780744781
 30
0.0
 10
31.8481219635922
 20
19.27611140325586
 30
0.0
 10
31.85200711619607
 20
19.25631724379544
 30
0.0
 10
31.86443502901103
 20
19.24207140388532
 30
0.0
 10
31.86443502901103
 20
19.24207140388532
 30
0.0
 10
32.52437805846165
 20
18.48561759062754
 30
0.0
 10
32.52437805846165
 20
18.48561759062754
 30
0.0
 10
32.52437940420208
 20
18.48561649721344
 30
0.0
 10
32.52437940420208
 20
18.48561531969057
 30
0.0
 10
32.5243807499425
 20
18.48561422627648
 30
0.0
 10
32.5243807499425
 20
18.48561422627648
 30
0.0
 10
32.79796708664575
 20
18.17196637467583
 30
0.0
 10
32.79796708664575
 20
18.17196637467583
 30
0.0
 10
32.79796708664575
 20
18.17196570180562
 30
0.0
 10
32.79796843238618
 20
18.17196502893541
 30
0.0
 10
32.79796843238618
 20
18.17196435606519
 30
0.0
 10
32.79796843238618
 20
18.17196435606519
 30
0.0
 10
33.49854205671597
 20
17.36888325237566
 30
0.0
 10
33.49854205671597
 20
17.36888325237566
 30
0.0
 10
33.51592902299309
 20
17.34895160923486
 30
0.0
 10
33.51592902299309
 20
17.3192426217782
 30
0.0
 10
33.49854205671597
 20
17.2993109799516
 30
0.0
 10
33.49854205671597
 20
17.2993109799516
 30
0.0
 10
32.79796843238618
 20
16.49622987626206
 30
0.0
 10
32.79796843238618
 20
16.49622987626206
 30
0.0
 10
32.79796843238618
 20
16.49622920339185
 30
0.0
 10
32.79796708664575
 20
16.49622853052164
 30
0.0
 10
32.79796708664575
 20
16.49622785765142
 30
0.0
 10
32.79796708664575
 20
16.49622785765142
 30
0.0
 10
32.5243807499425
 20
16.18258000605078
 30
0.0
 10
32.5243807499425
 20
16.18258000605078
 30
0.0
 10
32.52437940420208
 20
16.18257891263668
 30
0.0
 10
32.52437940420208
 20
16.18257773511381
 30
0.0
 10
32.52437805846165
 20
16.18257664169972
 30
0.0
 10
32.52437805846165
 20
16.18257664169972
 30
0.0
 10
31.86443502901103
 20
15.42612282844194
 30
0.0
 10
31.86443502901103
 20
15.42612282844194
 30
0.0
 10
31.85200711619607
 20
15.41187698853181
 30
0.0
 10
31.8481219635922
 20
15.3920828290714
 30
0.0
 10
31.85424508252106
 20
15.37419642487945
 30
0.0
 10
31.85424508252106
 20
15.37419642487945
 30
0.0
 10
31.94946832917762
 20
15.09604264517739
 30
0.0
 10
31.94946832917762
 20
15.09604264517739
 30
0.0
 10
31.95893426731951
 20
15.06839306242741
 30
0.0
 10
31.98902233171765
 20
15.05365199004129
 30
0.0
 10
32.01667191446762
 20
15.06311775996563
 30
0.0
 10
32.02545959943586
 20
15.06612649911842
 30
0.0
 10
32.03330122888607
 20
15.07139557753075
 30
0.0
 10
32.03940819892985
 20
15.07839544634579
 30
0.0
 10
32.03940819892985
 20
15.07839544634579
 30
0.0
 10
33.9768424267068
 20
17.29931094841081
 30
0.0
 10
33.9768424267068
 20
17.29931094841081
 30
0.0
 10
33.99422939298392
 20
17.3192426020652
 30
0.0
 10
33.99422939298392
 20
17.34895163026205
 30
0.0
 10
33.9768424267068
 20
17.36888328391645
 30
0.0
  0
SPLINE
  5
109
330
79
100
AcDbEntity
  8
Layer 1
 62
     1
420
 16711680
370
     0
100
AcDbSpline
210
0.0
220
0.0
230
1.0
 70
     9
 71
     3
 72
    65
 73
    61
 74
     0
 42
0.0000000001
 43
0.0000000001
 40
0.0
 40
0.0
 40
0.0
 40
0.0
 40
1.0
 40
1.0
 40
1.0
 40
2.0
 40
2.0
 40
2.0
 40
3.0
 40
3.0
 40
3.0
 40
4.0
 40
4.0
 40
4.0
 40
5.0
 40
5.0
 40
5.0
 40
6.0
 40
6.0
 40
6.0
 40
7.0
 40
7.0
 40
7.0
 40
8.0
 40
8.0
 40
8.0
 40
9.0
 40
9.0
 40
9.0
 40
10.0
 40
10.0
 40
10.0
 40
11.0
 40
11.0
 40
11.0
 40
12.0
 40
12.0
 40
12.0
 40
13.0
 40
13.0
 40
13.0
 40
14.0
 40
14.0
 40
14.0
 40
15.0
 40
15.0
 40
15.0
 40
16.0
 40
16.0
 40
16.0
 40
17.0
 40
17.0
 40
17.0
 40
18.0
 40
18.0
 40
18.0
 40
19.0
 40
19.0
 40
19.0
 40
20.0
 40
20.0
 40
20.0
 40
20.0
 10
20.00212401404941
 20
33.64781521909679
 30
0.0
 10
20.00212401404941
 20
33.64781521909679
 30
0.0
 10
19.16651983642901
 20
30.93166425779394
 30
0.0
 10
19.16651983642901
 20
30.93166425779394
 30
0.0
 10
19.15792635862571
 20
30.90373072381451
 30
0.0
 10
19.17360415045567
 20
30.87412039726688
 30
0.0
 10
19.20153722183682
 20
30.86552649891969
 30
0.0
 10
19.21041452470641
 20
30.86279599159955
 30
0.0
 10
19.21985426296443
 20
30.8624501363106
 30
0.0
 10
19.22890785782955
 20
30.86452257656344
 30
0.0
 10
19.22890785782955
 20
30.86452257656344
 30
0.0
 10
19.5041756971925
 20
30.927550329318
 30
0.0
 10
19.5041756971925
 20
30.927550329318
 30
0.0
 10
19.52260573846132
 20
30.93177057128743
 30
0.0
 10
19.53738394487228
 20
30.94550250657317
 30
0.0
 10
19.54294260980208
 20
30.96357445472607
 30
0.0
 10
19.54294260980208
 20
30.96357445472607
 30
0.0
 10
19.76943588532493
 20
31.69984249806007
 30
0.0
 10
19.76943588532493
 20
31.69984249806007
 30
0.0
 10
19.76943595892011
 20
31.69984249806007
 30
0.0
 10
19.76943603251529
 20
31.69984384380049
 30
0.0
 10
19.76943610611047
 20
31.69984384380049
 30
0.0
 10
19.76943610611047
 20
31.69984384380049
 30
0.0
 10
19.88839897410957
 20
32.0865396631347
 30
0.0
 10
19.88839897410957
 20
32.0865396631347
 30
0.0
 10
19.88839897410957
 20
32.0865396631347
 30
0.0
 10
20.24127467215669
 20
33.23360573679542
 30
0.0
 10
20.24127467215669
 20
33.23360573679542
 30
0.0
 10
20.2495514383621
 20
33.26051112509097
 30
0.0
 10
20.2774428548717
 20
33.27622668176157
 30
0.0
 10
20.30474384879749
 20
33.26936878856125
 30
0.0
 10
20.30474384879749
 20
33.26936878856125
 30
0.0
 10
21.55755345282442
 20
32.95467546486876
 30
0.0
 10
21.55755345282442
 20
32.95467546486876
 30
0.0
 10
21.55755378925952
 20
32.95467546486876
 30
0.0
 10
21.55755429391218
 20
32.95467411912833
 30
0.0
 10
21.55755463034729
 20
32.95467411912833
 30
0.0
 10
21.55755463034729
 20
32.95467411912833
 30
0.0
 10
21.94222275529774
 20
32.85805803113301
 30
0.0
 10
21.94222275529774
 20
32.85805803113301
 30
0.0
 10
21.94222275529774
 20
32.85805803113301
 30
0.0
 10
22.53778892721883
 20
32.70846417986901
 30
0.0
 10
22.53778892721883
 20
32.70846417986901
 30
0.0
 10
22.55612447227727
 20
32.70385905613833
 30
0.0
 10
22.57552416157592
 20
32.70938601205939
 30
0.0
 10
22.58868028817777
 20
32.72296184145595
 30
0.0
 10
22.58868028817777
 20
32.72296184145595
 30
0.0
 10
22.77963277989028
 20
32.92000246284632
 30
0.0
 10
22.77963277989028
 20
32.92000246284632
 30
0.0
 10
22.79997129135218
 20
32.94098928475744
 30
0.0
 10
22.79944577971664
 20
32.97449014687064
 30
0.0
 10
22.77845895780552
 20
32.99482832189743
 30
0.0
 10
22.77178845895922
 20
33.00129325889397
 30
0.0
 10
22.76353335076375
 20
33.00588761670125
 30
0.0
 10
22.75452395506068
 20
33.0081511520943
 30
0.0
 10
22.75452395506068
 20
33.0081511520943
 30
0.0
 10
20.06559290682309
 20
33.68357827086261
 30
0.0
 10
20.06559290682309
 20
33.68357827086261
 30
0.0
 10
20.03829200751967
 20
33.69043616406294
 30
0.0
 10
20.01040078025482
 20
33.67471926165191
 30
0.0
 10
20.00212401404941
 20
33.64781521909679
 30
0.0
  0
SPLINE
  5
10A
330
79
100
AcDbEntity
  8
Layer 1
 62
     1
420
 16711680
370
     0
100
AcDbSpline
210
0.0
220
0.0
230
1.0
 70
     9
 71
     3
 72
    71
 73
    67
 74
     0
 42
0.0000000001
 43
0.0000000001
 40
0.0
 40
0.0
 40
0.0
 40
0.0
 40
1.0
 40
1.0
 40
1.0
 40
2.0
 40
2.0
 40
2.0
 40
3.0
 40
3.0
 40
3.0
 40
4.0
 40
4.0
 40
4.0
 40
5.0
 40
5.0
 40
5.0
 40
6.0
 40
6.0
 40
6.0
 40
7.0
 40
7.0
 40
7.0
 40
8.0
 40
8.0
 40
8.0
 40
9.0
 40
9.0
 40
9.0
 40
10.0
 40
10.0
 40
10.0
 40
11.0
 40
11.0
 40
11.0
 40
12.0
 40
12.0
 40
12.0
 40
13.0
 40
13.0
 40
13.0
 40
14.0
 40
14.0
 40
14.0
 40
15.0
 40
15.0
 40
15.0
 40
16.0
 40
16.0
 40
16.0
 40
17.0
 40
17.0
 40
17.0
 40
18.0
 40
18.0
 40
18.0
 40
19.0
 40
19.0
 40
19.0
 40
20.0
 40
20.0
 40
20.0
 40
21.0
 40
21.0
 40
21.0
 40
22.0
 40
22.0
 40
22.0
 40
22.0
 10
34.35145753425543
 20
17.5909830455051
 30
0.0
 10
34.35145753425543
 20
17.5909830455051
 30
0.0
 10
33.57355228220516
 20
20.2685988349048
 30
0.0
 10
33.57355228220516
 20
20.2685988349048
 30
0.0
 10
33.5653984409766
 20
20.29666357857556
 30
0.0
 10
33.58154059736159
 20
20.32602393383945
 30
0.0
 10
33.60960466816214
 20
20.33417743863291
 30
0.0
 10
33.61852423569192
 20
20.33676899825429
 30
0.0
 10
33.62796998772745
 20
20.3369668220966
 30
0.0
 10
33.63699048578902
 20
20.33475106048861
 30
0.0
 10
33.63699048578902
 20
20.33475106048861
 30
0.0
 10
33.90542936537076
 20
20.26881549911305
 30
0.0
 10
33.90542936537076
 20
20.26881549911305
 30
0.0
 10
33.92378930197438
 20
20.26430592295247
 30
0.0
 10
33.93834886762083
 20
20.25034420248935
 30
0.0
 10
33.94362282434219
 20
20.23218915486527
 30
0.0
 10
33.94362282434219
 20
20.23218915486527
 30
0.0
 10
34.1258454979247
 20
19.60495535572348
 30
0.0
 10
34.1258454979247
 20
19.60495535572348
 30
0.0
 10
34.1258454979247
 20
19.60495485107082
 30
0.0
 10
34.1258454979247
 20
19.60495434641816
 30
0.0
 10
34.1258454979247
 20
19.6049538417655
 30
0.0
 10
34.1258454979247
 20
19.6049538417655
 30
0.0
 10
34.23703999193242
 20
19.2221620154011
 30
0.0
 10
34.23703999193242
 20
19.2221620154011
 30
0.0
 10
34.23703999193242
 20
19.22216134253089
 30
0.0
 10
34.23704133767284
 20
19.22216050144313
 30
0.0
 10
34.23704133767284
 20
19.22215982857292
 30
0.0
 10
34.23704133767284
 20
19.22215982857292
 30
0.0
 10
34.59060771925084
 20
18.00519074049496
 30
0.0
 10
34.59060771925084
 20
18.00519074049496
 30
0.0
 10
34.59864044384126
 20
17.97754115774498
 30
0.0
 10
34.6273060606113
 20
17.96138865598049
 30
0.0
 10
34.65511847795257
 20
17.96884048330604
 30
0.0
 10
34.65511847795257
 20
17.96884048330604
 30
0.0
 10
35.96730151866728
 20
18.32042955165741
 30
0.0
 10
35.96730151866728
 20
18.32042955165741
 30
0.0
 10
35.9673028644077
 20
18.32042980398374
 30
0.0
 10
35.96730421014812
 20
18.32043005631007
 30
0.0
 10
35.96730555588854
 20
18.3204303086364
 30
0.0
 10
35.96730555588854
 20
18.3204303086364
 30
0.0
 10
36.34450852227239
 20
18.42152283393436
 30
0.0
 10
36.34450852227239
 20
18.42152283393436
 30
0.0
 10
36.34450986801281
 20
18.42152333858702
 30
0.0
 10
36.34451255949365
 20
18.42152384323967
 30
0.0
 10
36.34451390523408
 20
18.42152434789234
 30
0.0
 10
36.34451390523408
 20
18.42152434789234
 30
0.0
 10
36.82422191970834
 20
18.55003069903975
 30
0.0
 10
36.82422191970834
 20
18.55003069903975
 30
0.0
 10
36.84248092578016
 20
18.55492229726317
 30
0.0
 10
36.86196320989733
 20
18.54970225426754
 30
0.0
 10
36.87533044952818
 20
18.53633661270344
 30
0.0
 10
36.87533044952818
 20
18.53633661270344
 30
0.0
 10
37.06506100893578
 20
18.3466316223639
 30
0.0
 10
37.06506100893578
 20
18.3466316223639
 30
0.0
 10
37.08572754462601
 20
18.3259678622633
 30
0.0
 10
37.08573023610686
 20
18.29246287882005
 30
0.0
 10
37.06506639189747
 20
18.27179617491227
 30
0.0
 10
37.05849783288829
 20
18.26522669070654
 30
0.0
 10
37.05031573111082
 20
18.26050221662202
 30
0.0
 10
37.04134233396409
 20
18.25809771491957
 30
0.0
 10
37.04134233396409
 20
18.25809771491957
 30
0.0
 10
34.41596829295715
 20
17.55463249393545
 30
0.0
 10
34.41596829295715
 20
17.55463249393545
 30
0.0
 10
34.38815587561588
 20
17.5471806876371
 30
0.0
 10
34.35949025884584
 20
17.56333333659195
 30
0.0
 10
34.35145753425543
 20
17.5909830455051
 30
0.0
  0
SPLINE
  5
10B
330
79
100
AcDbEntity
  8
Layer 1
 62
     1
420
 16711680
370
     0
100
AcDbSpline
210
0.0
220
0.0
230
1.0
 70
    11
 71
     3
 72
    38
 73
    34
 74
     0
 42
0.0000000001
 43
0.0000000001
 40
0.0
 40
0.0
 40
0.0
 40
0.0
 40
1.0
 40
1.0
 40
1.0
 40
2.0
 40
2.0
 40
2.0
 40
3.0
 40
3.0
 40
3.0
 40
4.0
 40
4.0
 40
4.0
 40
5.0
 40
5.0
 40
5.0
 40
6.0
 40
6.0
 40
6.0
 40
7.0
 40
7.0
 40
7.0
 40
8.0
 40
8.0
 40
8.0
 40
9.0
 40
9.0
 40
9.0
 40
10.0
 40
10.0
 40
10.0
 40
11.0
 40
11.0
 40
11.0
 40
11.0
 10
36.75741801932423
 20
21.26921201545095
 30
0.0
 10
36.75741801932423
 20
21.26921201545095
 30
0.0
 10
36.04053805827773
 20
18.59377230934393
 30
0.0
 10
36.04053805827773
 20
18.59377230934393
 30
0.0
 10
36.03297365135485
 20
18.56554304890635
 30
0.0
 10
36.0497267738923
 20
18.53652695086465
 30
0.0
 10
36.07795637076499
 20
18.52896304859442
 30
0.0
 10
36.08692707643089
 20
18.52655921976218
 30
0.0
 10
36.09637282846641
 20
18.52655896743586
 30
0.0
 10
36.10534487987273
 20
18.52896237572421
 30
0.0
 10
36.10534487987273
 20
18.52896237572421
 30
0.0
 10
36.36451295367404
 20
18.59839442304746
 30
0.0
 10
36.36451295367404
 20
18.59839442304746
 30
0.0
 10
36.38277465122671
 20
18.60328686235864
 30
0.0
 10
36.39703949972032
 20
18.61755061743816
 30
0.0
 10
36.40193261190172
 20
18.63581223088205
 30
0.0
 10
36.40193261190172
 20
18.63581223088205
 30
0.0
 10
36.53047369997383
 20
19.11551780620179
 30
0.0
 10
36.53047369997383
 20
19.11551780620179
 30
0.0
 10
36.53047369997383
 20
19.115518479072
 30
0.0
 10
36.53047504571425
 20
19.11551932015977
 30
0.0
 10
36.53047504571425
 20
19.11551999302998
 30
0.0
 10
36.53047504571425
 20
19.11551999302998
 30
0.0
 10
36.63156706635955
 20
19.49272464158935
 30
0.0
 10
36.63156706635955
 20
19.49272464158935
 30
0.0
 10
36.63156706635955
 20
19.49272565089466
 30
0.0
 10
36.63156841209997
 20
19.49272666019998
 30
0.0
 10
36.63156841209997
 20
19.4927276695053
 30
0.0
 10
36.63156841209997
 20
19.4927276695053
 30
0.0
 10
36.99656820431965
 20
20.85496518885282
 30
0.0
 10
36.99656820431965
 20
20.85496518885282
 30
0.0
 10
36.99656820431965
 20
20.85496518885282
 30
0.0
 10
36.75741801932423
 20
21.26921201545095
 30
0.0
 10
36.75741801932423
 20
21.26921201545095
 30
0.0
  0
SPLINE
  5
10C
330
79
100
AcDbEntity
  8
Layer 1
 62
     1
420
 16711680
370
     0
100
AcDbSpline
210
0.0
220
0.0
230
1.0
 70
     9
 71
     3
 72
    65
 73
    61
 74
     0
 42
0.0000000001
 43
0.0000000001
 40
0.0
 40
0.0
 40
0.0
 40
0.0
 40
1.0
 40
1.0
 40
1.0
 40
2.0
 40
2.0
 40
2.0
 40
3.0
 40
3.0
 40
3.0
 40
4.0
 40
4.0
 40
4.0
 40
5.0
 40
5.0
 40
5.0
 40
6.0
 40
6.0
 40
6.0
 40
7.0
 40
7.0
 40
7.0
 40
8.0
 40
8.0
 40
8.0
 40
9.0
 40
9.0
 40
9.0
 40
10.0
 40
10.0
 40
10.0
 40
11.0
 40
11.0
 40
11.0
 40
12.0
 40
12.0
 40
12.0
 40
13.0
 40
13.0
 40
13.0
 40
14.0
 40
14.0
 40
14.0
 40
15.0
 40
15.0
 40
15.0
 40
16.0
 40
16.0
 40
16.0
 40
17.0
 40
17.0
 40
17.0
 40
18.0
 40
18.0
 40
18.0
 40
19.0
 40
19.0
 40
19.0
 40
20.0
 40
20.0
 40
20.0
 40
20.0
 10
3.262949518871491
 20
13.44903669550912
 30
0.0
 10
3.262949518871491
 20
13.44903669550912
 30
0.0
 10
2.559481206889833
 20
16.07442192298333
 30
0.0
 10
2.559481206889833
 20
16.07442192298333
 30
0.0
 10
2.551916799966947
 20
16.10265118342091
 30
0.0
 10
2.568669922504398
 20
16.13166728146261
 30
0.0
 10
2.596899519377088
 20
16.13923118373284
 30
0.0
 10
2.605870225042977
 20
16.14163501256507
 30
0.0
 10
2.615315977078511
 20
16.1416352648914
 30
0.0
 10
2.624288028484824
 20
16.13923185660305
 30
0.0
 10
2.624288028484824
 20
16.13923185660305
 30
0.0
 10
2.88345475654571
 20
16.0697998092798
 30
0.0
 10
2.88345475654571
 20
16.0697998092798
 30
0.0
 10
2.901717799838806
 20
16.0649077905125
 30
0.0
 10
2.915982648332419
 20
16.05064395132421
 30
0.0
 10
2.920875760513813
 20
16.0323820014452
 30
0.0
 10
2.920875760513813
 20
16.0323820014452
 30
0.0
 10
3.049416848585925
 20
15.55267642612547
 30
0.0
 10
3.049416848585925
 20
15.55267642612547
 30
0.0
 10
3.049416848585925
 20
15.55267575325525
 30
0.0
 10
3.049416848585925
 20
15.55267491216749
 30
0.0
 10
3.049416848585925
 20
15.55267423929728
 30
0.0
 10
3.049416848585925
 20
15.55267423929728
 30
0.0
 10
3.150510214971649
 20
15.17546959073791
 30
0.0
 10
3.150510214971649
 20
15.17546959073791
 30
0.0
 10
3.150510214971649
 20
15.1754685814326
 30
0.0
 10
3.150511560712073
 20
15.17546757212728
 30
0.0
 10
3.150511560712073
 20
15.17546656282196
 30
0.0
 10
3.150511560712073
 20
15.17546656282196
 30
0.0
 10
3.502099703866906
 20
13.86328318567215
 30
0.0
 10
3.502099703866906
 20
13.86328318567215
 30
0.0
 10
3.509552414334607
 20
13.83547110476598
 30
0.0
 10
3.537873521556124
 20
13.81872168301469
 30
0.0
 10
3.565835316084452
 20
13.8255896692682
 30
0.0
 10
3.565835316084452
 20
13.8255896692682
 30
0.0
 10
4.796553960236815
 20
14.12787459338188
 30
0.0
 10
4.796553960236815
 20
14.12787459338188
 30
0.0
 10
4.796553960236815
 20
14.12787459338188
 30
0.0
 10
5.183672342064135
 20
14.2229609109503
 30
0.0
 10
5.183672342064135
 20
14.2229609109503
 30
0.0
 10
5.183672342064135
 20
14.2229609109503
 30
0.0
 10
5.817961521813467
 20
14.37875492478244
 30
0.0
 10
5.817961521813467
 20
14.37875492478244
 30
0.0
 10
5.836320112676662
 20
14.38326416450791
 30
0.0
 10
5.855690700338649
 20
14.37763695092526
 30
0.0
 10
5.868775334480479
 20
14.36399316163729
 30
0.0
 10
5.868775334480479
 20
14.36399316163729
 30
0.0
 10
6.060108670732965
 20
14.16448714379031
 30
0.0
 10
6.060108670732965
 20
14.16448714379031
 30
0.0
 10
6.080337840785417
 20
14.1433943448208
 30
0.0
 10
6.079636710024551
 20
14.10989684705865
 30
0.0
 10
6.058544920360364
 20
14.08966801344131
 30
0.0
 10
6.051840441568366
 20
14.08323806569579
 30
0.0
 10
6.043561446480374
 20
14.07868643514697
 30
0.0
 10
6.034539602678377
 20
14.07647067353897
 30
0.0
 10
6.034539602678377
 20
14.07647067353897
 30
0.0
 10
3.326685131089037
 20
13.41134351554028
 30
0.0
 10
3.326685131089037
 20
13.41134351554028
 30
0.0
 10
3.298723336560708
 20
13.40447552928677
 30
0.0
 10
3.270402229339192
 20
13.42122495103806
 30
0.0
 10
3.262949518871491
 20
13.44903669550912
 30
0.0
  0
SPLINE
  5
10D
330
79
100
AcDbEntity
  8
Layer 1
 62
     1
420
 16711680
370
     0
100
AcDbSpline
210
0.0
220
0.0
230
1.0
 70
    11
 71
     3
 72
    38
 73
    34
 74
     0
 42
0.0000000001
 43
0.0000000001
 40
0.0
 40
0.0
 40
0.0
 40
0.0
 40
1.0
 40
1.0
 40
1.0
 40
2.0
 40
2.0
 40
2.0
 40
3.0
 40
3.0
 40
3.0
 40
4.0
 40
4.0
 40
4.0
 40
5.0
 40
5.0
 40
5.0
 40
6.0
 40
6.0
 40
6.0
 40
7.0
 40
7.0
 40
7.0
 40
8.0
 40
8.0
 40
8.0
 40
9.0
 40
9.0
 40
9.0
 40
10.0
 40
10.0
 40
10.0
 40
11.0
 40
11.0
 40
11.0
 40
11.0
 10
0.8848566265013337
 20
17.12697372389176
 30
0.0
 10
0.8848566265013337
 20
17.12697372389176
 30
0.0
 10
3.560285482576182
 20
16.41009651740769
 30
0.0
 10
3.560285482576182
 20
16.41009651740769
 30
0.0
 10
3.588515079448872
 20
16.40253227870235
 30
0.0
 10
3.6052668562459
 20
16.37351592833432
 30
0.0
 10
3.597702449323013
 20
16.34528675200552
 30
0.0
 10
3.595297611185458
 20
16.33631335485878
 30
0.0
 10
3.590574062297479
 20
16.32813108486376
 30
0.0
 10
3.584004157547874
 20
16.32156260996335
 30
0.0
 10
3.584004157547874
 20
16.32156260996335
 30
0.0
 10
3.394273598140282
 20
16.13185761962382
 30
0.0
 10
3.394273598140282
 20
16.13185761962382
 30
0.0
 10
3.380906358509428
 20
16.11849197805972
 30
0.0
 10
3.361424074392255
 20
16.11327193506409
 30
0.0
 10
3.343165068320431
 20
16.1181635332875
 30
0.0
 10
3.343165068320431
 20
16.1181635332875
 30
0.0
 10
2.863457053846174
 20
16.24666988443492
 30
0.0
 10
2.863457053846174
 20
16.24666988443492
 30
0.0
 10
2.863454362365327
 20
16.24667038908758
 30
0.0
 10
2.863453016624903
 20
16.24667089374024
 30
0.0
 10
2.863450325144055
 20
16.2466713983929
 30
0.0
 10
2.863450325144055
 20
16.2466713983929
 30
0.0
 10
2.486247358760219
 20
16.34776392369086
 30
0.0
 10
2.486247358760219
 20
16.34776392369086
 30
0.0
 10
2.486246013019795
 20
16.34776417601719
 30
0.0
 10
2.486246013019795
 20
16.34776442834352
 30
0.0
 10
2.486244667279372
 20
16.34776468066984
 30
0.0
 10
2.486244667279372
 20
16.34776468066984
 30
0.0
 10
1.124006811496748
 20
16.71276522986851
 30
0.0
 10
1.124006811496748
 20
16.71276522986851
 30
0.0
 10
1.124006811496748
 20
16.71276522986851
 30
0.0
 10
0.8848566265013337
 20
17.12697372389176
 30
0.0
 10
0.8848566265013337
 20
17.12697372389176
 30
0.0
  0
SPLINE
  5
10E
330
79
100
AcDbEntity
  8
Layer 1
 62
     1
420
 16711680
370
     0
100
AcDbSpline
210
0.0
220
0.0
230
1.0
 70
     9
 71
     3
 72
    71
 73
    67
 74
     0
 42
0.0000000001
 43
0.0000000001
 40
0.0
 40
0.0
 40
0.0
 40
0.0
 40
1.0
 40
1.0
 40
1.0
 40
2.0
 40
2.0
 40
2.0
 40
3.0
 40
3.0
 40
3.0
 40
4.0
 40
4.0
 40
4.0
 40
5.0
 40
5.0
 40
5.0
 40
6.0
 40
6.0
 40
6.0
 40
7.0
 40
7.0
 40
7.0
 40
8.0
 40
8.0
 40
8.0
 40
9.0
 40
9.0
 40
9.0
 40
10.0
 40
10.0
 40
10.0
 40
11.0
 40
11.0
 40
11.0
 40
12.0
 40
12.0
 40
12.0
 40
13.0
 40
13.0
 40
13.0
 40
14.0
 40
14.0
 40
14.0
 40
15.0
 40
15.0
 40
15.0
 40
16.0
 40
16.0
 40
16.0
 40
17.0
 40
17.0
 40
17.0
 40
18.0
 40
18.0
 40
18.0
 40
19.0
 40
19.0
 40
19.0
 40
20.0
 40
20.0
 40
20.0
 40
21.0
 40
21.0
 40
21.0
 40
22.0
 40
22.0
 40
22.0
 40
22.0
 10
5.654361204217241
 20
17.08049105061598
 30
0.0
 10
5.654361204217241
 20
17.08049105061598
 30
0.0
 10
4.875503167946841
 20
14.39959539742246
 30
0.0
 10
4.875503167946841
 20
14.39959539742246
 30
0.0
 10
4.867349326718275
 20
14.3715306537517
 30
0.0
 10
4.883491483103264
 20
14.34217029848781
 30
0.0
 10
4.911555553903811
 20
14.33401679369435
 30
0.0
 10
4.92047512143359
 20
14.33142523407297
 30
0.0
 10
4.929920873469125
 20
14.33122741023066
 30
0.0
 10
4.9389413715307
 20
14.33344317183865
 30
0.0
 10
4.9389413715307
 20
14.33344317183865
 30
0.0
 10
5.207380251112434
 20
14.39937873321421
 30
0.0
 10
5.207380251112434
 20
14.39937873321421
 30
0.0
 10
5.225740187716053
 20
14.40388830937478
 30
0.0
 10
5.240299753362505
 20
14.41785002983791
 30
0.0
 10
5.24557371008387
 20
14.43600507746198
 30
0.0
 10
5.24557371008387
 20
14.43600507746198
 30
0.0
 10
5.42779638366638
 20
15.06323887660378
 30
0.0
 10
5.42779638366638
 20
15.06323887660378
 30
0.0
 10
5.42779638366638
 20
15.06323938125644
 30
0.0
 10
5.42779638366638
 20
15.0632398859091
 30
0.0
 10
5.42779638366638
 20
15.06324039056176
 30
0.0
 10
5.42779638366638
 20
15.06324039056176
 30
0.0
 10
5.53899087767409
 20
15.44603221692615
 30
0.0
 10
5.53899087767409
 20
15.44603221692615
 30
0.0
 10
5.53899087767409
 20
15.44603288979637
 30
0.0
 10
5.538992223414513
 20
15.44603373088413
 30
0.0
 10
5.538992223414513
 20
15.44603440375434
 30
0.0
 10
5.538992223414513
 20
15.44603440375434
 30
0.0
 10
5.893511389212657
 20
16.66628373411561
 30
0.0
 10
5.893511389212657
 20
16.66628373411561
 30
0.0
 10
5.901156540560979
 20
16.6925974592229
 30
0.0
 10
5.92762456321875
 20
16.70872224714555
 30
0.0
 10
5.95451380262921
 20
16.7034471549557
 30
0.0
 10
5.95451380262921
 20
16.7034471549557
 30
0.0
 10
6.998115315277245
 20
16.49871613169526
 30
0.0
 10
6.998115315277245
 20
16.49871613169526
 30
0.0
 10
6.998115315277245
 20
16.49871604758649
 30
0.0
 10
6.998115315277245
 20
16.49871604758649
 30
0.0
 10
6.998115315277245
 20
16.49871596347771
 30
0.0
 10
6.998115315277245
 20
16.49871596347771
 30
0.0
 10
7.406507161725983
 20
16.41859116739861
 30
0.0
 10
7.406507161725983
 20
16.41859116739861
 30
0.0
 10
7.406507161725983
 20
16.41859108328984
 30
0.0
 10
7.406508507466407
 20
16.41859108328984
 30
0.0
 10
7.406508507466407
 20
16.41859099918106
 30
0.0
 10
7.406508507466407
 20
16.41859099918106
 30
0.0
 10
8.391597226482151
 20
16.22530894668595
 30
0.0
 10
8.391597226482151
 20
16.22530894668595
 30
0.0
 10
8.410148258225968
 20
16.22166888705678
 30
0.0
 10
8.429233548918082
 20
16.2282026250325
 30
0.0
 10
8.441661461733037
 20
16.2424488854865
 30
0.0
 10
8.441661461733037
 20
16.2424488854865
 30
0.0
 10
8.634911805219404
 20
16.46397138488647
 30
0.0
 10
8.634911805219404
 20
16.46397138488647
 30
0.0
 10
8.654123595511368
 20
16.48599409048891
 30
0.0
 10
8.651845256973663
 20
16.51942152564023
 30
0.0
 10
8.62982288780633
 20
16.5386336523673
 30
0.0
 10
8.62282301899128
 20
16.54474003364964
 30
0.0
 10
8.614339471358853
 20
16.54889626884016
 30
0.0
 10
8.605224098597393
 20
16.55068467375478
 30
0.0
 10
8.605224098597393
 20
16.55068467375478
 30
0.0
 10
5.715363617633794
 20
17.11765474480959
 30
0.0
 10
5.715363617633794
 20
17.11765474480959
 30
0.0
 10
5.688474378223335
 20
17.12292979494505
 30
0.0
 10
5.662006355565564
 20
17.10680488085924
 30
0.0
 10
5.654361204217241
 20
17.08049105061598
 30
0.0
  0
SPLINE
  5
10F
330
79
100
AcDbEntity
  8
Layer 1
 62
     1
420
 16711680
370
     0
100
AcDbSpline
210
0.0
220
0.0
230
1.0
 70
     9
 71
     3
 72
    71
 73
    67
 74
     0
 42
0.0000000001
 43
0.0000000001
 40
0.0
 40
0.0
 40
0.0
 40
0.0
 40
1.0
 40
1.0
 40
1.0
 40
2.0
 40
2.0
 40
2.0
 40
3.0
 40
3.0
 40
3.0
 40
4.0
 40
4.0
 40
4.0
 40
5.0
 40
5.0
 40
5.0
 40
6.0
 40
6.0
 40
6.0
 40
7.0
 40
7.0
 40
7.0
 40
8.0
 40
8.0
 40
8.0
 40
9.0
 40
9.0
 40
9.0
 40
10.0
 40
10.0
 40
10.0
 40
11.0
 40
11.0
 40
11.0
 40
12.0
 40
12.0
 40
12.0
 40
13.0
 40
13.0
 40
13.0
 40
14.0
 40
14.0
 40
14.0
 40
15.0
 40
15.0
 40
15.0
 40
16.0
 40
16.0
 40
16.0
 40
17.0
 40
17.0
 40
17.0
 40
18.0
 40
18.0
 40
18.0
 40
19.0
 40
19.0
 40
19.0
 40
20.0
 40
20.0
 40
20.0
 40
21.0
 40
21.0
 40
21.0
 40
22.0
 40
22.0
 40
22.0
 40
22.0
 10
8.044961408087365
 20
13.4410655385431
 30
0.0
 10
8.044961408087365
 20
13.4410655385431
 30
0.0
 10
7.089753509444467
 20
16.23097712124275
 30
0.0
 10
7.089753509444467
 20
16.23097712124275
 30
0.0
 10
7.080287571302573
 20
16.25862653577517
 30
0.0
 10
7.095027466165832
 20
16.28871493660841
 30
0.0
 10
7.12267704891581
 20
16.29818146351174
 30
0.0
 10
7.131464733884045
 20
16.30119020266453
 30
0.0
 10
7.140888954072797
 20
16.30183287782573
 30
0.0
 10
7.150003653964045
 20
16.30004480934622
 30
0.0
 10
7.150003653964045
 20
16.30004480934622
 30
0.0
 10
7.438514251968632
 20
16.24344540627042
 30
0.0
 10
7.438514251968632
 20
16.24344540627042
 30
0.0
 10
7.457066629452872
 20
16.23980576718514
 30
0.0
 10
7.472268113281537
 20
16.22654484104777
 30
0.0
 10
7.478391232210399
 20
16.20865810042072
 30
0.0
 10
7.478391232210399
 20
16.20865810042072
 30
0.0
 10
7.803535576035091
 20
15.25892383273458
 30
0.0
 10
7.803535576035091
 20
15.25892383273458
 30
0.0
 10
7.803535576035091
 20
15.25892265521171
 30
0.0
 10
7.803536921775515
 20
15.25892130947129
 30
0.0
 10
7.803536921775515
 20
15.25892013194842
 30
0.0
 10
7.803536921775515
 20
15.25892013194842
 30
0.0
 10
7.938377420772025
 20
14.8651480730301
 30
0.0
 10
7.938377420772025
 20
14.8651480730301
 30
0.0
 10
7.938377420772025
 20
14.86514706372478
 30
0.0
 10
7.938378766512449
 20
14.86514605441947
 30
0.0
 10
7.938378766512449
 20
14.86514504511415
 30
0.0
 10
7.938378766512449
 20
14.86514504511415
 30
0.0
 10
8.28411159308278
 20
13.85531303801145
 30
0.0
 10
8.28411159308278
 20
13.85531303801145
 30
0.0
 10
8.292440380566457
 20
13.83098406975751
 30
0.0
 10
8.317055318660482
 20
13.81616511264434
 30
0.0
 10
8.342453477681232
 20
13.82018786720656
 30
0.0
 10
8.342453477681232
 20
13.82018786720656
 30
0.0
 10
9.235834024027711
 20
13.96169348208767
 30
0.0
 10
9.235834024027711
 20
13.96169348208767
 30
0.0
 10
9.235835369768135
 20
13.96169381852278
 30
0.0
 10
9.235836715508559
 20
13.96169381852278
 30
0.0
 10
9.235838061248983
 20
13.96169415495788
 30
0.0
 10
9.235838061248983
 20
13.96169415495788
 30
0.0
 10
9.659761770800459
 20
14.0288085849448
 30
0.0
 10
9.659761770800459
 20
14.0288085849448
 30
0.0
 10
9.659763116540883
 20
14.0288089213799
 30
0.0
 10
9.659764462281307
 20
14.0288089213799
 30
0.0
 10
9.659765808021731
 20
14.02880925781501
 30
0.0
 10
9.659765808021731
 20
14.02880925781501
 30
0.0
 10
10.91889639687422
 20
14.22824462428974
 30
0.0
 10
10.91889639687422
 20
14.22824462428974
 30
0.0
 10
10.93756921812641
 20
14.23120222530642
 30
0.0
 10
10.95640083674861
 20
14.22397358061931
 30
0.0
 10
10.96829852783654
 20
14.2092814595411
 30
0.0
 10
10.96829852783654
 20
14.2092814595411
 30
0.0
 10
11.16149706031658
 20
13.97070455996628
 30
0.0
 10
11.16149706031658
 20
13.97070455996628
 30
0.0
 10
11.17988929469038
 20
13.94799249883168
 30
0.0
 10
11.17638700523711
 20
13.91467095662996
 30
0.0
 10
11.15367494410252
 20
13.89627905869128
 30
0.0
 10
11.14645639246858
 20
13.89043349872485
 30
0.0
 10
11.13782615912994
 20
13.88659073694433
 30
0.0
 10
11.12865157378983
 20
13.88513767372159
 30
0.0
 10
11.12865157378983
 20
13.88513767372159
 30
0.0
 10
8.103303292685817
 20
13.40594104060843
 30
0.0
 10
8.103303292685817
 20
13.40594104060843
 30
0.0
 10
8.077905133665067
 20
13.40191828604621
 30
0.0
 10
8.053291541311466
 20
13.41673690672427
 30
0.0
 10
8.044961408087365
 20
13.4410655385431
 30
0.0
  0
SPLINE
  5
110
330
79
100
AcDbEntity
  8
Layer 1
 62
     1
420
 16711680
370
     0
100
AcDbSpline
210
0.0
220
0.0
230
1.0
 70
     9
 71
     3
 72
    71
 73
    67
 74
     0
 42
0.0000000001
 43
0.0000000001
 40
0.0
 40
0.0
 40
0.0
 40
0.0
 40
1.0
 40
1.0
 40
1.0
 40
2.0
 40
2.0
 40
2.0
 40
3.0
 40
3.0
 40
3.0
 40
4.0
 40
4.0
 40
4.0
 40
5.0
 40
5.0
 40
5.0
 40
6.0
 40
6.0
 40
6.0
 40
7.0
 40
7.0
 40
7.0
 40
8.0
 40
8.0
 40
8.0
 40
9.0
 40
9.0
 40
9.0
 40
10.0
 40
10.0
 40
10.0
 40
11.0
 40
11.0
 40
11.0
 40
12.0
 40
12.0
 40
12.0
 40
13.0
 40
13.0
 40
13.0
 40
14.0
 40
14.0
 40
14.0
 40
15.0
 40
15.0
 40
15.0
 40
16.0
 40
16.0
 40
16.0
 40
17.0
 40
17.0
 40
17.0
 40
18.0
 40
18.0
 40
18.0
 40
19.0
 40
19.0
 40
19.0
 40
20.0
 40
20.0
 40
20.0
 40
21.0
 40
21.0
 40
21.0
 40
22.0
 40
22.0
 40
22.0
 40
22.0
 10
10.436321955297
 20
17.08906610859724
 30
0.0
 10
10.436321955297
 20
17.08906610859724
 30
0.0
 10
9.337251713855602
 20
14.2258407954575
 30
0.0
 10
9.337251713855602
 20
14.2258407954575
 30
0.0
 10
9.3267784890064
 20
14.19855691766773
 30
0.0
 10
9.340406129409283
 20
14.16794838816064
 30
0.0
 10
9.367690343634166
 20
14.15747549974655
 30
0.0
 10
9.376362294925943
 20
14.15414647437286
 30
0.0
 10
9.385758254565791
 20
14.15315903733681
 30
0.0
 10
9.394932839905905
 20
14.15461243699464
 30
0.0
 10
9.394932839905905
 20
14.15461243699464
 30
0.0
 10
9.698157763705696
 20
14.20264561351072
 30
0.0
 10
9.698157763705696
 20
14.20264561351072
 30
0.0
 10
9.716829912087666
 20
14.20560355096251
 30
0.0
 10
9.732506442285975
 20
14.21829825681651
 30
0.0
 10
9.739280899580018
 20
14.2359479789114
 30
0.0
 10
9.739280899580018
 20
14.2359479789114
 30
0.0
 10
10.19611065397732
 20
15.42609692293878
 30
0.0
 10
10.19611065397732
 20
15.42609692293878
 30
0.0
 10
10.19611065397732
 20
15.42609742759144
 30
0.0
 10
10.19611132684754
 20
15.42609810046165
 30
0.0
 10
10.19611132684754
 20
15.42609860511431
 30
0.0
 10
10.19611132684754
 20
15.42609860511431
 30
0.0
 10
10.34993282165331
 20
15.82679870395255
 30
0.0
 10
10.34993282165331
 20
15.82679870395255
 30
0.0
 10
10.34993282165331
 20
15.8267988721701
 30
0.0
 10
10.34993282165331
 20
15.8267992086052
 30
0.0
 10
10.34993282165331
 20
15.82679937682276
 30
0.0
 10
10.34993282165331
 20
15.82679937682276
 30
0.0
 10
10.67547214029242
 20
16.67485744635644
 30
0.0
 10
10.67547214029242
 20
16.67485744635644
 30
0.0
 10
10.68405527271622
 20
16.69721721788069
 30
0.0
 10
10.70658633176379
 20
16.71102426230383
 30
0.0
 10
10.73040593726728
 20
16.70852051224512
 30
0.0
 10
10.73040593726728
 20
16.70852051224512
 30
0.0
 10
11.40024150457419
 20
16.6381121722987
 30
0.0
 10
11.40024150457419
 20
16.6381121722987
 30
0.0
 10
11.40024285031461
 20
16.63811208818993
 30
0.0
 10
11.40024352318482
 20
16.63811196202676
 30
0.0
 10
11.40024486892525
 20
16.63811187791799
 30
0.0
 10
11.40024486892525
 20
16.63811187791799
 30
0.0
 10
11.84460230107361
 20
16.59142999300508
 30
0.0
 10
11.84460230107361
 20
16.59142999300508
 30
0.0
 10
11.84460297394382
 20
16.59142990889631
 30
0.0
 10
11.84460431968425
 20
16.59142982478753
 30
0.0
 10
11.84460499255446
 20
16.59142974067876
 30
0.0
 10
11.84460499255446
 20
16.59142974067876
 30
0.0
 10
13.49382132086903
 20
16.41807322555295
 30
0.0
 10
13.49382132086903
 20
16.41807322555295
 30
0.0
 10
13.5126226603317
 20
16.41609683752286
 30
0.0
 10
13.53105055682672
 20
16.42430097579978
 30
0.0
 10
13.54216300837729
 20
16.43959523160891
 30
0.0
 10
13.54216300837729
 20
16.43959523160891
 30
0.0
 10
13.73297285160487
 20
16.70220911582007
 30
0.0
 10
13.73297285160487
 20
16.70220911582007
 30
0.0
 10
13.75015122811628
 20
16.72585230316486
 30
0.0
 10
13.74491091490551
 20
16.75894490127696
 30
0.0
 10
13.72126760139756
 20
16.77612348806031
 30
0.0
 10
13.71375231400015
 20
16.78158387188478
 30
0.0
 10
13.70493233126174
 20
16.7849696706826
 30
0.0
 10
13.69569382325149
 20
16.78594058034407
 30
0.0
 10
13.69569382325149
 20
16.78594058034407
 30
0.0
 10
10.49125507940165
 20
17.12272955297541
 30
0.0
 10
10.49125507940165
 20
17.12272955297541
 30
0.0
 10
10.46743614676838
 20
17.12523294557183
 30
0.0
 10
10.4449050877208
 20
17.11142577498551
 30
0.0
 10
10.436321955297
 20
17.08906610859724
 30
0.0
  0
SPLINE
  5
111
330
79
100
AcDbEntity
  8
Layer 1
 62
     1
420
 16711680
370
     0
100
AcDbSpline
210
0.0
220
0.0
230
1.0
 70
     9
 71
     3
 72
    68
 73
    64
 74
     0
 42
0.0000000001
 43
0.0000000001
 40
0.0
 40
0.0
 40
0.0
 40
0.0
 40
1.0
 40
1.0
 40
1.0
 40
2.0
 40
2.0
 40
2.0
 40
3.0
 40
3.0
 40
3.0
 40
4.0
 40
4.0
 40
4.0
 40
5.0
 40
5.0
 40
5.0
 40
6.0
 40
6.0
 40
6.0
 40
7.0
 40
7.0
 40
7.0
 40
8.0
 40
8.0
 40
8.0
 40
9.0
 40
9.0
 40
9.0
 40
10.0
 40
10.0
 40
10.0
 40
11.0
 40
11.0
 40
11.0
 40
12.0
 40
12.0
 40
12.0
 40
13.0
 40
13.0
 40
13.0
 40
14.0
 40
14.0
 40
14.0
 40
15.0
 40
15.0
 40
15.0
 40
16.0
 40
16.0
 40
16.0
 40
17.0
 40
17.0
 40
17.0
 40
18.0
 40
18.0
 40
18.0
 40
19.0
 40
19.0
 40
19.0
 40
20.0
 40
20.0
 40
20.0
 40
21.0
 40
21.0
 40
21.0
 40
21.0
 10
12.82741806451334
 20
13.43258064517025
 30
0.0
 10
12.82741806451334
 20
13.43258064517025
 30
0.0
 10
11.5153117310028
 20
16.37959589946084
 30
0.0
 10
11.5153117310028
 20
16.37959589946084
 30
0.0
 10
11.50342480583827
 20
16.40629429605744
 30
0.0
 10
11.51543150190053
 20
16.43757392949218
 30
0.0
 10
11.54213031904101
 20
16.44946093876549
 30
0.0
 10
11.55061521241386
 20
16.453238600353
 30
0.0
 10
11.55994455790272
 20
16.45471655977358
 30
0.0
 10
11.56918172017255
 20
16.45374628092793
 30
0.0
 10
11.56918172017255
 20
16.45374628092793
 30
0.0
 10
11.89200937185745
 20
16.41983177185192
 30
0.0
 10
11.89200937185745
 20
16.41983177185192
 30
0.0
 10
11.91081205706054
 20
16.41785647723592
 30
0.0
 10
11.92713185118149
 20
16.40599999944848
 30
0.0
 10
11.93482208483402
 20
16.38872876684782
 30
0.0
 10
11.93482208483402
 20
16.38872876684782
 30
0.0
 10
12.60934823038851
 20
14.8737959692118
 30
0.0
 10
12.60934823038851
 20
14.8737959692118
 30
0.0
 10
12.60934890325873
 20
14.87379479168893
 30
0.0
 10
12.60934957612894
 20
14.87379361416606
 30
0.0
 10
12.60935024899915
 20
14.87379243664319
 30
0.0
 10
12.60935024899915
 20
14.87379243664319
 30
0.0
 10
12.79106423270142
 20
14.46559488146816
 30
0.0
 10
12.79106423270142
 20
14.46559488146816
 30
0.0
 10
12.79106490557163
 20
14.46559387216284
 30
0.0
 10
12.79106557844184
 20
14.46559252642241
 30
0.0
 10
12.79106625131205
 20
14.4655915171171
 30
0.0
 10
12.79106625131205
 20
14.4655915171171
 30
0.0
 10
13.06656892237897
 20
13.84682646246307
 30
0.0
 10
13.06656892237897
 20
13.84682646246307
 30
0.0
 10
13.07556250563207
 20
13.82662790800526
 30
0.0
 10
13.09616579152237
 20
13.81414986635951
 30
0.0
 10
13.11823257012369
 20
13.81553799760679
 30
0.0
 10
13.11823257012369
 20
13.81553799760679
 30
0.0
 10
13.60528563583174
 20
13.84617445122767
 30
0.0
 10
13.60528563583174
 20
13.84617445122767
 30
0.0
 10
13.60528630870195
 20
13.84617445122767
 30
0.0
 10
13.60528630870195
 20
13.84617445122767
 30
0.0
 10
13.60528698157216
 20
13.84617445122767
 30
0.0
 10
13.60528698157216
 20
13.84617445122767
 30
0.0
 10
14.06437892562209
 20
13.87506379734319
 30
0.0
 10
14.06437892562209
 20
13.87506379734319
 30
0.0
 10
14.06437892562209
 20
13.87506379734319
 30
0.0
 10
16.02193432778247
 20
13.99823067103236
 30
0.0
 10
16.02193432778247
 20
13.99823067103236
 30
0.0
 10
16.04080295426633
 20
13.99941795052137
 30
0.0
 10
16.05887120163307
 20
13.9904482541608
 30
0.0
 10
16.06933332412377
 20
13.97470107259023
 30
0.0
 10
16.06933332412377
 20
13.97470107259023
 30
0.0
 10
16.25627954659426
 20
13.69331246934416
 30
0.0
 10
16.25627954659426
 20
13.69331246934416
 30
0.0
 10
16.27245198213879
 20
13.66897004368598
 30
0.0
 10
16.26582858420733
 20
13.63612623933476
 30
0.0
 10
16.24148615854915
 20
13.61995380379023
 30
0.0
 10
16.233749496852
 20
13.61481374824105
 30
0.0
 10
16.22479628581163
 20
13.61180097186698
 30
0.0
 10
16.21552648933652
 20
13.61121759339321
 30
0.0
 10
16.21552648933652
 20
13.61121759339321
 30
0.0
 10
12.87908305799849
 20
13.40129184387887
 30
0.0
 10
12.87908305799849
 20
13.40129184387887
 30
0.0
 10
12.85701560652696
 20
13.39990337619649
 30
0.0
 10
12.83641164776644
 20
13.41238141784223
 30
0.0
 10
12.82741806451334
 20
13.43258064517025
 30
0.0
  0
SPLINE
  5
112
330
79
100
AcDbEntity
  8
Layer 1
 62
     1
420
 16711680
370
     0
100
AcDbSpline
210
0.0
220
0.0
230
1.0
 70
     9
 71
     3
 72
    68
 73
    64
 74
     0
 42
0.0000000001
 43
0.0000000001
 40
0.0
 40
0.0
 40
0.0
 40
0.0
 40
1.0
 40
1.0
 40
1.0
 40
2.0
 40
2.0
 40
2.0
 40
3.0
 40
3.0
 40
3.0
 40
4.0
 40
4.0
 40
4.0
 40
5.0
 40
5.0
 40
5.0
 40
6.0
 40
6.0
 40
6.0
 40
7.0
 40
7.0
 40
7.0
 40
8.0
 40
8.0
 40
8.0
 40
9.0
 40
9.0
 40
9.0
 40
10.0
 40
10.0
 40
10.0
 40
11.0
 40
11.0
 40
11.0
 40
12.0
 40
12.0
 40
12.0
 40
13.0
 40
13.0
 40
13.0
 40
14.0
 40
14.0
 40
14.0
 40
15.0
 40
15.0
 40
15.0
 40
16.0
 40
16.0
 40
16.0
 40
17.0
 40
17.0
 40
17.0
 40
18.0
 40
18.0
 40
18.0
 40
19.0
 40
19.0
 40
19.0
 40
20.0
 40
20.0
 40
20.0
 40
21.0
 40
21.0
 40
21.0
 40
21.0
 10
15.21912211196619
 20
17.09724129242784
 30
0.0
 10
15.21912211196619
 20
17.09724129242784
 30
0.0
 10
13.73109688945391
 20
14.09964869729535
 30
0.0
 10
13.73109688945391
 20
14.09964869729535
 30
0.0
 10
13.71810241992049
 20
14.07347169100425
 30
0.0
 10
13.72878894462688
 20
14.04171659065599
 30
0.0
 10
13.75496561448288
 20
14.02872178468746
 30
0.0
 10
13.76328498178358
 20
14.02459204376153
 30
0.0
 10
13.77254434877041
 20
14.02272449248823
 30
0.0
 10
13.78181380881041
 20
14.02330719809179
 30
0.0
 10
13.78181380881041
 20
14.02330719809179
 30
0.0
 10
14.11894533546122
 20
14.04449386245586
 30
0.0
 10
14.11894533546122
 20
14.04449386245586
 30
0.0
 10
14.1378153076855
 20
14.04567945976934
 30
0.0
 10
14.15461822261864
 20
14.05684304945602
 30
0.0
 10
14.1630250630469
 20
14.07377818338581
 30
0.0
 10
14.1630250630469
 20
14.07377818338581
 30
0.0
 10
15.03513786416877
 20
15.8306631657974
 30
0.0
 10
15.03513786416877
 20
15.8306631657974
 30
0.0
 10
15.03513786416877
 20
15.83066350223251
 30
0.0
 10
15.03513820060387
 20
15.83066383866761
 30
0.0
 10
15.03513820060387
 20
15.83066417510272
 30
0.0
 10
15.03513820060387
 20
15.83066417510272
 30
0.0
 10
15.23969781017781
 20
16.24272947236489
 30
0.0
 10
15.23969781017781
 20
16.24272947236489
 30
0.0
 10
15.23969781017781
 20
16.24272947236489
 30
0.0
 10
15.45827330626693
 20
16.68303521653192
 30
0.0
 10
15.45827330626693
 20
16.68303521653192
 30
0.0
 10
15.46729817798488
 20
16.70121503419068
 30
0.0
 10
15.48592625336796
 20
16.71263107637
 30
0.0
 10
15.50622170113629
 20
16.71241987923222
 30
0.0
 10
15.50622170113629
 20
16.71241987923222
 30
0.0
 10
15.75985575387932
 20
16.70978067198896
 30
0.0
 10
15.75985575387932
 20
16.70978067198896
 30
0.0
 10
15.75985810892506
 20
16.70978062993457
 30
0.0
 10
15.75986080040591
 20
16.70978062993457
 30
0.0
 10
15.75986315545165
 20
16.70978058788019
 30
0.0
 10
15.75986315545165
 20
16.70978058788019
 30
0.0
 10
16.2352116438226
 20
16.70476804123617
 30
0.0
 10
16.2352116438226
 20
16.70476804123617
 30
0.0
 10
16.23521298956302
 20
16.70476804123617
 30
0.0
 10
16.23521467173855
 20
16.70476799918178
 30
0.0
 10
16.23521601747897
 20
16.70476799918178
 30
0.0
 10
16.23521601747897
 20
16.70476799918178
 30
0.0
 10
18.56999474034711
 20
16.68033095115004
 30
0.0
 10
18.56999474034711
 20
16.68033095115004
 30
0.0
 10
18.58889944949609
 20
16.68013308525334
 30
0.0
 10
18.60647364190969
 20
16.69003601054351
 30
0.0
 10
18.6160969475724
 20
16.70630925045667
 30
0.0
 10
18.6160969475724
 20
16.70630925045667
 30
0.0
 10
18.79587483134852
 20
17.0103169956665
 30
0.0
 10
18.79587483134852
 20
17.0103169956665
 30
0.0
 10
18.81075089832092
 20
17.03547266908461
 30
0.0
 10
18.80241756896332
 20
17.06792479989089
 30
0.0
 10
18.7772618955452
 20
17.0828008458361
 30
0.0
 10
18.76926685168666
 20
17.08752878940765
 30
0.0
 10
18.76016813246295
 20
17.09006902164817
 30
0.0
 10
18.7508802526009
 20
17.0901662303666
 30
0.0
 10
18.7508802526009
 20
17.0901662303666
 30
0.0
 10
15.26707387118662
 20
17.12662635464483
 30
0.0
 10
15.26707387118662
 20
17.12662635464483
 30
0.0
 10
15.24677707767787
 20
17.12683875033268
 30
0.0
 10
15.22814732011925
 20
17.11542239274544
 30
0.0
 10
15.21912211196619
 20
17.09724129242784
 30
0.0
  0
SPLINE
  5
113
330
79
100
AcDbEntity
  8
Layer 1
 62
     1
420
 16711680
370
     0
100
AcDbSpline
210
0.0
220
0.0
230
1.0
 70
     9
 71
     3
 72
    65
 73
    61
 74
     0
 42
0.0000000001
 43
0.0000000001
 40
0.0
 40
0.0
 40
0.0
 40
0.0
 40
1.0
 40
1.0
 40
1.0
 40
2.0
 40
2.0
 40
2.0
 40
3.0
 40
3.0
 40
3.0
 40
4.0
 40
4.0
 40
4.0
 40
5.0
 40
5.0
 40
5.0
 40
6.0
 40
6.0
 40
6.0
 40
7.0
 40
7.0
 40
7.0
 40
8.0
 40
8.0
 40
8.0
 40
9.0
 40
9.0
 40
9.0
 40
10.0
 40
10.0
 40
10.0
 40
11.0
 40
11.0
 40
11.0
 40
12.0
 40
12.0
 40
12.0
 40
13.0
 40
13.0
 40
13.0
 40
14.0
 40
14.0
 40
14.0
 40
15.0
 40
15.0
 40
15.0
 40
16.0
 40
16.0
 40
16.0
 40
17.0
 40
17.0
 40
17.0
 40
18.0
 40
18.0
 40
18.0
 40
19.0
 40
19.0
 40
19.0
 40
20.0
 40
20.0
 40
20.0
 40
20.0
 10
17.61002275238596
 20
13.42624725430015
 30
0.0
 10
17.61002275238596
 20
13.42624725430015
 30
0.0
 10
15.89879033168051
 20
16.46321440589801
 30
0.0
 10
15.89879033168051
 20
16.46321440589801
 30
0.0
 10
15.88444372945615
 20
16.48867573060991
 30
0.0
 10
15.89345379802943
 20
16.5209464177581
 30
0.0
 10
15.91891520685011
 20
16.53529310409124
 30
0.0
 10
15.92700748045428
 20
16.53985289319138
 30
0.0
 10
15.93615784246676
 20
16.54220230364522
 30
0.0
 10
15.94544580643759
 20
16.5421050738996
 30
0.0
 10
15.94544580643759
 20
16.5421050738996
 30
0.0
 10
16.29860207362141
 20
16.53840941836916
 30
0.0
 10
16.29860207362141
 20
16.53840941836916
 30
0.0
 10
16.3175063622265
 20
16.53821159452685
 30
0.0
 10
16.33486910517599
 20
16.52794334276597
 30
0.0
 10
16.3441500040096
 20
16.51147274160876
 30
0.0
 10
16.3441500040096
 20
16.51147274160876
 30
0.0
 10
17.49035177588305
 20
14.4773021502861
 30
0.0
 10
17.49035177588305
 20
14.4773021502861
 30
0.0
 10
17.49035177588305
 20
14.4773021502861
 30
0.0
 10
17.72372419258589
 20
14.06313169445702
 30
0.0
 10
17.72372419258589
 20
14.06313169445702
 30
0.0
 10
17.72372419258589
 20
14.06313169445702
 30
0.0
 10
17.84917445133935
 20
13.84049172585254
 30
0.0
 10
17.84917445133935
 20
13.84049172585254
 30
0.0
 10
17.858649136794
 20
13.82367669925559
 30
0.0
 10
17.87652729832585
 20
13.81335386089876
 30
0.0
 10
17.89582689818048
 20
13.81355471265703
 30
0.0
 10
17.89582689818048
 20
13.81355471265703
 30
0.0
 10
18.15136197748985
 20
13.8162135592996
 30
0.0
 10
18.15136197748985
 20
13.8162135592996
 30
0.0
 10
18.15136298679517
 20
13.8162135592996
 30
0.0
 10
18.15136399610048
 20
13.81621389573471
 30
0.0
 10
18.1513650054058
 20
13.81621389573471
 30
0.0
 10
18.1513650054058
 20
13.81621389573471
 30
0.0
 10
18.62671744688925
 20
13.82118808877664
 30
0.0
 10
18.62671744688925
 20
13.82118808877664
 30
0.0
 10
18.62671778332435
 20
13.82118808877664
 30
0.0
 10
18.62671811975946
 20
13.82118808877664
 30
0.0
 10
18.62671845619457
 20
13.82118808877664
 30
0.0
 10
18.62671845619457
 20
13.82118808877664
 30
0.0
 10
20.96149827247679
 20
13.84566306986658
 30
0.0
 10
20.96149827247679
 20
13.84566306986658
 30
0.0
 10
20.98040331806088
 20
13.845861230144
 30
0.0
 10
20.99797784690958
 20
13.83595826279944
 30
0.0
 10
21.00760132078985
 20
13.81968456028801
 30
0.0
 10
21.00760132078985
 20
13.81968456028801
 30
0.0
 10
21.18737954100108
 20
13.5156764155615
 30
0.0
 10
21.18737954100108
 20
13.5156764155615
 30
0.0
 10
21.2022555238647
 20
13.49052082625216
 30
0.0
 10
21.1939221945071
 20
13.4580686323643
 30
0.0
 10
21.16876652108898
 20
13.44319248128312
 30
0.0
 10
21.16077164544799
 20
13.43846489517386
 30
0.0
 10
21.15167317855061
 20
13.4359244736886
 30
0.0
 10
21.14238546690611
 20
13.43582724394297
 30
0.0
 10
21.14238546690611
 20
13.43582724394297
 30
0.0
 10
17.65667890001325
 20
13.39931024110464
 30
0.0
 10
17.65667890001325
 20
13.39931024110464
 30
0.0
 10
17.6373779544182
 20
13.39910804360594
 30
0.0
 10
17.61949811071082
 20
13.40943121839788
 30
0.0
 10
17.61002275238596
 20
13.42624725430015
 30
0.0
  0
SPLINE
  5
114
330
79
100
AcDbEntity
  8
Layer 1
 62
     1
420
 16711680
370
     0
100
AcDbSpline
210
0.0
220
0.0
230
1.0
 70
     9
 71
     3
 72
    65
 73
    61
 74
     0
 42
0.0000000001
 43
0.0000000001
 40
0.0
 40
0.0
 40
0.0
 40
0.0
 40
1.0
 40
1.0
 40
1.0
 40
2.0
 40
2.0
 40
2.0
 40
3.0
 40
3.0
 40
3.0
 40
4.0
 40
4.0
 40
4.0
 40
5.0
 40
5.0
 40
5.0
 40
6.0
 40
6.0
 40
6.0
 40
7.0
 40
7.0
 40
7.0
 40
8.0
 40
8.0
 40
8.0
 40
9.0
 40
9.0
 40
9.0
 40
10.0
 40
10.0
 40
10.0
 40
11.0
 40
11.0
 40
11.0
 40
12.0
 40
12.0
 40
12.0
 40
13.0
 40
13.0
 40
13.0
 40
14.0
 40
14.0
 40
14.0
 40
15.0
 40
15.0
 40
15.0
 40
16.0
 40
16.0
 40
16.0
 40
17.0
 40
17.0
 40
17.0
 40
18.0
 40
18.0
 40
18.0
 40
19.0
 40
19.0
 40
19.0
 40
20.0
 40
20.0
 40
20.0
 40
20.0
 10
20.00152710457621
 20
17.09970933831093
 30
0.0
 10
20.00152710457621
 20
17.09970933831093
 30
0.0
 10
18.29029436846286
 20
14.06274176616919
 30
0.0
 10
18.29029436846286
 20
14.06274176616919
 30
0.0
 10
18.27594776623849
 20
14.03728035734852
 30
0.0
 10
18.28495800302933
 20
14.00500983841788
 30
0.0
 10
18.31041924363245
 20
13.99066323619352
 30
0.0
 10
18.31851168545418
 20
13.98610319476705
 30
0.0
 10
18.32766187924911
 20
13.98375386842198
 30
0.0
 10
18.33695001143749
 20
13.98385109816761
 30
0.0
 10
18.33695001143749
 20
13.98385109816761
 30
0.0
 10
18.6901059421862
 20
13.98754650137171
 30
0.0
 10
18.6901059421862
 20
13.98754650137171
 30
0.0
 10
18.7090105672264
 20
13.98774432521402
 30
0.0
 10
18.72637347839344
 20
13.99801299751879
 30
0.0
 10
18.73565412490072
 20
14.01448385100232
 30
0.0
 10
18.73565412490072
 20
14.01448385100232
 30
0.0
 10
19.88185581923639
 20
16.04869237538318
 30
0.0
 10
19.88185581923639
 20
16.04869237538318
 30
0.0
 10
19.88185581923639
 20
16.04869237538318
 30
0.0
 10
20.1152283555314
 20
16.46286257888593
 30
0.0
 10
20.1152283555314
 20
16.46286257888593
 30
0.0
 10
20.1152283555314
 20
16.46286257888593
 30
0.0
 10
20.24067857223047
 20
16.68550267365358
 30
0.0
 10
20.24067857223047
 20
16.68550267365358
 30
0.0
 10
20.25015325768512
 20
16.70231765819614
 30
0.0
 10
20.26803141921698
 20
16.71264041244419
 30
0.0
 10
20.28733097701721
 20
16.71243960274031
 30
0.0
 10
20.28733097701721
 20
16.71243960274031
 30
0.0
 10
20.54286386949839
 20
16.70978067198896
 30
0.0
 10
20.54286386949839
 20
16.70978067198896
 30
0.0
 10
20.54286630865291
 20
16.70978062993457
 30
0.0
 10
20.54286878986182
 20
16.70978062993457
 30
0.0
 10
20.54287122901634
 20
16.70978058788019
 30
0.0
 10
20.54287122901634
 20
16.70978058788019
 30
0.0
 10
21.01821996971361
 20
16.70476804123617
 30
0.0
 10
21.01821996971361
 20
16.70476804123617
 30
0.0
 10
21.01822131545404
 20
16.70476804123617
 30
0.0
 10
21.01822274530324
 20
16.70476799918178
 30
0.0
 10
21.01822409104366
 20
16.70476799918178
 30
0.0
 10
21.01822409104366
 20
16.70476799918178
 30
0.0
 10
23.35300298212935
 20
16.68033095115004
 30
0.0
 10
23.35300298212935
 20
16.68033095115004
 30
0.0
 10
23.37190760716955
 20
16.68013312730773
 30
0.0
 10
23.3894816313656
 20
16.6900360525979
 30
0.0
 10
23.39910502113709
 20
16.70630925045667
 30
0.0
 10
23.39910502113709
 20
16.70630925045667
 30
0.0
 10
23.57888315723954
 20
17.0103169956665
 30
0.0
 10
23.57888315723954
 20
17.0103169956665
 30
0.0
 10
23.59375930832072
 20
17.03547266908461
 30
0.0
 10
23.58542581074556
 20
17.06792479989089
 30
0.0
 10
23.56027022143622
 20
17.08280082480891
 30
0.0
 10
23.55227517757768
 20
17.08752883146204
 30
0.0
 10
23.54317629013641
 20
17.09006906370256
 30
0.0
 10
23.53388832616558
 20
17.0901662303666
 30
0.0
 10
23.53388832616558
 20
17.0901662303666
 30
0.0
 10
20.04818267395567
 20
17.12664622534328
 30
0.0
 10
20.04818267395567
 20
17.12664622534328
 30
0.0
 10
20.02888200171415
 20
17.12684821257003
 30
0.0
 10
20.0110023577651
 20
17.11652529010442
 30
0.0
 10
20.00152710457621
 20
17.09970933831093
 30
0.0
  0
SPLINE
  5
115
330
79
100
AcDbEntity
  8
Layer 1
 62
     1
420
 16711680
370
     0
100
AcDbSpline
210
0.0
220
0.0
230
1.0
 70
     9
 71
     3
 72
    62
 73
    58
 74
     0
 42
0.0000000001
 43
0.0000000001
 40
0.0
 40
0.0
 40
0.0
 40
0.0
 40
1.0
 40
1.0
 40
1.0
 40
2.0
 40
2.0
 40
2.0
 40
3.0
 40
3.0
 40
3.0
 40
4.0
 40
4.0
 40
4.0
 40
5.0
 40
5.0
 40
5.0
 40
6.0
 40
6.0
 40
6.0
 40
7.0
 40
7.0
 40
7.0
 40
8.0
 40
8.0
 40
8.0
 40
9.0
 40
9.0
 40
9.0
 40
10.0
 40
10.0
 40
10.0
 40
11.0
 40
11.0
 40
11.0
 40
12.0
 40
12.0
 40
12.0
 40
13.0
 40
13.0
 40
13.0
 40
14.0
 40
14.0
 40
14.0
 40
15.0
 40
15.0
 40
15.0
 40
16.0
 40
16.0
 40
16.0
 40
17.0
 40
17.0
 40
17.0
 40
18.0
 40
18.0
 40
18.0
 40
19.0
 40
19.0
 40
19.0
 40
19.0
 10
22.39209839605442
 20
13.42790217858647
 30
0.0
 10
22.39209839605442
 20
13.42790217858647
 30
0.0
 10
20.68179857346275
 20
16.46321440589801
 30
0.0
 10
20.68179857346275
 20
16.46321440589801
 30
0.0
 10
20.66745188712961
 20
16.48867573060991
 30
0.0
 10
20.67646212392045
 20
16.5209464177581
 30
0.0
 10
20.70192344863235
 20
16.53529310409124
 30
0.0
 10
20.71001589045408
 20
16.53985289319138
 30
0.0
 10
20.71916591603145
 20
16.54220230364522
 30
0.0
 10
20.72845404821983
 20
16.5421050738996
 30
0.0
 10
20.72845404821983
 20
16.5421050738996
 30
0.0
 10
21.08161031540365
 20
16.53840941836916
 30
0.0
 10
21.08161031540365
 20
16.53840941836916
 30
0.0
 10
21.10051468811752
 20
16.53821159452685
 30
0.0
 10
21.11787751517578
 20
16.52794342687474
 30
0.0
 10
21.12715832990061
 20
16.51147274160876
 30
0.0
 10
21.12715832990061
 20
16.51147274160876
 30
0.0
 10
22.27335984944773
 20
14.4773021502861
 30
0.0
 10
22.27335984944773
 20
14.4773021502861
 30
0.0
 10
22.27335984944773
 20
14.4773021502861
 30
0.0
 10
22.50673243436813
 20
14.06313169445702
 30
0.0
 10
22.50673243436813
 20
14.06313169445702
 30
0.0
 10
22.50673243436813
 20
14.06313169445702
 30
0.0
 10
22.63124908570249
 20
13.84214833231439
 30
0.0
 10
22.63124908570249
 20
13.84214833231439
 30
0.0
 10
22.6412134524539
 20
13.82446429383869
 30
0.0
 10
22.66041498147513
 20
13.81403850633943
 30
0.0
 10
22.68067291672914
 20
13.81531292252089
 30
0.0
 10
22.68067291672914
 20
13.81531292252089
 30
0.0
 10
23.17130211939621
 20
13.84617445122767
 30
0.0
 10
23.17130211939621
 20
13.84617445122767
 30
0.0
 10
23.17130245583132
 20
13.84617445122767
 30
0.0
 10
23.17130312870153
 20
13.84617445122767
 30
0.0
 10
23.17130346513664
 20
13.84617445122767
 30
0.0
 10
23.17130346513664
 20
13.84617445122767
 30
0.0
 10
23.63039507275146
 20
13.87506379734319
 30
0.0
 10
23.63039507275146
 20
13.87506379734319
 30
0.0
 10
23.63039507275146
 20
13.87506379734319
 30
0.0
 10
25.58795081134695
 20
13.99823067103236
 30
0.0
 10
25.58795081134695
 20
13.99823067103236
 30
0.0
 10
25.60681943783081
 20
13.99941795052137
 30
0.0
 10
25.62488802163266
 20
13.9904482541608
 30
0.0
 10
25.63534980768825
 20
13.97470107259023
 30
0.0
 10
25.63534980768825
 20
13.97470107259023
 30
0.0
 10
25.82229603015874
 20
13.69331246934416
 30
0.0
 10
25.82229603015874
 20
13.69331246934416
 30
0.0
 10
25.83846846570327
 20
13.66897004368598
 30
0.0
 10
25.83184540420692
 20
13.63612623933476
 30
0.0
 10
25.80750230567853
 20
13.61995380379023
 30
0.0
 10
25.79976631685159
 20
13.61481374824105
 30
0.0
 10
25.79081310581121
 20
13.61180097186698
 30
0.0
 10
25.781542972901
 20
13.61121759339321
 30
0.0
 10
25.781542972901
 20
13.61121759339321
 30
0.0
 10
22.44152306816883
 20
13.40106676879297
 30
0.0
 10
22.44152306816883
 20
13.40106676879297
 30
0.0
 10
22.42126479647971
 20
13.39979201617641
 30
0.0
 10
22.40206276280582
 20
13.41021814011077
 30
0.0
 10
22.39209839605442
 20
13.42790217858647
 30
0.0
  0
SPLINE
  5
116
330
79
100
AcDbEntity
  8
Layer 1
 62
     1
420
 16711680
370
     0
100
AcDbSpline
210
0.0
220
0.0
230
1.0
 70
     9
 71
     3
 72
    68
 73
    64
 74
     0
 42
0.0000000001
 43
0.0000000001
 40
0.0
 40
0.0
 40
0.0
 40
0.0
 40
1.0
 40
1.0
 40
1.0
 40
2.0
 40
2.0
 40
2.0
 40
3.0
 40
3.0
 40
3.0
 40
4.0
 40
4.0
 40
4.0
 40
5.0
 40
5.0
 40
5.0
 40
6.0
 40
6.0
 40
6.0
 40
7.0
 40
7.0
 40
7.0
 40
8.0
 40
8.0
 40
8.0
 40
9.0
 40
9.0
 40
9.0
 40
10.0
 40
10.0
 40
10.0
 40
11.0
 40
11.0
 40
11.0
 40
12.0
 40
12.0
 40
12.0
 40
13.0
 40
13.0
 40
13.0
 40
14.0
 40
14.0
 40
14.0
 40
15.0
 40
15.0
 40
15.0
 40
16.0
 40
16.0
 40
16.0
 40
17.0
 40
17.0
 40
17.0
 40
18.0
 40
18.0
 40
18.0
 40
19.0
 40
19.0
 40
19.0
 40
20.0
 40
20.0
 40
20.0
 40
21.0
 40
21.0
 40
21.0
 40
21.0
 10
24.78354523886875
 20
17.09403142816326
 30
0.0
 10
24.78354523886875
 20
17.09403142816326
 30
0.0
 10
23.29711337301839
 20
14.09964869729535
 30
0.0
 10
23.29711337301839
 20
14.09964869729535
 30
0.0
 10
23.28411856704986
 20
14.07347169100425
 30
0.0
 10
23.29480509175626
 20
14.04171659065599
 30
0.0
 10
23.32098209804735
 20
14.02872178468746
 30
0.0
 10
23.32930146534806
 20
14.02459204376153
 30
0.0
 10
23.33856083233488
 20
14.02272449248823
 30
0.0
 10
23.34783029237488
 20
14.02330719809179
 30
0.0
 10
23.34783029237488
 20
14.02330719809179
 30
0.0
 10
23.6849621554608
 20
14.04449386245586
 30
0.0
 10
23.6849621554608
 20
14.04449386245586
 30
0.0
 10
23.70383179124998
 20
14.04567979620445
 30
0.0
 10
23.72063470618312
 20
14.05684304945602
 30
0.0
 10
23.72904121017628
 20
14.07377818338581
 30
0.0
 10
23.72904121017628
 20
14.07377818338581
 30
0.0
 10
24.60115401129814
 20
15.8306631657974
 30
0.0
 10
24.60115401129814
 20
15.8306631657974
 30
0.0
 10
24.60115434773324
 20
15.83066350223251
 30
0.0
 10
24.60115434773324
 20
15.83066383866761
 30
0.0
 10
24.60115468416835
 20
15.83066417510272
 30
0.0
 10
24.60115468416835
 20
15.83066417510272
 30
0.0
 10
24.80571395730718
 20
16.24272947236489
 30
0.0
 10
24.80571395730718
 20
16.24272947236489
 30
0.0
 10
24.80571395730718
 20
16.24272947236489
 30
0.0
 10
25.02269508742906
 20
16.6798229761944
 30
0.0
 10
25.02269508742906
 20
16.6798229761944
 30
0.0
 10
25.03252639409604
 20
16.69962773336066
 30
0.0
 10
25.05363500551553
 20
16.71123201098177
 30
0.0
 10
25.07562474047758
 20
16.70892057564052
 30
0.0
 10
25.07562474047758
 20
16.70892057564052
 30
0.0
 10
25.74926606170335
 20
16.6381121722987
 30
0.0
 10
25.74926606170335
 20
16.6381121722987
 30
0.0
 10
25.74926740744377
 20
16.63811208818993
 30
0.0
 10
25.74926808031399
 20
16.63811196202676
 30
0.0
 10
25.74926942605441
 20
16.63811187791799
 30
0.0
 10
25.74926942605441
 20
16.63811187791799
 30
0.0
 10
26.19362685820278
 20
16.59142999300508
 30
0.0
 10
26.19362685820278
 20
16.59142999300508
 30
0.0
 10
26.19362753107299
 20
16.59142990889631
 30
0.0
 10
26.19362887681341
 20
16.59142982478753
 30
0.0
 10
26.19362954968362
 20
16.59142974067876
 30
0.0
 10
26.19362954968362
 20
16.59142974067876
 30
0.0
 10
27.84284587799819
 20
16.41807322555295
 30
0.0
 10
27.84284587799819
 20
16.41807322555295
 30
0.0
 10
27.86164721746086
 20
16.41609683752286
 30
0.0
 10
27.88007511395589
 20
16.42430097579978
 30
0.0
 10
27.89118756550645
 20
16.43959523160891
 30
0.0
 10
27.89118756550645
 20
16.43959523160891
 30
0.0
 10
28.08199740873403
 20
16.70220911582007
 30
0.0
 10
28.08199740873403
 20
16.70220911582007
 30
0.0
 10
28.09917578524544
 20
16.72585230316486
 30
0.0
 10
28.09393547203468
 20
16.75894490127696
 30
0.0
 10
28.07029215852672
 20
16.77612348806031
 30
0.0
 10
28.06277687112931
 20
16.78158387188478
 30
0.0
 10
28.05395688839091
 20
16.7849696706826
 30
0.0
 10
28.04471838038065
 20
16.78594058034407
 30
0.0
 10
28.04471838038065
 20
16.78594058034407
 30
0.0
 10
24.83647421904706
 20
17.12312953226204
 30
0.0
 10
24.83647421904706
 20
17.12312953226204
 30
0.0
 10
24.81448482052011
 20
17.1254405680866
 30
0.0
 10
24.79337654553573
 20
17.11383614327512
 30
0.0
 10
24.78354523886875
 20
17.09403142816326
 30
0.0
  0
SPLINE
  5
117
330
79
100
AcDbEntity
  8
Layer 1
 62
     1
420
 16711680
370
     0
100
AcDbSpline
210
0.0
220
0.0
230
1.0
 70
     9
 71
     3
 72
    71
 73
    67
 74
     0
 42
0.0000000001
 43
0.0000000001
 40
0.0
 40
0.0
 40
0.0
 40
0.0
 40
1.0
 40
1.0
 40
1.0
 40
2.0
 40
2.0
 40
2.0
 40
3.0
 40
3.0
 40
3.0
 40
4.0
 40
4.0
 40
4.0
 40
5.0
 40
5.0
 40
5.0
 40
6.0
 40
6.0
 40
6.0
 40
7.0
 40
7.0
 40
7.0
 40
8.0
 40
8.0
 40
8.0
 40
9.0
 40
9.0
 40
9.0
 40
10.0
 40
10.0
 40
10.0
 40
11.0
 40
11.0
 40
11.0
 40
12.0
 40
12.0
 40
12.0
 40
13.0
 40
13.0
 40
13.0
 40
14.0
 40
14.0
 40
14.0
 40
15.0
 40
15.0
 40
15.0
 40
16.0
 40
16.0
 40
16.0
 40
17.0
 40
17.0
 40
17.0
 40
18.0
 40
18.0
 40
18.0
 40
19.0
 40
19.0
 40
19.0
 40
20.0
 40
20.0
 40
20.0
 40
21.0
 40
21.0
 40
21.0
 40
22.0
 40
22.0
 40
22.0
 40
22.0
 10
27.17488627284224
 20
13.4360765423565
 30
0.0
 10
27.17488627284224
 20
13.4360765423565
 30
0.0
 10
25.86433561526176
 20
16.37959589946084
 30
0.0
 10
25.86433561526176
 20
16.37959589946084
 30
0.0
 10
25.85244869009722
 20
16.40629429605744
 30
0.0
 10
25.86445538615949
 20
16.43757392949218
 30
0.0
 10
25.89115420329996
 20
16.44946093876549
 30
0.0
 10
25.89963909667281
 20
16.45323876857055
 30
0.0
 10
25.90896911503189
 20
16.45471672799113
 30
0.0
 10
25.91820627730172
 20
16.45374628092793
 30
0.0
 10
25.91820627730172
 20
16.45374628092793
 30
0.0
 10
26.24103392898662
 20
16.41983177185192
 30
0.0
 10
26.24103392898662
 20
16.41983177185192
 30
0.0
 10
26.25983661418971
 20
16.41785647723592
 30
0.0
 10
26.27615640831066
 20
16.40599999944848
 30
0.0
 10
26.28384664196318
 20
16.38872876684782
 30
0.0
 10
26.28384664196318
 20
16.38872876684782
 30
0.0
 10
26.95837278751768
 20
14.8737959692118
 30
0.0
 10
26.95837278751768
 20
14.8737959692118
 30
0.0
 10
26.95837346038789
 20
14.87379479168893
 30
0.0
 10
26.9583741332581
 20
14.87379361416606
 30
0.0
 10
26.95837480612832
 20
14.87379243664319
 30
0.0
 10
26.95837480612832
 20
14.87379243664319
 30
0.0
 10
27.14008878983058
 20
14.46559488146816
 30
0.0
 10
27.14008878983058
 20
14.46559488146816
 30
0.0
 10
27.14008946270079
 20
14.46559387216284
 30
0.0
 10
27.14009013557101
 20
14.46559252642241
 30
0.0
 10
27.14009080844121
 20
14.4655915171171
 30
0.0
 10
27.14009080844121
 20
14.4655915171171
 30
0.0
 10
27.41403645783766
 20
13.85032269608442
 30
0.0
 10
27.41403645783766
 20
13.85032269608442
 30
0.0
 10
27.42377827276645
 20
13.82844297540203
 30
0.0
 10
27.44700104239193
 20
13.81583439693516
 30
0.0
 10
27.47065646756369
 20
13.81958127471048
 30
0.0
 10
27.47065646756369
 20
13.81958127471048
 30
0.0
 10
28.36786699115667
 20
13.96169348208767
 30
0.0
 10
28.36786699115667
 20
13.96169348208767
 30
0.0
 10
28.36786833689709
 20
13.96169381852278
 30
0.0
 10
28.36786968263751
 20
13.96169381852278
 30
0.0
 10
28.36787102837794
 20
13.96169415495788
 30
0.0
 10
28.36787102837794
 20
13.96169415495788
 30
0.0
 10
28.79179473792941
 20
14.0288085849448
 30
0.0
 10
28.79179473792941
 20
14.0288085849448
 30
0.0
 10
28.79179608366984
 20
14.0288089213799
 30
0.0
 10
28.79179675654005
 20
14.0288089213799
 30
0.0
 10
28.79179810228047
 20
14.02880925781501
 30
0.0
 10
28.79179810228047
 20
14.02880925781501
 30
0.0
 10
30.05092869113297
 20
14.22824462428974
 30
0.0
 10
30.05092869113297
 20
14.22824462428974
 30
0.0
 10
30.06960151238515
 20
14.23120222530642
 30
0.0
 10
30.08843313100735
 20
14.22397358061931
 30
0.0
 10
30.10033082209528
 20
14.2092814595411
 30
0.0
 10
30.10033082209528
 20
14.2092814595411
 30
0.0
 10
30.29353002744554
 20
13.97070455996628
 30
0.0
 10
30.29353002744554
 20
13.97070455996628
 30
0.0
 10
30.31192226181933
 20
13.94799249883168
 30
0.0
 10
30.30841997236607
 20
13.91467095662996
 30
0.0
 10
30.28570791123148
 20
13.89627905869128
 30
0.0
 10
30.27848935959753
 20
13.89043349872485
 30
0.0
 10
30.2698591262589
 20
13.88659073694433
 30
0.0
 10
30.26068454091879
 20
13.88513767372159
 30
0.0
 10
30.26068454091879
 20
13.88513767372159
 30
0.0
 10
27.23150695543849
 20
13.40533478454745
 30
0.0
 10
27.23150695543849
 20
13.40533478454745
 30
0.0
 10
27.20785153026672
 20
13.40158757033703
 30
0.0
 10
27.18462808777104
 20
13.414196485239
 30
0.0
 10
27.17488627284224
 20
13.4360765423565
 30
0.0
  0
SPLINE
  5
118
330
79
100
AcDbEntity
  8
Layer 1
 62
     1
420
 16711680
370
     0
100
AcDbSpline
210
0.0
220
0.0
230
1.0
 70
     9
 71
     3
 72
    71
 73
    67
 74
     0
 42
0.0000000001
 43
0.0000000001
 40
0.0
 40
0.0
 40
0.0
 40
0.0
 40
1.0
 40
1.0
 40
1.0
 40
2.0
 40
2.0
 40
2.0
 40
3.0
 40
3.0
 40
3.0
 40
4.0
 40
4.0
 40
4.0
 40
5.0
 40
5.0
 40
5.0
 40
6.0
 40
6.0
 40
6.0
 40
7.0
 40
7.0
 40
7.0
 40
8.0
 40
8.0
 40
8.0
 40
9.0
 40
9.0
 40
9.0
 40
10.0
 40
10.0
 40
10.0
 40
11.0
 40
11.0
 40
11.0
 40
12.0
 40
12.0
 40
12.0
 40
13.0
 40
13.0
 40
13.0
 40
14.0
 40
14.0
 40
14.0
 40
15.0
 40
15.0
 40
15.0
 40
16.0
 40
16.0
 40
16.0
 40
17.0
 40
17.0
 40
17.0
 40
18.0
 40
18.0
 40
18.0
 40
19.0
 40
19.0
 40
19.0
 40
20.0
 40
20.0
 40
20.0
 40
21.0
 40
21.0
 40
21.0
 40
22.0
 40
22.0
 40
22.0
 40
22.0
 10
29.56696544543826
 20
17.08544667664551
 30
0.0
 10
29.56696544543826
 20
17.08544667664551
 30
0.0
 10
28.46928400811434
 20
14.2258407954575
 30
0.0
 10
28.46928400811434
 20
14.2258407954575
 30
0.0
 10
28.45881078326514
 20
14.19855691766773
 30
0.0
 10
28.47243842366803
 20
14.16794838816064
 30
0.0
 10
28.49972263789291
 20
14.15747516331144
 30
0.0
 10
28.5083952620549
 20
14.15414647437286
 30
0.0
 10
28.51779054882453
 20
14.15315903733681
 30
0.0
 10
28.52696580703486
 20
14.15461243699464
 30
0.0
 10
28.52696580703486
 20
14.15461243699464
 30
0.0
 10
28.83019073083465
 20
14.20264561351072
 30
0.0
 10
28.83019073083465
 20
14.20264561351072
 30
0.0
 10
28.84886287921662
 20
14.20560355096251
 30
0.0
 10
28.86453940941493
 20
14.21829825681651
 30
0.0
 10
28.87131386670897
 20
14.2359479789114
 30
0.0
 10
28.87131386670897
 20
14.2359479789114
 30
0.0
 10
29.32814362110628
 20
15.42609692293878
 30
0.0
 10
29.32814362110628
 20
15.42609692293878
 30
0.0
 10
29.32814362110628
 20
15.42609742759144
 30
0.0
 10
29.3281442939765
 20
15.42609810046165
 30
0.0
 10
29.3281442939765
 20
15.42609860511431
 30
0.0
 10
29.3281442939765
 20
15.42609860511431
 30
0.0
 10
29.48196511591205
 20
15.82679870395255
 30
0.0
 10
29.48196511591205
 20
15.82679870395255
 30
0.0
 10
29.48196511591205
 20
15.8267988721701
 30
0.0
 10
29.48196578878226
 20
15.8267992086052
 30
0.0
 10
29.48196578878226
 20
15.82679937682276
 30
0.0
 10
29.48196578878226
 20
15.82679937682276
 30
0.0
 10
29.80611630330388
 20
16.67123917090039
 30
0.0
 10
29.80611630330388
 20
16.67123917090039
 30
0.0
 10
29.81533193372693
 20
16.6952458343228
 30
0.0
 10
29.84047103771607
 20
16.70915258970048
 30
0.0
 10
29.8657050164051
 20
16.70420236765985
 30
0.0
 10
29.8657050164051
 20
16.70420236765985
 30
0.0
 10
30.91315601953578
 20
16.49871613169526
 30
0.0
 10
30.91315601953578
 20
16.49871613169526
 30
0.0
 10
30.91315601953578
 20
16.49871604758649
 30
0.0
 10
30.91315669240599
 20
16.49871604758649
 30
0.0
 10
30.91315669240599
 20
16.49871596347771
 30
0.0
 10
30.91315669240599
 20
16.49871596347771
 30
0.0
 10
31.32154853885473
 20
16.41859116739861
 30
0.0
 10
31.32154853885473
 20
16.41859116739861
 30
0.0
 10
31.32154853885473
 20
16.41859108328984
 30
0.0
 10
31.32154853885473
 20
16.41859108328984
 30
0.0
 10
31.32154853885473
 20
16.41859099918106
 30
0.0
 10
31.32154853885473
 20
16.41859099918106
 30
0.0
 10
32.30663725787047
 20
16.22530894668595
 30
0.0
 10
32.30663725787047
 20
16.22530894668595
 30
0.0
 10
32.32518828961429
 20
16.22166888705678
 30
0.0
 10
32.3442735803064
 20
16.2282026250325
 30
0.0
 10
32.35670149312136
 20
16.2424488854865
 30
0.0
 10
32.35670149312136
 20
16.2424488854865
 30
0.0
 10
32.54995250947794
 20
16.46397138488647
 30
0.0
 10
32.54995250947794
 20
16.46397138488647
 30
0.0
 10
32.5691642997699
 20
16.48599400638013
 30
0.0
 10
32.5668859612322
 20
16.51942144153146
 30
0.0
 10
32.54486426493507
 20
16.5386336523673
 30
0.0
 10
32.53786372324981
 20
16.54473994954087
 30
0.0
 10
32.52938017561739
 20
16.54889618473139
 30
0.0
 10
32.52026547572614
 20
16.55068467375478
 30
0.0
 10
32.52026547572614
 20
16.55068467375478
 30
0.0
 10
29.6265555042799
 20
17.11841006264972
 30
0.0
 10
29.6265555042799
 20
17.11841006264972
 30
0.0
 10
29.60132152559087
 20
17.12336097858776
 30
0.0
 10
29.5761810758613
 20
17.10945401293813
 30
0.0
 10
29.56696544543826
 20
17.08544667664551
 30
0.0
  0
SPLINE
  5
119
330
79
100
AcDbEntity
  8
Layer 1
 62
     1
420
 16711680
370
     0
100
AcDbSpline
210
0.0
220
0.0
230
1.0
 70
     9
 71
     3
 72
    65
 73
    61
 74
     0
 42
0.0000000001
 43
0.0000000001
 40
0.0
 40
0.0
 40
0.0
 40
0.0
 40
1.0
 40
1.0
 40
1.0
 40
2.0
 40
2.0
 40
2.0
 40
3.0
 40
3.0
 40
3.0
 40
4.0
 40
4.0
 40
4.0
 40
5.0
 40
5.0
 40
5.0
 40
6.0
 40
6.0
 40
6.0
 40
7.0
 40
7.0
 40
7.0
 40
8.0
 40
8.0
 40
8.0
 40
9.0
 40
9.0
 40
9.0
 40
10.0
 40
10.0
 40
10.0
 40
11.0
 40
11.0
 40
11.0
 40
12.0
 40
12.0
 40
12.0
 40
13.0
 40
13.0
 40
13.0
 40
14.0
 40
14.0
 40
14.0
 40
15.0
 40
15.0
 40
15.0
 40
16.0
 40
16.0
 40
16.0
 40
17.0
 40
17.0
 40
17.0
 40
18.0
 40
18.0
 40
18.0
 40
19.0
 40
19.0
 40
19.0
 40
20.0
 40
20.0
 40
20.0
 40
20.0
 10
31.9587310605155
 20
13.44477709063229
 30
0.0
 10
31.9587310605155
 20
13.44477709063229
 30
0.0
 10
31.004794213703
 20
16.23097712124275
 30
0.0
 10
31.004794213703
 20
16.23097712124275
 30
0.0
 10
30.99532760269089
 20
16.25862653577517
 30
0.0
 10
31.01006749755415
 20
16.28871493660841
 30
0.0
 10
31.03771708030413
 20
16.29818146351174
 30
0.0
 10
31.04650476527237
 20
16.30119020266453
 30
0.0
 10
31.05592965833133
 20
16.30183287782573
 30
0.0
 10
31.06504435822258
 20
16.30004480934622
 30
0.0
 10
31.06504435822258
 20
16.30004480934622
 30
0.0
 10
31.35355562909738
 20
16.24344540627042
 30
0.0
 10
31.35355562909738
 20
16.24344540627042
 30
0.0
 10
31.37210800658162
 20
16.23980576718514
 30
0.0
 10
31.38730949041028
 20
16.22654484104777
 30
0.0
 10
31.39343260933915
 20
16.20865810042072
 30
0.0
 10
31.39343260933915
 20
16.20865810042072
 30
0.0
 10
31.71857560742341
 20
15.25892383273458
 30
0.0
 10
31.71857560742341
 20
15.25892383273458
 30
0.0
 10
31.71857560742341
 20
15.25892265521171
 30
0.0
 10
31.71857695316384
 20
15.25892130947129
 30
0.0
 10
31.71857695316384
 20
15.25892013194842
 30
0.0
 10
31.71857695316384
 20
15.25892013194842
 30
0.0
 10
31.85341879790077
 20
14.8651480730301
 30
0.0
 10
31.85341879790077
 20
14.8651480730301
 30
0.0
 10
31.85341879790077
 20
14.86514706372478
 30
0.0
 10
31.85342014364119
 20
14.86514605441947
 30
0.0
 10
31.85342014364119
 20
14.86514504511415
 30
0.0
 10
31.85342014364119
 20
14.86514504511415
 30
0.0
 10
32.19788259125134
 20
13.85902391723042
 30
0.0
 10
32.19788259125134
 20
13.85902391723042
 30
0.0
 10
32.20675774934713
 20
13.83309957370392
 30
0.0
 10
32.23395650905509
 20
13.81823957150782
 30
0.0
 10
32.2605671801978
 20
13.82477482344151
 30
0.0
 10
32.2605671801978
 20
13.82477482344151
 30
0.0
 10
33.49460307449514
 20
14.12787459338188
 30
0.0
 10
33.49460307449514
 20
14.12787459338188
 30
0.0
 10
33.49460307449514
 20
14.12787459338188
 30
0.0
 10
33.88172011058204
 20
14.2229609109503
 30
0.0
 10
33.88172011058204
 20
14.2229609109503
 30
0.0
 10
33.88172011058204
 20
14.2229609109503
 30
0.0
 10
34.51601063607179
 20
14.37875492478244
 30
0.0
 10
34.51601063607179
 20
14.37875492478244
 30
0.0
 10
34.53436922693498
 20
14.38326416450791
 30
0.0
 10
34.55373981459697
 20
14.37763695092526
 30
0.0
 10
34.5668244487388
 20
14.36399316163729
 30
0.0
 10
34.5668244487388
 20
14.36399316163729
 30
0.0
 10
34.75815778499129
 20
14.16448714379031
 30
0.0
 10
34.75815778499129
 20
14.16448714379031
 30
0.0
 10
34.77838695504374
 20
14.1433943448208
 30
0.0
 10
34.77768582428288
 20
14.10989684705865
 30
0.0
 10
34.75659403461869
 20
14.08966801344131
 30
0.0
 10
34.74988955582669
 20
14.08323806569579
 30
0.0
 10
34.7416105607387
 20
14.07868643514697
 30
0.0
 10
34.7325887169367
 20
14.07647067353897
 30
0.0
 10
34.7325887169367
 20
14.07647067353897
 30
0.0
 10
32.02141699520239
 20
13.41052866971359
 30
0.0
 10
32.02141699520239
 20
13.41052866971359
 30
0.0
 10
31.99480632405968
 20
13.40399240847458
 30
0.0
 10
31.96760756435172
 20
13.41885241067068
 30
0.0
 10
31.9587310605155
 20
13.44477709063229
 30
0.0
  0
ENDBLK
  5
7C
330
79
100
AcDbEntity
  8
0
100
AcDbBlockEnd
  0
ENDSEC
  0
SECTION
  2
ENTITIES
  0
INSERT
  5
7A
330
70
100
AcDbEntity
  8
Layer 1
100
AcDbBlockReference
  2
Block_0
 10
0.0
 20
0.0
 30
0.0
  0
ENDSEC
  0
SECTION
  2
OBJECTS
  0
DICTIONARY
  5
C
330
0
100
AcDbDictionary
281
     1
  3
ACAD_COLOR
350
63
  3
ACAD_DETAILVIEWSTYLE
350
6A
  3
ACAD_GROUP
350
D
  3
ACAD_LAYOUT
350
62
  3
ACAD_MATERIAL
350
10
  3
ACAD_MLEADERSTYLE
350
66
  3
ACAD_MLINESTYLE
350
5F
  3
ACAD_PLOTSETTINGS
350
61
  3
ACAD_PLOTSTYLENAME
350
E
  3
ACAD_SCALELIST
350
42
  3
ACAD_SECTIONVIEWSTYLE
350
68
  3
ACAD_TABLESTYLE
350
64
  3
ACAD_VISUALSTYLE
350
29
  3
ACDB_RECOMPOSE_DATA
350
122
  3
AcDbVariableDictionary
350
11A
  0
DICTIONARY
  5
63
102
{ACAD_REACTORS
330
C
102
}
330
C
100
AcDbDictionary
281
     1
  0
DICTIONARY
  5
6A
102
{ACAD_REACTORS
330
C
102
}
330
C
100
AcDbDictionary
281
     1
  3
Imperial24
350
6B
  0
DICTIONARY
  5
D
102
{ACAD_REACTORS
330
C
102
}
330
C
100
AcDbDictionary
281
     1
  0
DICTIONARY
  5
62
102
{ACAD_REACTORS
330
C
102
}
330
C
100
AcDbDictionary
281
     1
  3
Layout1
350
6F
  3
Layout2
350
77
  3
Model
350
73
  0
DICTIONARY
  5
10
102
{ACAD_REACTORS
330
C
102
}
330
C
100
AcDbDictionary
281
     1
  3
ByBlock
350
19
  3
ByLayer
350
11
  3
Global
350
21
  0
DICTIONARY
  5
66
102
{ACAD_REACTORS
330
C
102
}
330
C
100
AcDbDictionary
281
     1
  3
Standard
350
67
  0
DICTIONARY
  5
5F
102
{ACAD_REACTORS
330
C
102
}
330
C
100
AcDbDictionary
281
     1
  3
Standard
350
60
  0
DICTIONARY
  5
61
102
{ACAD_REACTORS
330
C
102
}
330
C
100
AcDbDictionary
281
     1
  0
ACDBDICTIONARYWDFLT
  5
E
102
{ACAD_REACTORS
330
C
102
}
330
C
100
AcDbDictionary
281
     1
  3
Normal
350
F
100
AcDbDictionaryWithDefault
340
F
  0
DICTIONARY
  5
42
102
{ACAD_REACTORS
330
C
102
}
330
C
100
AcDbDictionary
281
     1
  3
A0
350
43
  3
A1
350
44
  3
A2
350
45
  3
A3
350
46
  3
A4
350
47
  3
A5
350
48
  3
A6
350
49
  3
A7
350
4A
  3
A8
350
4B
  3
A9
350
4C
  3
B0
350
4D
  3
B1
350
4E
  3
B2
350
4F
  3
B3
350
50
  3
B4
350
51
  3
B5
350
52
  3
B6
350
53
  0
DICTIONARY
  5
68
102
{ACAD_REACTORS
330
C
102
}
330
C
100
AcDbDictionary
281
     1
  3
Imperial24
350
69
  0
DICTIONARY
  5
64
102
{ACAD_REACTORS
330
C
102
}
330
C
100
AcDbDictionary
281
     1
  3
Standard
350
65
  0
DICTIONARY
  5
29
102
{ACAD_REACTORS
330
C
102
}
330
C
100
AcDbDictionary
281
     1
  3
2dWireframe
350
2F
  3
Basic
350
2E
  3
Brighten
350
35
  3
ColorChange
350
39
  3
Conceptual
350
32
  3
Dim
350
34
  3
EdgeColorOff
350
41
  3
Facepattern
350
38
  3
Flat
350
2A
  3
FlatWithEdges
350
2B
  3
Gouraud
350
2C
  3
GouraudWithEdges
350
2D
  3
Hidden
350
31
  3
JitterOff
350
3F
  3
Linepattern
350
37
  3
OverhangOff
350
40
  3
Realistic
350
33
  3
Shaded
350
3E
  3
Shaded with edges
350
3D
  3
Shades of Gray
350
3A
  3
Sketchy
350
3B
  3
Thicken
350
36
  3
Wireframe
350
30
  3
X-Ray
350
3C
  0
XRECORD
  5
122
102
{ACAD_REACTORS
330
C
102
}
330
C
100
AcDbXrecord
280
     1
 90
        1
330
65
  0
DICTIONARY
  5
11A
102
{ACAD_REACTORS
330
C
102
}
330
C
100
AcDbDictionary
281
     1
  3
CANNOSCALE
350
11F
  3
CMLEADERSTYLE
350
11C
  3
CTABLESTYLE
350
11B
  3
CVIEWDETAILSTYLE
350
11D
  3
CVIEWSECTIONSTYLE
350
11E
  0
ACDBDETAILVIEWSTYLE
  5
6B
102
{ACAD_REACTORS
330
6A
102
}
330
6A
100
AcDbModelDocViewStyle
 70
     0
  3
Imperial24
290
     1
300
Imperial24
 90
        0
100
AcDbDetailViewStyle
 70
     0
 71
     0
 90
        3
 71
     1
340
55
 62
   256
 40
0.24
340
0
 62
   256
 40
0.24
300

 40
0.36
280
     3
 71
     2
340
5D
 90
       25
 62
   256
 71
     3
340
55
 62
   256
 40
0.24
 90
        1
 40
0.75
 90
        1
300
%<\AcVar ViewType \f "%tc1">% %<\AcVar ViewDetailId>%\PSCALE %<\AcVar ViewScale \f "%sn">%
 71
     4
340
5D
 90
       25
 62
   256
340
5D
 90
       25
 62
   256
280
     0
  0
LAYOUT
  5
6F
102
{ACAD_REACTORS
330
62
102
}
330
62
100
AcDbPlotSettings
  1

  2

  4

  6

 40
0.0
 41
0.0
 42
0.0
 43
0.0
 44
0.0
 45
0.0
 46
0.0
 47
0.0
 48
0.0
 49
0.0
140
0.0
141
0.0
142
1.0
143
1.0
 70
   688
 72
     0
 73
     0
 74
     5
  7

 75
    16
147
1.0
 76
     0
 77
     2
 78
   300
148
0.0
149
0.0
100
AcDbLayout
  1
Layout1
 70
     1
 71
     1
 10
0.0
 20
0.0
 11
12.0
 21
9.0
 12
0.0
 22
0.0
 32
0.0
 14
0.0
 24
0.0
 34
0.0
 15
0.0
 25
0.0
 35
0.0
146
0.0
 13
0.0
 23
0.0
 33
0.0
 16
1.0
 26
0.0
 36
0.0
 17
0.0
 27
1.0
 37
0.0
 76
     0
330
6C
  0
LAYOUT
  5
77
102
{ACAD_REACTORS
330
62
102
}
330
62
100
AcDbPlotSettings
  1

  2

  4

  6

 40
0.0
 41
0.0
 42
0.0
 43
0.0
 44
0.0
 45
0.0
 46
0.0
 47
0.0
 48
0.0
 49
0.0
140
0.0
141
0.0
142
1.0
143
1.0
 70
   688
 72
     0
 73
     0
 74
     5
  7

 75
    16
147
1.0
 76
     0
 77
     2
 78
   300
148
0.0
149
0.0
100
AcDbLayout
  1
Layout2
 70
     1
 71
     2
 10
0.0
 20
0.0
 11
12.0
 21
9.0
 12
0.0
 22
0.0
 32
0.0
 14
0.0
 24
0.0
 34
0.0
 15
0.0
 25
0.0
 35
0.0
146
0.0
 13
0.0
 23
0.0
 33
0.0
 16
1.0
 26
0.0
 36
0.0
 17
0.0
 27
1.0
 37
0.0
 76
     0
330
74
  0
LAYOUT
  5
73
102
{ACAD_REACTORS
330
62
102
}
330
62
100
AcDbPlotSettings
  1

  2

  4

  6

 40
0.0
 41
0.0
 42
0.0
 43
0.0
 44
0.0
 45
0.0
 46
0.0
 47
0.0
 48
0.0
 49
0.0
140
0.0
141
0.0
142
1.0
143
1.0
 70
  1712
 72
     0
 73
     0
 74
     0
  7

 75
     0
147
1.0
 76
     0
 77
     2
 78
   300
148
0.0
149
0.0
100
AcDbLayout
  1
Model
 70
     1
 71
     0
 10
0.0
 20
0.0
 11
12.0
 21
9.0
 12
0.0
 22
0.0
 32
0.0
 14
0.0
 24
0.0
 34
0.0
 15
0.0
 25
0.0
 35
0.0
146
0.0
 13
0.0
 23
0.0
 33
0.0
 16
1.0
 26
0.0
 36
0.0
 17
0.0
 27
1.0
 37
0.0
 76
     0
330
70
  0
MATERIAL
  5
19
102
{ACAD_XDICTIONARY
360
1A
102
}
102
{ACAD_REACTORS
330
10
102
}
330
10
100
AcDbMaterial
  1
ByBlock
 72
     0
 43
0.0208333333333333
 43
0.0
 43
0.0
 43
0.0
 43
0.0
 43
0.0208333333333333
 43
0.0
 43
0.0
 43
0.0
 43
0.0
 43
1.0
 43
0.0
 43
0.0
 43
0.0
 43
0.0
 43
1.0
 77
     0
 47
0.0208333333333333
 47
0.0
 47
0.0
 47
0.0
 47
0.0
 47
0.0208333333333333
 47
0.0
 47
0.0
 47
0.0
 47
0.0
 47
1.0
 47
0.0
 47
0.0
 47
0.0
 47
0.0
 47
1.0
171
     0
 49
0.0208333333333333
 49
0.0
 49
0.0
 49
0.0
 49
0.0
 49
0.0208333333333333
 49
0.0
 49
0.0
 49
0.0
 49
0.0
 49
1.0
 49
0.0
 49
0.0
 49
0.0
 49
0.0
 49
1.0
175
     0
142
0.0208333333333333
142
0.0
142
0.0
142
0.0
142
0.0
142
0.0208333333333333
142
0.0
142
0.0
142
0.0
142
0.0
142
1.0
142
0.0
142
0.0
142
0.0
142
0.0
142
1.0
179
     0
144
0.0208333333333333
144
0.0
144
0.0
144
0.0
144
0.0
144
0.0208333333333333
144
0.0
144
0.0
144
0.0
144
0.0
144
1.0
144
0.0
144
0.0
144
0.0
144
0.0
144
1.0
147
0.0208333333333333
147
0.0
147
0.0
147
0.0
147
0.0
147
0.0208333333333333
147
0.0
147
0.0
147
0.0
147
0.0
147
1.0
147
0.0
147
0.0
147
0.0
147
0.0
147
1.0
  0
MATERIAL
  5
11
102
{ACAD_XDICTIONARY
360
12
102
}
102
{ACAD_REACTORS
330
10
102
}
330
10
100
AcDbMaterial
  1
ByLayer
 72
     0
 43
0.0208333333333333
 43
0.0
 43
0.0
 43
0.0
 43
0.0
 43
0.0208333333333333
 43
0.0
 43
0.0
 43
0.0
 43
0.0
 43
1.0
 43
0.0
 43
0.0
 43
0.0
 43
0.0
 43
1.0
 77
     0
 47
0.0208333333333333
 47
0.0
 47
0.0
 47
0.0
 47
0.0
 47
0.0208333333333333
 47
0.0
 47
0.0
 47
0.0
 47
0.0
 47
1.0
 47
0.0
 47
0.0
 47
0.0
 47
0.0
 47
1.0
171
     0
 49
0.0208333333333333
 49
0.0
 49
0.0
 49
0.0
 49
0.0
 49
0.0208333333333333
 49
0.0
 49
0.0
 49
0.0
 49
0.0
 49
1.0
 49
0.0
 49
0.0
 49
0.0
 49
0.0
 49
1.0
175
     0
142
0.0208333333333333
142
0.0
142
0.0
142
0.0
142
0.0
142
0.0208333333333333
142
0.0
142
0.0
142
0.0
142
0.0
142
1.0
142
0.0
142
0.0
142
0.0
142
0.0
142
1.0
179
     0
144
0.0208333333333333
144
0.0
144
0.0
144
0.0
144
0.0
144
0.0208333333333333
144
0.0
144
0.0
144
0.0
144
0.0
144
1.0
144
0.0
144
0.0
144
0.0
144
0.0
144
1.0
147
0.0208333333333333
147
0.0
147
0.0
147
0.0
147
0.0
147
0.0208333333333333
147
0.0
147
0.0
147
0.0
147
0.0
147
1.0
147
0.0
147
0.0
147
0.0
147
0.0
147
1.0
  0
MATERIAL
  5
21
102
{ACAD_XDICTIONARY
360
22
102
}
102
{ACAD_REACTORS
330
10
102
}
330
10
100
AcDbMaterial
  1
Global
 72
     0
 43
0.0208333333333333
 43
0.0
 43
0.0
 43
0.0
 43
0.0
 43
0.0208333333333333
 43
0.0
 43
0.0
 43
0.0
 43
0.0
 43
1.0
 43
0.0
 43
0.0
 43
0.0
 43
0.0
 43
1.0
 77
     0
 47
0.0208333333333333
 47
0.0
 47
0.0
 47
0.0
 47
0.0
 47
0.0208333333333333
 47
0.0
 47
0.0
 47
0.0
 47
0.0
 47
1.0
 47
0.0
 47
0.0
 47
0.0
 47
0.0
 47
1.0
171
     0
 49
0.0208333333333333
 49
0.0
 49
0.0
 49
0.0
 49
0.0
 49
0.0208333333333333
 49
0.0
 49
0.0
 49
0.0
 49
0.0
 49
1.0
 49
0.0
 49
0.0
 49
0.0
 49
0.0
 49
1.0
175
     0
142
0.0208333333333333
142
0.0
142
0.0
142
0.0
142
0.0
142
0.0208333333333333
142
0.0
142
0.0
142
0.0
142
0.0
142
1.0
142
0.0
142
0.0
142
0.0
142
0.0
142
1.0
179
     0
144
0.0208333333333333
144
0.0
144
0.0
144
0.0
144
0.0
144
0.0208333333333333
144
0.0
144
0.0
144
0.0
144
0.0
144
1.0
144
0.0
144
0.0
144
0.0
144
0.0
144
1.0
147
0.0208333333333333
147
0.0
147
0.0
147
0.0
147
0.0
147
0.0208333333333333
147
0.0
147
0.0
147
0.0
147
0.0
147
1.0
147
0.0
147
0.0
147
0.0
147
0.0
147
1.0
  0
MLEADERSTYLE
  5
67
102
{ACAD_REACTORS
330
66
102
}
330
66
100
AcDbMLeaderStyle
179
     2
170
     2
171
     1
172
     0
 90
        2
 40
0.0
 41
0.0
173
     1
 91
-1056964608
340
5B
 92
       -2
290
     1
 42
0.09
291
     1
 43
0.36
  3
Standard
 44
0.18
300

342
55
174
     1
178
     6
175
     1
176
     0
 93
-1056964608
 45
0.18
292
     0
297
     0
 46
0.18
 94
-1056964608
 47
1.0
 49
1.0
140
1.0
293
     1
141
0.0
294
     1
177
     0
142
1.0
295
     1
296
     0
143
0.125
271
     0
272
     9
273
     9
298
     1
  0
MLINESTYLE
  5
60
102
{ACAD_REACTORS
330
5F
102
}
330
5F
100
AcDbMlineStyle
  2
STANDARD
 70
     0
  3

 62
   256
 51
90.0
 52
90.0
 71
     2
 49
0.5
 62
   256
  6
BYLAYER
 49
-0.5
 62
   256
  6
BYLAYER
  0
ACDBPLACEHOLDER
  5
F
102
{ACAD_REACTORS
330
E
102
}
330
E
  0
SCALE
  5
43
102
{ACAD_REACTORS
330
42
102
}
330
42
100
AcDbScale
 70
     0
300
1:1
140
1.0
141
1.0
290
     1
  0
SCALE
  5
44
102
{ACAD_REACTORS
330
42
102
}
330
42
100
AcDbScale
 70
     0
300
1/128" = 1'-0"
140
0.0078125
141
12.0
290
     0
  0
SCALE
  5
45
102
{ACAD_REACTORS
330
42
102
}
330
42
100
AcDbScale
 70
     0
300
1/64" = 1'-0"
140
0.015625
141
12.0
290
     0
  0
SCALE
  5
46
102
{ACAD_REACTORS
330
42
102
}
330
42
100
AcDbScale
 70
     0
300
1/32" = 1'-0"
140
0.03125
141
12.0
290
     0
  0
SCALE
  5
47
102
{ACAD_REACTORS
330
42
102
}
330
42
100
AcDbScale
 70
     0
300
1/16" = 1'-0"
140
0.0625
141
12.0
290
     0
  0
SCALE
  5
48
102
{ACAD_REACTORS
330
42
102
}
330
42
100
AcDbScale
 70
     0
300
3/32" = 1'-0"
140
0.09375
141
12.0
290
     0
  0
SCALE
  5
49
102
{ACAD_REACTORS
330
42
102
}
330
42
100
AcDbScale
 70
     0
300
1/8" = 1'-0"
140
0.125
141
12.0
290
     0
  0
SCALE
  5
4A
102
{ACAD_REACTORS
330
42
102
}
330
42
100
AcDbScale
 70
     0
300
3/16" = 1'-0"
140
0.1875
141
12.0
290
     0
  0
SCALE
  5
4B
102
{ACAD_REACTORS
330
42
102
}
330
42
100
AcDbScale
 70
     0
300
1/4" = 1'-0"
140
0.25
141
12.0
290
     0
  0
SCALE
  5
4C
102
{ACAD_REACTORS
330
42
102
}
330
42
100
AcDbScale
 70
     0
300
3/8" = 1'-0"
140
0.375
141
12.0
290
     0
  0
SCALE
  5
4D
102
{ACAD_REACTORS
330
42
102
}
330
42
100
AcDbScale
 70
     0
300
1/2" = 1'-0"
140
0.5
141
12.0
290
     0
  0
SCALE
  5
4E
102
{ACAD_REACTORS
330
42
102
}
330
42
100
AcDbScale
 70
     0
300
3/4" = 1'-0"
140
0.75
141
12.0
290
     0
  0
SCALE
  5
4F
102
{ACAD_REACTORS
330
42
102
}
330
42
100
AcDbScale
 70
     0
300
1" = 1'-0"
140
1.0
141
12.0
290
     0
  0
SCALE
  5
50
102
{ACAD_REACTORS
330
42
102
}
330
42
100
AcDbScale
 70
     0
300
1-1/2" = 1'-0"
140
1.5
141
12.0
290
     0
  0
SCALE
  5
51
102
{ACAD_REACTORS
330
42
102
}
330
42
100
AcDbScale
 70
     0
300
3" = 1'-0"
140
3.0
141
12.0
290
     0
  0
SCALE
  5
52
102
{ACAD_REACTORS
330
42
102
}
330
42
100
AcDbScale
 70
     0
300
6" = 1'-0"
140
6.0
141
12.0
290
     0
  0
SCALE
  5
53
102
{ACAD_REACTORS
330
42
102
}
330
42
100
AcDbScale
 70
     0
300
1'-0" = 1'-0"
140
12.0
141
12.0
290
     0
  0
ACDBSECTIONVIEWSTYLE
  5
69
102
{ACAD_REACTORS
330
68
102
}
330
68
100
AcDbModelDocViewStyle
 70
     0
  3
Imperial24
290
     1
300
Imperial24
 90
        0
100
AcDbSectionViewStyle
 70
     0
 71
     0
 90
       78
 71
     1
340
55
 62
   256
 40
0.24
340
0
340
0
 62
   256
 40
0.24
300
I, O, Q, S, X, Z
 40
0.48
 90
        3
 40
0.18
 90
        1
 71
     2
340
5D
 90
       25
 62
   256
340
5D
 90
       50
 62
   256
 40
0.24
 40
0.0
 40
0.24
 71
     3
340
55
 62
   256
 40
0.24
 90
        1
 40
0.75
 90
        1
300
%<\AcVar ViewType \f "%tc1">% %<\AcVar ViewSectionStartId>%-%<\AcVar ViewSectionEndId>%\PSCALE %<\AcVar ViewScale \f "%sn">%
 71
     4
 62
   256
 62
   257
300
ANSI31
 40
1.0
 90
        0
290
     0
290
     0
 90
        6
 40
0.0
 40
1.570796326794896
 40
0.2617993877991494
 40
1.308996938995747
 40
-0.2617993877991494
 40
1.832595714594046
  0
TABLESTYLE
  5
65
102
{ACAD_XDICTIONARY
360
120
102
}
102
{ACAD_REACTORS
330
64
102
}
330
64
100
AcDbTableStyle
280
     0
  3
Standard
 70
     0
 71
     0
 40
0.06
 41
0.06
280
     0
281
     0
  7
Standard
140
0.18
170
     2
 62
     0
 63
     7
283
     0
 90
      512
 91
        0
  1

274
    -2
284
     1
 64
     0
275
    -2
285
     1
 65
     0
276
    -2
286
     1
 66
     0
277
    -2
287
     1
 67
     0
278
    -2
288
     1
 68
     0
279
    -2
289
     1
 69
     0
  7
Standard
140
0.25
170
     5
 62
     0
 63
     7
283
     0
 90
      512
 91
        0
  1

274
    -2
284
     1
 64
     0
275
    -2
285
     1
 65
     0
276
    -2
286
     1
 66
     0
277
    -2
287
     1
 67
     0
278
    -2
288
     1
 68
     0
279
    -2
289
     1
 69
     0
  7
Standard
140
0.18
170
     5
 62
     0
 63
     7
283
     0
 90
      512
 91
        0
  1

274
    -2
284
     1
 64
     0
275
    -2
285
     1
 65
     0
276
    -2
286
     1
 66
     0
277
    -2
287
     1
 67
     0
278
    -2
288
     1
 68
     0
279
    -2
289
     1
 69
     0
  0
VISUALSTYLE
  5
2F
102
{ACAD_REACTORS
330
29
102
}
330
29
100
AcDbVisualStyle
  2
2dWireframe
 70
     4
177
     3
291
     0
 70
    58
 90
        0
176
     1
 90
        2
176
     1
 90
        0
176
     1
 90
        0
176
     1
 40
0.6
176
     1
 40
30.0
176
     1
 62
     7
420
 16777215
176
     1
 90
        1
176
     1
 90
        4
176
     1
 62
     7
176
     1
 62
   257
176
     1
 90
        1
176
     1
 90
        1
176
     1
 40
1.0
176
     1
 90
        0
176
     1
 62
   257
176
     1
 40
1.0
176
     1
 90
        1
176
     1
 90
        6
176
     1
 90
        2
176
     1
 62
     7
176
     1
 90
        5
176
     1
 90
        0
176
     1
 90
        0
176
     1
290
     0
176
     1
 90
        1
176
     1
 40
0.0
176
     1
 90
        0
176
     1
290
     1
176
     1
290
     1
176
     1
290
     0
176
     1
290
     0
176
     1
290
     0
176
     1
290
     0
176
     1
290
     0
176
     1
290
     0
176
     1
290
     0
176
     1
 90
       50
176
     1
 40
0.0
176
     1
 40
1.0
176
     1
 90
        0
176
     1
 62
    18
420
        0
176
     1
 90
       50
176
     1
 90
        3
176
     1
 62
     5
420
      255
176
     1
290
     0
176
     1
 90
       50
176
     1
 90
       50
176
     1
 90
       50
176
     1
290
     0
176
     1
 90
       50
176
     1
 62
   256
176
     0
 40
1.0
176
     0
 90
        2
176
     1
  1
strokes_ogs.tif
176
     1
290
     0
176
     1
 40
1.0
176
     1
 40
1.0
176
     1
  0
VISUALSTYLE
  5
2E
102
{ACAD_REACTORS
330
29
102
}
330
29
100
AcDbVisualStyle
  2
Basic
 70
     7
177
     3
291
     1
 70
    58
 90
        1
176
     1
 90
        0
176
     1
 90
        1
176
     1
 90
        0
176
     1
 40
0.6
176
     1
 40
30.0
176
     1
 62
     7
420
 16777215
176
     1
 90
        0
176
     1
 90
        4
176
     1
 62
     7
176
     1
 62
   257
176
     1
 90
        1
176
     1
 90
        1
176
     1
 40
1.0
176
     1
 90
        8
176
     1
 62
     7
176
     1
 40
1.0
176
     1
 90
        1
176
     1
 90
        6
176
     1
 90
        2
176
     1
 62
     7
176
     1
 90
        5
176
     1
 90
        0
176
     1
 90
        0
176
     1
290
     0
176
     1
 90
        1
176
     1
 40
0.0
176
     1
 90
        0
176
     1
290
     0
176
     1
290
     1
176
     1
290
     1
176
     1
290
     0
176
     1
290
     0
176
     1
290
     0
176
     1
290
     0
176
     1
290
     0
176
     1
290
     0
176
     1
 90
       50
176
     1
 40
0.0
176
     1
 40
1.0
176
     1
 90
        0
176
     1
 62
    18
420
        0
176
     1
 90
       50
176
     1
 90
        3
176
     1
 62
     5
420
      255
176
     1
290
     0
176
     1
 90
       50
176
     1
 90
       50
176
     1
 90
       50
176
     1
290
     0
176
     1
 90
       50
176
     1
 62
   256
176
     0
 40
1.0
176
     0
 90
        2
176
     1
  1
strokes_ogs.tif
176
     1
290
     0
176
     1
 40
1.0
176
     1
 40
1.0
176
     1
  0
VISUALSTYLE
  5
35
102
{ACAD_REACTORS
330
29
102
}
330
29
100
AcDbVisualStyle
  2
Brighten
 70
    12
177
     3
291
     1
 70
    58
 90
        2
176
     1
 90
        2
176
     1
 90
        0
176
     1
 90
        0
176
     1
 40
0.6
176
     1
 40
30.0
176
     1
 62
     7
420
 16777215
176
     1
 90
        1
176
     1
 90
        4
176
     1
 62
     7
176
     1
 62
   257
176
     1
 90
        1
176
     1
 90
        1
176
     1
 40
1.0
176
     1
 90
        8
176
     1
 62
     7
176
     1
 40
1.0
176
     1
 90
        1
176
     1
 90
        6
176
     1
 90
        2
176
     1
 62
     7
176
     1
 90
        5
176
     1
 90
        0
176
     1
 90
        0
176
     1
290
     0
176
     1
 90
        1
176
     1
 40
50.0
176
     1
 90
        0
176
     1
290
     0
176
     1
290
     1
176
     1
290
     1
176
     1
290
     0
176
     1
290
     0
176
     1
290
     0
176
     1
290
     0
176
     1
290
     0
176
     1
290
     0
176
     1
 90
       50
176
     1
 40
0.0
176
     1
 40
1.0
176
     1
 90
        0
176
     1
 62
    18
420
        0
176
     1
 90
       50
176
     1
 90
        3
176
     1
 62
     5
420
      255
176
     1
290
     0
176
     1
 90
       50
176
     1
 90
       50
176
     1
 90
       50
176
     1
290
     0
176
     1
 90
       50
176
     1
 62
   256
176
     0
 40
1.0
176
     0
 90
        2
176
     1
  1
strokes_ogs.tif
176
     1
290
     0
176
     1
 40
1.0
176
     1
 40
1.0
176
     1
  0
VISUALSTYLE
  5
39
102
{ACAD_REACTORS
330
29
102
}
330
29
100
AcDbVisualStyle
  2
ColorChange
 70
    16
177
     3
291
     1
 70
    58
 90
        2
176
     1
 90
        2
176
     1
 90
        3
176
     1
 90
        0
176
     1
 40
0.6
176
     1
 40
30.0
176
     1
 62
     8
420
  8421504
176
     1
 90
        1
176
     1
 90
        4
176
     1
 62
     7
176
     1
 62
   257
176
     1
 90
        1
176
     1
 90
        1
176
     1
 40
1.0
176
     1
 90
        8
176
     1
 62
     8
420
  8421504
176
     1
 40
1.0
176
     1
 90
        1
176
     1
 90
        6
176
     1
 90
        2
176
     1
 62
     7
176
     1
 90
        5
176
     1
 90
        0
176
     1
 90
        0
176
     1
290
     0
176
     1
 90
        1
176
     1
 40
0.0
176
     1
 90
        0
176
     1
290
     0
176
     1
290
     1
176
     1
290
     1
176
     1
290
     0
176
     1
290
     0
176
     1
290
     0
176
     1
290
     0
176
     1
290
     0
176
     1
290
     0
176
     1
 90
       50
176
     1
 40
0.0
176
     1
 40
1.0
176
     1
 90
        0
176
     1
 62
    18
420
        0
176
     1
 90
       50
176
     1
 90
        3
176
     1
 62
     5
420
      255
176
     1
290
     0
176
     1
 90
       50
176
     1
 90
       50
176
     1
 90
       50
176
     1
290
     0
176
     1
 90
       50
176
     1
 62
   256
176
     0
 40
1.0
176
     0
 90
        2
176
     1
  1
strokes_ogs.tif
176
     1
290
     0
176
     1
 40
1.0
176
     1
 40
1.0
176
     1
  0
VISUALSTYLE
  5
32
102
{ACAD_REACTORS
330
29
102
}
330
29
100
AcDbVisualStyle
  2
Conceptual
 70
     9
177
     3
291
     0
 70
    58
 90
        3
176
     1
 90
        2
176
     1
 90
        0
176
     1
 90
        0
176
     1
 40
0.6
176
     1
 40
30.0
176
     1
 62
     7
420
 16777215
176
     1
 90
        2
176
     1
 90
        2
176
     1
 62
     7
176
     1
 62
   257
176
     1
 90
        1
176
     1
 90
        1
176
     1
 40
179.0
176
     1
 90
        8
176
     1
 62
     7
176
     1
 40
1.0
176
     1
 90
        1
176
     1
 90
        6
176
     1
 90
        2
176
     1
 62
     7
176
     1
 90
        3
176
     1
 90
        0
176
     1
 90
        0
176
     1
290
     0
176
     1
 90
        1
176
     1
 40
0.0
176
     1
 90
        0
176
     1
290
     0
176
     1
290
     1
176
     1
290
     1
176
     1
290
     0
176
     1
290
     0
176
     1
290
     0
176
     1
290
     0
176
     1
290
     0
176
     1
290
     0
176
     1
 90
       50
176
     1
 40
0.0
176
     1
 40
1.0
176
     1
 90
        0
176
     1
 62
    18
420
        0
176
     1
 90
       50
176
     1
 90
        3
176
     1
 62
     5
420
      255
176
     1
290
     0
176
     1
 90
       50
176
     1
 90
       50
176
     1
 90
       50
176
     1
290
     0
176
     1
 90
       50
176
     1
 62
   256
176
     0
 40
1.0
176
     0
 90
        2
176
     1
  1
strokes_ogs.tif
176
     1
290
     0
176
     1
 40
1.0
176
     1
 40
1.0
176
     1
  0
VISUALSTYLE
  5
34
102
{ACAD_REACTORS
330
29
102
}
330
29
100
AcDbVisualStyle
  2
Dim
 70
    11
177
     3
291
     1
 70
    58
 90
        2
176
     1
 90
        2
176
     1
 90
        0
176
     1
 90
        0
176
     1
 40
0.6
176
     1
 40
30.0
176
     1
 62
     7
420
 16777215
176
     1
 90
        1
176
     1
 90
        4
176
     1
 62
     7
176
     1
 62
   257
176
     1
 90
        1
176
     1
 90
        1
176
     1
 40
1.0
176
     1
 90
        8
176
     1
 62
     7
176
     1
 40
1.0
176
     1
 90
        1
176
     1
 90
        6
176
     1
 90
        2
176
     1
 62
     7
176
     1
 90
        5
176
     1
 90
        0
176
     1
 90
        0
176
     1
290
     0
176
     1
 90
        1
176
     1
 40
-50.0
176
     1
 90
        0
176
     1
290
     0
176
     1
290
     1
176
     1
290
     1
176
     1
290
     0
176
     1
290
     0
176
     1
290
     0
176
     1
290
     0
176
     1
290
     0
176
     1
290
     0
176
     1
 90
       50
176
     1
 40
0.0
176
     1
 40
1.0
176
     1
 90
        0
176
     1
 62
    18
420
        0
176
     1
 90
       50
176
     1
 90
        3
176
     1
 62
     5
420
      255
176
     1
290
     0
176
     1
 90
       50
176
     1
 90
       50
176
     1
 90
       50
176
     1
290
     0
176
     1
 90
       50
176
     1
 62
   256
176
     0
 40
1.0
176
     0
 90
        2
176
     1
  1
strokes_ogs.tif
176
     1
290
     0
176
     1
 40
1.0
176
     1
 40
1.0
176
     1
  0
VISUALSTYLE
  5
41
102
{ACAD_REACTORS
330
29
102
}
330
29
100
AcDbVisualStyle
  2
EdgeColorOff
 70
    22
177
     3
291
     1
 70
    58
 90
        2
176
     0
 90
        2
176
     0
 90
        0
176
     0
 90
        0
176
     0
 40
0.6
176
     0
 40
30.0
176
     0
 62
     7
420
 16777215
176
     0
 90
        1
176
     0
 90
        4
176
     0
 62
     7
176
     0
 62
   257
176
     0
 90
        1
176
     0
 90
        1
176
     0
 40
1.0
176
     0
 90
        8
176
     2
 62
     7
176
     0
 40
1.0
176
     0
 90
        1
176
     0
 90
        6
176
     0
 90
        2
176
     0
 62
     7
176
     0
 90
        5
176
     0
 90
        0
176
     0
 90
        0
176
     0
290
     0
176
     0
 90
        1
176
     0
 40
0.0
176
     0
 90
        0
176
     0
290
     0
176
     0
290
     1
176
     0
290
     1
176
     0
290
     0
176
     0
290
     0
176
     0
290
     0
176
     0
290
     0
176
     0
290
     0
176
     0
290
     0
176
     0
 90
       50
176
     0
 40
0.0
176
     0
 40
1.0
176
     0
 90
        0
176
     0
 62
    18
420
        0
176
     0
 90
       50
176
     0
 90
        3
176
     0
 62
     5
420
      255
176
     0
290
     0
176
     0
 90
       50
176
     0
 90
       50
176
     0
 90
       50
176
     0
290
     0
176
     0
 90
       50
176
     0
 62
   256
176
     0
 40
1.0
176
     0
 90
        2
176
     0
  1
strokes_ogs.tif
176
     0
290
     0
176
     0
 40
1.0
176
     0
 40
1.0
176
     0
  0
VISUALSTYLE
  5
38
102
{ACAD_REACTORS
330
29
102
}
330
29
100
AcDbVisualStyle
  2
Facepattern
 70
    15
177
     3
291
     1
 70
    58
 90
        2
176
     1
 90
        2
176
     1
 90
        0
176
     1
 90
        0
176
     1
 40
0.6
176
     1
 40
30.0
176
     1
 62
     7
420
 16777215
176
     1
 90
        1
176
     1
 90
        4
176
     1
 62
     7
176
     1
 62
   257
176
     1
 90
        1
176
     1
 90
        1
176
     1
 40
1.0
176
     1
 90
        8
176
     1
 62
     7
176
     1
 40
1.0
176
     1
 90
        1
176
     1
 90
        6
176
     1
 90
        2
176
     1
 62
     7
176
     1
 90
        5
176
     1
 90
        0
176
     1
 90
        0
176
     1
290
     0
176
     1
 90
        1
176
     1
 40
0.0
176
     1
 90
        0
176
     1
290
     0
176
     1
290
     1
176
     1
290
     1
176
     1
290
     0
176
     1
290
     0
176
     1
290
     0
176
     1
290
     0
176
     1
290
     0
176
     1
290
     0
176
     1
 90
       50
176
     1
 40
0.0
176
     1
 40
1.0
176
     1
 90
        0
176
     1
 62
    18
420
        0
176
     1
 90
       50
176
     1
 90
        3
176
     1
 62
     5
420
      255
176
     1
290
     0
176
     1
 90
       50
176
     1
 90
       50
176
     1
 90
       50
176
     1
290
     0
176
     1
 90
       50
176
     1
 62
   256
176
     0
 40
1.0
176
     0
 90
        2
176
     1
  1
strokes_ogs.tif
176
     1
290
     0
176
     1
 40
1.0
176
     1
 40
1.0
176
     1
  0
VISUALSTYLE
  5
2A
102
{ACAD_REACTORS
330
29
102
}
330
29
100
AcDbVisualStyle
  2
Flat
 70
     0
177
     3
291
     1
 70
    58
 90
        2
176
     1
 90
        1
176
     1
 90
        1
176
     1
 90
        2
176
     1
 40
0.6
176
     1
 40
30.0
176
     1
 62
     7
420
 16777215
176
     1
 90
        0
176
     1
 90
        0
176
     1
 62
     7
176
     1
 62
   257
176
     1
 90
        1
176
     1
 90
        1
176
     1
 40
1.0
176
     1
 90
        8
176
     1
 62
     7
176
     1
 40
1.0
176
     1
 90
        1
176
     1
 90
        6
176
     1
 90
        2
176
     1
 62
     7
176
     1
 90
        5
176
     1
 90
        0
176
     1
 90
        0
176
     1
290
     0
176
     1
 90
       13
176
     1
 40
0.0
176
     1
 90
        0
176
     1
290
     0
176
     1
290
     1
176
     1
290
     1
176
     1
290
     0
176
     1
290
     0
176
     1
290
     0
176
     1
290
     0
176
     1
290
     0
176
     1
290
     0
176
     1
 90
       50
176
     1
 40
0.0
176
     1
 40
1.0
176
     1
 90
        0
176
     1
 62
    18
420
        0
176
     1
 90
       50
176
     1
 90
        3
176
     1
 62
     5
420
      255
176
     1
290
     0
176
     1
 90
       50
176
     1
 90
       50
176
     1
 90
       50
176
     1
290
     0
176
     1
 90
       50
176
     1
 62
   256
176
     0
 40
1.0
176
     0
 90
        2
176
     1
  1
strokes_ogs.tif
176
     1
290
     0
176
     1
 40
1.0
176
     1
 40
1.0
176
     1
  0
VISUALSTYLE
  5
2B
102
{ACAD_REACTORS
330
29
102
}
330
29
100
AcDbVisualStyle
  2
FlatWithEdges
 70
     1
177
     3
291
     1
 70
    58
 90
        2
176
     1
 90
        1
176
     1
 90
        1
176
     1
 90
        2
176
     1
 40
0.6
176
     1
 40
30.0
176
     1
 62
     7
420
 16777215
176
     1
 90
        1
176
     1
 90
        0
176
     1
 62
     7
176
     1
 62
   257
176
     1
 90
        1
176
     1
 90
        1
176
     1
 40
1.0
176
     1
 90
        0
176
     1
 62
   257
176
     1
 40
1.0
176
     1
 90
        1
176
     1
 90
        6
176
     1
 90
        2
176
     1
 62
     7
176
     1
 90
        5
176
     1
 90
        0
176
     1
 90
        0
176
     1
290
     0
176
     1
 90
       13
176
     1
 40
0.0
176
     1
 90
        0
176
     1
290
     0
176
     1
290
     1
176
     1
290
     1
176
     1
290
     0
176
     1
290
     0
176
     1
290
     0
176
     1
290
     0
176
     1
290
     0
176
     1
290
     0
176
     1
 90
       50
176
     1
 40
0.0
176
     1
 40
1.0
176
     1
 90
        0
176
     1
 62
    18
420
        0
176
     1
 90
       50
176
     1
 90
        3
176
     1
 62
     5
420
      255
176
     1
290
     0
176
     1
 90
       50
176
     1
 90
       50
176
     1
 90
       50
176
     1
290
     0
176
     1
 90
       50
176
     1
 62
   256
176
     0
 40
1.0
176
     0
 90
        2
176
     1
  1
strokes_ogs.tif
176
     1
290
     0
176
     1
 40
1.0
176
     1
 40
1.0
176
     1
  0
VISUALSTYLE
  5
2C
102
{ACAD_REACTORS
330
29
102
}
330
29
100
AcDbVisualStyle
  2
Gouraud
 70
     2
177
     3
291
     1
 70
    58
 90
        2
176
     1
 90
        2
176
     1
 90
        1
176
     1
 90
        2
176
     1
 40
0.6
176
     1
 40
30.0
176
     1
 62
     7
420
 16777215
176
     1
 90
        0
176
     1
 90
        0
176
     1
 62
     7
176
     1
 62
   257
176
     1
 90
        1
176
     1
 90
        1
176
     1
 40
1.0
176
     1
 90
        0
176
     1
 62
     7
176
     1
 40
1.0
176
     1
 90
        1
176
     1
 90
        6
176
     1
 90
        2
176
     1
 62
     7
176
     1
 90
        5
176
     1
 90
        0
176
     1
 90
        0
176
     1
290
     0
176
     1
 90
       13
176
     1
 40
0.0
176
     1
 90
        0
176
     1
290
     0
176
     1
290
     1
176
     1
290
     1
176
     1
290
     0
176
     1
290
     0
176
     1
290
     0
176
     1
290
     0
176
     1
290
     0
176
     1
290
     0
176
     1
 90
       50
176
     1
 40
0.0
176
     1
 40
1.0
176
     1
 90
        0
176
     1
 62
    18
420
        0
176
     1
 90
       50
176
     1
 90
        3
176
     1
 62
     5
420
      255
176
     1
290
     0
176
     1
 90
       50
176
     1
 90
       50
176
     1
 90
       50
176
     1
290
     0
176
     1
 90
       50
176
     1
 62
   256
176
     0
 40
1.0
176
     0
 90
        2
176
     1
  1
strokes_ogs.tif
176
     1
290
     0
176
     1
 40
1.0
176
     1
 40
1.0
176
     1
  0
VISUALSTYLE
  5
2D
102
{ACAD_REACTORS
330
29
102
}
330
29
100
AcDbVisualStyle
  2
GouraudWithEdges
 70
     3
177
     3
291
     1
 70
    58
 90
        2
176
     1
 90
        2
176
     1
 90
        1
176
     1
 90
        2
176
     1
 40
0.6
176
     1
 40
30.0
176
     1
 62
     7
420
 16777215
176
     1
 90
        1
176
     1
 90
        0
176
     1
 62
     7
176
     1
 62
   257
176
     1
 90
        1
176
     1
 90
        1
176
     1
 40
1.0
176
     1
 90
        0
176
     1
 62
   257
176
     1
 40
1.0
176
     1
 90
        1
176
     1
 90
        6
176
     1
 90
        2
176
     1
 62
     7
176
     1
 90
        5
176
     1
 90
        0
176
     1
 90
        0
176
     1
290
     0
176
     1
 90
       13
176
     1
 40
0.0
176
     1
 90
        0
176
     1
290
     0
176
     1
290
     1
176
     1
290
     1
176
     1
290
     0
176
     1
290
     0
176
     1
290
     0
176
     1
290
     0
176
     1
290
     0
176
     1
290
     0
176
     1
 90
       50
176
     1
 40
0.0
176
     1
 40
1.0
176
     1
 90
        0
176
     1
 62
    18
420
        0
176
     1
 90
       50
176
     1
 90
        3
176
     1
 62
     5
420
      255
176
     1
290
     0
176
     1
 90
       50
176
     1
 90
       50
176
     1
 90
       50
176
     1
290
     0
176
     1
 90
       50
176
     1
 62
   256
176
     0
 40
1.0
176
     0
 90
        2
176
     1
  1
strokes_ogs.tif
176
     1
290
     0
176
     1
 40
1.0
176
     1
 40
1.0
176
     1
  0
VISUALSTYLE
  5
31
102
{ACAD_REACTORS
330
29
102
}
330
29
100
AcDbVisualStyle
  2
Hidden
 70
     6
177
     3
291
     0
 70
    58
 90
        1
176
     1
 90
        2
176
     1
 90
        2
176
     1
 90
        0
176
     1
 40
0.6
176
     1
 40
30.0
176
     1
 62
     7
420
 16777215
176
     1
 90
        2
176
     1
 90
        2
176
     1
 62
     7
176
     1
 62
   257
176
     1
 90
        2
176
     1
 90
        1
176
     1
 40
40.0
176
     1
 90
        0
176
     1
 62
   257
176
     1
 40
1.0
176
     1
 90
        1
176
     1
 90
        6
176
     1
 90
        2
176
     1
 62
     7
176
     1
 90
        3
176
     1
 90
        0
176
     1
 90
        0
176
     1
290
     0
176
     1
 90
        1
176
     1
 40
0.0
176
     1
 90
        0
176
     1
290
     0
176
     1
290
     1
176
     1
290
     1
176
     1
290
     0
176
     1
290
     0
176
     1
290
     0
176
     1
290
     0
176
     1
290
     0
176
     1
290
     0
176
     1
 90
       50
176
     1
 40
0.0
176
     1
 40
1.0
176
     1
 90
        0
176
     1
 62
    18
420
        0
176
     1
 90
       50
176
     1
 90
        3
176
     1
 62
     5
420
      255
176
     1
290
     0
176
     1
 90
       50
176
     1
 90
       50
176
     1
 90
       50
176
     1
290
     0
176
     1
 90
       50
176
     1
 62
   256
176
     0
 40
1.0
176
     0
 90
        2
176
     1
  1
strokes_ogs.tif
176
     1
290
     0
176
     1
 40
1.0
176
     1
 40
1.0
176
     1
  0
VISUALSTYLE
  5
3F
102
{ACAD_REACTORS
330
29
102
}
330
29
100
AcDbVisualStyle
  2
JitterOff
 70
    20
177
     3
291
     1
 70
    58
 90
        2
176
     0
 90
        2
176
     0
 90
        0
176
     0
 90
        0
176
     0
 40
0.6
176
     0
 40
30.0
176
     0
 62
     7
420
 16777215
176
     0
 90
        1
176
     0
 90
        4
176
     0
 62
     7
176
     0
 62
   257
176
     0
 90
        1
176
     0
 90
        1
176
     0
 40
1.0
176
     0
 90
       10
176
     2
 62
     7
176
     0
 40
1.0
176
     0
 90
        1
176
     0
 90
        6
176
     0
 90
        2
176
     0
 62
     7
176
     0
 90
        5
176
     0
 90
        0
176
     0
 90
        0
176
     0
290
     0
176
     0
 90
        1
176
     0
 40
0.0
176
     0
 90
        0
176
     0
290
     0
176
     0
290
     1
176
     0
290
     1
176
     0
290
     0
176
     0
290
     0
176
     0
290
     0
176
     0
290
     0
176
     0
290
     0
176
     0
290
     0
176
     0
 90
       50
176
     0
 40
0.0
176
     0
 40
1.0
176
     0
 90
        0
176
     0
 62
    18
420
        0
176
     0
 90
       50
176
     0
 90
        3
176
     0
 62
     5
420
      255
176
     0
290
     0
176
     0
 90
       50
176
     0
 90
       50
176
     0
 90
       50
176
     0
290
     0
176
     0
 90
       50
176
     0
 62
   256
176
     0
 40
1.0
176
     0
 90
        2
176
     0
  1
strokes_ogs.tif
176
     0
290
     0
176
     0
 40
1.0
176
     0
 40
1.0
176
     0
  0
VISUALSTYLE
  5
37
102
{ACAD_REACTORS
330
29
102
}
330
29
100
AcDbVisualStyle
  2
Linepattern
 70
    14
177
     3
291
     1
 70
    58
 90
        2
176
     1
 90
        2
176
     1
 90
        0
176
     1
 90
        0
176
     1
 40
0.6
176
     1
 40
30.0
176
     1
 62
     7
420
 16777215
176
     1
 90
        1
176
     1
 90
        4
176
     1
 62
     7
176
     1
 62
   257
176
     1
 90
        7
176
     1
 90
        7
176
     1
 40
1.0
176
     1
 90
        8
176
     1
 62
     7
176
     1
 40
1.0
176
     1
 90
        1
176
     1
 90
        6
176
     1
 90
        2
176
     1
 62
     7
176
     1
 90
        5
176
     1
 90
        0
176
     1
 90
        0
176
     1
290
     0
176
     1
 90
        1
176
     1
 40
0.0
176
     1
 90
        0
176
     1
290
     0
176
     1
290
     1
176
     1
290
     1
176
     1
290
     0
176
     1
290
     0
176
     1
290
     0
176
     1
290
     0
176
     1
290
     0
176
     1
290
     0
176
     1
 90
       50
176
     1
 40
0.0
176
     1
 40
1.0
176
     1
 90
        0
176
     1
 62
    18
420
        0
176
     1
 90
       50
176
     1
 90
        3
176
     1
 62
     5
420
      255
176
     1
290
     0
176
     1
 90
       50
176
     1
 90
       50
176
     1
 90
       50
176
     1
290
     0
176
     1
 90
       50
176
     1
 62
   256
176
     0
 40
1.0
176
     0
 90
        2
176
     1
  1
strokes_ogs.tif
176
     1
290
     0
176
     1
 40
1.0
176
     1
 40
1.0
176
     1
  0
VISUALSTYLE
  5
40
102
{ACAD_REACTORS
330
29
102
}
330
29
100
AcDbVisualStyle
  2
OverhangOff
 70
    21
177
     3
291
     1
 70
    58
 90
        2
176
     0
 90
        2
176
     0
 90
        0
176
     0
 90
        0
176
     0
 40
0.6
176
     0
 40
30.0
176
     0
 62
     7
420
 16777215
176
     0
 90
        1
176
     0
 90
        4
176
     0
 62
     7
176
     0
 62
   257
176
     0
 90
        1
176
     0
 90
        1
176
     0
 40
1.0
176
     0
 90
        9
176
     2
 62
     7
176
     0
 40
1.0
176
     0
 90
        1
176
     0
 90
        6
176
     0
 90
        2
176
     0
 62
     7
176
     0
 90
        5
176
     0
 90
        0
176
     0
 90
        0
176
     0
290
     0
176
     0
 90
        1
176
     0
 40
0.0
176
     0
 90
        0
176
     0
290
     0
176
     0
290
     1
176
     0
290
     1
176
     0
290
     0
176
     0
290
     0
176
     0
290
     0
176
     0
290
     0
176
     0
290
     0
176
     0
290
     0
176
     0
 90
       50
176
     0
 40
0.0
176
     0
 40
1.0
176
     0
 90
        0
176
     0
 62
    18
420
        0
176
     0
 90
       50
176
     0
 90
        3
176
     0
 62
     5
420
      255
176
     0
290
     0
176
     0
 90
       50
176
     0
 90
       50
176
     0
 90
       50
176
     0
290
     0
176
     0
 90
       50
176
     0
 62
   256
176
     0
 40
1.0
176
     0
 90
        2
176
     0
  1
strokes_ogs.tif
176
     0
290
     0
176
     0
 40
1.0
176
     0
 40
1.0
176
     0
  0
VISUALSTYLE
  5
33
102
{ACAD_REACTORS
330
29
102
}
330
29
100
AcDbVisualStyle
  2
Realistic
 70
     8
177
     3
291
     0
 70
    58
 90
        2
176
     1
 90
        3
176
     1
 90
        0
176
     1
 90
        2
176
     1
 40
0.6
176
     1
 40
30.0
176
     1
 62
     7
420
 16777215
176
     1
 90
        0
176
     1
 90
        0
176
     1
 62
     7
176
     1
 62
   257
176
     1
 90
        1
176
     1
 90
        1
176
     1
 40
1.0
176
     1
 90
        8
176
     1
 62
   257
176
     1
 40
1.0
176
     1
 90
        1
176
     1
 90
        6
176
     1
 90
        2
176
     1
 62
     7
176
     1
 90
        3
176
     1
 90
        0
176
     1
 90
        0
176
     1
290
     0
176
     1
 90
       13
176
     1
 40
0.0
176
     1
 90
        0
176
     1
290
     0
176
     1
290
     1
176
     1
290
     1
176
     1
290
     0
176
     1
290
     0
176
     1
290
     0
176
     1
290
     0
176
     1
290
     0
176
     1
290
     0
176
     1
 90
       50
176
     1
 40
0.0
176
     1
 40
1.0
176
     1
 90
        0
176
     1
 62
    18
420
        0
176
     1
 90
       50
176
     1
 90
        3
176
     1
 62
     5
420
      255
176
     1
290
     0
176
     1
 90
       50
176
     1
 90
       50
176
     1
 90
       50
176
     1
290
     0
176
     1
 90
       50
176
     1
 62
   256
176
     0
 40
1.0
176
     0
 90
        2
176
     1
  1
strokes_ogs.tif
176
     1
290
     0
176
     1
 40
1.0
176
     1
 40
1.0
176
     1
  0
VISUALSTYLE
  5
3E
102
{ACAD_REACTORS
330
29
102
}
330
29
100
AcDbVisualStyle
  2
Shaded
 70
    27
177
     3
291
     0
 70
    58
 90
        2
176
     1
 90
        2
176
     1
 90
        1
176
     1
 90
        2
176
     1
 40
0.6
176
     1
 40
30.0
176
     1
 62
     7
420
 16777215
176
     1
 90
        0
176
     1
 90
        4
176
     1
 62
     7
176
     1
 62
   257
176
     1
 90
        1
176
     1
 90
        1
176
     1
 40
1.0
176
     1
 90
        8
176
     1
 62
   257
176
     1
 40
1.0
176
     1
 90
        1
176
     1
 90
        6
176
     1
 90
        2
176
     1
 62
     8
420
  7895160
176
     1
 90
        3
176
     1
 90
        0
176
     1
 90
        0
176
     1
290
     0
176
     1
 90
        5
176
     1
 40
0.0
176
     1
 90
        0
176
     1
290
     0
176
     1
290
     1
176
     1
290
     1
176
     1
290
     0
176
     1
290
     0
176
     1
290
     0
176
     1
290
     0
176
     1
290
     0
176
     1
290
     0
176
     1
 90
       50
176
     1
 40
0.0
176
     1
 40
1.0
176
     1
 90
        0
176
     1
 62
    18
420
        0
176
     1
 90
       50
176
     1
 90
        3
176
     1
 62
     5
420
      255
176
     1
290
     0
176
     1
 90
       50
176
     1
 90
       50
176
     1
 90
       50
176
     1
290
     0
176
     1
 90
       50
176
     1
 62
   256
176
     0
 40
1.0
176
     0
 90
        2
176
     1
  1
strokes_ogs.tif
176
     1
290
     0
176
     1
 40
1.0
176
     1
 40
1.0
176
     1
  0
VISUALSTYLE
  5
3D
102
{ACAD_REACTORS
330
29
102
}
330
29
100
AcDbVisualStyle
  2
Shaded with edges
 70
    26
177
     3
291
     0
 70
    58
 90
        2
176
     1
 90
        2
176
     1
 90
        1
176
     1
 90
        2
176
     1
 40
0.6
176
     1
 40
30.0
176
     1
 62
     7
420
 16777215
176
     1
 90
        1
176
     1
 90
        2
176
     1
 62
     7
176
     1
 62
   257
176
     1
 90
        2
176
     1
 90
        1
176
     1
 40
1.0
176
     1
 90
        8
176
     1
 62
   257
176
     1
 40
1.0
176
     1
 90
        1
176
     1
 90
        6
176
     1
 90
        2
176
     1
 62
     7
176
     1
 90
        3
176
     1
 90
        0
176
     1
 90
        0
176
     1
290
     0
176
     1
 90
        5
176
     1
 40
0.0
176
     1
 90
        0
176
     1
290
     0
176
     1
290
     1
176
     1
290
     1
176
     1
290
     0
176
     1
290
     0
176
     1
290
     0
176
     1
290
     0
176
     1
290
     0
176
     1
290
     0
176
     1
 90
       50
176
     1
 40
0.0
176
     1
 40
1.0
176
     1
 90
        0
176
     1
 62
    18
420
        0
176
     1
 90
       50
176
     1
 90
        3
176
     1
 62
     5
420
      255
176
     1
290
     0
176
     1
 90
       50
176
     1
 90
       50
176
     1
 90
       50
176
     1
290
     0
176
     1
 90
       50
176
     1
 62
   256
176
     0
 40
1.0
176
     0
 90
        2
176
     1
  1
strokes_ogs.tif
176
     1
290
     0
176
     1
 40
1.0
176
     1
 40
1.0
176
     1
  0
VISUALSTYLE
  5
3A
102
{ACAD_REACTORS
330
29
102
}
330
29
100
AcDbVisualStyle
  2
Shades of Gray
 70
    23
177
     3
291
     0
 70
    58
 90
        2
176
     1
 90
        2
176
     1
 90
        3
176
     1
 90
        0
176
     1
 40
0.6
176
     1
 40
30.0
176
     1
 62
     7
420
 16777215
176
     1
 90
        2
176
     1
 90
        2
176
     1
 62
     7
176
     1
 62
     7
176
     1
 90
        1
176
     1
 90
        1
176
     1
 40
40.0
176
     1
 90
        8
176
     1
 62
     7
176
     1
 40
1.0
176
     1
 90
        1
176
     1
 90
        6
176
     1
 90
        2
176
     1
 62
     7
176
     1
 90
        3
176
     1
 90
        0
176
     1
 90
        0
176
     1
290
     0
176
     1
 90
        1
176
     1
 40
0.0
176
     1
 90
        0
176
     1
290
     0
176
     1
290
     1
176
     1
290
     1
176
     1
290
     0
176
     1
290
     0
176
     1
290
     0
176
     1
290
     0
176
     1
290
     0
176
     1
290
     0
176
     1
 90
       50
176
     1
 40
0.0
176
     1
 40
1.0
176
     1
 90
        0
176
     1
 62
    18
420
        0
176
     1
 90
       50
176
     1
 90
        3
176
     1
 62
     5
420
      255
176
     1
290
     0
176
     1
 90
       50
176
     1
 90
       50
176
     1
 90
       50
176
     1
290
     0
176
     1
 90
       50
176
     1
 62
   256
176
     0
 40
1.0
176
     0
 90
        2
176
     1
  1
strokes_ogs.tif
176
     1
290
     0
176
     1
 40
1.0
176
     1
 40
1.0
176
     1
  0
VISUALSTYLE
  5
3B
102
{ACAD_REACTORS
330
29
102
}
330
29
100
AcDbVisualStyle
  2
Sketchy
 70
    24
177
     3
291
     0
 70
    58
 90
        1
176
     1
 90
        2
176
     1
 90
        2
176
     1
 90
        0
176
     1
 40
0.6
176
     1
 40
30.0
176
     1
 62
     7
420
 16777215
176
     1
 90
        2
176
     1
 90
        2
176
     1
 62
     7
176
     1
 62
     7
176
     1
 90
        1
176
     1
 90
        1
176
     1
 40
40.0
176
     1
 90
       11
176
     1
 62
     7
176
     1
 40
1.0
176
     1
 90
        1
176
     1
 90
        6
176
     1
 90
        2
176
     1
 62
     7
176
     1
 90
        6
176
     1
 90
        0
176
     1
 90
        0
176
     1
290
     0
176
     1
 90
        1
176
     1
 40
0.0
176
     1
 90
        0
176
     1
290
     0
176
     1
290
     1
176
     1
290
     1
176
     1
290
     0
176
     1
290
     0
176
     1
290
     0
176
     1
290
     0
176
     1
290
     0
176
     1
290
     0
176
     1
 90
       50
176
     1
 40
0.0
176
     1
 40
1.0
176
     1
 90
        0
176
     1
 62
    18
420
        0
176
     1
 90
       50
176
     1
 90
        3
176
     1
 62
     5
420
      255
176
     1
290
     0
176
     1
 90
       50
176
     1
 90
       50
176
     1
 90
       50
176
     1
290
     0
176
     1
 90
       50
176
     1
 62
   256
176
     0
 40
1.0
176
     0
 90
        2
176
     1
  1
strokes_ogs.tif
176
     1
290
     0
176
     1
 40
1.0
176
     1
 40
1.0
176
     1
  0
VISUALSTYLE
  5
36
102
{ACAD_REACTORS
330
29
102
}
330
29
100
AcDbVisualStyle
  2
Thicken
 70
    13
177
     3
291
     1
 70
    58
 90
        2
176
     1
 90
        2
176
     1
 90
        0
176
     1
 90
        0
176
     1
 40
0.6
176
     1
 40
30.0
176
     1
 62
     7
420
 16777215
176
     1
 90
        1
176
     1
 90
        4
176
     1
 62
     7
176
     1
 62
   257
176
     1
 90
        1
176
     1
 90
        1
176
     1
 40
1.0
176
     1
 90
       12
176
     1
 62
     7
176
     1
 40
1.0
176
     1
 90
        1
176
     1
 90
        6
176
     1
 90
        2
176
     1
 62
     7
176
     1
 90
        5
176
     1
 90
        0
176
     1
 90
        0
176
     1
290
     0
176
     1
 90
        1
176
     1
 40
0.0
176
     1
 90
        0
176
     1
290
     0
176
     1
290
     1
176
     1
290
     1
176
     1
290
     0
176
     1
290
     0
176
     1
290
     0
176
     1
290
     0
176
     1
290
     0
176
     1
290
     0
176
     1
 90
       50
176
     1
 40
0.0
176
     1
 40
1.0
176
     1
 90
        0
176
     1
 62
    18
420
        0
176
     1
 90
       50
176
     1
 90
        3
176
     1
 62
     5
420
      255
176
     1
290
     0
176
     1
 90
       50
176
     1
 90
       50
176
     1
 90
       50
176
     1
290
     0
176
     1
 90
       50
176
     1
 62
   256
176
     0
 40
1.0
176
     0
 90
        2
176
     1
  1
strokes_ogs.tif
176
     1
290
     0
176
     1
 40
1.0
176
     1
 40
1.0
176
     1
  0
VISUALSTYLE
  5
30
102
{ACAD_REACTORS
330
29
102
}
330
29
100
AcDbVisualStyle
  2
Wireframe
 70
     5
177
     3
291
     0
 70
    58
 90
        0
176
     1
 90
        2
176
     1
 90
        0
176
     1
 90
        0
176
     1
 40
0.6
176
     1
 40
30.0
176
     1
 62
     7
420
 16777215
176
     1
 90
        1
176
     1
 90
        4
176
     1
 62
     7
176
     1
 62
   257
176
     1
 90
        1
176
     1
 90
        1
176
     1
 40
1.0
176
     1
 90
        0
176
     1
 62
   257
176
     1
 40
1.0
176
     1
 90
        1
176
     1
 90
        6
176
     1
 90
        2
176
     1
 62
     7
176
     1
 90
        3
176
     1
 90
        0
176
     1
 90
        0
176
     1
290
     0
176
     1
 90
        1
176
     1
 40
0.0
176
     1
 90
        0
176
     1
290
     0
176
     1
290
     1
176
     1
290
     1
176
     1
290
     0
176
     1
290
     0
176
     1
290
     0
176
     1
290
     0
176
     1
290
     0
176
     1
290
     0
176
     1
 90
       50
176
     1
 40
0.0
176
     1
 40
1.0
176
     1
 90
        0
176
     1
 62
    18
420
        0
176
     1
 90
       50
176
     1
 90
        3
176
     1
 62
     5
420
      255
176
     1
290
     0
176
     1
 90
       50
176
     1
 90
       50
176
     1
 90
       50
176
     1
290
     0
176
     1
 90
       50
176
     1
 62
   256
176
     0
 40
1.0
176
     0
 90
        2
176
     1
  1
strokes_ogs.tif
176
     1
290
     0
176
     1
 40
1.0
176
     1
 40
1.0
176
     1
  0
VISUALSTYLE
  5
3C
102
{ACAD_REACTORS
330
29
102
}
330
29
100
AcDbVisualStyle
  2
X-Ray
 70
    25
177
     3
291
     0
 70
    58
 90
        2
176
     1
 90
        2
176
     1
 90
        1
176
     1
 90
        1
176
     1
 40
0.5
176
     1
 40
30.0
176
     1
 62
     7
420
 16777215
176
     1
 90
        1
176
     1
 90
        0
176
     1
 62
     7
176
     1
 62
   257
176
     1
 90
        1
176
     1
 90
        1
176
     1
 40
1.0
176
     1
 90
        8
176
     1
 62
     7
176
     1
 40
1.0
176
     1
 90
        1
176
     1
 90
        6
176
     1
 90
        2
176
     1
 62
     7
176
     1
 90
        3
176
     1
 90
        0
176
     1
 90
        0
176
     1
290
     0
176
     1
 90
       13
176
     1
 40
0.0
176
     1
 90
        0
176
     1
290
     0
176
     1
290
     1
176
     1
290
     1
176
     1
290
     0
176
     1
290
     0
176
     1
290
     0
176
     1
290
     0
176
     1
290
     0
176
     1
290
     0
176
     1
 90
       50
176
     1
 40
0.0
176
     1
 40
1.0
176
     1
 90
        0
176
     1
 62
    18
420
        0
176
     1
 90
       50
176
     1
 90
        3
176
     1
 62
     5
420
      255
176
     1
290
     0
176
     1
 90
       50
176
     1
 90
       50
176
     1
 90
       50
176
     1
290
     0
176
     1
 90
       50
176
     1
 62
   256
176
     0
 40
1.0
176
     0
 90
        2
176
     1
  1
strokes_ogs.tif
176
     1
290
     0
176
     1
 40
1.0
176
     1
 40
1.0
176
     1
  0
DICTIONARYVAR
  5
11F
102
{ACAD_REACTORS
330
11A
102
}
330
11A
100
DictionaryVariables
280
     0
  1
1:1
  0
DICTIONARYVAR
  5
11C
102
{ACAD_REACTORS
330
11A
102
}
330
11A
100
DictionaryVariables
280
     0
  1
STANDARD
  0
DICTIONARYVAR
  5
11B
102
{ACAD_REACTORS
330
11A
102
}
330
11A
100
DictionaryVariables
280
     0
  1
STANDARD
  0
DICTIONARYVAR
  5
11D
102
{ACAD_REACTORS
330
11A
102
}
330
11A
100
DictionaryVariables
280
     0
  1
Imperial24
  0
DICTIONARYVAR
  5
11E
102
{ACAD_REACTORS
330
11A
102
}
330
11A
100
DictionaryVariables
280
     0
  1
Imperial24
  0
DICTIONARY
  5
1A
330
19
100
AcDbDictionary
280
     1
281
     1
  3
BUMPTILE
360
1C
  3
DIFFUSETILE
360
1B
  3
OPACITYTILE
360
1F
  3
REFLECTIONTILE
360
1E
  3
REFRACTIONTILE
360
20
  3
SPECULARTILE
360
1D
  0
DICTIONARY
  5
12
330
11
100
AcDbDictionary
280
     1
281
     1
  3
BUMPTILE
360
14
  3
DIFFUSETILE
360
13
  3
OPACITYTILE
360
17
  3
REFLECTIONTILE
360
16
  3
REFRACTIONTILE
360
18
  3
SPECULARTILE
360
15
  0
DICTIONARY
  5
22
330
21
100
AcDbDictionary
280
     1
281
     1
  3
BUMPTILE
360
24
  3
DIFFUSETILE
360
23
  3
OPACITYTILE
360
27
  3
REFLECTIONTILE
360
26
  3
REFRACTIONTILE
360
28
  3
SPECULARTILE
360
25
  0
DICTIONARY
  5
120
330
65
100
AcDbDictionary
280
     1
281
     1
  3
ACAD_ROUNDTRIP_2008_TABLESTYLE_CELLSTYLEMAP
360
121
  0
XRECORD
  5
1C
102
{ACAD_REACTORS
330
1A
102
}
330
1A
100
AcDbXrecord
280
     1
270
     1
271
     1
  0
XRECORD
  5
1B
102
{ACAD_REACTORS
330
1A
102
}
330
1A
100
AcDbXrecord
280
     1
270
     1
271
     1
  0
XRECORD
  5
1F
102
{ACAD_REACTORS
330
1A
102
}
330
1A
100
AcDbXrecord
280
     1
270
     1
271
     1
  0
XRECORD
  5
1E
102
{ACAD_REACTORS
330
1A
102
}
330
1A
100
AcDbXrecord
280
     1
270
     1
271
     1
  0
XRECORD
  5
20
102
{ACAD_REACTORS
330
1A
102
}
330
1A
100
AcDbXrecord
280
     1
270
     1
271
     1
  0
XRECORD
  5
1D
102
{ACAD_REACTORS
330
1A
102
}
330
1A
100
AcDbXrecord
280
     1
270
     1
271
     1
  0
XRECORD
  5
14
102
{ACAD_REACTORS
330
12
102
}
330
12
100
AcDbXrecord
280
     1
270
     1
271
     1
  0
XRECORD
  5
13
102
{ACAD_REACTORS
330
12
102
}
330
12
100
AcDbXrecord
280
     1
270
     1
271
     1
  0
XRECORD
  5
17
102
{ACAD_REACTORS
330
12
102
}
330
12
100
AcDbXrecord
280
     1
270
     1
271
     1
  0
XRECORD
  5
16
102
{ACAD_REACTORS
330
12
102
}
330
12
100
AcDbXrecord
280
     1
270
     1
271
     1
  0
XRECORD
  5
18
102
{ACAD_REACTORS
330
12
102
}
330
12
100
AcDbXrecord
280
     1
270
     1
271
     1
  0
XRECORD
  5
15
102
{ACAD_REACTORS
330
12
102
}
330
12
100
AcDbXrecord
280
     1
270
     1
271
     1
  0
XRECORD
  5
24
102
{ACAD_REACTORS
330
22
102
}
330
22
100
AcDbXrecord
280
     1
270
     1
271
     1
  0
XRECORD
  5
23
102
{ACAD_REACTORS
330
22
102
}
330
22
100
AcDbXrecord
280
     1
270
     1
271
     1
  0
XRECORD
  5
27
102
{ACAD_REACTORS
330
22
102
}
330
22
100
AcDbXrecord
280
     1
270
     1
271
     1
  0
XRECORD
  5
26
102
{ACAD_REACTORS
330
22
102
}
330
22
100
AcDbXrecord
280
     1
270
     1
271
     1
  0
XRECORD
  5
28
102
{ACAD_REACTORS
330
22
102
}
330
22
100
AcDbXrecord
280
     1
270
     1
271
     1
  0
XRECORD
  5
25
102
{ACAD_REACTORS
330
22
102
}
330
22
100
AcDbXrecord
280
     1
270
     1
271
     1
  0
CELLSTYLEMAP
  5
121
102
{ACAD_REACTORS
330
120
102
}
330
120
100
AcDbCellStyleMap
 90
        3
300
CELLSTYLE
  1
TABLEFORMAT_BEGIN
 90
        5
170
     1
 91
        0
 92
    32768
 62
   257
 93
        1
300
CONTENTFORMAT
  1
CONTENTFORMAT_BEGIN
 90
        0
 91
        0
 92
      512
 93
        0
300

 40
0.0
140
1.0
 94
        5
 62
     0
340
55
144
0.25
309
CONTENTFORMAT_END
171
     0
 94
        0
309
TABLEFORMAT_END
  1
CELLSTYLE_BEGIN
 90
        1
 91
        1
300
_TITLE
309
CELLSTYLE_END
300
CELLSTYLE
  1
TABLEFORMAT_BEGIN
 90
        5
170
     1
 91
        0
 92
        0
 62
   257
 93
        1
300
CONTENTFORMAT
  1
CONTENTFORMAT_BEGIN
 90
        0
 91
        0
 92
      512
 93
        0
300

 40
0.0
140
1.0
 94
        5
 62
     0
340
55
144
0.18
309
CONTENTFORMAT_END
171
     0
 94
        0
309
TABLEFORMAT_END
  1
CELLSTYLE_BEGIN
 90
        2
 91
        1
300
_HEADER
309
CELLSTYLE_END
300
CELLSTYLE
  1
TABLEFORMAT_BEGIN
 90
        5
170
     1
 91
        0
 92
        0
 62
   257
 93
        1
300
CONTENTFORMAT
  1
CONTENTFORMAT_BEGIN
 90
        0
 91
        0
 92
      512
 93
        0
300

 40
0.0
140
1.0
 94
        2
 62
     0
340
55
144
0.18
309
CONTENTFORMAT_END
171
     0
 94
        0
309
TABLEFORMAT_END
  1
CELLSTYLE_BEGIN
 90
        3
 91
        2
300
_DATA
309
CELLSTYLE_END
  0
ENDSEC
  0
EOF
