Time,Displacement,Force
(s),(mm),(kN)
"0.0000","0.0000","0.0000"
"0.0200","-0.0001","0.0000"
"0.0400","-0.0005","0.0000"
"0.0600","-0.0025","-0.0001"
"0.0800","-0.0083","-0.0001"
"0.1000","-0.0190","-0.0001"
"0.1200","-0.0327","-0.0001"
"0.1400","-0.0468","-0.0001"
"0.1600","-0.0584","-0.0001"
"0.1800","-0.0672","-0.0001"
"0.2000","-0.0748","-0.0001"
"0.2200","-0.0827","-0.0002"
"0.2400","-0.0914","-0.0002"
"0.2600","-0.1009","-0.0002"
"0.2800","-0.1106","-0.0002"
"0.3000","-0.1199","-0.0002"
"0.3200","-0.1288","-0.0002"
"0.3400","-0.1380","-0.0002"
"0.3600","-0.1482","-0.0002"
"0.3800","-0.1590","-0.0002"
"0.4000","-0.1690","-0.0003"
"0.4200","-0.1781","-0.0003"
"0.4400","-0.1872","-0.0003"
"0.4600","-0.1972","-0.0003"
"0.4800","-0.2083","-0.0003"
"0.5000","-0.2190","-0.0003"
"0.5200","-0.2286","-0.0004"
"0.5400","-0.2381","-0.0004"
"0.5600","-0.2479","-0.0004"
"0.5800","-0.2585","-0.0004"
"0.6000","-0.2692","-0.0004"
"0.6200","-0.2787","-0.0004"
"0.6400","-0.2877","-0.0004"
"0.6600","-0.2971","-0.0005"
"0.6800","-0.3069","-0.0005"
"0.7000","-0.3176","-0.0005"
"0.7200","-0.3281","-0.0005"
"0.7400","-0.3377","-0.0005"
"0.7600","-0.3471","-0.0005"
"0.7800","-0.3569","-0.0005"
"0.8000","-0.3676","-0.0006"
"0.8200","-0.3786","-0.0006"
"0.8400","-0.3886","-0.0006"
"0.8600","-0.3977","-0.0006"
"0.8800","-0.4071","-0.0006"
"0.9000","-0.4176","-0.0006"
"0.9200","-0.4286","-0.0007"
"0.9400","-0.4389","-0.0007"
"0.9600","-0.4481","-0.0007"
"0.9800","-0.4572","-0.0007"
"1.0000","-0.4669","-0.0007"
"1.0200","-0.4776","-0.0007"
"1.0400","-0.4880","-0.0007"
"1.0600","-0.4975","-0.0007"
"1.0800","-0.5068","-0.0007"
"1.1000","-0.5167","-0.0008"
"1.1200","-0.5274","-0.0008"
"1.1400","-0.5384","-0.0008"
"1.1600","-0.5487","-0.0008"
"1.1800","-0.5582","-0.0008"
"1.2000","-0.5677","-0.0008"
"1.2200","-0.5777","-0.0008"
"1.2400","-0.5884","-0.0009"
"1.2600","-0.5986","-0.0009"
"1.2800","-0.6079","-0.0009"
"1.3000","-0.6169","-0.0009"
"1.3200","-0.6265","-0.0009"
"1.3400","-0.6373","-0.0009"
"1.3600","-0.6482","-0.0009"
"1.3800","-0.6581","-0.0009"
"1.4000","-0.6674","-0.0009"
"1.4200","-0.6770","-0.0010"
"1.4400","-0.6874","-0.0010"
"1.4600","-0.6983","-0.0010"
"1.4800","-0.7085","-0.0010"
"1.5000","-0.7180","-0.0010"
"1.5200","-0.7276","-0.0010"
"1.5400","-0.7377","-0.0010"
"1.5600","-0.7484","-0.0011"
"1.5800","-0.7588","-0.0011"
"1.6000","-0.7682","-0.0011"
"1.6200","-0.7771","-0.0011"
"1.6400","-0.7862","-0.0011"
"1.6600","-0.7965","-0.0011"
"1.6800","-0.8074","-0.0012"
"1.7000","-0.8177","-0.0012"
"1.7200","-0.8273","-0.0012"
"1.7400","-0.8369","-0.0012"
"1.7600","-0.8473","-0.0012"
"1.7800","-0.8584","-0.0012"
"1.8000","-0.8689","-0.0012"
"1.8200","-0.8783","-0.0013"
"1.8400","-0.8876","-0.0013"
"1.8600","-0.8975","-0.0013"
"1.8800","-0.9081","-0.0013"
"1.9000","-0.9187","-0.0013"
"1.9200","-0.9284","-0.0013"
"1.9400","-0.9377","-0.0014"
"1.9600","-0.9473","-0.0014"
"1.9800","-0.9574","-0.0014"
"2.0000","-0.9681","-0.0014"
"2.0200","-0.9782","-0.0014"
"2.0400","-0.9877","-0.0014"
"2.0600","-0.9971","-0.0014"
"2.0800","-1.0071","-0.0015"
"2.1000","-1.0180","-0.0015"
"2.1200","-1.0288","-0.0015"
"2.1400","-1.0386","-0.0015"
"2.1600","-1.0479","-0.0015"
"2.1800","-1.0575","-0.0015"
"2.2000","-1.0681","-0.0015"
"2.2200","-1.0786","-0.0016"
"2.2400","-1.0882","-0.0016"
"2.2600","-1.0972","-0.0016"
"2.2800","-1.1066","-0.0016"
"2.3000","-1.1168","-0.0016"
"2.3200","-1.1278","-0.0016"
"2.3400","-1.1382","-0.0017"
"2.3600","-1.1478","-0.0017"
"2.3800","-1.1572","-0.0017"
"2.4000","-1.1670","-0.0017"
"2.4200","-1.1776","-0.0017"
"2.4400","-1.1884","-0.0017"
"2.4600","-1.1983","-0.0017"
"2.4800","-1.2077","-0.0018"
"2.5000","-1.2172","-0.0018"
"2.5200","-1.2276","-0.0018"
"2.5400","-1.2386","-0.0018"
"2.5600","-1.2486","-0.0018"
"2.5800","-1.2576","-0.0018"
"2.6000","-1.2667","-0.0018"
"2.6200","-1.2765","-0.0018"
"2.6400","-1.2874","-0.0019"
"2.6600","-1.2979","-0.0019"
"2.6800","-1.3074","-0.0019"
"2.7000","-1.3167","-0.0019"
"2.7200","-1.3267","-0.0019"
"2.7400","-1.3375","-0.0019"
"2.7600","-1.3482","-0.0019"
"2.7800","-1.3580","-0.0020"
"2.8000","-1.3674","-0.0020"
"2.8200","-1.3769","-0.0020"
"2.8400","-1.3870","-0.0020"
"2.8600","-1.3977","-0.0020"
"2.8800","-1.4081","-0.0020"
"2.9000","-1.4178","-0.0020"
"2.9200","-1.4272","-0.0021"
"2.9400","-1.4372","-0.0021"
"2.9600","-1.4479","-0.0021"
"2.9800","-1.4585","-0.0021"
"3.0000","-1.4680","-0.0021"
"3.0200","-1.4771","-0.0021"
"3.0400","-1.4867","-0.0022"
"3.0600","-1.4975","-0.0022"
"3.0800","-1.5087","-0.0022"
"3.1000","-1.5187","-0.0022"
"3.1200","-1.5280","-0.0022"
"3.1400","-1.5375","-0.0022"
"3.1600","-1.5477","-0.0022"
"3.1800","-1.5586","-0.0022"
"3.2000","-1.5690","-0.0022"
"3.2200","-1.5784","-0.0023"
"3.2400","-1.5875","-0.0023"
"3.2600","-1.5970","-0.0023"
"3.2800","-1.6073","-0.0023"
"3.3000","-1.6180","-0.0023"
"3.3200","-1.6279","-0.0023"
"3.3400","-1.6373","-0.0023"
"3.3600","-1.6467","-0.0023"
"3.3800","-1.6568","-0.0024"
"3.4000","-1.6678","-0.0024"
"3.4200","-1.6783","-0.0024"
"3.4400","-1.6877","-0.0024"
"3.4600","-1.6970","-0.0024"
"3.4800","-1.7071","-0.0024"
"3.5000","-1.7182","-0.0024"
"3.5200","-1.7288","-0.0024"
"3.5400","-1.7383","-0.0025"
"3.5600","-1.7473","-0.0025"
"3.5800","-1.7566","-0.0025"
"3.6000","-1.7670","-0.0025"
"3.6200","-1.7778","-0.0025"
"3.6400","-1.7878","-0.0025"
"3.6600","-1.7972","-0.0025"
"3.6800","-1.8067","-0.0025"
"3.7000","-1.8169","-0.0025"
"3.7200","-1.8280","-0.0026"
"3.7400","-1.8386","-0.0026"
"3.7600","-1.8483","-0.0026"
"3.7800","-1.8577","-0.0026"
"3.8000","-1.8673","-0.0026"
"3.8200","-1.8779","-0.0026"
"3.8400","-1.8888","-0.0026"
"3.8600","-1.8986","-0.0027"
"3.8800","-1.9077","-0.0027"
"3.9000","-1.9171","-0.0027"
"3.9200","-1.9275","-0.0027"
"3.9400","-1.9385","-0.0027"
"3.9600","-1.9484","-0.0027"
"3.9800","-1.9575","-0.0027"
"4.0000","-1.9667","-0.0027"
"4.0200","-1.9767","-0.0028"
"4.0400","-1.9877","-0.0028"
"4.0600","-1.9984","-0.0028"
"4.0800","-2.0083","-0.0028"
"4.1000","-2.0178","-0.0028"
"4.1200","-2.0276","-0.0028"
"4.1400","-2.0379","-0.0028"
"4.1600","-2.0485","-0.0028"
"4.1800","-2.0583","-0.0028"
"4.2000","-2.0675","-0.0029"
"4.2200","-2.0766","-0.0029"
"4.2400","-2.0865","-0.0029"
"4.2600","-2.0975","-0.0029"
"4.2800","-2.1081","-0.0029"
"4.3000","-2.1177","-0.0029"
"4.3200","-2.1269","-0.0029"
"4.3400","-2.1369","-0.0029"
"4.3600","-2.1480","-0.0029"
"4.3800","-2.1589","-0.0029"
"4.4000","-2.1685","-0.0030"
"4.4200","-2.1778","-0.0030"
"4.4400","-2.1875","-0.0030"
"4.4600","-2.1981","-0.0030"
"4.4800","-2.2089","-0.0030"
"4.5000","-2.2189","-0.0030"
"4.5200","-2.2282","-0.0030"
"4.5400","-2.2376","-0.0030"
"4.5600","-2.2475","-0.0030"
"4.5800","-2.2579","-0.0031"
"4.6000","-2.2682","-0.0031"
"4.6200","-2.2778","-0.0031"
"4.6400","-2.2872","-0.0031"
"4.6600","-2.2968","-0.0031"
"4.6800","-2.3073","-0.0031"
"4.7000","-2.3183","-0.0031"
"4.7200","-2.3285","-0.0031"
"4.7400","-2.3379","-0.0031"
"4.7600","-2.3474","-0.0031"
"4.7800","-2.3577","-0.0032"
"4.8000","-2.3686","-0.0032"
"4.8200","-2.3788","-0.0032"
"4.8400","-2.3879","-0.0032"
"4.8600","-2.3970","-0.0032"
"4.8800","-2.4067","-0.0032"
"4.9000","-2.4174","-0.0032"
"4.9200","-2.4279","-0.0032"
"4.9400","-2.4377","-0.0032"
"4.9600","-2.4471","-0.0033"
"4.9800","-2.4568","-0.0033"
"5.0000","-2.4673","-0.0033"
"5.0200","-2.4782","-0.0033"
"5.0400","-2.4884","-0.0033"
"5.0600","-2.4980","-0.0033"
"5.0800","-2.5076","-0.0033"
"5.1000","-2.5177","-0.0033"
"5.1200","-2.5286","-0.0033"
"5.1400","-2.5391","-0.0034"
"5.1600","-2.5485","-0.0034"
"5.1800","-2.5574","-0.0034"
"5.2000","-2.5668","-0.0034"
"5.2200","-2.5773","-0.0034"
"5.2400","-2.5881","-0.0034"
"5.2600","-2.5979","-0.0034"
"5.2800","-2.6070","-0.0034"
"5.3000","-2.6165","-0.0034"
"5.3200","-2.6270","-0.0034"
"5.3400","-2.6382","-0.0035"
"5.3600","-2.6487","-0.0035"
"5.3800","-2.6581","-0.0035"
"5.4000","-2.6674","-0.0035"
"5.4200","-2.6773","-0.0035"
"5.4400","-2.6880","-0.0035"
"5.4600","-2.6985","-0.0035"
"5.4800","-2.7081","-0.0035"
"5.5000","-2.7172","-0.0035"
"5.5200","-2.7266","-0.0035"
"5.5400","-2.7369","-0.0036"
"5.5600","-2.7478","-0.0036"
"5.5800","-2.7579","-0.0036"
"5.6000","-2.7671","-0.0036"
"5.6200","-2.7763","-0.0036"
"5.6400","-2.7866","-0.0036"
"5.6600","-2.7978","-0.0036"
"5.6800","-2.8086","-0.0036"
"5.7000","-2.8182","-0.0036"
"5.7200","-2.8277","-0.0036"
"5.7400","-2.8376","-0.0037"
"5.7600","-2.8482","-0.0037"
"5.7800","-2.8587","-0.0037"
"5.8000","-2.8683","-0.0037"
"5.8200","-2.8773","-0.0037"
"5.8400","-2.8866","-0.0037"
"5.8600","-2.8966","-0.0037"
"5.8800","-2.9073","-0.0037"
"5.9000","-2.9176","-0.0037"
"5.9200","-2.9274","-0.0037"
"5.9400","-2.9370","-0.0038"
"5.9600","-2.9471","-0.0038"
"5.9800","-2.9579","-0.0038"
"6.0000","-2.9687","-0.0038"
"6.0200","-2.9783","-0.0038"
"6.0400","-2.9875","-0.0038"
"6.0600","-2.9970","-0.0038"
"6.0800","-3.0074","-0.0038"
"6.1000","-3.0182","-0.0038"
"6.1200","-3.0282","-0.0038"
"6.1400","-3.0375","-0.0039"
"6.1600","-3.0468","-0.0039"
"6.1800","-3.0568","-0.0039"
"6.2000","-3.0675","-0.0039"
"6.2200","-3.0780","-0.0039"
"6.2400","-3.0876","-0.0039"
"6.2600","-3.0969","-0.0039"
"6.2800","-3.1066","-0.0039"
"6.3000","-3.1174","-0.0039"
"6.3200","-3.1285","-0.0039"
"6.3400","-3.1386","-0.0040"
"6.3600","-3.1480","-0.0040"
"6.3800","-3.1575","-0.0040"
"6.4000","-3.1677","-0.0040"
"6.4200","-3.1785","-0.0040"
"6.4400","-3.1886","-0.0040"
"6.4600","-3.1978","-0.0040"
"6.4800","-3.2069","-0.0040"
"6.5000","-3.2167","-0.0040"
"6.5200","-3.2277","-0.0040"
"6.5400","-3.2383","-0.0041"
"6.5600","-3.2478","-0.0041"
"6.5800","-3.2570","-0.0041"
"6.6000","-3.2667","-0.0041"
"6.6200","-3.2774","-0.0041"
"6.6400","-3.2884","-0.0041"
"6.6600","-3.2985","-0.0041"
"6.6800","-3.3080","-0.0041"
"6.7000","-3.3176","-0.0041"
"6.7200","-3.3276","-0.0041"
"6.7400","-3.3383","-0.0041"
"6.7600","-3.3486","-0.0042"
"6.7800","-3.3580","-0.0042"
"6.8000","-3.3671","-0.0042"
"6.8200","-3.3767","-0.0042"
"6.8400","-3.3874","-0.0042"
"6.8600","-3.3982","-0.0042"
"6.8800","-3.4081","-0.0042"
"6.9000","-3.4173","-0.0042"
"6.9200","-3.4269","-0.0042"
"6.9400","-3.4376","-0.0042"
"6.9600","-3.4487","-0.0042"
"6.9800","-3.4588","-0.0043"
"7.0000","-3.4681","-0.0043"
"7.0200","-3.4774","-0.0043"
"7.0400","-3.4873","-0.0043"
"7.0600","-3.4982","-0.0043"
"7.0800","-3.5086","-0.0043"
"7.1000","-3.5182","-0.0043"
"7.1200","-3.5276","-0.0043"
"7.1400","-3.5372","-0.0043"
"7.1600","-3.5474","-0.0043"
"7.1800","-3.5580","-0.0043"
"7.2000","-3.5679","-0.0043"
"7.2200","-3.5771","-0.0043"
"7.2400","-3.5865","-0.0043"
"7.2600","-3.5966","-0.0044"
"7.2800","-3.6077","-0.0044"
"7.3000","-3.6186","-0.0044"
"7.3200","-3.6283","-0.0044"
"7.3400","-3.6377","-0.0044"
"7.3600","-3.6475","-0.0044"
"7.3800","-3.6582","-0.0044"
"7.4000","-3.6687","-0.0044"
"7.4200","-3.6780","-0.0044"
"7.4400","-3.6871","-0.0044"
"7.4600","-3.6967","-0.0044"
"7.4800","-3.7073","-0.0044"
"7.5000","-3.7182","-0.0045"
"7.5200","-3.7283","-0.0045"
"7.5400","-3.7377","-0.0045"
"7.5600","-3.7472","-0.0045"
"7.5800","-3.7571","-0.0045"
"7.6000","-3.7678","-0.0045"
"7.6200","-3.7783","-0.0045"
"7.6400","-3.7882","-0.0045"
"7.6600","-3.7978","-0.0045"
"7.6800","-3.8075","-0.0045"
"7.7000","-3.8180","-0.0045"
"7.7200","-3.8288","-0.0045"
"7.7400","-3.8385","-0.0046"
"7.7600","-3.8476","-0.0046"
"7.7800","-3.8568","-0.0046"
"7.8000","-3.8669","-0.0046"
"7.8200","-3.8778","-0.0046"
"7.8400","-3.8881","-0.0046"
"7.8600","-3.8974","-0.0046"
"7.8800","-3.9068","-0.0046"
"7.9000","-3.9169","-0.0046"
"7.9200","-3.9279","-0.0046"
"7.9400","-3.9386","-0.0046"
"7.9600","-3.9483","-0.0046"
"7.9800","-3.9575","-0.0046"
"8.0000","-3.9671","-0.0046"
"8.0200","-3.9773","-0.0046"
"8.0400","-3.9880","-0.0046"
"8.0600","-3.9982","-0.0047"
"8.0800","-4.0076","-0.0047"
"8.1000","-4.0168","-0.0047"
"8.1200","-4.0266","-0.0047"
"8.1400","-4.0374","-0.0047"
"8.1600","-4.0480","-0.0047"
"8.1800","-4.0576","-0.0047"
"8.2000","-4.0668","-0.0047"
"8.2200","-4.0766","-0.0047"
"8.2400","-4.0875","-0.0047"
"8.2600","-4.0986","-0.0047"
"8.2800","-4.1084","-0.0047"
"8.3000","-4.1177","-0.0047"
"8.3200","-4.1274","-0.0047"
"8.3400","-4.1380","-0.0048"
"8.3600","-4.1489","-0.0048"
"8.3800","-4.1589","-0.0048"
"8.4000","-4.1681","-0.0048"
"8.4200","-4.1773","-0.0048"
"8.4400","-4.1872","-0.0048"
"8.4600","-4.1978","-0.0048"
"8.4800","-4.2082","-0.0048"
"8.5000","-4.2178","-0.0048"
"8.5200","-4.2270","-0.0048"
"8.5400","-4.2367","-0.0048"
"8.5600","-4.2473","-0.0048"
"8.5800","-4.2583","-0.0048"
"8.6000","-4.2685","-0.0049"
"8.6200","-4.2778","-0.0049"
"8.6400","-4.2871","-0.0049"
"8.6600","-4.2973","-0.0049"
"8.6800","-4.3082","-0.0049"
"8.7000","-4.3186","-0.0049"
"8.7200","-4.3280","-0.0049"
"8.7400","-4.3372","-0.0049"
"8.7600","-4.3469","-0.0049"
"8.7800","-4.3576","-0.0049"
"8.8000","-4.3681","-0.0049"
"8.8200","-4.3777","-0.0049"
"8.8400","-4.3870","-0.0049"
"8.8600","-4.3967","-0.0049"
"8.8800","-4.4072","-0.0049"
"8.9000","-4.4183","-0.0049"
"8.9200","-4.4288","-0.0050"
"8.9400","-4.4384","-0.0050"
"8.9600","-4.4477","-0.0050"
"8.9800","-4.4574","-0.0050"
"9.0000","-4.4681","-0.0050"
"9.0200","-4.4786","-0.0050"
"9.0400","-4.4883","-0.0050"
"9.0600","-4.4975","-0.0050"
"9.0800","-4.5070","-0.0050"
"9.1000","-4.5175","-0.0050"
"9.1200","-4.5283","-0.0050"
"9.1400","-4.5382","-0.0050"
"9.1600","-4.5474","-0.0050"
"9.1800","-4.5568","-0.0050"
"9.2000","-4.5669","-0.0050"
"9.2200","-4.5777","-0.0050"
"9.2400","-4.5882","-0.0050"
"9.2600","-4.5980","-0.0051"
"9.2800","-4.6077","-0.0050"
"9.3000","-4.6178","-0.0051"
"9.3200","-4.6285","-0.0051"
"9.3400","-4.6391","-0.0051"
"9.3600","-4.6485","-0.0051"
"9.3800","-4.6573","-0.0051"
"9.4000","-4.6664","-0.0051"
"9.4200","-4.6765","-0.0051"
"9.4400","-4.6875","-0.0051"
"9.4600","-4.6979","-0.0051"
"9.4800","-4.7074","-0.0051"
"9.5000","-4.7168","-0.0051"
"9.5200","-4.7270","-0.0051"
"9.5400","-4.7380","-0.0051"
"9.5600","-4.7487","-0.0051"
"9.5800","-4.7583","-0.0051"
"9.6000","-4.7676","-0.0051"
"9.6200","-4.7774","-0.0051"
"9.6400","-4.7881","-0.0051"
"9.6600","-4.7988","-0.0052"
"9.6800","-4.8085","-0.0052"
"9.7000","-4.8177","-0.0052"
"9.7200","-4.8272","-0.0052"
"9.7400","-4.8372","-0.0052"
"9.7600","-4.8479","-0.0052"
"9.7800","-4.8582","-0.0052"
"9.8000","-4.8676","-0.0052"
"9.8200","-4.8770","-0.0052"
"9.8400","-4.8869","-0.0052"
"9.8600","-4.8976","-0.0052"
"9.8800","-4.9084","-0.0052"
"9.9000","-4.9183","-0.0052"
"9.9200","-4.9277","-0.0052"
"9.9400","-4.9374","-0.0052"
"9.9600","-4.9480","-0.0052"
"9.9800","-4.9587","-0.0052"
"10.0000","-4.9685","-0.0052"
"10.0200","-4.9776","-0.0052"
"10.0400","-4.9868","-0.0052"
"10.0600","-4.9968","-0.0052"
"10.0800","-5.0075","-0.0052"
"10.1000","-5.0180","-0.0052"
"10.1200","-5.0276","-0.0052"
"10.1400","-5.0370","-0.0053"
"10.1600","-5.0469","-0.0053"
"10.1800","-5.0576","-0.0053"
"10.2000","-5.0683","-0.0053"
"10.2200","-5.0783","-0.0053"
"10.2400","-5.0877","-0.0053"
"10.2600","-5.0971","-0.0053"
"10.2800","-5.1072","-0.0053"
"10.3000","-5.1182","-0.0053"
"10.3200","-5.1286","-0.0053"
"10.3400","-5.1380","-0.0053"
"10.3600","-5.1472","-0.0053"
"10.3800","-5.1569","-0.0053"
"10.4000","-5.1676","-0.0053"
"10.4200","-5.1781","-0.0053"
"10.4400","-5.1877","-0.0053"
"10.4600","-5.1969","-0.0053"
"10.4800","-5.2066","-0.0053"
"10.5000","-5.2173","-0.0054"
"10.5200","-5.2284","-0.0054"
"10.5400","-5.2386","-0.0054"
"10.5600","-5.2481","-0.0054"
"10.5800","-5.2575","-0.0054"
"10.6000","-5.2675","-0.0054"
"10.6200","-5.2781","-0.0054"
"10.6400","-5.2884","-0.0054"
"10.6600","-5.2979","-0.0054"
"10.6800","-5.3071","-0.0054"
"10.7000","-5.3166","-0.0054"
"10.7200","-5.3272","-0.0054"
"10.7400","-5.3381","-0.0054"
"10.7600","-5.3480","-0.0054"
"10.7800","-5.3571","-0.0054"
"10.8000","-5.3664","-0.0054"
"10.8200","-5.3768","-0.0054"
"10.8400","-5.3879","-0.0054"
"10.8600","-5.3984","-0.0054"
"10.8800","-5.4080","-0.0055"
"10.9000","-5.4176","-0.0055"
"10.9200","-5.4277","-0.0055"
"10.9400","-5.4386","-0.0055"
"10.9600","-5.4488","-0.0055"
"10.9800","-5.4580","-0.0055"
"11.0000","-5.4669","-0.0055"
"11.0200","-5.4764","-0.0055"
"11.0400","-5.4867","-0.0055"
"11.0600","-5.4977","-0.0055"
"11.0800","-5.5080","-0.0055"
"11.1000","-5.5175","-0.0055"
"11.1200","-5.5270","-0.0055"
"11.1400","-5.5370","-0.0055"
"11.1600","-5.5480","-0.0055"
"11.1800","-5.5585","-0.0055"
"11.2000","-5.5681","-0.0055"
"11.2200","-5.5774","-0.0055"
"11.2400","-5.5872","-0.0055"
"11.2600","-5.5980","-0.0055"
"11.2800","-5.6088","-0.0055"
"11.3000","-5.6184","-0.0055"
"11.3200","-5.6274","-0.0055"
"11.3400","-5.6368","-0.0055"
"11.3600","-5.6471","-0.0055"
"11.3800","-5.6578","-0.0055"
"11.4000","-5.6679","-0.0055"
"11.4200","-5.6773","-0.0055"
"11.4400","-5.6869","-0.0055"
"11.4600","-5.6970","-0.0055"
"11.4800","-5.7078","-0.0055"
"11.5000","-5.7185","-0.0055"
"11.5200","-5.7283","-0.0055"
"11.5400","-5.7378","-0.0055"
"11.5600","-5.7474","-0.0055"
"11.5800","-5.7579","-0.0055"
"11.6000","-5.7687","-0.0055"
"11.6200","-5.7786","-0.0056"
"11.6400","-5.7876","-0.0056"
"11.6600","-5.7967","-0.0056"
"11.6800","-5.8066","-0.0056"
"11.7000","-5.8176","-0.0056"
"11.7200","-5.8281","-0.0056"
"11.7400","-5.8377","-0.0056"
"11.7600","-5.8470","-0.0056"
"11.7800","-5.8569","-0.0056"
"11.8000","-5.8676","-0.0056"
"11.8200","-5.8783","-0.0056"
"11.8400","-5.8882","-0.0056"
"11.8600","-5.8977","-0.0056"
"11.8800","-5.9075","-0.0056"
"11.9000","-5.9178","-0.0056"
"11.9200","-5.9285","-0.0056"
"11.9400","-5.9386","-0.0056"
"11.9600","-5.9480","-0.0057"
"11.9800","-5.9571","-0.0056"
"12.0000","-5.9667","-0.0057"
"12.0200","-5.9773","-0.0057"
"12.0400","-5.9879","-0.0057"
"12.0600","-5.9978","-0.0057"
"12.0800","-6.0072","-0.0057"
"12.1000","-6.0169","-0.0057"
"12.1200","-6.0277","-0.0057"
"12.1400","-6.0388","-0.0057"
"12.1600","-6.0488","-0.0057"
"12.1800","-6.0580","-0.0057"
"12.2000","-6.0674","-0.0057"
"12.2200","-6.0775","-0.0057"
"12.2400","-6.0883","-0.0057"
"12.2600","-6.0986","-0.0057"
"12.2800","-6.1080","-0.0057"
"12.3000","-6.1175","-0.0057"
"12.3200","-6.1273","-0.0057"
"12.3400","-6.1378","-0.0057"
"12.3600","-6.1484","-0.0057"
"12.3800","-6.1581","-0.0057"
"12.4000","-6.1672","-0.0057"
"12.4200","-6.1766","-0.0057"
"12.4400","-6.1869","-0.0057"
"12.4600","-6.1981","-0.0057"
"12.4800","-6.2086","-0.0057"
"12.5000","-6.2181","-0.0057"
"12.5200","-6.2275","-0.0057"
"12.5400","-6.2377","-0.0058"
"12.5600","-6.2486","-0.0058"
"12.5800","-6.2588","-0.0058"
"12.6000","-6.2680","-0.0058"
"12.6200","-6.2770","-0.0058"
"12.6400","-6.2866","-0.0058"
"12.6600","-6.2972","-0.0058"
"12.6800","-6.3079","-0.0058"
"12.7000","-6.3178","-0.0058"
"12.7200","-6.3273","-0.0058"
"12.7400","-6.3371","-0.0058"
"12.7600","-6.3475","-0.0058"
"12.7800","-6.3583","-0.0058"
"12.8000","-6.3685","-0.0058"
"12.8200","-6.3780","-0.0058"
"12.8400","-6.3874","-0.0058"
"12.8600","-6.3973","-0.0058"
"12.8800","-6.4082","-0.0058"
"12.9000","-6.4190","-0.0058"
"12.9200","-6.4288","-0.0058"
"12.9400","-6.4380","-0.0058"
"12.9600","-6.4474","-0.0058"
"12.9800","-6.4576","-0.0058"
"13.0000","-6.4682","-0.0058"
"13.0200","-6.4781","-0.0058"
"13.0400","-6.4873","-0.0058"
"13.0600","-6.4968","-0.0058"
"13.0800","-6.5071","-0.0058"
"13.1000","-6.5180","-0.0058"
"13.1200","-6.5287","-0.0058"
"13.1400","-6.5384","-0.0058"
"13.1600","-6.5480","-0.0058"
"13.1800","-6.5578","-0.0058"
"13.2000","-6.5682","-0.0058"
"13.2200","-6.5787","-0.0058"
"13.2400","-6.5885","-0.0058"
"13.2600","-6.5977","-0.0058"
"13.2800","-6.6070","-0.0058"
"13.3000","-6.6170","-0.0058"
"13.3200","-6.6277","-0.0058"
"13.3400","-6.6380","-0.0059"
"13.3600","-6.6475","-0.0059"
"13.3800","-6.6567","-0.0058"
"13.4000","-6.6666","-0.0059"
"13.4200","-6.6776","-0.0059"
"13.4400","-6.6884","-0.0059"
"13.4600","-6.6983","-0.0059"
"13.4800","-6.7078","-0.0059"
"13.5000","-6.7176","-0.0059"
"13.5200","-6.7282","-0.0059"
"13.5400","-6.7388","-0.0059"
"13.5600","-6.7485","-0.0059"
"13.5800","-6.7575","-0.0059"
"13.6000","-6.7667","-0.0058"
"13.6200","-6.7765","-0.0059"
"13.6400","-6.7872","-0.0059"
"13.6600","-6.7978","-0.0059"
"13.6800","-6.8076","-0.0059"
"13.7000","-6.8171","-0.0059"
"13.7200","-6.8269","-0.0059"
"13.7400","-6.8375","-0.0059"
"13.7600","-6.8485","-0.0059"
"13.7800","-6.8584","-0.0059"
"13.8000","-6.8675","-0.0059"
"13.8200","-6.8770","-0.0059"
"13.8400","-6.8873","-0.0059"
"13.8600","-6.8982","-0.0059"
"13.8800","-6.9085","-0.0059"
"13.9000","-6.9180","-0.0059"
"13.9200","-6.9273","-0.0059"
"13.9400","-6.9371","-0.0059"
"13.9600","-6.9476","-0.0059"
"13.9800","-6.9578","-0.0059"
"14.0000","-6.9673","-0.0059"
"14.0200","-6.9767","-0.0059"
"14.0400","-6.9865","-0.0059"
"14.0600","-6.9971","-0.0059"
"14.0800","-7.0081","-0.0059"
"14.1000","-7.0184","-0.0059"
"14.1200","-7.0281","-0.0059"
"14.1400","-7.0376","-0.0059"
"14.1600","-7.0477","-0.0059"
"14.1800","-7.0584","-0.0059"
"14.2000","-7.0686","-0.0059"
"14.2200","-7.0779","-0.0059"
"14.2400","-7.0869","-0.0059"
"14.2600","-7.0964","-0.0059"
"14.2800","-7.1071","-0.0059"
"14.3000","-7.1180","-0.0059"
"14.3200","-7.1279","-0.0060"
"14.3400","-7.1372","-0.0059"
"14.3600","-7.1470","-0.0060"
"14.3800","-7.1574","-0.0060"
"14.4000","-7.1682","-0.0060"
"14.4200","-7.1784","-0.0060"
"14.4400","-7.1880","-0.0060"
"14.4600","-7.1975","-0.0060"
"14.4800","-7.2075","-0.0060"
"14.5000","-7.2182","-0.0060"
"14.5200","-7.2287","-0.0060"
"14.5400","-7.2384","-0.0060"
"14.5600","-7.2477","-0.0060"
"14.5800","-7.2571","-0.0060"
"14.6000","-7.2673","-0.0060"
"14.6200","-7.2778","-0.0060"
"14.6400","-7.2876","-0.0060"
"14.6600","-7.2968","-0.0060"
"14.6800","-7.3063","-0.0060"
"14.7000","-7.3167","-0.0060"
"14.7200","-7.3281","-0.0060"
"14.7400","-7.3389","-0.0060"
"14.7600","-7.3485","-0.0060"
"14.7800","-7.3578","-0.0059"
"14.8000","-7.3675","-0.0060"
"14.8200","-7.3781","-0.0059"
"14.8400","-7.3885","-0.0059"
"14.8600","-7.3981","-0.0060"
"14.8800","-7.4073","-0.0059"
"14.9000","-7.4168","-0.0059"
"14.9200","-7.4271","-0.0060"
"14.9400","-7.4379","-0.0059"
"14.9600","-7.4481","-0.0059"
"14.9800","-7.4574","-0.0059"
"15.0000","-7.4665","-0.0059"
"15.0200","-7.4762","-0.0059"
"15.0400","-7.4871","-0.0059"
"15.0600","-7.4981","-0.0059"
"15.0800","-7.5081","-0.0060"
"15.1000","-7.5174","-0.0059"
"15.1200","-7.5271","-0.0059"
"15.1400","-7.5377","-0.0060"
"15.1600","-7.5484","-0.0060"
"15.1800","-7.5581","-0.0059"
"15.2000","-7.5672","-0.0059"
"15.2200","-7.5766","-0.0059"
"15.2400","-7.5868","-0.0060"
"15.2600","-7.5977","-0.0060"
"15.2800","-7.6080","-0.0060"
"15.3000","-7.6175","-0.0060"
"15.3200","-7.6271","-0.0060"
"15.3400","-7.6372","-0.0060"
"15.3600","-7.6482","-0.0060"
"15.3800","-7.6589","-0.0060"
"15.4000","-7.6686","-0.0060"
"15.4200","-7.6776","-0.0059"
"15.4400","-7.6868","-0.0059"
"15.4600","-7.6969","-0.0059"
"15.4800","-7.7080","-0.0059"
"15.5000","-7.7183","-0.0059"
"15.5200","-7.7278","-0.0059"
"15.5400","-7.7372","-0.0059"
"15.5600","-7.7472","-0.0059"
"15.5800","-7.7580","-0.0059"
"15.6000","-7.7683","-0.0059"
"15.6200","-7.7776","-0.0059"
"15.6400","-7.7868","-0.0059"
"15.6600","-7.7966","-0.0059"
"15.6800","-7.8073","-0.0059"
"15.7000","-7.8183","-0.0059"
"15.7200","-7.8285","-0.0059"
"15.7400","-7.8381","-0.0059"
"15.7600","-7.8477","-0.0059"
"15.7800","-7.8579","-0.0059"
"15.8000","-7.8684","-0.0059"
"15.8200","-7.8785","-0.0060"
"15.8400","-7.8878","-0.0060"
"15.8600","-7.8969","-0.0060"
"15.8800","-7.9064","-0.0060"
"15.9000","-7.9171","-0.0059"
"15.9200","-7.9280","-0.0059"
"15.9400","-7.9381","-0.0059"
"15.9600","-7.9474","-0.0059"
"15.9800","-7.9569","-0.0059"
"16.0000","-7.9675","-0.0059"
"16.0200","-7.9786","-0.0059"
"16.0400","-7.9887","-0.0059"
"16.0600","-7.9979","-0.0059"
"16.0800","-8.0071","-0.0059"
"16.1000","-8.0172","-0.0059"
"16.1200","-8.0282","-0.0059"
"16.1400","-8.0388","-0.0059"
"16.1600","-8.0485","-0.0059"
"16.1800","-8.0577","-0.0059"
"16.2000","-8.0671","-0.0059"
"16.2200","-8.0773","-0.0059"
"16.2400","-8.0879","-0.0059"
"16.2600","-8.0977","-0.0059"
"16.2800","-8.1070","-0.0059"
"16.3000","-8.1165","-0.0059"
"16.3200","-8.1269","-0.0059"
"16.3400","-8.1382","-0.0059"
"16.3600","-8.1489","-0.0059"
"16.3800","-8.1583","-0.0059"
"16.4000","-8.1674","-0.0059"
"16.4200","-8.1771","-0.0059"
"16.4400","-8.1877","-0.0059"
"16.4600","-8.1982","-0.0059"
"16.4800","-8.2078","-0.0059"
"16.5000","-8.2170","-0.0059"
"16.5200","-8.2268","-0.0059"
"16.5400","-8.2375","-0.0059"
"16.5600","-8.2483","-0.0059"
"16.5800","-8.2582","-0.0059"
"16.6000","-8.2674","-0.0059"
"16.6200","-8.2768","-0.0059"
"16.6400","-8.2868","-0.0059"
"16.6600","-8.2977","-0.0059"
"16.6800","-8.3084","-0.0059"
"16.7000","-8.3183","-0.0059"
"16.7200","-8.3279","-0.0059"
"16.7400","-8.3378","-0.0059"
"16.7600","-8.3485","-0.0059"
"16.7800","-8.3592","-0.0059"
"16.8000","-8.3688","-0.0059"
"16.8200","-8.3778","-0.0059"
"16.8400","-8.3869","-0.0059"
"16.8600","-8.3971","-0.0059"
"16.8800","-8.4080","-0.0059"
"16.9000","-8.4182","-0.0059"
"16.9200","-8.4275","-0.0059"
"16.9400","-8.4369","-0.0059"
"16.9600","-8.4471","-0.0059"
"16.9800","-8.4580","-0.0059"
"17.0000","-8.4686","-0.0059"
"17.0200","-8.4782","-0.0060"
"17.0400","-8.4876","-0.0060"
"17.0600","-8.4973","-0.0060"
"17.0800","-8.5077","-0.0060"
"17.1000","-8.5186","-0.0060"
"17.1200","-8.5287","-0.0060"
"17.1400","-8.5381","-0.0060"
"17.1600","-8.5473","-0.0060"
"17.1800","-8.5570","-0.0060"
"17.2000","-8.5677","-0.0060"
"17.2200","-8.5780","-0.0060"
"17.2400","-8.5873","-0.0060"
"17.2600","-8.5965","-0.0060"
"17.2800","-8.6064","-0.0060"
"17.3000","-8.6174","-0.0060"
"17.3200","-8.6284","-0.0060"
"17.3400","-8.6383","-0.0060"
"17.3600","-8.6478","-0.0060"
"17.3800","-8.6575","-0.0060"
"17.4000","-8.6680","-0.0060"
"17.4200","-8.6787","-0.0060"
"17.4400","-8.6885","-0.0060"
"17.4600","-8.6976","-0.0060"
"17.4800","-8.7069","-0.0060"
"17.5000","-8.7168","-0.0060"
"17.5200","-8.7276","-0.0060"
"17.5400","-8.7383","-0.0060"
"17.5600","-8.7481","-0.0060"
"17.5800","-8.7572","-0.0060"
"17.6000","-8.7667","-0.0060"
"17.6200","-8.7771","-0.0060"
"17.6400","-8.7881","-0.0060"
"17.6600","-8.7984","-0.0060"
"17.6800","-8.8078","-0.0060"
"17.7000","-8.8172","-0.0060"
"17.7200","-8.8275","-0.0060"
"17.7400","-8.8385","-0.0060"
"17.7600","-8.8488","-0.0060"
"17.7800","-8.8581","-0.0060"
"17.8000","-8.8672","-0.0060"
"17.8200","-8.8768","-0.0060"
"17.8400","-8.8874","-0.0060"
"17.8600","-8.8979","-0.0060"
"17.8800","-8.9076","-0.0060"
"17.9000","-8.9171","-0.0060"
"17.9200","-8.9267","-0.0060"
"17.9400","-8.9371","-0.0060"
"17.9600","-8.9480","-0.0060"
"17.9800","-8.9582","-0.0061"
"18.0000","-8.9676","-0.0061"
"18.0200","-8.9770","-0.0061"
"18.0400","-8.9869","-0.0061"
"18.0600","-8.9978","-0.0061"
"18.0800","-9.0085","-0.0061"
"18.1000","-9.0181","-0.0061"
"18.1200","-9.0273","-0.0061"
"18.1400","-9.0368","-0.0061"
"18.1600","-9.0473","-0.0061"
"18.1800","-9.0580","-0.0061"
"18.2000","-9.0677","-0.0061"
"18.2200","-9.0768","-0.0061"
"18.2400","-9.0864","-0.0061"
"18.2600","-9.0968","-0.0061"
"18.2800","-9.1079","-0.0061"
"18.3000","-9.1183","-0.0061"
"18.3200","-9.1279","-0.0061"
"18.3400","-9.1375","-0.0061"
"18.3600","-9.1474","-0.0061"
"18.3800","-9.1581","-0.0061"
"18.4000","-9.1685","-0.0061"
"18.4200","-9.1780","-0.0061"
"18.4400","-9.1871","-0.0061"
"18.4600","-9.1964","-0.0061"
"18.4800","-9.2067","-0.0061"
"18.5000","-9.2177","-0.0061"
"18.5200","-9.2281","-0.0062"
"18.5400","-9.2375","-0.0062"
"18.5600","-9.2469","-0.0062"
"18.5800","-9.2570","-0.0062"
"18.6000","-9.2679","-0.0062"
"18.6200","-9.2785","-0.0062"
"18.6400","-9.2880","-0.0062"
"18.6600","-9.2973","-0.0062"
"18.6800","-9.3073","-0.0062"
"18.7000","-9.3180","-0.0062"
"18.7200","-9.3287","-0.0062"
"18.7400","-9.3385","-0.0062"
"18.7600","-9.3477","-0.0062"
"18.7800","-9.3571","-0.0062"
"18.8000","-9.3671","-0.0062"
"18.8200","-9.3777","-0.0062"
"18.8400","-9.3878","-0.0062"
"18.8600","-9.3973","-0.0062"
"18.8800","-9.4067","-0.0062"
"18.9000","-9.4167","-0.0062"
"18.9200","-9.4278","-0.0062"
"18.9400","-9.4388","-0.0062"
"18.9600","-9.4487","-0.0062"
"18.9800","-9.4579","-0.0062"
"19.0000","-9.4674","-0.0062"
"19.0200","-9.4777","-0.0062"
"19.0400","-9.4885","-0.0062"
"19.0600","-9.4984","-0.0062"
"19.0800","-9.5074","-0.0062"
"19.1000","-9.5167","-0.0062"
"19.1200","-9.5269","-0.0063"
"19.1400","-9.5379","-0.0063"
"19.1600","-9.5483","-0.0063"
"19.1800","-9.5577","-0.0063"
"19.2000","-9.5669","-0.0062"
"19.2200","-9.5766","-0.0063"
"19.2400","-9.5873","-0.0063"
"19.2600","-9.5983","-0.0063"
"19.2800","-9.6085","-0.0063"
"19.3000","-9.6181","-0.0063"
"19.3200","-9.6276","-0.0063"
"19.3400","-9.6378","-0.0063"
"19.3600","-9.6486","-0.0063"
"19.3800","-9.6586","-0.0063"
"19.4000","-9.6677","-0.0063"
"19.4200","-9.6767","-0.0063"
"19.4400","-9.6864","-0.0063"
"19.4600","-9.6972","-0.0063"
"19.4800","-9.7080","-0.0063"
"19.5000","-9.7176","-0.0063"
"19.5200","-9.7269","-0.0063"
"19.5400","-9.7367","-0.0063"
"19.5600","-9.7475","-0.0063"
"19.5800","-9.7584","-0.0063"
"19.6000","-9.7683","-0.0063"
"19.6200","-9.7777","-0.0063"
"19.6400","-9.7873","-0.0063"
"19.6600","-9.7976","-0.0063"
"19.6800","-9.8084","-0.0063"
"19.7000","-9.8186","-0.0063"
"19.7200","-9.8280","-0.0064"
"19.7400","-9.8371","-0.0064"
"19.7600","-9.8465","-0.0064"
"19.7800","-9.8571","-0.0064"
"19.8000","-9.8679","-0.0064"
"19.8200","-9.8779","-0.0064"
"19.8400","-9.8872","-0.0064"
"19.8600","-9.8968","-0.0064"
"19.8800","-9.9073","-0.0064"
"19.9000","-9.9185","-0.0064"
"19.9200","-9.9289","-0.0064"
"19.9400","-9.9384","-0.0064"
"19.9600","-9.9477","-0.0064"
"19.9800","-9.9576","-0.0064"
"20.0000","-9.9684","-0.0064"
"20.0200","-9.9788","-0.0064"
"20.0400","-9.9882","-0.0064"
"20.0600","-9.9974","-0.0064"
"20.0800","-10.0069","-0.0064"
"20.1000","-10.0171","-0.0064"
"20.1200","-10.0279","-0.0064"
"20.1400","-10.0381","-0.0064"
"20.1600","-10.0475","-0.0064"
"20.1800","-10.0570","-0.0064"
"20.2000","-10.0671","-0.0064"
"20.2200","-10.0779","-0.0064"
"20.2400","-10.0885","-0.0064"
"20.2600","-10.0981","-0.0065"
"20.2800","-10.1075","-0.0064"
"20.3000","-10.1173","-0.0065"
"20.3200","-10.1281","-0.0065"
"20.3400","-10.1388","-0.0065"
"20.3600","-10.1483","-0.0065"
"20.3800","-10.1572","-0.0065"
"20.4000","-10.1665","-0.0065"
"20.4200","-10.1768","-0.0065"
"20.4400","-10.1877","-0.0065"
"20.4600","-10.1979","-0.0065"
"20.4800","-10.2074","-0.0065"
"20.5000","-10.2170","-0.0065"
"20.5200","-10.2272","-0.0065"
"20.5400","-10.2382","-0.0065"
"20.5600","-10.2489","-0.0065"
"20.5800","-10.2586","-0.0065"
"20.6000","-10.2678","-0.0065"
"20.6200","-10.2772","-0.0065"
"20.6400","-10.2878","-0.0065"
"20.6600","-10.2987","-0.0065"
"20.6800","-10.3087","-0.0065"
"20.7000","-10.3179","-0.0065"
"20.7200","-10.3273","-0.0065"
"20.7400","-10.3374","-0.0065"
"20.7600","-10.3483","-0.0065"
"20.7800","-10.3585","-0.0066"
"20.8000","-10.3677","-0.0066"
"20.8200","-10.3769","-0.0066"
"20.8400","-10.3868","-0.0066"
"20.8600","-10.3977","-0.0066"
"20.8800","-10.4085","-0.0066"
"20.9000","-10.4183","-0.0066"
"20.9200","-10.4277","-0.0066"
"20.9400","-10.4374","-0.0066"
"20.9600","-10.4476","-0.0066"
"20.9800","-10.4584","-0.0066"
"21.0000","-10.4685","-0.0066"
"21.0200","-10.4779","-0.0066"
"21.0400","-10.4871","-0.0066"
"21.0600","-10.4969","-0.0066"
"21.0800","-10.5076","-0.0066"
"21.1000","-10.5181","-0.0066"
"21.1200","-10.5276","-0.0066"
"21.1400","-10.5369","-0.0066"
"21.1600","-10.5468","-0.0066"
"21.1800","-10.5577","-0.0066"
"21.2000","-10.5686","-0.0066"
"21.2200","-10.5785","-0.0066"
"21.2400","-10.5878","-0.0066"
"21.2600","-10.5974","-0.0066"
"21.2800","-10.6077","-0.0066"
"21.3000","-10.6185","-0.0066"
"21.3200","-10.6287","-0.0066"
"21.3400","-10.6381","-0.0066"
"21.3600","-10.6475","-0.0066"
"21.3800","-10.6572","-0.0066"
"21.4000","-10.6676","-0.0066"
"21.4200","-10.6782","-0.0067"
"21.4400","-10.6881","-0.0067"
"21.4600","-10.6974","-0.0067"
"21.4800","-10.7070","-0.0067"
"21.5000","-10.7173","-0.0067"
"21.5200","-10.7282","-0.0067"
"21.5400","-10.7384","-0.0067"
"21.5600","-10.7476","-0.0067"
"21.5800","-10.7569","-0.0067"
"21.6000","-10.7670","-0.0067"
"21.6200","-10.7780","-0.0067"
"21.6400","-10.7884","-0.0067"
"21.6600","-10.7978","-0.0067"
"21.6800","-10.8070","-0.0067"
"21.7000","-10.8168","-0.0067"
"21.7200","-10.8273","-0.0067"
"21.7400","-10.8380","-0.0067"
"21.7600","-10.8478","-0.0067"
"21.7800","-10.8572","-0.0067"
"21.8000","-10.8668","-0.0067"
"21.8200","-10.8771","-0.0067"
"21.8400","-10.8881","-0.0067"
"21.8600","-10.8985","-0.0067"
"21.8800","-10.9081","-0.0067"
"21.9000","-10.9175","-0.0067"
"21.9200","-10.9273","-0.0068"
"21.9400","-10.9381","-0.0068"
"21.9600","-10.9488","-0.0068"
"21.9800","-10.9583","-0.0068"
"22.0000","-10.9673","-0.0068"
"22.0200","-10.9767","-0.0068"
"22.0400","-10.9872","-0.0068"
"22.0600","-10.9982","-0.0068"
"22.0800","-11.0081","-0.0068"
"22.1000","-11.0174","-0.0068"
"22.1200","-11.0270","-0.0068"
"22.1400","-11.0374","-0.0068"
"22.1600","-11.0482","-0.0068"
"22.1800","-11.0584","-0.0068"
"22.2000","-11.0677","-0.0068"
"22.2200","-11.0771","-0.0068"
"22.2400","-11.0871","-0.0068"
"22.2600","-11.0977","-0.0068"
"22.2800","-11.1084","-0.0068"
"22.3000","-11.1183","-0.0068"
"22.3200","-11.1275","-0.0068"
"22.3400","-11.1368","-0.0068"
"22.3600","-11.1469","-0.0068"
"22.3800","-11.1578","-0.0068"
"22.4000","-11.1681","-0.0069"
"22.4200","-11.1773","-0.0069"
"22.4400","-11.1865","-0.0069"
"22.4600","-11.1964","-0.0069"
"22.4800","-11.2074","-0.0069"
"22.5000","-11.2184","-0.0069"
"22.5200","-11.2283","-0.0069"
"22.5400","-11.2377","-0.0069"
"22.5600","-11.2476","-0.0069"
"22.5800","-11.2581","-0.0069"
"22.6000","-11.2686","-0.0069"
"22.6200","-11.2782","-0.0069"
"22.6400","-11.2874","-0.0069"
"22.6600","-11.2968","-0.0069"
"22.6800","-11.3068","-0.0069"
"22.7000","-11.3174","-0.0069"
"22.7200","-11.3279","-0.0069"
"22.7400","-11.3375","-0.0069"
"22.7600","-11.3469","-0.0069"
"22.7800","-11.3566","-0.0069"
"22.8000","-11.3674","-0.0069"
"22.8200","-11.3785","-0.0069"
"22.8400","-11.3885","-0.0070"
"22.8600","-11.3978","-0.0070"
"22.8800","-11.4073","-0.0070"
"22.9000","-11.4178","-0.0070"
"22.9200","-11.4287","-0.0070"
"22.9400","-11.4387","-0.0070"
"22.9600","-11.4478","-0.0070"
"22.9800","-11.4571","-0.0070"
"23.0000","-11.4671","-0.0070"
"23.0200","-11.4778","-0.0070"
"23.0400","-11.4881","-0.0070"
"23.0600","-11.4975","-0.0070"
"23.0800","-11.5068","-0.0070"
"23.1000","-11.5167","-0.0070"
"23.1200","-11.5275","-0.0070"
"23.1400","-11.5385","-0.0070"
"23.1600","-11.5487","-0.0070"
"23.1800","-11.5579","-0.0070"
"23.2000","-11.5672","-0.0070"
"23.2200","-11.5772","-0.0070"
"23.2400","-11.5882","-0.0070"
"23.2600","-11.5987","-0.0070"
"23.2800","-11.6081","-0.0070"
"23.3000","-11.6172","-0.0070"
"23.3200","-11.6269","-0.0070"
"23.3400","-11.6375","-0.0070"
"23.3600","-11.6481","-0.0070"
"23.3800","-11.6576","-0.0070"
"23.4000","-11.6667","-0.0070"
"23.4200","-11.6764","-0.0070"
"23.4400","-11.6872","-0.0070"
"23.4600","-11.6983","-0.0070"
"23.4800","-11.7086","-0.0070"
"23.5000","-11.7180","-0.0070"
"23.5200","-11.7276","-0.0070"
"23.5400","-11.7377","-0.0070"
"23.5600","-11.7484","-0.0071"
"23.5800","-11.7586","-0.0071"
"23.6000","-11.7679","-0.0071"
"23.6200","-11.7770","-0.0070"
"23.6400","-11.7865","-0.0071"
"23.6600","-11.7970","-0.0071"
"23.6800","-11.8079","-0.0071"
"23.7000","-11.8180","-0.0071"
"23.7200","-11.8273","-0.0071"
"23.7400","-11.8367","-0.0071"
"23.7600","-11.8471","-0.0071"
"23.7800","-11.8582","-0.0071"
"23.8000","-11.8685","-0.0071"
"23.8200","-11.8779","-0.0071"
"23.8400","-11.8873","-0.0071"
"23.8600","-11.8974","-0.0071"
"23.8800","-11.9084","-0.0071"
"23.9000","-11.9190","-0.0071"
"23.9200","-11.9286","-0.0071"
"23.9400","-11.9378","-0.0071"
"23.9600","-11.9472","-0.0071"
"23.9800","-11.9573","-0.0071"
"24.0000","-11.9678","-0.0071"
"24.0200","-11.9777","-0.0071"
"24.0400","-11.9871","-0.0071"
"24.0600","-11.9966","-0.0071"
"24.0800","-12.0067","-0.0071"
"24.1000","-12.0178","-0.0071"
"24.1200","-12.0288","-0.0071"
"24.1400","-12.0385","-0.0071"
"24.1600","-12.0476","-0.0071"
"24.1800","-12.0572","-0.0071"
"24.2000","-12.0678","-0.0072"
"24.2200","-12.0786","-0.0072"
"24.2400","-12.0883","-0.0072"
"24.2600","-12.0974","-0.0072"
"24.2800","-12.1068","-0.0072"
"24.3000","-12.1171","-0.0072"
"24.3200","-12.1279","-0.0072"
"24.3400","-12.1381","-0.0072"
"24.3600","-12.1475","-0.0072"
"24.3800","-12.1568","-0.0072"
"24.4000","-12.1668","-0.0072"
"24.4200","-12.1777","-0.0072"
"24.4400","-12.1886","-0.0072"
"24.4600","-12.1985","-0.0072"
"24.4800","-12.2080","-0.0072"
"24.5000","-12.2176","-0.0072"
"24.5200","-12.2281","-0.0072"
"24.5400","-12.2389","-0.0072"
"24.5600","-12.2489","-0.0072"
"24.5800","-12.2579","-0.0072"
"24.6000","-12.2670","-0.0072"
"24.6200","-12.2769","-0.0072"
"24.6400","-12.2879","-0.0072"
"24.6600","-12.2984","-0.0072"
"24.6800","-12.3077","-0.0073"
"24.7000","-12.3169","-0.0073"
"24.7200","-12.3268","-0.0073"
"24.7400","-12.3377","-0.0073"
"24.7600","-12.3486","-0.0073"
"24.7800","-12.3585","-0.0073"
"24.8000","-12.3678","-0.0073"
"24.8200","-12.3773","-0.0073"
"24.8400","-12.3876","-0.0073"
"24.8600","-12.3984","-0.0073"
"24.8800","-12.4087","-0.0073"
"24.9000","-12.4181","-0.0073"
"24.9200","-12.4272","-0.0073"
"24.9400","-12.4369","-0.0073"
"24.9600","-12.4476","-0.0073"
"24.9800","-12.4582","-0.0073"
"25.0000","-12.4679","-0.0073"
"25.0200","-12.4771","-0.0073"
"25.0400","-12.4866","-0.0073"
"25.0600","-12.4972","-0.0073"
"25.0800","-12.5083","-0.0073"
"25.1000","-12.5183","-0.0073"
"25.1200","-12.5278","-0.0073"
"25.1400","-12.5375","-0.0073"
"25.1600","-12.5478","-0.0073"
"25.1800","-12.5585","-0.0073"
"25.2000","-12.5686","-0.0073"
"25.2200","-12.5779","-0.0073"
"25.2400","-12.5871","-0.0073"
"25.2600","-12.5968","-0.0073"
"25.2800","-12.6073","-0.0073"
"25.3000","-12.6180","-0.0073"
"25.3200","-12.6280","-0.0073"
"25.3400","-12.6375","-0.0073"
"25.3600","-12.6471","-0.0073"
"25.3800","-12.6574","-0.0074"
"25.4000","-12.6683","-0.0073"
"25.4200","-12.6785","-0.0073"
"25.4400","-12.6878","-0.0073"
"25.4600","-12.6969","-0.0073"
"25.4800","-12.7070","-0.0073"
"25.5000","-12.7180","-0.0073"
"25.5200","-12.7289","-0.0074"
"25.5400","-12.7385","-0.0074"
"25.5600","-12.7476","-0.0073"
"25.5800","-12.7570","-0.0073"
"25.6000","-12.7673","-0.0074"
"25.6200","-12.7779","-0.0074"
"25.6400","-12.7879","-0.0074"
"25.6600","-12.7973","-0.0074"
"25.6800","-12.8067","-0.0074"
"25.7000","-12.8169","-0.0074"
"25.7200","-12.8279","-0.0074"
"25.7400","-12.8386","-0.0074"
"25.7600","-12.8483","-0.0074"
"25.7800","-12.8576","-0.0074"
"25.8000","-12.8671","-0.0074"
"25.8200","-12.8776","-0.0074"
"25.8400","-12.8884","-0.0074"
"25.8600","-12.8983","-0.0074"
"25.8800","-12.9075","-0.0074"
"25.9000","-12.9170","-0.0074"
"25.9200","-12.9273","-0.0074"
"25.9400","-12.9381","-0.0074"
"25.9600","-12.9481","-0.0074"
"25.9800","-12.9573","-0.0074"
"26.0000","-12.9667","-0.0074"
"26.0200","-12.9769","-0.0074"
"26.0400","-12.9879","-0.0074"
"26.0600","-12.9984","-0.0074"
"26.0800","-13.0080","-0.0074"
"26.1000","-13.0175","-0.0074"
"26.1200","-13.0275","-0.0074"
"26.1400","-13.0380","-0.0075"
"26.1600","-13.0486","-0.0075"
"26.1800","-13.0584","-0.0075"
"26.2000","-13.0674","-0.0075"
"26.2200","-13.0766","-0.0075"
"26.2400","-13.0866","-0.0075"
"26.2600","-13.0975","-0.0075"
"26.2800","-13.1080","-0.0075"
"26.3000","-13.1175","-0.0075"
"26.3200","-13.1268","-0.0075"
"26.3400","-13.1367","-0.0075"
"26.3600","-13.1476","-0.0075"
"26.3800","-13.1585","-0.0075"
"26.4000","-13.1683","-0.0075"
"26.4200","-13.1776","-0.0075"
"26.4400","-13.1873","-0.0075"
"26.4600","-13.1977","-0.0075"
"26.4800","-13.2085","-0.0075"
"26.5000","-13.2186","-0.0075"
"26.5200","-13.2281","-0.0075"
"26.5400","-13.2375","-0.0075"
"26.5600","-13.2472","-0.0075"
"26.5800","-13.2575","-0.0075"
"26.6000","-13.2677","-0.0075"
"26.6200","-13.2773","-0.0075"
"26.6400","-13.2867","-0.0075"
"26.6600","-13.2964","-0.0075"
"26.6800","-13.3072","-0.0075"
"26.7000","-13.3184","-0.0075"
"26.7200","-13.3287","-0.0075"
"26.7400","-13.3382","-0.0075"
"26.7600","-13.3478","-0.0075"
"26.7800","-13.3579","-0.0076"
"26.8000","-13.3685","-0.0076"
"26.8200","-13.3784","-0.0076"
"26.8400","-13.3875","-0.0076"
"26.8600","-13.3966","-0.0076"
"26.8800","-13.4066","-0.0076"
"26.9000","-13.4175","-0.0076"
"26.9200","-13.4282","-0.0076"
"26.9400","-13.4380","-0.0076"
"26.9600","-13.4474","-0.0076"
"26.9800","-13.4570","-0.0076"
"27.0000","-13.4673","-0.0076"
"27.0200","-13.4781","-0.0076"
"27.0400","-13.4883","-0.0076"
"27.0600","-13.4980","-0.0076"
"27.0800","-13.5075","-0.0076"
"27.1000","-13.5176","-0.0076"
"27.1200","-13.5286","-0.0076"
"27.1400","-13.5390","-0.0076"
"27.1600","-13.5484","-0.0076"
"27.1800","-13.5573","-0.0076"
"27.2000","-13.5668","-0.0076"
"27.2200","-13.5773","-0.0076"
"27.2400","-13.5880","-0.0076"
"27.2600","-13.5977","-0.0076"
"27.2800","-13.6068","-0.0076"
"27.3000","-13.6164","-0.0076"
"27.3200","-13.6270","-0.0076"
"27.3400","-13.6383","-0.0076"
"27.3600","-13.6487","-0.0076"
"27.3800","-13.6583","-0.0076"
"27.4000","-13.6678","-0.0076"
"27.4200","-13.6777","-0.0076"
"27.4400","-13.6881","-0.0076"
"27.4600","-13.6984","-0.0076"
"27.4800","-13.7079","-0.0076"
"27.5000","-13.7172","-0.0076"
"27.5200","-13.7269","-0.0076"
"27.5400","-13.7373","-0.0077"
"27.5600","-13.7481","-0.0077"
"27.5800","-13.7580","-0.0077"
"27.6000","-13.7671","-0.0077"
"27.6200","-13.7762","-0.0076"
"27.6400","-13.7863","-0.0077"
"27.6600","-13.7974","-0.0077"
"27.6800","-13.8082","-0.0077"
"27.7000","-13.8180","-0.0077"
"27.7200","-13.8276","-0.0077"
"27.7400","-13.8376","-0.0077"
"27.7600","-13.8482","-0.0077"
"27.7800","-13.8587","-0.0077"
"27.8000","-13.8683","-0.0077"
"27.8200","-13.8775","-0.0077"
"27.8400","-13.8869","-0.0077"
"27.8600","-13.8970","-0.0077"
"27.8800","-13.9077","-0.0077"
"27.9000","-13.9180","-0.0077"
"27.9200","-13.9276","-0.0077"
"27.9400","-13.9370","-0.0077"
"27.9600","-13.9468","-0.0077"
"27.9800","-13.9575","-0.0077"
"28.0000","-13.9681","-0.0077"
"28.0200","-13.9778","-0.0077"
"28.0400","-13.9871","-0.0077"
"28.0600","-13.9969","-0.0077"
"28.0800","-14.0076","-0.0077"
"28.1000","-14.0186","-0.0077"
"28.1200","-14.0286","-0.0077"
"28.1400","-14.0377","-0.0077"
"28.1600","-14.0469","-0.0077"
"28.1800","-14.0570","-0.0077"
"28.2000","-14.0677","-0.0078"
"28.2200","-14.0779","-0.0078"
"28.2400","-14.0875","-0.0078"
"28.2600","-14.0970","-0.0077"
"28.2800","-14.1068","-0.0078"
"28.3000","-14.1176","-0.0078"
"28.3200","-14.1285","-0.0078"
"28.3400","-14.1386","-0.0078"
"28.3600","-14.1481","-0.0077"
"28.3800","-14.1576","-0.0078"
"28.4000","-14.1677","-0.0078"
"28.4200","-14.1786","-0.0078"
"28.4400","-14.1888","-0.0078"
"28.4600","-14.1980","-0.0078"
"28.4800","-14.2071","-0.0078"
"28.5000","-14.2169","-0.0078"
"28.5200","-14.2276","-0.0078"
"28.5400","-14.2381","-0.0078"
"28.5600","-14.2477","-0.0078"
"28.5800","-14.2570","-0.0078"
"28.6000","-14.2669","-0.0078"
"28.6200","-14.2775","-0.0078"
"28.6400","-14.2883","-0.0078"
"28.6600","-14.2983","-0.0078"
"28.6800","-14.3079","-0.0078"
"28.7000","-14.3175","-0.0078"
"28.7200","-14.3277","-0.0078"
"28.7400","-14.3385","-0.0078"
"28.7600","-14.3488","-0.0078"
"28.7800","-14.3582","-0.0078"
"28.8000","-14.3671","-0.0078"
"28.8200","-14.3766","-0.0078"
"28.8400","-14.3871","-0.0078"
"28.8600","-14.3980","-0.0078"
"28.8800","-14.4079","-0.0078"
"28.9000","-14.4173","-0.0078"
"28.9200","-14.4269","-0.0078"
"28.9400","-14.4375","-0.0078"
"28.9600","-14.4485","-0.0078"
"28.9800","-14.4587","-0.0078"
"29.0000","-14.4680","-0.0078"
"29.0200","-14.4774","-0.0078"
"29.0400","-14.4875","-0.0078"
"29.0600","-14.4982","-0.0078"
"29.0800","-14.5084","-0.0078"
"29.1000","-14.5178","-0.0078"
"29.1200","-14.5272","-0.0078"
"29.1400","-14.5370","-0.0078"
"29.1600","-14.5475","-0.0078"
"29.1800","-14.5583","-0.0078"
"29.2000","-14.5682","-0.0078"
"29.2200","-14.5775","-0.0078"
"29.2400","-14.5868","-0.0078"
"29.2600","-14.5969","-0.0078"
"29.2800","-14.6081","-0.0078"
"29.3000","-14.6187","-0.0078"
"29.3200","-14.6284","-0.0078"
"29.3400","-14.6379","-0.0078"
"29.3600","-14.6478","-0.0078"
"29.3800","-14.6585","-0.0078"
"29.4000","-14.6688","-0.0078"
"29.4200","-14.6780","-0.0079"
"29.4400","-14.6869","-0.0079"
"29.4600","-14.6964","-0.0079"
"29.4800","-14.7067","-0.0079"
"29.5000","-14.7175","-0.0078"
"29.5200","-14.7277","-0.0078"
"29.5400","-14.7374","-0.0078"
"29.5600","-14.7470","-0.0079"
"29.5800","-14.7571","-0.0079"
"29.6000","-14.7678","-0.0079"
"29.6200","-14.7783","-0.0079"
"29.6400","-14.7882","-0.0079"
"29.6600","-14.7976","-0.0079"
"29.6800","-14.8073","-0.0079"
"29.7000","-14.8180","-0.0079"
"29.7200","-14.8289","-0.0079"
"29.7400","-14.8387","-0.0079"
"29.7600","-14.8479","-0.0079"
"29.7800","-14.8570","-0.0079"
"29.8000","-14.8669","-0.0079"
"29.8200","-14.8776","-0.0079"
"29.8400","-14.8878","-0.0079"
"29.8600","-14.8971","-0.0079"
"29.8800","-14.9066","-0.0079"
"29.9000","-14.9168","-0.0079"
"29.9200","-14.9280","-0.0079"
"29.9400","-14.9388","-0.0079"
"29.9600","-14.9485","-0.0079"
"29.9800","-14.9578","-0.0079"
"30.0000","-14.9673","-0.0079"
"30.0200","-14.9776","-0.0079"
"30.0400","-14.9883","-0.0079"
"30.0600","-14.9984","-0.0079"
"30.0800","-15.0078","-0.0079"
"30.1000","-15.0169","-0.0079"
"30.1200","-15.0266","-0.0079"
"30.1400","-15.0373","-0.0079"
"30.1600","-15.0479","-0.0079"
"30.1800","-15.0575","-0.0079"
"30.2000","-15.0667","-0.0079"
"30.2200","-15.0764","-0.0079"
"30.2400","-15.0873","-0.0079"
"30.2600","-15.0983","-0.0079"
"30.2800","-15.1083","-0.0079"
"30.3000","-15.1176","-0.0079"
"30.3200","-15.1273","-0.0079"
"30.3400","-15.1379","-0.0079"
"30.3600","-15.1489","-0.0079"
"30.3800","-15.1587","-0.0079"
"30.4000","-15.1678","-0.0079"
"30.4200","-15.1769","-0.0079"
"30.4400","-15.1866","-0.0079"
"30.4600","-15.1972","-0.0080"
"30.4800","-15.2078","-0.0080"
"30.5000","-15.2177","-0.0080"
"30.5200","-15.2271","-0.0079"
"30.5400","-15.2368","-0.0079"
"30.5600","-15.2473","-0.0079"
"30.5800","-15.2583","-0.0079"
"30.6000","-15.2684","-0.0079"
"30.6200","-15.2777","-0.0080"
"30.6400","-15.2870","-0.0079"
"30.6600","-15.2972","-0.0079"
"30.6800","-15.3082","-0.0079"
"30.7000","-15.3186","-0.0079"
"30.7200","-15.3279","-0.0079"
"30.7400","-15.3371","-0.0080"
"30.7600","-15.3468","-0.0080"
"30.7800","-15.3573","-0.0080"
"30.8000","-15.3678","-0.0080"
"30.8200","-15.3774","-0.0080"
"30.8400","-15.3868","-0.0080"
"30.8600","-15.3966","-0.0079"
"30.8800","-15.4071","-0.0080"
"30.9000","-15.4180","-0.0080"
"30.9200","-15.4285","-0.0080"
"30.9400","-15.4382","-0.0080"
"30.9600","-15.4477","-0.0080"
"30.9800","-15.4576","-0.0080"
"31.0000","-15.4683","-0.0080"
"31.0200","-15.4788","-0.0080"
"31.0400","-15.4882","-0.0080"
"31.0600","-15.4972","-0.0080"
"31.0800","-15.5066","-0.0080"
"31.1000","-15.5170","-0.0080"
"31.1200","-15.5279","-0.0080"
"31.1400","-15.5379","-0.0080"
"31.1600","-15.5473","-0.0080"
"31.1800","-15.5569","-0.0080"
"31.2000","-15.5672","-0.0080"
"31.2200","-15.5780","-0.0080"
"31.2400","-15.5883","-0.0080"
"31.2600","-15.5977","-0.0080"
"31.2800","-15.6070","-0.0080"
"31.3000","-15.6169","-0.0080"
"31.3200","-15.6278","-0.0080"
"31.3400","-15.6386","-0.0080"
"31.3600","-15.6485","-0.0080"
"31.3800","-15.6576","-0.0080"
"31.4000","-15.6668","-0.0080"
"31.4200","-15.6768","-0.0080"
"31.4400","-15.6876","-0.0080"
"31.4600","-15.6980","-0.0080"
"31.4800","-15.7074","-0.0080"
"31.5000","-15.7168","-0.0080"
"31.5200","-15.7270","-0.0080"
"31.5400","-15.7380","-0.0080"
"31.5600","-15.7486","-0.0080"
"31.5800","-15.7581","-0.0080"
"31.6000","-15.7674","-0.0080"
"31.6200","-15.7772","-0.0080"
"31.6400","-15.7879","-0.0080"
"31.6600","-15.7987","-0.0080"
"31.6800","-15.8085","-0.0080"
"31.7000","-15.8178","-0.0080"
"31.7200","-15.8272","-0.0080"
"31.7400","-15.8373","-0.0080"
"31.7600","-15.8479","-0.0080"
"31.7800","-15.8579","-0.0080"
"31.8000","-15.8672","-0.0080"
"31.8200","-15.8764","-0.0080"
"31.8400","-15.8863","-0.0080"
"31.8600","-15.8973","-0.0080"
"31.8800","-15.9085","-0.0080"
"31.9000","-15.9186","-0.0080"
"31.9200","-15.9280","-0.0080"
"31.9400","-15.9377","-0.0080"
"31.9600","-15.9482","-0.0080"
"31.9800","-15.9589","-0.0080"
"32.0000","-15.9685","-0.0080"
"32.0200","-15.9774","-0.0080"
"32.0400","-15.9865","-0.0080"
"32.0600","-15.9965","-0.0080"
"32.0800","-16.0073","-0.0080"
"32.1000","-16.0179","-0.0080"
"32.1200","-16.0276","-0.0080"
"32.1400","-16.0372","-0.0080"
"32.1600","-16.0471","-0.0080"
"32.1800","-16.0578","-0.0080"
"32.2000","-16.0687","-0.0080"
"32.2200","-16.0786","-0.0080"
"32.2400","-16.0879","-0.0080"
"32.2600","-16.0972","-0.0080"
"32.2800","-16.1073","-0.0080"
"32.3000","-16.1183","-0.0080"
"32.3200","-16.1289","-0.0080"
"32.3400","-16.1383","-0.0080"
"32.3600","-16.1475","-0.0080"
"32.3800","-16.1570","-0.0081"
"32.4000","-16.1676","-0.0081"
"32.4200","-16.1782","-0.0081"
"32.4400","-16.1878","-0.0081"
"32.4600","-16.1970","-0.0081"
"32.4800","-16.2068","-0.0081"
"32.5000","-16.2175","-0.0081"
"32.5200","-16.2286","-0.0081"
"32.5400","-16.2388","-0.0081"
"32.5600","-16.2483","-0.0081"
"32.5800","-16.2577","-0.0081"
"32.6000","-16.2676","-0.0081"
"32.6200","-16.2783","-0.0081"
"32.6400","-16.2887","-0.0081"
"32.6600","-16.2983","-0.0081"
"32.6800","-16.3073","-0.0081"
"32.7000","-16.3166","-0.0081"
"32.7200","-16.3271","-0.0081"
"32.7400","-16.3380","-0.0081"
"32.7600","-16.3481","-0.0081"
"32.7800","-16.3573","-0.0081"
"32.8000","-16.3668","-0.0081"
"32.8200","-16.3772","-0.0081"
"32.8400","-16.3884","-0.0081"
"32.8600","-16.3986","-0.0081"
"32.8800","-16.4080","-0.0081"
"32.9000","-16.4175","-0.0081"
"32.9200","-16.4278","-0.0081"
"32.9400","-16.4388","-0.0081"
"32.9600","-16.4492","-0.0081"
"32.9800","-16.4586","-0.0081"
"33.0000","-16.4677","-0.0081"
"33.0200","-16.4772","-0.0081"
"33.0400","-16.4873","-0.0081"
"33.0600","-16.4979","-0.0081"
"33.0800","-16.5080","-0.0081"
"33.1000","-16.5174","-0.0081"
"33.1200","-16.5268","-0.0081"
"33.1400","-16.5371","-0.0081"
"33.1600","-16.5483","-0.0081"
"33.1800","-16.5590","-0.0080"
"33.2000","-16.5683","-0.0080"
"33.2200","-16.5774","-0.0080"
"33.2400","-16.5871","-0.0080"
"33.2600","-16.5979","-0.0080"
"33.2800","-16.6087","-0.0080"
"33.3000","-16.6184","-0.0081"
"33.3200","-16.6275","-0.0081"
"33.3400","-16.6370","-0.0081"
"33.3600","-16.6474","-0.0081"
"33.3800","-16.6580","-0.0081"
"33.4000","-16.6679","-0.0081"
"33.4200","-16.6771","-0.0081"
"33.4400","-16.6866","-0.0081"
"33.4600","-16.6967","-0.0081"
"33.4800","-16.7078","-0.0081"
"33.5000","-16.7187","-0.0081"
"33.5200","-16.7287","-0.0081"
"33.5400","-16.7381","-0.0081"
"33.5600","-16.7477","-0.0081"
"33.5800","-16.7581","-0.0081"
"33.6000","-16.7688","-0.0081"
"33.6200","-16.7785","-0.0081"
"33.6400","-16.7875","-0.0081"
"33.6600","-16.7966","-0.0081"
"33.6800","-16.8066","-0.0081"
"33.7000","-16.8175","-0.0081"
"33.7200","-16.8280","-0.0081"
"33.7400","-16.8374","-0.0081"
"33.7600","-16.8467","-0.0080"
"33.7800","-16.8566","-0.0080"
"33.8000","-16.8674","-0.0080"
"33.8200","-16.8782","-0.0080"
"33.8400","-16.8881","-0.0080"
"33.8600","-16.8976","-0.0080"
"33.8800","-16.9073","-0.0080"
"33.9000","-16.9177","-0.0080"
"33.9200","-16.9286","-0.0080"
"33.9400","-16.9388","-0.0080"
"33.9600","-16.9481","-0.0080"
"33.9800","-16.9571","-0.0080"
"34.0000","-16.9666","-0.0080"
"34.0200","-16.9773","-0.0080"
"34.0400","-16.9880","-0.0080"
"34.0600","-16.9977","-0.0080"
"34.0800","-17.0069","-0.0080"
"34.1000","-17.0167","-0.0080"
"34.1200","-17.0275","-0.0080"
"34.1400","-17.0387","-0.0080"
"34.1600","-17.0487","-0.0080"
"34.1800","-17.0579","-0.0080"
"34.2000","-17.0674","-0.0080"
"34.2200","-17.0776","-0.0080"
"34.2400","-17.0884","-0.0080"
"34.2600","-17.0985","-0.0080"
"34.2800","-17.1077","-0.0080"
"34.3000","-17.1170","-0.0080"
"34.3200","-17.1269","-0.0080"
"34.3400","-17.1376","-0.0080"
"34.3600","-17.1483","-0.0080"
"34.3800","-17.1581","-0.0080"
"34.4000","-17.1672","-0.0080"
"34.4200","-17.1766","-0.0080"
"34.4400","-17.1870","-0.0080"
"34.4600","-17.1982","-0.0080"
"34.4800","-17.2087","-0.0080"
"34.5000","-17.2183","-0.0080"
"34.5200","-17.2276","-0.0080"
"34.5400","-17.2377","-0.0080"
"34.5600","-17.2485","-0.0080"
"34.5800","-17.2586","-0.0080"
"34.6000","-17.2677","-0.0080"
"34.6200","-17.2767","-0.0080"
"34.6400","-17.2863","-0.0080"
"34.6600","-17.2970","-0.0080"
"34.6800","-17.3079","-0.0080"
"34.7000","-17.3178","-0.0080"
"34.7200","-17.3273","-0.0080"
"34.7400","-17.3370","-0.0079"
"34.7600","-17.3473","-0.0079"
"34.7800","-17.3581","-0.0078"
"34.8000","-17.3684","-0.0078"
"34.8200","-17.3780","-0.0078"
"34.8400","-17.3874","-0.0078"
"34.8600","-17.3971","-0.0078"
"34.8800","-17.4078","-0.0078"
"34.9000","-17.4186","-0.0078"
"34.9200","-17.4284","-0.0078"
"34.9400","-17.4375","-0.0078"
"34.9600","-17.4469","-0.0078"
"34.9800","-17.4571","-0.0078"
"35.0000","-17.4679","-0.0078"
"35.0200","-17.4778","-0.0078"
"35.0400","-17.4869","-0.0078"
"35.0600","-17.4964","-0.0078"
"35.0800","-17.5067","-0.0078"
"35.1000","-17.5177","-0.0078"
"35.1200","-17.5283","-0.0078"
"35.1400","-17.5379","-0.0078"
"35.1600","-17.5474","-0.0078"
"35.1800","-17.5573","-0.0078"
"35.2000","-17.5678","-0.0078"
"35.2200","-17.5785","-0.0078"
"35.2400","-17.5884","-0.0078"
"35.2600","-17.5976","-0.0078"
"35.2800","-17.6069","-0.0078"
"35.3000","-17.6169","-0.0078"
"35.3200","-17.6278","-0.0078"
"35.3400","-17.6383","-0.0078"
"35.3600","-17.6477","-0.0078"
"35.3800","-17.6569","-0.0078"
"35.4000","-17.6668","-0.0077"
"35.4200","-17.6777","-0.0077"
"35.4400","-17.6885","-0.0077"
"35.4600","-17.6981","-0.0077"
"35.4800","-17.7075","-0.0077"
"35.5000","-17.7173","-0.0077"
"35.5200","-17.7280","-0.0077"
"35.5400","-17.7389","-0.0077"
"35.5600","-17.7488","-0.0077"
"35.5800","-17.7579","-0.0077"
"35.6000","-17.7672","-0.0076"
"35.6200","-17.7768","-0.0076"
"35.6400","-17.7873","-0.0075"
"35.6600","-17.7977","-0.0075"
"35.6800","-17.8075","-0.0075"
"35.7000","-17.8169","-0.0075"
"35.7200","-17.8268","-0.0076"
"35.7400","-17.8377","-0.0076"
"35.7600","-17.8487","-0.0075"
"35.7800","-17.8587","-0.0076"
"35.8000","-17.8678","-0.0075"
"35.8200","-17.8772","-0.0075"
"35.8400","-17.8875","-0.0075"
"35.8600","-17.8984","-0.0075"
"35.8800","-17.9085","-0.0075"
"35.9000","-17.9177","-0.0075"
"35.9200","-17.9270","-0.0075"
"35.9400","-17.9370","-0.0075"
"35.9600","-17.9478","-0.0075"
"35.9800","-17.9581","-0.0074"
"36.0000","-17.9676","-0.0073"
"36.0200","-17.9769","-0.0072"
"36.0400","-17.9865","-0.0072"
"36.0600","-17.9970","-0.0072"
"36.0800","-18.0081","-0.0072"
"36.1000","-18.0184","-0.0073"
"36.1200","-18.0281","-0.0073"
"36.1400","-18.0377","-0.0073"
"36.1600","-18.0477","-0.0073"
"36.1800","-18.0585","-0.0073"
"36.2000","-18.0688","-0.0073"
"36.2200","-18.0782","-0.0073"
"36.2400","-18.0874","-0.0072"
"36.2600","-18.0970","-0.0072"
"36.2800","-18.1075","-0.0072"
"36.3000","-18.1182","-0.0072"
"36.3200","-18.1279","-0.0072"
"36.3400","-18.1371","-0.0072"
"36.3600","-18.1467","-0.0072"
"36.3800","-18.1572","-0.0072"
"36.4000","-18.1681","-0.0072"
"36.4200","-18.1784","-0.0072"
"36.4400","-18.1879","-0.0072"
"36.4600","-18.1975","-0.0072"
"36.4800","-18.2074","-0.0072"
"36.5000","-18.2180","-0.0072"
"36.5200","-18.2286","-0.0072"
"36.5400","-18.2383","-0.0072"
"36.5600","-18.2475","-0.0072"
"36.5800","-18.2569","-0.0072"
"36.6000","-18.2671","-0.0072"
"36.6200","-18.2779","-0.0072"
"36.6400","-18.2879","-0.0072"
"36.6600","-18.2972","-0.0072"
"36.6800","-18.3065","-0.0071"
"36.7000","-18.3169","-0.0071"
"36.7200","-18.3281","-0.0071"
"36.7400","-18.3388","-0.0071"
"36.7600","-18.3484","-0.0071"
"36.7800","-18.3577","-0.0071"
"36.8000","-18.3676","-0.0070"
"36.8200","-18.3784","-0.0070"
"36.8400","-18.3889","-0.0070"
"36.8600","-18.3983","-0.0069"
"36.8800","-18.4074","-0.0068"
"36.9000","-18.4169","-0.0068"
"36.9200","-18.4271","-0.0068"
"36.9400","-18.4379","-0.0068"
"36.9600","-18.4481","-0.0067"
"36.9800","-18.4575","-0.0067"
"37.0000","-18.4669","-0.0065"
"37.0200","-18.4769","-0.0063"
"37.0400","-18.4878","-0.0060"
"37.0600","-18.4986","-0.0059"
"37.0800","-18.5083","-0.0059"
"37.1000","-18.5176","-0.0059"
"37.1200","-18.5275","-0.0059"
"37.1400","-18.5383","-0.0059"
"37.1600","-18.5490","-0.0059"
"37.1800","-18.5586","-0.0059"
"37.2000","-18.5674","-0.0059"
"37.2200","-18.5766","-0.0059"
"37.2400","-18.5868","-0.0059"
"37.2600","-18.5975","-0.0060"
"37.2800","-18.6077","-0.0059"
"37.3000","-18.6174","-0.0059"
"37.3200","-18.6271","-0.0059"
"37.3400","-18.6373","-0.0059"
"37.3600","-18.6481","-0.0059"
"37.3800","-18.6587","-0.0060"
"37.4000","-18.6683","-0.0060"
"37.4200","-18.6776","-0.0060"
"37.4400","-18.6872","-0.0060"
"37.4600","-18.6976","-0.0060"
"37.4800","-18.7085","-0.0060"
"37.5000","-18.7187","-0.0060"
"37.5200","-18.7280","-0.0060"
"37.5400","-18.7373","-0.0060"
"37.5600","-18.7472","-0.0060"
"37.5800","-18.7580","-0.0060"
"37.6000","-18.7683","-0.0060"
"37.6200","-18.7776","-0.0060"
"37.6400","-18.7867","-0.0060"
"37.6600","-18.7965","-0.0060"
"37.6800","-18.8073","-0.0060"
"37.7000","-18.8184","-0.0060"
"37.7200","-18.8285","-0.0060"
"37.7400","-18.8380","-0.0060"
"37.7600","-18.8475","-0.0060"
"37.7800","-18.8577","-0.0060"
"37.8000","-18.8684","-0.0060"
"37.8200","-18.8785","-0.0060"
"37.8400","-18.8878","-0.0060"
"37.8600","-18.8968","-0.0060"
"37.8800","-18.9064","-0.0060"
"37.9000","-18.9172","-0.0060"
"37.9200","-18.9280","-0.0060"
"37.9400","-18.9379","-0.0061"
"37.9600","-18.9472","-0.0061"
"37.9800","-18.9568","-0.0061"
"38.0000","-18.9672","-0.0061"
"38.0200","-18.9782","-0.0061"
"38.0400","-18.9882","-0.0061"
"38.0600","-18.9975","-0.0061"
"38.0800","-19.0070","-0.0061"
"38.1000","-19.0174","-0.0061"
"38.1200","-19.0283","-0.0061"
"38.1400","-19.0386","-0.0061"
"38.1600","-19.0480","-0.0061"
"38.1800","-19.0571","-0.0061"
"38.2000","-19.0667","-0.0061"
"38.2200","-19.0771","-0.0061"
"38.2400","-19.0877","-0.0061"
"38.2600","-19.0977","-0.0061"
"38.2800","-19.1071","-0.0061"
"38.3000","-19.1166","-0.0061"
"38.3200","-19.1270","-0.0061"
"38.3400","-19.1382","-0.0061"
"38.3600","-19.1488","-0.0061"
"38.3800","-19.1582","-0.0061"
"38.4000","-19.1674","-0.0061"
"38.4200","-19.1774","-0.0061"
"38.4400","-19.1882","-0.0061"
"38.4600","-19.1988","-0.0061"
"38.4800","-19.2082","-0.0061"
"38.5000","-19.2172","-0.0061"
"38.5200","-19.2267","-0.0062"
"38.5400","-19.2372","-0.0062"
"38.5600","-19.2479","-0.0062"
"38.5800","-19.2579","-0.0062"
"38.6000","-19.2672","-0.0062"
"38.6200","-19.2768","-0.0062"
"38.6400","-19.2869","-0.0062"
"38.6600","-19.2978","-0.0062"
"38.6800","-19.3084","-0.0062"
"38.7000","-19.3182","-0.0062"
"38.7200","-19.3276","-0.0062"
"38.7400","-19.3374","-0.0062"
"38.7600","-19.3481","-0.0062"
"38.7800","-19.3588","-0.0062"
"38.8000","-19.3684","-0.0062"
"38.8200","-19.3773","-0.0062"
"38.8400","-19.3866","-0.0062"
"38.8600","-19.3969","-0.0062"
"38.8800","-19.4079","-0.0062"
"38.9000","-19.4182","-0.0062"
"38.9200","-19.4275","-0.0062"
"38.9400","-19.4369","-0.0062"
"38.9600","-19.4471","-0.0062"
"38.9800","-19.4580","-0.0062"
"39.0000","-19.4686","-0.0062"
"39.0200","-19.4782","-0.0062"
"39.0400","-19.4876","-0.0062"
"39.0600","-19.4973","-0.0062"
"39.0800","-19.5077","-0.0062"
"39.1000","-19.5184","-0.0062"
"39.1200","-19.5284","-0.0062"
"39.1400","-19.5377","-0.0062"
"39.1600","-19.5469","-0.0062"
"39.1800","-19.5568","-0.0062"
"39.2000","-19.5676","-0.0062"
"39.2200","-19.5780","-0.0063"
"39.2400","-19.5874","-0.0063"
"39.2600","-19.5967","-0.0063"
"39.2800","-19.6066","-0.0063"
"39.3000","-19.6177","-0.0063"
"39.3200","-19.6288","-0.0063"
"39.3400","-19.6386","-0.0063"
"39.3600","-19.6478","-0.0063"
"39.3800","-19.6573","-0.0063"
"39.4000","-19.6677","-0.0063"
"39.4200","-19.6785","-0.0063"
"39.4400","-19.6885","-0.0063"
"39.4600","-19.6978","-0.0063"
"39.4800","-19.7071","-0.0063"
"39.5000","-19.7169","-0.0063"
"39.5200","-19.7276","-0.0063"
"39.5400","-19.7381","-0.0063"
"39.5600","-19.7478","-0.0063"
"39.5800","-19.7571","-0.0063"
"39.6000","-19.7667","-0.0063"
"39.6200","-19.7772","-0.0062"
"39.6400","-19.7882","-0.0062"
"39.6600","-19.7983","-0.0062"
"39.6800","-19.8076","-0.0062"
"39.7000","-19.8170","-0.0062"
"39.7200","-19.8274","-0.0062"
"39.7400","-19.8385","-0.0062"
"39.7600","-19.8488","-0.0062"
"39.7800","-19.8579","-0.0062"
"39.8000","-19.8669","-0.0062"
"39.8200","-19.8766","-0.0062"
"39.8400","-19.8873","-0.0062"
"39.8600","-19.8981","-0.0062"
"39.8800","-19.9079","-0.0062"
"39.9000","-19.9172","-0.0062"
"39.9200","-19.9268","-0.0062"
"39.9400","-19.9373","-0.0062"
"39.9600","-19.9483","-0.0062"
"39.9800","-19.9586","-0.0062"
"40.0000","-19.9681","-0.0062"
"40.0200","-19.9774","-0.0062"
"40.0400","-19.9873","-0.0063"
"40.0600","-19.9982","-0.0063"
"40.0800","-20.0088","-0.0063"
"40.1000","-20.0184","-0.0063"
"40.1200","-20.0274","-0.0063"
"40.1400","-20.0368","-0.0063"
"40.1600","-20.0473","-0.0063"
"40.1800","-20.0581","-0.0063"
"40.2000","-20.0679","-0.0063"
"40.2200","-20.0770","-0.0063"
"40.2400","-20.0866","-0.0063"
"40.2600","-20.0970","-0.0063"
"40.2800","-20.1080","-0.0063"
"40.3000","-20.1185","-0.0063"
"40.3200","-20.1280","-0.0063"
"40.3400","-20.1376","-0.0063"
"40.3600","-20.1476","-0.0063"
"40.3800","-20.1582","-0.0063"
"40.4000","-20.1687","-0.0063"
"40.4200","-20.1782","-0.0063"
"40.4400","-20.1873","-0.0063"
"40.4600","-20.1967","-0.0063"
"40.4800","-20.2071","-0.0063"
"40.5000","-20.2181","-0.0063"
"40.5200","-20.2283","-0.0063"
"40.5400","-20.2376","-0.0063"
"40.5600","-20.2468","-0.0063"
"40.5800","-20.2569","-0.0063"
"40.6000","-20.2680","-0.0063"
"40.6200","-20.2787","-0.0063"
"40.6400","-20.2882","-0.0063"
"40.6600","-20.2975","-0.0063"
"40.6800","-20.3073","-0.0064"
"40.7000","-20.3180","-0.0064"
"40.7200","-20.3288","-0.0064"
"40.7400","-20.3386","-0.0064"
"40.7600","-20.3479","-0.0064"
"40.7800","-20.3573","-0.0064"
"40.8000","-20.3672","-0.0064"
"40.8200","-20.3779","-0.0064"
"40.8400","-20.3883","-0.0064"
"40.8600","-20.3978","-0.0064"
"40.8800","-20.4071","-0.0064"
"40.9000","-20.4169","-0.0064"
"40.9200","-20.4278","-0.0064"
"40.9400","-20.4388","-0.0064"
"40.9600","-20.4487","-0.0064"
"40.9800","-20.4580","-0.0064"
"41.0000","-20.4674","-0.0064"
"41.0200","-20.4778","-0.0064"
"41.0400","-20.4886","-0.0064"
"41.0600","-20.4985","-0.0064"
"41.0800","-20.5076","-0.0064"
"41.1000","-20.5169","-0.0064"
"41.1200","-20.5270","-0.0064"
"41.1400","-20.5378","-0.0064"
"41.1600","-20.5480","-0.0064"
"41.1800","-20.5574","-0.0064"
"41.2000","-20.5668","-0.0064"
"41.2200","-20.5766","-0.0064"
"41.2400","-20.5874","-0.0064"
"41.2600","-20.5983","-0.0064"
"41.2800","-20.6084","-0.0065"
"41.3000","-20.6178","-0.0065"
"41.3200","-20.6274","-0.0065"
"41.3400","-20.6377","-0.0065"
"41.3600","-20.6487","-0.0065"
"41.3800","-20.6589","-0.0065"
"41.4000","-20.6681","-0.0065"
"41.4200","-20.6772","-0.0065"
"41.4400","-20.6870","-0.0065"
"41.4600","-20.6978","-0.0065"
"41.4800","-20.7083","-0.0065"
"41.5000","-20.7178","-0.0065"
"41.5200","-20.7270","-0.0065"
"41.5400","-20.7368","-0.0065"
"41.5600","-20.7475","-0.0065"
"41.5800","-20.7585","-0.0065"
"41.6000","-20.7685","-0.0065"
"41.6200","-20.7779","-0.0065"
"41.6400","-20.7874","-0.0065"
"41.6600","-20.7974","-0.0065"
"41.6800","-20.8081","-0.0065"
"41.7000","-20.8185","-0.0065"
"41.7200","-20.8281","-0.0065"
"41.7400","-20.8373","-0.0065"
"41.7600","-20.8467","-0.0065"
"41.7800","-20.8571","-0.0065"
"41.8000","-20.8678","-0.0065"
"41.8200","-20.8777","-0.0065"
"41.8400","-20.8870","-0.0065"
"41.8600","-20.8966","-0.0065"
"41.8800","-20.9071","-0.0065"
"41.9000","-20.9182","-0.0065"
"41.9200","-20.9286","-0.0065"
"41.9400","-20.9381","-0.0065"
"41.9600","-20.9476","-0.0065"
"41.9800","-20.9577","-0.0066"
"42.0000","-20.9684","-0.0066"
"42.0200","-20.9786","-0.0066"
"42.0400","-20.9880","-0.0066"
"42.0600","-20.9972","-0.0066"
"42.0800","-21.0067","-0.0066"
"42.1000","-21.0170","-0.0066"
"42.1200","-21.0277","-0.0066"
"42.1400","-21.0379","-0.0066"
"42.1600","-21.0473","-0.0066"
"42.1800","-21.0567","-0.0066"
"42.2000","-21.0667","-0.0066"
"42.2200","-21.0777","-0.0066"
"42.2400","-21.0884","-0.0066"
"42.2600","-21.0980","-0.0066"
"42.2800","-21.1074","-0.0066"
"42.3000","-21.1174","-0.0066"
"42.3200","-21.1282","-0.0066"
"42.3400","-21.1388","-0.0066"
"42.3600","-21.1481","-0.0066"
"42.3800","-21.1571","-0.0066"
"42.4000","-21.1664","-0.0066"
"42.4200","-21.1767","-0.0066"
"42.4400","-21.1876","-0.0066"
"42.4600","-21.1978","-0.0066"
"42.4800","-21.2072","-0.0066"
"42.5000","-21.2168","-0.0066"
"42.5200","-21.2269","-0.0066"
"42.5400","-21.2377","-0.0066"
"42.5600","-21.2485","-0.0067"
"42.5800","-21.2584","-0.0067"
"42.6000","-21.2677","-0.0066"
"42.6200","-21.2772","-0.0066"
"42.6400","-21.2876","-0.0067"
"42.6600","-21.2984","-0.0067"
"42.6800","-21.3083","-0.0067"
"42.7000","-21.3175","-0.0067"
"42.7200","-21.3268","-0.0067"
"42.7400","-21.3370","-0.0067"
"42.7600","-21.3479","-0.0067"
"42.7800","-21.3581","-0.0067"
"42.8000","-21.3673","-0.0067"
"42.8200","-21.3766","-0.0067"
"42.8400","-21.3867","-0.0067"
"42.8600","-21.3977","-0.0067"
"42.8800","-21.4087","-0.0067"
"42.9000","-21.4186","-0.0067"
"42.9200","-21.4281","-0.0067"
"42.9400","-21.4377","-0.0067"
"42.9600","-21.4480","-0.0067"
"42.9800","-21.4586","-0.0067"
"43.0000","-21.4685","-0.0067"
"43.0200","-21.4777","-0.0067"
"43.0400","-21.4868","-0.0067"
"43.0600","-21.4967","-0.0067"
"43.0800","-21.5076","-0.0067"
"43.1000","-21.5183","-0.0067"
"43.1200","-21.5279","-0.0067"
"43.1400","-21.5370","-0.0067"
"43.1600","-21.5466","-0.0067"
"43.1800","-21.5573","-0.0067"
"43.2000","-21.5683","-0.0067"
"43.2200","-21.5784","-0.0067"
"43.2400","-21.5878","-0.0067"
"43.2600","-21.5973","-0.0067"
"43.2800","-21.6076","-0.0067"
"43.3000","-21.6185","-0.0067"
"43.3200","-21.6287","-0.0067"
"43.3400","-21.6382","-0.0067"
"43.3600","-21.6474","-0.0067"
"43.3800","-21.6571","-0.0067"
"43.4000","-21.6675","-0.0067"
"43.4200","-21.6780","-0.0067"
"43.4400","-21.6877","-0.0067"
"43.4600","-21.6970","-0.0067"
"43.4800","-21.7066","-0.0067"
"43.5000","-21.7172","-0.0067"
"43.5200","-21.7285","-0.0068"
"43.5400","-21.7389","-0.0068"
"43.5600","-21.7482","-0.0068"
"43.5800","-21.7574","-0.0068"
"43.6000","-21.7675","-0.0068"
"43.6200","-21.7784","-0.0068"
"43.6400","-21.7888","-0.0068"
"43.6600","-21.7980","-0.0068"
"43.6800","-21.8069","-0.0068"
"43.7000","-21.8165","-0.0068"
"43.7200","-21.8272","-0.0068"
"43.7400","-21.8381","-0.0068"
"43.7600","-21.8481","-0.0068"
"43.7800","-21.8574","-0.0068"
"43.8000","-21.8669","-0.0068"
"43.8200","-21.8772","-0.0068"
"43.8400","-21.8881","-0.0068"
"43.8600","-21.8986","-0.0068"
"43.8800","-21.9083","-0.0068"
"43.9000","-21.9177","-0.0068"
"43.9200","-21.9277","-0.0068"
"43.9400","-21.9386","-0.0068"
"43.9600","-21.9491","-0.0068"
"43.9800","-21.9584","-0.0068"
"44.0000","-21.9673","-0.0068"
"44.0200","-21.9765","-0.0068"
"44.0400","-21.9869","-0.0068"
"44.0600","-21.9979","-0.0068"
"44.0800","-22.0081","-0.0068"
"44.1000","-22.0175","-0.0068"
"44.1200","-22.0270","-0.0068"
"44.1400","-22.0373","-0.0068"
"44.1600","-22.0482","-0.0068"
"44.1800","-22.0586","-0.0068"
"44.2000","-22.0681","-0.0068"
"44.2200","-22.0774","-0.0068"
"44.2400","-22.0872","-0.0068"
"44.2600","-22.0977","-0.0068"
"44.2800","-22.1085","-0.0068"
"44.3000","-22.1184","-0.0068"
"44.3200","-22.1278","-0.0068"
"44.3400","-22.1371","-0.0068"
"44.3600","-22.1472","-0.0068"
"44.3800","-22.1579","-0.0068"
"44.4000","-22.1681","-0.0068"
"44.4200","-22.1774","-0.0068"
"44.4400","-22.1867","-0.0068"
"44.4600","-22.1968","-0.0068"
"44.4800","-22.2081","-0.0069"
"44.5000","-22.2191","-0.0069"
"44.5200","-22.2287","-0.0069"
"44.5400","-22.2380","-0.0069"
"44.5600","-22.2476","-0.0069"
"44.5800","-22.2580","-0.0069"
"44.6000","-22.2686","-0.0069"
"44.6200","-22.2784","-0.0069"
"44.6400","-22.2878","-0.0069"
"44.6600","-22.2972","-0.0069"
"44.6800","-22.3071","-0.0069"
"44.7000","-22.3178","-0.0069"
"44.7200","-22.3283","-0.0069"
"44.7400","-22.3380","-0.0069"
"44.7600","-22.3473","-0.0069"
"44.7800","-22.3569","-0.0069"
"44.8000","-22.3674","-0.0069"
"44.8200","-22.3782","-0.0069"
"44.8400","-22.3883","-0.0069"
"44.8600","-22.3977","-0.0069"
"44.8800","-22.4072","-0.0069"
"44.9000","-22.4177","-0.0069"
"44.9200","-22.4287","-0.0069"
"44.9400","-22.4387","-0.0069"
"44.9600","-22.4478","-0.0069"
"44.9800","-22.4569","-0.0069"
"45.0000","-22.4667","-0.0069"
"45.0200","-22.4773","-0.0069"
"45.0400","-22.4877","-0.0069"
"45.0600","-22.4973","-0.0069"
"45.0800","-22.5068","-0.0069"
"45.1000","-22.5167","-0.0069"
"45.1200","-22.5276","-0.0069"
"45.1400","-22.5387","-0.0069"
"45.1600","-22.5488","-0.0069"
"45.1800","-22.5581","-0.0069"
"45.2000","-22.5673","-0.0069"
"45.2200","-22.5773","-0.0069"
"45.2400","-22.5883","-0.0069"
"45.2600","-22.5986","-0.0069"
"45.2800","-22.6080","-0.0069"
"45.3000","-22.6172","-0.0069"
"45.3200","-22.6269","-0.0070"
"45.3400","-22.6376","-0.0070"
"45.3600","-22.6483","-0.0070"
"45.3800","-22.6578","-0.0070"
"45.4000","-22.6668","-0.0069"
"45.4200","-22.6765","-0.0069"
"45.4400","-22.6871","-0.0070"
"45.4600","-22.6982","-0.0069"
"45.4800","-22.7085","-0.0070"
"45.5000","-22.7182","-0.0070"
"45.5200","-22.7279","-0.0070"
"45.5400","-22.7379","-0.0070"
"45.5600","-22.7485","-0.0070"
"45.5800","-22.7587","-0.0070"
"45.6000","-22.7682","-0.0070"
"45.6200","-22.7772","-0.0070"
"45.6400","-22.7866","-0.0070"
"45.6600","-22.7969","-0.0070"
"45.6800","-22.8078","-0.0070"
"45.7000","-22.8178","-0.0070"
"45.7200","-22.8272","-0.0070"
"45.7400","-22.8366","-0.0070"
"45.7600","-22.8469","-0.0070"
"45.7800","-22.8580","-0.0070"
"45.8000","-22.8685","-0.0070"
"45.8200","-22.8779","-0.0070"
"45.8400","-22.8874","-0.0070"
"45.8600","-22.8974","-0.0070"
"45.8800","-22.9082","-0.0070"
"45.9000","-22.9188","-0.0070"
"45.9200","-22.9286","-0.0070"
"45.9400","-22.9379","-0.0070"
"45.9600","-22.9473","-0.0070"
"45.9800","-22.9571","-0.0070"
"46.0000","-22.9674","-0.0070"
"46.0200","-22.9773","-0.0070"
"46.0400","-22.9867","-0.0070"
"46.0600","-22.9962","-0.0070"
"46.0800","-23.0062","-0.0070"
"46.1000","-23.0172","-0.0070"
"46.1200","-23.0282","-0.0070"
"46.1400","-23.0381","-0.0070"
"46.1600","-23.0475","-0.0070"
"46.1800","-23.0571","-0.0070"
"46.2000","-23.0677","-0.0070"
"46.2200","-23.0785","-0.0070"
"46.2400","-23.0882","-0.0070"
"46.2600","-23.0973","-0.0070"
"46.2800","-23.1066","-0.0070"
"46.3000","-23.1168","-0.0070"
"46.3200","-23.1277","-0.0070"
"46.3400","-23.1381","-0.0070"
"46.3600","-23.1477","-0.0070"
"46.3800","-23.1572","-0.0070"
"46.4000","-23.1670","-0.0071"
"46.4200","-23.1777","-0.0070"
"46.4400","-23.1884","-0.0071"
"46.4600","-23.1982","-0.0071"
"46.4800","-23.2077","-0.0071"
"46.5000","-23.2173","-0.0071"
"46.5200","-23.2279","-0.0071"
"46.5400","-23.2389","-0.0071"
"46.5600","-23.2489","-0.0071"
"46.5800","-23.2580","-0.0071"
"46.6000","-23.2670","-0.0071"
"46.6200","-23.2768","-0.0071"
"46.6400","-23.2875","-0.0071"
"46.6600","-23.2980","-0.0071"
"46.6800","-23.3075","-0.0071"
"46.7000","-23.3168","-0.0071"
"46.7200","-23.3266","-0.0071"
"46.7400","-23.3374","-0.0071"
"46.7600","-23.3483","-0.0071"
"46.7800","-23.3582","-0.0071"
"46.8000","-23.3676","-0.0071"
"46.8200","-23.3772","-0.0071"
"46.8400","-23.3875","-0.0071"
"46.8600","-23.3983","-0.0071"
"46.8800","-23.4086","-0.0071"
"46.9000","-23.4180","-0.0071"
"46.9200","-23.4273","-0.0071"
"46.9400","-23.4370","-0.0071"
"46.9600","-23.4476","-0.0071"
"46.9800","-23.4582","-0.0071"
"47.0000","-23.4678","-0.0071"
"47.0200","-23.4769","-0.0071"
"47.0400","-23.4864","-0.0071"
"47.0600","-23.4970","-0.0071"
"47.0800","-23.5081","-0.0071"
"47.1000","-23.5184","-0.0071"
"47.1200","-23.5280","-0.0071"
"47.1400","-23.5377","-0.0071"
"47.1600","-23.5479","-0.0071"
"47.1800","-23.5586","-0.0071"
"47.2000","-23.5685","-0.0071"
"47.2200","-23.5777","-0.0071"
"47.2400","-23.5869","-0.0071"
"47.2600","-23.5965","-0.0071"
"47.2800","-23.6070","-0.0071"
"47.3000","-23.6179","-0.0071"
"47.3200","-23.6279","-0.0071"
"47.3400","-23.6374","-0.0071"
"47.3600","-23.6469","-0.0071"
"47.3800","-23.6571","-0.0071"
"47.4000","-23.6681","-0.0071"
"47.4200","-23.6785","-0.0071"
"47.4400","-23.6879","-0.0071"
"47.4600","-23.6972","-0.0071"
"47.4800","-23.7073","-0.0071"
"47.5000","-23.7182","-0.0071"
"47.5200","-23.7288","-0.0071"
"47.5400","-23.7382","-0.0071"
"47.5600","-23.7473","-0.0071"
"47.5800","-23.7567","-0.0071"
"47.6000","-23.7670","-0.0071"
"47.6200","-23.7776","-0.0071"
"47.6400","-23.7875","-0.0071"
"47.6600","-23.7970","-0.0071"
"47.6800","-23.8067","-0.0071"
"47.7000","-23.8170","-0.0071"
"47.7200","-23.8282","-0.0071"
"47.7400","-23.8388","-0.0072"
"47.7600","-23.8485","-0.0072"
"47.7800","-23.8578","-0.0072"
"47.8000","-23.8675","-0.0072"
"47.8200","-23.8781","-0.0072"
"47.8400","-23.8888","-0.0072"
"47.8600","-23.8984","-0.0072"
"47.8800","-23.9074","-0.0072"
"47.9000","-23.9167","-0.0072"
"47.9200","-23.9269","-0.0072"
"47.9400","-23.9378","-0.0071"
"47.9600","-23.9480","-0.0071"
"47.9800","-23.9572","-0.0071"
"48.0000","-23.9665","-0.0071"
"48.0200","-23.9766","-0.0071"
"48.0400","-23.9875","-0.0071"
"48.0600","-23.9982","-0.0071"
"48.0800","-24.0080","-0.0071"
"48.1000","-24.0175","-0.0071"
"48.1200","-24.0273","-0.0071"
"48.1400","-24.0380","-0.0071"
"48.1600","-24.0487","-0.0071"
"48.1800","-24.0585","-0.0071"
"48.2000","-24.0676","-0.0071"
"48.2200","-24.0767","-0.0071"
"48.2400","-24.0865","-0.0071"
"48.2600","-24.0974","-0.0071"
"48.2800","-24.1080","-0.0071"
"48.3000","-24.1176","-0.0071"
"48.3200","-24.1269","-0.0071"
"48.3400","-24.1370","-0.0071"
"48.3600","-24.1481","-0.0071"
"48.3800","-24.1589","-0.0071"
"48.4000","-24.1685","-0.0071"
"48.4200","-24.1776","-0.0071"
"48.4400","-24.1871","-0.0071"
"48.4600","-24.1976","-0.0072"
"48.4800","-24.2085","-0.0072"
"48.5000","-24.2187","-0.0072"
"48.5200","-24.2282","-0.0072"
"48.5400","-24.2377","-0.0072"
"48.5600","-24.2476","-0.0072"
"48.5800","-24.2578","-0.0072"
"48.6000","-24.2679","-0.0072"
"48.6200","-24.2773","-0.0072"
"48.6400","-24.2867","-0.0072"
"48.6600","-24.2966","-0.0072"
"48.6800","-24.3074","-0.0072"
"48.7000","-24.3186","-0.0072"
"48.7200","-24.3288","-0.0072"
"48.7400","-24.3382","-0.0072"
"48.7600","-24.3476","-0.0072"
"48.7800","-24.3578","-0.0072"
"48.8000","-24.3686","-0.0072"
"48.8200","-24.3786","-0.0072"
"48.8400","-24.3877","-0.0072"
"48.8600","-24.3968","-0.0072"
"48.8800","-24.4065","-0.0072"
"48.9000","-24.4173","-0.0072"
"48.9200","-24.4281","-0.0072"
"48.9400","-24.4380","-0.0072"
"48.9600","-24.4475","-0.0072"
"48.9800","-24.4571","-0.0072"
"49.0000","-24.4673","-0.0072"
"49.0200","-24.4781","-0.0072"
"49.0400","-24.4884","-0.0072"
"49.0600","-24.4980","-0.0072"
"49.0800","-24.5074","-0.0072"
"49.1000","-24.5174","-0.0072"
"49.1200","-24.5283","-0.0072"
"49.1400","-24.5389","-0.0072"
"49.1600","-24.5485","-0.0072"
"49.1800","-24.5576","-0.0072"
"49.2000","-24.5669","-0.0072"
"49.2200","-24.5774","-0.0072"
"49.2400","-24.5881","-0.0072"
"49.2600","-24.5980","-0.0072"
"49.2800","-24.6073","-0.0072"
"49.3000","-24.6169","-0.0072"
"49.3200","-24.6272","-0.0072"
"49.3400","-24.6382","-0.0072"
"49.3600","-24.6485","-0.0072"
"49.3800","-24.6579","-0.0072"
"49.4000","-24.6673","-0.0072"
"49.4200","-24.6773","-0.0072"
"49.4400","-24.6880","-0.0072"
"49.4600","-24.6986","-0.0072"
"49.4800","-24.7083","-0.0072"
"49.5000","-24.7174","-0.0072"
"49.5200","-24.7268","-0.0072"
"49.5400","-24.7370","-0.0072"
"49.5600","-24.7479","-0.0072"
"49.5800","-24.7581","-0.0072"
"49.6000","-24.7674","-0.0072"
"49.6200","-24.7767","-0.0072"
"49.6400","-24.7869","-0.0072"
"49.6600","-24.7981","-0.0072"
"49.6800","-24.8087","-0.0072"
"49.7000","-24.8183","-0.0072"
"49.7200","-24.8277","-0.0072"
"49.7400","-24.8377","-0.0072"
"49.7600","-24.8483","-0.0072"
"49.7800","-24.8586","-0.0072"
"49.8000","-24.8681","-0.0072"
"49.8200","-24.8772","-0.0072"
"49.8400","-24.8867","-0.0072"
"49.8600","-24.8969","-0.0072"
"49.8800","-24.9078","-0.0072"
"49.9000","-24.9180","-0.0072"
"49.9200","-24.9276","-0.0072"
"49.9400","-24.9372","-0.0072"
"49.9600","-24.9471","-0.0072"
"49.9800","-24.9579","-0.0072"
"50.0000","-24.9686","-0.0072"
"50.0200","-24.9783","-0.0072"
"50.0400","-24.9875","-0.0072"
"50.0600","-24.9971","-0.0072"
"50.0800","-25.0076","-0.0072"
"50.1000","-25.0185","-0.0072"
"50.1200","-25.0284","-0.0072"
"50.1400","-25.0376","-0.0072"
"50.1600","-25.0470","-0.0072"
"50.1800","-25.0571","-0.0072"
"50.2000","-25.0677","-0.0072"
"50.2200","-25.0779","-0.0072"
"50.2400","-25.0872","-0.0072"
"50.2600","-25.0965","-0.0072"
"50.2800","-25.1064","-0.0072"
"50.3000","-25.1172","-0.0072"
"50.3200","-25.1282","-0.0072"
"50.3400","-25.1384","-0.0072"
"50.3600","-25.1480","-0.0072"
"50.3800","-25.1573","-0.0072"
"50.4000","-25.1674","-0.0072"
"50.4200","-25.1782","-0.0072"
"50.4400","-25.1884","-0.0072"
"50.4600","-25.1977","-0.0072"
"50.4800","-25.2069","-0.0072"
"50.5000","-25.2168","-0.0072"
"50.5200","-25.2277","-0.0072"
"50.5400","-25.2383","-0.0072"
"50.5600","-25.2478","-0.0072"
"50.5800","-25.2570","-0.0072"
"50.6000","-25.2667","-0.0072"
"50.6200","-25.2773","-0.0072"
"50.6400","-25.2882","-0.0072"
"50.6600","-25.2982","-0.0072"
"50.6800","-25.3077","-0.0072"
"50.7000","-25.3174","-0.0072"
"50.7200","-25.3277","-0.0072"
"50.7400","-25.3385","-0.0072"
"50.7600","-25.3488","-0.0072"
"50.7800","-25.3581","-0.0072"
"50.8000","-25.3671","-0.0072"
"50.8200","-25.3765","-0.0072"
"50.8400","-25.3869","-0.0072"
"50.8600","-25.3977","-0.0072"
"50.8800","-25.4077","-0.0072"
"50.9000","-25.4170","-0.0072"
"50.9200","-25.4266","-0.0072"
"50.9400","-25.4373","-0.0072"
"50.9600","-25.4485","-0.0072"
"50.9800","-25.4587","-0.0072"
"51.0000","-25.4679","-0.0072"
"51.0200","-25.4773","-0.0072"
"51.0400","-25.4875","-0.0072"
"51.0600","-25.4985","-0.0072"
"51.0800","-25.5089","-0.0072"
"51.1000","-25.5184","-0.0072"
"51.1200","-25.5276","-0.0072"
"51.1400","-25.5372","-0.0072"
"51.1600","-25.5475","-0.0072"
"51.1800","-25.5581","-0.0072"
"51.2000","-25.5678","-0.0072"
"51.2200","-25.5770","-0.0072"
"51.2400","-25.5864","-0.0072"
"51.2600","-25.5967","-0.0072"
"51.2800","-25.6080","-0.0072"
"51.3000","-25.6188","-0.0072"
"51.3200","-25.6285","-0.0072"
"51.3400","-25.6378","-0.0072"
"51.3600","-25.6478","-0.0072"
"51.3800","-25.6585","-0.0072"
"51.4000","-25.6690","-0.0072"
"51.4200","-25.6783","-0.0072"
"51.4400","-25.6873","-0.0072"
"51.4600","-25.6967","-0.0072"
"51.4800","-25.7071","-0.0072"
"51.5000","-25.7181","-0.0072"
"51.5200","-25.7282","-0.0072"
"51.5400","-25.7376","-0.0072"
"51.5600","-25.7470","-0.0072"
"51.5800","-25.7570","-0.0072"
"51.6000","-25.7679","-0.0072"
"51.6200","-25.7785","-0.0072"
"51.6400","-25.7882","-0.0072"
"51.6600","-25.7975","-0.0072"
"51.6800","-25.8072","-0.0072"
"51.7000","-25.8179","-0.0072"
"51.7200","-25.8288","-0.0072"
"51.7400","-25.8388","-0.0072"
"51.7600","-25.8479","-0.0072"
"51.7800","-25.8569","-0.0072"
"51.8000","-25.8668","-0.0072"
"51.8200","-25.8774","-0.0072"
"51.8400","-25.8877","-0.0072"
"51.8600","-25.8971","-0.0072"
"51.8800","-25.9067","-0.0072"
"51.9000","-25.9170","-0.0072"
"51.9200","-25.9280","-0.0072"
"51.9400","-25.9388","-0.0072"
"51.9600","-25.9486","-0.0072"
"51.9800","-25.9580","-0.0072"
"52.0000","-25.9675","-0.0072"
"52.0200","-25.9778","-0.0072"
"52.0400","-25.9884","-0.0072"
"52.0600","-25.9985","-0.0072"
"52.0800","-26.0077","-0.0072"
"52.1000","-26.0169","-0.0072"
"52.1200","-26.0269","-0.0072"
"52.1400","-26.0378","-0.0072"
"52.1600","-26.0483","-0.0072"
"52.1800","-26.0577","-0.0072"
"52.2000","-26.0668","-0.0071"
"52.2200","-26.0764","-0.0071"
"52.2400","-26.0873","-0.0071"
"52.2600","-26.0985","-0.0071"
"52.2800","-26.1086","-0.0071"
"52.3000","-26.1180","-0.0071"
"52.3200","-26.1276","-0.0071"
"52.3400","-26.1381","-0.0071"
"52.3600","-26.1490","-0.0071"
"52.3800","-26.1589","-0.0071"
"52.4000","-26.1679","-0.0071"
"52.4200","-26.1770","-0.0071"
"52.4400","-26.1866","-0.0071"
"52.4600","-26.1972","-0.0071"
"52.4800","-26.2080","-0.0071"
"52.5000","-26.2180","-0.0071"
"52.5200","-26.2274","-0.0070"
"52.5400","-26.2370","-0.0069"
"52.5600","-26.2474","-0.0069"
"52.5800","-26.2583","-0.0069"
"52.6000","-26.2685","-0.0069"
"52.6200","-26.2778","-0.0069"
"52.6400","-26.2871","-0.0069"
"52.6600","-26.2972","-0.0069"
"52.6800","-26.3081","-0.0069"
"52.7000","-26.3186","-0.0069"
"52.7200","-26.3281","-0.0069"
"52.7400","-26.3373","-0.0069"
"52.7600","-26.3470","-0.0069"
"52.7800","-26.3574","-0.0069"
"52.8000","-26.3678","-0.0069"
"52.8200","-26.3775","-0.0069"
"52.8400","-26.3869","-0.0069"
"52.8600","-26.3966","-0.0069"
"52.8800","-26.4071","-0.0069"
"52.9000","-26.4183","-0.0069"
"52.9200","-26.4288","-0.0069"
"52.9400","-26.4385","-0.0069"
"52.9600","-26.4479","-0.0069"
"52.9800","-26.4577","-0.0069"
"53.0000","-26.4684","-0.0069"
"53.0200","-26.4788","-0.0069"
"53.0400","-26.4883","-0.0069"
"53.0600","-26.4974","-0.0069"
"53.0800","-26.5068","-0.0069"
"53.1000","-26.5172","-0.0069"
"53.1200","-26.5281","-0.0069"
"53.1400","-26.5382","-0.0069"
"53.1600","-26.5475","-0.0069"
"53.1800","-26.5569","-0.0069"
"53.2000","-26.5670","-0.0069"
"53.2200","-26.5779","-0.0069"
"53.2400","-26.5884","-0.0069"
"53.2600","-26.5982","-0.0069"
"53.2800","-26.6077","-0.0069"
"53.3000","-26.6174","-0.0069"
"53.3200","-26.6279","-0.0069"
"53.3400","-26.6384","-0.0069"
"53.3600","-26.6481","-0.0069"
"53.3800","-26.6573","-0.0069"
"53.4000","-26.6666","-0.0069"
"53.4200","-26.6766","-0.0069"
"53.4400","-26.6875","-0.0068"
"53.4600","-26.6979","-0.0068"
"53.4800","-26.7075","-0.0068"
"53.5000","-26.7170","-0.0068"
"53.5200","-26.7270","-0.0068"
"53.5400","-26.7380","-0.0068"
"53.5600","-26.7487","-0.0068"
"53.5800","-26.7582","-0.0068"
"53.6000","-26.7674","-0.0068"
"53.6200","-26.7772","-0.0067"
"53.6400","-26.7879","-0.0067"
"53.6600","-26.7987","-0.0067"
"53.6800","-26.8085","-0.0067"
"53.7000","-26.8177","-0.0067"
"53.7200","-26.8270","-0.0066"
"53.7400","-26.8370","-0.0066"
"53.7600","-26.8477","-0.0066"
"53.7800","-26.8581","-0.0066"
"53.8000","-26.8676","-0.0065"
"53.8200","-26.8770","-0.0065"
"53.8400","-26.8868","-0.0064"
"53.8600","-26.8976","-0.0064"
"53.8800","-26.9085","-0.0063"
"53.9000","-26.9185","-0.0062"
"53.9200","-26.9279","-0.0060"
"53.9400","-26.9376","-0.0058"
"53.9600","-26.9481","-0.0057"
"53.9800","-26.9588","-0.0056"
"54.0000","-26.9685","-0.0056"
"54.0200","-26.9775","-0.0055"
"54.0400","-26.9867","-0.0055"
"54.0600","-26.9967","-0.0055"
"54.0800","-27.0076","-0.0054"
"54.1000","-27.0182","-0.0054"
"54.1200","-27.0278","-0.0054"
"54.1400","-27.0371","-0.0054"
"54.1600","-27.0468","-0.0054"
"54.1800","-27.0573","-0.0054"
"54.2000","-27.0681","-0.0054"
"54.2200","-27.0783","-0.0054"
"54.2400","-27.0878","-0.0053"
"54.2600","-27.0972","-0.0053"
"54.2800","-27.1073","-0.0053"
"54.3000","-27.1183","-0.0053"
"54.3200","-27.1288","-0.0053"
"54.3400","-27.1383","-0.0053"
"54.3600","-27.1474","-0.0053"
"54.3800","-27.1569","-0.0053"
"54.4000","-27.1674","-0.0053"
"54.4200","-27.1780","-0.0053"
"54.4400","-27.1877","-0.0052"
"54.4600","-27.1969","-0.0052"
"54.4800","-27.2066","-0.0052"
"54.5000","-27.2173","-0.0052"
"54.5200","-27.2283","-0.0052"
"54.5400","-27.2386","-0.0053"
"54.5600","-27.2482","-0.0052"
"54.5800","-27.2576","-0.0052"
"54.6000","-27.2675","-0.0053"
"54.6200","-27.2780","-0.0053"
"54.6400","-27.2883","-0.0052"
"54.6600","-27.2979","-0.0052"
"54.6800","-27.3071","-0.0052"
"54.7000","-27.3166","-0.0052"
"54.7200","-27.3272","-0.0052"
"54.7400","-27.3381","-0.0052"
"54.7600","-27.3481","-0.0053"
"54.7800","-27.3572","-0.0052"
"54.8000","-27.3664","-0.0052"
"54.8200","-27.3766","-0.0053"
"54.8400","-27.3877","-0.0053"
"54.8600","-27.3983","-0.0053"
"54.8800","-27.4079","-0.0053"
"54.9000","-27.4175","-0.0053"
"54.9200","-27.4276","-0.0053"
"54.9400","-27.4385","-0.0053"
"54.9600","-27.4489","-0.0053"
"54.9800","-27.4583","-0.0053"
"55.0000","-27.4674","-0.0053"
"55.0200","-27.4768","-0.0053"
"55.0400","-27.4870","-0.0053"
"55.0600","-27.4978","-0.0053"
"55.0800","-27.5080","-0.0053"
"55.1000","-27.5175","-0.0053"
"55.1200","-27.5270","-0.0053"
"55.1400","-27.5371","-0.0053"
"55.1600","-27.5480","-0.0053"
"55.1800","-27.5587","-0.0053"
"55.2000","-27.5683","-0.0053"
"55.2200","-27.5776","-0.0053"
"55.2400","-27.5872","-0.0053"
"55.2600","-27.5978","-0.0053"
"55.2800","-27.6085","-0.0053"
"55.3000","-27.6182","-0.0053"
"55.3200","-27.6274","-0.0053"
"55.3400","-27.6368","-0.0053"
"55.3600","-27.6471","-0.0053"
"55.3800","-27.6578","-0.0053"
"55.4000","-27.6679","-0.0053"
"55.4200","-27.6773","-0.0053"
"55.4400","-27.6867","-0.0053"
"55.4600","-27.6966","-0.0053"
"55.4800","-27.7074","-0.0053"
"55.5000","-27.7183","-0.0053"
"55.5200","-27.7283","-0.0053"
"55.5400","-27.7378","-0.0053"
"55.5600","-27.7475","-0.0053"
"55.5800","-27.7579","-0.0053"
"55.6000","-27.7687","-0.0053"
"55.6200","-27.7787","-0.0053"
"55.6400","-27.7877","-0.0053"
"55.6600","-27.7968","-0.0053"
"55.6800","-27.8067","-0.0053"
"55.7000","-27.8176","-0.0053"
"55.7200","-27.8281","-0.0053"
"55.7400","-27.8377","-0.0053"
"55.7600","-27.8470","-0.0053"
"55.7800","-27.8569","-0.0053"
"55.8000","-27.8676","-0.0053"
"55.8200","-27.8783","-0.0053"
"55.8400","-27.8881","-0.0053"
"55.8600","-27.8975","-0.0053"
"55.8800","-27.9072","-0.0053"
"55.9000","-27.9176","-0.0053"
"55.9200","-27.9285","-0.0053"
"55.9400","-27.9387","-0.0053"
"55.9600","-27.9480","-0.0054"
"55.9800","-27.9571","-0.0054"
"56.0000","-27.9667","-0.0054"
"56.0200","-27.9774","-0.0054"
"56.0400","-27.9880","-0.0054"
"56.0600","-27.9977","-0.0054"
"56.0800","-28.0069","-0.0054"
"56.1000","-28.0165","-0.0054"
"56.1200","-28.0273","-0.0054"
"56.1400","-28.0386","-0.0054"
"56.1600","-28.0488","-0.0054"
"56.1800","-28.0582","-0.0054"
"56.2000","-28.0677","-0.0054"
"56.2200","-28.0779","-0.0054"
"56.2400","-28.0885","-0.0054"
"56.2600","-28.0985","-0.0054"
"56.2800","-28.1078","-0.0054"
"56.3000","-28.1171","-0.0054"
"56.3200","-28.1270","-0.0054"
"56.3400","-28.1376","-0.0054"
"56.3600","-28.1483","-0.0054"
"56.3800","-28.1579","-0.0054"
"56.4000","-28.1670","-0.0054"
"56.4200","-28.1764","-0.0054"
"56.4400","-28.1868","-0.0054"
"56.4600","-28.1980","-0.0054"
"56.4800","-28.2086","-0.0054"
"56.5000","-28.2183","-0.0054"
"56.5200","-28.2278","-0.0054"
"56.5400","-28.2379","-0.0054"
"56.5600","-28.2487","-0.0054"
"56.5800","-28.2590","-0.0054"
"56.6000","-28.2682","-0.0054"
"56.6200","-28.2771","-0.0054"
"56.6400","-28.2866","-0.0054"
"56.6600","-28.2972","-0.0054"
"56.6800","-28.3080","-0.0054"
"56.7000","-28.3180","-0.0054"
"56.7200","-28.3275","-0.0054"
"56.7400","-28.3371","-0.0054"
"56.7600","-28.3474","-0.0054"
"56.7800","-28.3583","-0.0054"
"56.8000","-28.3686","-0.0054"
"56.8200","-28.3782","-0.0054"
"56.8400","-28.3875","-0.0054"
"56.8600","-28.3973","-0.0054"
"56.8800","-28.4081","-0.0054"
"56.9000","-28.4189","-0.0054"
"56.9200","-28.4287","-0.0054"
"56.9400","-28.4378","-0.0054"
"56.9600","-28.4472","-0.0054"
"56.9800","-28.4575","-0.0054"
"57.0000","-28.4683","-0.0054"
"57.0200","-28.4782","-0.0054"
"57.0400","-28.4873","-0.0054"
"57.0600","-28.4968","-0.0054"
"57.0800","-28.5071","-0.0055"
"57.1000","-28.5181","-0.0055"
"57.1200","-28.5288","-0.0055"
"57.1400","-28.5384","-0.0055"
"57.1600","-28.5478","-0.0055"
"57.1800","-28.5575","-0.0055"
"57.2000","-28.5679","-0.0055"
"57.2200","-28.5784","-0.0055"
"57.2400","-28.5882","-0.0055"
"57.2600","-28.5974","-0.0055"
"57.2800","-28.6066","-0.0055"
"57.3000","-28.6166","-0.0055"
"57.3200","-28.6275","-0.0055"
"57.3400","-28.6380","-0.0055"
"57.3600","-28.6475","-0.0055"
"57.3800","-28.6567","-0.0055"
"57.4000","-28.6666","-0.0055"
"57.4200","-28.6776","-0.0055"
"57.4400","-28.6885","-0.0055"
"57.4600","-28.6983","-0.0055"
"57.4800","-28.7077","-0.0055"
"57.5000","-28.7174","-0.0055"
"57.5200","-28.7279","-0.0055"
"57.5400","-28.7387","-0.0055"
"57.5600","-28.7486","-0.0055"
"57.5800","-28.7579","-0.0055"
"57.6000","-28.7673","-0.0055"
"57.6200","-28.7771","-0.0055"
"57.6400","-28.7875","-0.0055"
"57.6600","-28.7979","-0.0055"
"57.6800","-28.8075","-0.0055"
"57.7000","-28.8169","-0.0055"
"57.7200","-28.8267","-0.0055"
"57.7400","-28.8374","-0.0055"
"57.7600","-28.8485","-0.0055"
"57.7800","-28.8586","-0.0055"
"57.8000","-28.8679","-0.0055"
"57.8200","-28.8772","-0.0055"
"57.8400","-28.8874","-0.0055"
"57.8600","-28.8982","-0.0055"
"57.8800","-28.9082","-0.0055"
"57.9000","-28.9174","-0.0055"
"57.9200","-28.9266","-0.0055"
"57.9400","-28.9366","-0.0055"
"57.9600","-28.9473","-0.0055"
"57.9800","-28.9579","-0.0055"
"58.0000","-28.9675","-0.0055"
"58.0200","-28.9768","-0.0055"
"58.0400","-28.9865","-0.0055"
"58.0600","-28.9970","-0.0055"
"58.0800","-29.0080","-0.0055"
"58.1000","-29.0183","-0.0055"
"58.1200","-29.0279","-0.0055"
"58.1400","-29.0374","-0.0055"
"58.1600","-29.0475","-0.0055"
"58.1800","-29.0584","-0.0055"
"58.2000","-29.0687","-0.0055"
"58.2200","-29.0779","-0.0055"
"58.2400","-29.0869","-0.0055"
"58.2600","-29.0964","-0.0055"
"58.2800","-29.1071","-0.0055"
"58.3000","-29.1181","-0.0055"
"58.3200","-29.1279","-0.0055"
"58.3400","-29.1373","-0.0055"
"58.3600","-29.1469","-0.0055"
"58.3800","-29.1573","-0.0054"
"58.4000","-29.1681","-0.0054"
"58.4200","-29.1782","-0.0054"
"58.4400","-29.1878","-0.0054"
"58.4600","-29.1973","-0.0055"
"58.4800","-29.2074","-0.0055"
"58.5000","-29.2181","-0.0055"
"58.5200","-29.2286","-0.0055"
"58.5400","-29.2383","-0.0055"
"58.5600","-29.2473","-0.0054"
"58.5800","-29.2565","-0.0054"
"58.6000","-29.2667","-0.0054"
"58.6200","-29.2776","-0.0052"
"58.6400","-29.2879","-0.0048"
"58.6600","-29.2972","-0.0045"
"58.6800","-29.3065","-0.0044"
"58.7000","-29.3168","-0.0044"
"58.7200","-29.3280","-0.0044"
"58.7400","-29.3387","-0.0045"
"58.7600","-29.3482","-0.0045"
"58.7800","-29.3576","-0.0045"
"58.8000","-29.3675","-0.0045"
"58.8200","-29.3782","-0.0045"
"58.8400","-29.3887","-0.0045"
"58.8600","-29.3981","-0.0045"
"58.8800","-29.4073","-0.0045"
"58.9000","-29.4168","-0.0045"
"58.9200","-29.4270","-0.0045"
"58.9400","-29.4378","-0.0045"
"58.9600","-29.4480","-0.0045"
"58.9800","-29.4573","-0.0045"
"59.0000","-29.4666","-0.0045"
"59.0200","-29.4766","-0.0045"
"59.0400","-29.4876","-0.0045"
"59.0600","-29.4985","-0.0045"
"59.0800","-29.5083","-0.0046"
"59.1000","-29.5175","-0.0045"
"59.1200","-29.5271","-0.0046"
"59.1400","-29.5378","-0.0046"
"59.1600","-29.5487","-0.0046"
"59.1800","-29.5585","-0.0046"
"59.2000","-29.5676","-0.0046"
"59.2200","-29.5769","-0.0046"
"59.2400","-29.5870","-0.0046"
"59.2600","-29.5977","-0.0046"
"59.2800","-29.6079","-0.0046"
"59.3000","-29.6174","-0.0046"
"59.3200","-29.6269","-0.0046"
"59.3400","-29.6370","-0.0046"
"59.3600","-29.6479","-0.0046"
"59.3800","-29.6586","-0.0046"
"59.4000","-29.6684","-0.0046"
"59.4200","-29.6777","-0.0046"
"59.4400","-29.6871","-0.0046"
"59.4600","-29.6974","-0.0046"
"59.4800","-29.7084","-0.0046"
"59.5000","-29.7186","-0.0047"
"59.5200","-29.7278","-0.0046"
"59.5400","-29.7370","-0.0047"
"59.5600","-29.7469","-0.0047"
"59.5800","-29.7578","-0.0047"
"59.6000","-29.7682","-0.0047"
"59.6200","-29.7776","-0.0047"
"59.6400","-29.7869","-0.0047"
"59.6600","-29.7968","-0.0047"
"59.6800","-29.8076","-0.0047"
"59.7000","-29.8186","-0.0047"
"59.7200","-29.8287","-0.0047"
"59.7400","-29.8381","-0.0047"
"59.7600","-29.8476","-0.0047"
"59.7800","-29.8578","-0.0047"
"59.8000","-29.8684","-0.0047"
"59.8200","-29.8786","-0.0047"
"59.8400","-29.8879","-0.0047"
"59.8600","-29.8970","-0.0047"
"59.8800","-29.9066","-0.0047"
"59.9000","-29.9172","-0.0047"
"59.9200","-29.9280","-0.0047"
"59.9400","-29.9380","-0.0047"
"59.9600","-29.9473","-0.0047"
"59.9800","-29.9568","-0.0047"
"60.0000","-29.9673","-0.0048"
"60.0200","-29.9783","-0.0048"
"60.0400","-29.9884","-0.0048"
"60.0600","-29.9978","-0.0048"
"60.0800","-30.0072","-0.0048"
"60.1000","-30.0174","-0.0048"
"60.1200","-30.0285","-0.0048"
"60.1400","-30.0389","-0.0048"
"60.1600","-30.0483","-0.0048"
"60.1800","-30.0573","-0.0048"
"60.2000","-30.0668","-0.0048"
"60.2200","-30.0771","-0.0048"
"60.2400","-30.0878","-0.0048"
"60.2600","-30.0979","-0.0048"
"60.2800","-30.1072","-0.0048"
"60.3000","-30.1168","-0.0048"
"60.3200","-30.1271","-0.0048"
"60.3400","-30.1383","-0.0048"
"60.3600","-30.1489","-0.0048"
"60.3800","-30.1584","-0.0048"
"60.4000","-30.1675","-0.0048"
"60.4200","-30.1773","-0.0048"
"60.4400","-30.1880","-0.0048"
"60.4600","-30.1986","-0.0048"
"60.4800","-30.2081","-0.0049"
"60.5000","-30.2172","-0.0049"
"60.5200","-30.2267","-0.0049"
"60.5400","-30.2373","-0.0049"
"60.5600","-30.2481","-0.0049"
"60.5800","-30.2580","-0.0049"
"60.6000","-30.2673","-0.0049"
"60.6200","-30.2768","-0.0049"
"60.6400","-30.2869","-0.0049"
"60.6600","-30.2979","-0.0049"
"60.6800","-30.3086","-0.0049"
"60.7000","-30.3185","-0.0049"
"60.7200","-30.3280","-0.0049"
"60.7400","-30.3376","-0.0049"
"60.7600","-30.3481","-0.0049"
"60.7800","-30.3588","-0.0049"
"60.8000","-30.3686","-0.0049"
"60.8200","-30.3776","-0.0049"
"60.8400","-30.3867","-0.0049"
"60.8600","-30.3967","-0.0049"
"60.8800","-30.4076","-0.0049"
"60.9000","-30.4179","-0.0049"
"60.9200","-30.4273","-0.0049"
"60.9400","-30.4367","-0.0049"
"60.9600","-30.4468","-0.0049"
"60.9800","-30.4579","-0.0049"
"61.0000","-30.4687","-0.0049"
"61.0200","-30.4783","-0.0049"
"61.0400","-30.4877","-0.0049"
"61.0600","-30.4974","-0.0049"
"61.0800","-30.5078","-0.0049"
"61.1000","-30.5185","-0.0049"
"61.1200","-30.5285","-0.0049"
"61.1400","-30.5379","-0.0049"
"61.1600","-30.5470","-0.0049"
"61.1800","-30.5567","-0.0050"
"61.2000","-30.5673","-0.0050"
"61.2200","-30.5778","-0.0050"
"61.2400","-30.5875","-0.0050"
"61.2600","-30.5969","-0.0050"
"61.2800","-30.6068","-0.0050"
"61.3000","-30.6178","-0.0050"
"61.3200","-30.6289","-0.0050"
"61.3400","-30.6388","-0.0050"
"61.3600","-30.6481","-0.0050"
"61.3800","-30.6576","-0.0050"
"61.4000","-30.6679","-0.0050"
"61.4200","-30.6786","-0.0050"
"61.4400","-30.6884","-0.0050"
"61.4600","-30.6977","-0.0050"
"61.4800","-30.7071","-0.0050"
"61.5000","-30.7170","-0.0050"
"61.5200","-30.7277","-0.0050"
"61.5400","-30.7382","-0.0050"
"61.5600","-30.7479","-0.0050"
"61.5800","-30.7572","-0.0050"
"61.6000","-30.7668","-0.0050"
"61.6200","-30.7773","-0.0050"
"61.6400","-30.7884","-0.0050"
"61.6600","-30.7986","-0.0051"
"61.6800","-30.8080","-0.0051"
"61.7000","-30.8173","-0.0051"
"61.7200","-30.8274","-0.0051"
"61.7400","-30.8383","-0.0051"
"61.7600","-30.8485","-0.0051"
"61.7800","-30.8578","-0.0051"
"61.8000","-30.8668","-0.0051"
"61.8200","-30.8766","-0.0051"
"61.8400","-30.8873","-0.0051"
"61.8600","-30.8979","-0.0051"
"61.8800","-30.9076","-0.0051"
"61.9000","-30.9169","-0.0051"
"61.9200","-30.9267","-0.0051"
"61.9400","-30.9373","-0.0051"
"61.9600","-30.9483","-0.0051"
"61.9800","-30.9586","-0.0051"
"62.0000","-30.9680","-0.0051"
"62.0200","-30.9773","-0.0051"
"62.0400","-30.9872","-0.0051"
"62.0600","-30.9981","-0.0051"
"62.0800","-31.0088","-0.0051"
"62.1000","-31.0184","-0.0051"
"62.1200","-31.0274","-0.0051"
"62.1400","-31.0368","-0.0051"
"62.1600","-31.0473","-0.0051"
"62.1800","-31.0580","-0.0051"
"62.2000","-31.0677","-0.0051"
"62.2200","-31.0768","-0.0051"
"62.2400","-31.0861","-0.0051"
"62.2600","-31.0965","-0.0052"
"62.2800","-31.1078","-0.0052"
"62.3000","-31.1184","-0.0052"
"62.3200","-31.1282","-0.0052"
"62.3400","-31.1377","-0.0052"
"62.3600","-31.1476","-0.0052"
"62.3800","-31.1582","-0.0052"
"62.4000","-31.1687","-0.0052"
"62.4200","-31.1782","-0.0052"
"62.4400","-31.1873","-0.0052"
"62.4600","-31.1965","-0.0052"
"62.4800","-31.2067","-0.0052"
"62.5000","-31.2178","-0.0052"
"62.5200","-31.2282","-0.0052"
"62.5400","-31.2377","-0.0052"
"62.5600","-31.2470","-0.0052"
"62.5800","-31.2570","-0.0052"
"62.6000","-31.2680","-0.0052"
"62.6200","-31.2785","-0.0052"
"62.6400","-31.2880","-0.0052"
"62.6600","-31.2974","-0.0052"
"62.6800","-31.3073","-0.0052"
"62.7000","-31.3181","-0.0052"
"62.7200","-31.3287","-0.0053"
"62.7400","-31.3384","-0.0053"
"62.7600","-31.3475","-0.0052"
"62.7800","-31.3567","-0.0053"
"62.8000","-31.3666","-0.0053"
"62.8200","-31.3774","-0.0053"
"62.8400","-31.3879","-0.0053"
"62.8600","-31.3975","-0.0053"
"62.8800","-31.4068","-0.0053"
"62.9000","-31.4167","-0.0053"
"62.9200","-31.4276","-0.0053"
"62.9400","-31.4387","-0.0053"
"62.9600","-31.4486","-0.0053"
"62.9800","-31.4578","-0.0053"
"63.0000","-31.4673","-0.0053"
"63.0200","-31.4777","-0.0053"
"63.0400","-31.4886","-0.0053"
"63.0600","-31.4985","-0.0053"
"63.0800","-31.5075","-0.0053"
"63.1000","-31.5167","-0.0053"
"63.1200","-31.5268","-0.0053"
"63.1400","-31.5377","-0.0053"
"63.1600","-31.5483","-0.0053"
"63.1800","-31.5578","-0.0053"
"63.2000","-31.5671","-0.0053"
"63.2200","-31.5768","-0.0053"
"63.2400","-31.5874","-0.0053"
"63.2600","-31.5982","-0.0053"
"63.2800","-31.6082","-0.0053"
"63.3000","-31.6177","-0.0053"
"63.3200","-31.6272","-0.0053"
"63.3400","-31.6374","-0.0053"
"63.3600","-31.6483","-0.0054"
"63.3800","-31.6585","-0.0054"
"63.4000","-31.6677","-0.0054"
"63.4200","-31.6768","-0.0054"
"63.4400","-31.6866","-0.0054"
"63.4600","-31.6975","-0.0054"
"63.4800","-31.7082","-0.0054"
"63.5000","-31.7178","-0.0054"
"63.5200","-31.7270","-0.0054"
"63.5400","-31.7369","-0.0054"
"63.5600","-31.7476","-0.0054"
"63.5800","-31.7585","-0.0054"
"63.6000","-31.7686","-0.0054"
"63.6200","-31.7780","-0.0054"
"63.6400","-31.7875","-0.0054"
"63.6600","-31.7975","-0.0054"
"63.6800","-31.8081","-0.0054"
"63.7000","-31.8185","-0.0054"
"63.7200","-31.8281","-0.0054"
"63.7400","-31.8372","-0.0054"
"63.7600","-31.8466","-0.0054"
"63.7800","-31.8571","-0.0054"
"63.8000","-31.8679","-0.0054"
"63.8200","-31.8778","-0.0054"
"63.8400","-31.8870","-0.0054"
"63.8600","-31.8965","-0.0054"
"63.8800","-31.9070","-0.0054"
"63.9000","-31.9183","-0.0054"
"63.9200","-31.9288","-0.0054"
"63.9400","-31.9383","-0.0054"
"63.9600","-31.9477","-0.0054"
"63.9800","-31.9575","-0.0054"
"64.0000","-31.9682","-0.0054"
"64.0200","-31.9786","-0.0055"
"64.0400","-31.9882","-0.0055"
"64.0600","-31.9975","-0.0055"
"64.0800","-32.0070","-0.0055"
"64.1000","-32.0172","-0.0055"
"64.1200","-32.0279","-0.0055"
"64.1400","-32.0380","-0.0055"
"64.1600","-32.0474","-0.0055"
"64.1800","-32.0568","-0.0055"
"64.2000","-32.0669","-0.0055"
"64.2200","-32.0780","-0.0055"
"64.2400","-32.0888","-0.0055"
"64.2600","-32.0984","-0.0055"
"64.2800","-32.1077","-0.0055"
"64.3000","-32.1176","-0.0055"
"64.3200","-32.1285","-0.0055"
"64.3400","-32.1393","-0.0055"
"64.3600","-32.1488","-0.0055"
"64.3800","-32.1576","-0.0055"
"64.4000","-32.1668","-0.0055"
"64.4200","-32.1770","-0.0055"
"64.4400","-32.1878","-0.0055"
"64.4600","-32.1980","-0.0055"
"64.4800","-32.2075","-0.0055"
"64.5000","-32.2172","-0.0055"
"64.5200","-32.2275","-0.0055"
"64.5400","-32.2384","-0.0055"
"64.5600","-32.2488","-0.0055"
"64.5800","-32.2584","-0.0055"
"64.6000","-32.2676","-0.0055"
"64.6200","-32.2771","-0.0056"
"64.6400","-32.2876","-0.0056"
"64.6600","-32.2987","-0.0056"
"64.6800","-32.3088","-0.0056"
"64.7000","-32.3180","-0.0056"
"64.7200","-32.3273","-0.0056"
"64.7400","-32.3374","-0.0056"
"64.7600","-32.3483","-0.0056"
"64.7800","-32.3583","-0.0056"
"64.8000","-32.3674","-0.0056"
"64.8200","-32.3765","-0.0056"
"64.8400","-32.3864","-0.0056"
"64.8600","-32.3973","-0.0056"
"64.8800","-32.4084","-0.0056"
"64.9000","-32.4185","-0.0056"
"64.9200","-32.4281","-0.0056"
"64.9400","-32.4377","-0.0056"
"64.9600","-32.4479","-0.0056"
"64.9800","-32.4584","-0.0056"
"65.0000","-32.4683","-0.0056"
"65.0200","-32.4776","-0.0056"
"65.0400","-32.4868","-0.0056"
"65.0600","-32.4965","-0.0056"
"65.0800","-32.5074","-0.0056"
"65.1000","-32.5183","-0.0056"
"65.1200","-32.5282","-0.0056"
"65.1400","-32.5375","-0.0056"
"65.1600","-32.5471","-0.0056"
"65.1800","-32.5575","-0.0056"
"65.2000","-32.5683","-0.0056"
"65.2200","-32.5782","-0.0056"
"65.2400","-32.5876","-0.0056"
"65.2600","-32.5973","-0.0056"
"65.2800","-32.6078","-0.0056"
"65.3000","-32.6187","-0.0056"
"65.3200","-32.6288","-0.0056"
"65.3400","-32.6382","-0.0056"
"65.3600","-32.6475","-0.0056"
"65.3800","-32.6571","-0.0056"
"65.4000","-32.6674","-0.0056"
"65.4200","-32.6779","-0.0056"
"65.4400","-32.6876","-0.0056"
"65.4600","-32.6968","-0.0056"
"65.4800","-32.7063","-0.0056"
"65.5000","-32.7168","-0.0056"
"65.5200","-32.7282","-0.0056"
"65.5400","-32.7388","-0.0057"
"65.5600","-32.7484","-0.0056"
"65.5800","-32.7577","-0.0056"
"65.6000","-32.7676","-0.0057"
"65.6200","-32.7782","-0.0057"
"65.6400","-32.7885","-0.0057"
"65.6600","-32.7977","-0.0057"
"65.6800","-32.8068","-0.0057"
"65.7000","-32.8164","-0.0057"
"65.7200","-32.8271","-0.0057"
"65.7400","-32.8380","-0.0057"
"65.7600","-32.8480","-0.0057"
"65.7800","-32.8573","-0.0057"
"65.8000","-32.8668","-0.0057"
"65.8200","-32.8770","-0.0057"
"65.8400","-32.8880","-0.0057"
"65.8600","-32.8986","-0.0057"
"65.8800","-32.9083","-0.0057"
"65.9000","-32.9178","-0.0057"
"65.9200","-32.9276","-0.0057"
"65.9400","-32.9383","-0.0057"
"65.9600","-32.9488","-0.0057"
"65.9800","-32.9584","-0.0057"
"66.0000","-32.9675","-0.0056"
"66.0200","-32.9767","-0.0056"
"66.0400","-32.9869","-0.0056"
"66.0600","-32.9977","-0.0056"
"66.0800","-33.0077","-0.0056"
"66.1000","-33.0172","-0.0056"
"66.1200","-33.0268","-0.0056"
"66.1400","-33.0371","-0.0056"
"66.1600","-33.0481","-0.0056"
"66.1800","-33.0586","-0.0056"
"66.2000","-33.0682","-0.0056"
"66.2200","-33.0776","-0.0056"
"66.2400","-33.0873","-0.0056"
"66.2600","-33.0978","-0.0056"
"66.2800","-33.1084","-0.0056"
"66.3000","-33.1183","-0.0056"
"66.3200","-33.1276","-0.0056"
"66.3400","-33.1369","-0.0056"
"66.3600","-33.1469","-0.0056"
"66.3800","-33.1576","-0.0056"
"66.4000","-33.1678","-0.0056"
"66.4200","-33.1770","-0.0057"
"66.4400","-33.1862","-0.0056"
"66.4600","-33.1962","-0.0057"
"66.4800","-33.2075","-0.0057"
"66.5000","-33.2185","-0.0057"
"66.5200","-33.2284","-0.0057"
"66.5400","-33.2379","-0.0057"
"66.5600","-33.2476","-0.0057"
"66.5800","-33.2580","-0.0057"
"66.6000","-33.2685","-0.0057"
"66.6200","-33.2782","-0.0057"
"66.6400","-33.2875","-0.0057"
"66.6600","-33.2969","-0.0057"
"66.6800","-33.3069","-0.0057"
"66.7000","-33.3177","-0.0057"
"66.7200","-33.3282","-0.0057"
"66.7400","-33.3379","-0.0057"
"66.7600","-33.3472","-0.0057"
"66.7800","-33.3567","-0.0057"
"66.8000","-33.3673","-0.0057"
"66.8200","-33.3783","-0.0057"
"66.8400","-33.3884","-0.0057"
"66.8600","-33.3978","-0.0057"
"66.8800","-33.4073","-0.0057"
"66.9000","-33.4176","-0.0057"
"66.9200","-33.4285","-0.0057"
"66.9400","-33.4386","-0.0057"
"66.9600","-33.4477","-0.0057"
"66.9800","-33.4566","-0.0057"
"67.0000","-33.4664","-0.0057"
"67.0200","-33.4771","-0.0057"
"67.0400","-33.4877","-0.0057"
"67.0600","-33.4975","-0.0057"
"67.0800","-33.5069","-0.0057"
"67.1000","-33.5167","-0.0057"
"67.1200","-33.5274","-0.0057"
"67.1400","-33.5385","-0.0057"
"67.1600","-33.5488","-0.0057"
"67.1800","-33.5583","-0.0057"
"67.2000","-33.5676","-0.0057"
"67.2200","-33.5775","-0.0057"
"67.2400","-33.5883","-0.0057"
"67.2600","-33.5986","-0.0057"
"67.2800","-33.6079","-0.0057"
"67.3000","-33.6169","-0.0057"
"67.3200","-33.6266","-0.0057"
"67.3400","-33.6374","-0.0057"
"67.3600","-33.6483","-0.0057"
"67.3800","-33.6581","-0.0057"
"67.4000","-33.6674","-0.0057"
"67.4200","-33.6770","-0.0057"
"67.4400","-33.6873","-0.0057"
"67.4600","-33.6981","-0.0057"
"67.4800","-33.7082","-0.0057"
"67.5000","-33.7176","-0.0057"
"67.5200","-33.7273","-0.0057"
"67.5400","-33.7375","-0.0057"
"67.5600","-33.7484","-0.0057"
"67.5800","-33.7589","-0.0057"
"67.6000","-33.7684","-0.0057"
"67.6200","-33.7773","-0.0057"
"67.6400","-33.7866","-0.0057"
"67.6600","-33.7969","-0.0057"
"67.6800","-33.8078","-0.0057"
"67.7000","-33.8180","-0.0057"
"67.7200","-33.8274","-0.0057"
"67.7400","-33.8368","-0.0057"
"67.7600","-33.8471","-0.0057"
"67.7800","-33.8582","-0.0057"
"67.8000","-33.8685","-0.0057"
"67.8200","-33.8779","-0.0057"
"67.8400","-33.8874","-0.0057"
"67.8600","-33.8974","-0.0057"
"67.8800","-33.9082","-0.0057"
"67.9000","-33.9188","-0.0057"
"67.9200","-33.9285","-0.0057"
"67.9400","-33.9378","-0.0057"
"67.9600","-33.9471","-0.0057"
"67.9800","-33.9569","-0.0057"
"68.0000","-33.9673","-0.0057"
"68.0200","-33.9774","-0.0057"
"68.0400","-33.9869","-0.0057"
"68.0600","-33.9963","-0.0057"
"68.0800","-34.0065","-0.0057"
"68.1000","-34.0177","-0.0057"
"68.1200","-34.0289","-0.0057"
"68.1400","-34.0387","-0.0057"
"68.1600","-34.0479","-0.0057"
"68.1800","-34.0574","-0.0057"
"68.2000","-34.0679","-0.0057"
"68.2200","-34.0785","-0.0057"
"68.2400","-34.0882","-0.0057"
"68.2600","-34.0973","-0.0057"
"68.2800","-34.1065","-0.0057"
"68.3000","-34.1167","-0.0057"
"68.3200","-34.1277","-0.0057"
"68.3400","-34.1380","-0.0057"
"68.3600","-34.1474","-0.0057"
"68.3800","-34.1568","-0.0056"
"68.4000","-34.1667","-0.0056"
"68.4200","-34.1776","-0.0056"
"68.4400","-34.1885","-0.0056"
"68.4600","-34.1986","-0.0056"
"68.4800","-34.2082","-0.0056"
"68.5000","-34.2177","-0.0056"
"68.5200","-34.2279","-0.0056"
"68.5400","-34.2387","-0.0056"
"68.5600","-34.2486","-0.0056"
"68.5800","-34.2578","-0.0056"
"68.6000","-34.2670","-0.0056"
"68.6200","-34.2769","-0.0056"
"68.6400","-34.2878","-0.0056"
"68.6600","-34.2983","-0.0056"
"68.6800","-34.3077","-0.0056"
"68.7000","-34.3169","-0.0056"
"68.7200","-34.3270","-0.0056"
"68.7400","-34.3379","-0.0056"
"68.7600","-34.3488","-0.0055"
"68.7800","-34.3586","-0.0055"
"68.8000","-34.3679","-0.0055"
"68.8200","-34.3775","-0.0055"
"68.8400","-34.3877","-0.0055"
"68.8600","-34.3984","-0.0055"
"68.8800","-34.4085","-0.0055"
"68.9000","-34.4178","-0.0055"
"68.9200","-34.4270","-0.0055"
"68.9400","-34.4369","-0.0055"
"68.9600","-34.4477","-0.0055"
"68.9800","-34.4585","-0.0054"
"69.0000","-34.4682","-0.0054"
"69.0200","-34.4773","-0.0054"
"69.0400","-34.4867","-0.0054"
"69.0600","-34.4971","-0.0054"
"69.0800","-34.5082","-0.0054"
"69.1000","-34.5185","-0.0053"
"69.1200","-34.5280","-0.0053"
"69.1400","-34.5377","-0.0053"
"69.1600","-34.5480","-0.0053"
"69.1800","-34.5587","-0.0053"
"69.2000","-34.5688","-0.0052"
"69.2200","-34.5781","-0.0052"
"69.2400","-34.5875","-0.0052"
"69.2600","-34.5971","-0.0052"
"69.2800","-34.6074","-0.0051"
"69.3000","-34.6180","-0.0051"
"69.3200","-34.6280","-0.0051"
"69.3400","-34.6373","-0.0050"
"69.3600","-34.6469","-0.0050"
"69.3800","-34.6572","-0.0049"
"69.4000","-34.6682","-0.0048"
"69.4200","-34.6785","-0.0048"
"69.4400","-34.6879","-0.0047"
"69.4600","-34.6973","-0.0046"
"69.4800","-34.7072","-0.0046"
"69.5000","-34.7181","-0.0045"
"69.5200","-34.7288","-0.0044"
"69.5400","-34.7383","-0.0044"
"69.5600","-34.7472","-0.0043"
"69.5800","-34.7567","-0.0042"
"69.6000","-34.7671","-0.0042"
"69.6200","-34.7778","-0.0042"
"69.6400","-34.7877","-0.0041"
"69.6600","-34.7972","-0.0041"
"69.6800","-34.8068","-0.0040"
"69.7000","-34.8171","-0.0040"
"69.7200","-34.8282","-0.0040"
"69.7400","-34.8387","-0.0039"
"69.7600","-34.8484","-0.0039"
"69.7800","-34.8577","-0.0039"
"69.8000","-34.8674","-0.0039"
"69.8200","-34.8781","-0.0038"
"69.8400","-34.8888","-0.0038"
"69.8600","-34.8985","-0.0038"
"69.8800","-34.9076","-0.0038"
"69.9000","-34.9170","-0.0038"
"69.9200","-34.9272","-0.0037"
"69.9400","-34.9381","-0.0037"
"69.9600","-34.9481","-0.0037"
"69.9800","-34.9573","-0.0037"
"70.0000","-34.9665","-0.0037"
"70.0200","-34.9765","-0.0037"
"70.0400","-34.9874","-0.0036"
"70.0600","-34.9982","-0.0036"
"70.0800","-35.0080","-0.0036"
"70.1000","-35.0176","-0.0036"
"70.1200","-35.0274","-0.0036"
"70.1400","-35.0379","-0.0036"
"70.1600","-35.0485","-0.0036"
"70.1800","-35.0583","-0.0036"
"70.2000","-35.0673","-0.0036"
"70.2200","-35.0764","-0.0036"
"70.2400","-35.0862","-0.0036"
"70.2600","-35.0972","-0.0035"
"70.2800","-35.1079","-0.0035"
"70.3000","-35.1175","-0.0035"
"70.3200","-35.1268","-0.0035"
"70.3400","-35.1367","-0.0035"
"70.3600","-35.1476","-0.0035"
"70.3800","-35.1585","-0.0035"
"70.4000","-35.1684","-0.0035"
"70.4200","-35.1777","-0.0035"
"70.4400","-35.1873","-0.0035"
"70.4600","-35.1978","-0.0035"
"70.4800","-35.2086","-0.0035"
"70.5000","-35.2186","-0.0035"
"70.5200","-35.2279","-0.0035"
"70.5400","-35.2372","-0.0034"
"70.5600","-35.2470","-0.0034"
"70.5800","-35.2576","-0.0034"
"70.6000","-35.2680","-0.0034"
"70.6200","-35.2776","-0.0034"
"70.6400","-35.2868","-0.0034"
"70.6600","-35.2965","-0.0034"
"70.6800","-35.3072","-0.0034"
"70.7000","-35.3184","-0.0034"
"70.7200","-35.3286","-0.0034"
"70.7400","-35.3380","-0.0034"
"70.7600","-35.3476","-0.0034"
"70.7800","-35.3578","-0.0034"
"70.8000","-35.3685","-0.0034"
"70.8200","-35.3784","-0.0034"
"70.8400","-35.3875","-0.0034"
"70.8600","-35.3966","-0.0034"
"70.8800","-35.4065","-0.0034"
"70.9000","-35.4173","-0.0034"
"70.9200","-35.4280","-0.0034"
"70.9400","-35.4378","-0.0034"
"70.9600","-35.4473","-0.0034"
"70.9800","-35.4571","-0.0034"
"71.0000","-35.4676","-0.0034"
"71.0200","-35.4785","-0.0034"
"71.0400","-35.4887","-0.0034"
"71.0600","-35.4980","-0.0034"
"71.0800","-35.5072","-0.0034"
"71.1000","-35.5169","-0.0034"
"71.1200","-35.5278","-0.0034"
"71.1400","-35.5386","-0.0034"
"71.1600","-35.5482","-0.0034"
"71.1800","-35.5574","-0.0033"
"71.2000","-35.5668","-0.0034"
"71.2200","-35.5773","-0.0034"
"71.2400","-35.5879","-0.0034"
"71.2600","-35.5976","-0.0034"
"71.2800","-35.6067","-0.0033"
"71.3000","-35.6165","-0.0033"
"71.3200","-35.6272","-0.0033"
"71.3400","-35.6386","-0.0033"
"71.3600","-35.6490","-0.0034"
"71.3800","-35.6585","-0.0034"
"71.4000","-35.6678","-0.0033"
"71.4200","-35.6774","-0.0034"
"71.4400","-35.6880","-0.0034"
"71.4600","-35.6986","-0.0033"
"71.4800","-35.7084","-0.0034"
"71.5000","-35.7175","-0.0033"
"71.5200","-35.7269","-0.0033"
"71.5400","-35.7371","-0.0033"
"71.5600","-35.7480","-0.0033"
"71.5800","-35.7580","-0.0033"
"71.6000","-35.7671","-0.0033"
"71.6200","-35.7763","-0.0033"
"71.6400","-35.7865","-0.0033"
"71.6600","-35.7978","-0.0033"
"71.6800","-35.8086","-0.0033"
"71.7000","-35.8183","-0.0033"
"71.7200","-35.8278","-0.0033"
"71.7400","-35.8378","-0.0033"
"71.7600","-35.8486","-0.0033"
"71.7800","-35.8590","-0.0033"
"71.8000","-35.8684","-0.0033"
"71.8200","-35.8775","-0.0033"
"71.8400","-35.8868","-0.0033"
"71.8600","-35.8968","-0.0033"
"71.8800","-35.9075","-0.0033"
"71.9000","-35.9179","-0.0033"
"71.9200","-35.9275","-0.0033"
"71.9400","-35.9371","-0.0033"
"71.9600","-35.9470","-0.0033"
"71.9800","-35.9579","-0.0033"
"72.0000","-35.9686","-0.0033"
"72.0200","-35.9784","-0.0033"
"72.0400","-35.9876","-0.0033"
"72.0600","-35.9972","-0.0033"
"72.0800","-36.0078","-0.0033"
"72.1000","-36.0186","-0.0033"
"72.1200","-36.0285","-0.0033"
"72.1400","-36.0376","-0.0033"
"72.1600","-36.0468","-0.0033"
"72.1800","-36.0570","-0.0033"
"72.2000","-36.0678","-0.0033"
"72.2200","-36.0781","-0.0033"
"72.2400","-36.0876","-0.0033"
"72.2600","-36.0970","-0.0033"
"72.2800","-36.1069","-0.0033"
"72.3000","-36.1176","-0.0033"
"72.3200","-36.1285","-0.0033"
"72.3400","-36.1386","-0.0033"
"72.3600","-36.1481","-0.0033"
"72.3800","-36.1575","-0.0033"
"72.4000","-36.1676","-0.0033"
"72.4200","-36.1786","-0.0033"
"72.4400","-36.1889","-0.0033"
"72.4600","-36.1981","-0.0033"
"72.4800","-36.2071","-0.0033"
"72.5000","-36.2168","-0.0033"
"72.5200","-36.2276","-0.0033"
"72.5400","-36.2382","-0.0033"
"72.5600","-36.2478","-0.0033"
"72.5800","-36.2570","-0.0033"
"72.6000","-36.2668","-0.0033"
"72.6200","-36.2775","-0.0033"
"72.6400","-36.2883","-0.0033"
"72.6600","-36.2982","-0.0033"
"72.6800","-36.3076","-0.0033"
"72.7000","-36.3173","-0.0033"
"72.7200","-36.3276","-0.0033"
"72.7400","-36.3385","-0.0033"
"72.7600","-36.3489","-0.0033"
"72.7800","-36.3583","-0.0033"
"72.8000","-36.3673","-0.0033"
"72.8200","-36.3767","-0.0033"
"72.8400","-36.3872","-0.0033"
"72.8600","-36.3980","-0.0033"
"72.8800","-36.4079","-0.0033"
"72.9000","-36.4173","-0.0033"
"72.9200","-36.4269","-0.0033"
"72.9400","-36.4374","-0.0033"
"72.9600","-36.4485","-0.0033"
"72.9800","-36.4587","-0.0033"
"73.0000","-36.4679","-0.0033"
"73.0200","-36.4773","-0.0033"
"73.0400","-36.4874","-0.0033"
"73.0600","-36.4983","-0.0033"
"73.0800","-36.5087","-0.0033"
"73.1000","-36.5182","-0.0033"
"73.1200","-36.5275","-0.0033"
"73.1400","-36.5371","-0.0033"
"73.1600","-36.5474","-0.0033"
"73.1800","-36.5579","-0.0033"
"73.2000","-36.5676","-0.0033"
"73.2200","-36.5770","-0.0033"
"73.2400","-36.5865","-0.0033"
"73.2600","-36.5968","-0.0033"
"73.2800","-36.6080","-0.0033"
"73.3000","-36.6187","-0.0033"
"73.3200","-36.6283","-0.0033"
"73.3400","-36.6376","-0.0033"
"73.3600","-36.6474","-0.0033"
"73.3800","-36.6581","-0.0033"
"73.4000","-36.6687","-0.0033"
"73.4200","-36.6781","-0.0033"
"73.4400","-36.6871","-0.0033"
"73.4600","-36.6966","-0.0033"
"73.4800","-36.7070","-0.0033"
"73.5000","-36.7178","-0.0033"
"73.5200","-36.7279","-0.0033"
"73.5400","-36.7373","-0.0033"
"73.5600","-36.7467","-0.0033"
"73.5800","-36.7569","-0.0033"
"73.6000","-36.7679","-0.0033"
"73.6200","-36.7787","-0.0033"
"73.6400","-36.7885","-0.0033"
"73.6600","-36.7979","-0.0033"
"73.6800","-36.8074","-0.0032"
"73.7000","-36.8178","-0.0032"
"73.7200","-36.8287","-0.0032"
"73.7400","-36.8386","-0.0032"
"73.7600","-36.8478","-0.0032"
"73.7800","-36.8570","-0.0032"
"73.8000","-36.8671","-0.0032"
"73.8200","-36.8778","-0.0032"
"73.8400","-36.8881","-0.0032"
"73.8600","-36.8975","-0.0032"
"73.8800","-36.9068","-0.0032"
"73.9000","-36.9169","-0.0032"
"73.9200","-36.9280","-0.0032"
"73.9400","-36.9388","-0.0032"
"73.9600","-36.9485","-0.0032"
"73.9800","-36.9577","-0.0032"
"74.0000","-36.9672","-0.0032"
"74.0200","-36.9775","-0.0032"
"74.0400","-36.9883","-0.0031"
"74.0600","-36.9984","-0.0031"
"74.0800","-37.0077","-0.0031"
"74.1000","-37.0169","-0.0031"
"74.1200","-37.0267","-0.0031"
"74.1400","-37.0376","-0.0031"
"74.1600","-37.0483","-0.0031"
"74.1800","-37.0578","-0.0030"
"74.2000","-37.0669","-0.0030"
"74.2200","-37.0765","-0.0029"
"74.2400","-37.0873","-0.0029"
"74.2600","-37.0985","-0.0025"
"74.2800","-37.1085","-0.0021"
"74.3000","-37.1178","-0.0019"
"74.3200","-37.1274","-0.0019"
"74.3400","-37.1380","-0.0019"
"74.3600","-37.1489","-0.0019"
"74.3800","-37.1590","-0.0019"
"74.4000","-37.1680","-0.0019"
"74.4200","-37.1771","-0.0019"
"74.4400","-37.1867","-0.0019"
"74.4600","-37.1973","-0.0019"
"74.4800","-37.2080","-0.0019"
"74.5000","-37.2179","-0.0019"
"74.5200","-37.2274","-0.0019"
"74.5400","-37.2370","-0.0019"
"74.5600","-37.2474","-0.0019"
"74.5800","-37.2583","-0.0019"
"74.6000","-37.2685","-0.0019"
"74.6200","-37.2778","-0.0019"
"74.6400","-37.2871","-0.0019"
"74.6600","-37.2972","-0.0019"
"74.6800","-37.3081","-0.0019"
"74.7000","-37.3186","-0.0019"
"74.7200","-37.3280","-0.0019"
"74.7400","-37.3372","-0.0019"
"74.7600","-37.3470","-0.0019"
"74.7800","-37.3576","-0.0019"
"74.8000","-37.3681","-0.0019"
"74.8200","-37.3778","-0.0019"
"74.8400","-37.3870","-0.0019"
"74.8600","-37.3966","-0.0019"
"74.8800","-37.4069","-0.0019"
"74.9000","-37.4181","-0.0019"
"74.9200","-37.4288","-0.0019"
"74.9400","-37.4385","-0.0019"
"74.9600","-37.4479","-0.0019"
"74.9800","-37.4577","-0.0019"
"75.0000","-37.4682","-0.0019"
"75.0200","-37.4786","-0.0019"
"75.0400","-37.4881","-0.0019"
"75.0600","-37.4971","-0.0019"
"75.0800","-37.5066","-0.0019"
"75.1000","-37.5172","-0.0019"
"75.1200","-37.5282","-0.0019"
"75.1400","-37.5382","-0.0019"
"75.1600","-37.5474","-0.0019"
"75.1800","-37.5567","-0.0019"
"75.2000","-37.5669","-0.0019"
"75.2200","-37.5779","-0.0019"
"75.2400","-37.5885","-0.0019"
"75.2600","-37.5982","-0.0019"
"75.2800","-37.6078","-0.0019"
"75.3000","-37.6177","-0.0019"
"75.3200","-37.6284","-0.0019"
"75.3400","-37.6389","-0.0019"
"75.3600","-37.6486","-0.0019"
"75.3800","-37.6575","-0.0020"
"75.4000","-37.6666","-0.0020"
"75.4200","-37.6766","-0.0020"
"75.4400","-37.6876","-0.0020"
"75.4600","-37.6979","-0.0020"
"75.4800","-37.7073","-0.0020"
"75.5000","-37.7166","-0.0020"
"75.5200","-37.7268","-0.0020"
"75.5400","-37.7380","-0.0020"
"75.5600","-37.7487","-0.0020"
"75.5800","-37.7582","-0.0020"
"75.6000","-37.7674","-0.0020"
"75.6200","-37.7771","-0.0020"
"75.6400","-37.7877","-0.0020"
"75.6600","-37.7984","-0.0020"
"75.6800","-37.8082","-0.0020"
"75.7000","-37.8176","-0.0020"
"75.7200","-37.8271","-0.0020"
"75.7400","-37.8373","-0.0020"
"75.7600","-37.8481","-0.0020"
"75.7800","-37.8584","-0.0020"
"75.8000","-37.8678","-0.0020"
"75.8200","-37.8769","-0.0020"
"75.8400","-37.8865","-0.0020"
"75.8600","-37.8972","-0.0020"
"75.8800","-37.9083","-0.0020"
"75.9000","-37.9185","-0.0020"
"75.9200","-37.9279","-0.0020"
"75.9400","-37.9376","-0.0020"
"75.9600","-37.9481","-0.0020"
"75.9800","-37.9589","-0.0020"
"76.0000","-37.9687","-0.0020"
"76.0200","-37.9775","-0.0020"
"76.0400","-37.9865","-0.0020"
"76.0600","-37.9963","-0.0020"
"76.0800","-38.0070","-0.0020"
"76.1000","-38.0176","-0.0020"
"76.1200","-38.0274","-0.0020"
"76.1400","-38.0371","-0.0020"
"76.1600","-38.0470","-0.0020"
"76.1800","-38.0577","-0.0020"
"76.2000","-38.0686","-0.0020"
"76.2200","-38.0786","-0.0020"
"76.2400","-38.0880","-0.0020"
"76.2600","-38.0973","-0.0020"
"76.2800","-38.1074","-0.0020"
"76.3000","-38.1184","-0.0020"
"76.3200","-38.1288","-0.0021"
"76.3400","-38.1382","-0.0021"
"76.3600","-38.1472","-0.0020"
"76.3800","-38.1567","-0.0021"
"76.4000","-38.1673","-0.0021"
"76.4200","-38.1780","-0.0021"
"76.4400","-38.1877","-0.0021"
"76.4600","-38.1970","-0.0021"
"76.4800","-38.2068","-0.0021"
"76.5000","-38.2176","-0.0021"
"76.5200","-38.2287","-0.0021"
"76.5400","-38.2388","-0.0021"
"76.5600","-38.2481","-0.0021"
"76.5800","-38.2576","-0.0021"
"76.6000","-38.2676","-0.0021"
"76.6200","-38.2782","-0.0021"
"76.6400","-38.2886","-0.0021"
"76.6600","-38.2982","-0.0021"
"76.6800","-38.3073","-0.0021"
"76.7000","-38.3167","-0.0021"
"76.7200","-38.3272","-0.0021"
"76.7400","-38.3382","-0.0021"
"76.7600","-38.3482","-0.0021"
"76.7800","-38.3574","-0.0021"
"76.8000","-38.3667","-0.0021"
"76.8200","-38.3770","-0.0021"
"76.8400","-38.3882","-0.0021"
"76.8600","-38.3988","-0.0021"
"76.8800","-38.4083","-0.0021"
"76.9000","-38.4178","-0.0021"
"76.9200","-38.4278","-0.0021"
"76.9400","-38.4385","-0.0021"
"76.9600","-38.4488","-0.0021"
"76.9800","-38.4583","-0.0021"
"77.0000","-38.4674","-0.0021"
"77.0200","-38.4768","-0.0021"
"77.0400","-38.4869","-0.0021"
"77.0600","-38.4975","-0.0021"
"77.0800","-38.5076","-0.0021"
"77.1000","-38.5170","-0.0021"
"77.1200","-38.5265","-0.0021"
"77.1400","-38.5366","-0.0021"
"77.1600","-38.5477","-0.0021"
"77.1800","-38.5586","-0.0021"
"77.2000","-38.5683","-0.0021"
"77.2200","-38.5776","-0.0021"
"77.2400","-38.5873","-0.0020"
"77.2600","-38.5981","-0.0020"
"77.2800","-38.6088","-0.0020"
"77.3000","-38.6184","-0.0020"
"77.3200","-38.6275","-0.0020"
"77.3400","-38.6369","-0.0020"
"77.3600","-38.6473","-0.0020"
"77.3800","-38.6581","-0.0020"
"77.4000","-38.6682","-0.0020"
"77.4200","-38.6774","-0.0020"
"77.4400","-38.6866","-0.0020"
"77.4600","-38.6966","-0.0020"
"77.4800","-38.7075","-0.0020"
"77.5000","-38.7183","-0.0020"
"77.5200","-38.7284","-0.0020"
"77.5400","-38.7380","-0.0020"
"77.5600","-38.7476","-0.0020"
"77.5800","-38.7580","-0.0020"
"77.6000","-38.7687","-0.0020"
"77.6200","-38.7785","-0.0020"
"77.6400","-38.7875","-0.0020"
"77.6600","-38.7966","-0.0020"
"77.6800","-38.8067","-0.0020"
"77.7000","-38.8177","-0.0020"
"77.7200","-38.8283","-0.0020"
"77.7400","-38.8377","-0.0020"
"77.7600","-38.8469","-0.0020"
"77.7800","-38.8567","-0.0020"
"77.8000","-38.8674","-0.0020"
"77.8200","-38.8782","-0.0020"
"77.8400","-38.8882","-0.0020"
"77.8600","-38.8977","-0.0020"
"77.8800","-38.9074","-0.0020"
"77.9000","-38.9178","-0.0021"
"77.9200","-38.9286","-0.0021"
"77.9400","-38.9387","-0.0021"
"77.9600","-38.9478","-0.0021"
"77.9800","-38.9567","-0.0021"
"78.0000","-38.9661","-0.0021"
"78.0200","-38.9767","-0.0021"
"78.0400","-38.9875","-0.0021"
"78.0600","-38.9975","-0.0021"
"78.0800","-39.0068","-0.0021"
"78.1000","-39.0164","-0.0021"
"78.1200","-39.0271","-0.0021"
"78.1400","-39.0383","-0.0021"
"78.1600","-39.0484","-0.0021"
"78.1800","-39.0577","-0.0021"
"78.2000","-39.0672","-0.0021"
"78.2200","-39.0775","-0.0021"
"78.2400","-39.0884","-0.0021"
"78.2600","-39.0986","-0.0021"
"78.2800","-39.1078","-0.0021"
"78.3000","-39.1169","-0.0021"
"78.3200","-39.1265","-0.0021"
"78.3400","-39.1371","-0.0021"
"78.3600","-39.1479","-0.0021"
"78.3800","-39.1579","-0.0021"
"78.4000","-39.1672","-0.0021"
"78.4200","-39.1765","-0.0021"
"78.4400","-39.1868","-0.0021"
"78.4600","-39.1979","-0.0021"
"78.4800","-39.2085","-0.0021"
"78.5000","-39.2181","-0.0021"
"78.5200","-39.2276","-0.0021"
"78.5400","-39.2377","-0.0021"
"78.5600","-39.2485","-0.0021"
"78.5800","-39.2588","-0.0021"
"78.6000","-39.2680","-0.0021"
"78.6200","-39.2768","-0.0021"
"78.6400","-39.2861","-0.0021"
"78.6600","-39.2966","-0.0021"
"78.6800","-39.3075","-0.0021"
"78.7000","-39.3176","-0.0021"
"78.7200","-39.3272","-0.0021"
"78.7400","-39.3369","-0.0021"
"78.7600","-39.3473","-0.0021"
"78.7800","-39.3583","-0.0021"
"78.8000","-39.3688","-0.0022"
"78.8200","-39.3783","-0.0022"
"78.8400","-39.3875","-0.0021"
"78.8600","-39.3972","-0.0022"
"78.8800","-39.4080","-0.0022"
"78.9000","-39.4188","-0.0022"
"78.9200","-39.4285","-0.0022"
"78.9400","-39.4376","-0.0022"
"78.9600","-39.4469","-0.0022"
"78.9800","-39.4571","-0.0022"
"79.0000","-39.4679","-0.0022"
"79.0200","-39.4779","-0.0022"
"79.0400","-39.4871","-0.0022"
"79.0600","-39.4966","-0.0022"
"79.0800","-39.5068","-0.0022"
"79.1000","-39.5180","-0.0022"
"79.1200","-39.5288","-0.0022"
"79.1400","-39.5386","-0.0022"
"79.1600","-39.5480","-0.0022"
"79.1800","-39.5576","-0.0022"
"79.2000","-39.5678","-0.0022"
"79.2200","-39.5783","-0.0022"
"79.2400","-39.5882","-0.0022"
"79.2600","-39.5975","-0.0022"
"79.2800","-39.6068","-0.0022"
"79.3000","-39.6167","-0.0022"
"79.3200","-39.6275","-0.0022"
"79.3400","-39.6378","-0.0022"
"79.3600","-39.6473","-0.0022"
"79.3800","-39.6565","-0.0022"
"79.4000","-39.6665","-0.0022"
"79.4200","-39.6775","-0.0022"
"79.4400","-39.6885","-0.0022"
"79.4600","-39.6983","-0.0022"
"79.4800","-39.7076","-0.0022"
"79.5000","-39.7174","-0.0022"
"79.5200","-39.7281","-0.0022"
"79.5400","-39.7389","-0.0022"
"79.5600","-39.7487","-0.0022"
"79.5800","-39.7577","-0.0023"
"79.6000","-39.7669","-0.0023"
"79.6200","-39.7767","-0.0023"
"79.6400","-39.7873","-0.0023"
"79.6600","-39.7979","-0.0023"
"79.6800","-39.8077","-0.0023"
"79.7000","-39.8171","-0.0023"
"79.7200","-39.8269","-0.0023"
"79.7400","-39.8377","-0.0023"
"79.7600","-39.8488","-0.0023"
"79.7800","-39.8589","-0.0023"
"79.8000","-39.8682","-0.0023"
"79.8200","-39.8776","-0.0023"
"79.8400","-39.8878","-0.0023"
"79.8600","-39.8986","-0.0023"
"79.8800","-39.9086","-0.0023"
"79.9000","-39.9176","-0.0023"
"79.9200","-39.9268","-0.0023"
"79.9400","-39.9368","-0.0023"
"79.9600","-39.9476","-0.0023"
"79.9800","-39.9581","-0.0023"
"80.0000","-39.9677","-0.0023"
"80.0200","-39.9771","-0.0023"
"80.0400","-39.9867","-0.0023"
"80.0600","-39.9973","-0.0023"
"80.0800","-40.0083","-0.0023"
"80.1000","-40.0186","-0.0023"
"80.1200","-40.0283","-0.0023"
"80.1400","-40.0378","-0.0023"
"80.1600","-40.0477","-0.0023"
"80.1800","-40.0584","-0.0023"
"80.2000","-40.0686","-0.0023"
"80.2200","-40.0778","-0.0023"
"80.2400","-40.0868","-0.0023"
"80.2600","-40.0965","-0.0023"
"80.2800","-40.1074","-0.0023"
"80.3000","-40.1184","-0.0023"
"80.3200","-40.1281","-0.0023"
"80.3400","-40.1372","-0.0023"
"80.3600","-40.1467","-0.0023"
"80.3800","-40.1571","-0.0023"
"80.4000","-40.1681","-0.0023"
"80.4200","-40.1785","-0.0024"
"80.4400","-40.1880","-0.0024"
"80.4600","-40.1976","-0.0024"
"80.4800","-40.2076","-0.0024"
"80.5000","-40.2182","-0.0024"
"80.5200","-40.2287","-0.0024"
"80.5400","-40.2384","-0.0024"
"80.5600","-40.2476","-0.0024"
"80.5800","-40.2570","-0.0024"
"80.6000","-40.2673","-0.0024"
"80.6200","-40.2781","-0.0024"
"80.6400","-40.2881","-0.0024"
"80.6600","-40.2972","-0.0024"
"80.6800","-40.3065","-0.0024"
"80.7000","-40.3169","-0.0024"
"80.7200","-40.3282","-0.0024"
"80.7400","-40.3387","-0.0024"
"80.7600","-40.3482","-0.0024"
"80.7800","-40.3575","-0.0024"
"80.8000","-40.3673","-0.0023"
"80.8200","-40.3780","-0.0023"
"80.8400","-40.3887","-0.0023"
"80.8600","-40.3984","-0.0023"
"80.8800","-40.4076","-0.0023"
"80.9000","-40.4171","-0.0023"
"80.9200","-40.4273","-0.0023"
"80.9400","-40.4380","-0.0023"
"80.9600","-40.4482","-0.0023"
"80.9800","-40.4576","-0.0023"
"81.0000","-40.4670","-0.0023"
"81.0200","-40.4769","-0.0023"
"81.0400","-40.4879","-0.0023"
"81.0600","-40.4987","-0.0024"
"81.0800","-40.5084","-0.0024"
"81.1000","-40.5177","-0.0024"
"81.1200","-40.5275","-0.0024"
"81.1400","-40.5382","-0.0024"
"81.1600","-40.5490","-0.0024"
"81.1800","-40.5585","-0.0024"
"81.2000","-40.5672","-0.0024"
"81.2200","-40.5762","-0.0024"
"81.2400","-40.5862","-0.0024"
"81.2600","-40.5972","-0.0024"
"81.2800","-40.6079","-0.0024"
"81.3000","-40.6177","-0.0024"
"81.3200","-40.6274","-0.0024"
"81.3400","-40.6374","-0.0024"
"81.3600","-40.6481","-0.0024"
"81.3800","-40.6587","-0.0024"
"81.4000","-40.6685","-0.0024"
"81.4200","-40.6778","-0.0024"
"81.4400","-40.6873","-0.0024"
"81.4600","-40.6977","-0.0024"
"81.4800","-40.7086","-0.0024"
"81.5000","-40.7188","-0.0024"
"81.5200","-40.7279","-0.0024"
"81.5400","-40.7370","-0.0024"
"81.5600","-40.7469","-0.0024"
"81.5800","-40.7576","-0.0024"
"81.6000","-40.7680","-0.0024"
"81.6200","-40.7774","-0.0024"
"81.6400","-40.7867","-0.0024"
"81.6600","-40.7967","-0.0024"
"81.6800","-40.8077","-0.0025"
"81.7000","-40.8187","-0.0025"
"81.7200","-40.8286","-0.0025"
"81.7400","-40.8378","-0.0025"
"81.7600","-40.8471","-0.0025"
"81.7800","-40.8572","-0.0025"
"81.8000","-40.8680","-0.0025"
"81.8200","-40.8785","-0.0025"
"81.8400","-40.8879","-0.0025"
"81.8600","-40.8971","-0.0025"
"81.8800","-40.9068","-0.0025"
"81.9000","-40.9175","-0.0025"
"81.9200","-40.9283","-0.0025"
"81.9400","-40.9382","-0.0025"
"81.9600","-40.9474","-0.0025"
"81.9800","-40.9569","-0.0025"
"82.0000","-40.9674","-0.0025"
"82.0200","-40.9785","-0.0025"
"82.0400","-40.9886","-0.0025"
"82.0600","-40.9978","-0.0025"
"82.0800","-41.0072","-0.0025"
"82.1000","-41.0173","-0.0025"
"82.1200","-41.0283","-0.0025"
"82.1400","-41.0388","-0.0025"
"82.1600","-41.0483","-0.0025"
"82.1800","-41.0574","-0.0025"
"82.2000","-41.0669","-0.0025"
"82.2200","-41.0771","-0.0026"
"82.2400","-41.0877","-0.0026"
"82.2600","-41.0977","-0.0026"
"82.2800","-41.1072","-0.0026"
"82.3000","-41.1168","-0.0026"
"82.3200","-41.1272","-0.0026"
"82.3400","-41.1384","-0.0026"
"82.3600","-41.1489","-0.0026"
"82.3800","-41.1583","-0.0026"
"82.4000","-41.1674","-0.0026"
"82.4200","-41.1772","-0.0026"
"82.4400","-41.1880","-0.0026"
"82.4600","-41.1987","-0.0026"
"82.4800","-41.2081","-0.0026"
"82.5000","-41.2172","-0.0026"
"82.5200","-41.2268","-0.0026"
"82.5400","-41.2373","-0.0026"
"82.5600","-41.2479","-0.0026"
"82.5800","-41.2577","-0.0026"
"82.6000","-41.2669","-0.0026"
"82.6200","-41.2763","-0.0026"
"82.6400","-41.2865","-0.0026"
"82.6600","-41.2976","-0.0026"
"82.6800","-41.3085","-0.0026"
"82.7000","-41.3184","-0.0026"
"82.7200","-41.3279","-0.0026"
"82.7400","-41.3376","-0.0026"
"82.7600","-41.3482","-0.0026"
"82.7800","-41.3589","-0.0026"
"82.8000","-41.3686","-0.0027"
"82.8200","-41.3776","-0.0027"
"82.8400","-41.3867","-0.0027"
"82.8600","-41.3969","-0.0027"
"82.8800","-41.4080","-0.0027"
"82.9000","-41.4183","-0.0027"
"82.9200","-41.4277","-0.0027"
"82.9400","-41.4370","-0.0027"
"82.9600","-41.4471","-0.0027"
"82.9800","-41.4580","-0.0027"
"83.0000","-41.4685","-0.0027"
"83.0200","-41.4783","-0.0027"
"83.0400","-41.4877","-0.0027"
"83.0600","-41.4974","-0.0027"
"83.0800","-41.5078","-0.0027"
"83.1000","-41.5186","-0.0027"
"83.1200","-41.5286","-0.0027"
"83.1400","-41.5377","-0.0027"
"83.1600","-41.5468","-0.0027"
"83.1800","-41.5565","-0.0027"
"83.2000","-41.5672","-0.0027"
"83.2200","-41.5778","-0.0027"
"83.2400","-41.5874","-0.0027"
"83.2600","-41.5967","-0.0027"
"83.2800","-41.6065","-0.0027"
"83.3000","-41.6175","-0.0027"
"83.3200","-41.6286","-0.0027"
"83.3400","-41.6386","-0.0027"
"83.3600","-41.6479","-0.0027"
"83.3800","-41.6575","-0.0027"
"83.4000","-41.6677","-0.0027"
"83.4200","-41.6784","-0.0027"
"83.4400","-41.6884","-0.0027"
"83.4600","-41.6978","-0.0027"
"83.4800","-41.7072","-0.0027"
"83.5000","-41.7171","-0.0028"
"83.5200","-41.7277","-0.0028"
"83.5400","-41.7381","-0.0028"
"83.5600","-41.7477","-0.0028"
"83.5800","-41.7568","-0.0027"
"83.6000","-41.7663","-0.0028"
"83.6200","-41.7769","-0.0028"
"83.6400","-41.7881","-0.0028"
"83.6600","-41.7985","-0.0028"
"83.6800","-41.8079","-0.0028"
"83.7000","-41.8174","-0.0028"
"83.7200","-41.8276","-0.0028"
"83.7400","-41.8386","-0.0028"
"83.7600","-41.8488","-0.0028"
"83.7800","-41.8579","-0.0028"
"83.8000","-41.8667","-0.0028"
"83.8200","-41.8762","-0.0028"
"83.8400","-41.8869","-0.0028"
"83.8600","-41.8977","-0.0028"
"83.8800","-41.9077","-0.0028"
"83.9000","-41.9172","-0.0028"
"83.9200","-41.9271","-0.0028"
"83.9400","-41.9376","-0.0028"
"83.9600","-41.9485","-0.0028"
"83.9800","-41.9588","-0.0028"
"84.0000","-41.9683","-0.0028"
"84.0200","-41.9775","-0.0028"
"84.0400","-41.9874","-0.0028"
"84.0600","-41.9981","-0.0028"
"84.0800","-42.0087","-0.0028"
"84.1000","-42.0183","-0.0028"
"84.1200","-42.0274","-0.0028"
"84.1400","-42.0369","-0.0029"
"84.1600","-42.0473","-0.0029"
"84.1800","-42.0580","-0.0029"
"84.2000","-42.0679","-0.0029"
"84.2200","-42.0772","-0.0029"
"84.2400","-42.0867","-0.0029"
"84.2600","-42.0970","-0.0029"
"84.2800","-42.1080","-0.0029"
"84.3000","-42.1185","-0.0029"
"84.3200","-42.1282","-0.0029"
"84.3400","-42.1378","-0.0029"
"84.3600","-42.1478","-0.0029"
"84.3800","-42.1583","-0.0029"
"84.4000","-42.1687","-0.0029"
"84.4200","-42.1783","-0.0029"
"84.4400","-42.1873","-0.0029"
"84.4600","-42.1965","-0.0029"
"84.4800","-42.2067","-0.0029"
"84.5000","-42.2177","-0.0029"
"84.5200","-42.2282","-0.0029"
"84.5400","-42.2377","-0.0029"
"84.5600","-42.2471","-0.0029"
"84.5800","-42.2572","-0.0029"
"84.6000","-42.2682","-0.0029"
"84.6200","-42.2789","-0.0029"
"84.6400","-42.2885","-0.0029"
"84.6600","-42.2978","-0.0029"
"84.6800","-42.3076","-0.0029"
"84.7000","-42.3182","-0.0029"
"84.7200","-42.3289","-0.0030"
"84.7400","-42.3387","-0.0030"
"84.7600","-42.3479","-0.0030"
"84.7800","-42.3572","-0.0030"
"84.8000","-42.3670","-0.0030"
"84.8200","-42.3775","-0.0030"
"84.8400","-42.3878","-0.0030"
"84.8600","-42.3975","-0.0030"
"84.8800","-42.4069","-0.0030"
"84.9000","-42.4167","-0.0030"
"84.9200","-42.4277","-0.0030"
"84.9400","-42.4389","-0.0030"
"84.9600","-42.4489","-0.0030"
"84.9800","-42.4581","-0.0030"
"85.0000","-42.4674","-0.0030"
"85.0200","-42.4775","-0.0030"
"85.0400","-42.4882","-0.0030"
"85.0600","-42.4984","-0.0030"
"85.0800","-42.5077","-0.0030"
"85.1000","-42.5170","-0.0030"
"85.1200","-42.5271","-0.0030"
"85.1400","-42.5380","-0.0030"
"85.1600","-42.5483","-0.0030"
"85.1800","-42.5577","-0.0030"
"85.2000","-42.5670","-0.0030"
"85.2200","-42.5766","-0.0030"
"85.2400","-42.5871","-0.0029"
"85.2600","-42.5981","-0.0029"
"85.2800","-42.6084","-0.0029"
"85.3000","-42.6180","-0.0029"
"85.3200","-42.6276","-0.0029"
"85.3400","-42.6377","-0.0029"
"85.3600","-42.6487","-0.0028"
"85.3800","-42.6588","-0.0028"
"85.4000","-42.6679","-0.0027"
"85.4200","-42.6769","-0.0027"
"85.4400","-42.6866","-0.0027"
"85.4600","-42.6975","-0.0027"
"85.4800","-42.7082","-0.0027"
"85.5000","-42.7179","-0.0027"
"85.5200","-42.7272","-0.0027"
"85.5400","-42.7370","-0.0027"
"85.5600","-42.7476","-0.0027"
"85.5800","-42.7584","-0.0027"
"85.6000","-42.7683","-0.0027"
"85.6200","-42.7777","-0.0027"
"85.6400","-42.7873","-0.0027"
"85.6600","-42.7975","-0.0027"
"85.6800","-42.8083","-0.0027"
"85.7000","-42.8187","-0.0027"
"85.7200","-42.8283","-0.0028"
"85.7400","-42.8375","-0.0028"
"85.7600","-42.8468","-0.0028"
"85.7800","-42.8571","-0.0028"
"85.8000","-42.8678","-0.0028"
"85.8200","-42.8778","-0.0028"
"85.8400","-42.8872","-0.0028"
"85.8600","-42.8966","-0.0028"
"85.8800","-42.9069","-0.0028"
"85.9000","-42.9181","-0.0028"
"85.9200","-42.9286","-0.0028"
"85.9400","-42.9382","-0.0028"
"85.9600","-42.9478","-0.0028"
"85.9800","-42.9578","-0.0028"
"86.0000","-42.9684","-0.0028"
"86.0200","-42.9787","-0.0028"
"86.0400","-42.9881","-0.0028"
"86.0600","-42.9974","-0.0028"
"86.0800","-43.0069","-0.0028"
"86.1000","-43.0171","-0.0028"
"86.1200","-43.0279","-0.0027"
"86.1400","-43.0381","-0.0027"
"86.1600","-43.0474","-0.0026"
"86.1800","-43.0566","-0.0026"
"86.2000","-43.0664","-0.0026"
"86.2200","-43.0774","-0.0026"
"86.2400","-43.0882","-0.0026"
"86.2600","-43.0979","-0.0027"
"86.2800","-43.1073","-0.0026"
"86.3000","-43.1173","-0.0026"
"86.3200","-43.1282","-0.0026"
"86.3400","-43.1390","-0.0026"
"86.3600","-43.1485","-0.0025"
"86.3800","-43.1574","-0.0025"
"86.4000","-43.1666","-0.0025"
"86.4200","-43.1768","-0.0025"
"86.4400","-43.1876","-0.0025"
"86.4600","-43.1977","-0.0025"
"86.4800","-43.2071","-0.0025"
"86.5000","-43.2167","-0.0025"
"86.5200","-43.2269","-0.0026"
"86.5400","-43.2379","-0.0026"
"86.5600","-43.2487","-0.0026"
"86.5800","-43.2586","-0.0026"
"86.6000","-43.2679","-0.0026"
"86.6200","-43.2773","-0.0026"
"86.6400","-43.2876","-0.0026"
"86.6600","-43.2983","-0.0026"
"86.6800","-43.3083","-0.0026"
"86.7000","-43.3176","-0.0026"
"86.7200","-43.3269","-0.0026"
"86.7400","-43.3370","-0.0026"
"86.7600","-43.3479","-0.0026"
"86.7800","-43.3582","-0.0026"
"86.8000","-43.3674","-0.0026"
"86.8200","-43.3766","-0.0026"
"86.8400","-43.3865","-0.0026"
"86.8600","-43.3974","-0.0026"
"86.8800","-43.4084","-0.0027"
"86.9000","-43.4184","-0.0027"
"86.9200","-43.4280","-0.0027"
"86.9400","-43.4377","-0.0027"
"86.9600","-43.4481","-0.0027"
"86.9800","-43.4587","-0.0027"
"87.0000","-43.4686","-0.0027"
"87.0200","-43.4776","-0.0027"
"87.0400","-43.4866","-0.0027"
"87.0600","-43.4964","-0.0027"
"87.0800","-43.5073","-0.0027"
"87.1000","-43.5182","-0.0027"
"87.1200","-43.5281","-0.0027"
"87.1400","-43.5373","-0.0027"
"87.1600","-43.5469","-0.0027"
"87.1800","-43.5575","-0.0027"
"87.2000","-43.5684","-0.0027"
"87.2200","-43.5783","-0.0027"
"87.2400","-43.5876","-0.0027"
"87.2600","-43.5972","-0.0027"
"87.2800","-43.6076","-0.0028"
"87.3000","-43.6186","-0.0028"
"87.3200","-43.6288","-0.0028"
"87.3400","-43.6382","-0.0028"
"87.3600","-43.6475","-0.0028"
"87.3800","-43.6571","-0.0028"
"87.4000","-43.6674","-0.0028"
"87.4200","-43.6779","-0.0028"
"87.4400","-43.6877","-0.0028"
"87.4600","-43.6971","-0.0028"
"87.4800","-43.7067","-0.0028"
"87.5000","-43.7173","-0.0028"
"87.5200","-43.7286","-0.0028"
"87.5400","-43.7390","-0.0028"
"87.5600","-43.7484","-0.0028"
"87.5800","-43.7576","-0.0028"
"87.6000","-43.7675","-0.0029"
"87.6200","-43.7783","-0.0029"
"87.6400","-43.7887","-0.0029"
"87.6600","-43.7981","-0.0029"
"87.6800","-43.8072","-0.0029"
"87.7000","-43.8167","-0.0029"
"87.7200","-43.8272","-0.0029"
"87.7400","-43.8378","-0.0029"
"87.7600","-43.8476","-0.0029"
"87.7800","-43.8571","-0.0029"
"87.8000","-43.8668","-0.0029"
"87.8200","-43.8771","-0.0029"
"87.8400","-43.8880","-0.0029"
"87.8600","-43.8985","-0.0029"
"87.8800","-43.9082","-0.0029"
"87.9000","-43.9176","-0.0029"
"87.9200","-43.9276","-0.0029"
"87.9400","-43.9385","-0.0030"
"87.9600","-43.9491","-0.0030"
"87.9800","-43.9585","-0.0030"
"88.0000","-43.9673","-0.0030"
"88.0200","-43.9764","-0.0030"
"88.0400","-43.9866","-0.0030"
"88.0600","-43.9975","-0.0030"
"88.0800","-44.0077","-0.0030"
"88.1000","-44.0172","-0.0030"
"88.1200","-44.0268","-0.0030"
"88.1400","-44.0372","-0.0030"
"88.1600","-44.0482","-0.0030"
"88.1800","-44.0586","-0.0030"
"88.2000","-44.0681","-0.0030"
"88.2200","-44.0775","-0.0030"
"88.2400","-44.0873","-0.0030"
"88.2600","-44.0978","-0.0031"
"88.2800","-44.1084","-0.0031"
"88.3000","-44.1184","-0.0031"
"88.3200","-44.1277","-0.0031"
"88.3400","-44.1371","-0.0031"
"88.3600","-44.1472","-0.0031"
"88.3800","-44.1580","-0.0031"
"88.4000","-44.1681","-0.0031"
"88.4200","-44.1773","-0.0031"
"88.4400","-44.1865","-0.0031"
"88.4600","-44.1965","-0.0031"
"88.4800","-44.2076","-0.0031"
"88.5000","-44.2186","-0.0031"
"88.5200","-44.2286","-0.0031"
"88.5400","-44.2381","-0.0031"
"88.5600","-44.2478","-0.0031"
"88.5800","-44.2582","-0.0031"
"88.6000","-44.2687","-0.0030"
"88.6200","-44.2782","-0.0031"
"88.6400","-44.2874","-0.0031"
"88.6600","-44.2968","-0.0031"
"88.6800","-44.3068","-0.0031"
"88.7000","-44.3177","-0.0031"
"88.7200","-44.3282","-0.0031"
"88.7400","-44.3378","-0.0031"
"88.7600","-44.3471","-0.0031"
"88.7800","-44.3568","-0.0031"
"88.8000","-44.3674","-0.0031"
"88.8200","-44.3783","-0.0031"
"88.8400","-44.3884","-0.0031"
"88.8600","-44.3978","-0.0031"
"88.8800","-44.4074","-0.0031"
"88.9000","-44.4178","-0.0032"
"88.9200","-44.4287","-0.0032"
"88.9400","-44.4388","-0.0032"
"88.9600","-44.4479","-0.0032"
"88.9800","-44.4571","-0.0032"
"89.0000","-44.4669","-0.0032"
"89.0200","-44.4776","-0.0032"
"89.0400","-44.4880","-0.0032"
"89.0600","-44.4977","-0.0032"
"89.0800","-44.5071","-0.0032"
"89.1000","-44.5169","-0.0032"
"89.1200","-44.5275","-0.0032"
"89.1400","-44.5386","-0.0032"
"89.1600","-44.5489","-0.0032"
"89.1800","-44.5584","-0.0032"
"89.2000","-44.5677","-0.0033"
"89.2200","-44.5775","-0.0033"
"89.2400","-44.5882","-0.0033"
"89.2600","-44.5985","-0.0033"
"89.2800","-44.6079","-0.0033"
"89.3000","-44.6170","-0.0033"
"89.3200","-44.6266","-0.0033"
"89.3400","-44.6373","-0.0033"
"89.3600","-44.6481","-0.0033"
"89.3800","-44.6578","-0.0033"
"89.4000","-44.6671","-0.0033"
"89.4200","-44.6767","-0.0033"
"89.4400","-44.6872","-0.0033"
"89.4600","-44.6983","-0.0033"
"89.4800","-44.7087","-0.0033"
"89.5000","-44.7182","-0.0034"
"89.5200","-44.7277","-0.0034"
"89.5400","-44.7376","-0.0034"
"89.5600","-44.7482","-0.0034"
"89.5800","-44.7586","-0.0034"
"89.6000","-44.7681","-0.0034"
"89.6200","-44.7772","-0.0034"
"89.6400","-44.7866","-0.0034"
"89.6600","-44.7969","-0.0034"
"89.6800","-44.8078","-0.0034"
"89.7000","-44.8179","-0.0034"
"89.7200","-44.8273","-0.0034"
"89.7400","-44.8368","-0.0034"
"89.7600","-44.8471","-0.0034"
"89.7800","-44.8582","-0.0034"
"89.8000","-44.8684","-0.0034"
"89.8200","-44.8778","-0.0035"
"89.8400","-44.8872","-0.0035"
"89.8600","-44.8973","-0.0035"
"89.8800","-44.9081","-0.0035"
"89.9000","-44.9187","-0.0035"
"89.9200","-44.9284","-0.0035"
"89.9400","-44.9377","-0.0035"
"89.9600","-44.9471","-0.0035"
"89.9800","-44.9573","-0.0035"
"90.0000","-44.9679","-0.0035"
"90.0200","-44.9779","-0.0035"
"90.0400","-44.9873","-0.0035"
"90.0600","-44.9967","-0.0035"
"90.0800","-45.0066","-0.0035"
"90.1000","-45.0177","-0.0035"
"90.1200","-45.0286","-0.0035"
"90.1400","-45.0384","-0.0036"
"90.1600","-45.0477","-0.0035"
"90.1800","-45.0574","-0.0036"
"90.2000","-45.0680","-0.0036"
"90.2200","-45.0786","-0.0036"
"90.2400","-45.0882","-0.0036"
"90.2600","-45.0972","-0.0036"
"90.2800","-45.1065","-0.0036"
"90.3000","-45.1168","-0.0036"
"90.3200","-45.1277","-0.0036"
"90.3400","-45.1380","-0.0036"
"90.3600","-45.1476","-0.0036"
"90.3800","-45.1570","-0.0036"
"90.4000","-45.1668","-0.0036"
"90.4200","-45.1776","-0.0036"
"90.4400","-45.1884","-0.0036"
"90.4600","-45.1983","-0.0036"
"90.4800","-45.2077","-0.0036"
"90.5000","-45.2172","-0.0036"
"90.5200","-45.2277","-0.0036"
"90.5400","-45.2387","-0.0036"
"90.5600","-45.2488","-0.0036"
"90.5800","-45.2579","-0.0037"
"90.6000","-45.2668","-0.0037"
"90.6200","-45.2766","-0.0037"
"90.6400","-45.2875","-0.0037"
"90.6600","-45.2980","-0.0037"
"90.6800","-45.3075","-0.0037"
"90.7000","-45.3167","-0.0037"
"90.7200","-45.3267","-0.0037"
"90.7400","-45.3376","-0.0037"
"90.7600","-45.3486","-0.0038"
"90.7800","-45.3585","-0.0038"
"90.8000","-45.3678","-0.0038"
"90.8200","-45.3773","-0.0038"
"90.8400","-45.3874","-0.0038"
"90.8600","-45.3982","-0.0038"
"90.8800","-45.4085","-0.0038"
"90.9000","-45.4179","-0.0038"
"90.9200","-45.4270","-0.0038"
"90.9400","-45.4368","-0.0038"
"90.9600","-45.4475","-0.0038"
"90.9800","-45.4581","-0.0038"
"91.0000","-45.4678","-0.0038"
"91.0200","-45.4769","-0.0038"
"91.0400","-45.4865","-0.0038"
"91.0600","-45.4972","-0.0039"
"91.0800","-45.5083","-0.0039"
"91.1000","-45.5184","-0.0039"
"91.1200","-45.5278","-0.0039"
"91.1400","-45.5374","-0.0039"
"91.1600","-45.5478","-0.0039"
"91.1800","-45.5586","-0.0039"
"91.2000","-45.5688","-0.0039"
"91.2200","-45.5780","-0.0039"
"91.2400","-45.5872","-0.0039"
"91.2600","-45.5967","-0.0039"
"91.2800","-45.6071","-0.0039"
"91.3000","-45.6179","-0.0039"
"91.3200","-45.6280","-0.0039"
"91.3400","-45.6375","-0.0039"
"91.3600","-45.6470","-0.0040"
"91.3800","-45.6573","-0.0040"
"91.4000","-45.6683","-0.0040"
"91.4200","-45.6786","-0.0040"
"91.4400","-45.6880","-0.0040"
"91.4600","-45.6974","-0.0040"
"91.4800","-45.7074","-0.0040"
"91.5000","-45.7183","-0.0040"
"91.5200","-45.7290","-0.0040"
"91.5400","-45.7383","-0.0040"
"91.5600","-45.7473","-0.0040"
"91.5800","-45.7567","-0.0040"
"91.6000","-45.7669","-0.0040"
"91.6200","-45.7776","-0.0040"
"91.6400","-45.7876","-0.0040"
"91.6600","-45.7969","-0.0040"
"91.6800","-45.8065","-0.0040"
"91.7000","-45.8168","-0.0041"
"91.7200","-45.8280","-0.0041"
"91.7400","-45.8387","-0.0041"
"91.7600","-45.8484","-0.0041"
"91.7800","-45.8576","-0.0041"
"91.8000","-45.8671","-0.0041"
"91.8200","-45.8777","-0.0041"
"91.8400","-45.8885","-0.0041"
"91.8600","-45.8984","-0.0041"
"91.8800","-45.9075","-0.0041"
"91.9000","-45.9169","-0.0041"
"91.9200","-45.9272","-0.0041"
"91.9400","-45.9383","-0.0041"
"91.9600","-45.9484","-0.0041"
"91.9800","-45.9575","-0.0041"
"92.0000","-45.9667","-0.0041"
"92.0200","-45.9767","-0.0042"
"92.0400","-45.9876","-0.0042"
"92.0600","-45.9984","-0.0042"
"92.0800","-46.0082","-0.0042"
"92.1000","-46.0178","-0.0042"
"92.1200","-46.0276","-0.0042"
"92.1400","-46.0382","-0.0042"
"92.1600","-46.0489","-0.0042"
"92.1800","-46.0587","-0.0042"
"92.2000","-46.0678","-0.0042"
"92.2200","-46.0769","-0.0042"
"92.2400","-46.0866","-0.0042"
"92.2600","-46.0974","-0.0042"
"92.2800","-46.1079","-0.0042"
"92.3000","-46.1174","-0.0042"
"92.3200","-46.1267","-0.0043"
"92.3400","-46.1367","-0.0043"
"92.3600","-46.1479","-0.0043"
"92.3800","-46.1590","-0.0043"
"92.4000","-46.1687","-0.0043"
"92.4200","-46.1778","-0.0043"
"92.4400","-46.1874","-0.0043"
"92.4600","-46.1978","-0.0043"
"92.4800","-46.2086","-0.0043"
"92.5000","-46.2185","-0.0043"
"92.5200","-46.2278","-0.0043"
"92.5400","-46.2372","-0.0043"
"92.5600","-46.2470","-0.0043"
"92.5800","-46.2576","-0.0043"
"92.6000","-46.2681","-0.0043"
"92.6200","-46.2777","-0.0043"
"92.6400","-46.2869","-0.0043"
"92.6600","-46.2965","-0.0043"
"92.6800","-46.3070","-0.0044"
"92.7000","-46.3182","-0.0044"
"92.7200","-46.3285","-0.0044"
"92.7400","-46.3379","-0.0044"
"92.7600","-46.3474","-0.0044"
"92.7800","-46.3577","-0.0044"
"92.8000","-46.3685","-0.0044"
"92.8200","-46.3786","-0.0044"
"92.8400","-46.3878","-0.0044"
"92.8600","-46.3969","-0.0044"
"92.8800","-46.4067","-0.0044"
"92.9000","-46.4174","-0.0044"
"92.9200","-46.4281","-0.0044"
"92.9400","-46.4379","-0.0044"
"92.9600","-46.4473","-0.0044"
"92.9800","-46.4570","-0.0044"
"93.0000","-46.4674","-0.0044"
"93.0200","-46.4783","-0.0044"
"93.0400","-46.4886","-0.0045"
"93.0600","-46.4983","-0.0044"
"93.0800","-46.5077","-0.0044"
"93.1000","-46.5176","-0.0045"
"93.1200","-46.5284","-0.0045"
"93.1400","-46.5389","-0.0045"
"93.1600","-46.5483","-0.0045"
"93.1800","-46.5574","-0.0045"
"93.2000","-46.5667","-0.0045"
"93.2200","-46.5771","-0.0045"
"93.2400","-46.5879","-0.0045"
"93.2600","-46.5979","-0.0045"
"93.2800","-46.6072","-0.0045"
"93.3000","-46.6167","-0.0045"
"93.3200","-46.6272","-0.0045"
"93.3400","-46.6383","-0.0045"
"93.3600","-46.6487","-0.0045"
"93.3800","-46.6581","-0.0045"
"93.4000","-46.6673","-0.0045"
"93.4200","-46.6771","-0.0045"
"93.4400","-46.6878","-0.0045"
"93.4600","-46.6984","-0.0045"
"93.4800","-46.7081","-0.0044"
"93.5000","-46.7174","-0.0044"
"93.5200","-46.7268","-0.0044"
"93.5400","-46.7371","-0.0043"
"93.5600","-46.7480","-0.0043"
"93.5800","-46.7581","-0.0042"
"93.6000","-46.7673","-0.0041"
"93.6200","-46.7767","-0.0041"
"93.6400","-46.7868","-0.0041"
"93.6600","-46.7979","-0.0041"
"93.6800","-46.8085","-0.0041"
"93.7000","-46.8181","-0.0041"
"93.7200","-46.8276","-0.0041"
"93.7400","-46.8375","-0.0041"
"93.7600","-46.8481","-0.0041"
"93.7800","-46.8587","-0.0042"
"93.8000","-46.8683","-0.0042"
"93.8200","-46.8775","-0.0042"
"93.8400","-46.8869","-0.0042"
"93.8600","-46.8970","-0.0042"
"93.8800","-46.9076","-0.0042"
"93.9000","-46.9179","-0.0042"
"93.9200","-46.9275","-0.0042"
"93.9400","-46.9369","-0.0042"
"93.9600","-46.9469","-0.0042"
"93.9800","-46.9579","-0.0042"
"94.0000","-46.9687","-0.0043"
"94.0200","-46.9785","-0.0043"
"94.0400","-46.9879","-0.0043"
"94.0600","-46.9974","-0.0043"
"94.0800","-47.0078","-0.0043"
"94.1000","-47.0184","-0.0043"
"94.1200","-47.0282","-0.0043"
"94.1400","-47.0373","-0.0043"
"94.1600","-47.0467","-0.0043"
"94.1800","-47.0568","-0.0044"
"94.2000","-47.0675","-0.0044"
"94.2200","-47.0777","-0.0044"
"94.2400","-47.0871","-0.0044"
"94.2600","-47.0963","-0.0044"
"94.2800","-47.1061","-0.0044"
"94.3000","-47.1170","-0.0044"
"94.3200","-47.1283","-0.0044"
"94.3400","-47.1386","-0.0045"
"94.3600","-47.1482","-0.0045"
"94.3800","-47.1575","-0.0045"
"94.4000","-47.1675","-0.0045"
"94.4200","-47.1783","-0.0045"
"94.4400","-47.1884","-0.0045"
"94.4600","-47.1977","-0.0045"
"94.4800","-47.2068","-0.0045"
"94.5000","-47.2168","-0.0045"
"94.5200","-47.2278","-0.0045"
"94.5400","-47.2385","-0.0046"
"94.5600","-47.2481","-0.0046"
"94.5800","-47.2572","-0.0046"
"94.6000","-47.2667","-0.0046"
"94.6200","-47.2772","-0.0046"
"94.6400","-47.2882","-0.0046"
"94.6600","-47.2984","-0.0046"
"94.6800","-47.3080","-0.0046"
"94.7000","-47.3175","-0.0046"
"94.7200","-47.3276","-0.0047"
"94.7400","-47.3383","-0.0047"
"94.7600","-47.3486","-0.0047"
"94.7800","-47.3579","-0.0047"
"94.8000","-47.3670","-0.0047"
"94.8200","-47.3764","-0.0047"
"94.8400","-47.3869","-0.0047"
"94.8600","-47.3978","-0.0048"
"94.8800","-47.4077","-0.0048"
"94.9000","-47.4170","-0.0048"
"94.9200","-47.4266","-0.0048"
"94.9400","-47.4373","-0.0048"
"94.9600","-47.4486","-0.0048"
"94.9800","-47.4587","-0.0048"
"95.0000","-47.4680","-0.0048"
"95.0200","-47.4773","-0.0048"
"95.0400","-47.4874","-0.0049"
"95.0600","-47.4982","-0.0049"
"95.0800","-47.5087","-0.0049"
"95.1000","-47.5182","-0.0049"
"95.1200","-47.5276","-0.0049"
"95.1400","-47.5373","-0.0049"
"95.1600","-47.5476","-0.0049"
"95.1800","-47.5582","-0.0049"
"95.2000","-47.5680","-0.0050"
"95.2200","-47.5772","-0.0050"
"95.2400","-47.5865","-0.0050"
"95.2600","-47.5965","-0.0050"
"95.2800","-47.6076","-0.0050"
"95.3000","-47.6185","-0.0050"
"95.3200","-47.6282","-0.0050"
"95.3400","-47.6376","-0.0050"
"95.3600","-47.6475","-0.0050"
"95.3800","-47.6583","-0.0051"
"95.4000","-47.6688","-0.0051"
"95.4200","-47.6781","-0.0051"
"95.4400","-47.6870","-0.0051"
"95.4600","-47.6964","-0.0051"
"95.4800","-47.7068","-0.0051"
"95.5000","-47.7177","-0.0051"
"95.5200","-47.7280","-0.0051"
"95.5400","-47.7377","-0.0051"
"95.5600","-47.7472","-0.0052"
"95.5800","-47.7572","-0.0052"
"95.6000","-47.7679","-0.0052"
"95.6200","-47.7784","-0.0052"
"95.6400","-47.7881","-0.0052"
"95.6600","-47.7976","-0.0052"
"95.6800","-47.8074","-0.0052"
"95.7000","-47.8180","-0.0052"
"95.7200","-47.8290","-0.0053"
"95.7400","-47.8389","-0.0053"
"95.7600","-47.8478","-0.0053"
"95.7800","-47.8569","-0.0053"
"95.8000","-47.8668","-0.0053"
"95.8200","-47.8777","-0.0053"
"95.8400","-47.8880","-0.0053"
"95.8600","-47.8974","-0.0053"
"95.8800","-47.9067","-0.0053"
"95.9000","-47.9167","-0.0054"
"95.9200","-47.9277","-0.0054"
"95.9400","-47.9386","-0.0054"
"95.9600","-47.9484","-0.0054"
"95.9800","-47.9578","-0.0054"
"96.0000","-47.9674","-0.0054"
"96.0200","-47.9777","-0.0054"
"96.0400","-47.9885","-0.0055"
"96.0600","-47.9986","-0.0055"
"96.0800","-48.0079","-0.0055"
"96.1000","-48.0170","-0.0055"
"96.1200","-48.0269","-0.0055"
"96.1400","-48.0378","-0.0055"
"96.1600","-48.0483","-0.0055"
"96.1800","-48.0577","-0.0055"
"96.2000","-48.0668","-0.0055"
"96.2200","-48.0764","-0.0056"
"96.2400","-48.0873","-0.0056"
"96.2600","-48.0985","-0.0056"
"96.2800","-48.1085","-0.0056"
"96.3000","-48.1179","-0.0056"
"96.3200","-48.1277","-0.0056"
"96.3400","-48.1381","-0.0056"
"96.3600","-48.1489","-0.0056"
"96.3800","-48.1588","-0.0057"
"96.4000","-48.1679","-0.0057"
"96.4200","-48.1771","-0.0057"
"96.4400","-48.1868","-0.0057"
"96.4600","-48.1974","-0.0057"
"96.4800","-48.2080","-0.0057"
"96.5000","-48.2177","-0.0057"
"96.5200","-48.2270","-0.0057"
"96.5400","-48.2367","-0.0057"
"96.5600","-48.2473","-0.0058"
"96.5800","-48.2584","-0.0058"
"96.6000","-48.2687","-0.0058"
"96.6200","-48.2780","-0.0058"
"96.6400","-48.2873","-0.0058"
"96.6600","-48.2975","-0.0058"
"96.6800","-48.3085","-0.0058"
"96.7000","-48.3189","-0.0058"
"96.7200","-48.3282","-0.0059"
"96.7400","-48.3373","-0.0059"
"96.7600","-48.3468","-0.0059"
"96.7800","-48.3573","-0.0059"
"96.8000","-48.3679","-0.0059"
"96.8200","-48.3778","-0.0059"
"96.8400","-48.3871","-0.0059"
"96.8600","-48.3968","-0.0060"
"96.8800","-48.4073","-0.0060"
"96.9000","-48.4184","-0.0060"
"96.9200","-48.4289","-0.0060"
"96.9400","-48.4385","-0.0060"
"96.9600","-48.4478","-0.0060"
"96.9800","-48.4575","-0.0060"
"97.0000","-48.4681","-0.0060"
"97.0200","-48.4787","-0.0061"
"97.0400","-48.4882","-0.0061"
"97.0600","-48.4972","-0.0061"
"97.0800","-48.5066","-0.0061"
"97.1000","-48.5170","-0.0061"
"97.1200","-48.5280","-0.0061"
"97.1400","-48.5381","-0.0061"
"97.1600","-48.5474","-0.0061"
"97.1800","-48.5569","-0.0061"
"97.2000","-48.5671","-0.0062"
"97.2200","-48.5780","-0.0062"
"97.2400","-48.5885","-0.0062"
"97.2600","-48.5982","-0.0062"
"97.2800","-48.6077","-0.0062"
"97.3000","-48.6176","-0.0062"
"97.3200","-48.6281","-0.0062"
"97.3400","-48.6387","-0.0062"
"97.3600","-48.6484","-0.0063"
"97.3800","-48.6575","-0.0063"
"97.4000","-48.6666","-0.0063"
"97.4200","-48.6766","-0.0063"
"97.4400","-48.6875","-0.0063"
"97.4600","-48.6979","-0.0063"
"97.4800","-48.7073","-0.0063"
"97.5000","-48.7166","-0.0063"
"97.5200","-48.7267","-0.0064"
"97.5400","-48.7378","-0.0064"
"97.5600","-48.7487","-0.0064"
"97.5800","-48.7585","-0.0064"
"97.6000","-48.7678","-0.0064"
"97.6200","-48.7775","-0.0064"
"97.6400","-48.7880","-0.0064"
"97.6600","-48.7987","-0.0064"
"97.6800","-48.8084","-0.0065"
"97.7000","-48.8176","-0.0065"
"97.7200","-48.8270","-0.0065"
"97.7400","-48.8370","-0.0065"
"97.7600","-48.8476","-0.0065"
"97.7800","-48.8580","-0.0065"
"97.8000","-48.8676","-0.0065"
"97.8200","-48.8768","-0.0065"
"97.8400","-48.8866","-0.0066"
"97.8600","-48.8973","-0.0066"
"97.8800","-48.9083","-0.0066"
"97.9000","-48.9183","-0.0066"
"97.9200","-48.9277","-0.0066"
"97.9400","-48.9373","-0.0066"
"97.9600","-48.9477","-0.0066"
"97.9800","-48.9585","-0.0066"
"98.0000","-48.9683","-0.0067"
"98.0200","-48.9773","-0.0067"
"98.0400","-48.9863","-0.0067"
"98.0600","-48.9962","-0.0067"
"98.0800","-49.0071","-0.0067"
"98.1000","-49.0178","-0.0067"
"98.1200","-49.0277","-0.0067"
"98.1400","-49.0372","-0.0067"
"98.1600","-49.0470","-0.0068"
"98.1800","-49.0574","-0.0068"
"98.2000","-49.0682","-0.0068"
"98.2200","-49.0783","-0.0068"
"98.2400","-49.0879","-0.0068"
"98.2600","-49.0975","-0.0068"
"98.2800","-49.1077","-0.0068"
"98.3000","-49.1186","-0.0068"
"98.3200","-49.1288","-0.0069"
"98.3400","-49.1379","-0.0069"
"98.3600","-49.1468","-0.0069"
"98.3800","-49.1563","-0.0069"
"98.4000","-49.1669","-0.0069"
"98.4200","-49.1777","-0.0069"
"98.4400","-49.1875","-0.0069"
"98.4600","-49.1968","-0.0069"
"98.4800","-49.2067","-0.0070"
"98.5000","-49.2175","-0.0070"
"98.5200","-49.2288","-0.0070"
"98.5400","-49.2391","-0.0070"
"98.5600","-49.2485","-0.0070"
"98.5800","-49.2577","-0.0070"
"98.6000","-49.2676","-0.0070"
"98.6200","-49.2782","-0.0070"
"98.6400","-49.2885","-0.0071"
"98.6600","-49.2978","-0.0071"
"98.6800","-49.3068","-0.0071"
"98.7000","-49.3162","-0.0071"
"98.7200","-49.3269","-0.0071"
"98.7400","-49.3380","-0.0071"
"98.7600","-49.3481","-0.0071"
"98.7800","-49.3572","-0.0071"
"98.8000","-49.3665","-0.0072"
"98.8200","-49.3769","-0.0072"
"98.8400","-49.3881","-0.0072"
"98.8600","-49.3987","-0.0072"
"98.8800","-49.4082","-0.0072"
"98.9000","-49.4176","-0.0072"
"98.9200","-49.4275","-0.0072"
"98.9400","-49.4382","-0.0072"
"98.9600","-49.4486","-0.0073"
"98.9800","-49.4582","-0.0073"
"99.0000","-49.4674","-0.0073"
"99.0200","-49.4769","-0.0073"
"99.0400","-49.4870","-0.0073"
"99.0600","-49.4976","-0.0073"
"99.0800","-49.5078","-0.0073"
"99.1000","-49.5173","-0.0073"
"99.1200","-49.5269","-0.0074"
"99.1400","-49.5372","-0.0074"
"99.1600","-49.5484","-0.0074"
"99.1800","-49.5589","-0.0074"
"99.2000","-49.5683","-0.0074"
"99.2200","-49.5774","-0.0074"
"99.2400","-49.5870","-0.0074"
"99.2600","-49.5978","-0.0074"
"99.2800","-49.6087","-0.0075"
"99.3000","-49.6183","-0.0075"
"99.3200","-49.6273","-0.0075"
"99.3400","-49.6367","-0.0075"
"99.3600","-49.6471","-0.0075"
"99.3800","-49.6580","-0.0075"
"99.4000","-49.6680","-0.0075"
"99.4200","-49.6773","-0.0075"
"99.4400","-49.6867","-0.0076"
"99.4600","-49.6968","-0.0076"
"99.4800","-49.7078","-0.0076"
"99.5000","-49.7186","-0.0076"
"99.5200","-49.7285","-0.0076"
"99.5400","-49.7379","-0.0076"
"99.5600","-49.7474","-0.0076"
"99.5800","-49.7577","-0.0077"
"99.6000","-49.7686","-0.0077"
"99.6200","-49.7786","-0.0077"
"99.6400","-49.7878","-0.0077"
"99.6600","-49.7969","-0.0077"
"99.6800","-49.8068","-0.0077"
"99.7000","-49.8176","-0.0077"
"99.7200","-49.8280","-0.0077"
"99.7400","-49.8375","-0.0078"
"99.7600","-49.8468","-0.0078"
"99.7800","-49.8568","-0.0078"
"99.8000","-49.8676","-0.0078"
"99.8200","-49.8782","-0.0078"
"99.8400","-49.8881","-0.0078"
"99.8600","-49.8976","-0.0078"
"99.8800","-49.9074","-0.0078"
"99.9000","-49.9179","-0.0078"
"99.9200","-49.9287","-0.0079"
"99.9400","-49.9388","-0.0079"
"99.9600","-49.9481","-0.0079"
"99.9800","-49.9571","-0.0079"
"100.0000","-49.9667","-0.0079"
"100.0200","-49.9774","-0.0079"
"100.0400","-49.9880","-0.0079"
"100.0600","-49.9977","-0.0079"
"100.0800","-50.0069","-0.0080"
"100.1000","-50.0168","-0.0080"
"100.1200","-50.0278","-0.0080"
"100.1400","-50.0389","-0.0080"
"100.1600","-50.0488","-0.0080"
"100.1800","-50.0579","-0.0080"
"100.2000","-50.0673","-0.0080"
"100.2200","-50.0775","-0.0080"
"100.2400","-50.0883","-0.0080"
"100.2600","-50.0984","-0.0081"
"100.2800","-50.1078","-0.0081"
"100.3000","-50.1172","-0.0081"
"100.3200","-50.1269","-0.0081"
"100.3400","-50.1374","-0.0081"
"100.3600","-50.1480","-0.0081"
"100.3800","-50.1579","-0.0081"
"100.4000","-50.1671","-0.0081"
"100.4200","-50.1766","-0.0081"
"100.4400","-50.1870","-0.0081"
"100.4600","-50.1983","-0.0082"
"100.4800","-50.2088","-0.0082"
"100.5000","-50.2183","-0.0082"
"100.5200","-50.2276","-0.0082"
"100.5400","-50.2376","-0.0082"
"100.5600","-50.2485","-0.0082"
"100.5800","-50.2588","-0.0082"
"100.6000","-50.2681","-0.0082"
"100.6200","-50.2771","-0.0082"
"100.6400","-50.2867","-0.0082"
"100.6600","-50.2973","-0.0082"
"100.6800","-50.3079","-0.0083"
"100.7000","-50.3178","-0.0083"
"100.7200","-50.3271","-0.0083"
"100.7400","-50.3367","-0.0083"
"100.7600","-50.3471","-0.0083"
"100.7800","-50.3582","-0.0083"
"100.8000","-50.3687","-0.0083"
"100.8200","-50.3784","-0.0083"
"100.8400","-50.3877","-0.0083"
"100.8600","-50.3975","-0.0083"
"100.8800","-50.4082","-0.0083"
"100.9000","-50.4189","-0.0083"
"100.9200","-50.4285","-0.0083"
"100.9400","-50.4376","-0.0083"
"100.9600","-50.4470","-0.0083"
"100.9800","-50.4574","-0.0083"
"101.0000","-50.4682","-0.0083"
"101.0200","-50.4780","-0.0083"
"101.0400","-50.4871","-0.0082"
"101.0600","-50.4964","-0.0080"
"101.0800","-50.5066","-0.0079"
"101.1000","-50.5177","-0.0078"
"101.1200","-50.5285","-0.0078"
"101.1400","-50.5385","-0.0078"
"101.1600","-50.5480","-0.0078"
"101.1800","-50.5577","-0.0079"
"101.2000","-50.5680","-0.0079"
"101.2200","-50.5785","-0.0079"
"101.2400","-50.5882","-0.0079"
"101.2600","-50.5975","-0.0079"
"101.2800","-50.6068","-0.0080"
"101.3000","-50.6169","-0.0080"
"101.3200","-50.6279","-0.0080"
"101.3400","-50.6383","-0.0080"
"101.3600","-50.6477","-0.0080"
"101.3800","-50.6568","-0.0081"
"101.4000","-50.6666","-0.0081"
"101.4200","-50.6774","-0.0081"
"101.4400","-50.6884","-0.0081"
"101.4600","-50.6983","-0.0081"
"101.4800","-50.7077","-0.0081"
"101.5000","-50.7175","-0.0082"
"101.5200","-50.7281","-0.0082"
"101.5400","-50.7389","-0.0082"
"101.5600","-50.7488","-0.0082"
"101.5800","-50.7579","-0.0082"
"101.6000","-50.7670","-0.0083"
"101.6200","-50.7767","-0.0083"
"101.6400","-50.7873","-0.0083"
"101.6600","-50.7978","-0.0083"
"101.6800","-50.8075","-0.0083"
"101.7000","-50.8170","-0.0083"
"101.7200","-50.8267","-0.0084"
"101.7400","-50.8375","-0.0084"
"101.7600","-50.8486","-0.0084"
"101.7800","-50.8586","-0.0084"
"101.8000","-50.8678","-0.0084"
"101.8200","-50.8773","-0.0085"
"101.8400","-50.8877","-0.0085"
"101.8600","-50.8987","-0.0085"
"101.8800","-50.9087","-0.0085"
"101.9000","-50.9177","-0.0085"
"101.9200","-50.9268","-0.0086"
"101.9400","-50.9367","-0.0086"
"101.9600","-50.9473","-0.0086"
"101.9800","-50.9578","-0.0086"
"102.0000","-50.9674","-0.0086"
"102.0200","-50.9767","-0.0087"
"102.0400","-50.9865","-0.0087"
"102.0600","-50.9972","-0.0087"
"102.0800","-51.0083","-0.0087"
"102.1000","-51.0187","-0.0088"
"102.1200","-51.0282","-0.0088"
"102.1400","-51.0377","-0.0088"
"102.1600","-51.0476","-0.0088"
"102.1800","-51.0585","-0.0088"
"102.2000","-51.0687","-0.0088"
"102.2200","-51.0780","-0.0089"
"102.2400","-51.0870","-0.0089"
"102.2600","-51.0966","-0.0089"
"102.2800","-51.1073","-0.0089"
"102.3000","-51.1181","-0.0089"
"102.3200","-51.1280","-0.0090"
"102.3400","-51.1373","-0.0090"
"102.3600","-51.1469","-0.0090"
"102.3800","-51.1573","-0.0090"
"102.4000","-51.1683","-0.0090"
"102.4200","-51.1785","-0.0091"
"102.4400","-51.1880","-0.0091"
"102.4600","-51.1974","-0.0091"
"102.4800","-51.2073","-0.0091"
"102.5000","-51.2180","-0.0091"
"102.5200","-51.2286","-0.0092"
"102.5400","-51.2382","-0.0092"
"102.5600","-51.2473","-0.0092"
"102.5800","-51.2565","-0.0092"
"102.6000","-51.2667","-0.0092"
"102.6200","-51.2776","-0.0092"
"102.6400","-51.2878","-0.0093"
"102.6600","-51.2972","-0.0093"
"102.6800","-51.3066","-0.0093"
"102.7000","-51.3170","-0.0093"
"102.7200","-51.3282","-0.0094"
"102.7400","-51.3388","-0.0094"
"102.7600","-51.3482","-0.0094"
"102.7800","-51.3574","-0.0094"
"102.8000","-51.3673","-0.0094"
"102.8200","-51.3781","-0.0095"
"102.8400","-51.3887","-0.0095"
"102.8600","-51.3983","-0.0095"
"102.8800","-51.4075","-0.0095"
"102.9000","-51.4170","-0.0095"
"102.9200","-51.4272","-0.0096"
"102.9400","-51.4380","-0.0096"
"102.9600","-51.4481","-0.0096"
"102.9800","-51.4574","-0.0096"
"103.0000","-51.4666","-0.0096"
"103.0200","-51.4765","-0.0097"
"103.0400","-51.4876","-0.0097"
"103.0600","-51.4987","-0.0097"
"103.0800","-51.5085","-0.0097"
"103.1000","-51.5177","-0.0097"
"103.1200","-51.5275","-0.0097"
"103.1400","-51.5382","-0.0098"
"103.1600","-51.5489","-0.0098"
"103.1800","-51.5584","-0.0098"
"103.2000","-51.5673","-0.0098"
"103.2200","-51.5765","-0.0098"
"103.2400","-51.5866","-0.0099"
"103.2600","-51.5975","-0.0099"
"103.2800","-51.6077","-0.0099"
"103.3000","-51.6172","-0.0099"
"103.3200","-51.6267","-0.0099"
"103.3400","-51.6367","-0.0100"
"103.3600","-51.6476","-0.0100"
"103.3800","-51.6586","-0.0100"
"103.4000","-51.6685","-0.0100"
"103.4200","-51.6777","-0.0100"
"103.4400","-51.6871","-0.0101"
"103.4600","-51.6976","-0.0101"
"103.4800","-51.7086","-0.0101"
"103.5000","-51.7187","-0.0101"
"103.5200","-51.7278","-0.0101"
"103.5400","-51.7368","-0.0101"
"103.5600","-51.7466","-0.0102"
"103.5800","-51.7574","-0.0102"
"103.6000","-51.7681","-0.0102"
"103.6200","-51.7776","-0.0102"
"103.6400","-51.7867","-0.0102"
"103.6600","-51.7965","-0.0103"
"103.6800","-51.8073","-0.0103"
"103.7000","-51.8185","-0.0103"
"103.7200","-51.8287","-0.0103"
"103.7400","-51.8382","-0.0103"
"103.7600","-51.8477","-0.0104"
"103.7800","-51.8578","-0.0104"
"103.8000","-51.8685","-0.0104"
"103.8200","-51.8786","-0.0104"
"103.8400","-51.8879","-0.0105"
"103.8600","-51.8969","-0.0105"
"103.8800","-51.9064","-0.0105"
"103.9000","-51.9170","-0.0105"
"103.9200","-51.9281","-0.0105"
"103.9400","-51.9382","-0.0106"
"103.9600","-51.9474","-0.0106"
"103.9800","-51.9567","-0.0106"
"104.0000","-51.9670","-0.0106"
"104.0200","-51.9782","-0.0106"
"104.0400","-51.9885","-0.0107"
"104.0600","-51.9979","-0.0107"
"104.0800","-52.0074","-0.0107"
"104.1000","-52.0177","-0.0107"
"104.1200","-52.0287","-0.0107"
"104.1400","-52.0391","-0.0108"
"104.1600","-52.0483","-0.0108"
"104.1800","-52.0573","-0.0108"
"104.2000","-52.0668","-0.0108"
"104.2200","-52.0772","-0.0108"
"104.2400","-52.0880","-0.0109"
"104.2600","-52.0980","-0.0109"
"104.2800","-52.1074","-0.0109"
"104.3000","-52.1167","-0.0109"
"104.3200","-52.1269","-0.0109"
"104.3400","-52.1381","-0.0110"
"104.3600","-52.1488","-0.0110"
"104.3800","-52.1582","-0.0110"
"104.4000","-52.1673","-0.0110"
"104.4200","-52.1772","-0.0110"
"104.4400","-52.1880","-0.0111"
"104.4600","-52.1987","-0.0111"
"104.4800","-52.2083","-0.0111"
"104.5000","-52.2173","-0.0111"
"104.5200","-52.2268","-0.0111"
"104.5400","-52.2372","-0.0112"
"104.5600","-52.2480","-0.0112"
"104.5800","-52.2581","-0.0112"
"104.6000","-52.2676","-0.0112"
"104.6200","-52.2771","-0.0112"
"104.6400","-52.2872","-0.0113"
"104.6600","-52.2982","-0.0113"
"104.6800","-52.3088","-0.0113"
"104.7000","-52.3186","-0.0113"
"104.7200","-52.3280","-0.0113"
"104.7400","-52.3376","-0.0114"
"104.7600","-52.3481","-0.0114"
"104.7800","-52.3589","-0.0114"
"104.8000","-52.3686","-0.0114"
"104.8200","-52.3776","-0.0115"
"104.8400","-52.3868","-0.0115"
"104.8600","-52.3969","-0.0115"
"104.8800","-52.4078","-0.0115"
"104.9000","-52.4181","-0.0115"
"104.9200","-52.4276","-0.0116"
"104.9400","-52.4371","-0.0116"
"104.9600","-52.4472","-0.0116"
"104.9800","-52.4581","-0.0116"
"105.0000","-52.4686","-0.0116"
"105.0200","-52.4782","-0.0117"
"105.0400","-52.4875","-0.0117"
"105.0600","-52.4972","-0.0117"
"105.0800","-52.5077","-0.0117"
"105.1000","-52.5185","-0.0117"
"105.1200","-52.5286","-0.0118"
"105.1400","-52.5380","-0.0118"
"105.1600","-52.5471","-0.0118"
"105.1800","-52.5569","-0.0118"
"105.2000","-52.5675","-0.0118"
"105.2200","-52.5779","-0.0119"
"105.2400","-52.5874","-0.0119"
"105.2600","-52.5966","-0.0119"
"105.2800","-52.6064","-0.0119"
"105.3000","-52.6175","-0.0120"
"105.3200","-52.6288","-0.0120"
"105.3400","-52.6388","-0.0120"
"105.3600","-52.6482","-0.0120"
"105.3800","-52.6578","-0.0120"
"105.4000","-52.6680","-0.0121"
"105.4200","-52.6785","-0.0121"
"105.4400","-52.6884","-0.0121"
"105.4600","-52.6976","-0.0121"
"105.4800","-52.7070","-0.0121"
"105.5000","-52.7170","-0.0122"
"105.5200","-52.7278","-0.0122"
"105.5400","-52.7384","-0.0122"
"105.5600","-52.7482","-0.0122"
"105.5800","-52.7574","-0.0123"
"105.6000","-52.7667","-0.0123"
"105.6200","-52.7770","-0.0123"
"105.6400","-52.7881","-0.0123"
"105.6600","-52.7984","-0.0123"
"105.6800","-52.8078","-0.0124"
"105.7000","-52.8173","-0.0124"
"105.7200","-52.8277","-0.0124"
"105.7400","-52.8387","-0.0124"
"105.7600","-52.8490","-0.0125"
"105.7800","-52.8581","-0.0125"
"105.8000","-52.8670","-0.0125"
"105.8200","-52.8766","-0.0125"
"105.8400","-52.8871","-0.0125"
"105.8600","-52.8977","-0.0126"
"105.8800","-52.9076","-0.0126"
"105.9000","-52.9172","-0.0126"
"105.9200","-52.9270","-0.0126"
"105.9400","-52.9376","-0.0127"
"105.9600","-52.9486","-0.0127"
"105.9800","-52.9587","-0.0127"
"106.0000","-52.9681","-0.0127"
"106.0200","-52.9774","-0.0127"
"106.0400","-52.9873","-0.0128"
"106.0600","-52.9981","-0.0128"
"106.0800","-53.0088","-0.0128"
"106.1000","-53.0183","-0.0128"
"106.1200","-53.0274","-0.0128"
"106.1400","-53.0370","-0.0129"
"106.1600","-53.0475","-0.0129"
"106.1800","-53.0581","-0.0129"
"106.2000","-53.0679","-0.0129"
"106.2200","-53.0771","-0.0130"
"106.2400","-53.0866","-0.0130"
"106.2600","-53.0970","-0.0130"
"106.2800","-53.1081","-0.0130"
"106.3000","-53.1186","-0.0131"
"106.3200","-53.1282","-0.0131"
"106.3400","-53.1376","-0.0131"
"106.3600","-53.1475","-0.0131"
"106.3800","-53.1580","-0.0131"
"106.4000","-53.1685","-0.0132"
"106.4200","-53.1781","-0.0132"
"106.4400","-53.1873","-0.0132"
"106.4600","-53.1965","-0.0132"
"106.4800","-53.2066","-0.0132"
"106.5000","-53.2175","-0.0133"
"106.5200","-53.2280","-0.0133"
"106.5400","-53.2375","-0.0133"
"106.5600","-53.2469","-0.0133"
"106.5800","-53.2568","-0.0134"
"106.6000","-53.2677","-0.0134"
"106.6200","-53.2783","-0.0134"
"106.6400","-53.2879","-0.0134"
"106.6600","-53.2974","-0.0134"
"106.6800","-53.3072","-0.0135"
"106.7000","-53.3180","-0.0135"
"106.7200","-53.3287","-0.0135"
"106.7400","-53.3385","-0.0135"
"106.7600","-53.3477","-0.0136"
"106.7800","-53.3570","-0.0136"
"106.8000","-53.3670","-0.0136"
"106.8200","-53.3777","-0.0136"
"106.8400","-53.3880","-0.0137"
"106.8600","-53.3975","-0.0137"
"106.8800","-53.4069","-0.0137"
"106.9000","-53.4168","-0.0137"
"106.9200","-53.4278","-0.0137"
"106.9400","-53.4388","-0.0138"
"106.9600","-53.4488","-0.0138"
"106.9800","-53.4580","-0.0138"
"107.0000","-53.4674","-0.0138"
"107.0200","-53.4776","-0.0139"
"107.0400","-53.4883","-0.0139"
"107.0600","-53.4982","-0.0139"
"107.0800","-53.5074","-0.0139"
"107.1000","-53.5167","-0.0140"
"107.1200","-53.5268","-0.0140"
"107.1400","-53.5377","-0.0140"
"107.1600","-53.5481","-0.0140"
"107.1800","-53.5575","-0.0140"
"107.2000","-53.5668","-0.0141"
"107.2200","-53.5766","-0.0141"
"107.2400","-53.5873","-0.0141"
"107.2600","-53.5983","-0.0141"
"107.2800","-53.6084","-0.0142"
"107.3000","-53.6180","-0.0142"
"107.3200","-53.6276","-0.0142"
"107.3400","-53.6380","-0.0142"
"107.3600","-53.6489","-0.0143"
"107.3800","-53.6589","-0.0143"
"107.4000","-53.6679","-0.0143"
"107.4200","-53.6767","-0.0143"
"107.4400","-53.6863","-0.0144"
"107.4600","-53.6971","-0.0144"
"107.4800","-53.7079","-0.0144"
"107.5000","-53.7176","-0.0144"
"107.5200","-53.7270","-0.0144"
"107.5400","-53.7369","-0.0145"
"107.5600","-53.7477","-0.0145"
"107.5800","-53.7586","-0.0145"
"107.6000","-53.7685","-0.0145"
"107.6200","-53.7778","-0.0146"
"107.6400","-53.7872","-0.0146"
"107.6600","-53.7974","-0.0146"
"107.6800","-53.8083","-0.0146"
"107.7000","-53.8188","-0.0146"
"107.7200","-53.8282","-0.0147"
"107.7400","-53.8372","-0.0147"
"107.7600","-53.8466","-0.0147"
"107.7800","-53.8571","-0.0147"
"107.8000","-53.8679","-0.0148"
"107.8200","-53.8778","-0.0148"
"107.8400","-53.8871","-0.0148"
"107.8600","-53.8967","-0.0148"
"107.8800","-53.9073","-0.0149"
"107.9000","-53.9185","-0.0149"
"107.9200","-53.9288","-0.0149"
"107.9400","-53.9382","-0.0149"
"107.9600","-53.9476","-0.0149"
"107.9800","-53.9573","-0.0150"
"108.0000","-53.9678","-0.0150"
"108.0200","-53.9779","-0.0150"
"108.0400","-53.9873","-0.0150"
"108.0600","-53.9965","-0.0151"
"108.0800","-54.0062","-0.0151"
"108.1000","-54.0165","-0.0151"
"108.1200","-54.0275","-0.0151"
"108.1400","-54.0378","-0.0152"
"108.1600","-54.0472","-0.0152"
"108.1800","-54.0566","-0.0152"
"108.2000","-54.0666","-0.0152"
"108.2200","-54.0777","-0.0153"
"108.2400","-54.0886","-0.0153"
"108.2600","-54.0983","-0.0153"
"108.2800","-54.1074","-0.0153"
"108.3000","-54.1171","-0.0153"
"108.3200","-54.1281","-0.0154"
"108.3400","-54.1391","-0.0154"
"108.3600","-54.1488","-0.0154"
"108.3800","-54.1576","-0.0154"
"108.4000","-54.1669","-0.0155"
"108.4200","-54.1772","-0.0155"
"108.4400","-54.1880","-0.0155"
"108.4600","-54.1979","-0.0155"
"108.4800","-54.2072","-0.0156"
"108.5000","-54.2167","-0.0156"
"108.5200","-54.2270","-0.0156"
"108.5400","-54.2382","-0.0156"
"108.5600","-54.2490","-0.0157"
"108.5800","-54.2586","-0.0157"
"108.6000","-54.2677","-0.0157"
"108.6200","-54.2771","-0.0157"
"108.6400","-54.2876","-0.0157"
"108.6600","-54.2987","-0.0158"
"108.6800","-54.3087","-0.0158"
"108.7000","-54.3178","-0.0158"
"108.7200","-54.3271","-0.0158"
"108.7400","-54.3372","-0.0159"
"108.7600","-54.3483","-0.0159"
"108.7800","-54.3586","-0.0159"
"108.8000","-54.3676","-0.0159"
"108.8200","-54.3767","-0.0159"
"108.8400","-54.3865","-0.0160"
"108.8600","-54.3975","-0.0160"
"108.8800","-54.4084","-0.0160"
"108.9000","-54.4184","-0.0161"
"108.9200","-54.4279","-0.0161"
"108.9400","-54.4377","-0.0161"
"108.9600","-54.4480","-0.0161"
"108.9800","-54.4587","-0.0162"
"109.0000","-54.4687","-0.0162"
"109.0200","-54.4778","-0.0162"
"109.0400","-54.4868","-0.0162"
"109.0600","-54.4965","-0.0162"
"109.0800","-54.5072","-0.0163"
"109.1000","-54.5179","-0.0163"
"109.1200","-54.5277","-0.0163"
"109.1400","-54.5371","-0.0163"
"109.1600","-54.5468","-0.0164"
"109.1800","-54.5576","-0.0164"
"109.2000","-54.5685","-0.0164"
"109.2200","-54.5784","-0.0164"
"109.2400","-54.5878","-0.0165"
"109.2600","-54.5974","-0.0165"
"109.2800","-54.6078","-0.0165"
"109.3000","-54.6188","-0.0165"
"109.3200","-54.6288","-0.0166"
"109.3400","-54.6381","-0.0166"
"109.3600","-54.6472","-0.0166"
"109.3800","-54.6567","-0.0166"
"109.4000","-54.6672","-0.0166"
"109.4200","-54.6777","-0.0167"
"109.4400","-54.6875","-0.0167"
"109.4600","-54.6969","-0.0167"
"109.4800","-54.7065","-0.0167"
"109.5000","-54.7170","-0.0168"
"109.5200","-54.7282","-0.0168"
"109.5400","-54.7387","-0.0168"
"109.5600","-54.7481","-0.0168"
"109.5800","-54.7574","-0.0168"
"109.6000","-54.7673","-0.0169"
"109.6200","-54.7781","-0.0169"
"109.6400","-54.7885","-0.0169"
"109.6600","-54.7979","-0.0169"
"109.6800","-54.8070","-0.0170"
"109.7000","-54.8166","-0.0170"
"109.7200","-54.8271","-0.0170"
"109.7400","-54.8380","-0.0170"
"109.7600","-54.8481","-0.0171"
"109.7800","-54.8575","-0.0171"
"109.8000","-54.8671","-0.0171"
"109.8200","-54.8772","-0.0171"
"109.8400","-54.8881","-0.0172"
"109.8600","-54.8986","-0.0172"
"109.8800","-54.9082","-0.0172"
"109.9000","-54.9176","-0.0172"
"109.9200","-54.9275","-0.0172"
"109.9400","-54.9384","-0.0173"
"109.9600","-54.9490","-0.0173"
"109.9800","-54.9585","-0.0173"
"110.0000","-54.9673","-0.0173"
"110.0200","-54.9765","-0.0174"
"110.0400","-54.9868","-0.0174"
"110.0600","-54.9977","-0.0174"
"110.0650","-55.0002","-0.0174"

