Time,Displacement,Force
(s),(mm),(kN)
"0.0000","-0.2269","-0.0029"
"0.0200","-0.2269","-0.0029"
"0.0400","-0.2273","-0.0029"
"0.0600","-0.2282","-0.0029"
"0.0800","-0.2298","-0.0029"
"0.1000","-0.2324","-0.0029"
"0.1200","-0.2385","-0.0030"
"0.1400","-0.2497","-0.0030"
"0.1600","-0.2637","-0.0031"
"0.1800","-0.2766","-0.0031"
"0.2000","-0.2866","-0.0031"
"0.2200","-0.2948","-0.0032"
"0.2400","-0.3026","-0.0032"
"0.2600","-0.3112","-0.0032"
"0.2800","-0.3208","-0.0032"
"0.3000","-0.3304","-0.0032"
"0.3200","-0.3395","-0.0032"
"0.3400","-0.3487","-0.0033"
"0.3600","-0.3585","-0.0033"
"0.3800","-0.3694","-0.0033"
"0.4000","-0.3803","-0.0033"
"0.4200","-0.3901","-0.0034"
"0.4400","-0.3991","-0.0034"
"0.4600","-0.4082","-0.0034"
"0.4800","-0.4183","-0.0034"
"0.5000","-0.4290","-0.0034"
"0.5200","-0.4391","-0.0034"
"0.5400","-0.4483","-0.0035"
"0.5600","-0.4575","-0.0035"
"0.5800","-0.4673","-0.0035"
"0.6000","-0.4779","-0.0035"
"0.6200","-0.4882","-0.0035"
"0.6400","-0.4977","-0.0036"
"0.6600","-0.5068","-0.0036"
"0.6800","-0.5164","-0.0036"
"0.7000","-0.5271","-0.0036"
"0.7200","-0.5386","-0.0036"
"0.7400","-0.5493","-0.0036"
"0.7600","-0.5589","-0.0036"
"0.7800","-0.5681","-0.0037"
"0.8000","-0.5777","-0.0037"
"0.8200","-0.5881","-0.0037"
"0.8400","-0.5982","-0.0037"
"0.8600","-0.6074","-0.0038"
"0.8800","-0.6165","-0.0038"
"0.9000","-0.6263","-0.0038"
"0.9200","-0.6373","-0.0038"
"0.9400","-0.6484","-0.0038"
"0.9600","-0.6583","-0.0038"
"0.9800","-0.6675","-0.0039"
"1.0000","-0.6770","-0.0039"
"1.0200","-0.6872","-0.0039"
"1.0400","-0.6982","-0.0039"
"1.0600","-0.7084","-0.0039"
"1.0800","-0.7180","-0.0040"
"1.1000","-0.7276","-0.0040"
"1.1200","-0.7377","-0.0040"
"1.1400","-0.7484","-0.0040"
"1.1600","-0.7588","-0.0040"
"1.1800","-0.7681","-0.0040"
"1.2000","-0.7768","-0.0040"
"1.2200","-0.7857","-0.0041"
"1.2400","-0.7960","-0.0041"
"1.2600","-0.8072","-0.0041"
"1.2800","-0.8179","-0.0041"
"1.3000","-0.8277","-0.0041"
"1.3200","-0.8373","-0.0041"
"1.3400","-0.8477","-0.0042"
"1.3600","-0.8588","-0.0042"
"1.3800","-0.8691","-0.0042"
"1.4000","-0.8785","-0.0042"
"1.4200","-0.8878","-0.0042"
"1.4400","-0.8975","-0.0042"
"1.4600","-0.9080","-0.0042"
"1.4800","-0.9184","-0.0043"
"1.5000","-0.9282","-0.0043"
"1.5200","-0.9375","-0.0043"
"1.5400","-0.9471","-0.0043"
"1.5600","-0.9573","-0.0043"
"1.5800","-0.9681","-0.0043"
"1.6000","-0.9782","-0.0044"
"1.6200","-0.9875","-0.0044"
"1.6400","-0.9968","-0.0044"
"1.6600","-1.0066","-0.0044"
"1.6800","-1.0176","-0.0044"
"1.7000","-1.0285","-0.0044"
"1.7200","-1.0385","-0.0044"
"1.7400","-1.0478","-0.0045"
"1.7600","-1.0575","-0.0045"
"1.7800","-1.0679","-0.0045"
"1.8000","-1.0785","-0.0045"
"1.8200","-1.0881","-0.0045"
"1.8400","-1.0971","-0.0045"
"1.8600","-1.1064","-0.0045"
"1.8800","-1.1165","-0.0046"
"1.9000","-1.1275","-0.0046"
"1.9200","-1.1381","-0.0046"
"1.9400","-1.1478","-0.0046"
"1.9600","-1.1573","-0.0046"
"1.9800","-1.1672","-0.0046"
"2.0000","-1.1779","-0.0046"
"2.0200","-1.1886","-0.0046"
"2.0400","-1.1984","-0.0047"
"2.0600","-1.2076","-0.0047"
"2.0800","-1.2171","-0.0047"
"2.1000","-1.2276","-0.0047"
"2.1200","-1.2388","-0.0047"
"2.1400","-1.2491","-0.0048"
"2.1600","-1.2582","-0.0048"
"2.1800","-1.2670","-0.0048"
"2.2000","-1.2766","-0.0048"
"2.2200","-1.2873","-0.0048"
"2.2400","-1.2979","-0.0048"
"2.2600","-1.3075","-0.0048"
"2.2800","-1.3168","-0.0048"
"2.3000","-1.3269","-0.0049"
"2.3200","-1.3377","-0.0049"
"2.3400","-1.3486","-0.0049"
"2.3600","-1.3583","-0.0049"
"2.3800","-1.3675","-0.0049"
"2.4000","-1.3770","-0.0049"
"2.4200","-1.3870","-0.0049"
"2.4400","-1.3977","-0.0050"
"2.4600","-1.4081","-0.0050"
"2.4800","-1.4179","-0.0050"
"2.5000","-1.4273","-0.0050"
"2.5200","-1.4372","-0.0050"
"2.5400","-1.4480","-0.0050"
"2.5600","-1.4586","-0.0050"
"2.5800","-1.4680","-0.0050"
"2.6000","-1.4770","-0.0051"
"2.6200","-1.4865","-0.0051"
"2.6400","-1.4971","-0.0051"
"2.6600","-1.5083","-0.0051"
"2.6800","-1.5186","-0.0051"
"2.7000","-1.5282","-0.0051"
"2.7200","-1.5377","-0.0051"
"2.7400","-1.5478","-0.0051"
"2.7600","-1.5584","-0.0052"
"2.7800","-1.5685","-0.0052"
"2.8000","-1.5778","-0.0052"
"2.8200","-1.5871","-0.0052"
"2.8400","-1.5967","-0.0052"
"2.8600","-1.6072","-0.0052"
"2.8800","-1.6178","-0.0052"
"2.9000","-1.6278","-0.0052"
"2.9200","-1.6373","-0.0052"
"2.9400","-1.6469","-0.0053"
"2.9600","-1.6572","-0.0053"
"2.9800","-1.6682","-0.0053"
"3.0000","-1.6787","-0.0053"
"3.0200","-1.6880","-0.0053"
"3.0400","-1.6972","-0.0053"
"3.0600","-1.7070","-0.0053"
"3.0800","-1.7177","-0.0053"
"3.1000","-1.7284","-0.0054"
"3.1200","-1.7380","-0.0054"
"3.1400","-1.7471","-0.0054"
"3.1600","-1.7565","-0.0054"
"3.1800","-1.7668","-0.0054"
"3.2000","-1.7776","-0.0054"
"3.2200","-1.7876","-0.0054"
"3.2400","-1.7970","-0.0054"
"3.2600","-1.8067","-0.0055"
"3.2800","-1.8169","-0.0055"
"3.3000","-1.8279","-0.0055"
"3.3200","-1.8386","-0.0055"
"3.3400","-1.8483","-0.0055"
"3.3600","-1.8576","-0.0055"
"3.3800","-1.8672","-0.0055"
"3.4000","-1.8778","-0.0055"
"3.4200","-1.8887","-0.0055"
"3.4400","-1.8985","-0.0056"
"3.4600","-1.9077","-0.0056"
"3.4800","-1.9170","-0.0056"
"3.5000","-1.9272","-0.0056"
"3.5200","-1.9381","-0.0056"
"3.5400","-1.9481","-0.0056"
"3.5600","-1.9572","-0.0056"
"3.5800","-1.9664","-0.0056"
"3.6000","-1.9765","-0.0057"
"3.6200","-1.9875","-0.0057"
"3.6400","-1.9982","-0.0057"
"3.6600","-2.0080","-0.0057"
"3.6800","-2.0176","-0.0057"
"3.7000","-2.0275","-0.0057"
"3.7200","-2.0379","-0.0057"
"3.7400","-2.0486","-0.0057"
"3.7600","-2.0585","-0.0058"
"3.7800","-2.0677","-0.0058"
"3.8000","-2.0769","-0.0058"
"3.8200","-2.0867","-0.0058"
"3.8400","-2.0974","-0.0058"
"3.8600","-2.1078","-0.0058"
"3.8800","-2.1173","-0.0058"
"3.9000","-2.1268","-0.0058"
"3.9200","-2.1368","-0.0058"
"3.9400","-2.1480","-0.0058"
"3.9600","-2.1589","-0.0059"
"3.9800","-2.1687","-0.0059"
"4.0000","-2.1779","-0.0059"
"4.0200","-2.1875","-0.0059"
"4.0400","-2.1979","-0.0059"
"4.0600","-2.2087","-0.0059"
"4.0800","-2.2187","-0.0059"
"4.1000","-2.2282","-0.0059"
"4.1200","-2.2375","-0.0059"
"4.1400","-2.2473","-0.0060"
"4.1600","-2.2577","-0.0060"
"4.1800","-2.2680","-0.0060"
"4.2000","-2.2776","-0.0060"
"4.2200","-2.2868","-0.0060"
"4.2400","-2.2964","-0.0060"
"4.2600","-2.3069","-0.0060"
"4.2800","-2.3181","-0.0060"
"4.3000","-2.3286","-0.0060"
"4.3200","-2.3381","-0.0061"
"4.3400","-2.3476","-0.0061"
"4.3600","-2.3578","-0.0061"
"4.3800","-2.3685","-0.0061"
"4.4000","-2.3787","-0.0061"
"4.4200","-2.3878","-0.0061"
"4.4400","-2.3967","-0.0061"
"4.4600","-2.4064","-0.0061"
"4.4800","-2.4171","-0.0061"
"4.5000","-2.4278","-0.0061"
"4.5200","-2.4378","-0.0061"
"4.5400","-2.4473","-0.0061"
"4.5600","-2.4568","-0.0062"
"4.5800","-2.4672","-0.0062"
"4.6000","-2.4781","-0.0062"
"4.6200","-2.4885","-0.0062"
"4.6400","-2.4982","-0.0062"
"4.6600","-2.5076","-0.0062"
"4.6800","-2.5176","-0.0062"
"4.7000","-2.5285","-0.0062"
"4.7200","-2.5390","-0.0063"
"4.7400","-2.5484","-0.0063"
"4.7600","-2.5575","-0.0063"
"4.7800","-2.5670","-0.0063"
"4.8000","-2.5774","-0.0063"
"4.8200","-2.5881","-0.0063"
"4.8400","-2.5978","-0.0063"
"4.8600","-2.6069","-0.0063"
"4.8800","-2.6164","-0.0063"
"4.9000","-2.6268","-0.0063"
"4.9200","-2.6380","-0.0063"
"4.9400","-2.6486","-0.0063"
"4.9600","-2.6582","-0.0064"
"4.9800","-2.6675","-0.0064"
"5.0000","-2.6773","-0.0064"
"5.0200","-2.6878","-0.0064"
"5.0400","-2.6984","-0.0064"
"5.0600","-2.7080","-0.0064"
"5.0800","-2.7171","-0.0064"
"5.1000","-2.7263","-0.0064"
"5.1200","-2.7366","-0.0064"
"5.1400","-2.7476","-0.0064"
"5.1600","-2.7579","-0.0064"
"5.1800","-2.7673","-0.0065"
"5.2000","-2.7766","-0.0065"
"5.2200","-2.7867","-0.0065"
"5.2400","-2.7979","-0.0065"
"5.2600","-2.8085","-0.0065"
"5.2800","-2.8181","-0.0065"
"5.3000","-2.8275","-0.0065"
"5.3200","-2.8374","-0.0065"
"5.3400","-2.8481","-0.0065"
"5.3600","-2.8587","-0.0065"
"5.3800","-2.8683","-0.0066"
"5.4000","-2.8774","-0.0066"
"5.4200","-2.8866","-0.0066"
"5.4400","-2.8965","-0.0066"
"5.4600","-2.9072","-0.0066"
"5.4800","-2.9176","-0.0066"
"5.5000","-2.9273","-0.0066"
"5.5200","-2.9369","-0.0066"
"5.5400","-2.9471","-0.0066"
"5.5600","-2.9581","-0.0066"
"5.5800","-2.9688","-0.0067"
"5.6000","-2.9784","-0.0067"
"5.6200","-2.9875","-0.0067"
"5.6400","-2.9969","-0.0067"
"5.6600","-3.0074","-0.0067"
"5.6800","-3.0183","-0.0067"
"5.7000","-3.0283","-0.0067"
"5.7200","-3.0375","-0.0067"
"5.7400","-3.0467","-0.0067"
"5.7600","-3.0566","-0.0067"
"5.7800","-3.0673","-0.0067"
"5.8000","-3.0777","-0.0067"
"5.8200","-3.0873","-0.0067"
"5.8400","-3.0968","-0.0067"
"5.8600","-3.1066","-0.0067"
"5.8800","-3.1173","-0.0068"
"5.9000","-3.1283","-0.0068"
"5.9200","-3.1385","-0.0068"
"5.9400","-3.1479","-0.0068"
"5.9600","-3.1572","-0.0068"
"5.9800","-3.1674","-0.0068"
"6.0000","-3.1784","-0.0068"
"6.0200","-3.1886","-0.0068"
"6.0400","-3.1978","-0.0068"
"6.0600","-3.2067","-0.0068"
"6.0800","-3.2164","-0.0068"
"6.1000","-3.2272","-0.0068"
"6.1200","-3.2379","-0.0068"
"6.1400","-3.2476","-0.0068"
"6.1600","-3.2569","-0.0068"
"6.1800","-3.2667","-0.0069"
"6.2000","-3.2773","-0.0069"
"6.2200","-3.2882","-0.0069"
"6.2400","-3.2983","-0.0069"
"6.2600","-3.3079","-0.0069"
"6.2800","-3.3175","-0.0069"
"6.3000","-3.3276","-0.0069"
"6.3200","-3.3383","-0.0069"
"6.3400","-3.3485","-0.0069"
"6.3600","-3.3578","-0.0069"
"6.3800","-3.3669","-0.0069"
"6.4000","-3.3765","-0.0070"
"6.4200","-3.3871","-0.0070"
"6.4400","-3.3980","-0.0070"
"6.4600","-3.4079","-0.0070"
"6.4800","-3.4171","-0.0070"
"6.5000","-3.4266","-0.0070"
"6.5200","-3.4372","-0.0070"
"6.5400","-3.4484","-0.0070"
"6.5600","-3.4587","-0.0070"
"6.5800","-3.4681","-0.0070"
"6.6000","-3.4774","-0.0070"
"6.6200","-3.4874","-0.0070"
"6.6400","-3.4980","-0.0070"
"6.6600","-3.5084","-0.0070"
"6.6800","-3.5179","-0.0070"
"6.7000","-3.5274","-0.0070"
"6.7200","-3.5371","-0.0070"
"6.7400","-3.5474","-0.0070"
"6.7600","-3.5580","-0.0070"
"6.7800","-3.5678","-0.0071"
"6.8000","-3.5771","-0.0071"
"6.8200","-3.5866","-0.0071"
"6.8400","-3.5968","-0.0071"
"6.8600","-3.6080","-0.0071"
"6.8800","-3.6187","-0.0071"
"6.9000","-3.6282","-0.0071"
"6.9200","-3.6375","-0.0071"
"6.9400","-3.6473","-0.0071"
"6.9600","-3.6579","-0.0071"
"6.9800","-3.6685","-0.0071"
"7.0000","-3.6779","-0.0071"
"7.0200","-3.6869","-0.0071"
"7.0400","-3.6964","-0.0071"
"7.0600","-3.7070","-0.0071"
"7.0800","-3.7179","-0.0071"
"7.1000","-3.7280","-0.0072"
"7.1200","-3.7375","-0.0072"
"7.1400","-3.7470","-0.0072"
"7.1600","-3.7571","-0.0072"
"7.1800","-3.7679","-0.0072"
"7.2000","-3.7784","-0.0072"
"7.2200","-3.7880","-0.0072"
"7.2400","-3.7974","-0.0072"
"7.2600","-3.8070","-0.0072"
"7.2800","-3.8176","-0.0072"
"7.3000","-3.8286","-0.0072"
"7.3200","-3.8385","-0.0072"
"7.3400","-3.8477","-0.0072"
"7.3600","-3.8569","-0.0072"
"7.3800","-3.8669","-0.0072"
"7.4000","-3.8778","-0.0073"
"7.4200","-3.8881","-0.0073"
"7.4400","-3.8975","-0.0073"
"7.4600","-3.9069","-0.0073"
"7.4800","-3.9170","-0.0073"
"7.5000","-3.9278","-0.0073"
"7.5200","-3.9386","-0.0073"
"7.5400","-3.9483","-0.0073"
"7.5600","-3.9574","-0.0073"
"7.5800","-3.9669","-0.0073"
"7.6000","-3.9772","-0.0073"
"7.6200","-3.9880","-0.0073"
"7.6400","-3.9982","-0.0073"
"7.6600","-4.0076","-0.0073"
"7.6800","-4.0167","-0.0073"
"7.7000","-4.0265","-0.0073"
"7.7200","-4.0373","-0.0073"
"7.7400","-4.0479","-0.0073"
"7.7600","-4.0575","-0.0073"
"7.7800","-4.0667","-0.0073"
"7.8000","-4.0765","-0.0074"
"7.8200","-4.0874","-0.0074"
"7.8400","-4.0986","-0.0074"
"7.8600","-4.1085","-0.0074"
"7.8800","-4.1178","-0.0074"
"7.9000","-4.1274","-0.0074"
"7.9200","-4.1377","-0.0074"
"7.9400","-4.1486","-0.0074"
"7.9600","-4.1586","-0.0074"
"7.9800","-4.1679","-0.0074"
"8.0000","-4.1772","-0.0074"
"8.0200","-4.1869","-0.0074"
"8.0400","-4.1975","-0.0074"
"8.0600","-4.2081","-0.0074"
"8.0800","-4.2178","-0.0074"
"8.1000","-4.2271","-0.0074"
"8.1200","-4.2367","-0.0074"
"8.1400","-4.2472","-0.0074"
"8.1600","-4.2582","-0.0074"
"8.1800","-4.2684","-0.0074"
"8.2000","-4.2777","-0.0074"
"8.2200","-4.2871","-0.0074"
"8.2400","-4.2972","-0.0074"
"8.2600","-4.3082","-0.0074"
"8.2800","-4.3186","-0.0074"
"8.3000","-4.3281","-0.0075"
"8.3200","-4.3373","-0.0075"
"8.3400","-4.3469","-0.0075"
"8.3600","-4.3574","-0.0075"
"8.3800","-4.3679","-0.0075"
"8.4000","-4.3776","-0.0075"
"8.4200","-4.3869","-0.0075"
"8.4400","-4.3966","-0.0075"
"8.4600","-4.4071","-0.0075"
"8.4800","-4.4182","-0.0075"
"8.5000","-4.4287","-0.0075"
"8.5200","-4.4383","-0.0075"
"8.5400","-4.4478","-0.0075"
"8.5600","-4.4576","-0.0075"
"8.5800","-4.4682","-0.0075"
"8.6000","-4.4786","-0.0075"
"8.6200","-4.4881","-0.0075"
"8.6400","-4.4972","-0.0075"
"8.6600","-4.5067","-0.0076"
"8.6800","-4.5172","-0.0076"
"8.7000","-4.5282","-0.0076"
"8.7200","-4.5382","-0.0076"
"8.7400","-4.5474","-0.0076"
"8.7600","-4.5568","-0.0076"
"8.7800","-4.5668","-0.0076"
"8.8000","-4.5776","-0.0076"
"8.8200","-4.5881","-0.0076"
"8.8400","-4.5979","-0.0076"
"8.8600","-4.6076","-0.0076"
"8.8800","-4.6177","-0.0076"
"8.9000","-4.6283","-0.0076"
"8.9200","-4.6389","-0.0076"
"8.9400","-4.6485","-0.0076"
"8.9600","-4.6574","-0.0076"
"8.9800","-4.6664","-0.0076"
"9.0000","-4.6764","-0.0076"
"9.0200","-4.6875","-0.0076"
"9.0400","-4.6981","-0.0076"
"9.0600","-4.7075","-0.0076"
"9.0800","-4.7167","-0.0076"
"9.1000","-4.7267","-0.0076"
"9.1200","-4.7377","-0.0076"
"9.1400","-4.7484","-0.0077"
"9.1600","-4.7580","-0.0077"
"9.1800","-4.7674","-0.0077"
"9.2000","-4.7773","-0.0077"
"9.2200","-4.7880","-0.0077"
"9.2400","-4.7986","-0.0077"
"9.2600","-4.8083","-0.0077"
"9.2800","-4.8175","-0.0077"
"9.3000","-4.8270","-0.0077"
"9.3200","-4.8371","-0.0077"
"9.3400","-4.8479","-0.0077"
"9.3600","-4.8583","-0.0077"
"9.3800","-4.8677","-0.0077"
"9.4000","-4.8769","-0.0077"
"9.4200","-4.8866","-0.0077"
"9.4400","-4.8973","-0.0077"
"9.4600","-4.9083","-0.0077"
"9.4800","-4.9183","-0.0077"
"9.5000","-4.9277","-0.0077"
"9.5200","-4.9373","-0.0077"
"9.5400","-4.9477","-0.0077"
"9.5600","-4.9586","-0.0077"
"9.5800","-4.9684","-0.0077"
"9.6000","-4.9774","-0.0077"
"9.6200","-4.9866","-0.0078"
"9.6400","-4.9966","-0.0078"
"9.6600","-5.0074","-0.0078"
"9.6800","-5.0178","-0.0078"
"9.7000","-5.0275","-0.0078"
"9.7200","-5.0370","-0.0078"
"9.7400","-5.0468","-0.0078"
"9.7600","-5.0573","-0.0078"
"9.7800","-5.0683","-0.0078"
"9.8000","-5.0784","-0.0078"
"9.8200","-5.0878","-0.0078"
"9.8400","-5.0972","-0.0078"
"9.8600","-5.1072","-0.0078"
"9.8800","-5.1182","-0.0078"
"9.9000","-5.1287","-0.0078"
"9.9200","-5.1381","-0.0078"
"9.9400","-5.1471","-0.0078"
"9.9600","-5.1565","-0.0078"
"9.9800","-5.1670","-0.0078"
"10.0000","-5.1776","-0.0078"
"10.0200","-5.1874","-0.0078"
"10.0400","-5.1969","-0.0078"
"10.0600","-5.2069","-0.0078"
"10.0800","-5.2176","-0.0078"
"10.1000","-5.2286","-0.0078"
"10.1200","-5.2386","-0.0078"
"10.1400","-5.2478","-0.0078"
"10.1600","-5.2572","-0.0078"
"10.1800","-5.2672","-0.0078"
"10.2000","-5.2779","-0.0078"
"10.2200","-5.2884","-0.0078"
"10.2400","-5.2979","-0.0078"
"10.2600","-5.3069","-0.0078"
"10.2800","-5.3163","-0.0078"
"10.3000","-5.3268","-0.0079"
"10.3200","-5.3377","-0.0079"
"10.3400","-5.3477","-0.0079"
"10.3600","-5.3569","-0.0079"
"10.3800","-5.3663","-0.0079"
"10.4000","-5.3766","-0.0079"
"10.4200","-5.3879","-0.0079"
"10.4400","-5.3986","-0.0079"
"10.4600","-5.4081","-0.0079"
"10.4800","-5.4174","-0.0079"
"10.5000","-5.4274","-0.0079"
"10.5200","-5.4383","-0.0079"
"10.5400","-5.4489","-0.0079"
"10.5600","-5.4584","-0.0079"
"10.5800","-5.4672","-0.0079"
"10.6000","-5.4764","-0.0079"
"10.6200","-5.4865","-0.0079"
"10.6400","-5.4973","-0.0079"
"10.6600","-5.5078","-0.0079"
"10.6800","-5.5175","-0.0079"
"10.7000","-5.5270","-0.0079"
"10.7200","-5.5371","-0.0079"
"10.7400","-5.5480","-0.0079"
"10.7600","-5.5585","-0.0079"
"10.7800","-5.5680","-0.0079"
"10.8000","-5.5771","-0.0079"
"10.8200","-5.5869","-0.0079"
"10.8400","-5.5977","-0.0079"
"10.8600","-5.6085","-0.0079"
"10.8800","-5.6183","-0.0079"
"10.9000","-5.6275","-0.0079"
"10.9200","-5.6370","-0.0079"
"10.9400","-5.6471","-0.0079"
"10.9600","-5.6578","-0.0079"
"10.9800","-5.6679","-0.0079"
"11.0000","-5.6773","-0.0079"
"11.0200","-5.6867","-0.0079"
"11.0400","-5.6968","-0.0079"
"11.0600","-5.7077","-0.0079"
"11.0800","-5.7185","-0.0079"
"11.1000","-5.7284","-0.0080"
"11.1200","-5.7379","-0.0080"
"11.1400","-5.7474","-0.0080"
"11.1600","-5.7578","-0.0080"
"11.1800","-5.7685","-0.0080"
"11.2000","-5.7784","-0.0080"
"11.2200","-5.7875","-0.0080"
"11.2400","-5.7966","-0.0080"
"11.2600","-5.8066","-0.0080"
"11.2800","-5.8176","-0.0080"
"11.3000","-5.8282","-0.0080"
"11.3200","-5.8377","-0.0080"
"11.3400","-5.8469","-0.0080"
"11.3600","-5.8567","-0.0080"
"11.3800","-5.8674","-0.0080"
"11.4000","-5.8782","-0.0080"
"11.4200","-5.8882","-0.0080"
"11.4400","-5.8978","-0.0080"
"11.4600","-5.9075","-0.0080"
"11.4800","-5.9178","-0.0080"
"11.5000","-5.9285","-0.0080"
"11.5200","-5.9385","-0.0080"
"11.5400","-5.9478","-0.0080"
"11.5600","-5.9569","-0.0080"
"11.5800","-5.9665","-0.0080"
"11.6000","-5.9771","-0.0080"
"11.6200","-5.9879","-0.0080"
"11.6400","-5.9977","-0.0080"
"11.6600","-6.0070","-0.0080"
"11.6800","-6.0167","-0.0080"
"11.7000","-6.0276","-0.0080"
"11.7200","-6.0386","-0.0080"
"11.7400","-6.0485","-0.0080"
"11.7600","-6.0578","-0.0080"
"11.7800","-6.0673","-0.0080"
"11.8000","-6.0774","-0.0080"
"11.8200","-6.0883","-0.0081"
"11.8400","-6.0986","-0.0081"
"11.8600","-6.1081","-0.0081"
"11.8800","-6.1175","-0.0080"
"11.9000","-6.1272","-0.0081"
"11.9200","-6.1376","-0.0081"
"11.9400","-6.1482","-0.0080"
"11.9600","-6.1580","-0.0081"
"11.9800","-6.1671","-0.0080"
"12.0000","-6.1765","-0.0080"
"12.0200","-6.1869","-0.0081"
"12.0400","-6.1981","-0.0081"
"12.0600","-6.2087","-0.0081"
"12.0800","-6.2181","-0.0081"
"12.1000","-6.2274","-0.0081"
"12.1200","-6.2373","-0.0081"
"12.1400","-6.2482","-0.0081"
"12.1600","-6.2586","-0.0081"
"12.1800","-6.2680","-0.0081"
"12.2000","-6.2769","-0.0081"
"12.2200","-6.2864","-0.0081"
"12.2400","-6.2969","-0.0081"
"12.2600","-6.3076","-0.0081"
"12.2800","-6.3177","-0.0081"
"12.3000","-6.3273","-0.0081"
"12.3200","-6.3370","-0.0081"
"12.3400","-6.3474","-0.0081"
"12.3600","-6.3583","-0.0081"
"12.3800","-6.3688","-0.0081"
"12.4000","-6.3783","-0.0081"
"12.4200","-6.3875","-0.0081"
"12.4400","-6.3971","-0.0081"
"12.4600","-6.4078","-0.0081"
"12.4800","-6.4187","-0.0081"
"12.5000","-6.4286","-0.0081"
"12.5200","-6.4379","-0.0081"
"12.5400","-6.4474","-0.0081"
"12.5600","-6.4576","-0.0081"
"12.5800","-6.4682","-0.0081"
"12.6000","-6.4780","-0.0081"
"12.6200","-6.4871","-0.0081"
"12.6400","-6.4965","-0.0081"
"12.6600","-6.5069","-0.0081"
"12.6800","-6.5179","-0.0081"
"12.7000","-6.5286","-0.0081"
"12.7200","-6.5385","-0.0081"
"12.7400","-6.5479","-0.0081"
"12.7600","-6.5576","-0.0081"
"12.7800","-6.5679","-0.0081"
"12.8000","-6.5784","-0.0081"
"12.8200","-6.5882","-0.0081"
"12.8400","-6.5974","-0.0081"
"12.8600","-6.6067","-0.0081"
"12.8800","-6.6167","-0.0081"
"12.9000","-6.6277","-0.0081"
"12.9200","-6.6382","-0.0081"
"12.9400","-6.6478","-0.0081"
"12.9600","-6.6568","-0.0081"
"12.9800","-6.6662","-0.0081"
"13.0000","-6.6769","-0.0081"
"13.0200","-6.6879","-0.0081"
"13.0400","-6.6981","-0.0081"
"13.0600","-6.7078","-0.0081"
"13.0800","-6.7177","-0.0081"
"13.1000","-6.7283","-0.0081"
"13.1200","-6.7389","-0.0081"
"13.1400","-6.7486","-0.0081"
"13.1600","-6.7577","-0.0081"
"13.1800","-6.7668","-0.0081"
"13.2000","-6.7765","-0.0081"
"13.2200","-6.7870","-0.0081"
"13.2400","-6.7976","-0.0081"
"13.2600","-6.8074","-0.0081"
"13.2800","-6.8169","-0.0081"
"13.3000","-6.8267","-0.0081"
"13.3200","-6.8374","-0.0081"
"13.3400","-6.8483","-0.0081"
"13.3600","-6.8583","-0.0081"
"13.3800","-6.8675","-0.0081"
"13.4000","-6.8769","-0.0081"
"13.4200","-6.8873","-0.0081"
"13.4400","-6.8983","-0.0081"
"13.4600","-6.9086","-0.0081"
"13.4800","-6.9178","-0.0081"
"13.5000","-6.9271","-0.0081"
"13.5200","-6.9369","-0.0081"
"13.5400","-6.9475","-0.0081"
"13.5600","-6.9579","-0.0081"
"13.5800","-6.9673","-0.0081"
"13.6000","-6.9766","-0.0081"
"13.6200","-6.9863","-0.0081"
"13.6400","-6.9968","-0.0081"
"13.6600","-7.0080","-0.0081"
"13.6800","-7.0184","-0.0081"
"13.7000","-7.0282","-0.0081"
"13.7200","-7.0377","-0.0081"
"13.7400","-7.0476","-0.0081"
"13.7600","-7.0583","-0.0081"
"13.7800","-7.0685","-0.0081"
"13.8000","-7.0779","-0.0081"
"13.8200","-7.0870","-0.0081"
"13.8400","-7.0965","-0.0081"
"13.8600","-7.1069","-0.0081"
"13.8800","-7.1176","-0.0081"
"13.9000","-7.1275","-0.0081"
"13.9200","-7.1370","-0.0081"
"13.9400","-7.1468","-0.0081"
"13.9600","-7.1574","-0.0081"
"13.9800","-7.1682","-0.0081"
"14.0000","-7.1784","-0.0081"
"14.0200","-7.1878","-0.0081"
"14.0400","-7.1974","-0.0081"
"14.0600","-7.2074","-0.0081"
"14.0800","-7.2180","-0.0081"
"14.1000","-7.2286","-0.0081"
"14.1200","-7.2384","-0.0081"
"14.1400","-7.2477","-0.0081"
"14.1600","-7.2570","-0.0081"
"14.1800","-7.2670","-0.0081"
"14.2000","-7.2775","-0.0081"
"14.2200","-7.2875","-0.0081"
"14.2400","-7.2967","-0.0081"
"14.2600","-7.3061","-0.0081"
"14.2800","-7.3165","-0.0081"
"14.3000","-7.3280","-0.0081"
"14.3200","-7.3389","-0.0081"
"14.3400","-7.3486","-0.0081"
"14.3600","-7.3577","-0.0080"
"14.3800","-7.3673","-0.0080"
"14.4000","-7.3778","-0.0080"
"14.4200","-7.3883","-0.0080"
"14.4400","-7.3981","-0.0080"
"14.4600","-7.4074","-0.0080"
"14.4800","-7.4169","-0.0080"
"14.5000","-7.4270","-0.0080"
"14.5200","-7.4377","-0.0080"
"14.5400","-7.4479","-0.0080"
"14.5600","-7.4572","-0.0080"
"14.5800","-7.4664","-0.0080"
"14.6000","-7.4762","-0.0080"
"14.6200","-7.4871","-0.0080"
"14.6400","-7.4981","-0.0080"
"14.6600","-7.5080","-0.0080"
"14.6800","-7.5173","-0.0080"
"14.7000","-7.5270","-0.0080"
"14.7200","-7.5375","-0.0080"
"14.7400","-7.5482","-0.0080"
"14.7600","-7.5579","-0.0080"
"14.7800","-7.5670","-0.0080"
"14.8000","-7.5764","-0.0080"
"14.8200","-7.5866","-0.0080"
"14.8400","-7.5974","-0.0080"
"14.8600","-7.6077","-0.0080"
"14.8800","-7.6172","-0.0080"
"14.9000","-7.6268","-0.0080"
"14.9200","-7.6369","-0.0080"
"14.9400","-7.6479","-0.0080"
"14.9600","-7.6587","-0.0080"
"14.9800","-7.6686","-0.0080"
"15.0000","-7.6778","-0.0080"
"15.0200","-7.6870","-0.0080"
"15.0400","-7.6971","-0.0080"
"15.0600","-7.7080","-0.0080"
"15.0800","-7.7184","-0.0080"
"15.1000","-7.7279","-0.0080"
"15.1200","-7.7372","-0.0080"
"15.1400","-7.7471","-0.0080"
"15.1600","-7.7577","-0.0080"
"15.1800","-7.7680","-0.0080"
"15.2000","-7.7774","-0.0080"
"15.2200","-7.7865","-0.0080"
"15.2400","-7.7962","-0.0080"
"15.2600","-7.8068","-0.0080"
"15.2800","-7.8179","-0.0080"
"15.3000","-7.8284","-0.0080"
"15.3200","-7.8382","-0.0080"
"15.3400","-7.8478","-0.0080"
"15.3600","-7.8578","-0.0080"
"15.3800","-7.8682","-0.0080"
"15.4000","-7.8783","-0.0080"
"15.4200","-7.8877","-0.0081"
"15.4400","-7.8968","-0.0081"
"15.4600","-7.9063","-0.0081"
"15.4800","-7.9169","-0.0081"
"15.5000","-7.9278","-0.0081"
"15.5200","-7.9379","-0.0081"
"15.5400","-7.9473","-0.0081"
"15.5600","-7.9568","-0.0081"
"15.5800","-7.9673","-0.0081"
"15.6000","-7.9784","-0.0081"
"15.6200","-7.9885","-0.0081"
"15.6400","-7.9979","-0.0081"
"15.6600","-8.0072","-0.0081"
"15.6800","-8.0172","-0.0081"
"15.7000","-8.0280","-0.0081"
"15.7200","-8.0385","-0.0081"
"15.7400","-8.0481","-0.0081"
"15.7600","-8.0573","-0.0081"
"15.7800","-8.0668","-0.0081"
"15.8000","-8.0770","-0.0081"
"15.8200","-8.0877","-0.0081"
"15.8400","-8.0977","-0.0081"
"15.8600","-8.1071","-0.0081"
"15.8800","-8.1166","-0.0081"
"15.9000","-8.1269","-0.0081"
"15.9200","-8.1381","-0.0081"
"15.9400","-8.1488","-0.0081"
"15.9600","-8.1583","-0.0081"
"15.9800","-8.1674","-0.0081"
"16.0000","-8.1770","-0.0081"
"16.0200","-8.1876","-0.0081"
"16.0400","-8.1981","-0.0081"
"16.0600","-8.2077","-0.0081"
"16.0800","-8.2168","-0.0081"
"16.1000","-8.2264","-0.0081"
"16.1200","-8.2371","-0.0081"
"16.1400","-8.2481","-0.0081"
"16.1600","-8.2583","-0.0081"
"16.1800","-8.2676","-0.0081"
"16.2000","-8.2770","-0.0081"
"16.2200","-8.2870","-0.0081"
"16.2400","-8.2978","-0.0081"
"16.2600","-8.3083","-0.0081"
"16.2800","-8.3181","-0.0082"
"16.3000","-8.3278","-0.0081"
"16.3200","-8.3376","-0.0081"
"16.3400","-8.3483","-0.0081"
"16.3600","-8.3589","-0.0081"
"16.3800","-8.3685","-0.0081"
"16.4000","-8.3774","-0.0081"
"16.4200","-8.3867","-0.0082"
"16.4400","-8.3969","-0.0082"
"16.4600","-8.4079","-0.0082"
"16.4800","-8.4181","-0.0082"
"16.5000","-8.4274","-0.0082"
"16.5200","-8.4368","-0.0082"
"16.5400","-8.4470","-0.0082"
"16.5600","-8.4580","-0.0082"
"16.5800","-8.4686","-0.0082"
"16.6000","-8.4781","-0.0082"
"16.6200","-8.4873","-0.0082"
"16.6400","-8.4970","-0.0082"
"16.6600","-8.5075","-0.0082"
"16.6800","-8.5186","-0.0082"
"16.7000","-8.5288","-0.0082"
"16.7200","-8.5382","-0.0082"
"16.7400","-8.5473","-0.0082"
"16.7600","-8.5569","-0.0082"
"16.7800","-8.5675","-0.0082"
"16.8000","-8.5778","-0.0082"
"16.8200","-8.5873","-0.0082"
"16.8400","-8.5965","-0.0082"
"16.8600","-8.6064","-0.0082"
"16.8800","-8.6174","-0.0082"
"16.9000","-8.6286","-0.0082"
"16.9200","-8.6386","-0.0082"
"16.9400","-8.6479","-0.0082"
"16.9600","-8.6575","-0.0082"
"16.9800","-8.6678","-0.0082"
"17.0000","-8.6784","-0.0082"
"17.0200","-8.6884","-0.0082"
"17.0400","-8.6977","-0.0082"
"17.0600","-8.7070","-0.0082"
"17.0800","-8.7169","-0.0082"
"17.1000","-8.7276","-0.0082"
"17.1200","-8.7382","-0.0082"
"17.1400","-8.7479","-0.0082"
"17.1600","-8.7571","-0.0082"
"17.1800","-8.7666","-0.0082"
"17.2000","-8.7769","-0.0083"
"17.2200","-8.7879","-0.0082"
"17.2400","-8.7981","-0.0083"
"17.2600","-8.8075","-0.0083"
"17.2800","-8.8170","-0.0083"
"17.3000","-8.8274","-0.0083"
"17.3200","-8.8385","-0.0083"
"17.3400","-8.8488","-0.0083"
"17.3600","-8.8580","-0.0083"
"17.3800","-8.8671","-0.0083"
"17.4000","-8.8768","-0.0083"
"17.4200","-8.8874","-0.0083"
"17.4400","-8.8979","-0.0083"
"17.4600","-8.9076","-0.0083"
"17.4800","-8.9169","-0.0083"
"17.5000","-8.9266","-0.0083"
"17.5200","-8.9369","-0.0083"
"17.5400","-8.9478","-0.0083"
"17.5600","-8.9581","-0.0083"
"17.5800","-8.9676","-0.0083"
"17.6000","-8.9769","-0.0083"
"17.6200","-8.9868","-0.0083"
"17.6400","-8.9976","-0.0083"
"17.6600","-9.0084","-0.0083"
"17.6800","-9.0181","-0.0083"
"17.7000","-9.0272","-0.0083"
"17.7200","-9.0366","-0.0083"
"17.7400","-9.0470","-0.0084"
"17.7600","-9.0578","-0.0084"
"17.7800","-9.0676","-0.0084"
"17.8000","-9.0768","-0.0084"
"17.8200","-9.0863","-0.0084"
"17.8400","-9.0967","-0.0084"
"17.8600","-9.1076","-0.0084"
"17.8800","-9.1181","-0.0084"
"17.9000","-9.1277","-0.0084"
"17.9200","-9.1373","-0.0084"
"17.9400","-9.1473","-0.0084"
"17.9600","-9.1579","-0.0084"
"17.9800","-9.1685","-0.0084"
"18.0000","-9.1780","-0.0084"
"18.0200","-9.1871","-0.0084"
"18.0400","-9.1963","-0.0084"
"18.0600","-9.2065","-0.0084"
"18.0800","-9.2175","-0.0084"
"18.1000","-9.2280","-0.0084"
"18.1200","-9.2374","-0.0084"
"18.1400","-9.2467","-0.0084"
"18.1600","-9.2567","-0.0084"
"18.1800","-9.2676","-0.0084"
"18.2000","-9.2783","-0.0084"
"18.2200","-9.2879","-0.0084"
"18.2400","-9.2973","-0.0084"
"18.2600","-9.3072","-0.0084"
"18.2800","-9.3179","-0.0084"
"18.3000","-9.3287","-0.0084"
"18.3200","-9.3385","-0.0084"
"18.3400","-9.3476","-0.0084"
"18.3600","-9.3568","-0.0084"
"18.3800","-9.3667","-0.0084"
"18.4000","-9.3773","-0.0084"
"18.4200","-9.3878","-0.0084"
"18.4400","-9.3976","-0.0085"
"18.4600","-9.4070","-0.0085"
"18.4800","-9.4168","-0.0085"
"18.5000","-9.4276","-0.0085"
"18.5200","-9.4386","-0.0085"
"18.5400","-9.4485","-0.0085"
"18.5600","-9.4578","-0.0085"
"18.5800","-9.4673","-0.0085"
"18.6000","-9.4777","-0.0085"
"18.6200","-9.4884","-0.0085"
"18.6400","-9.4983","-0.0085"
"18.6600","-9.5073","-0.0085"
"18.6800","-9.5164","-0.0085"
"18.7000","-9.5264","-0.0085"
"18.7200","-9.5374","-0.0085"
"18.7400","-9.5480","-0.0085"
"18.7600","-9.5576","-0.0085"
"18.7800","-9.5670","-0.0085"
"18.8000","-9.5767","-0.0085"
"18.8200","-9.5872","-0.0085"
"18.8400","-9.5981","-0.0085"
"18.8600","-9.6083","-0.0085"
"18.8800","-9.6179","-0.0085"
"18.9000","-9.6275","-0.0085"
"18.9200","-9.6378","-0.0085"
"18.9400","-9.6487","-0.0086"
"18.9600","-9.6588","-0.0086"
"18.9800","-9.6679","-0.0086"
"19.0000","-9.6769","-0.0086"
"19.0200","-9.6864","-0.0086"
"19.0400","-9.6970","-0.0086"
"19.0600","-9.7076","-0.0086"
"19.0800","-9.7173","-0.0086"
"19.1000","-9.7267","-0.0086"
"19.1200","-9.7366","-0.0086"
"19.1400","-9.7474","-0.0086"
"19.1600","-9.7584","-0.0086"
"19.1800","-9.7685","-0.0086"
"19.2000","-9.7778","-0.0086"
"19.2200","-9.7873","-0.0086"
"19.2400","-9.7974","-0.0086"
"19.2600","-9.8082","-0.0086"
"19.2800","-9.8186","-0.0086"
"19.3000","-9.8282","-0.0086"
"19.3200","-9.8373","-0.0086"
"19.3400","-9.8467","-0.0086"
"19.3600","-9.8571","-0.0086"
"19.3800","-9.8677","-0.0086"
"19.4000","-9.8776","-0.0086"
"19.4200","-9.8869","-0.0086"
"19.4400","-9.8964","-0.0086"
"19.4600","-9.9069","-0.0087"
"19.4800","-9.9181","-0.0087"
"19.5000","-9.9285","-0.0087"
"19.5200","-9.9381","-0.0087"
"19.5400","-9.9475","-0.0087"
"19.5600","-9.9575","-0.0087"
"19.5800","-9.9684","-0.0087"
"19.6000","-9.9788","-0.0087"
"19.6200","-9.9882","-0.0087"
"19.6400","-9.9973","-0.0087"
"19.6600","-10.0068","-0.0087"
"19.6800","-10.0170","-0.0087"
"19.7000","-10.0278","-0.0087"
"19.7200","-10.0379","-0.0087"
"19.7400","-10.0475","-0.0087"
"19.7600","-10.0570","-0.0087"
"19.7800","-10.0671","-0.0087"
"19.8000","-10.0781","-0.0087"
"19.8200","-10.0887","-0.0087"
"19.8400","-10.0982","-0.0087"
"19.8600","-10.1074","-0.0087"
"19.8800","-10.1173","-0.0087"
"19.9000","-10.1281","-0.0087"
"19.9200","-10.1389","-0.0087"
"19.9400","-10.1484","-0.0087"
"19.9600","-10.1572","-0.0087"
"19.9800","-10.1664","-0.0087"
"20.0000","-10.1767","-0.0087"
"20.0200","-10.1877","-0.0087"
"20.0400","-10.1980","-0.0087"
"20.0600","-10.2075","-0.0088"
"20.0800","-10.2170","-0.0088"
"20.1000","-10.2270","-0.0088"
"20.1200","-10.2380","-0.0088"
"20.1400","-10.2487","-0.0088"
"20.1600","-10.2584","-0.0088"
"20.1800","-10.2677","-0.0088"
"20.2000","-10.2773","-0.0088"
"20.2200","-10.2877","-0.0088"
"20.2400","-10.2986","-0.0088"
"20.2600","-10.3086","-0.0088"
"20.2800","-10.3178","-0.0088"
"20.3000","-10.3271","-0.0088"
"20.3200","-10.3372","-0.0088"
"20.3400","-10.3481","-0.0088"
"20.3600","-10.3583","-0.0088"
"20.3800","-10.3676","-0.0088"
"20.4000","-10.3768","-0.0088"
"20.4200","-10.3866","-0.0088"
"20.4400","-10.3972","-0.0088"
"20.4600","-10.4080","-0.0088"
"20.4800","-10.4180","-0.0088"
"20.5000","-10.4276","-0.0088"
"20.5200","-10.4375","-0.0088"
"20.5400","-10.4480","-0.0089"
"20.5600","-10.4587","-0.0089"
"20.5800","-10.4685","-0.0089"
"20.6000","-10.4777","-0.0089"
"20.6200","-10.4868","-0.0089"
"20.6400","-10.4965","-0.0089"
"20.6600","-10.5073","-0.0089"
"20.6800","-10.5180","-0.0089"
"20.7000","-10.5277","-0.0089"
"20.7200","-10.5370","-0.0089"
"20.7400","-10.5468","-0.0089"
"20.7600","-10.5575","-0.0089"
"20.7800","-10.5684","-0.0089"
"20.8000","-10.5783","-0.0089"
"20.8200","-10.5877","-0.0089"
"20.8400","-10.5973","-0.0089"
"20.8600","-10.6076","-0.0089"
"20.8800","-10.6183","-0.0089"
"20.9000","-10.6285","-0.0089"
"20.9200","-10.6380","-0.0089"
"20.9400","-10.6474","-0.0089"
"20.9600","-10.6571","-0.0089"
"20.9800","-10.6675","-0.0089"
"21.0000","-10.6780","-0.0089"
"21.0200","-10.6878","-0.0089"
"21.0400","-10.6972","-0.0089"
"21.0600","-10.7068","-0.0089"
"21.0800","-10.7172","-0.0090"
"21.1000","-10.7282","-0.0090"
"21.1200","-10.7385","-0.0090"
"21.1400","-10.7479","-0.0090"
"21.1600","-10.7572","-0.0090"
"21.1800","-10.7672","-0.0090"
"21.2000","-10.7780","-0.0090"
"21.2200","-10.7883","-0.0090"
"21.2400","-10.7976","-0.0090"
"21.2600","-10.8066","-0.0090"
"21.2800","-10.8162","-0.0090"
"21.3000","-10.8268","-0.0090"
"21.3200","-10.8377","-0.0090"
"21.3400","-10.8477","-0.0090"
"21.3600","-10.8570","-0.0090"
"21.3800","-10.8667","-0.0090"
"21.4000","-10.8770","-0.0090"
"21.4200","-10.8880","-0.0090"
"21.4400","-10.8984","-0.0090"
"21.4600","-10.9080","-0.0090"
"21.4800","-10.9173","-0.0090"
"21.5000","-10.9271","-0.0090"
"21.5200","-10.9379","-0.0090"
"21.5400","-10.9487","-0.0090"
"21.5600","-10.9584","-0.0090"
"21.5800","-10.9674","-0.0090"
"21.6000","-10.9767","-0.0090"
"21.6200","-10.9870","-0.0090"
"21.6400","-10.9980","-0.0090"
"21.6600","-11.0080","-0.0091"
"21.6800","-11.0172","-0.0091"
"21.7000","-11.0267","-0.0091"
"21.7200","-11.0370","-0.0091"
"21.7400","-11.0479","-0.0091"
"21.7600","-11.0582","-0.0091"
"21.7800","-11.0676","-0.0091"
"21.8000","-11.0770","-0.0091"
"21.8200","-11.0868","-0.0091"
"21.8400","-11.0976","-0.0091"
"21.8600","-11.1085","-0.0091"
"21.8800","-11.1184","-0.0091"
"21.9000","-11.1276","-0.0091"
"21.9200","-11.1369","-0.0091"
"21.9400","-11.1469","-0.0091"
"21.9600","-11.1577","-0.0091"
"21.9800","-11.1679","-0.0091"
"22.0000","-11.1772","-0.0091"
"22.0200","-11.1865","-0.0091"
"22.0400","-11.1965","-0.0091"
"22.0600","-11.2075","-0.0091"
"22.0800","-11.2184","-0.0091"
"22.1000","-11.2281","-0.0091"
"22.1200","-11.2374","-0.0091"
"22.1400","-11.2471","-0.0091"
"22.1600","-11.2576","-0.0091"
"22.1800","-11.2683","-0.0091"
"22.2000","-11.2782","-0.0091"
"22.2200","-11.2874","-0.0091"
"22.2400","-11.2968","-0.0091"
"22.2600","-11.3067","-0.0091"
"22.2800","-11.3174","-0.0091"
"22.3000","-11.3278","-0.0091"
"22.3200","-11.3375","-0.0091"
"22.3400","-11.3469","-0.0091"
"22.3600","-11.3566","-0.0091"
"22.3800","-11.3673","-0.0091"
"22.4000","-11.3784","-0.0091"
"22.4200","-11.3884","-0.0091"
"22.4400","-11.3976","-0.0092"
"22.4600","-11.4070","-0.0092"
"22.4800","-11.4174","-0.0092"
"22.5000","-11.4284","-0.0092"
"22.5200","-11.4385","-0.0092"
"22.5400","-11.4477","-0.0092"
"22.5600","-11.4568","-0.0092"
"22.5800","-11.4667","-0.0092"
"22.6000","-11.4775","-0.0092"
"22.6200","-11.4881","-0.0092"
"22.6400","-11.4976","-0.0092"
"22.6600","-11.5069","-0.0092"
"22.6800","-11.5166","-0.0092"
"22.7000","-11.5272","-0.0092"
"22.7200","-11.5384","-0.0092"
"22.7400","-11.5486","-0.0092"
"22.7600","-11.5581","-0.0092"
"22.7800","-11.5674","-0.0092"
"22.8000","-11.5774","-0.0092"
"22.8200","-11.5882","-0.0092"
"22.8400","-11.5986","-0.0092"
"22.8600","-11.6080","-0.0092"
"22.8800","-11.6172","-0.0092"
"22.9000","-11.6269","-0.0092"
"22.9200","-11.6375","-0.0092"
"22.9400","-11.6480","-0.0092"
"22.9600","-11.6576","-0.0092"
"22.9800","-11.6667","-0.0092"
"23.0000","-11.6763","-0.0092"
"23.0200","-11.6870","-0.0092"
"23.0400","-11.6981","-0.0092"
"23.0600","-11.7085","-0.0093"
"23.0800","-11.7180","-0.0093"
"23.1000","-11.7275","-0.0093"
"23.1200","-11.7376","-0.0093"
"23.1400","-11.7483","-0.0093"
"23.1600","-11.7586","-0.0093"
"23.1800","-11.7680","-0.0093"
"23.2000","-11.7769","-0.0093"
"23.2200","-11.7863","-0.0093"
"23.2400","-11.7967","-0.0093"
"23.2600","-11.8077","-0.0093"
"23.2800","-11.8179","-0.0093"
"23.3000","-11.8272","-0.0093"
"23.3200","-11.8366","-0.0093"
"23.3400","-11.8468","-0.0093"
"23.3600","-11.8580","-0.0093"
"23.3800","-11.8685","-0.0093"
"23.4000","-11.8780","-0.0093"
"23.4200","-11.8873","-0.0093"
"23.4400","-11.8973","-0.0093"
"23.4600","-11.9083","-0.0093"
"23.4800","-11.9189","-0.0093"
"23.5000","-11.9286","-0.0093"
"23.5200","-11.9379","-0.0093"
"23.5400","-11.9472","-0.0093"
"23.5600","-11.9571","-0.0093"
"23.5800","-11.9674","-0.0093"
"23.6000","-11.9774","-0.0093"
"23.6200","-11.9869","-0.0093"
"23.6400","-11.9964","-0.0093"
"23.6600","-12.0066","-0.0093"
"23.6800","-12.0178","-0.0093"
"23.7000","-12.0287","-0.0094"
"23.7200","-12.0384","-0.0094"
"23.7400","-12.0477","-0.0094"
"23.7600","-12.0572","-0.0094"
"23.7800","-12.0677","-0.0094"
"23.8000","-12.0784","-0.0093"
"23.8200","-12.0881","-0.0093"
"23.8400","-12.0971","-0.0093"
"23.8600","-12.1064","-0.0093"
"23.8800","-12.1166","-0.0093"
"23.9000","-12.1275","-0.0094"
"23.9200","-12.1379","-0.0094"
"23.9400","-12.1474","-0.0094"
"23.9600","-12.1567","-0.0094"
"23.9800","-12.1664","-0.0094"
"24.0000","-12.1773","-0.0094"
"24.0200","-12.1883","-0.0094"
"24.0400","-12.1985","-0.0094"
"24.0600","-12.2081","-0.0094"
"24.0800","-12.2176","-0.0094"
"24.1000","-12.2280","-0.0094"
"24.1200","-12.2388","-0.0094"
"24.1400","-12.2488","-0.0094"
"24.1600","-12.2579","-0.0094"
"24.1800","-12.2670","-0.0094"
"24.2000","-12.2769","-0.0094"
"24.2200","-12.2876","-0.0094"
"24.2400","-12.2981","-0.0094"
"24.2600","-12.3075","-0.0094"
"24.2800","-12.3168","-0.0094"
"24.3000","-12.3267","-0.0094"
"24.3200","-12.3376","-0.0094"
"24.3400","-12.3485","-0.0094"
"24.3600","-12.3584","-0.0094"
"24.3800","-12.3676","-0.0094"
"24.4000","-12.3772","-0.0094"
"24.4200","-12.3874","-0.0094"
"24.4400","-12.3982","-0.0094"
"24.4600","-12.4085","-0.0094"
"24.4800","-12.4179","-0.0094"
"24.5000","-12.4270","-0.0094"
"24.5200","-12.4366","-0.0094"
"24.5400","-12.4473","-0.0094"
"24.5600","-12.4580","-0.0094"
"24.5800","-12.4677","-0.0094"
"24.6000","-12.4769","-0.0094"
"24.6200","-12.4865","-0.0094"
"24.6400","-12.4971","-0.0094"
"24.6600","-12.5083","-0.0094"
"24.6800","-12.5186","-0.0094"
"24.7000","-12.5281","-0.0094"
"24.7200","-12.5377","-0.0094"
"24.7400","-12.5478","-0.0094"
"24.7600","-12.5585","-0.0094"
"24.7800","-12.5686","-0.0094"
"24.8000","-12.5779","-0.0094"
"24.8200","-12.5871","-0.0094"
"24.8400","-12.5967","-0.0094"
"24.8600","-12.6071","-0.0094"
"24.8800","-12.6179","-0.0094"
"24.9000","-12.6279","-0.0094"
"24.9200","-12.6374","-0.0094"
"24.9400","-12.6469","-0.0094"
"24.9600","-12.6571","-0.0094"
"24.9800","-12.6681","-0.0094"
"25.0000","-12.6785","-0.0094"
"25.0200","-12.6880","-0.0094"
"25.0400","-12.6973","-0.0094"
"25.0600","-12.7072","-0.0094"
"25.0800","-12.7181","-0.0094"
"25.1000","-12.7287","-0.0094"
"25.1200","-12.7381","-0.0094"
"25.1400","-12.7472","-0.0094"
"25.1600","-12.7566","-0.0094"
"25.1800","-12.7670","-0.0094"
"25.2000","-12.7778","-0.0094"
"25.2200","-12.7879","-0.0094"
"25.2400","-12.7974","-0.0094"
"25.2600","-12.8069","-0.0094"
"25.2800","-12.8171","-0.0094"
"25.3000","-12.8280","-0.0094"
"25.3200","-12.8386","-0.0094"
"25.3400","-12.8482","-0.0094"
"25.3600","-12.8575","-0.0094"
"25.3800","-12.8671","-0.0094"
"25.4000","-12.8776","-0.0094"
"25.4200","-12.8883","-0.0094"
"25.4400","-12.8981","-0.0094"
"25.4600","-12.9072","-0.0094"
"25.4800","-12.9165","-0.0094"
"25.5000","-12.9269","-0.0094"
"25.5200","-12.9379","-0.0094"
"25.5400","-12.9480","-0.0094"
"25.5600","-12.9573","-0.0094"
"25.5800","-12.9667","-0.0094"
"25.6000","-12.9768","-0.0094"
"25.6200","-12.9877","-0.0094"
"25.6400","-12.9983","-0.0094"
"25.6600","-13.0081","-0.0094"
"25.6800","-13.0176","-0.0094"
"25.7000","-13.0274","-0.0094"
"25.7200","-13.0380","-0.0095"
"25.7400","-13.0486","-0.0095"
"25.7600","-13.0583","-0.0095"
"25.7800","-13.0674","-0.0095"
"25.8000","-13.0765","-0.0095"
"25.8200","-13.0865","-0.0095"
"25.8400","-13.0974","-0.0095"
"25.8600","-13.1079","-0.0095"
"25.8800","-13.1175","-0.0095"
"25.9000","-13.1269","-0.0095"
"25.9200","-13.1368","-0.0095"
"25.9400","-13.1477","-0.0095"
"25.9600","-13.1585","-0.0095"
"25.9800","-13.1681","-0.0095"
"26.0000","-13.1773","-0.0095"
"26.0200","-13.1869","-0.0095"
"26.0400","-13.1974","-0.0095"
"26.0600","-13.2083","-0.0095"
"26.0800","-13.2184","-0.0095"
"26.1000","-13.2279","-0.0095"
"26.1200","-13.2374","-0.0095"
"26.1400","-13.2472","-0.0095"
"26.1600","-13.2576","-0.0095"
"26.1800","-13.2677","-0.0095"
"26.2000","-13.2772","-0.0095"
"26.2200","-13.2864","-0.0095"
"26.2400","-13.2962","-0.0095"
"26.2600","-13.3070","-0.0095"
"26.2800","-13.3182","-0.0095"
"26.3000","-13.3286","-0.0095"
"26.3200","-13.3381","-0.0095"
"26.3400","-13.3476","-0.0095"
"26.3600","-13.3578","-0.0095"
"26.3800","-13.3685","-0.0095"
"26.4000","-13.3785","-0.0095"
"26.4200","-13.3875","-0.0095"
"26.4400","-13.3966","-0.0095"
"26.4600","-13.4064","-0.0095"
"26.4800","-13.4173","-0.0095"
"26.5000","-13.4281","-0.0095"
"26.5200","-13.4380","-0.0095"
"26.5400","-13.4474","-0.0095"
"26.5600","-13.4570","-0.0095"
"26.5800","-13.4672","-0.0095"
"26.6000","-13.4780","-0.0095"
"26.6200","-13.4882","-0.0096"
"26.6400","-13.4978","-0.0096"
"26.6600","-13.5074","-0.0095"
"26.6800","-13.5175","-0.0096"
"26.7000","-13.5284","-0.0096"
"26.7200","-13.5389","-0.0096"
"26.7400","-13.5483","-0.0095"
"26.7600","-13.5573","-0.0095"
"26.7800","-13.5668","-0.0096"
"26.8000","-13.5772","-0.0095"
"26.8200","-13.5879","-0.0095"
"26.8400","-13.5976","-0.0096"
"26.8600","-13.6067","-0.0096"
"26.8800","-13.6162","-0.0096"
"26.9000","-13.6268","-0.0096"
"26.9200","-13.6380","-0.0096"
"26.9400","-13.6486","-0.0096"
"26.9600","-13.6582","-0.0096"
"26.9800","-13.6677","-0.0096"
"27.0000","-13.6776","-0.0096"
"27.0200","-13.6881","-0.0096"
"27.0400","-13.6983","-0.0096"
"27.0600","-13.7077","-0.0096"
"27.0800","-13.7168","-0.0096"
"27.1000","-13.7263","-0.0096"
"27.1200","-13.7369","-0.0096"
"27.1400","-13.7480","-0.0096"
"27.1600","-13.7582","-0.0096"
"27.1800","-13.7673","-0.0096"
"27.2000","-13.7764","-0.0096"
"27.2200","-13.7863","-0.0096"
"27.2400","-13.7974","-0.0096"
"27.2600","-13.8082","-0.0096"
"27.2800","-13.8180","-0.0096"
"27.3000","-13.8275","-0.0096"
"27.3200","-13.8374","-0.0096"
"27.3400","-13.8479","-0.0096"
"27.3600","-13.8585","-0.0096"
"27.3800","-13.8681","-0.0096"
"27.4000","-13.8772","-0.0096"
"27.4200","-13.8867","-0.0096"
"27.4400","-13.8968","-0.0096"
"27.4600","-13.9076","-0.0096"
"27.4800","-13.9180","-0.0096"
"27.5000","-13.9276","-0.0096"
"27.5200","-13.9370","-0.0096"
"27.5400","-13.9468","-0.0096"
"27.5600","-13.9574","-0.0096"
"27.5800","-13.9681","-0.0096"
"27.6000","-13.9778","-0.0096"
"27.6200","-13.9871","-0.0096"
"27.6400","-13.9968","-0.0096"
"27.6600","-14.0075","-0.0096"
"27.6800","-14.0185","-0.0096"
"27.7000","-14.0285","-0.0096"
"27.7200","-14.0376","-0.0096"
"27.7400","-14.0467","-0.0096"
"27.7600","-14.0567","-0.0096"
"27.7800","-14.0675","-0.0096"
"27.8000","-14.0779","-0.0096"
"27.8200","-14.0874","-0.0096"
"27.8400","-14.0969","-0.0096"
"27.8600","-14.1068","-0.0096"
"27.8800","-14.1175","-0.0096"
"27.9000","-14.1285","-0.0096"
"27.9200","-14.1387","-0.0096"
"27.9400","-14.1482","-0.0096"
"27.9600","-14.1575","-0.0096"
"27.9800","-14.1674","-0.0096"
"28.0000","-14.1783","-0.0096"
"28.0200","-14.1885","-0.0096"
"28.0400","-14.1978","-0.0096"
"28.0600","-14.2070","-0.0096"
"28.0800","-14.2169","-0.0096"
"28.1000","-14.2277","-0.0096"
"28.1200","-14.2384","-0.0096"
"28.1400","-14.2478","-0.0096"
"28.1600","-14.2569","-0.0096"
"28.1800","-14.2665","-0.0096"
"28.2000","-14.2770","-0.0096"
"28.2200","-14.2879","-0.0096"
"28.2400","-14.2981","-0.0096"
"28.2600","-14.3077","-0.0096"
"28.2800","-14.3175","-0.0096"
"28.3000","-14.3278","-0.0097"
"28.3200","-14.3386","-0.0097"
"28.3400","-14.3488","-0.0097"
"28.3600","-14.3581","-0.0097"
"28.3800","-14.3671","-0.0097"
"28.4000","-14.3765","-0.0097"
"28.4200","-14.3871","-0.0097"
"28.4400","-14.3979","-0.0097"
"28.4600","-14.4079","-0.0097"
"28.4800","-14.4172","-0.0097"
"28.5000","-14.4268","-0.0097"
"28.5200","-14.4373","-0.0097"
"28.5400","-14.4484","-0.0097"
"28.5600","-14.4586","-0.0097"
"28.5800","-14.4678","-0.0097"
"28.6000","-14.4772","-0.0097"
"28.6200","-14.4873","-0.0097"
"28.6400","-14.4981","-0.0097"
"28.6600","-14.5085","-0.0097"
"28.6800","-14.5180","-0.0097"
"28.7000","-14.5273","-0.0097"
"28.7200","-14.5370","-0.0097"
"28.7400","-14.5474","-0.0097"
"28.7600","-14.5582","-0.0097"
"28.7800","-14.5681","-0.0097"
"28.8000","-14.5774","-0.0097"
"28.8200","-14.5867","-0.0097"
"28.8400","-14.5969","-0.0097"
"28.8600","-14.6080","-0.0097"
"28.8800","-14.6187","-0.0097"
"28.9000","-14.6284","-0.0097"
"28.9200","-14.6377","-0.0097"
"28.9400","-14.6476","-0.0097"
"28.9600","-14.6583","-0.0097"
"28.9800","-14.6687","-0.0097"
"29.0000","-14.6780","-0.0097"
"29.0200","-14.6869","-0.0097"
"29.0400","-14.6963","-0.0097"
"29.0600","-14.7065","-0.0097"
"29.0800","-14.7174","-0.0097"
"29.1000","-14.7277","-0.0097"
"29.1200","-14.7373","-0.0097"
"29.1400","-14.7469","-0.0097"
"29.1600","-14.7570","-0.0097"
"29.1800","-14.7677","-0.0097"
"29.2000","-14.7783","-0.0097"
"29.2200","-14.7881","-0.0097"
"29.2400","-14.7975","-0.0097"
"29.2600","-14.8073","-0.0097"
"29.2800","-14.8180","-0.0097"
"29.3000","-14.8288","-0.0097"
"29.3200","-14.8386","-0.0097"
"29.3400","-14.8475","-0.0097"
"29.3600","-14.8567","-0.0097"
"29.3800","-14.8667","-0.0097"
"29.4000","-14.8776","-0.0097"
"29.4200","-14.8879","-0.0097"
"29.4400","-14.8973","-0.0097"
"29.4600","-14.9066","-0.0097"
"29.4800","-14.9168","-0.0098"
"29.5000","-14.9279","-0.0098"
"29.5200","-14.9387","-0.0098"
"29.5400","-14.9485","-0.0098"
"29.5600","-14.9578","-0.0098"
"29.5800","-14.9673","-0.0098"
"29.6000","-14.9775","-0.0098"
"29.6200","-14.9882","-0.0098"
"29.6400","-14.9982","-0.0098"
"29.6600","-15.0074","-0.0098"
"29.6800","-15.0166","-0.0098"
"29.7000","-15.0264","-0.0098"
"29.7200","-15.0373","-0.0098"
"29.7400","-15.0479","-0.0098"
"29.7600","-15.0574","-0.0098"
"29.7800","-15.0665","-0.0098"
"29.8000","-15.0761","-0.0098"
"29.8200","-15.0869","-0.0098"
"29.8400","-15.0982","-0.0098"
"29.8600","-15.1083","-0.0098"
"29.8800","-15.1178","-0.0098"
"29.9000","-15.1275","-0.0098"
"29.9200","-15.1379","-0.0098"
"29.9400","-15.1488","-0.0098"
"29.9600","-15.1587","-0.0098"
"29.9800","-15.1678","-0.0098"
"30.0000","-15.1769","-0.0098"
"30.0200","-15.1864","-0.0098"
"30.0400","-15.1969","-0.0098"
"30.0600","-15.2076","-0.0098"
"30.0800","-15.2176","-0.0098"
"30.1000","-15.2270","-0.0098"
"30.1200","-15.2367","-0.0098"
"30.1400","-15.2473","-0.0098"
"30.1600","-15.2584","-0.0098"
"30.1800","-15.2685","-0.0098"
"30.2000","-15.2777","-0.0098"
"30.2200","-15.2869","-0.0098"
"30.2400","-15.2971","-0.0098"
"30.2600","-15.3081","-0.0098"
"30.2800","-15.3186","-0.0098"
"30.3000","-15.3278","-0.0098"
"30.3200","-15.3368","-0.0098"
"30.3400","-15.3464","-0.0098"
"30.3600","-15.3569","-0.0098"
"30.3800","-15.3675","-0.0098"
"30.4000","-15.3773","-0.0098"
"30.4200","-15.3867","-0.0098"
"30.4400","-15.3964","-0.0098"
"30.4600","-15.4068","-0.0098"
"30.4800","-15.4178","-0.0098"
"30.5000","-15.4283","-0.0098"
"30.5200","-15.4380","-0.0098"
"30.5400","-15.4473","-0.0098"
"30.5600","-15.4571","-0.0098"
"30.5800","-15.4678","-0.0098"
"30.6000","-15.4785","-0.0098"
"30.6200","-15.4882","-0.0098"
"30.6400","-15.4973","-0.0098"
"30.6600","-15.5066","-0.0098"
"30.6800","-15.5169","-0.0098"
"30.7000","-15.5277","-0.0098"
"30.7200","-15.5378","-0.0098"
"30.7400","-15.5471","-0.0098"
"30.7600","-15.5567","-0.0098"
"30.7800","-15.5671","-0.0098"
"30.8000","-15.5781","-0.0098"
"30.8200","-15.5883","-0.0099"
"30.8400","-15.5976","-0.0099"
"30.8600","-15.6069","-0.0098"
"30.8800","-15.6167","-0.0098"
"30.9000","-15.6275","-0.0098"
"30.9200","-15.6386","-0.0098"
"30.9400","-15.6486","-0.0098"
"30.9600","-15.6577","-0.0098"
"30.9800","-15.6668","-0.0098"
"31.0000","-15.6768","-0.0098"
"31.0200","-15.6877","-0.0098"
"31.0400","-15.6981","-0.0098"
"31.0600","-15.7075","-0.0098"
"31.0800","-15.7167","-0.0098"
"31.1000","-15.7268","-0.0098"
"31.1200","-15.7380","-0.0098"
"31.1400","-15.7488","-0.0098"
"31.1600","-15.7583","-0.0098"
"31.1800","-15.7674","-0.0098"
"31.2000","-15.7770","-0.0098"
"31.2200","-15.7876","-0.0098"
"31.2400","-15.7984","-0.0098"
"31.2600","-15.8082","-0.0098"
"31.2800","-15.8176","-0.0098"
"31.3000","-15.8271","-0.0098"
"31.3200","-15.8373","-0.0098"
"31.3400","-15.8478","-0.0098"
"31.3600","-15.8580","-0.0098"
"31.3800","-15.8673","-0.0098"
"31.4000","-15.8765","-0.0098"
"31.4200","-15.8862","-0.0098"
"31.4400","-15.8970","-0.0098"
"31.4600","-15.9082","-0.0098"
"31.4800","-15.9184","-0.0098"
"31.5000","-15.9279","-0.0098"
"31.5200","-15.9377","-0.0098"
"31.5400","-15.9482","-0.0099"
"31.5600","-15.9589","-0.0099"
"31.5800","-15.9685","-0.0099"
"31.6000","-15.9772","-0.0099"
"31.6200","-15.9861","-0.0099"
"31.6400","-15.9961","-0.0099"
"31.6600","-16.0071","-0.0099"
"31.6800","-16.0178","-0.0099"
"31.7000","-16.0277","-0.0099"
"31.7200","-16.0373","-0.0099"
"31.7400","-16.0471","-0.0099"
"31.7600","-16.0577","-0.0099"
"31.7800","-16.0685","-0.0099"
"31.8000","-16.0785","-0.0099"
"31.8200","-16.0878","-0.0099"
"31.8400","-16.0972","-0.0099"
"31.8600","-16.1072","-0.0099"
"31.8800","-16.1182","-0.0099"
"31.9000","-16.1288","-0.0099"
"31.9200","-16.1383","-0.0099"
"31.9400","-16.1474","-0.0099"
"31.9600","-16.1569","-0.0099"
"31.9800","-16.1673","-0.0099"
"32.0000","-16.1778","-0.0099"
"32.0200","-16.1874","-0.0099"
"32.0400","-16.1967","-0.0099"
"32.0600","-16.2065","-0.0099"
"32.0800","-16.2174","-0.0099"
"32.1000","-16.2286","-0.0099"
"32.1200","-16.2389","-0.0099"
"32.1400","-16.2483","-0.0099"
"32.1600","-16.2577","-0.0099"
"32.1800","-16.2676","-0.0099"
"32.2000","-16.2781","-0.0099"
"32.2200","-16.2885","-0.0099"
"32.2400","-16.2981","-0.0099"
"32.2600","-16.3073","-0.0099"
"32.2800","-16.3167","-0.0099"
"32.3000","-16.3269","-0.0099"
"32.3200","-16.3377","-0.0099"
"32.3400","-16.3477","-0.0099"
"32.3600","-16.3570","-0.0099"
"32.3800","-16.3665","-0.0099"
"32.4000","-16.3769","-0.0099"
"32.4200","-16.3883","-0.0099"
"32.4400","-16.3988","-0.0099"
"32.4600","-16.4082","-0.0099"
"32.4800","-16.4176","-0.0099"
"32.5000","-16.4276","-0.0098"
"32.5200","-16.4385","-0.0097"
"32.5400","-16.4490","-0.0097"
"32.5600","-16.4585","-0.0098"
"32.5800","-16.4677","-0.0097"
"32.6000","-16.4771","-0.0097"
"32.6200","-16.4873","-0.0097"
"32.6400","-16.4978","-0.0097"
"32.6600","-16.5078","-0.0097"
"32.6800","-16.5171","-0.0097"
"32.7000","-16.5267","-0.0097"
"32.7200","-16.5370","-0.0098"
"32.7400","-16.5481","-0.0097"
"32.7600","-16.5588","-0.0097"
"32.7800","-16.5683","-0.0097"
"32.8000","-16.5774","-0.0097"
"32.8200","-16.5872","-0.0097"
"32.8400","-16.5980","-0.0097"
"32.8600","-16.6088","-0.0098"
"32.8800","-16.6184","-0.0098"
"32.9000","-16.6274","-0.0098"
"32.9200","-16.6368","-0.0098"
"32.9400","-16.6471","-0.0098"
"32.9600","-16.6578","-0.0098"
"32.9800","-16.6678","-0.0098"
"33.0000","-16.6772","-0.0098"
"33.0200","-16.6866","-0.0098"
"33.0400","-16.6967","-0.0098"
"33.0600","-16.7077","-0.0098"
"33.0800","-16.7186","-0.0098"
"33.1000","-16.7286","-0.0098"
"33.1200","-16.7380","-0.0098"
"33.1400","-16.7476","-0.0098"
"33.1600","-16.7578","-0.0098"
"33.1800","-16.7684","-0.0098"
"33.2000","-16.7783","-0.0098"
"33.2200","-16.7874","-0.0098"
"33.2400","-16.7967","-0.0098"
"33.2600","-16.8067","-0.0098"
"33.2800","-16.8176","-0.0098"
"33.3000","-16.8282","-0.0098"
"33.3200","-16.8376","-0.0098"
"33.3400","-16.8468","-0.0098"
"33.3600","-16.8564","-0.0098"
"33.3800","-16.8670","-0.0098"
"33.4000","-16.8777","-0.0098"
"33.4200","-16.8877","-0.0098"
"33.4400","-16.8973","-0.0098"
"33.4600","-16.9072","-0.0098"
"33.4800","-16.9176","-0.0098"
"33.5000","-16.9285","-0.0098"
"33.5200","-16.9387","-0.0098"
"33.5400","-16.9480","-0.0098"
"33.5600","-16.9569","-0.0098"
"33.5800","-16.9663","-0.0098"
"33.6000","-16.9770","-0.0098"
"33.6200","-16.9878","-0.0098"
"33.6400","-16.9976","-0.0098"
"33.6600","-17.0069","-0.0098"
"33.6800","-17.0166","-0.0098"
"33.7000","-17.0275","-0.0098"
"33.7200","-17.0387","-0.0098"
"33.7400","-17.0487","-0.0098"
"33.7600","-17.0579","-0.0098"
"33.7800","-17.0672","-0.0098"
"33.8000","-17.0774","-0.0098"
"33.8200","-17.0882","-0.0098"
"33.8400","-17.0983","-0.0098"
"33.8600","-17.1077","-0.0098"
"33.8800","-17.1170","-0.0098"
"33.9000","-17.1268","-0.0098"
"33.9200","-17.1375","-0.0098"
"33.9400","-17.1482","-0.0098"
"33.9600","-17.1579","-0.0098"
"33.9800","-17.1671","-0.0097"
"34.0000","-17.1765","-0.0096"
"34.0200","-17.1868","-0.0096"
"34.0400","-17.1981","-0.0096"
"34.0600","-17.2087","-0.0096"
"34.0800","-17.2182","-0.0096"
"34.1000","-17.2275","-0.0096"
"34.1200","-17.2376","-0.0096"
"34.1400","-17.2486","-0.0096"
"34.1600","-17.2589","-0.0096"
"34.1800","-17.2681","-0.0096"
"34.2000","-17.2770","-0.0096"
"34.2200","-17.2863","-0.0096"
"34.2400","-17.2967","-0.0096"
"34.2600","-17.3075","-0.0096"
"34.2800","-17.3175","-0.0096"
"34.3000","-17.3271","-0.0096"
"34.3200","-17.3369","-0.0096"
"34.3400","-17.3472","-0.0096"
"34.3600","-17.3580","-0.0096"
"34.3800","-17.3684","-0.0096"
"34.4000","-17.3781","-0.0096"
"34.4200","-17.3874","-0.0096"
"34.4400","-17.3971","-0.0096"
"34.4600","-17.4077","-0.0096"
"34.4800","-17.4185","-0.0096"
"34.5000","-17.4283","-0.0096"
"34.5200","-17.4374","-0.0096"
"34.5400","-17.4468","-0.0096"
"34.5600","-17.4571","-0.0096"
"34.5800","-17.4679","-0.0096"
"34.6000","-17.4778","-0.0096"
"34.6200","-17.4868","-0.0096"
"34.6400","-17.4960","-0.0096"
"34.6600","-17.5062","-0.0096"
"34.6800","-17.5174","-0.0096"
"34.7000","-17.5282","-0.0096"
"34.7200","-17.5380","-0.0096"
"34.7400","-17.5475","-0.0096"
"34.7600","-17.5573","-0.0096"
"34.7800","-17.5679","-0.0096"
"34.8000","-17.5785","-0.0096"
"34.8200","-17.5884","-0.0096"
"34.8400","-17.5975","-0.0096"
"34.8600","-17.6067","-0.0096"
"34.8800","-17.6166","-0.0096"
"34.9000","-17.6276","-0.0096"
"34.9200","-17.6382","-0.0096"
"34.9400","-17.6477","-0.0096"
"34.9600","-17.6569","-0.0096"
"34.9800","-17.6666","-0.0096"
"35.0000","-17.6775","-0.0096"
"35.0200","-17.6884","-0.0096"
"35.0400","-17.6982","-0.0096"
"35.0600","-17.7076","-0.0096"
"35.0800","-17.7172","-0.0096"
"35.1000","-17.7279","-0.0096"
"35.1200","-17.7388","-0.0096"
"35.1400","-17.7487","-0.0096"
"35.1600","-17.7578","-0.0096"
"35.1800","-17.7670","-0.0096"
"35.2000","-17.7768","-0.0096"
"35.2200","-17.7873","-0.0095"
"35.2400","-17.7978","-0.0095"
"35.2600","-17.8075","-0.0095"
"35.2800","-17.8169","-0.0095"
"35.3000","-17.8266","-0.0095"
"35.3200","-17.8373","-0.0095"
"35.3400","-17.8484","-0.0095"
"35.3600","-17.8585","-0.0095"
"35.3800","-17.8677","-0.0095"
"35.4000","-17.8772","-0.0095"
"35.4200","-17.8875","-0.0095"
"35.4400","-17.8984","-0.0094"
"35.4600","-17.9084","-0.0094"
"35.4800","-17.9176","-0.0094"
"35.5000","-17.9268","-0.0094"
"35.5200","-17.9367","-0.0094"
"35.5400","-17.9475","-0.0094"
"35.5600","-17.9580","-0.0094"
"35.5800","-17.9676","-0.0094"
"35.6000","-17.9769","-0.0094"
"35.6200","-17.9865","-0.0094"
"35.6400","-17.9969","-0.0094"
"35.6600","-18.0079","-0.0094"
"35.6800","-18.0183","-0.0094"
"35.7000","-18.0281","-0.0094"
"35.7200","-18.0376","-0.0094"
"35.7400","-18.0476","-0.0094"
"35.7600","-18.0583","-0.0094"
"35.7800","-18.0687","-0.0094"
"35.8000","-18.0780","-0.0094"
"35.8200","-18.0870","-0.0094"
"35.8400","-18.0967","-0.0094"
"35.8600","-18.1073","-0.0094"
"35.8800","-18.1181","-0.0094"
"35.9000","-18.1279","-0.0094"
"35.9200","-18.1371","-0.0094"
"35.9400","-18.1467","-0.0094"
"35.9600","-18.1571","-0.0094"
"35.9800","-18.1681","-0.0094"
"36.0000","-18.1783","-0.0094"
"36.0200","-18.1878","-0.0094"
"36.0400","-18.1973","-0.0094"
"36.0600","-18.2073","-0.0093"
"36.0800","-18.2180","-0.0093"
"36.1000","-18.2286","-0.0093"
"36.1200","-18.2382","-0.0093"
"36.1400","-18.2473","-0.0093"
"36.1600","-18.2565","-0.0093"
"36.1800","-18.2667","-0.0092"
"36.2000","-18.2777","-0.0092"
"36.2200","-18.2879","-0.0092"
"36.2400","-18.2972","-0.0092"
"36.2600","-18.3067","-0.0092"
"36.2800","-18.3170","-0.0091"
"36.3000","-18.3283","-0.0091"
"36.3200","-18.3388","-0.0090"
"36.3400","-18.3483","-0.0089"
"36.3600","-18.3575","-0.0085"
"36.3800","-18.3673","-0.0080"
"36.4000","-18.3781","-0.0077"
"36.4200","-18.3887","-0.0077"
"36.4400","-18.3982","-0.0077"
"36.4600","-18.4074","-0.0077"
"36.4800","-18.4167","-0.0077"
"36.5000","-18.4269","-0.0077"
"36.5200","-18.4378","-0.0077"
"36.5400","-18.4481","-0.0078"
"36.5600","-18.4575","-0.0078"
"36.5800","-18.4668","-0.0078"
"36.6000","-18.4766","-0.0078"
"36.6200","-18.4874","-0.0078"
"36.6400","-18.4983","-0.0078"
"36.6600","-18.5082","-0.0078"
"36.6800","-18.5176","-0.0078"
"36.7000","-18.5275","-0.0078"
"36.7200","-18.5382","-0.0078"
"36.7400","-18.5489","-0.0078"
"36.7600","-18.5585","-0.0078"
"36.7800","-18.5673","-0.0078"
"36.8000","-18.5764","-0.0078"
"36.8200","-18.5865","-0.0078"
"36.8400","-18.5974","-0.0078"
"36.8600","-18.6079","-0.0078"
"36.8800","-18.6175","-0.0078"
"36.9000","-18.6270","-0.0078"
"36.9200","-18.6369","-0.0078"
"36.9400","-18.6477","-0.0078"
"36.9600","-18.6585","-0.0078"
"36.9800","-18.6684","-0.0079"
"37.0000","-18.6778","-0.0079"
"37.0200","-18.6872","-0.0079"
"37.0400","-18.6975","-0.0079"
"37.0600","-18.7084","-0.0079"
"37.0800","-18.7186","-0.0079"
"37.1000","-18.7279","-0.0079"
"37.1200","-18.7371","-0.0079"
"37.1400","-18.7470","-0.0079"
"37.1600","-18.7578","-0.0079"
"37.1800","-18.7683","-0.0079"
"37.2000","-18.7777","-0.0079"
"37.2200","-18.7868","-0.0079"
"37.2400","-18.7965","-0.0079"
"37.2600","-18.8072","-0.0079"
"37.2800","-18.8182","-0.0079"
"37.3000","-18.8283","-0.0079"
"37.3200","-18.8378","-0.0079"
"37.3400","-18.8473","-0.0079"
"37.3600","-18.8573","-0.0079"
"37.3800","-18.8680","-0.0079"
"37.4000","-18.8784","-0.0079"
"37.4200","-18.8878","-0.0079"
"37.4400","-18.8969","-0.0079"
"37.4600","-18.9064","-0.0079"
"37.4800","-18.9170","-0.0079"
"37.5000","-18.9279","-0.0079"
"37.5200","-18.9379","-0.0079"
"37.5400","-18.9472","-0.0079"
"37.5600","-18.9567","-0.0079"
"37.5800","-18.9671","-0.0079"
"37.6000","-18.9781","-0.0080"
"37.6200","-18.9881","-0.0080"
"37.6400","-18.9974","-0.0080"
"37.6600","-19.0068","-0.0080"
"37.6800","-19.0170","-0.0080"
"37.7000","-19.0281","-0.0080"
"37.7200","-19.0386","-0.0080"
"37.7400","-19.0481","-0.0080"
"37.7600","-19.0572","-0.0080"
"37.7800","-19.0666","-0.0080"
"37.8000","-19.0768","-0.0080"
"37.8200","-19.0876","-0.0080"
"37.8400","-19.0977","-0.0080"
"37.8600","-19.1071","-0.0080"
"37.8800","-19.1166","-0.0080"
"37.9000","-19.1269","-0.0080"
"37.9200","-19.1381","-0.0080"
"37.9400","-19.1488","-0.0080"
"37.9600","-19.1583","-0.0080"
"37.9800","-19.1675","-0.0080"
"38.0000","-19.1773","-0.0080"
"38.0200","-19.1880","-0.0080"
"38.0400","-19.1986","-0.0080"
"38.0600","-19.2080","-0.0080"
"38.0800","-19.2170","-0.0080"
"38.1000","-19.2266","-0.0080"
"38.1200","-19.2371","-0.0080"
"38.1400","-19.2479","-0.0080"
"38.1600","-19.2579","-0.0081"
"38.1800","-19.2672","-0.0081"
"38.2000","-19.2766","-0.0080"
"38.2200","-19.2866","-0.0080"
"38.2400","-19.2976","-0.0081"
"38.2600","-19.3084","-0.0081"
"38.2800","-19.3182","-0.0081"
"38.3000","-19.3277","-0.0081"
"38.3200","-19.3374","-0.0081"
"38.3400","-19.3479","-0.0081"
"38.3600","-19.3585","-0.0081"
"38.3800","-19.3681","-0.0081"
"38.4000","-19.3772","-0.0081"
"38.4200","-19.3864","-0.0081"
"38.4400","-19.3966","-0.0081"
"38.4600","-19.4077","-0.0081"
"38.4800","-19.4181","-0.0081"
"38.5000","-19.4274","-0.0081"
"38.5200","-19.4367","-0.0081"
"38.5400","-19.4468","-0.0081"
"38.5600","-19.4578","-0.0081"
"38.5800","-19.4686","-0.0081"
"38.6000","-19.4783","-0.0081"
"38.6200","-19.4877","-0.0081"
"38.6400","-19.4974","-0.0081"
"38.6600","-19.5077","-0.0081"
"38.6800","-19.5184","-0.0081"
"38.7000","-19.5283","-0.0081"
"38.7200","-19.5376","-0.0081"
"38.7400","-19.5468","-0.0081"
"38.7600","-19.5567","-0.0082"
"38.7800","-19.5675","-0.0082"
"38.8000","-19.5780","-0.0082"
"38.8200","-19.5875","-0.0082"
"38.8400","-19.5967","-0.0082"
"38.8600","-19.6065","-0.0082"
"38.8800","-19.6174","-0.0082"
"38.9000","-19.6285","-0.0082"
"38.9200","-19.6384","-0.0082"
"38.9400","-19.6478","-0.0082"
"38.9600","-19.6573","-0.0082"
"38.9800","-19.6677","-0.0082"
"39.0000","-19.6785","-0.0082"
"39.0200","-19.6885","-0.0082"
"39.0400","-19.6978","-0.0082"
"39.0600","-19.7071","-0.0082"
"39.0800","-19.7167","-0.0082"
"39.1000","-19.7273","-0.0082"
"39.1200","-19.7379","-0.0082"
"39.1400","-19.7477","-0.0082"
"39.1600","-19.7570","-0.0082"
"39.1800","-19.7665","-0.0082"
"39.2000","-19.7769","-0.0082"
"39.2200","-19.7880","-0.0082"
"39.2400","-19.7983","-0.0082"
"39.2600","-19.8078","-0.0082"
"39.2800","-19.8173","-0.0082"
"39.3000","-19.8276","-0.0082"
"39.3200","-19.8387","-0.0082"
"39.3400","-19.8489","-0.0082"
"39.3600","-19.8581","-0.0082"
"39.3800","-19.8670","-0.0082"
"39.4000","-19.8764","-0.0082"
"39.4200","-19.8869","-0.0082"
"39.4400","-19.8976","-0.0082"
"39.4600","-19.9075","-0.0082"
"39.4800","-19.9169","-0.0082"
"39.5000","-19.9267","-0.0082"
"39.5200","-19.9371","-0.0082"
"39.5400","-19.9481","-0.0082"
"39.5600","-19.9585","-0.0082"
"39.5800","-19.9680","-0.0082"
"39.6000","-19.9773","-0.0082"
"39.6200","-19.9871","-0.0082"
"39.6400","-19.9980","-0.0082"
"39.6600","-20.0086","-0.0082"
"39.6800","-20.0182","-0.0082"
"39.7000","-20.0273","-0.0082"
"39.7200","-20.0368","-0.0083"
"39.7400","-20.0473","-0.0083"
"39.7600","-20.0581","-0.0083"
"39.7800","-20.0679","-0.0083"
"39.8000","-20.0770","-0.0083"
"39.8200","-20.0864","-0.0083"
"39.8400","-20.0968","-0.0083"
"39.8600","-20.1079","-0.0083"
"39.8800","-20.1184","-0.0083"
"39.9000","-20.1281","-0.0083"
"39.9200","-20.1377","-0.0083"
"39.9400","-20.1477","-0.0083"
"39.9600","-20.1582","-0.0083"
"39.9800","-20.1686","-0.0083"
"40.0000","-20.1783","-0.0083"
"40.0200","-20.1874","-0.0083"
"40.0400","-20.1967","-0.0083"
"40.0600","-20.2068","-0.0083"
"40.0800","-20.2177","-0.0083"
"40.1000","-20.2280","-0.0083"
"40.1200","-20.2374","-0.0083"
"40.1400","-20.2468","-0.0083"
"40.1600","-20.2569","-0.0083"
"40.1800","-20.2680","-0.0083"
"40.2000","-20.2787","-0.0083"
"40.2200","-20.2882","-0.0083"
"40.2400","-20.2975","-0.0083"
"40.2600","-20.3073","-0.0083"
"40.2800","-20.3180","-0.0083"
"40.3000","-20.3287","-0.0083"
"40.3200","-20.3384","-0.0084"
"40.3400","-20.3476","-0.0084"
"40.3600","-20.3569","-0.0084"
"40.3800","-20.3669","-0.0084"
"40.4000","-20.3776","-0.0084"
"40.4200","-20.3880","-0.0084"
"40.4400","-20.3976","-0.0084"
"40.4600","-20.4070","-0.0084"
"40.4800","-20.4168","-0.0084"
"40.5000","-20.4276","-0.0084"
"40.5200","-20.4385","-0.0084"
"40.5400","-20.4484","-0.0084"
"40.5600","-20.4576","-0.0084"
"40.5800","-20.4672","-0.0084"
"40.6000","-20.4778","-0.0084"
"40.6200","-20.4887","-0.0084"
"40.6400","-20.4986","-0.0084"
"40.6600","-20.5076","-0.0084"
"40.6800","-20.5168","-0.0084"
"40.7000","-20.5268","-0.0084"
"40.7200","-20.5376","-0.0084"
"40.7400","-20.5479","-0.0084"
"40.7600","-20.5574","-0.0084"
"40.7800","-20.5666","-0.0084"
"40.8000","-20.5764","-0.0084"
"40.8200","-20.5871","-0.0084"
"40.8400","-20.5982","-0.0084"
"40.8600","-20.6085","-0.0084"
"40.8800","-20.6181","-0.0084"
"40.9000","-20.6275","-0.0084"
"40.9200","-20.6377","-0.0084"
"40.9400","-20.6486","-0.0084"
"40.9600","-20.6588","-0.0085"
"40.9800","-20.6681","-0.0084"
"41.0000","-20.6772","-0.0084"
"41.0200","-20.6870","-0.0085"
"41.0400","-20.6978","-0.0085"
"41.0600","-20.7083","-0.0085"
"41.0800","-20.7177","-0.0085"
"41.1000","-20.7268","-0.0085"
"41.1200","-20.7366","-0.0085"
"41.1400","-20.7473","-0.0085"
"41.1600","-20.7583","-0.0085"
"41.1800","-20.7683","-0.0085"
"41.2000","-20.7776","-0.0085"
"41.2200","-20.7871","-0.0085"
"41.2400","-20.7972","-0.0085"
"41.2600","-20.8080","-0.0085"
"41.2800","-20.8184","-0.0085"
"41.3000","-20.8280","-0.0085"
"41.3200","-20.8372","-0.0085"
"41.3400","-20.8466","-0.0085"
"41.3600","-20.8569","-0.0085"
"41.3800","-20.8676","-0.0085"
"41.4000","-20.8776","-0.0085"
"41.4200","-20.8868","-0.0085"
"41.4400","-20.8962","-0.0085"
"41.4600","-20.9067","-0.0085"
"41.4800","-20.9180","-0.0085"
"41.5000","-20.9285","-0.0085"
"41.5200","-20.9381","-0.0085"
"41.5400","-20.9477","-0.0085"
"41.5600","-20.9577","-0.0085"
"41.5800","-20.9683","-0.0085"
"41.6000","-20.9785","-0.0085"
"41.6200","-20.9879","-0.0085"
"41.6400","-20.9971","-0.0085"
"41.6600","-21.0065","-0.0085"
"41.6800","-21.0168","-0.0085"
"41.7000","-21.0275","-0.0085"
"41.7200","-21.0378","-0.0086"
"41.7400","-21.0474","-0.0086"
"41.7600","-21.0568","-0.0086"
"41.7800","-21.0668","-0.0086"
"41.8000","-21.0776","-0.0085"
"41.8200","-21.0883","-0.0086"
"41.8400","-21.0980","-0.0086"
"41.8600","-21.1072","-0.0086"
"41.8800","-21.1170","-0.0086"
"41.9000","-21.1279","-0.0086"
"41.9200","-21.1387","-0.0086"
"41.9400","-21.1483","-0.0086"
"41.9600","-21.1572","-0.0086"
"41.9800","-21.1664","-0.0086"
"42.0000","-21.1767","-0.0086"
"42.0200","-21.1876","-0.0086"
"42.0400","-21.1977","-0.0086"
"42.0600","-21.2071","-0.0086"
"42.0800","-21.2166","-0.0086"
"42.1000","-21.2267","-0.0086"
"42.1200","-21.2376","-0.0086"
"42.1400","-21.2484","-0.0086"
"42.1600","-21.2582","-0.0086"
"42.1800","-21.2675","-0.0086"
"42.2000","-21.2770","-0.0086"
"42.2200","-21.2874","-0.0086"
"42.2400","-21.2983","-0.0086"
"42.2600","-21.3083","-0.0086"
"42.2800","-21.3175","-0.0086"
"42.3000","-21.3267","-0.0086"
"42.3200","-21.3369","-0.0086"
"42.3400","-21.3479","-0.0086"
"42.3600","-21.3583","-0.0086"
"42.3800","-21.3675","-0.0086"
"42.4000","-21.3767","-0.0086"
"42.4200","-21.3866","-0.0086"
"42.4400","-21.3975","-0.0086"
"42.4600","-21.4084","-0.0086"
"42.4800","-21.4184","-0.0087"
"42.5000","-21.4279","-0.0086"
"42.5200","-21.4376","-0.0087"
"42.5400","-21.4478","-0.0087"
"42.5600","-21.4584","-0.0086"
"42.5800","-21.4683","-0.0087"
"42.6000","-21.4776","-0.0087"
"42.6200","-21.4868","-0.0087"
"42.6400","-21.4966","-0.0087"
"42.6600","-21.5073","-0.0087"
"42.6800","-21.5179","-0.0087"
"42.7000","-21.5277","-0.0087"
"42.7200","-21.5370","-0.0087"
"42.7400","-21.5467","-0.0087"
"42.7600","-21.5573","-0.0087"
"42.7800","-21.5683","-0.0087"
"42.8000","-21.5782","-0.0087"
"42.8200","-21.5875","-0.0087"
"42.8400","-21.5970","-0.0087"
"42.8600","-21.6074","-0.0087"
"42.8800","-21.6185","-0.0087"
"42.9000","-21.6288","-0.0087"
"42.9200","-21.6382","-0.0087"
"42.9400","-21.6474","-0.0087"
"42.9600","-21.6569","-0.0087"
"42.9800","-21.6672","-0.0087"
"43.0000","-21.6778","-0.0087"
"43.0200","-21.6877","-0.0087"
"43.0400","-21.6970","-0.0087"
"43.0600","-21.7066","-0.0087"
"43.0800","-21.7171","-0.0087"
"43.1000","-21.7283","-0.0087"
"43.1200","-21.7388","-0.0087"
"43.1400","-21.7483","-0.0087"
"43.1600","-21.7574","-0.0087"
"43.1800","-21.7673","-0.0087"
"43.2000","-21.7781","-0.0087"
"43.2200","-21.7886","-0.0087"
"43.2400","-21.7980","-0.0087"
"43.2600","-21.8072","-0.0087"
"43.2800","-21.8168","-0.0087"
"43.3000","-21.8273","-0.0087"
"43.3200","-21.8380","-0.0087"
"43.3400","-21.8478","-0.0087"
"43.3600","-21.8570","-0.0087"
"43.3800","-21.8665","-0.0087"
"43.4000","-21.8768","-0.0087"
"43.4200","-21.8879","-0.0087"
"43.4400","-21.8985","-0.0087"
"43.4600","-21.9082","-0.0087"
"43.4800","-21.9177","-0.0087"
"43.5000","-21.9276","-0.0087"
"43.5200","-21.9384","-0.0087"
"43.5400","-21.9490","-0.0087"
"43.5600","-21.9584","-0.0087"
"43.5800","-21.9672","-0.0087"
"43.6000","-21.9765","-0.0087"
"43.6200","-21.9869","-0.0088"
"43.6400","-21.9980","-0.0087"
"43.6600","-22.0082","-0.0088"
"43.6800","-22.0174","-0.0088"
"43.7000","-22.0267","-0.0088"
"43.7200","-22.0370","-0.0088"
"43.7400","-22.0480","-0.0088"
"43.7600","-22.0586","-0.0088"
"43.7800","-22.0682","-0.0088"
"43.8000","-22.0777","-0.0088"
"43.8200","-22.0873","-0.0088"
"43.8400","-22.0977","-0.0088"
"43.8600","-22.1082","-0.0088"
"43.8800","-22.1182","-0.0088"
"43.9000","-22.1276","-0.0088"
"43.9200","-22.1370","-0.0088"
"43.9400","-22.1471","-0.0088"
"43.9600","-22.1577","-0.0088"
"43.9800","-22.1679","-0.0088"
"44.0000","-22.1773","-0.0088"
"44.0200","-22.1867","-0.0088"
"44.0400","-22.1968","-0.0088"
"44.0600","-22.2080","-0.0088"
"44.0800","-22.2189","-0.0088"
"44.1000","-22.2286","-0.0088"
"44.1200","-22.2379","-0.0088"
"44.1400","-22.2475","-0.0088"
"44.1600","-22.2579","-0.0088"
"44.1800","-22.2684","-0.0088"
"44.2000","-22.2782","-0.0088"
"44.2200","-22.2875","-0.0088"
"44.2400","-22.2970","-0.0088"
"44.2600","-22.3070","-0.0088"
"44.2800","-22.3177","-0.0088"
"44.3000","-22.3282","-0.0088"
"44.3200","-22.3378","-0.0088"
"44.3400","-22.3472","-0.0088"
"44.3600","-22.3568","-0.0088"
"44.3800","-22.3673","-0.0088"
"44.4000","-22.3782","-0.0088"
"44.4200","-22.3882","-0.0089"
"44.4400","-22.3975","-0.0088"
"44.4600","-22.4071","-0.0088"
"44.4800","-22.4175","-0.0089"
"44.5000","-22.4286","-0.0089"
"44.5200","-22.4387","-0.0089"
"44.5400","-22.4479","-0.0089"
"44.5600","-22.4569","-0.0089"
"44.5800","-22.4666","-0.0089"
"44.6000","-22.4771","-0.0089"
"44.6200","-22.4875","-0.0089"
"44.6400","-22.4972","-0.0089"
"44.6600","-22.5067","-0.0089"
"44.6800","-22.5167","-0.0089"
"44.7000","-22.5274","-0.0089"
"44.7200","-22.5385","-0.0089"
"44.7400","-22.5487","-0.0089"
"44.7600","-22.5581","-0.0089"
"44.7800","-22.5673","-0.0089"
"44.8000","-22.5773","-0.0089"
"44.8200","-22.5881","-0.0089"
"44.8400","-22.5985","-0.0089"
"44.8600","-22.6079","-0.0089"
"44.8800","-22.6170","-0.0089"
"44.9000","-22.6267","-0.0089"
"44.9200","-22.6374","-0.0089"
"44.9400","-22.6481","-0.0089"
"44.9600","-22.6577","-0.0089"
"44.9800","-22.6668","-0.0089"
"45.0000","-22.6764","-0.0089"
"45.0200","-22.6869","-0.0089"
"45.0400","-22.6980","-0.0089"
"45.0600","-22.7083","-0.0089"
"45.0800","-22.7179","-0.0089"
"45.1000","-22.7276","-0.0089"
"45.1200","-22.7378","-0.0089"
"45.1400","-22.7485","-0.0089"
"45.1600","-22.7587","-0.0089"
"45.1800","-22.7680","-0.0089"
"45.2000","-22.7770","-0.0089"
"45.2200","-22.7864","-0.0089"
"45.2400","-22.7968","-0.0089"
"45.2600","-22.8077","-0.0089"
"45.2800","-22.8178","-0.0089"
"45.3000","-22.8272","-0.0089"
"45.3200","-22.8367","-0.0089"
"45.3400","-22.8471","-0.0089"
"45.3600","-22.8583","-0.0089"
"45.3800","-22.8688","-0.0089"
"45.4000","-22.8782","-0.0089"
"45.4200","-22.8875","-0.0089"
"45.4400","-22.8974","-0.0089"
"45.4600","-22.9081","-0.0089"
"45.4800","-22.9185","-0.0089"
"45.5000","-22.9281","-0.0089"
"45.5200","-22.9373","-0.0089"
"45.5400","-22.9467","-0.0089"
"45.5600","-22.9567","-0.0089"
"45.5800","-22.9672","-0.0089"
"45.6000","-22.9773","-0.0089"
"45.6200","-22.9868","-0.0089"
"45.6400","-22.9963","-0.0089"
"45.6600","-23.0062","-0.0089"
"45.6800","-23.0171","-0.0089"
"45.7000","-23.0280","-0.0089"
"45.7200","-23.0380","-0.0089"
"45.7400","-23.0474","-0.0089"
"45.7600","-23.0571","-0.0089"
"45.7800","-23.0676","-0.0089"
"45.8000","-23.0783","-0.0089"
"45.8200","-23.0880","-0.0089"
"45.8400","-23.0971","-0.0089"
"45.8600","-23.1065","-0.0089"
"45.8800","-23.1167","-0.0090"
"45.9000","-23.1277","-0.0089"
"45.9200","-23.1381","-0.0089"
"45.9400","-23.1477","-0.0089"
"45.9600","-23.1571","-0.0089"
"45.9800","-23.1669","-0.0089"
"46.0000","-23.1776","-0.0089"
"46.0200","-23.1884","-0.0089"
"46.0400","-23.1982","-0.0089"
"46.0600","-23.2075","-0.0089"
"46.0800","-23.2170","-0.0089"
"46.1000","-23.2276","-0.0089"
"46.1200","-23.2388","-0.0089"
"46.1400","-23.2490","-0.0090"
"46.1600","-23.2580","-0.0089"
"46.1800","-23.2670","-0.0089"
"46.2000","-23.2767","-0.0089"
"46.2200","-23.2874","-0.0089"
"46.2400","-23.2978","-0.0089"
"46.2600","-23.3072","-0.0090"
"46.2800","-23.3165","-0.0089"
"46.3000","-23.3266","-0.0090"
"46.3200","-23.3375","-0.0090"
"46.3400","-23.3484","-0.0090"
"46.3600","-23.3582","-0.0090"
"46.3800","-23.3675","-0.0090"
"46.4000","-23.3769","-0.0090"
"46.4200","-23.3872","-0.0090"
"46.4400","-23.3981","-0.0090"
"46.4600","-23.4084","-0.0090"
"46.4800","-23.4179","-0.0090"
"46.5000","-23.4272","-0.0090"
"46.5200","-23.4369","-0.0090"
"46.5400","-23.4477","-0.0090"
"46.5600","-23.4582","-0.0090"
"46.5800","-23.4678","-0.0090"
"46.6000","-23.4768","-0.0090"
"46.6200","-23.4862","-0.0090"
"46.6400","-23.4967","-0.0090"
"46.6600","-23.5078","-0.0090"
"46.6800","-23.5182","-0.0090"
"46.7000","-23.5278","-0.0090"
"46.7200","-23.5375","-0.0090"
"46.7400","-23.5479","-0.0090"
"46.7600","-23.5586","-0.0090"
"46.7800","-23.5685","-0.0090"
"46.8000","-23.5776","-0.0090"
"46.8200","-23.5867","-0.0090"
"46.8400","-23.5963","-0.0090"
"46.8600","-23.6069","-0.0090"
"46.8800","-23.6178","-0.0090"
"46.9000","-23.6278","-0.0090"
"46.9200","-23.6372","-0.0090"
"46.9400","-23.6467","-0.0090"
"46.9600","-23.6570","-0.0090"
"46.9800","-23.6682","-0.0090"
"47.0000","-23.6786","-0.0090"
"47.0200","-23.6880","-0.0090"
"47.0400","-23.6972","-0.0090"
"47.0600","-23.7072","-0.0090"
"47.0800","-23.7181","-0.0090"
"47.1000","-23.7287","-0.0090"
"47.1200","-23.7383","-0.0090"
"47.1400","-23.7473","-0.0090"
"47.1600","-23.7566","-0.0090"
"47.1800","-23.7668","-0.0090"
"47.2000","-23.7775","-0.0090"
"47.2200","-23.7874","-0.0090"
"47.2400","-23.7968","-0.0090"
"47.2600","-23.8064","-0.0090"
"47.2800","-23.8168","-0.0090"
"47.3000","-23.8280","-0.0090"
"47.3200","-23.8388","-0.0090"
"47.3400","-23.8485","-0.0090"
"47.3600","-23.8578","-0.0090"
"47.3800","-23.8674","-0.0090"
"47.4000","-23.8780","-0.0090"
"47.4200","-23.8886","-0.0090"
"47.4400","-23.8983","-0.0090"
"47.4600","-23.9073","-0.0090"
"47.4800","-23.9165","-0.0090"
"47.5000","-23.9267","-0.0090"
"47.5200","-23.9377","-0.0090"
"47.5400","-23.9480","-0.0090"
"47.5600","-23.9571","-0.0090"
"47.5800","-23.9663","-0.0090"
"47.6000","-23.9764","-0.0090"
"47.6200","-23.9874","-0.0090"
"47.6400","-23.9982","-0.0090"
"47.6600","-24.0080","-0.0090"
"47.6800","-24.0175","-0.0090"
"47.7000","-24.0274","-0.0090"
"47.7200","-24.0380","-0.0090"
"47.7400","-24.0486","-0.0090"
"47.7600","-24.0584","-0.0090"
"47.7800","-24.0675","-0.0090"
"47.8000","-24.0765","-0.0090"
"47.8200","-24.0864","-0.0090"
"47.8400","-24.0972","-0.0090"
"47.8600","-24.1078","-0.0090"
"47.8800","-24.1174","-0.0090"
"47.9000","-24.1268","-0.0090"
"47.9200","-24.1368","-0.0090"
"47.9400","-24.1478","-0.0090"
"47.9600","-24.1587","-0.0090"
"47.9800","-24.1684","-0.0090"
"48.0000","-24.1776","-0.0090"
"48.0200","-24.1872","-0.0090"
"48.0400","-24.1976","-0.0090"
"48.0600","-24.2086","-0.0090"
"48.0800","-24.2187","-0.0090"
"48.1000","-24.2280","-0.0090"
"48.1200","-24.2374","-0.0090"
"48.1400","-24.2472","-0.0090"
"48.1600","-24.2576","-0.0090"
"48.1800","-24.2679","-0.0090"
"48.2000","-24.2773","-0.0090"
"48.2200","-24.2866","-0.0090"
"48.2400","-24.2964","-0.0090"
"48.2600","-24.3072","-0.0090"
"48.2800","-24.3184","-0.0090"
"48.3000","-24.3287","-0.0090"
"48.3200","-24.3380","-0.0090"
"48.3400","-24.3474","-0.0090"
"48.3600","-24.3577","-0.0090"
"48.3800","-24.3686","-0.0090"
"48.4000","-24.3787","-0.0090"
"48.4200","-24.3878","-0.0091"
"48.4400","-24.3968","-0.0090"
"48.4600","-24.4065","-0.0090"
"48.4800","-24.4172","-0.0091"
"48.5000","-24.4279","-0.0091"
"48.5200","-24.4378","-0.0091"
"48.5400","-24.4473","-0.0091"
"48.5600","-24.4569","-0.0091"
"48.5800","-24.4672","-0.0091"
"48.6000","-24.4781","-0.0091"
"48.6200","-24.4884","-0.0091"
"48.6400","-24.4979","-0.0091"
"48.6600","-24.5073","-0.0091"
"48.6800","-24.5172","-0.0091"
"48.7000","-24.5282","-0.0091"
"48.7200","-24.5389","-0.0091"
"48.7400","-24.5484","-0.0091"
"48.7600","-24.5574","-0.0091"
"48.7800","-24.5668","-0.0091"
"48.8000","-24.5772","-0.0091"
"48.8200","-24.5880","-0.0091"
"48.8400","-24.5979","-0.0091"
"48.8600","-24.6072","-0.0091"
"48.8800","-24.6169","-0.0090"
"48.9000","-24.6274","-0.0091"
"48.9200","-24.6383","-0.0091"
"48.9400","-24.6485","-0.0091"
"48.9600","-24.6578","-0.0090"
"48.9800","-24.6671","-0.0090"
"49.0000","-24.6770","-0.0090"
"49.0200","-24.6877","-0.0091"
"49.0400","-24.6984","-0.0091"
"49.0600","-24.7081","-0.0091"
"49.0800","-24.7172","-0.0090"
"49.1000","-24.7266","-0.0090"
"49.1200","-24.7369","-0.0090"
"49.1400","-24.7480","-0.0090"
"49.1600","-24.7582","-0.0090"
"49.1800","-24.7673","-0.0090"
"49.2000","-24.7765","-0.0090"
"49.2200","-24.7866","-0.0090"
"49.2400","-24.7979","-0.0090"
"49.2600","-24.8087","-0.0090"
"49.2800","-24.8184","-0.0090"
"49.3000","-24.8277","-0.0090"
"49.3200","-24.8376","-0.0090"
"49.3400","-24.8483","-0.0090"
"49.3600","-24.8587","-0.0090"
"49.3800","-24.8682","-0.0090"
"49.4000","-24.8772","-0.0090"
"49.4200","-24.8865","-0.0090"
"49.4400","-24.8965","-0.0090"
"49.4600","-24.9073","-0.0090"
"49.4800","-24.9178","-0.0090"
"49.5000","-24.9275","-0.0090"
"49.5200","-24.9369","-0.0090"
"49.5400","-24.9468","-0.0090"
"49.5600","-24.9576","-0.0090"
"49.5800","-24.9685","-0.0090"
"49.6000","-24.9783","-0.0090"
"49.6200","-24.9875","-0.0090"
"49.6400","-24.9970","-0.0090"
"49.6600","-25.0076","-0.0090"
"49.6800","-25.0186","-0.0090"
"49.7000","-25.0285","-0.0090"
"49.7200","-25.0376","-0.0090"
"49.7400","-25.0468","-0.0090"
"49.7600","-25.0568","-0.0090"
"49.7800","-25.0674","-0.0090"
"49.8000","-25.0776","-0.0090"
"49.8200","-25.0870","-0.0090"
"49.8400","-25.0963","-0.0090"
"49.8600","-25.1062","-0.0090"
"49.8800","-25.1170","-0.0090"
"49.9000","-25.1281","-0.0090"
"49.9200","-25.1384","-0.0090"
"49.9400","-25.1479","-0.0090"
"49.9600","-25.1573","-0.0090"
"49.9800","-25.1674","-0.0090"
"50.0000","-25.1783","-0.0090"
"50.0200","-25.1886","-0.0090"
"50.0400","-25.1978","-0.0090"
"50.0600","-25.2069","-0.0090"
"50.0800","-25.2166","-0.0090"
"50.1000","-25.2274","-0.0090"
"50.1200","-25.2381","-0.0090"
"50.1400","-25.2477","-0.0090"
"50.1600","-25.2569","-0.0090"
"50.1800","-25.2666","-0.0090"
"50.2000","-25.2772","-0.0090"
"50.2200","-25.2881","-0.0090"
"50.2400","-25.2982","-0.0090"
"50.2600","-25.3077","-0.0090"
"50.2800","-25.3173","-0.0090"
"50.3000","-25.3276","-0.0090"
"50.3200","-25.3384","-0.0090"
"50.3400","-25.3487","-0.0090"
"50.3600","-25.3581","-0.0090"
"50.3800","-25.3670","-0.0090"
"50.4000","-25.3763","-0.0090"
"50.4200","-25.3868","-0.0090"
"50.4400","-25.3976","-0.0090"
"50.4600","-25.4076","-0.0090"
"50.4800","-25.4169","-0.0090"
"50.5000","-25.4266","-0.0090"
"50.5200","-25.4374","-0.0090"
"50.5400","-25.4486","-0.0090"
"50.5600","-25.4587","-0.0090"
"50.5800","-25.4678","-0.0090"
"50.6000","-25.4772","-0.0090"
"50.6200","-25.4873","-0.0090"
"50.6400","-25.4982","-0.0090"
"50.6600","-25.5086","-0.0090"
"50.6800","-25.5182","-0.0090"
"50.7000","-25.5276","-0.0090"
"50.7200","-25.5373","-0.0090"
"50.7400","-25.5475","-0.0090"
"50.7600","-25.5580","-0.0090"
"50.7800","-25.5677","-0.0090"
"50.8000","-25.5768","-0.0090"
"50.8200","-25.5862","-0.0090"
"50.8400","-25.5965","-0.0090"
"50.8600","-25.6078","-0.0090"
"50.8800","-25.6187","-0.0090"
"50.9000","-25.6285","-0.0090"
"50.9200","-25.6379","-0.0090"
"50.9400","-25.6477","-0.0090"
"50.9600","-25.6583","-0.0090"
"50.9800","-25.6686","-0.0090"
"51.0000","-25.6779","-0.0090"
"51.0200","-25.6870","-0.0090"
"51.0400","-25.6966","-0.0090"
"51.0600","-25.7072","-0.0090"
"51.0800","-25.7180","-0.0089"
"51.1000","-25.7281","-0.0089"
"51.1200","-25.7375","-0.0089"
"51.1400","-25.7470","-0.0089"
"51.1600","-25.7570","-0.0089"
"51.1800","-25.7677","-0.0089"
"51.2000","-25.7784","-0.0089"
"51.2200","-25.7882","-0.0089"
"51.2400","-25.7976","-0.0089"
"51.2600","-25.8072","-0.0089"
"51.2800","-25.8177","-0.0089"
"51.3000","-25.8286","-0.0089"
"51.3200","-25.8385","-0.0089"
"51.3400","-25.8476","-0.0089"
"51.3600","-25.8568","-0.0089"
"51.3800","-25.8669","-0.0089"
"51.4000","-25.8778","-0.0089"
"51.4200","-25.8881","-0.0089"
"51.4400","-25.8974","-0.0089"
"51.4600","-25.9067","-0.0089"
"51.4800","-25.9167","-0.0089"
"51.5000","-25.9276","-0.0089"
"51.5200","-25.9385","-0.0089"
"51.5400","-25.9483","-0.0089"
"51.5600","-25.9576","-0.0089"
"51.5800","-25.9671","-0.0089"
"51.6000","-25.9774","-0.0089"
"51.6200","-25.9882","-0.0088"
"51.6400","-25.9984","-0.0088"
"51.6600","-26.0077","-0.0088"
"51.6800","-26.0169","-0.0088"
"51.7000","-26.0268","-0.0088"
"51.7200","-26.0376","-0.0088"
"51.7400","-26.0482","-0.0088"
"51.7600","-26.0577","-0.0088"
"51.7800","-26.0667","-0.0088"
"51.8000","-26.0763","-0.0088"
"51.8200","-26.0872","-0.0088"
"51.8400","-26.0984","-0.0088"
"51.8600","-26.1084","-0.0088"
"51.8800","-26.1179","-0.0087"
"51.9000","-26.1276","-0.0087"
"51.9200","-26.1381","-0.0087"
"51.9400","-26.1489","-0.0087"
"51.9600","-26.1588","-0.0087"
"51.9800","-26.1678","-0.0087"
"52.0000","-26.1770","-0.0086"
"52.0200","-26.1867","-0.0086"
"52.0400","-26.1972","-0.0086"
"52.0600","-26.2079","-0.0086"
"52.0800","-26.2178","-0.0086"
"52.1000","-26.2273","-0.0085"
"52.1200","-26.2369","-0.0085"
"52.1400","-26.2473","-0.0084"
"52.1600","-26.2582","-0.0083"
"52.1800","-26.2683","-0.0081"
"52.2000","-26.2776","-0.0081"
"52.2200","-26.2870","-0.0081"
"52.2400","-26.2971","-0.0081"
"52.2600","-26.3082","-0.0080"
"52.2800","-26.3186","-0.0079"
"52.3000","-26.3280","-0.0078"
"52.3200","-26.3371","-0.0077"
"52.3400","-26.3467","-0.0076"
"52.3600","-26.3572","-0.0075"
"52.3800","-26.3678","-0.0074"
"52.4000","-26.3777","-0.0074"
"52.4200","-26.3871","-0.0074"
"52.4400","-26.3966","-0.0073"
"52.4600","-26.4070","-0.0073"
"52.4800","-26.4180","-0.0073"
"52.5000","-26.4286","-0.0073"
"52.5200","-26.4384","-0.0073"
"52.5400","-26.4479","-0.0073"
"52.5600","-26.4578","-0.0073"
"52.5800","-26.4684","-0.0072"
"52.6000","-26.4787","-0.0072"
"52.6200","-26.4881","-0.0072"
"52.6400","-26.4972","-0.0072"
"52.6600","-26.5067","-0.0072"
"52.6800","-26.5172","-0.0072"
"52.7000","-26.5282","-0.0072"
"52.7200","-26.5381","-0.0072"
"52.7400","-26.5473","-0.0072"
"52.7600","-26.5567","-0.0072"
"52.7800","-26.5670","-0.0072"
"52.8000","-26.5780","-0.0072"
"52.8200","-26.5884","-0.0072"
"52.8400","-26.5979","-0.0072"
"52.8600","-26.6073","-0.0072"
"52.8800","-26.6172","-0.0072"
"52.9000","-26.6278","-0.0072"
"52.9200","-26.6383","-0.0072"
"52.9400","-26.6480","-0.0072"
"52.9600","-26.6571","-0.0071"
"52.9800","-26.6663","-0.0071"
"53.0000","-26.6764","-0.0071"
"53.0200","-26.6874","-0.0071"
"53.0400","-26.6979","-0.0071"
"53.0600","-26.7074","-0.0071"
"53.0800","-26.7167","-0.0071"
"53.1000","-26.7268","-0.0071"
"53.1200","-26.7379","-0.0071"
"53.1400","-26.7487","-0.0071"
"53.1600","-26.7584","-0.0071"
"53.1800","-26.7676","-0.0071"
"53.2000","-26.7772","-0.0071"
"53.2200","-26.7878","-0.0071"
"53.2400","-26.7985","-0.0071"
"53.2600","-26.8083","-0.0071"
"53.2800","-26.8176","-0.0071"
"53.3000","-26.8270","-0.0071"
"53.3200","-26.8370","-0.0071"
"53.3400","-26.8477","-0.0071"
"53.3600","-26.8580","-0.0071"
"53.3800","-26.8675","-0.0071"
"53.4000","-26.8768","-0.0071"
"53.4200","-26.8865","-0.0071"
"53.4400","-26.8973","-0.0071"
"53.4600","-26.9083","-0.0071"
"53.4800","-26.9185","-0.0071"
"53.5000","-26.9280","-0.0071"
"53.5200","-26.9377","-0.0071"
"53.5400","-26.9481","-0.0071"
"53.5600","-26.9588","-0.0071"
"53.5800","-26.9685","-0.0071"
"53.6000","-26.9774","-0.0071"
"53.6200","-26.9865","-0.0071"
"53.6400","-26.9965","-0.0071"
"53.6600","-27.0073","-0.0071"
"53.6800","-27.0179","-0.0071"
"53.7000","-27.0276","-0.0071"
"53.7200","-27.0370","-0.0071"
"53.7400","-27.0467","-0.0071"
"53.7600","-27.0571","-0.0071"
"53.7800","-27.0680","-0.0071"
"53.8000","-27.0782","-0.0071"
"53.8200","-27.0877","-0.0071"
"53.8400","-27.0971","-0.0071"
"53.8600","-27.1072","-0.0071"
"53.8800","-27.1181","-0.0071"
"53.9000","-27.1287","-0.0071"
"53.9200","-27.1382","-0.0071"
"53.9400","-27.1473","-0.0071"
"53.9600","-27.1567","-0.0071"
"53.9800","-27.1672","-0.0071"
"54.0000","-27.1778","-0.0071"
"54.0200","-27.1876","-0.0071"
"54.0400","-27.1969","-0.0071"
"54.0600","-27.2066","-0.0071"
"54.0800","-27.2173","-0.0071"
"54.1000","-27.2283","-0.0071"
"54.1200","-27.2385","-0.0071"
"54.1400","-27.2481","-0.0071"
"54.1600","-27.2576","-0.0071"
"54.1800","-27.2674","-0.0071"
"54.2000","-27.2780","-0.0071"
"54.2200","-27.2883","-0.0071"
"54.2400","-27.2979","-0.0071"
"54.2600","-27.3070","-0.0071"
"54.2800","-27.3165","-0.0072"
"54.3000","-27.3270","-0.0072"
"54.3200","-27.3380","-0.0072"
"54.3400","-27.3481","-0.0072"
"54.3600","-27.3572","-0.0072"
"54.3800","-27.3664","-0.0072"
"54.4000","-27.3765","-0.0072"
"54.4200","-27.3876","-0.0072"
"54.4400","-27.3982","-0.0072"
"54.4600","-27.4079","-0.0072"
"54.4800","-27.4174","-0.0072"
"54.5000","-27.4276","-0.0072"
"54.5200","-27.4384","-0.0072"
"54.5400","-27.4488","-0.0072"
"54.5600","-27.4581","-0.0072"
"54.5800","-27.4671","-0.0072"
"54.6000","-27.4765","-0.0072"
"54.6200","-27.4866","-0.0072"
"54.6400","-27.4974","-0.0072"
"54.6600","-27.5077","-0.0072"
"54.6800","-27.5173","-0.0072"
"54.7000","-27.5268","-0.0072"
"54.7200","-27.5370","-0.0072"
"54.7400","-27.5479","-0.0072"
"54.7600","-27.5585","-0.0072"
"54.7800","-27.5681","-0.0072"
"54.8000","-27.5773","-0.0072"
"54.8200","-27.5870","-0.0072"
"54.8400","-27.5976","-0.0072"
"54.8600","-27.6082","-0.0072"
"54.8800","-27.6179","-0.0072"
"54.9000","-27.6271","-0.0072"
"54.9200","-27.6366","-0.0072"
"54.9400","-27.6470","-0.0072"
"54.9600","-27.6578","-0.0072"
"54.9800","-27.6679","-0.0072"
"55.0000","-27.6772","-0.0072"
"55.0200","-27.6866","-0.0072"
"55.0400","-27.6965","-0.0072"
"55.0600","-27.7073","-0.0072"
"55.0800","-27.7182","-0.0072"
"55.1000","-27.7283","-0.0073"
"55.1200","-27.7379","-0.0072"
"55.1400","-27.7475","-0.0073"
"55.1600","-27.7579","-0.0073"
"55.1800","-27.7686","-0.0073"
"55.2000","-27.7785","-0.0073"
"55.2200","-27.7875","-0.0073"
"55.2400","-27.7967","-0.0073"
"55.2600","-27.8065","-0.0073"
"55.2800","-27.8175","-0.0073"
"55.3000","-27.8280","-0.0073"
"55.3200","-27.8375","-0.0073"
"55.3400","-27.8468","-0.0073"
"55.3600","-27.8569","-0.0073"
"55.3800","-27.8678","-0.0073"
"55.4000","-27.8786","-0.0073"
"55.4200","-27.8884","-0.0073"
"55.4400","-27.8977","-0.0073"
"55.4600","-27.9072","-0.0073"
"55.4800","-27.9175","-0.0073"
"55.5000","-27.9282","-0.0073"
"55.5200","-27.9383","-0.0073"
"55.5400","-27.9476","-0.0073"
"55.5600","-27.9567","-0.0073"
"55.5800","-27.9665","-0.0073"
"55.6000","-27.9773","-0.0073"
"55.6200","-27.9881","-0.0073"
"55.6400","-27.9978","-0.0073"
"55.6600","-28.0069","-0.0073"
"55.6800","-28.0164","-0.0073"
"55.7000","-28.0273","-0.0073"
"55.7200","-28.0385","-0.0073"
"55.7400","-28.0487","-0.0073"
"55.7600","-28.0580","-0.0073"
"55.7800","-28.0675","-0.0073"
"55.8000","-28.0777","-0.0073"
"55.8200","-28.0885","-0.0073"
"55.8400","-28.0985","-0.0073"
"55.8600","-28.1077","-0.0073"
"55.8800","-28.1169","-0.0073"
"55.9000","-28.1268","-0.0073"
"55.9200","-28.1374","-0.0073"
"55.9400","-28.1481","-0.0073"
"55.9600","-28.1578","-0.0073"
"55.9800","-28.1669","-0.0073"
"56.0000","-28.1762","-0.0073"
"56.0200","-28.1866","-0.0073"
"56.0400","-28.1979","-0.0073"
"56.0600","-28.2087","-0.0074"
"56.0800","-28.2184","-0.0074"
"56.1000","-28.2278","-0.0073"
"56.1200","-28.2379","-0.0074"
"56.1400","-28.2487","-0.0074"
"56.1600","-28.2590","-0.0074"
"56.1800","-28.2681","-0.0074"
"56.2000","-28.2770","-0.0074"
"56.2200","-28.2866","-0.0074"
"56.2400","-28.2972","-0.0074"
"56.2600","-28.3081","-0.0074"
"56.2800","-28.3180","-0.0074"
"56.3000","-28.3274","-0.0074"
"56.3200","-28.3370","-0.0074"
"56.3400","-28.3471","-0.0074"
"56.3600","-28.3581","-0.0074"
"56.3800","-28.3686","-0.0074"
"56.4000","-28.3782","-0.0074"
"56.4200","-28.3875","-0.0074"
"56.4400","-28.3972","-0.0074"
"56.4600","-28.4080","-0.0074"
"56.4800","-28.4187","-0.0074"
"56.5000","-28.4284","-0.0074"
"56.5200","-28.4375","-0.0074"
"56.5400","-28.4470","-0.0074"
"56.5600","-28.4573","-0.0074"
"56.5800","-28.4681","-0.0074"
"56.6000","-28.4780","-0.0074"
"56.6200","-28.4871","-0.0074"
"56.6400","-28.4965","-0.0074"
"56.6600","-28.5068","-0.0074"
"56.6800","-28.5180","-0.0074"
"56.7000","-28.5288","-0.0074"
"56.7200","-28.5385","-0.0074"
"56.7400","-28.5479","-0.0074"
"56.7600","-28.5575","-0.0074"
"56.7800","-28.5678","-0.0074"
"56.8000","-28.5783","-0.0074"
"56.8200","-28.5882","-0.0075"
"56.8400","-28.5974","-0.0074"
"56.8600","-28.6066","-0.0074"
"56.8800","-28.6166","-0.0075"
"56.9000","-28.6275","-0.0075"
"56.9200","-28.6380","-0.0075"
"56.9400","-28.6475","-0.0075"
"56.9600","-28.6567","-0.0075"
"56.9800","-28.6666","-0.0075"
"57.0000","-28.6775","-0.0075"
"57.0200","-28.6884","-0.0075"
"57.0400","-28.6982","-0.0075"
"57.0600","-28.7076","-0.0075"
"57.0800","-28.7174","-0.0075"
"57.1000","-28.7280","-0.0075"
"57.1200","-28.7388","-0.0075"
"57.1400","-28.7487","-0.0075"
"57.1600","-28.7579","-0.0075"
"57.1800","-28.7671","-0.0075"
"57.2000","-28.7768","-0.0075"
"57.2200","-28.7872","-0.0075"
"57.2400","-28.7977","-0.0075"
"57.2600","-28.8074","-0.0075"
"57.2800","-28.8169","-0.0075"
"57.3000","-28.8267","-0.0075"
"57.3200","-28.8374","-0.0075"
"57.3400","-28.8484","-0.0075"
"57.3600","-28.8584","-0.0075"
"57.3800","-28.8676","-0.0075"
"57.4000","-28.8770","-0.0075"
"57.4200","-28.8872","-0.0075"
"57.4400","-28.8982","-0.0075"
"57.4600","-28.9084","-0.0075"
"57.4800","-28.9177","-0.0075"
"57.5000","-28.9269","-0.0075"
"57.5200","-28.9368","-0.0075"
"57.5400","-28.9474","-0.0075"
"57.5600","-28.9577","-0.0075"
"57.5800","-28.9671","-0.0075"
"57.6000","-28.9763","-0.0075"
"57.6200","-28.9860","-0.0075"
"57.6400","-28.9966","-0.0075"
"57.6600","-29.0077","-0.0075"
"57.6800","-29.0182","-0.0075"
"57.7000","-29.0280","-0.0075"
"57.7200","-29.0375","-0.0075"
"57.7400","-29.0474","-0.0075"
"57.7600","-29.0582","-0.0075"
"57.7800","-29.0686","-0.0075"
"57.8000","-29.0779","-0.0075"
"57.8200","-29.0869","-0.0075"
"57.8400","-29.0965","-0.0076"
"57.8600","-29.1071","-0.0076"
"57.8800","-29.1179","-0.0076"
"57.9000","-29.1279","-0.0076"
"57.9200","-29.1371","-0.0076"
"57.9400","-29.1467","-0.0076"
"57.9600","-29.1570","-0.0076"
"57.9800","-29.1679","-0.0076"
"58.0000","-29.1782","-0.0076"
"58.0200","-29.1877","-0.0076"
"58.0400","-29.1973","-0.0076"
"58.0600","-29.2073","-0.0076"
"58.0800","-29.2180","-0.0076"
"58.1000","-29.2286","-0.0076"
"58.1200","-29.2383","-0.0076"
"58.1400","-29.2475","-0.0076"
"58.1600","-29.2567","-0.0076"
"58.1800","-29.2668","-0.0076"
"58.2000","-29.2775","-0.0076"
"58.2200","-29.2876","-0.0076"
"58.2400","-29.2969","-0.0076"
"58.2600","-29.3062","-0.0076"
"58.2800","-29.3165","-0.0076"
"58.3000","-29.3278","-0.0076"
"58.3200","-29.3386","-0.0076"
"58.3400","-29.3483","-0.0076"
"58.3600","-29.3576","-0.0076"
"58.3800","-29.3674","-0.0076"
"58.4000","-29.3780","-0.0076"
"58.4200","-29.3885","-0.0076"
"58.4400","-29.3981","-0.0076"
"58.4600","-29.4074","-0.0076"
"58.4800","-29.4169","-0.0076"
"58.5000","-29.4271","-0.0076"
"58.5200","-29.4378","-0.0076"
"58.5400","-29.4479","-0.0076"
"58.5600","-29.4571","-0.0076"
"58.5800","-29.4664","-0.0076"
"58.6000","-29.4763","-0.0076"
"58.6200","-29.4873","-0.0076"
"58.6400","-29.4984","-0.0076"
"58.6600","-29.5083","-0.0076"
"58.6800","-29.5176","-0.0076"
"58.7000","-29.5272","-0.0076"
"58.7200","-29.5379","-0.0076"
"58.7400","-29.5488","-0.0076"
"58.7600","-29.5586","-0.0076"
"58.7800","-29.5676","-0.0076"
"58.8000","-29.5768","-0.0076"
"58.8200","-29.5868","-0.0076"
"58.8400","-29.5976","-0.0076"
"58.8600","-29.6079","-0.0076"
"58.8800","-29.6173","-0.0076"
"58.9000","-29.6267","-0.0076"
"58.9200","-29.6367","-0.0076"
"58.9400","-29.6476","-0.0076"
"58.9600","-29.6584","-0.0076"
"58.9800","-29.6682","-0.0076"
"59.0000","-29.6775","-0.0076"
"59.0200","-29.6869","-0.0076"
"59.0400","-29.6973","-0.0076"
"59.0600","-29.7084","-0.0076"
"59.0800","-29.7186","-0.0076"
"59.1000","-29.7279","-0.0076"
"59.1200","-29.7370","-0.0076"
"59.1400","-29.7468","-0.0077"
"59.1600","-29.7576","-0.0077"
"59.1800","-29.7681","-0.0077"
"59.2000","-29.7775","-0.0077"
"59.2200","-29.7866","-0.0076"
"59.2400","-29.7965","-0.0076"
"59.2600","-29.8072","-0.0076"
"59.2800","-29.8183","-0.0076"
"59.3000","-29.8286","-0.0076"
"59.3200","-29.8381","-0.0076"
"59.3400","-29.8477","-0.0076"
"59.3600","-29.8578","-0.0076"
"59.3800","-29.8683","-0.0076"
"59.4000","-29.8784","-0.0076"
"59.4200","-29.8877","-0.0076"
"59.4400","-29.8969","-0.0076"
"59.4600","-29.9065","-0.0076"
"59.4800","-29.9172","-0.0076"
"59.5000","-29.9280","-0.0076"
"59.5200","-29.9380","-0.0076"
"59.5400","-29.9472","-0.0076"
"59.5600","-29.9567","-0.0076"
"59.5800","-29.9672","-0.0076"
"59.6000","-29.9782","-0.0076"
"59.6200","-29.9883","-0.0076"
"59.6400","-29.9977","-0.0076"
"59.6600","-30.0071","-0.0076"
"59.6800","-30.0173","-0.0076"
"59.7000","-30.0284","-0.0076"
"59.7200","-30.0388","-0.0076"
"59.7400","-30.0482","-0.0076"
"59.7600","-30.0573","-0.0076"
"59.7800","-30.0668","-0.0076"
"59.8000","-30.0771","-0.0076"
"59.8200","-30.0878","-0.0075"
"59.8400","-30.0977","-0.0075"
"59.8600","-30.1070","-0.0075"
"59.8800","-30.1166","-0.0075"
"59.9000","-30.1270","-0.0075"
"59.9200","-30.1383","-0.0075"
"59.9400","-30.1488","-0.0075"
"59.9600","-30.1581","-0.0074"
"59.9800","-30.1673","-0.0074"
"60.0000","-30.1771","-0.0074"
"60.0200","-30.1879","-0.0074"
"60.0400","-30.1985","-0.0074"
"60.0600","-30.2080","-0.0074"
"60.0800","-30.2170","-0.0073"
"60.1000","-30.2265","-0.0072"
"60.1200","-30.2371","-0.0067"
"60.1400","-30.2479","-0.0063"
"60.1600","-30.2579","-0.0062"
"60.1800","-30.2673","-0.0062"
"60.2000","-30.2767","-0.0062"
"60.2200","-30.2867","-0.0063"
"60.2400","-30.2977","-0.0063"
"60.2600","-30.3085","-0.0063"
"60.2800","-30.3184","-0.0063"
"60.3000","-30.3279","-0.0063"
"60.3200","-30.3376","-0.0063"
"60.3400","-30.3481","-0.0063"
"60.3600","-30.3586","-0.0063"
"60.3800","-30.3682","-0.0063"
"60.4000","-30.3771","-0.0063"
"60.4200","-30.3863","-0.0063"
"60.4400","-30.3966","-0.0063"
"60.4600","-30.4076","-0.0063"
"60.4800","-30.4179","-0.0064"
"60.5000","-30.4273","-0.0064"
"60.5200","-30.4368","-0.0063"
"60.5400","-30.4468","-0.0064"
"60.5600","-30.4578","-0.0064"
"60.5800","-30.4685","-0.0064"
"60.6000","-30.4781","-0.0064"
"60.6200","-30.4874","-0.0064"
"60.6400","-30.4972","-0.0064"
"60.6600","-30.5076","-0.0064"
"60.6800","-30.5184","-0.0064"
"60.7000","-30.5284","-0.0064"
"60.7200","-30.5377","-0.0064"
"60.7400","-30.5468","-0.0064"
"60.7600","-30.5566","-0.0064"
"60.7800","-30.5673","-0.0064"
"60.8000","-30.5779","-0.0064"
"60.8200","-30.5874","-0.0064"
"60.8400","-30.5966","-0.0064"
"60.8600","-30.6065","-0.0064"
"60.8800","-30.6176","-0.0064"
"60.9000","-30.6288","-0.0064"
"60.9200","-30.6388","-0.0064"
"60.9400","-30.6481","-0.0064"
"60.9600","-30.6577","-0.0064"
"60.9800","-30.6679","-0.0065"
"61.0000","-30.6785","-0.0064"
"61.0200","-30.6884","-0.0065"
"61.0400","-30.6977","-0.0065"
"61.0600","-30.7069","-0.0065"
"61.0800","-30.7168","-0.0065"
"61.1000","-30.7275","-0.0065"
"61.1200","-30.7382","-0.0065"
"61.1400","-30.7480","-0.0065"
"61.1600","-30.7572","-0.0065"
"61.1800","-30.7666","-0.0065"
"61.2000","-30.7770","-0.0065"
"61.2200","-30.7881","-0.0065"
"61.2400","-30.7985","-0.0065"
"61.2600","-30.8078","-0.0065"
"61.2800","-30.8171","-0.0065"
"61.3000","-30.8272","-0.0065"
"61.3200","-30.8382","-0.0065"
"61.3400","-30.8485","-0.0065"
"61.3600","-30.8578","-0.0065"
"61.3800","-30.8667","-0.0065"
"61.4000","-30.8763","-0.0065"
"61.4200","-30.8869","-0.0065"
"61.4400","-30.8977","-0.0065"
"61.4600","-30.9075","-0.0065"
"61.4800","-30.9169","-0.0065"
"61.5000","-30.9266","-0.0065"
"61.5200","-30.9372","-0.0066"
"61.5400","-30.9482","-0.0066"
"61.5600","-30.9585","-0.0066"
"61.5800","-30.9678","-0.0066"
"61.6000","-30.9770","-0.0066"
"61.6200","-30.9868","-0.0066"
"61.6400","-30.9977","-0.0066"
"61.6600","-31.0086","-0.0066"
"61.6800","-31.0182","-0.0066"
"61.7000","-31.0274","-0.0066"
"61.7200","-31.0369","-0.0066"
"61.7400","-31.0474","-0.0066"
"61.7600","-31.0581","-0.0066"
"61.7800","-31.0677","-0.0066"
"61.8000","-31.0767","-0.0066"
"61.8200","-31.0862","-0.0066"
"61.8400","-31.0966","-0.0066"
"61.8600","-31.1079","-0.0066"
"61.8800","-31.1186","-0.0066"
"61.9000","-31.1282","-0.0066"
"61.9200","-31.1376","-0.0066"
"61.9400","-31.1474","-0.0066"
"61.9600","-31.1578","-0.0066"
"61.9800","-31.1682","-0.0066"
"62.0000","-31.1779","-0.0066"
"62.0200","-31.1870","-0.0066"
"62.0400","-31.1963","-0.0067"
"62.0600","-31.2065","-0.0067"
"62.0800","-31.2176","-0.0067"
"62.1000","-31.2282","-0.0067"
"62.1200","-31.2377","-0.0067"
"62.1400","-31.2469","-0.0067"
"62.1600","-31.2568","-0.0067"
"62.1800","-31.2676","-0.0067"
"62.2000","-31.2783","-0.0067"
"62.2200","-31.2879","-0.0067"
"62.2400","-31.2973","-0.0067"
"62.2600","-31.3071","-0.0067"
"62.2800","-31.3179","-0.0067"
"62.3000","-31.3286","-0.0067"
"62.3200","-31.3383","-0.0067"
"62.3400","-31.3472","-0.0067"
"62.3600","-31.3563","-0.0067"
"62.3800","-31.3663","-0.0067"
"62.4000","-31.3772","-0.0067"
"62.4200","-31.3877","-0.0067"
"62.4400","-31.3974","-0.0067"
"62.4600","-31.4067","-0.0067"
"62.4800","-31.4165","-0.0067"
"62.5000","-31.4275","-0.0067"
"62.5200","-31.4387","-0.0067"
"62.5400","-31.4488","-0.0067"
"62.5600","-31.4580","-0.0067"
"62.5800","-31.4675","-0.0067"
"62.6000","-31.4778","-0.0068"
"62.6200","-31.4886","-0.0068"
"62.6400","-31.4984","-0.0068"
"62.6600","-31.5074","-0.0068"
"62.6800","-31.5166","-0.0068"
"62.7000","-31.5267","-0.0068"
"62.7200","-31.5377","-0.0068"
"62.7400","-31.5482","-0.0068"
"62.7600","-31.5577","-0.0068"
"62.7800","-31.5670","-0.0068"
"62.8000","-31.5768","-0.0068"
"62.8200","-31.5872","-0.0068"
"62.8400","-31.5980","-0.0068"
"62.8600","-31.6080","-0.0068"
"62.8800","-31.6175","-0.0068"
"62.9000","-31.6271","-0.0068"
"62.9200","-31.6374","-0.0068"
"62.9400","-31.6484","-0.0068"
"62.9600","-31.6586","-0.0068"
"62.9800","-31.6677","-0.0068"
"63.0000","-31.6767","-0.0068"
"63.0200","-31.6863","-0.0068"
"63.0400","-31.6971","-0.0068"
"63.0600","-31.7079","-0.0068"
"63.0800","-31.7177","-0.0068"
"63.1000","-31.7270","-0.0068"
"63.1200","-31.7368","-0.0068"
"63.1400","-31.7475","-0.0069"
"63.1600","-31.7585","-0.0069"
"63.1800","-31.7685","-0.0069"
"63.2000","-31.7778","-0.0069"
"63.2200","-31.7871","-0.0069"
"63.2400","-31.7972","-0.0069"
"63.2600","-31.8080","-0.0069"
"63.2800","-31.8185","-0.0069"
"63.3000","-31.8281","-0.0069"
"63.3200","-31.8372","-0.0069"
"63.3400","-31.8467","-0.0069"
"63.3600","-31.8571","-0.0069"
"63.3800","-31.8678","-0.0069"
"63.4000","-31.8778","-0.0069"
"63.4200","-31.8870","-0.0069"
"63.4400","-31.8964","-0.0069"
"63.4600","-31.9068","-0.0069"
"63.4800","-31.9182","-0.0069"
"63.5000","-31.9288","-0.0069"
"63.5200","-31.9384","-0.0069"
"63.5400","-31.9478","-0.0069"
"63.5600","-31.9576","-0.0069"
"63.5800","-31.9682","-0.0069"
"63.6000","-31.9785","-0.0069"
"63.6200","-31.9879","-0.0069"
"63.6400","-31.9971","-0.0069"
"63.6600","-32.0066","-0.0069"
"63.6800","-32.0170","-0.0069"
"63.7000","-32.0278","-0.0069"
"63.7200","-32.0380","-0.0069"
"63.7400","-32.0472","-0.0069"
"63.7600","-32.0565","-0.0069"
"63.7800","-32.0666","-0.0070"
"63.8000","-32.0778","-0.0070"
"63.8200","-32.0887","-0.0070"
"63.8400","-32.0984","-0.0070"
"63.8600","-32.1076","-0.0070"
"63.8800","-32.1175","-0.0070"
"63.9000","-32.1283","-0.0070"
"63.9200","-32.1391","-0.0070"
"63.9400","-32.1487","-0.0070"
"63.9600","-32.1576","-0.0070"
"63.9800","-32.1668","-0.0069"
"64.0000","-32.1770","-0.0070"
"64.0200","-32.1877","-0.0070"
"64.0400","-32.1979","-0.0069"
"64.0600","-32.2074","-0.0069"
"64.0800","-32.2171","-0.0069"
"64.1000","-32.2273","-0.0069"
"64.1200","-32.2382","-0.0070"
"64.1400","-32.2487","-0.0070"
"64.1600","-32.2582","-0.0070"
"64.1800","-32.2675","-0.0070"
"64.2000","-32.2771","-0.0070"
"64.2200","-32.2877","-0.0070"
"64.2400","-32.2987","-0.0070"
"64.2600","-32.3087","-0.0070"
"64.2800","-32.3179","-0.0070"
"64.3000","-32.3271","-0.0070"
"64.3200","-32.3372","-0.0070"
"64.3400","-32.3481","-0.0070"
"64.3600","-32.3583","-0.0070"
"64.3800","-32.3675","-0.0070"
"64.4000","-32.3767","-0.0070"
"64.4200","-32.3866","-0.0070"
"64.4400","-32.3974","-0.0070"
"64.4600","-32.4082","-0.0070"
"64.4800","-32.4182","-0.0070"
"64.5000","-32.4279","-0.0070"
"64.5200","-32.4377","-0.0070"
"64.5400","-32.4480","-0.0070"
"64.5600","-32.4586","-0.0070"
"64.5800","-32.4685","-0.0070"
"64.6000","-32.4776","-0.0070"
"64.6200","-32.4865","-0.0070"
"64.6400","-32.4962","-0.0070"
"64.6600","-32.5070","-0.0070"
"64.6800","-32.5178","-0.0070"
"64.7000","-32.5278","-0.0070"
"64.7200","-32.5373","-0.0070"
"64.7400","-32.5471","-0.0070"
"64.7600","-32.5577","-0.0071"
"64.7800","-32.5685","-0.0071"
"64.8000","-32.5783","-0.0071"
"64.8200","-32.5876","-0.0071"
"64.8400","-32.5972","-0.0071"
"64.8600","-32.6076","-0.0071"
"64.8800","-32.6186","-0.0071"
"64.9000","-32.6288","-0.0071"
"64.9200","-32.6382","-0.0071"
"64.9400","-32.6475","-0.0071"
"64.9600","-32.6572","-0.0071"
"64.9800","-32.6675","-0.0071"
"65.0000","-32.6779","-0.0071"
"65.0200","-32.6874","-0.0071"
"65.0400","-32.6966","-0.0071"
"65.0600","-32.7060","-0.0071"
"65.0800","-32.7165","-0.0071"
"65.1000","-32.7280","-0.0071"
"65.1200","-32.7387","-0.0071"
"65.1400","-32.7482","-0.0071"
"65.1600","-32.7575","-0.0071"
"65.1800","-32.7674","-0.0071"
"65.2000","-32.7781","-0.0071"
"65.2200","-32.7885","-0.0071"
"65.2400","-32.7978","-0.0071"
"65.2600","-32.8069","-0.0071"
"65.2800","-32.8165","-0.0071"
"65.3000","-32.8271","-0.0071"
"65.3200","-32.8379","-0.0071"
"65.3400","-32.8477","-0.0071"
"65.3600","-32.8570","-0.0071"
"65.3800","-32.8666","-0.0071"
"65.4000","-32.8769","-0.0071"
"65.4200","-32.8880","-0.0071"
"65.4400","-32.8986","-0.0071"
"65.4600","-32.9084","-0.0071"
"65.4800","-32.9178","-0.0071"
"65.5000","-32.9275","-0.0071"
"65.5200","-32.9382","-0.0071"
"65.5400","-32.9487","-0.0071"
"65.5600","-32.9581","-0.0071"
"65.5800","-32.9671","-0.0071"
"65.6000","-32.9764","-0.0071"
"65.6200","-32.9868","-0.0071"
"65.6400","-32.9978","-0.0071"
"65.6600","-33.0079","-0.0071"
"65.6800","-33.0172","-0.0071"
"65.7000","-33.0266","-0.0071"
"65.7200","-33.0368","-0.0071"
"65.7400","-33.0478","-0.0071"
"65.7600","-33.0584","-0.0071"
"65.7800","-33.0681","-0.0071"
"65.8000","-33.0775","-0.0071"
"65.8200","-33.0873","-0.0071"
"65.8400","-33.0978","-0.0071"
"65.8600","-33.1084","-0.0071"
"65.8800","-33.1183","-0.0071"
"65.9000","-33.1275","-0.0071"
"65.9200","-33.1368","-0.0071"
"65.9400","-33.1467","-0.0071"
"65.9600","-33.1574","-0.0071"
"65.9800","-33.1676","-0.0071"
"66.0000","-33.1770","-0.0071"
"66.0200","-33.1862","-0.0071"
"66.0400","-33.1962","-0.0071"
"66.0600","-33.2074","-0.0071"
"66.0800","-33.2185","-0.0071"
"66.1000","-33.2284","-0.0071"
"66.1200","-33.2377","-0.0071"
"66.1400","-33.2473","-0.0071"
"66.1600","-33.2578","-0.0071"
"66.1800","-33.2685","-0.0071"
"66.2000","-33.2783","-0.0071"
"66.2200","-33.2875","-0.0071"
"66.2400","-33.2968","-0.0071"
"66.2600","-33.3067","-0.0071"
"66.2800","-33.3174","-0.0071"
"66.3000","-33.3280","-0.0071"
"66.3200","-33.3378","-0.0071"
"66.3400","-33.3472","-0.0071"
"66.3600","-33.3568","-0.0071"
"66.3800","-33.3673","-0.0071"
"66.4000","-33.3782","-0.0071"
"66.4200","-33.3882","-0.0071"
"66.4400","-33.3976","-0.0071"
"66.4600","-33.4071","-0.0071"
"66.4800","-33.4175","-0.0071"
"66.5000","-33.4285","-0.0071"
"66.5200","-33.4387","-0.0071"
"66.5400","-33.4478","-0.0071"
"66.5600","-33.4569","-0.0071"
"66.5800","-33.4665","-0.0071"
"66.6000","-33.4770","-0.0071"
"66.6200","-33.4875","-0.0071"
"66.6400","-33.4972","-0.0071"
"66.6600","-33.5068","-0.0071"
"66.6800","-33.5167","-0.0071"
"66.7000","-33.5275","-0.0071"
"66.7200","-33.5385","-0.0071"
"66.7400","-33.5486","-0.0071"
"66.7600","-33.5579","-0.0071"
"66.7800","-33.5671","-0.0071"
"66.8000","-33.5771","-0.0071"
"66.8200","-33.5880","-0.0071"
"66.8400","-33.5985","-0.0071"
"66.8600","-33.6079","-0.0071"
"66.8800","-33.6170","-0.0071"
"66.9000","-33.6266","-0.0071"
"66.9200","-33.6373","-0.0071"
"66.9400","-33.6481","-0.0071"
"66.9600","-33.6579","-0.0071"
"66.9800","-33.6671","-0.0071"
"67.0000","-33.6766","-0.0071"
"67.0200","-33.6870","-0.0071"
"67.0400","-33.6981","-0.0071"
"67.0600","-33.7083","-0.0071"
"67.0800","-33.7178","-0.0071"
"67.1000","-33.7273","-0.0071"
"67.1200","-33.7374","-0.0071"
"67.1400","-33.7482","-0.0071"
"67.1600","-33.7587","-0.0071"
"67.1800","-33.7682","-0.0071"
"67.2000","-33.7772","-0.0071"
"67.2200","-33.7866","-0.0071"
"67.2400","-33.7969","-0.0071"
"67.2600","-33.8078","-0.0071"
"67.2800","-33.8178","-0.0071"
"67.3000","-33.8271","-0.0071"
"67.3200","-33.8366","-0.0071"
"67.3400","-33.8469","-0.0071"
"67.3600","-33.8581","-0.0071"
"67.3800","-33.8686","-0.0071"
"67.4000","-33.8780","-0.0071"
"67.4200","-33.8873","-0.0070"
"67.4400","-33.8971","-0.0070"
"67.4600","-33.9078","-0.0070"
"67.4800","-33.9185","-0.0070"
"67.5000","-33.9283","-0.0070"
"67.5200","-33.9377","-0.0070"
"67.5400","-33.9471","-0.0070"
"67.5600","-33.9571","-0.0070"
"67.5800","-33.9675","-0.0070"
"67.6000","-33.9774","-0.0070"
"67.6200","-33.9866","-0.0070"
"67.6400","-33.9959","-0.0070"
"67.6600","-34.0059","-0.0070"
"67.6800","-34.0172","-0.0070"
"67.7000","-34.0285","-0.0070"
"67.7200","-34.0386","-0.0070"
"67.7400","-34.0479","-0.0070"
"67.7600","-34.0575","-0.0070"
"67.7800","-34.0679","-0.0069"
"67.8000","-34.0785","-0.0069"
"67.8200","-34.0882","-0.0069"
"67.8400","-34.0972","-0.0069"
"67.8600","-34.1063","-0.0069"
"67.8800","-34.1164","-0.0069"
"67.9000","-34.1274","-0.0069"
"67.9200","-34.1380","-0.0069"
"67.9400","-34.1477","-0.0069"
"67.9600","-34.1571","-0.0069"
"67.9800","-34.1669","-0.0069"
"68.0000","-34.1776","-0.0068"
"68.0200","-34.1883","-0.0068"
"68.0400","-34.1982","-0.0068"
"68.0600","-34.2077","-0.0068"
"68.0800","-34.2172","-0.0068"
"68.1000","-34.2277","-0.0068"
"68.1200","-34.2387","-0.0068"
"68.1400","-34.2487","-0.0067"
"68.1600","-34.2577","-0.0067"
"68.1800","-34.2667","-0.0067"
"68.2000","-34.2767","-0.0067"
"68.2200","-34.2876","-0.0067"
"68.2400","-34.2982","-0.0067"
"68.2600","-34.3076","-0.0067"
"68.2800","-34.3168","-0.0066"
"68.3000","-34.3268","-0.0066"
"68.3200","-34.3378","-0.0066"
"68.3400","-34.3488","-0.0066"
"68.3600","-34.3587","-0.0065"
"68.3800","-34.3679","-0.0065"
"68.4000","-34.3773","-0.0065"
"68.4200","-34.3875","-0.0064"
"68.4400","-34.3983","-0.0064"
"68.4600","-34.4086","-0.0064"
"68.4800","-34.4180","-0.0063"
"68.5000","-34.4270","-0.0063"
"68.5200","-34.4367","-0.0062"
"68.5400","-34.4474","-0.0062"
"68.5600","-34.4581","-0.0061"
"68.5800","-34.4679","-0.0061"
"68.6000","-34.4771","-0.0060"
"68.6200","-34.4867","-0.0060"
"68.6400","-34.4973","-0.0059"
"68.6600","-34.5082","-0.0059"
"68.6800","-34.5182","-0.0058"
"68.7000","-34.5277","-0.0058"
"68.7200","-34.5374","-0.0057"
"68.7400","-34.5478","-0.0057"
"68.7600","-34.5588","-0.0057"
"68.7800","-34.5690","-0.0056"
"68.8000","-34.5782","-0.0056"
"68.8200","-34.5874","-0.0055"
"68.8400","-34.5970","-0.0055"
"68.8600","-34.6073","-0.0055"
"68.8800","-34.6179","-0.0054"
"68.9000","-34.6278","-0.0054"
"68.9200","-34.6371","-0.0054"
"68.9400","-34.6466","-0.0054"
"68.9600","-34.6569","-0.0054"
"68.9800","-34.6680","-0.0053"
"69.0000","-34.6784","-0.0053"
"69.0200","-34.6879","-0.0053"
"69.0400","-34.6972","-0.0053"
"69.0600","-34.7072","-0.0053"
"69.0800","-34.7180","-0.0052"
"69.1000","-34.7286","-0.0052"
"69.1200","-34.7380","-0.0052"
"69.1400","-34.7471","-0.0052"
"69.1600","-34.7566","-0.0052"
"69.1800","-34.7671","-0.0052"
"69.2000","-34.7778","-0.0051"
"69.2200","-34.7878","-0.0051"
"69.2400","-34.7971","-0.0051"
"69.2600","-34.8065","-0.0051"
"69.2800","-34.8166","-0.0051"
"69.3000","-34.8278","-0.0051"
"69.3200","-34.8388","-0.0051"
"69.3400","-34.8485","-0.0051"
"69.3600","-34.8578","-0.0051"
"69.3800","-34.8673","-0.0051"
"69.4000","-34.8778","-0.0050"
"69.4200","-34.8885","-0.0050"
"69.4400","-34.8982","-0.0050"
"69.4600","-34.9073","-0.0050"
"69.4800","-34.9167","-0.0050"
"69.5000","-34.9271","-0.0050"
"69.5200","-34.9382","-0.0050"
"69.5400","-34.9484","-0.0050"
"69.5600","-34.9575","-0.0050"
"69.5800","-34.9667","-0.0050"
"69.6000","-34.9766","-0.0050"
"69.6200","-34.9875","-0.0050"
"69.6400","-34.9982","-0.0050"
"69.6600","-35.0080","-0.0050"
"69.6800","-35.0173","-0.0049"
"69.7000","-35.0271","-0.0049"
"69.7200","-35.0376","-0.0049"
"69.7400","-35.0483","-0.0049"
"69.7600","-35.0582","-0.0049"
"69.7800","-35.0672","-0.0049"
"69.8000","-35.0763","-0.0049"
"69.8200","-35.0862","-0.0049"
"69.8400","-35.0971","-0.0049"
"69.8600","-35.1077","-0.0049"
"69.8800","-35.1173","-0.0049"
"69.9000","-35.1267","-0.0049"
"69.9200","-35.1367","-0.0049"
"69.9400","-35.1476","-0.0049"
"69.9600","-35.1584","-0.0049"
"69.9800","-35.1682","-0.0049"
"70.0000","-35.1774","-0.0049"
"70.0200","-35.1870","-0.0049"
"70.0400","-35.1976","-0.0049"
"70.0600","-35.2087","-0.0049"
"70.0800","-35.2187","-0.0049"
"70.1000","-35.2280","-0.0049"
"70.1200","-35.2372","-0.0049"
"70.1400","-35.2469","-0.0049"
"70.1600","-35.2575","-0.0049"
"70.1800","-35.2679","-0.0049"
"70.2000","-35.2775","-0.0049"
"70.2200","-35.2868","-0.0048"
"70.2400","-35.2964","-0.0048"
"70.2600","-35.3071","-0.0048"
"70.2800","-35.3184","-0.0048"
"70.3000","-35.3286","-0.0048"
"70.3200","-35.3380","-0.0048"
"70.3400","-35.3472","-0.0048"
"70.3600","-35.3573","-0.0048"
"70.3800","-35.3682","-0.0048"
"70.4000","-35.3785","-0.0048"
"70.4200","-35.3876","-0.0049"
"70.4400","-35.3967","-0.0048"
"70.4600","-35.4064","-0.0048"
"70.4800","-35.4171","-0.0048"
"70.5000","-35.4278","-0.0048"
"70.5200","-35.4376","-0.0048"
"70.5400","-35.4470","-0.0048"
"70.5600","-35.4568","-0.0048"
"70.5800","-35.4674","-0.0048"
"70.6000","-35.4783","-0.0048"
"70.6200","-35.4885","-0.0048"
"70.6400","-35.4977","-0.0048"
"70.6600","-35.5069","-0.0048"
"70.6800","-35.5167","-0.0048"
"70.7000","-35.5277","-0.0048"
"70.7200","-35.5384","-0.0048"
"70.7400","-35.5481","-0.0048"
"70.7600","-35.5572","-0.0048"
"70.7800","-35.5667","-0.0048"
"70.8000","-35.5772","-0.0048"
"70.8200","-35.5880","-0.0048"
"70.8400","-35.5978","-0.0048"
"70.8600","-35.6070","-0.0048"
"70.8800","-35.6166","-0.0048"
"70.9000","-35.6272","-0.0048"
"70.9200","-35.6384","-0.0048"
"70.9400","-35.6489","-0.0048"
"70.9600","-35.6584","-0.0048"
"70.9800","-35.6678","-0.0048"
"71.0000","-35.6777","-0.0048"
"71.0200","-35.6883","-0.0048"
"71.0400","-35.6988","-0.0048"
"71.0600","-35.7083","-0.0048"
"71.0800","-35.7173","-0.0048"
"71.1000","-35.7265","-0.0048"
"71.1200","-35.7368","-0.0048"
"71.1400","-35.7477","-0.0048"
"71.1600","-35.7579","-0.0048"
"71.1800","-35.7672","-0.0048"
"71.2000","-35.7764","-0.0048"
"71.2200","-35.7864","-0.0048"
"71.2400","-35.7977","-0.0048"
"71.2600","-35.8085","-0.0048"
"71.2800","-35.8182","-0.0048"
"71.3000","-35.8276","-0.0048"
"71.3200","-35.8375","-0.0048"
"71.3400","-35.8483","-0.0048"
"71.3600","-35.8588","-0.0048"
"71.3800","-35.8683","-0.0048"
"71.4000","-35.8773","-0.0048"
"71.4200","-35.8866","-0.0048"
"71.4400","-35.8967","-0.0048"
"71.4600","-35.9075","-0.0048"
"71.4800","-35.9180","-0.0048"
"71.5000","-35.9275","-0.0048"
"71.5200","-35.9368","-0.0048"
"71.5400","-35.9468","-0.0048"
"71.5600","-35.9577","-0.0048"
"71.5800","-35.9685","-0.0048"
"71.6000","-35.9784","-0.0048"
"71.6200","-35.9877","-0.0048"
"71.6400","-35.9973","-0.0048"
"71.6600","-36.0079","-0.0048"
"71.6800","-36.0187","-0.0048"
"71.7000","-36.0284","-0.0048"
"71.7200","-36.0374","-0.0048"
"71.7400","-36.0467","-0.0048"
"71.7600","-36.0568","-0.0048"
"71.7800","-36.0677","-0.0048"
"71.8000","-36.0779","-0.0048"
"71.8200","-36.0874","-0.0048"
"71.8400","-36.0967","-0.0048"
"71.8600","-36.1066","-0.0048"
"71.8800","-36.1175","-0.0048"
"71.9000","-36.1285","-0.0048"
"71.9200","-36.1387","-0.0048"
"71.9400","-36.1481","-0.0048"
"71.9600","-36.1574","-0.0048"
"71.9800","-36.1675","-0.0048"
"72.0000","-36.1784","-0.0048"
"72.0200","-36.1887","-0.0048"
"72.0400","-36.1979","-0.0048"
"72.0600","-36.2070","-0.0048"
"72.0800","-36.2168","-0.0048"
"72.1000","-36.2276","-0.0048"
"72.1200","-36.2382","-0.0048"
"72.1400","-36.2477","-0.0048"
"72.1600","-36.2568","-0.0048"
"72.1800","-36.2666","-0.0048"
"72.2000","-36.2773","-0.0048"
"72.2200","-36.2882","-0.0048"
"72.2400","-36.2982","-0.0048"
"72.2600","-36.3077","-0.0048"
"72.2800","-36.3173","-0.0048"
"72.3000","-36.3277","-0.0048"
"72.3200","-36.3386","-0.0048"
"72.3400","-36.3489","-0.0048"
"72.3600","-36.3581","-0.0048"
"72.3800","-36.3669","-0.0048"
"72.4000","-36.3763","-0.0048"
"72.4200","-36.3869","-0.0048"
"72.4400","-36.3978","-0.0048"
"72.4600","-36.4078","-0.0048"
"72.4800","-36.4171","-0.0048"
"72.5000","-36.4267","-0.0048"
"72.5200","-36.4373","-0.0048"
"72.5400","-36.4486","-0.0048"
"72.5600","-36.4587","-0.0048"
"72.5800","-36.4679","-0.0048"
"72.6000","-36.4772","-0.0048"
"72.6200","-36.4872","-0.0048"
"72.6400","-36.4982","-0.0048"
"72.6600","-36.5088","-0.0048"
"72.6800","-36.5183","-0.0048"
"72.7000","-36.5274","-0.0048"
"72.7200","-36.5367","-0.0048"
"72.7400","-36.5469","-0.0048"
"72.7600","-36.5576","-0.0048"
"72.7800","-36.5676","-0.0048"
"72.8000","-36.5769","-0.0048"
"72.8200","-36.5864","-0.0048"
"72.8400","-36.5967","-0.0048"
"72.8600","-36.6078","-0.0048"
"72.8800","-36.6185","-0.0048"
"72.9000","-36.6281","-0.0048"
"72.9200","-36.6374","-0.0048"
"72.9400","-36.6472","-0.0048"
"72.9600","-36.6580","-0.0048"
"72.9800","-36.6686","-0.0048"
"73.0000","-36.6781","-0.0048"
"73.0200","-36.6871","-0.0048"
"73.0400","-36.6965","-0.0048"
"73.0600","-36.7069","-0.0048"
"73.0800","-36.7176","-0.0048"
"73.1000","-36.7277","-0.0048"
"73.1200","-36.7371","-0.0048"
"73.1400","-36.7467","-0.0048"
"73.1600","-36.7570","-0.0048"
"73.1800","-36.7681","-0.0048"
"73.2000","-36.7788","-0.0048"
"73.2200","-36.7885","-0.0048"
"73.2400","-36.7978","-0.0048"
"73.2600","-36.8072","-0.0048"
"73.2800","-36.8177","-0.0048"
"73.3000","-36.8286","-0.0048"
"73.3200","-36.8386","-0.0048"
"73.3400","-36.8477","-0.0048"
"73.3600","-36.8568","-0.0048"
"73.3800","-36.8668","-0.0048"
"73.4000","-36.8777","-0.0048"
"73.4200","-36.8880","-0.0048"
"73.4400","-36.8974","-0.0048"
"73.4600","-36.9068","-0.0048"
"73.4800","-36.9168","-0.0048"
"73.5000","-36.9278","-0.0048"
"73.5200","-36.9387","-0.0048"
"73.5400","-36.9484","-0.0048"
"73.5600","-36.9576","-0.0048"
"73.5800","-36.9671","-0.0048"
"73.6000","-36.9774","-0.0048"
"73.6200","-36.9882","-0.0048"
"73.6400","-36.9984","-0.0048"
"73.6600","-37.0077","-0.0048"
"73.6800","-37.0168","-0.0047"
"73.7000","-37.0266","-0.0048"
"73.7200","-37.0374","-0.0048"
"73.7400","-37.0479","-0.0048"
"73.7600","-37.0574","-0.0048"
"73.7800","-37.0665","-0.0048"
"73.8000","-37.0762","-0.0048"
"73.8200","-37.0871","-0.0048"
"73.8400","-37.0983","-0.0047"
"73.8600","-37.1084","-0.0047"
"73.8800","-37.1179","-0.0047"
"73.9000","-37.1276","-0.0047"
"73.9200","-37.1381","-0.0047"
"73.9400","-37.1490","-0.0047"
"73.9600","-37.1588","-0.0047"
"73.9800","-37.1678","-0.0047"
"74.0000","-37.1768","-0.0047"
"74.0200","-37.1866","-0.0047"
"74.0400","-37.1973","-0.0047"
"74.0600","-37.2081","-0.0047"
"74.0800","-37.2179","-0.0048"
"74.1000","-37.2272","-0.0047"
"74.1200","-37.2366","-0.0047"
"74.1400","-37.2470","-0.0047"
"74.1600","-37.2581","-0.0047"
"74.1800","-37.2684","-0.0047"
"74.2000","-37.2779","-0.0047"
"74.2200","-37.2873","-0.0047"
"74.2400","-37.2974","-0.0047"
"74.2600","-37.3083","-0.0047"
"74.2800","-37.3186","-0.0047"
"74.3000","-37.3279","-0.0047"
"74.3200","-37.3371","-0.0047"
"74.3400","-37.3468","-0.0047"
"74.3600","-37.3574","-0.0047"
"74.3800","-37.3679","-0.0047"
"74.4000","-37.3776","-0.0047"
"74.4200","-37.3869","-0.0047"
"74.4400","-37.3966","-0.0047"
"74.4600","-37.4069","-0.0047"
"74.4800","-37.4180","-0.0047"
"74.5000","-37.4287","-0.0047"
"74.5200","-37.4384","-0.0047"
"74.5400","-37.4477","-0.0047"
"74.5600","-37.4573","-0.0047"
"74.5800","-37.4679","-0.0047"
"74.6000","-37.4784","-0.0047"
"74.6200","-37.4879","-0.0047"
"74.6400","-37.4970","-0.0046"
"74.6600","-37.5065","-0.0046"
"74.6800","-37.5169","-0.0046"
"74.7000","-37.5279","-0.0046"
"74.7200","-37.5380","-0.0046"
"74.7400","-37.5473","-0.0046"
"74.7600","-37.5568","-0.0046"
"74.7800","-37.5670","-0.0046"
"74.8000","-37.5780","-0.0045"
"74.8200","-37.5885","-0.0045"
"74.8400","-37.5982","-0.0045"
"74.8600","-37.6076","-0.0045"
"74.8800","-37.6174","-0.0044"
"74.9000","-37.6281","-0.0043"
"74.9200","-37.6388","-0.0040"
"74.9400","-37.6485","-0.0035"
"74.9600","-37.6575","-0.0033"
"74.9800","-37.6666","-0.0032"
"75.0000","-37.6766","-0.0032"
"75.0200","-37.6875","-0.0032"
"75.0400","-37.6979","-0.0032"
"75.0600","-37.7073","-0.0032"
"75.0800","-37.7167","-0.0032"
"75.1000","-37.7269","-0.0032"
"75.1200","-37.7380","-0.0032"
"75.1400","-37.7487","-0.0032"
"75.1600","-37.7581","-0.0032"
"75.1800","-37.7671","-0.0032"
"75.2000","-37.7767","-0.0032"
"75.2200","-37.7874","-0.0032"
"75.2400","-37.7983","-0.0032"
"75.2600","-37.8083","-0.0032"
"75.2800","-37.8177","-0.0032"
"75.3000","-37.8272","-0.0032"
"75.3200","-37.8372","-0.0032"
"75.3400","-37.8478","-0.0032"
"75.3600","-37.8581","-0.0032"
"75.3800","-37.8675","-0.0032"
"75.4000","-37.8767","-0.0032"
"75.4200","-37.8864","-0.0032"
"75.4400","-37.8971","-0.0032"
"75.4600","-37.9082","-0.0032"
"75.4800","-37.9184","-0.0032"
"75.5000","-37.9279","-0.0032"
"75.5200","-37.9375","-0.0032"
"75.5400","-37.9479","-0.0032"
"75.5600","-37.9586","-0.0032"
"75.5800","-37.9684","-0.0032"
"75.6000","-37.9774","-0.0032"
"75.6200","-37.9865","-0.0032"
"75.6400","-37.9965","-0.0032"
"75.6600","-38.0074","-0.0032"
"75.6800","-38.0179","-0.0032"
"75.7000","-38.0276","-0.0032"
"75.7200","-38.0369","-0.0032"
"75.7400","-38.0466","-0.0032"
"75.7600","-38.0571","-0.0032"
"75.7800","-38.0679","-0.0032"
"75.8000","-38.0781","-0.0032"
"75.8200","-38.0877","-0.0032"
"75.8400","-38.0971","-0.0032"
"75.8600","-38.1073","-0.0032"
"75.8800","-38.1184","-0.0032"
"75.9000","-38.1288","-0.0033"
"75.9200","-38.1382","-0.0033"
"75.9400","-38.1472","-0.0033"
"75.9600","-38.1567","-0.0033"
"75.9800","-38.1673","-0.0033"
"76.0000","-38.1780","-0.0033"
"76.0200","-38.1877","-0.0033"
"76.0400","-38.1969","-0.0033"
"76.0600","-38.2065","-0.0033"
"76.0800","-38.2172","-0.0033"
"76.1000","-38.2284","-0.0033"
"76.1200","-38.2388","-0.0033"
"76.1400","-38.2482","-0.0033"
"76.1600","-38.2577","-0.0033"
"76.1800","-38.2675","-0.0033"
"76.2000","-38.2781","-0.0033"
"76.2200","-38.2886","-0.0033"
"76.2400","-38.2982","-0.0033"
"76.2600","-38.3074","-0.0033"
"76.2800","-38.3168","-0.0033"
"76.3000","-38.3273","-0.0033"
"76.3200","-38.3381","-0.0033"
"76.3400","-38.3481","-0.0033"
"76.3600","-38.3573","-0.0033"
"76.3800","-38.3666","-0.0033"
"76.4000","-38.3769","-0.0033"
"76.4200","-38.3880","-0.0033"
"76.4400","-38.3986","-0.0033"
"76.4600","-38.4081","-0.0033"
"76.4800","-38.4176","-0.0033"
"76.5000","-38.4276","-0.0033"
"76.5200","-38.4384","-0.0033"
"76.5400","-38.4488","-0.0033"
"76.5600","-38.4582","-0.0033"
"76.5800","-38.4673","-0.0033"
"76.6000","-38.4766","-0.0033"
"76.6200","-38.4866","-0.0033"
"76.6400","-38.4972","-0.0033"
"76.6600","-38.5074","-0.0033"
"76.6800","-38.5170","-0.0033"
"76.7000","-38.5266","-0.0033"
"76.7200","-38.5368","-0.0033"
"76.7400","-38.5479","-0.0033"
"76.7600","-38.5586","-0.0033"
"76.7800","-38.5681","-0.0034"
"76.8000","-38.5773","-0.0033"
"76.8200","-38.5870","-0.0033"
"76.8400","-38.5977","-0.0034"
"76.8600","-38.6086","-0.0034"
"76.8800","-38.6184","-0.0034"
"76.9000","-38.6276","-0.0034"
"76.9200","-38.6370","-0.0034"
"76.9400","-38.6473","-0.0034"
"76.9600","-38.6581","-0.0034"
"76.9800","-38.6681","-0.0034"
"77.0000","-38.6774","-0.0034"
"77.0200","-38.6867","-0.0034"
"77.0400","-38.6966","-0.0034"
"77.0600","-38.7074","-0.0034"
"77.0800","-38.7184","-0.0034"
"77.1000","-38.7284","-0.0034"
"77.1200","-38.7379","-0.0034"
"77.1400","-38.7475","-0.0034"
"77.1600","-38.7578","-0.0034"
"77.1800","-38.7684","-0.0034"
"77.2000","-38.7782","-0.0034"
"77.2200","-38.7873","-0.0034"
"77.2400","-38.7965","-0.0034"
"77.2600","-38.8066","-0.0034"
"77.2800","-38.8176","-0.0034"
"77.3000","-38.8280","-0.0034"
"77.3200","-38.8374","-0.0034"
"77.3400","-38.8466","-0.0034"
"77.3600","-38.8565","-0.0034"
"77.3800","-38.8674","-0.0034"
"77.4000","-38.8782","-0.0034"
"77.4200","-38.8882","-0.0034"
"77.4400","-38.8977","-0.0034"
"77.4600","-38.9073","-0.0034"
"77.4800","-38.9175","-0.0034"
"77.5000","-38.9283","-0.0034"
"77.5200","-38.9385","-0.0034"
"77.5400","-38.9479","-0.0034"
"77.5600","-38.9568","-0.0034"
"77.5800","-38.9662","-0.0034"
"77.6000","-38.9767","-0.0034"
"77.6200","-38.9873","-0.0034"
"77.6400","-38.9970","-0.0034"
"77.6600","-39.0064","-0.0034"
"77.6800","-39.0162","-0.0034"
"77.7000","-39.0270","-0.0034"
"77.7200","-39.0383","-0.0034"
"77.7400","-39.0485","-0.0035"
"77.7600","-39.0577","-0.0035"
"77.7800","-39.0672","-0.0035"
"77.8000","-39.0774","-0.0035"
"77.8200","-39.0883","-0.0035"
"77.8400","-39.0985","-0.0035"
"77.8600","-39.1077","-0.0035"
"77.8800","-39.1168","-0.0035"
"77.9000","-39.1265","-0.0035"
"77.9200","-39.1371","-0.0035"
"77.9400","-39.1479","-0.0035"
"77.9600","-39.1577","-0.0035"
"77.9800","-39.1669","-0.0035"
"78.0000","-39.1763","-0.0035"
"78.0200","-39.1867","-0.0035"
"78.0400","-39.1979","-0.0035"
"78.0600","-39.2084","-0.0035"
"78.0800","-39.2179","-0.0035"
"78.1000","-39.2274","-0.0035"
"78.1200","-39.2377","-0.0035"
"78.1400","-39.2486","-0.0035"
"78.1600","-39.2588","-0.0035"
"78.1800","-39.2679","-0.0035"
"78.2000","-39.2766","-0.0035"
"78.2200","-39.2859","-0.0035"
"78.2400","-39.2964","-0.0035"
"78.2600","-39.3073","-0.0035"
"78.2800","-39.3175","-0.0035"
"78.3000","-39.3271","-0.0035"
"78.3200","-39.3369","-0.0035"
"78.3400","-39.3473","-0.0035"
"78.3600","-39.3582","-0.0035"
"78.3800","-39.3686","-0.0035"
"78.4000","-39.3782","-0.0035"
"78.4200","-39.3875","-0.0035"
"78.4400","-39.3972","-0.0035"
"78.4600","-39.4079","-0.0035"
"78.4800","-39.4187","-0.0035"
"78.5000","-39.4284","-0.0035"
"78.5200","-39.4375","-0.0035"
"78.5400","-39.4468","-0.0035"
"78.5600","-39.4571","-0.0035"
"78.5800","-39.4678","-0.0035"
"78.6000","-39.4778","-0.0036"
"78.6200","-39.4870","-0.0036"
"78.6400","-39.4964","-0.0036"
"78.6600","-39.5066","-0.0036"
"78.6800","-39.5178","-0.0036"
"78.7000","-39.5286","-0.0036"
"78.7200","-39.5385","-0.0036"
"78.7400","-39.5480","-0.0036"
"78.7600","-39.5576","-0.0036"
"78.7800","-39.5678","-0.0036"
"78.8000","-39.5782","-0.0036"
"78.8200","-39.5880","-0.0036"
"78.8400","-39.5972","-0.0036"
"78.8600","-39.6064","-0.0036"
"78.8800","-39.6166","-0.0036"
"78.9000","-39.6276","-0.0036"
"78.9200","-39.6380","-0.0036"
"78.9400","-39.6473","-0.0036"
"78.9600","-39.6564","-0.0036"
"78.9800","-39.6662","-0.0036"
"79.0000","-39.6772","-0.0036"
"79.0200","-39.6882","-0.0036"
"79.0400","-39.6982","-0.0036"
"79.0600","-39.7076","-0.0036"
"79.0800","-39.7173","-0.0036"
"79.1000","-39.7280","-0.0036"
"79.1200","-39.7388","-0.0036"
"79.1400","-39.7486","-0.0036"
"79.1600","-39.7577","-0.0036"
"79.1800","-39.7668","-0.0036"
"79.2000","-39.7766","-0.0036"
"79.2200","-39.7872","-0.0036"
"79.2400","-39.7977","-0.0037"
"79.2600","-39.8075","-0.0037"
"79.2800","-39.8169","-0.0037"
"79.3000","-39.8268","-0.0037"
"79.3200","-39.8376","-0.0037"
"79.3400","-39.8488","-0.0037"
"79.3600","-39.8588","-0.0037"
"79.3800","-39.8680","-0.0037"
"79.4000","-39.8773","-0.0037"
"79.4200","-39.8876","-0.0037"
"79.4400","-39.8986","-0.0037"
"79.4600","-39.9088","-0.0037"
"79.4800","-39.9179","-0.0037"
"79.5000","-39.9270","-0.0037"
"79.5200","-39.9368","-0.0037"
"79.5400","-39.9474","-0.0037"
"79.5600","-39.9577","-0.0037"
"79.5800","-39.9674","-0.0037"
"79.6000","-39.9768","-0.0037"
"79.6200","-39.9866","-0.0037"
"79.6400","-39.9972","-0.0037"
"79.6600","-40.0083","-0.0037"
"79.6800","-40.0186","-0.0037"
"79.7000","-40.0282","-0.0037"
"79.7200","-40.0376","-0.0037"
"79.7400","-40.0477","-0.0037"
"79.7600","-40.0585","-0.0037"
"79.7800","-40.0686","-0.0037"
"79.8000","-40.0776","-0.0037"
"79.8200","-40.0866","-0.0037"
"79.8400","-40.0962","-0.0037"
"79.8600","-40.1071","-0.0037"
"79.8800","-40.1181","-0.0037"
"79.9000","-40.1280","-0.0038"
"79.9200","-40.1372","-0.0037"
"79.9400","-40.1469","-0.0037"
"79.9600","-40.1574","-0.0038"
"79.9800","-40.1683","-0.0038"
"80.0000","-40.1784","-0.0038"
"80.0200","-40.1879","-0.0038"
"80.0400","-40.1974","-0.0038"
"80.0600","-40.2074","-0.0038"
"80.0800","-40.2180","-0.0038"
"80.1000","-40.2285","-0.0038"
"80.1200","-40.2382","-0.0038"
"80.1400","-40.2473","-0.0038"
"80.1600","-40.2566","-0.0038"
"80.1800","-40.2668","-0.0038"
"80.2000","-40.2777","-0.0038"
"80.2200","-40.2878","-0.0038"
"80.2400","-40.2971","-0.0038"
"80.2600","-40.3063","-0.0038"
"80.2800","-40.3166","-0.0038"
"80.3000","-40.3279","-0.0038"
"80.3200","-40.3388","-0.0038"
"80.3400","-40.3485","-0.0038"
"80.3600","-40.3577","-0.0038"
"80.3800","-40.3674","-0.0038"
"80.4000","-40.3780","-0.0038"
"80.4200","-40.3885","-0.0038"
"80.4400","-40.3980","-0.0038"
"80.4600","-40.4072","-0.0038"
"80.4800","-40.4167","-0.0038"
"80.5000","-40.4270","-0.0038"
"80.5200","-40.4380","-0.0038"
"80.5400","-40.4483","-0.0038"
"80.5600","-40.4577","-0.0038"
"80.5800","-40.4670","-0.0038"
"80.6000","-40.4768","-0.0039"
"80.6200","-40.4876","-0.0039"
"80.6400","-40.4985","-0.0039"
"80.6600","-40.5083","-0.0039"
"80.6800","-40.5176","-0.0039"
"80.7000","-40.5274","-0.0039"
"80.7200","-40.5381","-0.0039"
"80.7400","-40.5489","-0.0039"
"80.7600","-40.5585","-0.0039"
"80.7800","-40.5672","-0.0039"
"80.8000","-40.5763","-0.0039"
"80.8200","-40.5863","-0.0039"
"80.8400","-40.5972","-0.0039"
"80.8600","-40.6078","-0.0039"
"80.8800","-40.6175","-0.0039"
"80.9000","-40.6272","-0.0039"
"80.9200","-40.6374","-0.0039"
"80.9400","-40.6481","-0.0039"
"80.9600","-40.6586","-0.0039"
"80.9800","-40.6683","-0.0039"
"81.0000","-40.6775","-0.0039"
"81.0200","-40.6871","-0.0039"
"81.0400","-40.6975","-0.0039"
"81.0600","-40.7085","-0.0039"
"81.0800","-40.7187","-0.0039"
"81.1000","-40.7280","-0.0039"
"81.1200","-40.7371","-0.0039"
"81.1400","-40.7469","-0.0039"
"81.1600","-40.7576","-0.0039"
"81.1800","-40.7680","-0.0040"
"81.2000","-40.7774","-0.0040"
"81.2200","-40.7866","-0.0040"
"81.2400","-40.7964","-0.0040"
"81.2600","-40.8073","-0.0040"
"81.2800","-40.8185","-0.0040"
"81.3000","-40.8286","-0.0040"
"81.3200","-40.8378","-0.0040"
"81.3400","-40.8471","-0.0040"
"81.3600","-40.8570","-0.0040"
"81.3800","-40.8678","-0.0040"
"81.4000","-40.8783","-0.0040"
"81.4200","-40.8878","-0.0040"
"81.4400","-40.8970","-0.0040"
"81.4600","-40.9067","-0.0040"
"81.4800","-40.9174","-0.0040"
"81.5000","-40.9283","-0.0040"
"81.5200","-40.9381","-0.0040"
"81.5400","-40.9473","-0.0040"
"81.5600","-40.9568","-0.0040"
"81.5800","-40.9672","-0.0040"
"81.6000","-40.9783","-0.0040"
"81.6200","-40.9885","-0.0040"
"81.6400","-40.9978","-0.0040"
"81.6600","-41.0072","-0.0041"
"81.6800","-41.0174","-0.0041"
"81.7000","-41.0285","-0.0041"
"81.7200","-41.0390","-0.0041"
"81.7400","-41.0485","-0.0041"
"81.7600","-41.0575","-0.0041"
"81.7800","-41.0668","-0.0041"
"81.8000","-41.0769","-0.0041"
"81.8200","-41.0874","-0.0041"
"81.8400","-41.0973","-0.0041"
"81.8600","-41.1068","-0.0041"
"81.8800","-41.1164","-0.0041"
"81.9000","-41.1268","-0.0041"
"81.9200","-41.1381","-0.0041"
"81.9400","-41.1487","-0.0041"
"81.9600","-41.1582","-0.0041"
"81.9800","-41.1674","-0.0041"
"82.0000","-41.1772","-0.0041"
"82.0200","-41.1879","-0.0041"
"82.0400","-41.1985","-0.0041"
"82.0600","-41.2080","-0.0041"
"82.0800","-41.2172","-0.0041"
"82.1000","-41.2268","-0.0041"
"82.1200","-41.2373","-0.0041"
"82.1400","-41.2481","-0.0041"
"82.1600","-41.2579","-0.0041"
"82.1800","-41.2670","-0.0041"
"82.2000","-41.2762","-0.0041"
"82.2200","-41.2861","-0.0042"
"82.2400","-41.2971","-0.0042"
"82.2600","-41.3082","-0.0042"
"82.2800","-41.3183","-0.0042"
"82.3000","-41.3278","-0.0042"
"82.3200","-41.3376","-0.0042"
"82.3400","-41.3483","-0.0042"
"82.3600","-41.3589","-0.0042"
"82.3800","-41.3685","-0.0042"
"82.4000","-41.3775","-0.0042"
"82.4200","-41.3867","-0.0042"
"82.4400","-41.3968","-0.0042"
"82.4600","-41.4077","-0.0042"
"82.4800","-41.4182","-0.0042"
"82.5000","-41.4277","-0.0042"
"82.5200","-41.4372","-0.0042"
"82.5400","-41.4471","-0.0042"
"82.5600","-41.4578","-0.0042"
"82.5800","-41.4683","-0.0042"
"82.6000","-41.4780","-0.0042"
"82.6200","-41.4875","-0.0042"
"82.6400","-41.4973","-0.0042"
"82.6600","-41.5078","-0.0042"
"82.6800","-41.5186","-0.0042"
"82.7000","-41.5286","-0.0042"
"82.7200","-41.5377","-0.0042"
"82.7400","-41.5468","-0.0042"
"82.7600","-41.5564","-0.0042"
"82.7800","-41.5671","-0.0042"
"82.8000","-41.5777","-0.0042"
"82.8200","-41.5873","-0.0042"
"82.8400","-41.5966","-0.0042"
"82.8600","-41.6064","-0.0042"
"82.8800","-41.6174","-0.0043"
"82.9000","-41.6286","-0.0043"
"82.9200","-41.6385","-0.0043"
"82.9400","-41.6477","-0.0043"
"82.9600","-41.6572","-0.0043"
"82.9800","-41.6675","-0.0043"
"83.0000","-41.6784","-0.0043"
"83.0200","-41.6886","-0.0043"
"83.0400","-41.6979","-0.0043"
"83.0600","-41.7071","-0.0043"
"83.0800","-41.7168","-0.0043"
"83.1000","-41.7274","-0.0043"
"83.1200","-41.7380","-0.0043"
"83.1400","-41.7477","-0.0043"
"83.1600","-41.7568","-0.0043"
"83.1800","-41.7662","-0.0043"
"83.2000","-41.7767","-0.0043"
"83.2200","-41.7879","-0.0043"
"83.2400","-41.7983","-0.0043"
"83.2600","-41.8077","-0.0043"
"83.2800","-41.8170","-0.0043"
"83.3000","-41.8272","-0.0043"
"83.3200","-41.8382","-0.0043"
"83.3400","-41.8485","-0.0044"
"83.3600","-41.8578","-0.0044"
"83.3800","-41.8668","-0.0043"
"83.4000","-41.8764","-0.0044"
"83.4200","-41.8868","-0.0044"
"83.4400","-41.8975","-0.0044"
"83.4600","-41.9074","-0.0044"
"83.4800","-41.9171","-0.0044"
"83.5000","-41.9270","-0.0044"
"83.5200","-41.9376","-0.0044"
"83.5400","-41.9486","-0.0044"
"83.5600","-41.9588","-0.0044"
"83.5800","-41.9681","-0.0044"
"83.6000","-41.9772","-0.0044"
"83.6200","-41.9870","-0.0044"
"83.6400","-41.9978","-0.0044"
"83.6600","-42.0085","-0.0044"
"83.6800","-42.0181","-0.0044"
"83.7000","-42.0274","-0.0044"
"83.7200","-42.0370","-0.0044"
"83.7400","-42.0474","-0.0044"
"83.7600","-42.0581","-0.0044"
"83.7800","-42.0678","-0.0044"
"83.8000","-42.0768","-0.0044"
"83.8200","-42.0863","-0.0044"
"83.8400","-42.0967","-0.0045"
"83.8600","-42.1079","-0.0045"
"83.8800","-42.1185","-0.0045"
"83.9000","-42.1283","-0.0045"
"83.9200","-42.1379","-0.0045"
"83.9400","-42.1478","-0.0045"
"83.9600","-42.1583","-0.0045"
"83.9800","-42.1687","-0.0045"
"84.0000","-42.1782","-0.0045"
"84.0200","-42.1872","-0.0045"
"84.0400","-42.1965","-0.0045"
"84.0600","-42.2067","-0.0045"
"84.0800","-42.2176","-0.0045"
"84.1000","-42.2280","-0.0045"
"84.1200","-42.2375","-0.0045"
"84.1400","-42.2469","-0.0045"
"84.1600","-42.2569","-0.0045"
"84.1800","-42.2680","-0.0045"
"84.2000","-42.2788","-0.0045"
"84.2200","-42.2884","-0.0045"
"84.2400","-42.2978","-0.0045"
"84.2600","-42.3076","-0.0045"
"84.2800","-42.3181","-0.0046"
"84.3000","-42.3288","-0.0046"
"84.3200","-42.3386","-0.0046"
"84.3400","-42.3478","-0.0046"
"84.3600","-42.3572","-0.0046"
"84.3800","-42.3669","-0.0046"
"84.4000","-42.3774","-0.0046"
"84.4200","-42.3876","-0.0046"
"84.4400","-42.3972","-0.0046"
"84.4600","-42.4066","-0.0046"
"84.4800","-42.4166","-0.0046"
"84.5000","-42.4276","-0.0046"
"84.5200","-42.4386","-0.0046"
"84.5400","-42.4486","-0.0046"
"84.5600","-42.4578","-0.0046"
"84.5800","-42.4673","-0.0046"
"84.6000","-42.4776","-0.0046"
"84.6200","-42.4884","-0.0046"
"84.6400","-42.4983","-0.0046"
"84.6600","-42.5075","-0.0047"
"84.6800","-42.5168","-0.0047"
"84.7000","-42.5269","-0.0047"
"84.7200","-42.5378","-0.0047"
"84.7400","-42.5482","-0.0047"
"84.7600","-42.5575","-0.0047"
"84.7800","-42.5667","-0.0047"
"84.8000","-42.5763","-0.0047"
"84.8200","-42.5870","-0.0047"
"84.8400","-42.5980","-0.0047"
"84.8600","-42.6083","-0.0047"
"84.8800","-42.6179","-0.0047"
"84.9000","-42.6275","-0.0047"
"84.9200","-42.6378","-0.0047"
"84.9400","-42.6488","-0.0047"
"84.9600","-42.6588","-0.0047"
"84.9800","-42.6678","-0.0047"
"85.0000","-42.6768","-0.0047"
"85.0200","-42.6864","-0.0047"
"85.0400","-42.6972","-0.0047"
"85.0600","-42.7081","-0.0047"
"85.0800","-42.7178","-0.0048"
"85.1000","-42.7271","-0.0048"
"85.1200","-42.7369","-0.0048"
"85.1400","-42.7475","-0.0048"
"85.1600","-42.7583","-0.0048"
"85.1800","-42.7684","-0.0048"
"85.2000","-42.7778","-0.0048"
"85.2200","-42.7873","-0.0048"
"85.2400","-42.7973","-0.0048"
"85.2600","-42.8080","-0.0048"
"85.2800","-42.8184","-0.0048"
"85.3000","-42.8280","-0.0048"
"85.3200","-42.8373","-0.0048"
"85.3400","-42.8468","-0.0048"
"85.3600","-42.8572","-0.0048"
"85.3800","-42.8678","-0.0048"
"85.4000","-42.8776","-0.0048"
"85.4200","-42.8868","-0.0048"
"85.4400","-42.8963","-0.0048"
"85.4600","-42.9068","-0.0048"
"85.4800","-42.9181","-0.0048"
"85.5000","-42.9287","-0.0048"
"85.5200","-42.9382","-0.0048"
"85.5400","-42.9477","-0.0048"
"85.5600","-42.9576","-0.0049"
"85.5800","-42.9682","-0.0049"
"85.6000","-42.9785","-0.0049"
"85.6200","-42.9879","-0.0049"
"85.6400","-42.9971","-0.0049"
"85.6600","-43.0066","-0.0049"
"85.6800","-43.0169","-0.0049"
"85.7000","-43.0278","-0.0049"
"85.7200","-43.0380","-0.0049"
"85.7400","-43.0474","-0.0049"
"85.7600","-43.0566","-0.0049"
"85.7800","-43.0666","-0.0049"
"85.8000","-43.0776","-0.0049"
"85.8200","-43.0883","-0.0049"
"85.8400","-43.0979","-0.0049"
"85.8600","-43.1071","-0.0049"
"85.8800","-43.1169","-0.0049"
"85.9000","-43.1277","-0.0049"
"85.9200","-43.1386","-0.0049"
"85.9400","-43.1484","-0.0050"
"85.9600","-43.1574","-0.0049"
"85.9800","-43.1666","-0.0050"
"86.0000","-43.1768","-0.0050"
"86.0200","-43.1875","-0.0050"
"86.0400","-43.1977","-0.0050"
"86.0600","-43.2071","-0.0050"
"86.0800","-43.2167","-0.0050"
"86.1000","-43.2269","-0.0050"
"86.1200","-43.2379","-0.0050"
"86.1400","-43.2486","-0.0050"
"86.1600","-43.2584","-0.0050"
"86.1800","-43.2677","-0.0050"
"86.2000","-43.2771","-0.0050"
"86.2200","-43.2875","-0.0050"
"86.2400","-43.2984","-0.0050"
"86.2600","-43.3083","-0.0050"
"86.2800","-43.3175","-0.0050"
"86.3000","-43.3267","-0.0050"
"86.3200","-43.3367","-0.0051"
"86.3400","-43.3476","-0.0051"
"86.3600","-43.3579","-0.0051"
"86.3800","-43.3672","-0.0051"
"86.4000","-43.3765","-0.0051"
"86.4200","-43.3865","-0.0051"
"86.4400","-43.3975","-0.0051"
"86.4600","-43.4085","-0.0051"
"86.4800","-43.4184","-0.0051"
"86.5000","-43.4277","-0.0051"
"86.5200","-43.4374","-0.0051"
"86.5400","-43.4478","-0.0051"
"86.5600","-43.4585","-0.0051"
"86.5800","-43.4685","-0.0051"
"86.6000","-43.4777","-0.0051"
"86.6200","-43.4867","-0.0051"
"86.6400","-43.4963","-0.0051"
"86.6600","-43.5071","-0.0051"
"86.6800","-43.5179","-0.0052"
"86.7000","-43.5279","-0.0052"
"86.7200","-43.5373","-0.0052"
"86.7400","-43.5469","-0.0052"
"86.7600","-43.5575","-0.0052"
"86.7800","-43.5683","-0.0052"
"86.8000","-43.5781","-0.0052"
"86.8200","-43.5874","-0.0052"
"86.8400","-43.5970","-0.0052"
"86.8600","-43.6075","-0.0052"
"86.8800","-43.6185","-0.0052"
"86.9000","-43.6287","-0.0052"
"86.9200","-43.6381","-0.0052"
"86.9400","-43.6474","-0.0052"
"86.9600","-43.6571","-0.0052"
"86.9800","-43.6675","-0.0052"
"87.0000","-43.6779","-0.0052"
"87.0200","-43.6876","-0.0052"
"87.0400","-43.6968","-0.0052"
"87.0600","-43.7063","-0.0053"
"87.0800","-43.7169","-0.0053"
"87.1000","-43.7283","-0.0053"
"87.1200","-43.7390","-0.0053"
"87.1400","-43.7485","-0.0053"
"87.1600","-43.7576","-0.0053"
"87.1800","-43.7675","-0.0053"
"87.2000","-43.7783","-0.0053"
"87.2200","-43.7886","-0.0053"
"87.2400","-43.7979","-0.0053"
"87.2600","-43.8070","-0.0053"
"87.2800","-43.8166","-0.0053"
"87.3000","-43.8272","-0.0053"
"87.3200","-43.8378","-0.0053"
"87.3400","-43.8476","-0.0053"
"87.3600","-43.8570","-0.0053"
"87.3800","-43.8666","-0.0053"
"87.4000","-43.8769","-0.0053"
"87.4200","-43.8878","-0.0053"
"87.4400","-43.8983","-0.0054"
"87.4600","-43.9081","-0.0054"
"87.4800","-43.9176","-0.0054"
"87.5000","-43.9274","-0.0054"
"87.5200","-43.9382","-0.0054"
"87.5400","-43.9488","-0.0054"
"87.5600","-43.9583","-0.0054"
"87.5800","-43.9672","-0.0054"
"87.6000","-43.9764","-0.0054"
"87.6200","-43.9867","-0.0054"
"87.6400","-43.9977","-0.0054"
"87.6600","-44.0078","-0.0054"
"87.6800","-44.0170","-0.0054"
"87.7000","-44.0266","-0.0054"
"87.7200","-44.0370","-0.0054"
"87.7400","-44.0482","-0.0054"
"87.7600","-44.0588","-0.0054"
"87.7800","-44.0684","-0.0054"
"87.8000","-44.0777","-0.0054"
"87.8200","-44.0873","-0.0055"
"87.8400","-44.0977","-0.0055"
"87.8600","-44.1081","-0.0055"
"87.8800","-44.1179","-0.0055"
"87.9000","-44.1272","-0.0055"
"87.9200","-44.1367","-0.0055"
"87.9400","-44.1469","-0.0055"
"87.9600","-44.1578","-0.0055"
"87.9800","-44.1681","-0.0055"
"88.0000","-44.1774","-0.0055"
"88.0200","-44.1865","-0.0055"
"88.0400","-44.1964","-0.0055"
"88.0600","-44.2075","-0.0055"
"88.0800","-44.2185","-0.0055"
"88.1000","-44.2283","-0.0055"
"88.1200","-44.2377","-0.0055"
"88.1400","-44.2474","-0.0055"
"88.1600","-44.2580","-0.0055"
"88.1800","-44.2687","-0.0055"
"88.2000","-44.2784","-0.0055"
"88.2200","-44.2876","-0.0056"
"88.2400","-44.2970","-0.0056"
"88.2600","-44.3070","-0.0056"
"88.2800","-44.3176","-0.0056"
"88.3000","-44.3281","-0.0056"
"88.3200","-44.3378","-0.0056"
"88.3400","-44.3470","-0.0056"
"88.3600","-44.3566","-0.0056"
"88.3800","-44.3672","-0.0056"
"88.4000","-44.3782","-0.0056"
"88.4200","-44.3883","-0.0056"
"88.4400","-44.3976","-0.0056"
"88.4600","-44.4071","-0.0056"
"88.4800","-44.4176","-0.0056"
"88.5000","-44.4288","-0.0056"
"88.5200","-44.4390","-0.0056"
"88.5400","-44.4481","-0.0057"
"88.5600","-44.4572","-0.0056"
"88.5800","-44.4669","-0.0057"
"88.6000","-44.4774","-0.0057"
"88.6200","-44.4877","-0.0057"
"88.6400","-44.4973","-0.0057"
"88.6600","-44.5068","-0.0057"
"88.6800","-44.5167","-0.0057"
"88.7000","-44.5275","-0.0057"
"88.7200","-44.5386","-0.0057"
"88.7400","-44.5487","-0.0057"
"88.7600","-44.5581","-0.0057"
"88.7800","-44.5673","-0.0057"
"88.8000","-44.5773","-0.0057"
"88.8200","-44.5882","-0.0057"
"88.8400","-44.5986","-0.0057"
"88.8600","-44.6078","-0.0057"
"88.8800","-44.6168","-0.0057"
"88.9000","-44.6264","-0.0058"
"88.9200","-44.6372","-0.0058"
"88.9400","-44.6481","-0.0058"
"88.9600","-44.6578","-0.0058"
"88.9800","-44.6669","-0.0058"
"89.0000","-44.6764","-0.0058"
"89.0200","-44.6868","-0.0058"
"89.0400","-44.6980","-0.0058"
"89.0600","-44.7085","-0.0058"
"89.0800","-44.7182","-0.0058"
"89.1000","-44.7279","-0.0058"
"89.1200","-44.7380","-0.0058"
"89.1400","-44.7486","-0.0058"
"89.1600","-44.7588","-0.0058"
"89.1800","-44.7680","-0.0058"
"89.2000","-44.7769","-0.0058"
"89.2200","-44.7864","-0.0058"
"89.2400","-44.7968","-0.0059"
"89.2600","-44.8078","-0.0059"
"89.2800","-44.8179","-0.0059"
"89.3000","-44.8272","-0.0059"
"89.3200","-44.8365","-0.0059"
"89.3400","-44.8467","-0.0059"
"89.3600","-44.8579","-0.0059"
"89.3800","-44.8684","-0.0059"
"89.4000","-44.8779","-0.0059"
"89.4200","-44.8874","-0.0059"
"89.4400","-44.8974","-0.0059"
"89.4600","-44.9082","-0.0059"
"89.4800","-44.9186","-0.0059"
"89.5000","-44.9281","-0.0059"
"89.5200","-44.9373","-0.0059"
"89.5400","-44.9468","-0.0059"
"89.5600","-44.9570","-0.0060"
"89.5800","-44.9677","-0.0060"
"89.6000","-44.9779","-0.0060"
"89.6200","-44.9873","-0.0060"
"89.6400","-44.9965","-0.0060"
"89.6600","-45.0065","-0.0060"
"89.6800","-45.0176","-0.0060"
"89.7000","-45.0285","-0.0060"
"89.7200","-45.0383","-0.0060"
"89.7400","-45.0476","-0.0060"
"89.7600","-45.0572","-0.0060"
"89.7800","-45.0678","-0.0060"
"89.8000","-45.0785","-0.0060"
"89.8200","-45.0881","-0.0060"
"89.8400","-45.0971","-0.0060"
"89.8600","-45.1064","-0.0060"
"89.8800","-45.1166","-0.0061"
"89.9000","-45.1275","-0.0061"
"89.9200","-45.1379","-0.0061"
"89.9400","-45.1474","-0.0061"
"89.9600","-45.1569","-0.0061"
"89.9800","-45.1669","-0.0061"
"90.0000","-45.1775","-0.0061"
"90.0200","-45.1882","-0.0061"
"90.0400","-45.1981","-0.0061"
"90.0600","-45.2075","-0.0061"
"90.0800","-45.2172","-0.0061"
"90.1000","-45.2278","-0.0061"
"90.1200","-45.2388","-0.0061"
"90.1400","-45.2488","-0.0061"
"90.1600","-45.2578","-0.0061"
"90.1800","-45.2667","-0.0061"
"90.2000","-45.2765","-0.0061"
"90.2200","-45.2872","-0.0062"
"90.2400","-45.2977","-0.0062"
"90.2600","-45.3072","-0.0062"
"90.2800","-45.3166","-0.0062"
"90.3000","-45.3266","-0.0062"
"90.3200","-45.3377","-0.0062"
"90.3400","-45.3487","-0.0062"
"90.3600","-45.3585","-0.0062"
"90.3800","-45.3678","-0.0062"
"90.4000","-45.3772","-0.0062"
"90.4200","-45.3873","-0.0062"
"90.4400","-45.3981","-0.0062"
"90.4600","-45.4084","-0.0062"
"90.4800","-45.4179","-0.0062"
"90.5000","-45.4270","-0.0062"
"90.5200","-45.4366","-0.0062"
"90.5400","-45.4472","-0.0062"
"90.5600","-45.4580","-0.0062"
"90.5800","-45.4677","-0.0063"
"90.6000","-45.4768","-0.0063"
"90.6200","-45.4864","-0.0063"
"90.6400","-45.4972","-0.0063"
"90.6600","-45.5084","-0.0063"
"90.6800","-45.5185","-0.0063"
"90.7000","-45.5279","-0.0063"
"90.7200","-45.5373","-0.0063"
"90.7400","-45.5476","-0.0063"
"90.7600","-45.5584","-0.0063"
"90.7800","-45.5686","-0.0063"
"90.8000","-45.5779","-0.0063"
"90.8200","-45.5871","-0.0063"
"90.8400","-45.5966","-0.0063"
"90.8600","-45.6070","-0.0063"
"90.8800","-45.6177","-0.0063"
"90.9000","-45.6277","-0.0063"
"90.9200","-45.6372","-0.0063"
"90.9400","-45.6468","-0.0063"
"90.9600","-45.6572","-0.0063"
"90.9800","-45.6683","-0.0063"
"91.0000","-45.6786","-0.0064"
"91.0200","-45.6880","-0.0064"
"91.0400","-45.6972","-0.0064"
"91.0600","-45.7072","-0.0064"
"91.0800","-45.7181","-0.0064"
"91.1000","-45.7287","-0.0064"
"91.1200","-45.7382","-0.0062"
"91.1400","-45.7471","-0.0057"
"91.1600","-45.7565","-0.0052"
"91.1800","-45.7668","-0.0049"
"91.2000","-45.7775","-0.0049"
"91.2200","-45.7875","-0.0049"
"91.2400","-45.7969","-0.0049"
"91.2600","-45.8065","-0.0049"
"91.2800","-45.8168","-0.0049"
"91.3000","-45.8279","-0.0049"
"91.3200","-45.8387","-0.0050"
"91.3400","-45.8484","-0.0050"
"91.3600","-45.8576","-0.0050"
"91.3800","-45.8671","-0.0050"
"91.4000","-45.8776","-0.0050"
"91.4200","-45.8883","-0.0050"
"91.4400","-45.8982","-0.0050"
"91.4600","-45.9073","-0.0050"
"91.4800","-45.9166","-0.0050"
"91.5000","-45.9270","-0.0050"
"91.5200","-45.9381","-0.0050"
"91.5400","-45.9483","-0.0050"
"91.5600","-45.9575","-0.0050"
"91.5800","-45.9666","-0.0050"
"91.6000","-45.9765","-0.0050"
"91.6200","-45.9875","-0.0050"
"91.6400","-45.9983","-0.0050"
"91.6600","-46.0081","-0.0051"
"91.6800","-46.0177","-0.0051"
"91.7000","-46.0277","-0.0051"
"91.7200","-46.0383","-0.0051"
"91.7400","-46.0488","-0.0051"
"91.7600","-46.0585","-0.0051"
"91.7800","-46.0675","-0.0051"
"91.8000","-46.0765","-0.0051"
"91.8200","-46.0863","-0.0052"
"91.8400","-46.0973","-0.0052"
"91.8600","-46.1079","-0.0052"
"91.8800","-46.1176","-0.0052"
"91.9000","-46.1268","-0.0052"
"91.9200","-46.1366","-0.0052"
"91.9400","-46.1476","-0.0052"
"91.9600","-46.1586","-0.0052"
"91.9800","-46.1684","-0.0052"
"92.0000","-46.1777","-0.0052"
"92.0200","-46.1872","-0.0053"
"92.0400","-46.1977","-0.0053"
"92.0600","-46.2085","-0.0053"
"92.0800","-46.2185","-0.0053"
"92.1000","-46.2279","-0.0053"
"92.1200","-46.2374","-0.0053"
"92.1400","-46.2472","-0.0053"
"92.1600","-46.2577","-0.0053"
"92.1800","-46.2680","-0.0053"
"92.2000","-46.2775","-0.0054"
"92.2200","-46.2868","-0.0054"
"92.2400","-46.2964","-0.0054"
"92.2600","-46.3070","-0.0054"
"92.2800","-46.3182","-0.0054"
"92.3000","-46.3285","-0.0054"
"92.3200","-46.3379","-0.0054"
"92.3400","-46.3472","-0.0054"
"92.3600","-46.3574","-0.0054"
"92.3800","-46.3682","-0.0054"
"92.4000","-46.3783","-0.0055"
"92.4200","-46.3876","-0.0055"
"92.4400","-46.3967","-0.0055"
"92.4600","-46.4065","-0.0055"
"92.4800","-46.4173","-0.0055"
"92.5000","-46.4280","-0.0055"
"92.5200","-46.4378","-0.0055"
"92.5400","-46.4472","-0.0055"
"92.5600","-46.4569","-0.0055"
"92.5800","-46.4673","-0.0056"
"92.6000","-46.4783","-0.0056"
"92.6200","-46.4885","-0.0056"
"92.6400","-46.4981","-0.0056"
"92.6600","-46.5075","-0.0056"
"92.6800","-46.5174","-0.0056"
"92.7000","-46.5283","-0.0056"
"92.7200","-46.5388","-0.0056"
"92.7400","-46.5482","-0.0056"
"92.7600","-46.5572","-0.0056"
"92.7800","-46.5666","-0.0057"
"92.8000","-46.5771","-0.0057"
"92.8200","-46.5879","-0.0057"
"92.8400","-46.5978","-0.0057"
"92.8600","-46.6070","-0.0057"
"92.8800","-46.6166","-0.0057"
"92.9000","-46.6272","-0.0057"
"92.9200","-46.6384","-0.0057"
"92.9400","-46.6487","-0.0057"
"92.9600","-46.6579","-0.0057"
"92.9800","-46.6671","-0.0058"
"93.0000","-46.6769","-0.0058"
"93.0200","-46.6877","-0.0058"
"93.0400","-46.6984","-0.0058"
"93.0600","-46.7082","-0.0058"
"93.0800","-46.7173","-0.0058"
"93.1000","-46.7267","-0.0058"
"93.1200","-46.7370","-0.0058"
"93.1400","-46.7479","-0.0058"
"93.1600","-46.7580","-0.0059"
"93.1800","-46.7672","-0.0059"
"93.2000","-46.7765","-0.0059"
"93.2200","-46.7867","-0.0059"
"93.2400","-46.7978","-0.0059"
"93.2600","-46.8085","-0.0059"
"93.2800","-46.8181","-0.0059"
"93.3000","-46.8275","-0.0059"
"93.3200","-46.8374","-0.0059"
"93.3400","-46.8481","-0.0059"
"93.3600","-46.8586","-0.0060"
"93.3800","-46.8682","-0.0060"
"93.4000","-46.8773","-0.0060"
"93.4200","-46.8867","-0.0060"
"93.4400","-46.8968","-0.0060"
"93.4600","-46.9075","-0.0060"
"93.4800","-46.9178","-0.0060"
"93.5000","-46.9273","-0.0060"
"93.5200","-46.9368","-0.0060"
"93.5400","-46.9467","-0.0060"
"93.5600","-46.9577","-0.0061"
"93.5800","-46.9687","-0.0061"
"93.6000","-46.9785","-0.0061"
"93.6200","-46.9877","-0.0061"
"93.6400","-46.9972","-0.0061"
"93.6600","-47.0077","-0.0061"
"93.6800","-47.0185","-0.0061"
"93.7000","-47.0282","-0.0061"
"93.7200","-47.0372","-0.0061"
"93.7400","-47.0463","-0.0061"
"93.7600","-47.0564","-0.0062"
"93.7800","-47.0674","-0.0062"
"93.8000","-47.0779","-0.0062"
"93.8200","-47.0873","-0.0062"
"93.8400","-47.0965","-0.0062"
"93.8600","-47.1061","-0.0062"
"93.8800","-47.1168","-0.0062"
"93.9000","-47.1280","-0.0062"
"93.9200","-47.1383","-0.0062"
"93.9400","-47.1478","-0.0062"
"93.9600","-47.1572","-0.0062"
"93.9800","-47.1674","-0.0063"
"94.0000","-47.1782","-0.0063"
"94.0200","-47.1884","-0.0063"
"94.0400","-47.1977","-0.0063"
"94.0600","-47.2068","-0.0063"
"94.0800","-47.2166","-0.0063"
"94.1000","-47.2277","-0.0063"
"94.1200","-47.2384","-0.0063"
"94.1400","-47.2479","-0.0063"
"94.1600","-47.2570","-0.0063"
"94.1800","-47.2666","-0.0063"
"94.2000","-47.2772","-0.0064"
"94.2200","-47.2882","-0.0064"
"94.2400","-47.2983","-0.0064"
"94.2600","-47.3079","-0.0064"
"94.2800","-47.3175","-0.0064"
"94.3000","-47.3277","-0.0064"
"94.3200","-47.3385","-0.0064"
"94.3400","-47.3487","-0.0064"
"94.3600","-47.3578","-0.0064"
"94.3800","-47.3667","-0.0064"
"94.4000","-47.3760","-0.0064"
"94.4200","-47.3866","-0.0064"
"94.4400","-47.3977","-0.0065"
"94.4600","-47.4077","-0.0065"
"94.4800","-47.4169","-0.0065"
"94.5000","-47.4265","-0.0065"
"94.5200","-47.4371","-0.0065"
"94.5400","-47.4484","-0.0065"
"94.5600","-47.4586","-0.0065"
"94.5800","-47.4679","-0.0065"
"94.6000","-47.4772","-0.0065"
"94.6200","-47.4873","-0.0065"
"94.6400","-47.4982","-0.0065"
"94.6600","-47.5087","-0.0065"
"94.6800","-47.5182","-0.0065"
"94.7000","-47.5275","-0.0065"
"94.7200","-47.5371","-0.0065"
"94.7400","-47.5474","-0.0065"
"94.7600","-47.5580","-0.0065"
"94.7800","-47.5679","-0.0066"
"94.8000","-47.5771","-0.0066"
"94.8200","-47.5864","-0.0065"
"94.8400","-47.5965","-0.0066"
"94.8600","-47.6077","-0.0066"
"94.8800","-47.6186","-0.0066"
"94.9000","-47.6283","-0.0066"
"94.9200","-47.6375","-0.0065"
"94.9400","-47.6473","-0.0065"
"94.9600","-47.6580","-0.0065"
"94.9800","-47.6685","-0.0065"
"95.0000","-47.6780","-0.0065"
"95.0200","-47.6870","-0.0065"
"95.0400","-47.6964","-0.0065"
"95.0600","-47.7068","-0.0065"
"95.0800","-47.7176","-0.0065"
"95.1000","-47.7279","-0.0065"
"95.1200","-47.7375","-0.0065"
"95.1400","-47.7470","-0.0065"
"95.1600","-47.7571","-0.0065"
"95.1800","-47.7679","-0.0065"
"95.2000","-47.7784","-0.0065"
"95.2200","-47.7881","-0.0065"
"95.2400","-47.7974","-0.0065"
"95.2600","-47.8070","-0.0065"
"95.2800","-47.8178","-0.0065"
"95.3000","-47.8288","-0.0066"
"95.3200","-47.8388","-0.0066"
"95.3400","-47.8479","-0.0066"
"95.3600","-47.8569","-0.0066"
"95.3800","-47.8668","-0.0066"
"95.4000","-47.8775","-0.0066"
"95.4200","-47.8876","-0.0066"
"95.4400","-47.8970","-0.0067"
"95.4600","-47.9064","-0.0067"
"95.4800","-47.9167","-0.0067"
"95.5000","-47.9280","-0.0067"
"95.5200","-47.9389","-0.0067"
"95.5400","-47.9485","-0.0067"
"95.5600","-47.9576","-0.0067"
"95.5800","-47.9671","-0.0067"
"95.6000","-47.9775","-0.0068"
"95.6200","-47.9884","-0.0068"
"95.6400","-47.9987","-0.0068"
"95.6600","-48.0079","-0.0068"
"95.6800","-48.0168","-0.0068"
"95.7000","-48.0266","-0.0068"
"95.7200","-48.0375","-0.0068"
"95.7400","-48.0482","-0.0069"
"95.7600","-48.0578","-0.0069"
"95.7800","-48.0670","-0.0069"
"95.8000","-48.0766","-0.0069"
"95.8200","-48.0873","-0.0069"
"95.8400","-48.0984","-0.0069"
"95.8600","-48.1084","-0.0069"
"95.8800","-48.1178","-0.0069"
"95.9000","-48.1276","-0.0070"
"95.9200","-48.1381","-0.0070"
"95.9400","-48.1488","-0.0070"
"95.9600","-48.1586","-0.0070"
"95.9800","-48.1677","-0.0070"
"96.0000","-48.1769","-0.0070"
"96.0200","-48.1866","-0.0070"
"96.0400","-48.1972","-0.0071"
"96.0600","-48.2079","-0.0071"
"96.0800","-48.2178","-0.0071"
"96.1000","-48.2271","-0.0071"
"96.1200","-48.2367","-0.0071"
"96.1400","-48.2473","-0.0071"
"96.1600","-48.2583","-0.0071"
"96.1800","-48.2684","-0.0072"
"96.2000","-48.2777","-0.0072"
"96.2200","-48.2871","-0.0072"
"96.2400","-48.2974","-0.0072"
"96.2600","-48.3085","-0.0072"
"96.2800","-48.3190","-0.0072"
"96.3000","-48.3283","-0.0073"
"96.3200","-48.3373","-0.0073"
"96.3400","-48.3468","-0.0073"
"96.3600","-48.3572","-0.0073"
"96.3800","-48.3677","-0.0073"
"96.4000","-48.3775","-0.0073"
"96.4200","-48.3870","-0.0073"
"96.4400","-48.3968","-0.0073"
"96.4600","-48.4073","-0.0074"
"96.4800","-48.4184","-0.0074"
"96.5000","-48.4289","-0.0074"
"96.5200","-48.4385","-0.0074"
"96.5400","-48.4477","-0.0074"
"96.5600","-48.4573","-0.0074"
"96.5800","-48.4678","-0.0075"
"96.6000","-48.4784","-0.0075"
"96.6200","-48.4880","-0.0075"
"96.6400","-48.4972","-0.0075"
"96.6600","-48.5067","-0.0075"
"96.6800","-48.5172","-0.0075"
"96.7000","-48.5281","-0.0075"
"96.7200","-48.5380","-0.0076"
"96.7400","-48.5471","-0.0076"
"96.7600","-48.5566","-0.0076"
"96.7800","-48.5669","-0.0076"
"96.8000","-48.5780","-0.0076"
"96.8200","-48.5886","-0.0076"
"96.8400","-48.5983","-0.0077"
"96.8600","-48.6077","-0.0077"
"96.8800","-48.6175","-0.0077"
"96.9000","-48.6281","-0.0077"
"96.9200","-48.6387","-0.0077"
"96.9400","-48.6484","-0.0077"
"96.9600","-48.6574","-0.0077"
"96.9800","-48.6665","-0.0077"
"97.0000","-48.6765","-0.0078"
"97.0200","-48.6872","-0.0078"
"97.0400","-48.6975","-0.0078"
"97.0600","-48.7069","-0.0078"
"97.0800","-48.7163","-0.0078"
"97.1000","-48.7266","-0.0078"
"97.1200","-48.7380","-0.0079"
"97.1400","-48.7489","-0.0079"
"97.1600","-48.7585","-0.0079"
"97.1800","-48.7677","-0.0079"
"97.2000","-48.7773","-0.0079"
"97.2200","-48.7878","-0.0079"
"97.2400","-48.7984","-0.0079"
"97.2600","-48.8082","-0.0080"
"97.2800","-48.8175","-0.0080"
"97.3000","-48.8270","-0.0080"
"97.3200","-48.8371","-0.0080"
"97.3400","-48.8477","-0.0080"
"97.3600","-48.8579","-0.0080"
"97.3800","-48.8674","-0.0080"
"97.4000","-48.8767","-0.0081"
"97.4200","-48.8865","-0.0081"
"97.4400","-48.8973","-0.0081"
"97.4600","-48.9083","-0.0081"
"97.4800","-48.9182","-0.0081"
"97.5000","-48.9274","-0.0081"
"97.5200","-48.9369","-0.0082"
"97.5400","-48.9474","-0.0082"
"97.5600","-48.9583","-0.0082"
"97.5800","-48.9682","-0.0082"
"97.6000","-48.9772","-0.0082"
"97.6200","-48.9862","-0.0082"
"97.6400","-48.9961","-0.0082"
"97.6600","-49.0069","-0.0083"
"97.6800","-49.0176","-0.0083"
"97.7000","-49.0275","-0.0083"
"97.7200","-49.0370","-0.0083"
"97.7400","-49.0467","-0.0083"
"97.7600","-49.0572","-0.0083"
"97.7800","-49.0680","-0.0083"
"97.8000","-49.0782","-0.0084"
"97.8200","-49.0877","-0.0084"
"97.8400","-49.0973","-0.0084"
"97.8600","-49.1075","-0.0084"
"97.8800","-49.1186","-0.0084"
"97.9000","-49.1290","-0.0084"
"97.9200","-49.1382","-0.0084"
"97.9400","-49.1470","-0.0085"
"97.9600","-49.1562","-0.0085"
"97.9800","-49.1667","-0.0085"
"98.0000","-49.1774","-0.0085"
"98.0200","-49.1872","-0.0085"
"98.0400","-49.1966","-0.0085"
"98.0600","-49.2065","-0.0085"
"98.0800","-49.2173","-0.0086"
"98.1000","-49.2284","-0.0086"
"98.1200","-49.2386","-0.0086"
"98.1400","-49.2480","-0.0086"
"98.1600","-49.2575","-0.0086"
"98.1800","-49.2674","-0.0086"
"98.2000","-49.2781","-0.0087"
"98.2200","-49.2885","-0.0087"
"98.2400","-49.2980","-0.0087"
"98.2600","-49.3069","-0.0087"
"98.2800","-49.3162","-0.0087"
"98.3000","-49.3267","-0.0087"
"98.3200","-49.3377","-0.0087"
"98.3400","-49.3479","-0.0088"
"98.3600","-49.3571","-0.0088"
"98.3800","-49.3665","-0.0088"
"98.4000","-49.3768","-0.0088"
"98.4200","-49.3880","-0.0088"
"98.4400","-49.3984","-0.0088"
"98.4600","-49.4079","-0.0089"
"98.4800","-49.4173","-0.0089"
"98.5000","-49.4273","-0.0089"
"98.5200","-49.4382","-0.0089"
"98.5400","-49.4486","-0.0089"
"98.5600","-49.4581","-0.0089"
"98.5800","-49.4672","-0.0089"
"98.6000","-49.4767","-0.0090"
"98.6200","-49.4869","-0.0090"
"98.6400","-49.4976","-0.0090"
"98.6600","-49.5078","-0.0090"
"98.6800","-49.5174","-0.0090"
"98.7000","-49.5269","-0.0090"
"98.7200","-49.5370","-0.0091"
"98.7400","-49.5482","-0.0091"
"98.7600","-49.5590","-0.0091"
"98.7800","-49.5685","-0.0091"
"98.8000","-49.5775","-0.0091"
"98.8200","-49.5870","-0.0091"
"98.8400","-49.5975","-0.0091"
"98.8600","-49.6083","-0.0092"
"98.8800","-49.6181","-0.0092"
"98.9000","-49.6272","-0.0092"
"98.9200","-49.6367","-0.0092"
"98.9400","-49.6469","-0.0092"
"98.9600","-49.6577","-0.0092"
"98.9800","-49.6679","-0.0092"
"99.0000","-49.6772","-0.0093"
"99.0200","-49.6866","-0.0093"
"99.0400","-49.6966","-0.0093"
"99.0600","-49.7076","-0.0093"
"99.0800","-49.7185","-0.0093"
"99.1000","-49.7285","-0.0093"
"99.1200","-49.7379","-0.0094"
"99.1400","-49.7474","-0.0094"
"99.1600","-49.7577","-0.0094"
"99.1800","-49.7685","-0.0094"
"99.2000","-49.7784","-0.0094"
"99.2200","-49.7876","-0.0094"
"99.2400","-49.7969","-0.0094"
"99.2600","-49.8069","-0.0095"
"99.2800","-49.8178","-0.0095"
"99.3000","-49.8282","-0.0095"
"99.3200","-49.8375","-0.0095"
"99.3400","-49.8467","-0.0095"
"99.3600","-49.8565","-0.0095"
"99.3800","-49.8672","-0.0096"
"99.4000","-49.8780","-0.0096"
"99.4200","-49.8880","-0.0096"
"99.4400","-49.8975","-0.0096"
"99.4600","-49.9072","-0.0096"
"99.4800","-49.9177","-0.0096"
"99.5000","-49.9286","-0.0097"
"99.5200","-49.9389","-0.0097"
"99.5400","-49.9482","-0.0097"
"99.5600","-49.9571","-0.0097"
"99.5800","-49.9666","-0.0097"
"99.6000","-49.9772","-0.0097"
"99.6200","-49.9878","-0.0098"
"99.6400","-49.9975","-0.0098"
"99.6600","-50.0068","-0.0098"
"99.6800","-50.0166","-0.0098"
"99.7000","-50.0275","-0.0098"
"99.7200","-50.0388","-0.0098"
"99.7400","-50.0487","-0.0098"
"99.7600","-50.0578","-0.0099"
"99.7800","-50.0671","-0.0099"
"99.8000","-50.0773","-0.0099"
"99.8200","-50.0882","-0.0099"
"99.8400","-50.0986","-0.0099"
"99.8600","-50.1080","-0.0099"
"99.8800","-50.1172","-0.0099"
"99.9000","-50.1269","-0.0100"
"99.9200","-50.1374","-0.0100"
"99.9400","-50.1480","-0.0100"
"99.9600","-50.1577","-0.0100"
"99.9800","-50.1669","-0.0100"
"100.0000","-50.1763","-0.0100"
"100.0200","-50.1866","-0.0101"
"100.0400","-50.1979","-0.0101"
"100.0600","-50.2086","-0.0101"
"100.0800","-50.2183","-0.0101"
"100.1000","-50.2277","-0.0101"
"100.1200","-50.2377","-0.0101"
"100.1400","-50.2485","-0.0102"
"100.1600","-50.2588","-0.0102"
"100.1800","-50.2680","-0.0102"
"100.2000","-50.2769","-0.0102"
"100.2200","-50.2864","-0.0102"
"100.2400","-50.2970","-0.0102"
"100.2600","-50.3078","-0.0102"
"100.2800","-50.3177","-0.0103"
"100.3000","-50.3271","-0.0103"
"100.3200","-50.3368","-0.0103"
"100.3400","-50.3471","-0.0103"
"100.3600","-50.3582","-0.0103"
"100.3800","-50.3686","-0.0103"
"100.4000","-50.3782","-0.0104"
"100.4200","-50.3876","-0.0104"
"100.4400","-50.3973","-0.0104"
"100.4600","-50.4081","-0.0104"
"100.4800","-50.4188","-0.0104"
"100.5000","-50.4284","-0.0104"
"100.5200","-50.4374","-0.0104"
"100.5400","-50.4468","-0.0105"
"100.5600","-50.4571","-0.0105"
"100.5800","-50.4681","-0.0105"
"100.6000","-50.4781","-0.0105"
"100.6200","-50.4872","-0.0105"
"100.6400","-50.4965","-0.0105"
"100.6600","-50.5066","-0.0106"
"100.6800","-50.5176","-0.0106"
"100.7000","-50.5284","-0.0106"
"100.7200","-50.5383","-0.0106"
"100.7400","-50.5478","-0.0106"
"100.7600","-50.5576","-0.0106"
"100.7800","-50.5679","-0.0107"
"100.8000","-50.5784","-0.0107"
"100.8200","-50.5882","-0.0107"
"100.8400","-50.5974","-0.0107"
"100.8600","-50.6066","-0.0107"
"100.8800","-50.6166","-0.0107"
"100.9000","-50.6276","-0.0107"
"100.9200","-50.6381","-0.0108"
"100.9400","-50.6477","-0.0108"
"100.9600","-50.6570","-0.0108"
"100.9800","-50.6668","-0.0108"
"101.0000","-50.6776","-0.0108"
"101.0200","-50.6884","-0.0108"
"101.0400","-50.6982","-0.0109"
"101.0600","-50.7076","-0.0109"
"101.0800","-50.7173","-0.0109"
"101.1000","-50.7280","-0.0109"
"101.1200","-50.7388","-0.0109"
"101.1400","-50.7486","-0.0109"
"101.1600","-50.7577","-0.0109"
"101.1800","-50.7668","-0.0110"
"101.2000","-50.7765","-0.0110"
"101.2200","-50.7871","-0.0110"
"101.2400","-50.7977","-0.0110"
"101.2600","-50.8074","-0.0110"
"101.2800","-50.8169","-0.0110"
"101.3000","-50.8267","-0.0110"
"101.3200","-50.8374","-0.0111"
"101.3400","-50.8485","-0.0111"
"101.3600","-50.8585","-0.0111"
"101.3800","-50.8677","-0.0111"
"101.4000","-50.8770","-0.0111"
"101.4200","-50.8874","-0.0111"
"101.4400","-50.8985","-0.0112"
"101.4600","-50.9087","-0.0112"
"101.4800","-50.9178","-0.0112"
"101.5000","-50.9268","-0.0112"
"101.5200","-50.9365","-0.0112"
"101.5400","-50.9471","-0.0112"
"101.5600","-50.9576","-0.0112"
"101.5800","-50.9673","-0.0113"
"101.6000","-50.9766","-0.0113"
"101.6200","-50.9864","-0.0113"
"101.6400","-50.9971","-0.0113"
"101.6600","-51.0082","-0.0113"
"101.6800","-51.0186","-0.0113"
"101.7000","-51.0283","-0.0114"
"101.7200","-51.0377","-0.0114"
"101.7400","-51.0477","-0.0114"
"101.7600","-51.0584","-0.0114"
"101.7800","-51.0686","-0.0114"
"101.8000","-51.0779","-0.0114"
"101.8200","-51.0869","-0.0114"
"101.8400","-51.0964","-0.0115"
"101.8600","-51.1070","-0.0115"
"101.8800","-51.1179","-0.0115"
"101.9000","-51.1278","-0.0115"
"101.9200","-51.1371","-0.0115"
"101.9400","-51.1468","-0.0115"
"101.9600","-51.1573","-0.0116"
"101.9800","-51.1683","-0.0116"
"102.0000","-51.1786","-0.0116"
"102.0200","-51.1880","-0.0116"
"102.0400","-51.1973","-0.0116"
"102.0600","-51.2071","-0.0116"
"102.0800","-51.2179","-0.0117"
"102.1000","-51.2286","-0.0117"
"102.1200","-51.2384","-0.0117"
"102.1400","-51.2474","-0.0117"
"102.1600","-51.2565","-0.0117"
"102.1800","-51.2665","-0.0117"
"102.2000","-51.2773","-0.0117"
"102.2200","-51.2876","-0.0118"
"102.2400","-51.2970","-0.0118"
"102.2600","-51.3064","-0.0118"
"102.2800","-51.3167","-0.0118"
"102.3000","-51.3279","-0.0118"
"102.3200","-51.3387","-0.0118"
"102.3400","-51.3483","-0.0118"
"102.3600","-51.3575","-0.0119"
"102.3800","-51.3673","-0.0119"
"102.4000","-51.3780","-0.0119"
"102.4200","-51.3886","-0.0119"
"102.4400","-51.3981","-0.0119"
"102.4600","-51.4073","-0.0119"
"102.4800","-51.4167","-0.0119"
"102.5000","-51.4269","-0.0120"
"102.5200","-51.4378","-0.0120"
"102.5400","-51.4481","-0.0120"
"102.5600","-51.4575","-0.0120"
"102.5800","-51.4667","-0.0120"
"102.6000","-51.4765","-0.0120"
"102.6200","-51.4874","-0.0121"
"102.6400","-51.4984","-0.0121"
"102.6600","-51.5083","-0.0121"
"102.6800","-51.5176","-0.0121"
"102.7000","-51.5273","-0.0121"
"102.7200","-51.5380","-0.0121"
"102.7400","-51.5487","-0.0122"
"102.7600","-51.5583","-0.0122"
"102.7800","-51.5672","-0.0122"
"102.8000","-51.5763","-0.0122"
"102.8200","-51.5864","-0.0122"
"102.8400","-51.5974","-0.0122"
"102.8600","-51.6080","-0.0122"
"102.8800","-51.6176","-0.0123"
"102.9000","-51.6270","-0.0123"
"102.9200","-51.6368","-0.0123"
"102.9400","-51.6475","-0.0123"
"102.9600","-51.6582","-0.0123"
"102.9800","-51.6681","-0.0123"
"103.0000","-51.6774","-0.0123"
"103.0200","-51.6870","-0.0123"
"103.0400","-51.6975","-0.0124"
"103.0600","-51.7086","-0.0124"
"103.0800","-51.7187","-0.0124"
"103.1000","-51.7278","-0.0124"
"103.1200","-51.7369","-0.0124"
"103.1400","-51.7466","-0.0124"
"103.1600","-51.7573","-0.0124"
"103.1800","-51.7678","-0.0125"
"103.2000","-51.7774","-0.0125"
"103.2200","-51.7867","-0.0125"
"103.2400","-51.7966","-0.0125"
"103.2600","-51.8074","-0.0125"
"103.2800","-51.8185","-0.0125"
"103.3000","-51.8285","-0.0126"
"103.3200","-51.8380","-0.0126"
"103.3400","-51.8476","-0.0126"
"103.3600","-51.8577","-0.0126"
"103.3800","-51.8683","-0.0126"
"103.4000","-51.8784","-0.0126"
"103.4200","-51.8876","-0.0126"
"103.4400","-51.8967","-0.0126"
"103.4600","-51.9064","-0.0127"
"103.4800","-51.9171","-0.0127"
"103.5000","-51.9280","-0.0127"
"103.5200","-51.9378","-0.0127"
"103.5400","-51.9471","-0.0127"
"103.5600","-51.9566","-0.0127"
"103.5800","-51.9671","-0.0128"
"103.6000","-51.9782","-0.0128"
"103.6200","-51.9884","-0.0128"
"103.6400","-51.9977","-0.0128"
"103.6600","-52.0072","-0.0128"
"103.6800","-52.0175","-0.0128"
"103.7000","-52.0285","-0.0128"
"103.7200","-52.0388","-0.0129"
"103.7400","-52.0481","-0.0129"
"103.7600","-52.0573","-0.0129"
"103.7800","-52.0668","-0.0129"
"103.8000","-52.0771","-0.0129"
"103.8200","-52.0878","-0.0129"
"103.8400","-52.0976","-0.0129"
"103.8600","-52.1069","-0.0129"
"103.8800","-52.1163","-0.0130"
"103.9000","-52.1267","-0.0130"
"103.9200","-52.1381","-0.0130"
"103.9400","-52.1489","-0.0130"
"103.9600","-52.1583","-0.0130"
"103.9800","-52.1675","-0.0130"
"104.0000","-52.1773","-0.0130"
"104.0200","-52.1880","-0.0131"
"104.0400","-52.1986","-0.0131"
"104.0600","-52.2080","-0.0131"
"104.0800","-52.2170","-0.0131"
"104.1000","-52.2266","-0.0131"
"104.1200","-52.2372","-0.0131"
"104.1400","-52.2482","-0.0131"
"104.1600","-52.2583","-0.0131"
"104.1800","-52.2675","-0.0132"
"104.2000","-52.2769","-0.0132"
"104.2200","-52.2870","-0.0132"
"104.2400","-52.2980","-0.0132"
"104.2600","-52.3086","-0.0132"
"104.2800","-52.3184","-0.0132"
"104.3000","-52.3278","-0.0132"
"104.3200","-52.3376","-0.0132"
"104.3400","-52.3483","-0.0132"
"104.3600","-52.3589","-0.0133"
"104.3800","-52.3684","-0.0133"
"104.4000","-52.3772","-0.0133"
"104.4200","-52.3865","-0.0133"
"104.4400","-52.3969","-0.0133"
"104.4600","-52.4080","-0.0133"
"104.4800","-52.4183","-0.0133"
"104.5000","-52.4276","-0.0133"
"104.5200","-52.4369","-0.0133"
"104.5400","-52.4469","-0.0133"
"104.5600","-52.4578","-0.0133"
"104.5800","-52.4684","-0.0133"
"104.6000","-52.4781","-0.0133"
"104.6200","-52.4874","-0.0133"
"104.6400","-52.4971","-0.0133"
"104.6600","-52.5076","-0.0133"
"104.6800","-52.5184","-0.0133"
"104.7000","-52.5284","-0.0133"
"104.7200","-52.5377","-0.0132"
"104.7400","-52.5468","-0.0132"
"104.7600","-52.5567","-0.0131"
"104.7800","-52.5674","-0.0131"
"104.8000","-52.5779","-0.0130"
"104.8200","-52.5875","-0.0130"
"104.8400","-52.5968","-0.0130"
"104.8600","-52.6066","-0.0131"
"104.8800","-52.6175","-0.0131"
"104.9000","-52.6285","-0.0131"
"104.9200","-52.6385","-0.0131"
"104.9400","-52.6479","-0.0131"
"104.9600","-52.6575","-0.0131"
"104.9800","-52.6679","-0.0132"
"105.0000","-52.6786","-0.0132"
"105.0200","-52.6884","-0.0132"
"105.0400","-52.6976","-0.0132"
"105.0600","-52.7069","-0.0132"
"105.0800","-52.7168","-0.0133"
"105.1000","-52.7277","-0.0133"
"105.1200","-52.7384","-0.0133"
"105.1400","-52.7481","-0.0133"
"105.1600","-52.7573","-0.0133"
"105.1800","-52.7667","-0.0134"
"105.2000","-52.7772","-0.0134"
"105.2200","-52.7882","-0.0134"
"105.2400","-52.7983","-0.0134"
"105.2600","-52.8075","-0.0134"
"105.2800","-52.8170","-0.0135"
"105.3000","-52.8273","-0.0135"
"105.3200","-52.8386","-0.0135"
"105.3400","-52.8490","-0.0135"
"105.3600","-52.8582","-0.0135"
"105.3800","-52.8671","-0.0136"
"105.4000","-52.8766","-0.0136"
"105.4200","-52.8872","-0.0136"
"105.4400","-52.8978","-0.0136"
"105.4600","-52.9076","-0.0136"
"105.4800","-52.9169","-0.0137"
"105.5000","-52.9267","-0.0137"
"105.5200","-52.9373","-0.0137"
"105.5400","-52.9484","-0.0137"
"105.5600","-52.9587","-0.0137"
"105.5800","-52.9680","-0.0138"
"105.6000","-52.9772","-0.0138"
"105.6200","-52.9869","-0.0138"
"105.6400","-52.9977","-0.0138"
"105.6600","-53.0085","-0.0139"
"105.6800","-53.0182","-0.0139"
"105.7000","-53.0274","-0.0139"
"105.7200","-53.0370","-0.0139"
"105.7400","-53.0475","-0.0139"
"105.7600","-53.0581","-0.0139"
"105.7800","-53.0677","-0.0140"
"105.8000","-53.0768","-0.0140"
"105.8200","-53.0864","-0.0140"
"105.8400","-53.0968","-0.0140"
"105.8600","-53.1078","-0.0140"
"105.8800","-53.1184","-0.0141"
"105.9000","-53.1282","-0.0141"
"105.9200","-53.1379","-0.0141"
"105.9400","-53.1478","-0.0141"
"105.9600","-53.1581","-0.0142"
"105.9800","-53.1684","-0.0142"
"106.0000","-53.1778","-0.0142"
"106.0200","-53.1869","-0.0142"
"106.0400","-53.1962","-0.0142"
"106.0600","-53.2064","-0.0143"
"106.0800","-53.2176","-0.0143"
"106.1000","-53.2280","-0.0143"
"106.1200","-53.2374","-0.0143"
"106.1400","-53.2466","-0.0143"
"106.1600","-53.2565","-0.0144"
"106.1800","-53.2675","-0.0144"
"106.2000","-53.2782","-0.0144"
"106.2200","-53.2878","-0.0144"
"106.2400","-53.2972","-0.0144"
"106.2600","-53.3072","-0.0145"
"106.2800","-53.3179","-0.0145"
"106.3000","-53.3287","-0.0145"
"106.3200","-53.3385","-0.0145"
"106.3400","-53.3477","-0.0145"
"106.3600","-53.3570","-0.0146"
"106.3800","-53.3669","-0.0146"
"106.4000","-53.3775","-0.0146"
"106.4200","-53.3879","-0.0146"
"106.4400","-53.3974","-0.0147"
"106.4600","-53.4068","-0.0147"
"106.4800","-53.4167","-0.0147"
"106.5000","-53.4277","-0.0147"
"106.5200","-53.4387","-0.0147"
"106.5400","-53.4486","-0.0148"
"106.5600","-53.4577","-0.0148"
"106.5800","-53.4672","-0.0148"
"106.6000","-53.4775","-0.0148"
"106.6200","-53.4883","-0.0148"
"106.6400","-53.4982","-0.0149"
"106.6600","-53.5073","-0.0149"
"106.6800","-53.5165","-0.0149"
"106.7000","-53.5266","-0.0149"
"106.7200","-53.5374","-0.0149"
"106.7400","-53.5479","-0.0150"
"106.7600","-53.5573","-0.0150"
"106.7800","-53.5666","-0.0150"
"106.8000","-53.5765","-0.0150"
"106.8200","-53.5873","-0.0150"
"106.8400","-53.5983","-0.0151"
"106.8600","-53.6085","-0.0151"
"106.8800","-53.6179","-0.0151"
"106.9000","-53.6273","-0.0151"
"106.9200","-53.6376","-0.0151"
"106.9400","-53.6486","-0.0152"
"106.9600","-53.6589","-0.0152"
"106.9800","-53.6681","-0.0152"
"107.0000","-53.6769","-0.0152"
"107.0200","-53.6865","-0.0152"
"107.0400","-53.6972","-0.0153"
"107.0600","-53.7079","-0.0153"
"107.0800","-53.7175","-0.0153"
"107.1000","-53.7266","-0.0153"
"107.1200","-53.7364","-0.0153"
"107.1400","-53.7471","-0.0154"
"107.1600","-53.7582","-0.0154"
"107.1800","-53.7685","-0.0154"
"107.2000","-53.7779","-0.0154"
"107.2200","-53.7874","-0.0154"
"107.2400","-53.7975","-0.0155"
"107.2600","-53.8083","-0.0155"
"107.2800","-53.8186","-0.0155"
"107.3000","-53.8281","-0.0155"
"107.3200","-53.8371","-0.0155"
"107.3400","-53.8465","-0.0156"
"107.3600","-53.8571","-0.0156"
"107.3800","-53.8680","-0.0156"
"107.4000","-53.8778","-0.0156"
"107.4200","-53.8870","-0.0156"
"107.4400","-53.8964","-0.0157"
"107.4600","-53.9069","-0.0157"
"107.4800","-53.9182","-0.0157"
"107.5000","-53.9287","-0.0157"
"107.5200","-53.9381","-0.0158"
"107.5400","-53.9475","-0.0158"
"107.5600","-53.9572","-0.0158"
"107.5800","-53.9677","-0.0158"
"107.6000","-53.9778","-0.0158"
"107.6200","-53.9871","-0.0159"
"107.6400","-53.9963","-0.0159"
"107.6600","-54.0060","-0.0159"
"107.6800","-54.0165","-0.0159"
"107.7000","-54.0275","-0.0159"
"107.7200","-54.0377","-0.0160"
"107.7400","-54.0471","-0.0160"
"107.7600","-54.0564","-0.0160"
"107.7800","-54.0665","-0.0160"
"107.8000","-54.0775","-0.0160"
"107.8200","-54.0884","-0.0161"
"107.8400","-54.0982","-0.0161"
"107.8600","-54.1075","-0.0161"
"107.8800","-54.1173","-0.0161"
"107.9000","-54.1281","-0.0162"
"107.9200","-54.1389","-0.0162"
"107.9400","-54.1486","-0.0162"
"107.9600","-54.1575","-0.0162"
"107.9800","-54.1667","-0.0162"
"108.0000","-54.1769","-0.0163"
"108.0200","-54.1876","-0.0163"
"108.0400","-54.1977","-0.0163"
"108.0600","-54.2072","-0.0163"
"108.0800","-54.2166","-0.0163"
"108.1000","-54.2268","-0.0164"
"108.1200","-54.2380","-0.0164"
"108.1400","-54.2489","-0.0164"
"108.1600","-54.2586","-0.0164"
"108.1800","-54.2678","-0.0164"
"108.2000","-54.2772","-0.0165"
"108.2200","-54.2878","-0.0165"
"108.2400","-54.2987","-0.0165"
"108.2600","-54.3087","-0.0165"
"108.2800","-54.3178","-0.0165"
"108.3000","-54.3270","-0.0166"
"108.3200","-54.3370","-0.0166"
"108.3400","-54.3479","-0.0166"
"108.3600","-54.3582","-0.0166"
"108.3800","-54.3675","-0.0167"
"108.4000","-54.3768","-0.0167"
"108.4200","-54.3867","-0.0167"
"108.4400","-54.3976","-0.0167"
"108.4600","-54.4083","-0.0167"
"108.4800","-54.4182","-0.0168"
"108.5000","-54.4277","-0.0168"
"108.5200","-54.4375","-0.0168"
"108.5400","-54.4480","-0.0168"
"108.5600","-54.4587","-0.0169"
"108.5800","-54.4686","-0.0169"
"108.6000","-54.4777","-0.0169"
"108.6200","-54.4867","-0.0169"
"108.6400","-54.4963","-0.0169"
"108.6600","-54.5070","-0.0169"
"108.6800","-54.5177","-0.0170"
"108.7000","-54.5276","-0.0170"
"108.7200","-54.5369","-0.0170"
"108.7400","-54.5467","-0.0170"
"108.7600","-54.5575","-0.0170"
"108.7800","-54.5685","-0.0171"
"108.8000","-54.5785","-0.0171"
"108.8200","-54.5879","-0.0171"
"108.8400","-54.5975","-0.0171"
"108.8600","-54.6077","-0.0172"
"108.8800","-54.6185","-0.0172"
"108.9000","-54.6286","-0.0172"
"108.9200","-54.6379","-0.0172"
"108.9400","-54.6471","-0.0172"
"108.9600","-54.6566","-0.0173"
"108.9800","-54.6670","-0.0173"
"109.0000","-54.6775","-0.0173"
"109.0200","-54.6874","-0.0173"
"109.0400","-54.6968","-0.0173"
"109.0600","-54.7063","-0.0174"
"109.0800","-54.7168","-0.0174"
"109.1000","-54.7281","-0.0174"
"109.1200","-54.7386","-0.0174"
"109.1400","-54.7481","-0.0174"
"109.1600","-54.7574","-0.0175"
"109.1800","-54.7674","-0.0175"
"109.2000","-54.7782","-0.0175"
"109.2200","-54.7884","-0.0175"
"109.2400","-54.7976","-0.0176"
"109.2600","-54.8067","-0.0176"
"109.2800","-54.8164","-0.0176"
"109.3000","-54.8273","-0.0176"
"109.3200","-54.8382","-0.0176"
"109.3400","-54.8480","-0.0177"
"109.3600","-54.8572","-0.0177"
"109.3800","-54.8666","-0.0177"
"109.4000","-54.8768","-0.0177"
"109.4200","-54.8879","-0.0177"
"109.4400","-54.8985","-0.0178"
"109.4600","-54.9082","-0.0178"
"109.4800","-54.9177","-0.0178"
"109.5000","-54.9275","-0.0178"
"109.5200","-54.9383","-0.0179"
"109.5400","-54.9488","-0.0179"
"109.5600","-54.9583","-0.0179"
"109.5800","-54.9671","-0.0179"
"109.6000","-54.9763","-0.0179"
"109.6200","-54.9866","-0.0180"
"109.6400","-54.9976","-0.0180"
"109.6450","-55.0001","-0.0180"

