v -17.765417 2.179412 122.008286
v -15.370831 2.319889 121.249298
v -8.514177 2.111312 123.539597
v -5.318429 2.232102 122.750092
v 1.190402 2.222234 122.929047
v 4.365581 2.224654 122.846031
v 7.334688 2.209245 122.825493
v 12.155736 2.468250 120.513603
v 13.047334 2.128083 122.983627
v 18.858370 2.239474 121.383583
v 21.922894 2.233512 120.904961
v -34.057762 2.143992 118.800072
v -31.406378 2.187428 119.160034
v -23.321861 2.627420 117.744568
v -22.876423 2.206244 120.950294
v -20.387884 2.439978 119.594849
v -17.667103 2.593257 118.959038
v -15.105360 2.770236 118.134842
v -10.242191 2.778055 118.624672
v -7.881470 2.509950 120.586060
v -5.269271 2.714404 119.341110
v -2.429428 2.896804 118.286469
v 0.610406 2.978047 117.802879
v 5.728758 2.600493 120.048477
v 10.759643 2.912077 117.718025
v 14.081548 2.764813 118.309517
v 17.210175 2.658998 118.591698
v 20.350899 2.633642 118.261375
v 28.140936 2.172485 120.072243
v 34.171024 2.196020 118.339073
v -42.767246 2.197047 115.478821
v -39.818642 2.218588 116.346436
v -29.688358 2.579978 116.623375
v -26.671083 2.605208 117.160988
v -20.133284 2.866328 116.744606
v -17.328930 3.058397 116.032524
v -12.606255 3.037307 116.749992
v -7.599845 3.009392 117.357300
v -4.732033 3.224502 116.272881
v 1.495247 3.483663 114.945076
v 4.555633 3.531042 114.601646
v 7.225066 3.054125 117.095718
v 12.766122 3.283857 115.329735
v 15.775570 3.159771 115.667847
v 18.793652 3.077769 115.699150
v 23.327703 2.596649 117.960274
v 29.212538 2.500828 117.303329
v 37.157303 2.174029 117.619804
v 40.208855 2.174563 116.578781
v 43.389130 2.250760 114.795174
v -41.206364 2.594607 112.985336
v -37.826839 2.589979 114.158752
v -34.601517 2.725213 114.240395
v -27.737961 3.085660 113.813866
v -22.248838 3.159575 114.585312
v -19.333126 3.394408 113.778603
v -16.315390 3.592365 113.213036
v -12.929989 3.653517 113.325447
v -9.682705 3.917491 112.340775
v -7.166359 3.562337 114.283348
v -4.047788 3.774527 113.381401
v 7.170625 3.583616 114.166405
v 11.607458 3.875018 112.362846
v 14.532416 3.736829 112.706909
v 17.369141 3.613041 112.937019
v 29.884064 2.907212 114.373390
v 32.698681 2.988594 113.101929
v 40.549976 2.464646 114.145378
v 46.614502 2.198611 113.958275
v 49.534882 2.184077 112.864822
v -57.247913 2.188050 109.108757
v -51.510429 2.182931 112.012337
v -49.395176 2.466112 110.602501
v -46.725906 2.649551 110.406921
v -44.601620 2.440738 112.832230
v -40.874325 3.099060 109.711067
v -38.825901 2.912876 111.628914
v -29.887405 3.443473 111.178413
v -26.782639 3.725956 110.480118
v -23.618717 4.085201 109.433601
v -15.127926 4.166650 110.542786
v -6.463218 4.170864 111.353661
v -3.362979 4.392997 110.515419
v 4.403979 4.705503 109.165848
v 8.706302 4.020951 111.918785
v 10.364843 4.550343 109.418037
v 13.358399 4.387681 109.801369
v 19.939991 3.501303 113.106529
v 27.199369 3.773673 110.140503
v 29.889633 3.399369 111.432419
v 34.544407 3.250640 110.934616
v 40.065346 3.192449 109.428436
v 41.865307 2.710294 111.914612
v 44.731121 2.591935 111.638184
v 47.650654 2.544746 110.766273
v 50.208431 2.476913 110.155266
v 52.527554 2.190889 111.434784
v -60.019745 2.194149 107.552071
v -54.634083 2.540284 107.523697
v -51.883171 2.515567 109.093529
v -49.093201 2.846237 107.959160
v -46.140324 3.112857 107.514397
v -43.089561 3.364419 107.241493
v -40.083115 3.636761 106.856125
v -37.055283 3.913439 106.507202
v -28.936739 4.066949 108.212219
v -25.868258 4.404855 107.438133
v -20.459812 4.429763 108.478485
v -17.283857 4.679290 107.953583
v -14.021115 4.862804 107.678780
v -10.920846 5.087502 107.163307
v -8.776337 4.592026 109.366806
v -2.812349 5.120211 107.542656
v 7.366981 4.668327 109.159271
v 12.091846 5.117843 106.910095
v 15.174016 4.914795 107.318581
v 18.536137 4.801486 107.256409
v 21.645485 4.429278 108.240364
v 29.856050 4.007789 108.250908
v 38.037319 3.682769 107.362030
v 41.233753 3.652718 106.345978
v 42.957127 3.064640 109.117889
v 45.992767 2.957885 108.559471
v 49.121223 2.922372 107.445900
v 52.274403 2.569137 108.476494
v 60.079956 2.174061 107.699318
v 62.598011 2.201638 105.991150
v -68.451256 2.188823 102.431808
v -63.019424 2.180296 105.940720
v -60.344578 2.520406 104.601112
v -57.470470 2.543733 106.014885
v -54.884274 2.952283 104.386734
v -51.882450 2.926890 106.105225
v -48.831985 3.342793 104.880600
v -45.383049 3.634946 104.726204
v -42.254551 3.934224 104.426834
v -39.199394 4.247206 104.087784
v -33.096725 4.878268 103.357475
v -28.120665 4.745285 105.367805
v -25.198908 5.140390 104.517792
v -19.515537 5.255798 105.249504
v -7.279994 6.113676 103.773323
v -5.083049 5.676342 105.376686
v -2.366019 5.951032 104.537384
v 0.725387 6.060999 104.197266
v 3.997699 6.112647 103.952278
v 7.473436 6.210804 103.435005
v 10.885847 5.948032 104.018036
v 16.475214 6.269822 102.166527
v 19.004932 5.627208 103.983879
v 21.485718 5.128927 105.353577
v 24.349543 4.786928 106.135963
v 27.043331 5.167037 103.932274
v 36.001476 4.865005 102.421974
v 38.530430 4.204125 104.535004
v 41.339935 4.267737 103.142426
v 43.997147 3.854351 104.156136
v 46.707676 3.404203 105.468361
v 51.786472 3.019478 105.511185
v 54.597351 2.659147 106.652115
v 59.667789 2.531132 104.891075
v 65.170746 2.197666 104.485176
v -71.001389 2.174779 100.836487
v -65.841919 2.516008 101.279953
v -60.775528 2.870713 101.677322
v -57.818329 2.933415 102.922623
v -52.262981 3.357341 103.123520
v -50.016842 3.733344 102.034546
v -47.347187 3.945810 102.153809
v -44.366154 4.256148 101.918030
v -41.340080 4.594931 101.616379
v -38.288673 4.940406 101.287987
v -36.145691 4.559884 103.741623
v -27.449427 5.428874 102.798103
v -25.218599 5.940556 101.524414
v -19.861362 6.179420 101.866127
v -17.500462 5.954551 103.070488
v -14.788083 6.282082 102.364456
v -9.978587 5.931825 104.162094
v -5.069949 6.667783 102.080688
v -1.626471 6.781132 101.856285
v 1.612852 6.837088 101.689369
v 4.733747 6.895533 101.416397
v 14.000737 5.707990 104.476433
v 19.801132 6.428382 101.066750
v 26.443447 6.025926 100.890724
v 30.218847 4.741249 104.814178
v 38.943787 4.723435 101.978233
v 43.884350 4.455170 101.202164
v 46.782124 3.965279 102.308784
v 49.357418 3.480288 103.826111
v 55.365993 3.315879 101.747551
v 58.861557 3.014884 101.769005
v 62.144882 2.564468 103.176880
v 64.903839 2.552264 101.567558
v 70.223595 2.226874 100.881073
v -73.672592 2.149691 99.123299
v -71.164055 2.436015 98.291580
v -68.273232 2.590856 99.013084
v -65.006874 2.963535 98.326645
v -58.727509 3.301413 99.939690
v -55.336807 3.437403 101.002228
v -52.347378 3.876317 100.071953
v -49.425968 4.265269 99.514069
v -46.482307 4.599173 99.332367
v -43.491489 4.957584 99.085327
v -40.460762 5.338762 98.774269
v -37.393814 5.725213 98.466965
v -35.186832 5.296064 100.938568
v -34.237553 6.126175 98.170876
v -31.015459 6.561973 97.760071
v -25.340902 6.776762 98.687096
v -22.500856 6.509280 100.229950
v -19.736929 7.147128 98.807426
v -14.098988 7.267878 99.388580
v -10.774666 7.739928 98.477013
v -7.033960 7.628606 99.111916
v -3.660183 7.590120 99.388855
v -0.468077 7.641381 99.312920
v 2.506228 7.685232 99.164154
v 6.765248 8.299254 97.294426
v 12.451531 7.532048 98.853874
v 15.361646 7.220626 99.341385
v 17.960087 6.997381 99.572571
v 20.549212 7.307355 98.153336
v 23.160570 6.519088 100.033295
v 28.989317 6.492018 98.589485
v 32.015106 6.083870 99.050636
v 35.105980 5.695029 99.418709
v 38.131683 5.358494 99.606552
v 41.103413 4.946556 100.134834
v 46.422565 4.599092 99.359306
v 49.690586 4.105495 100.212189
v 56.553677 3.625250 99.183952
v 59.524513 3.413921 98.732147
v 61.977551 2.937934 100.447845
v 64.677101 2.943780 98.683640
v 72.807991 2.250216 98.810120
v -76.001610 2.184200 97.031364
v -73.223198 2.487264 96.302658
v -70.098534 2.796562 96.060272
v -66.917664 3.119056 95.902145
v -63.293148 3.551087 95.518745
v -57.140072 4.236308 95.446426
v -54.601402 4.075749 97.779160
v -51.758835 4.504987 97.147034
v -48.748631 4.913449 96.789482
v -45.720211 5.315090 96.544868
v -42.680935 5.738633 96.246666
v -39.622383 6.190704 95.875603
v -36.525333 6.609378 95.672256
v -33.314404 7.035560 95.447586
v -27.973976 7.082088 96.983681
v -25.059320 7.735740 95.850113
v -19.660326 8.187654 95.842842
v -16.868645 7.772082 97.520554
v -13.944701 8.331523 96.433784
v -11.323183 8.979277 95.121597
v -8.398749 8.594786 96.385735
v -5.177791 8.526948 96.780159
v 5.679889 9.376274 94.642891
v 14.791865 8.229815 96.572670
v 23.249517 7.560688 96.783623
v 25.897213 7.836837 95.328758
v 31.446947 7.018644 96.113426
v 34.477676 6.573441 96.522850
v 37.550995 6.155538 96.825996
v 40.643906 5.716013 97.209007
v 43.451416 5.178378 98.168266
v 45.661800 5.286953 96.685738
v 48.461830 4.882948 97.070793
v 51.468708 4.549786 97.083900
v 54.640545 4.268871 96.732506
v 57.708279 4.000808 96.381371
v 62.123753 3.279488 97.991600
v 63.725540 3.425870 96.005028
v 69.806313 3.004267 94.658081
v 75.460175 2.242254 96.852158
v 77.996170 2.197763 95.299736
v -80.901878 2.193191 92.877838
v -78.499359 2.199514 94.859200
v -75.540802 2.526391 94.147560
v -72.443016 2.880716 93.629890
v -69.264427 3.242530 93.344330
v -66.075867 3.642042 93.022751
v -63.083397 4.120726 92.282349
v -60.106602 4.181795 93.904381
v -56.969513 4.905108 92.241951
v -54.234047 4.728568 94.711273
v -51.133476 5.188293 94.329124
v -48.048786 5.647313 94.042755
v -45.004185 6.112355 93.756233
v -41.957432 6.614772 93.375587
v -38.809917 7.198938 92.822960
v -35.416485 7.528322 93.134674
v -32.368824 8.064893 92.653900
v -27.418150 8.127740 94.058510
v -22.362343 8.536970 94.295006
v -16.904055 8.867994 94.570587
v -14.173458 9.530583 93.366547
v -8.873806 9.756903 93.480087
v -3.506016 9.662706 94.047867
v 7.959886 10.099049 92.786308
v 14.110278 9.297729 93.932510
v 17.259249 8.917566 94.370789
v 20.599506 8.437839 94.957115
v 24.028477 8.554434 93.820847
v 30.834255 8.066678 93.193359
v 33.912624 7.538256 93.655571
v 36.977516 7.052780 94.010757
v 40.122608 6.564473 94.353447
v 43.440159 6.022683 94.828903
v 46.901600 5.722152 94.334923
v 50.035648 5.326901 94.334099
v 53.074738 4.975986 94.204163
v 56.115936 4.654372 93.946625
v 59.126221 4.340409 93.679085
v 60.660110 3.751970 95.994133
v 65.050652 3.652333 93.676025
v 72.624237 2.614856 95.669014
v 78.008125 2.465447 92.694839
v 80.568138 2.158750 93.525871
v 82.862724 2.167095 91.391678
v -83.059723 2.489665 87.947723
v -77.941101 2.550956 91.958038
v -74.871025 2.929645 91.302444
v -71.726616 3.326767 90.873291
v -68.635643 3.741625 90.502892
v -65.723015 4.194238 90.013939
v -60.272644 4.710159 91.064125
v -53.534752 5.444864 91.886108
v -50.392826 5.957110 91.576691
v -47.378044 6.464527 91.282867
v -44.441807 6.989707 90.929390
v -41.612793 7.568170 90.424286
v -39.134617 8.257998 89.465034
v -36.915314 8.057712 90.957817
v -34.347614 8.591784 90.452942
v -29.453268 8.678367 91.935898
v -26.436897 9.285667 91.265388
v -22.957392 9.728528 91.112816
v -19.859900 10.588636 89.856323
v -17.023296 10.078636 91.591873
v -14.246570 10.823558 90.382484
v -11.455839 11.587062 89.147354
v -8.816897 11.003367 90.678452
v -3.407966 10.999430 91.043175
v -0.645938 10.411169 92.418556
v 2.052044 11.034902 91.012596
v 7.340359 11.291673 90.214592
v 13.294175 10.426855 91.407097
v 16.370205 10.068804 91.741356
v 22.107899 9.360548 92.247894
v 24.794558 9.593642 90.967117
v 27.533207 8.646415 92.622879
v 30.491821 9.159032 90.338394
v 33.466984 8.581203 90.823708
v 36.450832 8.041880 91.192940
v 39.457752 7.522979 91.511955
v 42.498447 7.005631 91.812019
v 45.553894 6.566196 91.842735
v 48.693512 6.165857 91.691124
v 51.733150 5.765420 91.599312
v 54.726601 5.384316 91.442375
v 60.696548 4.645871 91.101555
v 63.635910 4.267462 91.072159
v 66.487961 3.900657 91.137161
v 69.327583 3.490650 91.610634
v 72.125000 3.062534 92.462585
v 76.933853 2.835723 90.337059
v 79.963936 2.498312 90.691673
v 85.146652 2.174924 89.169182
v -80.387672 2.554993 89.792374
v -77.360542 2.957647 88.964851
v -74.163727 3.388159 88.461761
v -71.056549 3.835811 88.011696
v -68.121231 4.310698 87.546471
v -65.370979 4.798026 87.031425
v -63.056664 4.681135 89.308304
v -58.317013 5.403126 89.108887
v -55.533966 5.769619 89.306602
v -52.597374 6.279044 89.079926
v -49.687744 6.812517 88.801552
v -46.845009 7.364671 88.465683
v -44.101620 7.960769 88.005714
v -41.505924 8.630716 87.314255
v -38.941803 9.384568 86.428246
v -36.563950 9.033531 88.374184
v -33.821285 9.744775 87.643234
v -30.946955 10.504745 86.867546
v -25.536961 10.458949 88.696892
v -22.458218 11.096256 88.098320
v -16.993689 11.405388 88.637558
v -11.190406 12.996119 86.354622
v -3.335333 12.351272 88.258568
v -0.709292 11.670268 89.716064
v 1.920404 12.370994 88.267105
v 7.063293 12.597115 87.572693
v 9.646578 12.007340 88.480370
v 11.718564 12.654967 86.948814
v 17.078945 12.229869 86.917618
v 21.865458 10.557327 89.453178
v 25.080717 10.723719 88.221199
v 30.483776 10.340263 87.410484
v 33.226925 9.696277 87.983582
v 36.073490 9.109811 88.374718
v 38.952652 8.553975 88.680763
v 41.841183 8.017557 88.934341
v 44.734436 7.514956 89.077980
v 47.664536 7.053988 89.071198
v 50.616444 6.610282 88.992203
v 56.479939 5.762995 88.757210
v 62.371723 4.927126 88.564377
v 68.287376 4.064269 88.825523
v 71.227829 3.612930 89.331390
v 76.078888 3.310864 87.374123
v 79.090630 2.894055 87.964508
v 82.154495 2.517308 88.530510
v -88.857300 2.206716 85.128029
v -86.210762 2.322643 86.582680
v -83.441345 2.753416 85.101753
v -80.026855 2.960153 86.550117
v -76.545692 3.432423 86.090874
v -73.372292 3.918612 85.567673
v -70.381416 4.431884 85.044487
v -67.544594 4.950581 84.565964
v -62.747890 5.307303 86.473785
v -60.040428 5.785993 86.281830
v -57.371841 6.187068 86.445686
v -54.666969 6.643349 86.449051
v -51.914818 7.168477 86.270737
v -49.175144 7.735124 85.987656
v -46.493523 8.348010 85.583588
v -43.894547 9.024711 85.015663
v -36.276394 10.170648 85.578232
v -33.535343 10.972162 84.798241
v -30.778904 11.808787 83.966644
v -22.368347 12.505286 85.149582
v -19.680016 12.022570 86.798553
v -16.837994 12.837097 85.735779
v -13.761370 13.629594 84.783752
v -10.780017 14.508388 83.597488
v -0.572175 14.262771 84.729813
v 1.874049 13.736606 85.658600
v 4.476450 13.180632 86.623810
v 9.599930 13.318745 85.916496
v 14.288041 12.565854 86.743668
v 18.569210 13.044090 84.978348
v 21.280411 13.062313 84.296700
v 25.579136 11.821141 85.651550
v 27.607695 12.373610 83.850922
v 30.365314 11.608732 84.549675
v 33.065018 10.903352 85.131111
v 35.814350 10.256558 85.557930
v 38.600792 9.650638 85.869110
v 41.393513 9.073511 86.110107
v 44.181114 8.526637 86.282501
v 46.976040 8.007364 86.363060
v 49.790432 7.512838 86.359482
v 52.621243 7.033838 86.304672
v 55.465324 6.565283 86.222496
v 58.333618 6.102048 86.132874
v 61.235432 5.642635 86.068352
v 64.173950 5.175319 86.064705
v 67.155632 4.698184 86.175400
v 70.170090 4.215022 86.439194
v 73.163765 3.754079 86.827744
v 78.349403 3.338165 85.137894
v 81.375252 2.909715 85.731850
v 84.406090 2.529697 86.263054
v 87.414742 2.182416 86.858025
v -91.021950 2.141798 83.572037
v -86.370667 2.624549 83.368073
v -83.652313 3.082052 82.030434
v -81.252716 3.163373 83.759735
v -78.583321 3.514194 83.641373
v -75.559204 3.994500 83.158188
v -72.550316 4.543111 82.561745
v -69.613632 5.115335 82.015373
v -64.823349 5.454733 84.235382
v -62.110779 5.994697 83.909798
v -59.484051 6.513416 83.711189
v -56.808708 7.003918 83.722939
v -54.136299 7.524532 83.667419
v -51.480366 8.094117 83.477356
v -48.857628 8.716012 83.147430
v -46.286858 9.405693 82.663589
v -43.755878 10.162808 82.034492
v -41.339756 9.769915 84.288918
v -38.754829 10.569586 83.491768
v -36.111149 11.415700 82.698273
v -33.450417 12.298139 81.875244
v -28.257139 12.754925 82.854355
v -25.421570 12.654024 83.984367
v -16.287302 14.261637 83.141388
v -13.228013 15.164728 82.084267
v -10.425221 16.138153 80.812294
v -7.846369 15.401981 82.358849
v 1.400662 15.131712 83.174431
v 4.371672 14.587790 84.044006
v 7.104406 13.987429 84.936241
v 10.002325 14.689192 83.360336
v 13.133458 15.086895 82.233681
v 16.279331 15.337017 81.226097
v 18.816122 14.229997 82.668770
v 24.433920 13.113748 83.333191
v 30.052814 12.947025 81.818825
v 32.807144 12.199875 82.333946
v 35.558605 11.488085 82.765778
v 38.318008 10.820704 83.088280
v 41.071453 10.188983 83.327774
v 43.804863 9.587156 83.507278
v 46.521294 9.014386 83.627647
v 49.234688 8.466059 83.684128
v 51.957989 7.936414 83.685745
v 54.700230 7.420183 83.651749
v 57.471478 6.911454 83.601845
v 60.284012 6.405056 83.556984
v 63.148010 5.898122 83.543114
v 66.069298 5.389961 83.593529
v 77.388329 3.872065 82.277603
v 80.609879 3.348630 82.923119
v 83.606110 2.929967 83.382446
v 86.633377 2.544291 83.882347
v 89.570351 2.202373 84.420921
v 91.878731 2.207104 81.861610
v -92.720093 2.189166 81.124306
v -89.337318 2.504876 81.402000
v -86.291039 2.974499 80.177032
v -83.282333 3.505708 79.029213
v -80.752510 3.578102 81.076294
v -77.792938 4.044606 80.743011
v -74.698044 4.620759 80.173920
v -71.750633 5.244068 79.479836
v -66.701927 5.693435 81.660561
v -64.148865 6.117938 81.831993
v -61.936085 6.696123 81.188225
v -59.181713 7.279048 81.053177
v -56.460922 7.842823 81.030121
v -53.819283 8.425588 80.932503
v -51.231979 9.056345 80.693268
v -48.690437 9.757942 80.290565
v -46.185760 10.530992 79.732071
v -43.686661 11.369257 79.069023
v -41.220413 10.977042 81.312439
v -38.643593 11.844143 80.555336
v -36.019451 12.763680 79.772110
v -33.338268 13.744699 78.917244
v -30.878670 13.227923 80.946800
v -28.568031 14.036583 80.188896
v -24.135736 15.275822 79.342621
v -18.163389 15.204853 81.045006
v -10.005873 17.853619 78.061516
v -7.483532 17.071432 79.615089
v -4.840170 16.257202 81.143822
v -1.941316 17.138996 79.824966
v 0.907682 18.058434 78.380615
v 4.065996 15.977430 81.656631
v 6.821857 16.766218 80.154175
v 10.318192 16.241241 80.647652
v 13.806519 16.567102 79.590813
v 19.393087 15.611781 80.058632
v 24.664829 14.617071 80.388756
v 29.637650 14.389597 79.116829
v 35.215038 12.806846 80.027618
v 38.010162 12.066176 80.358536
v 40.782578 11.368055 80.597885
v 43.517963 10.704027 80.774857
v 46.211552 10.067623 80.906059
v 48.874535 9.461843 80.995537
v 51.523972 8.880020 81.041794
v 54.176968 8.313456 81.051285
v 56.850510 7.758832 81.039062
v 59.560627 7.210656 81.020882
v 62.321686 6.664778 81.012878
v 65.141747 6.118978 81.034241
v 70.948174 5.049188 81.224770
v 74.133934 4.457134 81.623871
v 76.233551 4.492959 79.454231
v 79.499229 3.891726 80.105667
v 82.666725 3.395969 80.512527
v 85.759247 2.951313 80.967957
v 88.857491 2.553969 81.425743
v 94.122528 2.188537 79.504013
v -94.858757 2.182257 78.707581
v -91.768982 2.509091 78.611328
v -88.811134 2.901113 78.081345
v -85.964226 3.385972 77.061241
v -80.101349 4.111629 78.022263
v -76.873856 4.578254 78.339851
v -74.214882 5.295935 76.910461
v -68.545647 5.910927 79.129982
v -65.043839 6.598131 79.106659
v -61.843502 7.402263 78.582970
v -58.934937 8.077036 78.449539
v -56.230675 8.708332 78.380356
v -53.637962 9.357057 78.222481
v -51.110100 10.071211 77.903694
v -48.628109 10.861703 77.409935
v -41.154758 12.258679 78.354958
v -38.578979 13.205049 77.618309
v -35.968006 14.191179 76.856392
v -33.363258 15.192560 76.088768
v -30.428808 14.867065 77.915710
v -27.107340 15.317451 78.300941
v -22.282269 16.504322 77.747330
v -16.433237 16.748600 78.789955
v -14.994588 18.226782 76.664352
v -12.196370 18.469244 76.781349
v -4.598864 17.967136 78.401726
v -1.739185 18.842379 77.168640
v 6.457289 18.242500 77.824791
v 8.989478 17.577055 78.626251
v 11.669294 17.847645 77.837204
v 14.661929 18.135483 76.874794
v 16.985874 16.831339 78.525238
v 20.069281 17.083195 77.366463
v 25.350700 16.059870 77.577553
v 31.839012 15.105446 76.896072
v 34.766705 14.212976 77.349060
v 37.629852 13.387210 77.693527
v 40.457302 12.612760 77.934975
v 43.239258 11.878710 78.103897
v 45.962421 11.176302 78.229767
v 48.627151 10.502693 78.326759
v 51.248562 9.857888 78.396233
v 53.848213 9.239057 78.437958
v 56.446804 8.635576 78.456261
v 59.065842 8.043909 78.462601
v 61.725288 7.459637 78.467575
v 64.441124 6.880085 78.481178
v 67.218506 6.305815 78.514015
v 70.055946 5.738452 78.578949
v 78.388626 4.512832 77.213531
v 81.575409 3.931602 77.709793
v 84.769775 3.416223 78.139755
v 87.956947 2.951751 78.549980
v 91.149796 2.548306 78.906242
v -99.062363 2.177470 73.383102
v -97.083786 2.180591 75.985046
v -94.093552 2.483177 76.096252
v -91.187317 2.850953 75.774040
v -88.512466 3.288591 74.947250
v -83.142197 3.932194 76.027153
v -80.637268 4.516188 74.848358
v -77.642410 4.840760 76.015991
v -70.792915 6.019225 76.624985
v -67.495514 6.737402 76.442650
v -64.388443 7.477728 76.223106
v -61.450584 8.228102 75.974365
v -58.697281 8.925365 75.859261
v -56.078732 9.607753 75.746819
v -53.542965 10.339067 75.507118
v -51.072807 11.148639 75.073509
v -48.636875 12.034491 74.492577
v -46.160145 11.722753 76.792877
v -43.661438 12.643100 76.119125
v -41.110573 13.620556 75.417786
v -38.512726 14.650627 74.688164
v -35.886024 15.714087 73.940201
v -31.125597 16.167828 75.244736
v -28.469425 16.513603 75.680046
v -25.280333 16.895582 76.159233
v -22.612268 18.049109 75.071281
v -16.798790 19.695576 74.018585
v -13.319082 19.699709 74.718140
v -9.853726 19.805784 75.084129
v -4.219940 19.744707 75.702782
v -1.328838 20.591892 74.573753
v 1.078737 19.674459 75.919556
v 12.308356 19.648352 74.954079
v 15.641245 19.601723 74.404648
v 17.823252 18.340195 75.876373
v 20.813667 18.671047 74.579475
v 31.471228 16.653236 74.234680
v 34.336540 15.687861 74.715843
v 37.212250 14.778324 75.081764
v 40.078842 13.922814 75.337723
v 42.918316 13.111786 75.503639
v 45.702805 12.336709 75.615517
v 48.414410 11.592790 75.702812
v 51.055183 10.878309 75.775681
v 53.643620 10.193769 75.832359
v 56.204517 9.537462 75.871605
v 58.761398 8.898265 75.896057
v 61.339573 8.272202 75.913536
v 63.963440 7.655260 75.930115
v 66.654045 7.044810 75.951485
v 69.425125 6.439287 75.988182
v 72.304100 5.825272 76.099007
v 75.295906 5.162833 76.591705
v 80.707581 4.500910 74.865997
v 83.801117 3.924570 75.354767
v 86.947281 3.404411 75.807442
v 88.994659 3.399074 73.435760
v 90.168808 2.941909 76.109253
v 93.626167 2.519668 76.254387
v 96.609222 2.117420 77.372955
v -96.002518 2.508533 73.373299
v -93.353958 2.791357 73.683296
v -91.112099 3.175277 72.791344
v -88.403336 3.671328 71.900093
v -85.831421 3.801887 73.956238
v -83.238182 4.369849 72.899452
v -78.522514 5.108364 73.589859
v -75.830696 5.567125 73.924866
v -72.874710 6.148115 74.036530
v -69.788406 6.847558 73.880440
v -66.770294 7.591480 73.709892
v -63.900269 8.343820 73.519943
v -61.168797 9.083310 73.369568
v -58.547440 9.803844 73.270546
v -55.995476 10.553081 73.104973
v -53.520157 11.382295 72.735962
v -51.107868 12.298768 72.172409
v -48.680412 13.275599 71.551247
v -46.172279 12.980484 73.854141
v -43.645554 13.985623 73.196190
v -41.058533 15.051869 72.510406
v -33.229877 16.764769 73.257248
v -30.296028 17.621279 73.033722
v -27.292065 18.202667 73.234726
v -22.572342 19.737337 72.399628
v -19.680012 20.658657 71.838791
v -14.566800 20.843834 72.756767
v -11.706778 21.202919 72.747231
v -6.604175 20.707993 74.111107
v -0.594854 22.401152 71.992828
v 1.456308 21.338821 73.491905
v 3.984776 21.919090 72.563751
v 6.377674 21.364994 73.172813
v 11.437627 21.529825 72.318405
v 14.168298 21.076023 72.496620
v 16.762440 20.895260 72.220505
v 18.725962 19.906557 73.216675
v 23.598732 18.820326 73.510750
v 26.384661 18.961035 72.322197
v 28.826820 17.735264 73.437691
v 31.421623 18.269550 71.457024
v 34.074680 17.225714 72.052971
v 36.848934 16.238058 72.476326
v 39.686455 15.298750 72.776169
v 42.549503 14.405596 72.963486
v 45.393398 13.551963 73.069489
v 48.175636 12.732517 73.137764
v 50.874390 11.944355 73.197388
v 53.494122 11.188199 73.253868
v 56.056217 10.465070 73.301231
v 58.587486 9.772140 73.336815
v 61.115017 9.099274 73.362907
v 63.668686 8.440694 73.384605
v 66.279182 7.791252 73.406952
v 68.976318 7.145094 73.440018
v 71.785904 6.494018 73.518021
v 74.721046 5.817507 73.760696
v 77.687889 5.139441 74.292404
v 80.165871 5.076051 71.978989
v 83.123337 4.450148 72.509842
v 86.016701 3.887851 73.088089
v 91.924103 2.991680 73.519417
v 94.561058 2.677311 73.380234
v 96.917572 2.304624 74.612465
v 99.183807 2.218167 72.706230
v -100.895668 2.188230 70.743484
v -97.666763 2.545551 70.734245
v -94.192513 2.963527 70.864212
v -91.048988 3.494707 70.027969
v -85.761665 4.238290 70.839233
v -83.117126 4.864523 69.859291
v -80.700562 4.993534 71.869080
v -77.874931 5.646153 71.342522
v -74.953842 6.268871 71.332024
v -72.024269 6.945158 71.290962
v -69.117416 7.679304 71.171906
v -66.307419 8.436383 71.024811
v -63.616993 9.196709 70.882507
v -61.023804 9.953778 70.765350
v -58.491982 10.712249 70.667786
v -55.983959 11.546783 70.417938
v -53.563828 12.497422 69.874939
v -46.183109 14.301673 70.935074
v -43.631317 15.390710 70.304482
v -41.009174 16.546146 69.623322
v -38.399418 16.180861 71.778885
v -35.647640 17.335346 71.079781
v -32.615711 18.393522 70.700150
v -29.306059 19.278402 70.676895
v -25.773920 20.113228 70.723587
v -22.533712 21.436464 69.818535
v -16.878731 21.514715 71.279022
v -13.878986 22.322733 70.756126
v -10.835357 22.946856 70.405128
v -7.833307 23.704018 69.760231
v -5.702037 22.633730 71.438774
v -2.662621 23.500536 70.413170
v 2.413366 23.036709 71.066437
v 5.674332 23.207985 70.636803
v 10.773858 23.311935 69.910919
v 13.442789 22.779263 70.198990
v 16.210299 22.325182 70.257439
v 21.546085 20.542213 71.461006
v 26.397058 20.616306 69.691765
v 28.897177 19.402145 70.646996
v 33.960896 18.827898 69.334335
v 36.605408 17.769644 69.828644
v 39.345535 16.744396 70.199989
v 42.167698 15.763776 70.447449
v 45.031006 14.825495 70.578934
v 47.877239 13.925456 70.637108
v 50.654488 13.058969 70.672844
v 53.340698 12.225789 70.713226
v 55.943413 11.428967 70.756187
v 58.485126 10.669697 70.792847
v 60.994514 9.943226 70.823250
v 63.504753 9.237133 70.849586
v 66.052414 8.545281 70.875198
v 68.672195 7.859692 70.909637
v 71.397850 7.171389 70.978477
v 74.249054 6.469850 71.139992
v 77.195633 5.755875 71.482933
v 82.709885 4.971688 69.678619
v 85.662346 4.348016 70.197792
v 88.040245 3.839104 70.995033
v 90.644089 3.475399 70.719376
v 93.601906 3.044772 70.818657
v 96.593796 2.610043 71.425430
v 98.914444 2.524861 69.194916
v 102.191872 2.199532 68.653290
v -102.698654 2.187753 68.067200
v -99.538292 2.540275 68.100197
v -96.338593 2.941327 68.157967
v -93.314804 3.390715 67.943649
v -88.267365 4.081916 68.862907
v -85.688316 4.704383 67.737228
v -80.277260 5.549077 69.162361
v -77.303909 6.256303 68.834518
v -74.356537 6.976636 68.723625
v -71.487976 7.719306 68.632103
v -68.716789 8.485604 68.515289
v -66.051163 9.265973 68.384598
v -63.468258 10.060221 68.246315
v -60.945045 10.884579 68.064865
v -58.454494 11.672062 68.039131
v -55.930847 12.615553 67.693802
v -53.624454 13.701890 66.911064
v -51.174366 13.519423 69.223534
v -48.704910 14.578780 68.624245
v -46.187870 15.690004 68.034805
v -43.644669 16.848707 67.418854
v -40.894516 18.105846 66.777718
v -38.185589 17.825752 68.858841
v -35.106148 19.033077 68.399963
v -31.801378 20.055250 68.318321
v -28.482466 20.989456 68.298264
v -25.308662 22.061495 67.915001
v -22.059916 23.427275 67.039818
v -19.429581 22.437773 69.281860
v -15.348908 24.978762 66.714859
v -13.112595 23.974264 68.581421
v -7.064324 25.593586 67.281166
v -1.712067 25.468466 67.797905
v 1.462111 26.082153 66.996712
v 3.598369 24.706472 68.736427
v 9.797577 25.058279 67.653801
v 12.688816 24.533825 67.886154
v 18.399652 23.418097 68.136688
v 21.136709 22.726290 68.338806
v 26.177761 22.286173 67.226585
v 28.849237 21.070070 68.012627
v 31.396116 19.925734 68.721405
v 33.913288 20.472326 66.618919
v 36.480213 19.362585 67.126114
v 39.109962 18.265041 67.566475
v 41.831772 17.191223 67.901878
v 44.647903 16.162119 68.106674
v 47.513470 15.175240 68.192047
v 50.362267 14.225347 68.212837
v 53.136635 13.310310 68.224266
v 55.813862 12.433650 68.247169
v 58.404888 11.601189 68.269333
v 60.929485 10.810809 68.289528
v 63.421711 10.050838 68.319603
v 65.928574 9.309864 68.353455
v 68.487526 8.581845 68.390305
v 71.129906 7.857687 68.452950
v 73.883179 7.127001 68.581490
v 76.751472 6.387225 68.828827
v 79.707047 5.657040 69.211472
v 85.402359 4.800323 67.468277
v 88.746368 4.092907 68.168381
v 92.283417 3.526578 68.134850
v 95.593788 3.009382 68.497696
v -98.168861 2.940164 65.524666
v -95.084534 3.382567 65.525299
v -91.953400 3.904589 65.314758
v -88.546547 4.478652 65.559464
v -82.789482 5.398327 67.016869
v -79.797089 6.138285 66.539459
v -76.819458 6.908294 66.279999
v -73.930893 7.686068 66.135506
v -71.156815 8.475701 66.016495
v -68.489975 9.280917 65.889435
v -65.899300 10.108612 65.743698
v -63.320320 10.992565 65.538940
v -60.643166 12.020618 65.129547
v -58.035961 12.647065 65.813667
v -55.997372 13.784095 64.737717
v -51.205280 14.804100 66.280800
v -48.704514 15.946630 65.718880
v -46.238552 17.130861 65.107849
v -43.755909 18.317968 64.553940
v -37.820435 19.594877 65.966484
v -34.279339 20.754492 65.962280
v -31.100954 21.747736 65.953178
v -28.131178 22.731419 65.774300
v -25.302248 23.808756 65.330070
v -23.040625 24.975277 64.477516
v -20.378107 25.459059 64.684662
v -14.248999 26.764631 64.544518
v -0.871956 27.539652 65.083710
v 2.670924 27.820969 64.663048
v 8.435158 26.781025 65.533546
v 11.871041 26.295216 65.645927
v 14.840981 25.665436 65.893898
v 17.412731 24.915493 66.300476
v 23.569092 23.824625 65.937126
v 26.453098 23.670044 65.053734
v 28.846010 22.675566 65.539703
v 31.373663 21.585272 66.076607
v 36.432724 20.998690 64.402664
v 38.993027 19.845551 64.859802
v 41.602531 18.694935 65.278862
v 44.307022 17.566725 65.592674
v 47.115948 16.487457 65.764793
v 49.981232 15.447534 65.818268
v 52.830952 14.444921 65.815834
v 55.612003 13.482849 65.800041
v 58.302242 12.575461 65.764862
v 60.864685 11.724096 65.744720
v 63.375084 10.895165 65.773842
v 65.863403 10.095119 65.824806
v 68.384628 9.315189 65.876297
v 70.966820 8.550310 65.935104
v 73.632744 7.788393 66.041634
v 76.399101 7.023543 66.239822
v 79.270134 6.259155 66.560188
v 82.262093 5.513453 66.982689
v 87.876678 4.655899 65.219360
v 91.040054 4.044278 65.459953
v 94.302948 3.484130 65.677116
v 99.287079 2.956818 63.584339
v 102.424522 2.537509 63.716450
v 105.515709 2.201852 63.415150
v -105.860336 2.221930 62.514290
v -96.790337 3.370169 63.071289
v -93.778419 3.865235 63.018467
v -87.806297 5.063048 62.518948
v -85.380836 5.213394 64.839355
v -82.331245 5.970749 64.305031
v -79.340714 6.764623 63.944664
v -76.434692 7.575276 63.715847
v -73.639275 8.396149 63.555294
v -70.951965 9.231576 63.411892
v -68.348175 10.089833 63.252651
v -65.797318 10.992886 63.049675
v -63.291401 11.965656 62.718498
v -61.023746 13.059517 61.946552
v -58.495270 13.443149 63.350964
v -53.728451 14.967534 63.883331
v -51.221767 16.143469 63.354240
v -48.762783 17.368265 62.759373
v -41.126511 19.524637 64.080544
v -39.023884 20.708118 63.354061
v -36.437630 21.472292 63.614719
v -33.605675 22.478081 63.550972
v -30.817450 23.438408 63.472664
v -28.081932 24.452055 63.226883
v -25.402626 25.567945 62.741081
v -22.399767 26.781437 62.179283
v -15.892872 28.035761 62.452621
v -9.259385 28.581686 63.054474
v -6.363736 29.100952 62.740261
v -1.600299 29.648643 62.354351
v 0.976768 29.084438 63.082722
v 3.763323 29.746031 62.123882
v 8.693624 28.501534 63.239635
v 11.323951 28.015329 63.464859
v 14.477148 27.428137 63.602577
v 22.881685 25.913307 63.207443
v 25.740438 25.143913 63.203468
v 28.658688 24.319031 63.156067
v 31.301552 23.256746 63.514328
v 33.877209 22.139826 63.946922
v 38.963017 21.466928 62.111755
v 41.503590 20.256977 62.553139
v 44.081707 19.045704 62.976078
v 46.762657 17.864613 63.285255
v 49.549694 16.732914 63.443214
v 52.388435 15.643210 63.487720
v 55.196468 14.583876 63.517220
v 58.010521 13.649601 63.277065
v 60.609905 12.776483 63.104580
v 63.239166 11.814535 63.203938
v 65.794647 10.923937 63.264313
v 68.317635 10.072557 63.346912
v 70.871521 9.253939 63.418594
v 73.482330 8.452744 63.509079
v 76.166313 7.659333 63.667385
v 78.924202 6.872965 63.936657
v 81.759598 6.098773 64.339348
v 84.748665 5.351774 64.797386
v 93.108643 4.001324 62.858879
v 96.219109 3.449543 63.187992
v -104.290077 2.601673 59.738628
v -102.840492 2.570376 62.611374
v -98.100624 3.433926 60.376747
v -93.053612 4.316528 60.321968
v -90.173134 4.929525 60.000332
v -87.259514 5.616473 59.662331
v -84.821930 5.791444 62.038212
v -81.858131 6.581922 61.642963
v -78.958801 7.406009 61.352932
v -76.150826 8.250837 61.139435
v -73.439827 9.114711 60.961926
v -70.811508 10.004339 60.779903
v -68.250816 10.941119 60.551735
v -65.757286 11.932911 60.226135
v -63.381340 12.999393 59.698822
v -58.985889 14.237151 60.877476
v -56.372681 15.016325 61.451332
v -53.729279 16.323900 60.844269
v -51.296078 17.556076 60.315750
v -48.900860 18.827570 59.741531
v -46.358234 18.607491 62.154362
v -43.901836 19.811171 61.700520
v -41.443787 20.971615 61.335979
v -38.819889 22.100544 61.131287
v -36.159031 23.105755 61.120060
v -33.462109 24.095089 61.098309
v -30.782681 25.097868 60.984295
v -28.135099 26.141590 60.728859
v -25.501204 27.197081 60.374966
v -23.321552 28.232206 59.794586
v -20.684494 28.677715 60.144154
v -17.609415 29.359802 60.201550
v -14.353921 29.873783 60.385208
v -10.869820 30.190945 60.705502
v -4.439149 30.414549 61.231892
v 5.615987 31.030491 60.327114
v 7.124055 29.783266 61.785378
v 10.486770 29.926029 61.125278
v 17.190197 28.577084 61.380871
v 20.153082 28.782269 60.188782
v 22.707893 27.879953 60.528172
v 25.454342 26.900337 60.812790
v 28.310684 25.968618 60.896229
v 31.118301 24.937546 61.055271
v 33.796986 23.817778 61.350685
v 36.402828 22.657156 61.707638
v 41.502796 21.860243 59.763210
v 44.010368 20.585474 60.222420
v 46.547661 19.308502 60.678520
v 49.187740 18.076632 60.997406
v 51.911232 16.903822 61.162914
v 54.645683 15.781295 61.242676
v 57.149200 14.735514 61.399323
v 59.720329 14.145257 60.383636
v 62.727402 12.919419 60.603146
v 65.548309 11.851899 60.694809
v 68.197113 10.887025 60.789524
v 70.786324 9.983606 60.887287
v 73.386444 9.127015 60.978676
v 76.034309 8.293028 61.104435
v 78.735725 7.475887 61.312859
v 81.456108 6.683179 61.653896
v 84.151245 5.926455 62.168121
v 87.047112 5.218997 62.531578
v 88.943161 5.207491 59.894794
v 98.004631 3.422246 60.666714
v 100.929413 2.945597 61.134808
v 103.996368 2.550182 61.004230
v -109.094963 2.195173 57.157692
v -105.740639 2.630932 56.738976
v -102.404045 3.054415 57.250053
v -84.349968 6.382523 59.306358
v -81.476837 7.199661 59.000317
v -78.671150 8.053393 58.750732
v -75.944412 8.936625 58.537239
v -73.293732 9.852989 58.326519
v -70.714546 10.817420 58.077145
v -68.206909 11.837319 57.736744
v -65.781044 12.923738 57.263294
v -61.081326 14.173310 58.946236
v -58.552334 15.376592 58.497704
v -56.113743 16.522497 58.199444
v -53.725300 17.785002 57.668831
v -51.360809 19.042118 57.202259
v -46.449917 20.092302 59.275318
v -43.938354 21.305996 58.979588
v -41.376873 22.466198 58.803394
v -38.760120 23.579283 58.726753
v -36.106567 24.645193 58.702930
v -33.450661 25.694290 58.648735
v -30.803373 26.755402 58.505962
v -28.169706 27.831179 58.266430
v -25.557266 28.903143 57.939724
v -22.708847 29.835176 57.828381
v -19.667355 30.585777 57.921200
v -16.298496 31.372755 57.914635
v -12.602652 31.525024 58.620842
v -9.078104 31.980089 58.678215
v 3.336731 33.596062 57.212669
v 5.876518 32.606583 58.279629
v 10.946342 31.845720 58.542339
v 18.811028 30.383070 58.471054
v 22.291946 29.896008 57.913067
v 25.296669 28.703556 58.340221
v 28.128891 27.660627 58.529938
v 30.929846 26.608913 58.658104
v 33.673512 25.491653 58.835247
v 36.342979 24.319376 59.079205
v 38.952103 23.107079 59.384010
v 44.044029 22.167013 57.371830
v 46.508320 20.813784 57.887997
v 49.001202 19.467873 58.402302
v 51.588791 18.194809 58.737373
v 54.226406 16.985897 58.940132
v 56.573460 16.930798 56.816303
v 59.261795 15.511725 57.436916
v 62.053833 14.142215 57.990021
v 64.993210 12.909182 58.195484
v 67.871269 11.799861 58.249626
v 70.610374 10.776730 58.344444
v 73.270851 9.830014 58.442600
v 75.933609 8.936519 58.552269
v 78.638969 8.072641 58.706783
v 81.385994 7.233029 58.959171
v 84.111618 6.432449 59.366753
v 86.320023 5.760045 60.141533
v 102.000038 3.181237 56.463879
v 109.283997 2.132640 57.833595
v -110.871803 2.122404 54.923428
v -99.252777 3.500492 57.756756
v -97.676941 3.975210 55.729321
v -92.706642 4.725418 57.583721
v -86.842987 6.165299 56.909740
v -83.989891 6.966518 56.621254
v -81.191490 7.816222 56.362228
v -78.456604 8.707064 56.124989
v -75.788864 9.641004 55.887436
v -73.191223 10.626857 55.614285
v -70.667206 11.668022 55.261551
v -68.218376 12.773894 54.797680
v -63.415600 14.087424 56.660698
v -60.998550 15.325695 56.071060
v -58.525902 16.611458 55.561337
v -56.128109 17.918432 55.032825
v -48.949875 20.308830 56.809650
v -46.445408 21.564604 56.544392
v -43.906441 22.771715 56.405022
v -41.338150 23.938663 56.335167
v -38.731907 25.075460 56.306404
v -36.097565 26.193090 56.275215
v -33.442951 27.308435 56.197193
v -30.764021 28.433437 56.047661
v -28.041075 29.564030 55.834965
v -25.183691 30.644566 55.664665
v -22.167852 31.600775 55.617161
v -19.108547 32.443031 55.602505
v -16.241795 33.349770 55.301529
v -13.936016 32.714188 56.762611
v -13.187459 34.298496 54.857075
v -7.827931 33.823448 56.493240
v -4.803743 34.560257 55.880371
v -2.234895 33.555477 57.323265
v 0.733454 34.552597 56.084663
v 6.146311 34.337223 56.024776
v 11.469980 33.568329 56.191559
v 13.958487 32.227619 57.394611
v 17.225079 32.413071 56.251926
v 20.535086 31.758131 56.015060
v 23.266336 31.377550 55.459324
v 25.456692 30.380911 55.906391
v 28.117682 29.354099 56.098263
v 30.840910 28.281590 56.231117
v 33.565128 27.152828 56.359730
v 36.257637 25.972551 56.518196
v 38.906528 24.747070 56.722572
v 41.508549 23.480280 56.990242
v 46.596268 22.379416 54.928577
v 48.978439 20.934557 55.580460
v 51.449097 19.499569 56.192562
v 54.002697 18.210596 56.492607
v 58.942345 16.773867 54.728065
v 61.561394 15.383759 55.291138
v 64.373451 14.053433 55.650848
v 67.330589 12.816196 55.754906
v 70.243103 11.661621 55.823040
v 73.037445 10.600981 55.912491
v 75.780685 9.614457 56.002880
v 78.536995 8.690209 56.086449
v 81.292427 7.804945 56.274982
v 84.172783 6.911251 56.649296
v 87.271309 5.984519 57.333298
v 93.913284 4.501848 57.424580
v 96.990692 3.898329 57.636082
v 99.276443 3.770261 54.910259
v 107.087486 2.473465 56.543671
v -108.163475 2.468247 54.482986
v -105.757912 2.840154 53.764408
v -104.414185 3.223118 51.380058
v -100.361702 3.583178 54.916294
v -95.182220 4.509940 55.209011
v -92.273354 5.185204 54.795132
v -89.367531 5.919490 54.477791
v -86.514465 6.705934 54.206562
v -83.715942 7.545312 53.955757
v -80.973312 8.434089 53.711197
v -78.291542 9.376070 53.455479
v -75.676743 10.374851 53.161106
v -73.134445 11.431715 52.793560
v -70.664284 12.552982 52.330170
v -65.821472 13.951741 54.235516
v -63.419521 15.200156 53.651051
v -60.993240 16.500528 53.118126
v -58.603283 17.846729 52.558762
v -53.794960 19.220236 54.541042
v -51.383240 20.501471 54.230049
v -48.914478 21.755322 54.057999
v -46.417011 22.993761 53.951942
v -43.891041 24.204693 53.907452
v -41.328117 25.397562 53.890182
v -38.724064 26.579569 53.876804
v -36.077339 27.758490 53.839554
v -33.381050 28.944616 53.753399
v -30.618916 30.142715 53.607285
v -27.762480 31.330547 53.432899
v -24.780661 32.432018 53.329700
v -21.675014 33.465527 53.237980
v -18.620438 34.355946 53.171658
v -15.511165 35.131401 53.119377
v -12.424752 36.025505 52.733883
v -7.209351 35.766495 54.052494
v -1.827130 35.505604 54.835869
v 1.106177 36.419327 53.669899
v 9.259404 36.646481 52.558163
v 11.737711 35.282066 53.884270
v 14.389976 35.634171 52.760380
v 17.048904 34.454155 53.569164
v 19.810436 33.572701 53.823891
v 22.749813 32.925014 53.544712
v 25.580257 32.095428 53.427666
v 28.179409 31.071024 53.596371
v 30.823940 29.972342 53.745827
v 33.504841 28.814770 53.875660
v 36.183102 27.612635 53.994663
v 38.835884 26.373550 54.126568
v 41.459873 25.096539 54.293732
v 44.054646 23.767353 54.542744
v 49.238010 22.494764 52.348148
v 51.440239 20.803085 53.573292
v 53.933170 19.427563 53.965672
v 56.424679 18.126089 54.263130
v 61.321152 16.593525 52.500710
v 63.949627 15.220996 52.949635
v 66.776344 13.896199 53.202862
v 69.718437 12.636821 53.312576
v 72.624191 11.460522 53.395763
v 75.430695 10.371509 53.526768
v 78.282349 9.402764 53.356400
v 80.984200 8.501657 53.363461
v 83.825134 7.539713 53.815613
v 86.733414 6.634387 54.278717
v 89.712021 5.816799 54.586918
v 92.848358 5.064874 54.717552
v 96.035759 4.387023 54.806339
v 102.065437 3.387210 53.942329
v 106.847290 2.720768 53.326691
v 109.909302 2.235503 54.845333
v -110.427071 2.314914 52.413269
v -107.414589 2.758718 51.609379
v -101.470345 3.657740 52.003204
v -98.048477 4.202608 52.870171
v -94.870728 4.914407 52.395576
v -91.925484 5.642678 52.042252
v -89.059914 6.416067 51.767731
v -86.251358 7.242483 51.527672
v -83.495735 8.122806 51.288437
v -80.798294 9.064679 51.026138
v -78.165741 10.068206 50.716190
v -75.604332 11.133791 50.333752
v -73.112885 12.265353 49.864780
v -68.245384 13.744553 51.782848
v -65.837730 15.005239 51.205631
v -63.422367 16.325731 50.653484
v -61.031052 17.684566 50.120964
v -56.233051 19.231184 51.999935
v -53.826897 20.575926 51.649826
v -51.384830 21.860685 51.509361
v -48.916061 23.121635 51.457184
v -46.421902 24.370667 51.442696
v -43.897099 25.613565 51.443951
v -41.328327 26.852602 51.448193
v -38.708042 28.091625 51.441044
v -36.025181 29.336752 51.403614
v -33.264706 30.597395 51.314503
v -30.408102 31.879280 51.157978
v -27.459295 33.154633 50.952126
v -24.358149 34.241383 50.963638
v -20.963079 35.488037 50.711506
v -14.574040 36.730045 51.232937
v -6.736768 37.635986 51.641277
v -6.036209 39.177853 49.643185
v -3.799512 38.336456 51.005192
v 1.463611 38.257133 51.248806
v 4.344433 39.065491 49.988491
v 6.857081 37.973976 51.173992
v 11.968653 37.037167 51.492085
v 14.344042 37.196552 50.658604
v 16.775040 36.275551 51.190697
v 19.462101 35.380749 51.483398
v 22.309645 34.602734 51.406384
v 25.254133 33.802776 51.172256
v 28.083031 32.832043 51.093010
v 30.777697 31.703379 51.205719
v 33.457821 30.487398 51.359985
v 36.132450 29.241932 51.479103
v 38.780151 27.975534 51.573093
v 41.393478 26.685369 51.671268
v 43.988430 25.362362 51.805523
v 46.571316 23.970957 52.037258
v 51.830681 21.801239 51.169666
v 53.983646 20.603006 51.428730
v 56.380829 19.315578 51.652504
v 58.829338 17.973112 52.006516
v 63.718548 16.388880 50.108555
v 66.369698 15.009231 50.491898
v 69.189003 13.670748 50.727524
v 72.094185 12.400681 50.861320
v 74.945847 11.226814 50.964645
v 77.479774 10.202426 51.219574
v 80.161797 9.475261 50.164642
v 83.232178 8.309385 50.768467
v 86.199234 7.298185 51.278500
v 89.092926 6.422479 51.672726
v 92.006523 5.635036 51.957760
v 94.970497 4.919987 52.176323
v 98.070251 4.295392 51.982563
v 100.987602 3.783363 51.608368
v 104.086266 3.226407 51.970963
v 106.585037 2.996842 49.880894
v 108.914146 2.533082 51.964161
v 111.576477 2.198004 52.116993
v -112.256783 2.206559 50.428223
v -109.376328 2.626254 49.477165
v -106.251083 3.121838 48.863762
v -102.898079 3.693280 48.681770
v -99.950554 4.105694 50.194244
v -97.303543 4.667171 49.974888
v -94.461143 5.352290 49.603043
v -91.612038 6.102690 49.314205
v -88.795631 6.911516 49.081230
v -86.022820 7.778134 48.855804
v -83.305244 8.713120 48.599384
v -80.651794 9.713676 48.282608
v -78.069847 10.780895 47.886944
v -75.557411 11.916790 47.407215
v -70.673576 13.466984 49.321926
v -68.255852 14.736958 48.747276
v -65.844948 16.068529 48.186954
v -63.455376 17.443014 47.652004
v -58.679802 19.072710 49.593639
v -56.311214 20.467211 49.172638
v -53.875542 21.825054 48.974464
v -51.409889 23.135643 48.937672
v -48.935032 24.429394 48.946320
v -46.439705 25.720482 48.964676
v -43.908012 27.013479 48.984219
v -41.326611 28.307083 48.998539
v -38.683193 29.604628 48.997810
v -35.963123 30.912703 48.963036
v -33.150517 32.244999 48.863945
v -30.223915 33.626873 48.653839
v -27.141159 35.111111 48.254154
v -18.844095 37.391216 48.899685
v -15.258686 38.154716 49.072075
v -12.102928 39.591022 47.939106
v -3.659521 40.124020 48.585106
v 1.599394 40.019981 48.859547
v 7.311568 39.931347 48.450359
v 10.295327 39.867809 47.991035
v 12.812280 38.778107 48.908787
v 15.970113 38.046444 49.004398
v 18.870241 37.129257 49.257542
v 21.754745 36.308838 49.228279
v 24.735939 35.506317 48.974602
v 27.766222 34.614220 48.647121
v 30.615889 33.500252 48.606228
v 33.372749 32.181694 48.813129
v 36.085114 30.860405 48.957794
v 38.748264 29.546799 49.042305
v 41.361275 28.230425 49.098236
v 43.930447 26.903063 49.155888
v 46.464668 25.548626 49.250435
v 48.947113 24.197803 49.372272
v 51.408978 23.031641 49.143982
v 53.911205 21.826382 48.930752
v 56.345299 20.487646 49.088638
v 58.771408 19.160089 49.280365
v 61.216923 17.780674 49.653374
v 66.116760 16.132118 47.630711
v 68.780243 14.737117 47.995983
v 71.579147 13.388371 48.241364
v 74.460548 12.108222 48.406013
v 77.429367 10.832685 48.717159
v 82.630119 9.146818 47.597870
v 85.573868 8.028391 48.267807
v 88.522636 7.047669 48.704697
v 91.433456 6.183465 49.069450
v 94.280632 5.419365 49.407394
v 96.899452 4.773151 49.793823
v 99.793877 4.293088 48.576557
v 103.200073 3.612627 49.062763
v 109.904984 2.546676 49.603611
v 112.961121 2.192279 49.181679
v -114.136971 2.239497 45.306419
v -111.480743 2.471805 47.289852
v -108.514503 2.930248 46.550728
v -105.421387 3.462149 46.025101
v -99.931854 4.361874 47.604515
v -97.014290 5.043590 47.153717
v -94.162071 5.772055 46.844952
v -91.336945 6.559742 46.616322
v -88.546509 7.409397 46.412624
v -85.804214 8.329129 46.177090
v -83.125412 9.319611 45.866859
v -80.520714 10.381105 45.462849
v -77.987755 11.514511 44.968567
v -73.099083 13.123652 46.859310
v -70.670517 14.398829 46.280231
v -68.258453 15.736709 45.710373
v -65.868690 17.121910 45.168224
v -61.100769 18.845295 47.144730
v -58.746269 20.260254 46.724297
v -56.342327 21.660929 46.477234
v -53.893620 23.031996 46.406368
v -51.430889 24.377626 46.420883
v -48.957195 25.718279 46.451881
v -46.458134 27.061911 46.482029
v -43.920422 28.408352 46.509613
v -41.329975 29.754406 46.531227
v -38.675575 31.102888 46.536358
v -35.951088 32.459904 46.498730
v -33.165314 33.839603 46.369392
v -30.384781 35.265678 46.050648
v -27.933603 36.831699 45.204933
v -25.023579 37.025047 46.601795
v -22.830256 38.676800 45.258270
v -20.538424 40.244591 44.006462
v -14.841586 40.054337 46.510082
v -12.309477 41.392586 45.297428
v -3.811804 41.899105 46.072140
v -1.095948 41.005650 47.489491
v 1.499948 41.708462 46.503723
v 3.860680 42.226788 45.589832
v 6.496312 41.833683 45.858368
v 19.845032 39.668873 45.183544
v 20.931660 38.001846 47.147831
v 30.319664 35.422493 45.848038
v 33.259457 33.877632 46.241577
v 36.038338 32.461018 46.429585
v 38.729557 31.086266 46.519653
v 41.357483 29.726044 46.556015
v 43.929649 28.369154 46.571255
v 46.458260 27.007490 46.583485
v 48.948822 25.646418 46.600338
v 51.450035 24.318411 46.519852
v 54.088955 22.924400 46.399868
v 56.150143 21.604382 46.834824
v 58.551853 20.432573 46.563435
v 61.099522 18.977749 46.817204
v 63.581131 17.551498 47.196819
v 68.485870 15.817381 45.121590
v 71.160614 14.407107 45.485977
v 73.949249 13.048989 45.752140
v 76.847260 11.737211 46.006069
v 79.772156 10.400419 46.701389
v 84.955490 8.798375 45.186340
v 87.904182 7.722892 45.735722
v 90.884872 6.753756 46.168915
v 93.877457 5.879979 46.561981
v 96.882591 5.073177 47.152863
v 102.419693 4.009542 46.028816
v 105.547127 3.391538 46.714325
v 108.538429 2.890360 47.114952
v 111.328232 2.489399 47.317371
v 113.968399 2.223100 46.079346
v -110.929863 2.709231 44.352100
v -107.859375 3.223499 43.640514
v -102.477684 4.051298 45.420868
v -99.565353 4.717659 44.768471
v -96.687660 5.431838 44.377724
v -93.851196 6.198486 44.131565
v -91.046272 7.028274 43.951286
v -88.279694 7.925935 43.755947
v -85.571831 8.898093 43.475136
v -82.942360 9.945624 43.074364
v -80.391281 11.068280 42.564476
v -75.511772 12.721099 44.405865
v -73.073090 13.997972 43.811630
v -70.658081 15.337071 43.226036
v -68.265511 16.727482 42.673393
v -63.508312 18.539669 44.663918
v -61.155029 19.976414 44.239933
v -58.771843 21.412111 43.962444
v -56.350773 22.826750 43.851006
v -53.908833 24.220947 43.854141
v -51.451683 25.608133 43.899204
v -48.976013 27.000534 43.942829
v -46.476433 28.397476 43.976341
v -43.940887 29.793482 44.006706
v -41.355190 31.183773 44.032341
v -38.717186 32.570999 44.036396
v -36.041908 33.960152 43.978359
v -33.380348 35.361153 43.783352
v -30.850563 36.809528 43.309444
v -28.479372 38.399567 42.388710
v -25.722279 38.605278 43.800911
v -9.792011 42.711464 43.983978
v -3.802037 43.807186 43.242764
v -0.412621 44.415943 42.463589
v 11.545751 42.447720 43.950863
v 13.636843 43.424999 41.845257
v 14.869590 41.620174 44.194340
v 21.348810 40.642033 42.989731
v 25.810558 38.197372 44.375095
v 28.818991 37.447113 43.679024
v 31.348457 36.802692 42.950737
v 33.457645 35.431221 43.609398
v 36.074581 34.008938 43.869331
v 38.737633 32.591114 43.985741
v 41.367645 31.184635 44.019726
v 43.947365 29.784342 44.016453
v 46.481606 28.382233 43.999924
v 48.991463 26.975042 43.975960
v 51.528389 25.549170 43.928112
v 54.270065 23.988525 43.908958
v 57.262272 22.138676 44.245827
v 60.536144 20.361427 44.127048
v 63.324554 18.769312 44.311943
v 65.901688 17.271530 44.695976
v 70.815170 15.448004 42.601162
v 73.502647 14.027413 42.974243
v 76.298508 12.652850 43.291985
v 79.204529 11.308203 43.710537
v 82.082329 10.002015 44.429573
v 87.248306 8.436114 42.740360
v 90.214233 7.385923 43.262066
v 93.256233 6.423644 43.709255
v 96.385796 5.530105 44.185146
v 99.419464 4.720212 45.069580
v 101.975220 4.375901 42.895054
v 104.970947 3.720956 43.694553
v 107.942757 3.165396 44.279678
v 110.939011 2.679621 44.856396
v 115.849098 2.123219 43.507843
v -115.736145 2.160665 42.909344
v -113.262802 2.506974 42.142796
v -104.883560 3.789832 43.006153
v -101.996452 4.414404 42.397251
v -99.136513 5.101772 41.915676
v -96.298523 5.848983 41.624996
v -93.484612 6.651716 41.455788
v -90.702629 7.519793 41.316544
v -87.967926 8.463688 41.103825
v -85.312561 9.487907 40.734386
v -82.751152 10.589661 40.211048
v -77.899940 12.267357 41.979149
v -75.450821 13.541817 41.356476
v -73.033073 14.877976 40.739792
v -70.639328 16.267195 40.168388
v -65.896751 18.157389 42.165062
v -63.538025 19.615076 41.729546
v -61.162586 21.081438 41.413544
v -58.766953 22.542185 41.245075
v -56.357079 23.978226 41.215366
v -53.920086 25.400179 41.281677
v -51.455700 26.831617 41.363323
v -48.981728 28.276876 41.407955
v -46.495991 29.722324 41.432457
v -43.975063 31.160805 41.461338
v -41.409893 32.587437 41.486618
v -38.810814 34.004089 41.479210
v -36.211681 35.415215 41.382545
v -33.680321 36.830379 41.115910
v -31.285543 38.243523 40.620918
v -29.142916 39.577873 39.968407
v -26.393293 40.289181 40.673256
v -20.993628 41.627155 41.629257
v -18.665613 43.123985 40.322056
v -15.684788 43.306030 41.292812
v -13.246614 44.898087 39.567860
v -10.328890 44.313339 41.383892
v -7.955824 45.220798 40.423222
v -5.222477 45.339119 40.668953
v -2.289159 45.615303 40.484978
v 2.755118 44.750061 41.859497
v 4.936688 43.432365 43.712608
v 8.221223 44.795654 41.064095
v 12.489340 45.100456 39.461182
v 16.657900 42.849789 41.663246
v 19.767448 42.286430 41.183296
v 27.484028 39.246243 41.683369
v 30.714424 38.583366 40.489025
v 33.598183 37.046871 40.810364
v 36.170517 35.529110 41.219147
v 38.773857 34.062057 41.410229
v 41.386894 32.612038 41.464371
v 43.965290 31.169689 41.454933
v 46.498714 29.722767 41.428577
v 49.006866 28.265301 41.401520
v 51.527004 26.786238 41.367531
v 54.121864 25.242153 41.358524
v 56.899384 23.537260 41.500050
v 59.821163 21.794352 41.586231
v 62.766323 20.093298 41.617264
v 65.544922 18.468853 41.812466
v 68.190948 16.925055 42.185627
v 73.100456 15.027834 40.077019
v 75.801750 13.598517 40.478664
v 78.603508 12.209572 40.885258
v 81.482483 10.868381 41.423775
v 84.356636 9.599375 42.099571
v 89.462608 8.070072 40.326027
v 92.430153 7.045445 40.837337
v 95.514481 6.098406 41.315384
v 98.875160 5.189764 41.710266
v 104.661392 4.007443 40.740211
v 107.531044 3.431920 41.382595
v 110.418808 2.921270 41.994778
v 113.261513 2.474640 42.803448
v -115.929665 2.266632 39.903316
v -112.593155 2.750317 39.246609
v -109.524017 3.274589 38.449947
v -107.233780 3.530498 40.667759
v -104.322060 4.131232 39.993687
v -101.470184 4.794976 39.442528
v -98.637146 5.517375 39.087345
v -95.813446 6.296186 38.912052
v -93.019348 7.135812 38.821293
v -90.278389 8.039715 38.719044
v -87.600082 9.026627 38.453701
v -85.040848 10.095815 37.927723
v -80.254585 11.770183 39.598625
v -77.794380 13.037449 38.942322
v -75.368187 14.369824 38.270512
v -72.979469 15.753640 37.651398
v -68.260941 17.702208 39.655769
v -65.889420 19.176743 39.208508
v -63.510544 20.675533 38.851528
v -61.120918 22.186447 38.609161
v -58.733322 23.685162 38.483887
v -56.339561 25.135117 38.539215
v -53.878609 26.578508 38.723858
v -51.410786 28.057941 38.822147
v -48.978558 29.548370 38.825947
v -46.520103 31.033092 38.836803
v -44.018394 32.507187 38.864082
v -41.476089 33.965553 38.887859
v -38.909641 35.411484 38.865982
v -36.352203 36.855373 38.730862
v -33.841240 38.304375 38.418217
v -31.349464 39.745483 37.975780
v -28.619694 41.042999 37.840279
v -23.720758 41.714012 39.976826
v -23.128738 43.368774 37.510895
v -19.917400 44.219841 37.857540
v -16.723740 44.646549 38.667980
v -14.973324 46.052959 36.904617
v -10.037169 45.891224 38.841373
v -6.936138 46.554314 38.360325
v -3.968654 46.905949 38.163734
v -0.985501 47.211990 37.812782
v 9.656272 45.765827 39.145710
v 11.262668 46.705524 37.044838
v 15.384974 44.452545 39.523769
v 21.238077 43.243931 38.835823
v 24.031364 42.579407 38.326283
v 25.759647 40.955067 39.989403
v 28.662840 40.430740 38.892227
v 31.335432 40.160564 37.248928
v 33.639271 38.580109 38.105206
v 36.223564 37.030407 38.529850
v 38.803547 35.506073 38.795570
v 41.398693 34.011101 38.883438
v 43.974670 32.530807 38.868511
v 46.503407 31.046215 38.830360
v 48.997017 29.545740 38.807938
v 51.491203 28.020346 38.795925
v 54.029816 26.454355 38.787403
v 56.656887 24.818184 38.828461
v 59.359318 23.124786 38.944336
v 62.181545 21.410202 39.005795
v 65.038033 19.715916 39.066856
v 67.792358 18.074215 39.296844
v 70.455765 16.514719 39.661076
v 75.336891 14.562018 37.564884
v 78.048935 13.127657 38.020660
v 80.842278 11.742385 38.519253
v 83.691582 10.427289 39.106613
v 86.560844 9.196495 39.739513
v 99.766937 5.249992 38.856037
v 101.912621 4.648015 39.943321
v 104.397858 4.284323 37.822384
v 107.179085 3.688371 38.499477
v 110.038063 3.155715 39.058598
v 112.818718 2.691145 39.720890
v -117.611412 2.175429 37.145782
v -114.616272 2.560798 37.131096
v -111.705482 3.034071 36.325226
v -106.585655 3.853326 37.668919
v -105.920700 4.195192 34.645290
v -103.706680 4.500614 36.981674
v -100.862274 5.204985 36.511993
v -95.165268 6.791962 36.263142
v -92.406624 7.669961 36.232677
v -89.760651 8.590093 36.189014
v -87.220421 9.603270 35.765766
v -82.572571 11.239737 37.272644
v -80.108208 12.482121 36.594906
v -77.656769 13.812972 35.872711
v -75.260468 15.203767 35.136887
v -70.597466 17.183184 37.133568
v -68.206772 18.663998 36.693226
v -65.814377 20.189411 36.305218
v -63.417980 21.744522 35.990417
v -61.011768 23.323551 35.750729
v -58.616558 24.894730 35.601505
v -56.218800 26.310001 35.897251
v -53.704681 27.769604 36.254780
v -51.363060 29.281382 36.209831
v -48.982834 30.803581 36.175709
v -46.540684 32.325260 36.182804
v -44.047676 33.833038 36.215996
v -41.510437 35.323853 36.248299
v -38.939346 36.805756 36.225552
v -36.349499 38.299419 36.073246
v -33.743332 39.817417 35.745811
v -31.057558 41.289722 35.417553
v -28.244360 42.657619 35.208088
v -25.229460 44.027477 34.923557
v -21.764572 44.890041 35.599525
v -18.356688 45.777508 35.860775
v -10.667924 48.272152 34.269699
v 0.303393 48.615536 35.189117
v 2.090091 47.445530 37.348328
v 5.207551 47.528503 36.897186
v 14.155656 46.028194 37.273144
v 21.347708 45.668823 34.374508
v 25.007887 43.503407 36.065311
v 29.235065 41.836380 35.927540
v 33.914268 40.035599 35.157585
v 36.304024 38.471531 35.785152
v 38.806568 36.920650 36.142239
v 41.371212 35.382492 36.290485
v 43.953960 33.866802 36.264153
v 46.487152 32.354378 36.190434
v 48.965942 30.819454 36.163914
v 51.428551 29.253784 36.178410
v 53.917397 27.656872 36.198822
v 56.466835 26.020493 36.217793
v 59.087734 24.342844 36.263996
v 61.773014 22.644220 36.324894
v 64.527977 20.942308 36.378017
v 67.302246 19.254295 36.495811
v 70.018341 17.616577 36.749874
v 72.679710 16.053179 37.126137
v 77.519508 14.056782 35.085968
v 80.235420 12.627879 35.611389
v 83.014679 11.262360 36.179287
v 85.840401 9.975329 36.784615
v 88.693382 8.791360 37.379864
v 90.761169 8.390792 35.010910
v 96.366142 6.464700 35.946598
v 101.782837 4.934704 36.970379
v 106.695610 3.967566 35.702000
v 111.840286 3.143223 33.775921
v 112.515053 2.894434 36.622345
v 117.820702 2.196422 35.835308
v -118.976707 2.221457 31.117678
v -111.104088 3.283369 33.355244
v -108.233154 3.859734 32.481247
v -103.006317 4.899350 33.928173
v -100.099510 5.653845 33.640488
v -97.123108 6.484352 33.671585
v -94.272446 7.366724 33.683372
v -89.185074 9.139510 33.859081
v -87.186287 10.069918 32.873184
v -84.851006 10.687251 35.001045
v -82.420937 11.878058 34.299881
v -79.928032 13.194435 33.605392
v -77.477493 14.599689 32.758965
v -72.901024 16.618118 34.566704
v -70.489609 18.085106 34.183884
v -68.071129 19.621935 33.803223
v -65.681969 21.200897 33.420406
v -63.264725 22.826246 33.101303
v -60.804371 24.514219 32.807915
v -58.229206 26.301603 32.542267
v -55.726501 27.455803 33.850670
v -53.667252 28.905104 33.620991
v -51.374115 30.460997 33.499268
v -48.982197 32.035454 33.460949
v -46.531162 33.600136 33.476357
v -44.025635 35.143612 33.533062
v -41.463558 36.666840 33.596397
v -38.850685 38.186470 33.596924
v -36.188137 39.734375 33.440147
v -33.508015 41.333885 33.020596
v -30.806265 42.793480 32.714523
v -23.275330 45.477863 33.497051
v -20.678988 46.350155 33.459221
v -18.120762 47.284996 33.050095
v -12.635153 48.949409 32.141045
v -9.723298 49.658936 31.613241
v -4.616187 49.448963 33.224892
v 1.576300 49.870647 32.589390
v 6.855921 48.760422 34.247974
v 14.921024 48.193851 32.774609
v 17.349693 47.457001 33.121517
v 18.630905 46.248898 34.823574
v 24.402145 44.937901 33.768990
v 31.658098 41.662785 34.155602
v 36.424458 39.852795 32.935154
v 38.805992 38.302624 33.405060
v 41.268482 36.732529 33.698772
v 43.858379 35.175209 33.687557
v 46.425114 33.649364 33.514904
v 48.903904 32.089924 33.450821
v 51.343544 30.481754 33.497200
v 53.784000 28.849970 33.567348
v 56.270130 27.195356 33.611385
v 58.819324 25.522522 33.614605
v 61.417717 23.836971 33.619152
v 64.071495 22.135962 33.657837
v 66.784676 20.428495 33.736919
v 69.508644 18.744307 33.896038
v 72.196625 17.112495 34.185516
v 74.852791 15.547928 34.598591
v 79.651039 13.516284 32.658394
v 82.361946 12.107296 33.254265
v 85.124931 10.771509 33.872684
v 87.932693 9.522958 34.469440
v 89.993095 9.061837 32.157230
v 93.581429 7.371266 35.500252
v 98.381165 6.133501 33.587566
v 99.091743 5.670923 36.320923
v 103.918518 4.604311 34.966694
v 106.027023 4.283021 32.986835
v 108.860741 3.681680 33.541775
v 115.149628 2.623268 34.032665
v 118.445755 2.224725 32.945076
v -119.284576 2.288241 27.693855
v -116.343765 2.626226 29.536221
v -113.580498 2.970648 31.356848
v -110.701927 3.506426 30.440952
v -105.264427 4.539804 31.617155
v -102.144943 5.357258 30.747131
v -98.880806 6.219723 31.109064
v -95.932526 7.115896 31.117514
v -93.069191 8.062177 31.229631
v -89.978363 9.205906 31.203436
v -87.200729 10.489809 30.038591
v -84.738289 11.249166 31.986786
v -82.236786 12.506398 31.394306
v -79.683006 13.905482 30.665295
v -75.120667 16.053484 31.897276
v -72.755058 17.467403 31.571827
v -70.257439 18.987930 31.387375
v -67.925385 20.557486 30.914423
v -65.539680 22.185614 30.518539
v -63.107704 23.883284 30.163582
v -60.687511 25.629480 29.767284
v -56.111004 28.189135 31.293346
v -53.759262 29.938688 30.889025
v -51.363041 31.612421 30.741373
v -48.930656 33.255714 30.694315
v -46.451370 34.865791 30.731695
v -43.906750 36.444202 30.842392
v -41.300056 37.994995 30.962410
v -38.654541 39.529934 31.005438
v -35.960705 41.106400 30.835411
v -33.353378 42.866470 29.944141
v -27.972250 44.148537 32.517467
v -27.691900 45.598007 29.667072
v -15.424638 48.216503 32.491516
v -12.034007 50.179398 29.562866
v -6.573200 50.400337 30.748350
v -3.236496 50.687103 30.590271
v 2.883018 50.964790 29.930662
v 11.601166 50.194633 29.699915
v 14.395820 49.459599 30.245066
v 19.831976 47.287560 32.057545
v 22.074942 47.557858 29.953583
v 24.657362 46.244652 30.894110
v 31.740908 43.142117 31.079123
v 34.021198 42.777119 29.383802
v 36.446648 41.161411 30.129944
v 38.870159 39.627579 30.513252
v 41.121830 38.084190 30.996668
v 43.586494 36.456631 31.249210
v 46.247765 34.940250 30.865704
v 48.777893 33.375885 30.644560
v 51.235863 31.698429 30.738466
v 53.646305 30.022938 30.867546
v 56.047169 28.348930 30.994953
v 58.529167 26.665676 31.011934
v 61.068958 24.996363 30.919212
v 63.626236 23.313860 30.901169
v 66.263168 21.591228 30.973989
v 68.956612 19.873867 31.076891
v 71.650215 18.195339 31.274206
v 74.318398 16.567427 31.624100
v 76.975334 15.000930 32.104576
v 81.745728 12.942472 30.287165
v 87.187996 10.263201 31.609964
v 89.234680 9.735624 29.392281
v 95.594421 7.011949 33.094093
v 97.668472 6.609731 30.786764
v 100.512932 5.735765 31.434883
v 107.936020 4.000174 31.144390
v 110.490417 3.517020 31.033516
v 113.512138 2.992591 31.149300
v 116.539337 2.554842 30.752855
v 119.527344 2.193465 29.741247
v -113.306297 3.140569 28.508144
v -110.302330 3.726120 27.552443
v -104.872574 4.832000 28.603857
v -100.048958 6.087724 28.732054
v -91.999969 8.707794 29.021839
v -92.602570 8.799520 26.189260
v -89.791527 9.676754 28.186485
v -84.419907 11.917579 28.816263
v -79.762428 14.441339 27.612795
v -77.333359 15.361801 29.542072
v -74.832092 17.004328 28.456882
v -72.265686 18.338238 29.193270
v -70.189461 19.784372 28.505934
v -67.840088 21.415625 28.000771
v -65.395775 23.131386 27.593300
v -62.980331 24.889143 27.150927
v -58.417973 27.397718 29.111322
v -56.106182 29.236452 28.427273
v -53.696144 31.030428 28.102003
v -51.250671 32.780853 27.930819
v -48.787064 34.483246 27.870764
v -46.251324 36.134396 27.978367
v -43.633553 37.749111 28.180204
v -40.992996 39.311138 28.353737
v -38.394650 40.806728 28.444540
v -36.003635 42.153584 28.429438
v -32.272491 44.542255 27.294584
v -29.707384 45.542622 27.784933
v -22.455961 47.970993 28.729727
v -19.702894 48.953453 28.399330
v -16.984289 49.839973 27.953787
v -14.271692 50.613590 27.449837
v -7.104264 51.442146 28.030270
v -1.689098 51.805882 27.895340
v 1.332695 51.923164 27.570957
v 4.332438 51.903873 27.304958
v 7.416615 51.706272 27.197760
v 10.744424 51.439850 26.818480
v 13.820811 50.663624 27.562626
v 16.711912 49.769730 28.306215
v 21.734766 48.782818 27.273258
v 24.351072 47.536186 28.202644
v 26.929003 46.151196 29.108032
v 29.420349 44.712833 29.973097
v 34.123394 43.754486 26.961313
v 36.293652 42.396774 27.476112
v 38.708378 40.925831 27.736315
v 41.330204 39.333427 27.809816
v 43.130863 37.682865 29.059660
v 45.582104 36.315998 28.591940
v 48.493900 34.744274 27.696096
v 51.109741 32.880337 27.921682
v 53.545868 31.139795 28.086155
v 55.871181 29.452400 28.283535
v 58.169731 27.783543 28.488001
v 60.668785 26.132868 28.282944
v 63.128986 24.520271 28.076744
v 65.701225 22.760977 28.196270
v 68.362282 21.003330 28.282022
v 71.053169 19.284830 28.383804
v 73.725624 17.609552 28.642424
v 75.744034 16.973661 26.068422
v 76.391846 15.974121 29.107960
v 79.073395 14.404597 29.673014
v 83.817589 12.337089 27.980471
v 86.467453 10.996247 28.769117
v 88.476166 10.397307 26.728567
v 91.242691 9.215177 27.121206
v 99.837570 6.152081 28.667269
v 102.764664 5.297274 29.412670
v 105.187088 4.826234 27.494688
v 111.748283 3.412091 28.487455
v 117.714302 2.497659 27.647636
v -91.548676 9.526296 23.215237
v -89.670891 10.063405 25.443098
v -85.811157 12.115484 22.816767
v -80.301025 14.699115 24.451088
v -72.711304 18.697807 26.502401
v -70.246826 20.455906 25.609970
v -67.673019 22.267483 25.126665
v -65.190926 24.070477 24.639763
v -60.646358 26.667221 26.597408
v -58.340027 28.477686 25.991739
v -55.968479 30.309139 25.540421
v -53.518311 32.137672 25.288799
v -51.030262 33.976330 25.024925
v -48.515186 35.726955 25.005878
v -45.830139 37.438274 25.300190
v -42.381180 40.488132 23.002272
v -40.447979 40.671276 25.779591
v -36.716026 43.636581 23.642941
v -33.720512 45.116573 23.974140
v -27.592949 46.961121 26.518398
v -13.768533 51.655212 24.773350
v -11.003005 52.299801 24.098269
v -3.302893 52.586063 25.426846
v -0.253908 52.734303 25.167830
v 2.849756 52.780922 24.832882
v 8.594301 52.303745 25.065252
v 16.254005 50.882637 25.598988
v 19.065130 49.888863 26.417347
v 30.905428 46.288113 24.518915
v 33.207371 45.076828 24.782425
v 35.703613 43.702103 24.985291
v 40.525845 40.912949 25.030449
v 42.961628 39.553837 24.591089
v 46.795456 36.552090 25.943243
v 49.177032 35.471909 24.417786
v 51.197758 33.854374 25.041512
v 53.532913 32.143200 25.238869
v 55.833252 30.440207 25.440332
v 58.026031 28.772863 25.762836
v 62.427872 25.880238 25.067551
v 65.063484 23.960073 25.413603
v 67.703880 22.142782 25.533173
v 70.369705 20.391966 25.546497
v 73.082077 18.665113 25.632978
v 77.839554 16.169413 23.874886
v 81.192230 13.747028 27.285723
v 83.358101 13.035979 24.878963
v 85.848091 11.698608 25.798454
v 93.087166 8.768898 24.742126
v 96.167297 7.641032 24.858007
v 110.281204 3.809509 25.848618
v 118.631020 2.468635 24.521740
v -120.721321 2.256995 21.876644
v -117.426750 2.721956 21.569176
v -104.284874 5.361940 22.473000
v -102.015228 5.850437 24.423391
v -94.402954 8.394823 23.454130
v -88.710220 10.781683 22.777212
v -81.039757 14.834029 20.940899
v -78.111176 16.166098 23.001434
v -72.782677 19.333748 23.317780
v -69.883156 21.330931 22.797791
v -67.312904 23.200640 22.239487
v -64.883942 25.028212 21.642866
v -62.808022 25.874771 24.082867
v -60.478588 27.693933 23.486988
v -58.139431 29.525469 22.981810
v -55.750072 31.350986 22.683994
v -53.267010 33.203259 22.510107
v -50.759716 35.197269 21.840433
v -47.880558 37.063015 22.355387
v -45.103489 38.818111 22.722330
v -39.612717 42.086365 23.301054
v -38.611801 43.476551 20.907028
v -35.799374 45.005249 21.066261
v -33.214317 46.436974 20.779709
v -31.537813 46.578804 22.850613
v -27.818329 48.801853 20.977793
v -21.112408 50.242168 23.753340
v -18.588688 51.134064 23.126068
v -15.957253 51.907196 22.588329
v -13.208135 52.550716 22.122896
v -10.359735 53.163948 21.326353
v -2.021087 53.392097 22.802792
v 1.183888 53.507858 22.460804
v 10.738100 52.464344 23.680948
v 15.824010 51.870220 22.791582
v 20.961861 50.916214 21.740864
v 23.964914 49.816093 22.317654
v 29.859499 47.741428 21.616869
v 32.743801 46.403854 21.609972
v 37.147034 43.765545 22.604612
v 39.599777 42.415894 22.407293
v 42.056648 41.017277 22.058270
v 44.485157 39.596523 21.582373
v 47.516407 36.947281 23.423309
v 51.288990 34.763664 22.043251
v 53.530720 33.065041 22.345285
v 55.836998 31.343252 22.509542
v 58.083199 29.600456 22.870079
v 60.310635 27.787283 23.578875
v 64.583885 25.026402 22.564013
v 67.021194 23.250263 22.872913
v 69.570442 21.546585 22.773146
v 72.221748 19.814466 22.746166
v 75.099678 17.997854 22.776024
v 79.934288 15.357028 21.592178
v 80.629349 14.533266 24.365698
v 82.748840 13.783588 21.896952
v 88.904572 10.775814 22.056601
v 91.798950 9.535785 22.143618
v 100.971390 6.364992 21.218857
v 102.920563 5.889833 19.616957
v 116.651711 2.816831 22.459194
v -113.486679 3.492430 17.858984
v -111.396439 3.836340 19.733469
v -106.435310 4.915138 20.477829
v -103.677116 5.691614 19.447964
v -100.825638 6.564828 18.687256
v -94.958084 8.628022 18.112572
v -84.239479 13.190791 20.517900
v -78.286285 16.568932 19.864454
v -75.877922 18.188757 18.821022
v -73.906212 19.140253 20.588430
v -69.261406 22.352085 19.908005
v -66.863045 24.153927 19.282640
v -62.524143 26.865166 21.008017
v -60.183144 28.717190 20.417259
v -57.829899 30.562431 20.000500
v -55.476223 32.339188 19.861364
v -53.246136 33.945614 19.969271
v -52.102261 35.234570 18.239025
v -49.562859 36.801010 19.290859
v -46.868183 38.519802 19.880213
v -44.157166 40.271889 20.126122
v -41.467815 41.893963 20.463161
v -37.557037 44.821262 18.408888
v -34.846367 46.355438 18.192799
v -15.274898 52.769909 19.839272
v -10.531199 53.816246 18.420460
v -5.183497 54.356544 17.959133
v -2.382601 54.404583 18.286345
v 0.282567 54.678810 16.956774
v 4.851370 54.137897 19.223602
v 7.313320 53.800423 19.998960
v 10.193845 53.311962 20.802904
v 15.334633 52.738087 19.920649
v 17.632141 52.705360 18.042868
v 22.890442 50.894802 19.819220
v 25.401384 50.228752 19.228426
v 31.240807 47.938522 18.911320
v 35.618298 45.285667 20.482275
v 39.580658 43.947754 17.298485
v 40.964951 42.474857 19.592447
v 43.571491 40.967659 19.063911
v 46.093288 39.370247 18.731308
v 48.570011 37.624577 18.831364
v 50.920204 35.843132 19.232042
v 53.260124 34.050514 19.575771
v 55.700928 32.257408 19.564638
v 58.012730 30.485651 19.785315
v 60.268772 28.622635 20.543686
v 62.454376 26.770990 21.614130
v 67.066475 24.340111 17.531830
v 66.394730 24.237188 20.416882
v 71.162682 21.072498 19.860998
v 73.688484 19.412485 19.869371
v 76.267944 17.866407 19.405012
v 78.861595 16.375374 18.856079
v 84.624886 13.172870 19.071255
v 89.565491 10.972354 17.109539
v 93.374466 9.131846 19.616663
v 96.069931 8.119589 19.462572
v 105.381889 5.207372 19.823627
v 111.053513 3.871255 20.586967
v 114.976662 3.231511 17.620394
v 119.711884 2.471452 18.239872
v 121.841751 2.153811 20.198727
v -120.004250 2.473366 16.009539
v -107.922180 4.757983 15.329701
v -102.901436 6.054150 16.489250
v -96.845581 8.086509 15.525721
v -88.983513 11.160195 17.917891
v -85.982224 12.605143 17.874933
v -80.376717 15.658664 17.577190
v -77.843475 17.270956 16.760851
v -75.371384 18.925766 15.983384
v -71.092613 21.517679 17.588100
v -68.747025 23.255215 16.971294
v -66.421364 25.040625 16.295172
v -62.129013 27.856813 17.928905
v -59.750061 29.758791 17.346012
v -54.789894 33.505112 17.212576
v -53.493427 34.949883 15.055866
v -50.925636 36.660564 15.933828
v -48.414444 38.218548 16.978102
v -45.801632 39.920620 17.400883
v -43.167610 41.719635 17.242352
v -41.413883 43.234921 15.672850
v -39.139111 44.591503 15.805614
v -27.330523 50.379108 15.603895
v -20.720713 51.959091 18.030331
v -19.154766 52.825264 15.866302
v -13.891371 53.628887 17.036034
v -11.034361 54.309158 15.407004
v -8.104008 54.334934 17.004669
v -5.704927 54.784649 15.268047
v -2.758257 54.816830 15.876514
v 5.413701 54.890560 14.657117
v 6.678659 54.419010 17.140287
v 12.468006 53.449020 18.915312
v 14.209041 54.084129 14.113063
v 14.768505 53.475540 17.041878
v 19.951311 52.558964 16.259153
v 23.200129 51.496178 16.970129
v 26.518812 50.570435 16.113930
v 32.549976 48.049294 16.055368
v 34.023266 46.714577 18.457844
v 40.745609 43.903416 14.523639
v 47.912502 38.767628 16.186314
v 50.342007 36.963043 16.494331
v 52.619759 35.168842 16.994461
v 54.055496 34.537273 15.025620
v 56.116001 33.142159 14.250131
v 60.154190 29.445580 17.386404
v 64.660919 26.322536 16.328543
v 66.734505 25.141464 14.294149
v 69.901909 22.384912 17.291868
v 75.058517 18.932940 17.327261
v 77.631813 17.487734 16.114103
v 82.714935 14.441151 16.805662
v 86.987762 12.228274 16.767302
v 91.240593 10.375164 15.047526
v 98.094559 7.575495 16.822985
v 110.045982 4.196095 17.580959
v 112.703644 3.702889 15.881641
v 122.294144 2.157678 16.979015
v -120.169502 2.506090 12.749303
v -112.653793 3.807130 11.976703
v -102.064247 6.431183 13.588392
v -95.721313 8.678480 12.623099
v -87.734573 11.984936 15.324409
v -86.611931 12.762969 12.583560
v -70.565613 22.326345 14.744501
v -68.297195 24.052830 13.997163
v -64.059166 26.887285 15.604407
v -59.189327 30.797171 14.292868
v -52.019192 36.556419 12.452876
v -49.471462 38.179050 13.820391
v -47.424374 39.935093 12.224461
v -45.128223 41.694225 11.281808
v -35.928993 46.925045 13.434274
v -33.738758 47.682060 15.162721
v -29.380018 50.005272 13.500543
v -24.670513 51.670212 13.855210
v -24.086288 51.269691 16.739809
v -19.289576 53.246983 13.348060
v -13.780336 54.203445 13.816753
v -6.101617 55.092041 12.853049
v -3.525584 55.173290 13.170816
v 3.971200 55.245007 12.395955
v 8.785799 54.643047 14.718704
v 11.562788 54.547070 13.453888
v 17.046667 53.401611 15.189161
v 24.181698 51.818043 13.873808
v 28.592085 50.210564 14.095300
v 31.104086 49.265949 13.581611
v 33.775352 48.082146 13.201615
v 36.552700 46.700508 12.840537
v 41.849937 43.790211 11.640612
v 49.925236 37.884010 13.654415
v 54.144138 34.936134 12.610040
v 60.204296 30.044247 14.184505
v 68.688560 23.587713 15.170035
v 70.862007 22.199171 14.217977
v 73.100731 20.785700 13.247972
v 75.228416 19.179329 14.737142
v 77.589905 17.885944 12.903908
v 82.372581 14.954856 13.718565
v 86.584465 12.669547 14.021685
v 89.092903 11.446166 13.950150
v 91.923370 10.246951 12.545174
v 98.979408 7.440224 13.579854
v 101.310486 6.701467 12.819293
v 112.856369 3.748599 12.874351
v 117.521194 2.839001 16.363016
v 120.083557 2.479592 15.061093
v 122.565056 2.173689 13.757268
v -120.144760 2.552648 9.481397
v -110.172638 4.356964 11.118979
v -101.217003 6.812814 10.712170
v -82.866684 15.005389 9.435970
v -80.282593 16.553099 8.996788
v -76.306801 18.909174 10.910497
v -67.972404 24.696644 10.932019
v -65.682983 26.456804 10.475052
v -58.619347 31.713800 11.411139
v -54.134743 35.381618 9.837624
v -51.989838 37.098251 9.092216
v -49.749180 38.533878 10.725617
v -47.420292 40.461395 8.903341
v -44.814957 42.352638 8.265173
v -39.602505 45.354164 10.614574
v -36.931309 46.835918 10.891521
v -34.332001 48.048523 11.760446
v -32.509392 49.256310 9.637342
v -29.853504 50.258030 10.833755
v -24.897507 52.088104 10.816685
v -22.531330 52.975643 9.289749
v -19.734209 53.519184 10.683025
v -17.810680 54.120777 8.713009
v -15.064188 54.587288 8.828038
v -4.872714 55.407944 10.580904
v 1.309750 55.461842 10.987091
v 4.527101 55.470737 10.020192
v 16.251797 54.345249 9.422979
v 19.120581 53.668903 10.585208
v 35.057171 47.876305 10.615691
v 39.251595 45.265827 12.279594
v 40.370834 45.054264 9.414549
v 44.346985 42.279411 10.994310
v 49.373947 38.783810 10.872362
v 52.007511 36.804901 11.071250
v 56.327534 33.495617 11.278930
v 58.266483 32.244778 9.520655
v 60.342728 30.472958 10.854870
v 66.769791 25.557121 11.162534
v 71.324944 22.313154 10.720067
v 73.617920 20.736351 10.585470
v 75.455040 19.631338 8.897199
v 79.602440 16.860201 10.610006
v 83.222214 14.757334 10.133239
v 94.722961 9.111423 11.819643
v 105.488068 5.500072 11.727529
v 110.357178 4.309489 11.293005
v 112.817337 3.817941 9.842852
v 115.356834 3.302714 11.504420
v -120.285782 2.563570 6.302023
v -113.964813 3.623935 7.107569
v -111.999008 3.996635 9.143285
v -106.214905 5.388691 8.661283
v -92.581253 10.248387 6.063757
v -87.191078 12.789019 7.200668
v -72.731094 21.574526 7.905182
v -70.016258 23.459589 8.430236
v -60.070377 30.974285 8.440450
v -56.167507 34.110210 7.547672
v -49.970230 38.783947 7.679103
v -46.436287 41.518665 5.613891
v -44.044128 43.193150 5.188839
v -37.931236 46.655922 8.170122
v -35.179169 48.074127 8.686484
v -33.173473 49.320248 6.392848
v -27.715658 51.607254 6.403856
v -25.058826 52.399567 7.780065
v -22.394434 53.306000 6.134598
v -19.277754 54.051090 6.002356
v -16.421389 54.576866 6.264873
v -13.411138 55.035572 5.991531
v -10.902326 55.271126 6.780763
v -6.635761 55.496368 8.291713
v -5.652577 55.708759 5.404846
v -0.631941 55.701859 7.965934
v 2.364156 55.678776 7.995088
v 5.425340 55.625172 7.335637
v 11.203970 55.283714 5.931413
v 13.585977 54.890549 7.922415
v 16.313696 54.572296 6.601732
v 19.015772 53.982491 7.718472
v 27.525005 51.655331 6.603951
v 32.117496 49.725628 7.293183
v 33.966293 48.713844 8.532604
v 41.354332 44.803463 6.538615
v 47.092384 41.047512 5.692084
v 48.355824 39.888527 8.199070
v 50.982162 37.962669 8.234167
v 56.061401 34.097973 8.300036
v 57.986679 32.792030 6.399302
v 66.744232 25.910521 8.063067
v 94.066536 9.580934 6.753996
v 107.540649 5.076219 6.796958
v 110.198837 4.407702 8.259216
v 117.972527 2.916560 7.097581
v 123.113205 2.172732 7.193541
v -117.861160 2.956598 4.377290
v -105.194046 5.719497 5.616383
v -102.327171 6.582747 5.267431
v -99.489479 7.536927 4.839242
v -88.573792 12.171192 4.515979
v -79.208763 17.387655 6.089608
v -71.506081 22.601019 5.453412
v -67.910141 25.354343 2.588130
v -65.381180 27.271793 2.584408
v -61.273411 30.302746 5.515677
v -53.133282 36.743778 3.436887
v -48.149818 40.475891 2.759137
v -41.521687 44.836170 5.063643
v -38.962242 46.361397 5.330731
v -34.758080 48.755653 3.329134
v -27.796064 51.772289 3.403292
v -25.271286 52.571350 4.795535
v -23.159058 53.242126 3.395518
v -17.837322 54.450859 3.588042
v -7.911735 55.678547 2.628769
v -4.960846 55.822563 2.914770
v 5.906059 55.744316 4.310310
v 9.035607 55.562691 3.884039
v 13.878739 55.027500 5.007787
v 16.271540 54.720776 4.028068
v 23.499910 53.139153 3.557236
v 26.091656 52.328133 4.074682
v 32.542168 49.780197 4.216933
v 39.439617 46.153175 4.397609
v 41.862896 44.704651 3.706717
v 43.831860 43.469833 2.838408
v 48.541790 40.179668 3.108015
v 53.760777 36.272392 3.314700
v 60.104053 31.287447 4.573486
v 70.912560 23.096174 4.049085
v 75.298561 20.049608 3.041995
v 82.327171 15.575477 4.294291
v 102.454994 6.559417 4.119491
v 110.120155 4.470515 5.146104
v 112.720818 3.913684 3.723071
v 118.015755 2.932905 4.143594
v -123.199829 2.188033 1.667054
v -117.903000 2.962065 1.266418
v -112.201187 4.034947 0.807053
v -108.871071 4.794864 0.392163
v -98.452988 7.953403 2.031854
v -89.768234 11.643077 1.622101
v -84.604446 14.325765 1.844038
v -83.211273 15.055670 4.165332
v -82.040497 15.806012 1.276577
v -75.552277 19.879211 2.920094
v -72.977570 21.658821 2.771497
v -70.433029 23.484926 2.694553
v -59.336170 32.011383 0.132205
v -55.243713 35.203632 1.291351
v -50.822994 38.568382 1.607988
v -46.496471 41.713425 -0.093497
v -38.550144 46.800262 -0.172109
v -35.633072 48.390469 0.004686
v -32.944702 49.712700 1.223790
v -28.157394 51.723297 0.395898
v -25.273977 52.702969 1.534693
v -22.119225 53.590687 0.976146
v -18.959612 54.305565 0.698970
v -15.932789 54.845089 1.506070
v -10.815585 55.480129 1.023430
v -5.800601 55.815815 0.163965
v -2.902058 55.912823 1.334146
v -0.722282 55.944489 -0.698466
v 2.080859 55.931454 0.302215
v 7.315984 55.732536 2.007465
v 9.679480 55.573982 0.942343
v 17.648554 54.543537 1.717835
v 25.376038 52.668861 0.992799
v 30.486742 50.758881 2.513557
v 42.327305 44.504185 0.715839
v 44.685291 42.952801 0.391512
v 47.039368 41.328033 0.546452
v 49.460133 39.583740 0.546851
v 53.652752 36.432369 0.704031
v 55.798485 34.752407 2.014511
v 57.866364 33.161335 0.201934
v 59.946129 31.532541 1.532820
v 72.995132 21.668522 2.002624
v 75.161293 20.186285 0.009961
v 77.517059 18.618294 1.139482
v 79.700279 17.228222 -0.687811
v 90.619705 11.219200 2.371730
v 88.824516 12.101245 0.210928
v 96.225464 8.803054 0.771900
v 102.380028 6.607315 0.906457
v 112.863121 3.896580 0.599996
v 118.076935 2.934309 1.354399
v 123.158081 2.193474 0.546552
v -123.126053 2.197169 -1.508272
v -117.916267 2.958940 -1.736091
v -113.080933 3.847615 -2.078121
v -101.581116 6.859777 -2.955089
v -93.504097 9.926580 -1.595487
v -89.148109 11.905550 -3.808579
v -81.260666 16.258291 -2.011472
v -66.759979 26.261354 -0.236694
v -65.443245 27.202579 -3.199977
v -62.856789 29.226763 -2.392934
v -60.743519 30.896141 -1.826695
v -57.067104 33.786030 -0.783684
v -52.972630 36.949886 -0.069897
v -51.029293 38.419933 -1.241198
v -41.293362 45.160961 -0.302580
v -34.425880 48.930756 -3.173590
v -33.151428 49.619122 -1.179061
v -31.545954 50.269653 -3.345358
v -28.558855 51.507271 -2.940866
v -23.789358 53.128212 -1.335445
v -21.032492 53.838570 -1.702695
v -16.361485 54.783447 -1.202949
v -13.600390 55.180466 -0.245871
v -8.586073 55.655579 -0.875760
v 1.604103 55.915680 -2.678322
v 4.880267 55.859119 1.276552
v 7.210492 55.749477 -0.589065
v 9.932474 55.537968 -2.203066
v 15.921057 54.795551 -3.247112
v 18.830744 54.275284 -3.221139
v 30.300304 50.873806 -0.721119
v 33.264557 49.555874 -1.794416
v 38.730034 46.605312 -3.614099
v 43.144127 43.943466 -2.212612
v 47.923843 40.674995 -1.935161
v 53.604939 36.432995 -2.330873
v 55.694145 34.854988 -1.097266
v 60.048939 31.443550 -1.743313
v 64.142868 28.264750 0.474149
v 65.062889 27.515032 -2.621986
v 68.452477 24.984715 -0.056981
v 70.223022 23.644598 -2.528920
v 82.001579 15.807714 -2.447969
v 86.821388 13.123678 -1.956951
v 94.249725 9.607689 -1.511736
v 99.388977 7.613255 -0.059404
v 104.858253 5.861869 -0.911375
v 110.414871 4.427565 -1.646636
v 113.665825 3.723946 -2.375956
v 119.632790 2.680052 -3.024993
v 122.875267 2.225299 -2.878039
v -120.175529 2.580055 -6.126121
v -118.144310 2.911719 -4.343739
v -112.128403 4.031003 -4.676390
v -110.398331 4.428033 -2.155705
v -104.440613 5.975814 -2.876408
v -102.886826 6.404726 -5.711396
v -98.782372 7.822414 -2.842299
v -97.059349 8.425372 -5.121282
v -94.362633 9.518526 -4.625198
v -87.423378 12.702300 -6.229931
v -84.752090 14.139735 -5.758160
v -82.160835 15.637820 -5.211216
v -79.742538 17.117748 -4.783303
v -77.249023 18.697809 -4.907748
v -72.356758 21.994141 -5.452367
v -69.861549 23.782179 -5.544193
v -63.097893 28.911222 -5.181262
v -60.903774 30.459974 -7.209161
v -52.294598 37.368351 -3.727321
v -47.967411 40.413017 -5.783863
v -45.886917 41.934284 -5.171176
v -42.441216 44.355591 -3.151711
v -35.604259 48.165573 -5.752008
v -32.858971 49.509102 -5.873002
v -27.247313 51.807236 -5.935370
v -25.530193 52.536209 -3.694970
v -22.612577 53.369793 -4.208634
v -19.845047 54.023525 -4.520882
v -16.994333 54.593250 -4.102502
v -14.209397 55.045410 -3.206332
v -9.241457 55.539589 -4.169350
v -4.143859 55.794697 -4.944225
v -1.236312 55.893410 -3.757365
v 1.217273 55.822506 -5.658392
v 6.457635 55.621452 -6.377335
v 6.798420 55.725193 -3.331604
v 14.151559 54.949150 -5.680311
v 17.103304 54.474751 -5.887947
v 24.957165 52.761978 -2.432799
v 28.208218 51.633213 -3.286950
v 31.161640 50.421318 -3.879902
v 33.985886 49.074997 -4.757390
v 36.693150 47.603111 -5.654145
v 44.098057 43.138538 -5.383422
v 46.781155 41.363953 -4.657564
v 49.223812 39.643028 -4.095084
v 50.873333 38.276867 -5.936164
v 53.223839 36.551647 -5.396443
v 55.395267 34.967388 -4.329005
v 59.168194 32.027695 -4.396401
v 61.265968 30.370840 -4.704607
v 63.622627 28.519129 -5.012482
v 66.168304 26.546276 -5.362466
v 68.631569 24.685493 -5.565075
v 71.119698 22.866652 -5.618422
v 76.792099 18.963001 -5.575623
v 79.453827 17.324913 -3.942071
v 81.791626 15.842716 -5.517381
v 87.504410 12.709261 -4.874343
v 95.222809 9.174686 -4.338940
v 101.965492 6.703301 -5.207052
v 104.549461 5.933307 -4.024956
v 107.320374 5.180172 -2.799406
v 112.192780 4.017759 -4.662409
v 118.069267 2.913591 -5.597568
v -122.524811 2.241999 -8.205655
v -119.127914 2.714163 -8.929561
v -115.857147 3.240573 -9.931705
v -114.029129 3.611126 -7.062310
v -109.518242 4.534796 -9.935345
v -107.529610 5.059582 -7.895681
v -98.054764 7.992287 -7.876179
v -95.388611 9.027555 -7.553458
v -91.197655 10.699354 -10.135593
v -88.351242 12.100348 -9.100972
v -85.611572 13.543153 -8.499549
v -73.867874 20.765331 -8.220521
v -71.380669 22.495556 -8.301124
v -68.945602 24.247545 -8.367740
v -65.113098 27.275858 -6.404144
v -63.006577 28.746017 -8.089483
v -59.014755 31.675480 -9.439305
v -58.537632 32.380943 -6.194144
v -54.486107 35.292358 -8.419797
v -48.150730 39.964062 -8.724395
v -43.586670 43.394878 -6.242864
v -39.202858 45.907799 -8.353268
v -34.074020 48.662338 -8.505173
v -31.362949 49.923229 -8.537910
v -28.645948 51.040985 -8.569956
v -25.968237 51.992386 -8.671670
v -16.094366 54.409187 -9.012018
v -15.084150 54.785881 -6.138754
v -9.982759 55.325077 -7.339170
v -7.068273 55.595886 -6.274678
v -4.706229 55.615524 -8.002313
v -1.701854 55.768093 -6.718244
v 3.768129 55.673843 -7.602634
v 15.258989 54.576096 -8.624799
v 16.496492 54.039856 -11.748378
v 18.287342 54.044521 -8.545616
v 24.408260 52.551975 -8.140694
v 31.975090 49.827099 -6.873066
v 37.219177 46.996231 -8.614170
v 39.301376 46.046730 -6.566684
v 52.293236 36.990990 -8.158100
v 54.944660 35.017029 -7.813610
v 57.415787 32.980045 -8.857880
v 62.128395 29.464237 -7.740373
v 64.639000 27.573608 -7.328023
v 66.919449 25.733234 -8.507188
v 69.653229 23.732920 -8.337271
v 73.874825 20.921654 -5.691521
v 74.889381 20.071209 -8.179883
v 77.227577 18.460165 -9.079314
v 79.375145 17.234003 -7.189174
v 81.723068 15.712075 -8.791146
v 85.998314 13.399909 -7.304707
v 91.375641 10.736005 -7.588679
v 94.044769 9.582565 -7.019608
v 101.459450 6.802288 -8.331737
v 104.124878 6.010260 -7.199770
v 106.742676 5.298158 -6.007094
v 111.051361 4.229728 -6.986980
v 116.749611 3.099920 -8.488965
v 120.095474 2.577833 -7.800043
v 122.980347 2.194247 -6.349156
v -123.300682 2.116144 -10.955515
v -118.281288 2.809580 -11.634507
v -111.207596 4.105688 -11.810445
v -106.561256 5.249403 -10.766656
v -103.857910 5.948949 -12.181942
v -99.029655 7.563604 -10.152816
v -96.318260 8.532102 -10.788220
v -93.796059 9.587653 -9.670100
v -88.984650 11.627527 -12.004228
v -82.973831 15.023444 -8.131313
v -81.187485 15.903222 -10.648970
v -75.443359 19.463890 -10.957702
v -72.826332 21.211731 -11.142886
v -70.246010 23.031685 -11.073809
v -67.808708 24.779972 -11.216662
v -63.299496 28.184582 -11.017464
v -61.187935 29.906912 -10.225493
v -57.162247 32.746201 -11.929971
v -54.840530 34.608265 -11.399590
v -52.531300 36.473267 -10.710304
v -48.201069 39.475807 -11.705414
v -43.720352 42.881489 -9.796744
v -37.717819 46.355049 -11.102437
v -35.233337 47.682785 -11.202508
v -32.582851 48.988987 -11.216463
v -29.849701 50.189186 -11.262193
v -24.407484 52.174931 -11.218904
v -21.661438 53.050758 -10.611927
v -19.014132 53.773357 -9.786786
v -13.054012 54.934486 -8.154616
v -11.043603 54.988106 -10.212262
v -7.780715 55.316830 -9.706975
v -4.838443 55.378765 -10.866297
v 0.192636 55.413235 -11.442793
v 6.542038 55.399498 -9.581252
v 10.017341 55.074196 -10.398530
v 13.150620 54.634773 -11.163260
v 21.315708 52.823048 -12.771724
v 22.729416 52.765980 -10.628181
v 25.478397 51.872231 -10.996555
v 27.248873 51.563377 -8.518330
v 30.821917 49.681488 -11.892949
v 32.722729 49.131828 -9.834969
v 35.233940 47.759998 -10.760335
v 39.638580 45.476849 -9.579865
v 41.842499 43.949528 -10.791742
v 43.951469 42.853207 -8.908036
v 45.953041 41.258419 -10.583499
v 50.506912 37.986870 -10.668495
v 53.224709 35.962139 -10.648013
v 55.613354 34.064026 -11.124816
v 57.853020 32.239635 -11.783491
v 61.879547 29.295971 -10.844612
v 63.500038 27.786201 -12.732115
v 65.987740 26.062275 -11.714370
v 68.521751 24.253088 -11.271676
v 73.196846 21.048069 -10.270391
v 75.139526 19.639925 -11.208817
v 77.264397 18.137930 -12.441186
v 79.549942 16.897667 -10.556183
v 84.238609 14.218897 -9.810872
v 87.026917 12.714006 -10.298800
v 92.519920 9.976955 -12.809093
v 97.668022 7.959243 -12.332271
v 103.586090 6.092025 -10.311764
v 105.855576 5.387241 -12.265674
v 113.957771 3.575366 -10.514364
v 116.695625 3.062055 -11.710187
v 119.574448 2.623903 -10.720118
v 122.555611 2.223369 -9.772907
v -122.519058 2.180490 -13.717318
v -119.430222 2.585300 -14.534825
v -116.322403 3.098509 -13.421357
v -113.837051 3.490047 -15.492442
v -111.240288 4.035099 -14.377204
v -108.621262 4.586893 -15.491763
v -106.223114 5.247995 -13.715192
v -103.751167 5.857752 -15.367512
v -98.674515 7.581252 -12.803706
v -96.040779 8.459514 -14.336891
v -93.647888 9.514035 -12.449544
v -91.205208 10.488431 -13.697802
v -87.097244 12.458291 -13.510670
v -84.850288 13.620934 -13.474751
v -79.698898 16.556667 -13.279719
v -77.030380 18.192715 -13.417500
v -71.445061 21.864420 -13.756542
v -68.787659 23.731878 -13.812065
v -63.941013 27.295160 -13.799991
v -59.813374 30.078869 -15.563733
v -55.223339 33.791218 -14.361587
v -52.847935 35.690449 -13.823663
v -50.342209 37.651608 -13.271541
v -47.934265 39.165401 -14.317202
v -43.576744 42.403862 -13.119536
v -39.120518 45.111214 -13.564027
v -33.831261 47.915466 -13.890154
v -31.043903 49.236385 -13.849742
v -22.558386 52.378178 -13.554814
v -9.737068 54.830250 -12.740789
v -4.163472 55.089546 -13.716591
v -1.156847 55.057079 -14.458502
v 8.014809 55.048546 -12.151299
v 10.645306 54.626522 -13.692531
v 13.908026 54.133869 -14.111915
v 23.742292 52.031731 -13.450341
v 33.369144 48.328262 -12.902107
v 39.763977 44.885612 -12.658023
v 43.849140 42.391441 -12.217859
v 49.615543 38.187683 -13.242188
v 51.648743 36.706913 -13.192423
v 56.293705 32.959732 -14.490718
v 59.889610 30.628304 -12.092879
v 61.175747 29.373640 -13.841403
v 64.920921 26.415056 -14.637331
v 67.430923 24.671473 -14.054866
v 70.091316 22.740025 -14.199496
v 72.734016 21.076239 -12.911697
v 74.951294 19.419344 -14.279070
v 77.103737 17.850313 -15.840082
v 81.107292 15.520885 -15.169339
v 85.743263 12.961840 -15.473215
v 87.767677 12.142844 -13.203003
v 90.254425 10.875157 -14.343907
v 95.099678 8.830731 -14.275036
v 97.512199 7.844013 -15.626626
v 102.998039 6.160781 -13.311388
v 105.274185 5.433021 -15.255868
v 108.189163 4.729147 -14.189185
v 111.265556 4.067868 -12.925718
v 114.131920 3.491254 -13.014355
v 122.210548 2.231777 -12.946643
v -121.916550 2.212790 -16.683308
v -119.304459 2.536400 -17.977009
v -116.672737 2.972003 -16.500195
v -107.696190 4.709151 -18.138783
v -104.409431 5.530547 -18.552809
v -95.837463 8.308575 -17.941166
v -93.433212 9.397756 -15.794538
v -90.776222 10.431040 -17.016739
v -88.101006 11.563278 -17.996780
v -81.101471 15.428334 -16.063713
v -78.501198 16.948923 -16.168413
v -74.284210 19.338097 -17.929644
v -72.019325 21.035999 -16.739296
v -67.257736 24.322224 -16.922705
v -60.151634 29.173426 -18.627918
v -57.870266 31.024872 -17.954769
v -55.574749 32.886166 -17.338621
v -53.259590 34.732651 -16.849503
v -50.941368 36.538345 -16.449549
v -48.600662 38.216389 -16.490068
v -43.658607 41.693832 -16.102688
v -40.944279 43.537857 -15.599716
v -37.823692 45.186295 -16.500484
v -29.394022 49.381054 -16.423285
v -20.756771 52.328171 -16.344078
v -18.024050 52.604130 -18.108160
v -11.880911 54.177826 -15.551602
v -8.682614 54.544857 -15.429556
v 7.339183 54.774395 -14.668886
v 9.208411 54.267223 -16.809929
v 11.972372 53.968288 -16.708029
v 19.056303 52.645061 -16.895258
v 21.594229 51.796291 -17.708065
v 27.407286 50.120243 -16.667562
v 36.699707 45.667763 -17.083117
v 41.542713 42.785236 -17.175295
v 43.739540 41.802528 -15.391270
v 49.966740 37.405960 -15.698248
v 52.153248 35.765953 -15.893532
v 62.546833 27.982426 -15.796982
v 66.101929 25.249868 -16.428349
v 68.106674 23.732241 -16.823654
v 72.495766 20.846668 -15.827339
v 74.809128 19.089613 -17.347351
v 79.182472 16.403938 -17.251432
v 84.041656 13.577140 -18.120564
v 88.175301 11.689169 -16.302912
v 90.431747 10.529101 -17.661915
v 95.009590 8.679401 -17.174665
v 99.714722 6.982809 -17.450399
v 107.454247 4.802152 -17.283180
v 113.077293 3.639429 -15.478715
v 118.153168 2.741760 -16.508694
v -121.584625 2.188759 -20.095650
v -119.115799 2.488219 -21.231821
v -116.739021 2.884979 -19.532955
v -101.672203 6.227673 -20.028059
v -91.931717 9.419745 -22.787914
v -89.977180 10.495124 -20.229456
v -85.332420 12.869394 -18.499043
v -82.600792 14.280706 -18.700581
v -79.904922 15.780345 -18.771339
v -77.023270 17.439968 -19.151337
v -74.577507 18.628340 -21.070070
v -71.876465 20.543266 -20.135191
v -69.316689 22.104683 -20.896296
v -69.613564 22.386572 -18.415129
v -62.503422 27.325155 -19.154940
v -60.341442 28.259598 -21.783302
v -58.079144 30.087856 -21.099216
v -55.812878 31.965494 -20.313301
v -53.517181 33.790565 -19.822620
v -51.245907 35.551804 -19.459318
v -48.960316 37.248596 -19.228455
v -41.708744 42.303040 -18.561378
v -39.032974 43.873451 -18.799055
v -33.192631 46.975468 -19.023216
v -30.781427 48.288723 -18.376324
v -28.326624 49.120296 -19.219910
v -25.665161 49.810993 -20.346329
v -17.856646 51.857742 -21.243685
v -9.747066 53.963070 -18.087488
v -6.678936 54.290455 -17.809521
v -4.188107 54.026718 -19.881077
v -0.794663 53.979275 -20.458488
v 7.510650 53.900188 -19.527369
v 10.403737 53.595753 -19.566729
v 16.634180 52.706577 -19.035362
v 25.873327 50.024170 -19.333590
v 28.839827 48.934013 -19.098740
v 31.802530 47.684586 -18.860016
v 32.736866 46.550240 -21.154238
v 36.922916 44.591969 -20.424967
v 39.179485 43.785610 -18.793150
v 41.423645 41.992691 -20.234886
v 43.651306 41.082558 -18.448065
v 45.802067 40.125061 -16.642580
v 47.926548 37.627857 -20.379362
v 51.726727 34.792000 -20.868580
v 52.985157 34.563713 -18.330915
v 56.587708 31.427967 -20.203127
v 57.737976 31.291050 -17.237349
v 61.572105 28.048246 -18.960861
v 63.332531 26.365944 -20.668104
v 67.984612 23.230761 -19.905886
v 85.354408 12.578922 -20.895800
v 88.154213 11.397471 -19.472315
v 94.883232 8.521638 -19.945469
v 104.607124 5.490449 -18.224533
v 112.246429 3.711965 -18.480305
v 115.111267 3.213199 -17.451992
v 117.056114 2.837831 -19.312208
v 121.711685 2.183055 -19.652296
v -121.146111 2.167788 -23.433371
v -109.185616 4.174522 -22.858551
v -106.037903 4.838154 -23.853487
v -99.438934 6.785122 -21.963392
v -96.832649 7.704067 -21.227278
v -88.800201 10.694551 -23.182669
v -87.077255 11.754534 -20.803646
v -74.787811 17.940071 -24.068617
v -72.399567 19.590034 -23.248955
v -69.975235 21.197744 -23.101473
v -67.450974 22.920130 -23.005161
v -65.121902 24.649570 -22.552486
v -62.751892 26.426289 -22.165596
v -58.009289 29.152851 -24.574282
v -55.887325 31.078173 -23.245743
v -53.602512 32.891014 -22.726841
v -51.344318 34.619991 -22.400707
v -49.110901 36.293228 -22.086710
v -46.866695 37.940247 -21.771502
v -44.415886 39.579697 -21.785666
v -42.148338 41.097721 -21.613808
v -40.123730 42.553692 -20.962027
v -30.636051 47.656048 -20.796417
v -27.920830 48.383495 -22.227703
v -25.208027 48.994774 -23.505510
v -2.907675 53.363655 -22.794168
v 0.220994 53.316242 -23.132587
v 5.524939 53.490604 -21.809170
v 23.366066 49.064671 -25.147186
v 30.233402 47.649509 -21.386652
v 37.164913 43.520721 -23.255680
v 39.207516 42.797241 -21.955332
v 43.593571 40.228977 -21.435005
v 45.770630 38.483570 -22.408764
v 47.877140 36.777607 -23.194794
v 50.143494 35.102875 -23.487370
v 52.526268 33.475826 -23.303793
v 55.015301 31.777416 -23.021626
v 57.634346 29.983377 -22.685974
v 60.500637 28.005009 -22.339190
v 62.962410 25.909300 -23.545799
v 65.527328 24.501266 -21.965849
v 67.773430 22.709499 -22.960455
v 70.178261 21.537008 -20.833044
v 72.484810 19.817213 -21.873171
v 75.021835 18.079264 -22.615732
v 80.487755 14.695579 -23.835184
v 83.232185 13.367344 -23.042761
v 85.453194 12.126203 -24.049650
v 90.570930 10.169066 -20.887295
v 92.742958 9.434497 -19.067741
v 111.538200 3.736957 -21.641144
v 113.903275 3.232499 -23.438841
v 116.522034 2.846284 -22.173447
v 119.183861 2.483082 -21.038641
v 121.299278 2.169393 -22.642097
v -115.275406 2.963696 -24.709414
v -112.796234 3.329720 -26.072500
v -110.278954 3.814667 -25.752848
v -107.730919 4.356827 -25.539934
v -105.141182 4.853965 -27.234678
v -100.437714 6.278980 -24.840096
v -101.794701 6.031264 -22.663315
v -97.653900 7.183455 -24.323608
v -94.860008 8.200438 -23.753826
v -90.148109 9.809192 -25.858385
v -87.258965 11.040047 -25.936663
v -84.390770 12.354367 -26.062473
v -82.752472 13.494173 -23.869520
v -81.502502 13.697804 -26.640991
v -77.031349 16.312094 -25.660501
v -72.663239 18.806623 -26.142597
v -70.337975 20.339836 -25.843513
v -67.889717 21.973509 -25.694510
v -65.435226 23.687130 -25.467482
v -63.024860 25.438435 -25.160038
v -60.578129 27.241819 -24.857710
v -55.550182 30.497301 -25.850500
v -53.510231 32.047756 -25.550756
v -51.280293 33.712654 -25.294260
v -49.021999 35.385254 -24.999283
v -46.824821 37.027084 -24.575392
v -42.266441 39.896130 -24.873734
v -39.888760 41.751987 -23.765453
v -37.335297 42.735779 -25.165888
v -32.723190 45.333885 -24.726341
v -30.250557 46.053440 -25.910990
v -27.587509 47.386436 -25.448193
v -24.521318 48.159157 -26.464516
v -22.304998 49.569298 -24.712296
v -19.306774 49.815746 -26.442629
v -14.164336 51.462997 -25.140257
v -9.160949 52.755703 -23.331593
v -7.648870 52.165577 -25.804047
v -4.606365 52.513252 -25.481443
v -1.636173 52.634682 -25.462109
v 3.877302 52.353531 -26.040407
v 6.526940 52.548851 -24.905586
v 9.837478 52.184097 -24.990438
v 12.926510 51.781502 -24.824080
v 15.869598 51.313583 -24.529720
v 18.739046 50.576778 -24.726397
v 20.993731 49.613033 -25.679701
v 27.943762 46.746418 -26.697313
v 30.672522 45.818924 -26.028490
v 33.400097 44.687473 -25.568228
v 35.967098 43.331638 -25.586426
v 38.822849 41.812153 -25.363747
v 41.317062 41.041779 -23.331633
v 43.606121 39.225681 -24.365049
v 45.833504 37.438786 -25.289642
v 48.117973 35.689789 -25.840952
v 50.571613 33.968788 -25.931461
v 53.084793 32.269165 -25.769920
v 55.633698 30.550255 -25.527809
v 58.192749 28.805861 -25.304926
v 60.517418 27.091902 -25.509884
v 62.581848 25.460110 -26.117687
v 65.153793 23.950712 -25.224062
v 67.758362 22.016523 -25.858500
v 70.201874 20.246058 -26.593666
v 72.683037 19.097195 -24.780897
v 75.174057 17.328190 -25.959026
v 77.590858 16.450172 -23.094065
v 82.838486 13.163035 -25.747641
v 85.225479 11.812140 -27.031889
v 87.832504 10.866009 -25.341452
v 95.611610 7.837544 -24.851698
v 103.254257 5.346159 -26.937729
v 106.038261 4.755432 -25.418819
v 111.244980 3.664532 -24.801449
v 116.292648 2.789901 -25.146873
v 118.471046 2.435364 -26.357483
v -117.412926 2.550786 -27.267548
v -111.423981 3.462124 -28.621031
v -108.244545 4.109641 -28.048138
v -98.801506 6.581726 -27.214418
v -94.028282 7.941604 -29.267735
v -91.158531 9.043026 -28.845886
v -85.605133 11.409696 -28.551374
v -83.213814 12.555674 -28.391624
v -73.234322 17.858234 -28.811228
v -70.760811 19.405540 -28.613111
v -68.297508 21.003746 -28.434914
v -65.815384 22.663839 -28.275160
v -63.350994 24.367218 -28.079430
v -60.915375 26.094913 -27.862434
v -58.501793 27.817575 -27.699675
v -56.093609 29.408005 -27.966255
v -53.570477 31.056473 -28.269014
v -51.212524 32.736000 -28.123329
v -48.841576 34.440102 -27.884781
v -46.496414 36.174843 -27.451485
v -41.516628 38.997490 -28.358448
v -38.471470 39.900200 -30.403532
v -26.237537 46.734299 -28.418850
v -23.196463 47.370274 -29.514126
v -16.172913 50.358364 -27.059235
v -13.411233 50.780354 -27.449587
v -5.939298 51.457371 -28.246561
v 2.412987 51.667625 -28.208860
v 5.410952 51.612141 -27.923637
v 16.378630 49.472233 -29.204203
v 21.457405 47.051159 -31.500879
v 27.017305 45.971462 -29.436903
v 36.888092 41.755154 -28.234930
v 39.362328 40.252800 -28.437868
v 41.634727 38.725658 -28.820024
v 45.846924 36.317001 -28.184088
v 48.347435 34.552040 -28.447445
v 50.909950 32.818535 -28.442448
v 53.455559 31.119995 -28.309561
v 55.951427 29.440149 -28.165384
v 58.336555 27.783249 -28.165199
v 60.642223 26.125484 -28.363674
v 63.143753 24.446724 -28.286255
v 65.544991 22.845181 -28.268692
v 67.883141 21.188023 -28.715628
v 70.014565 19.699316 -29.248390
v 71.035530 18.508240 -31.460117
v 80.444336 14.101225 -27.482723
v 82.739784 12.699727 -28.888483
v 102.836044 5.260516 -29.668934
v 105.982887 4.574117 -28.669899
v 114.057724 2.973070 -29.461229
v 116.387215 2.544216 -31.548285
v -118.988358 2.245290 -30.308294
v -116.302818 2.625838 -29.719067
v -111.457008 3.319306 -31.474953
v -103.194695 5.132761 -30.183632
v -100.066177 5.978388 -29.959017
v -96.976685 6.921384 -29.684662
v -89.180412 9.480775 -31.449854
v -88.338234 10.204846 -28.636103
v -86.296150 10.701161 -31.221083
v -83.490906 12.000946 -30.929123
v -81.100060 13.359503 -29.732500
v -76.794243 15.359909 -30.981764
v -74.084702 16.801790 -31.218666
v -71.386688 18.358179 -31.247915
v -68.780052 19.962828 -31.144402
v -66.216080 21.603395 -31.030186
v -63.685097 23.273811 -30.908207
v -61.195637 24.958475 -30.772135
v -58.749218 26.639277 -30.659081
v -56.311237 28.282574 -30.685360
v -53.805023 29.933289 -30.821629
v -51.279186 31.630161 -30.839645
v -48.769974 33.362003 -30.692434
v -46.235126 35.142902 -30.397581
v -43.454777 35.767593 -32.926941
v -41.146397 37.878937 -31.397526
v -35.366135 41.297771 -31.096483
v -33.664722 43.021545 -29.259068
v -30.547932 43.918072 -30.621983
v -27.665520 45.131588 -30.739676
v -23.314016 45.945213 -32.506382
v -20.962492 47.037060 -31.850054
v -15.458356 48.391552 -32.105686
v -12.554003 49.032982 -31.992491
v -6.872336 50.244743 -31.059116
v -4.108763 50.653069 -30.586088
v -1.636115 50.962288 -30.064798
v 0.950589 50.636379 -30.897541
v 6.539436 50.459461 -30.609589
v 9.913753 50.241413 -30.208796
v 13.273464 49.604515 -30.440908
v 16.153219 48.340794 -31.888296
v 19.058599 48.334122 -30.260050
v 23.516851 45.528927 -33.214619
v 24.200336 46.665672 -30.309513
v 28.981535 44.312424 -31.277859
v 31.999496 43.278217 -30.504177
v 34.859299 41.691753 -30.825359
v 37.507671 40.177502 -30.998856
v 43.203506 36.987350 -30.587160
v 45.945847 35.110443 -30.920500
v 48.581459 33.346470 -31.028912
v 51.155899 31.647644 -31.000282
v 53.666222 29.989765 -30.920305
v 56.101368 28.356630 -30.876469
v 58.487728 26.728069 -30.918722
v 60.916412 25.086966 -30.954441
v 63.366264 23.462643 -30.966583
v 65.765450 21.849915 -31.154015
v 68.227448 20.196098 -31.506363
v 75.787048 15.837448 -31.268578
v 78.197563 14.873304 -29.657166
v 80.313339 13.526005 -30.967239
v 82.714966 12.162638 -32.023918
v 85.138596 11.395817 -30.017349
v 87.647446 10.171432 -30.979319
v 90.561386 8.939976 -31.471642
v 93.850906 7.738265 -31.634850
v 100.261154 5.851406 -30.886911
v 104.589874 4.719485 -31.301165
v 108.980927 3.869628 -29.753735
v 113.980690 2.871514 -32.152405
v 119.138954 2.203376 -31.046574
v -118.533646 2.186463 -33.799908
v -115.610634 2.499738 -35.397995
v -112.907471 2.965969 -33.895641
v -99.280350 5.761585 -34.796818
v -95.102837 7.249880 -32.306553
v -93.022141 7.644589 -34.755795
v -89.965965 8.787275 -34.258862
v -86.980400 9.997425 -33.912693
v -80.906120 12.818186 -33.082184
v -77.786705 14.265446 -33.569508
v -74.939903 15.735973 -33.685940
v -72.137405 17.265207 -33.764858
v -69.380722 18.861868 -33.758358
v -66.688469 20.496458 -33.707523
v -64.050674 22.152756 -33.645512
v -61.469547 23.819550 -33.571102
v -58.943741 25.484032 -33.492699
v -56.450481 27.134420 -33.453167
v -53.944908 28.781004 -33.472034
v -51.408543 30.444689 -33.484554
v -48.847775 32.141781 -33.413872
v -46.232536 33.893745 -33.235935
v -40.741821 36.879139 -34.015305
v -38.559578 38.385941 -33.517181
v -36.085411 39.789379 -33.437317
v -33.348473 41.055470 -33.747997
v -30.710754 42.404594 -33.597404
v -28.294376 43.637581 -33.283875
v -25.753616 44.746407 -33.128544
v -21.286777 45.606182 -34.529926
v -19.138699 46.605026 -33.884483
v -16.571058 46.850521 -34.728771
v -10.630925 48.221004 -34.381828
v -7.708078 48.907856 -33.797089
v -1.807863 49.892361 -32.519958
v 3.544936 49.854519 -32.442207
v 6.022628 49.148708 -33.618019
v 13.675126 48.052528 -33.655067
v 18.719135 47.155312 -32.986664
v 20.883514 45.811768 -34.379711
v 26.216450 45.014626 -32.192200
v 28.152451 43.342922 -33.987976
v 30.534786 42.795662 -32.958855
v 32.812172 41.556278 -33.259026
v 35.445606 40.092651 -33.501949
v 38.135643 38.569473 -33.626274
v 40.917198 37.018238 -33.525967
v 43.590229 35.435623 -33.473454
v 46.207008 33.753853 -33.586575
v 48.787296 32.090019 -33.623734
v 51.313755 30.458530 -33.599453
v 53.782627 28.852562 -33.563030
v 56.208920 27.258690 -33.552544
v 58.633743 25.663191 -33.563095
v 61.075012 24.066216 -33.589455
v 63.517330 22.470194 -33.698750
v 65.965317 20.859083 -33.950500
v 68.469810 19.249678 -34.254333
v 70.763947 17.734581 -34.871593
v 73.166008 16.940968 -32.734989
v 75.093498 15.601400 -33.880684
v 77.688286 14.377094 -33.286869
v 80.254280 12.904332 -34.211170
v 82.810196 11.565167 -35.036327
v 85.265839 10.868364 -32.918854
v 88.017853 9.630965 -33.581463
v 90.921585 8.467093 -34.019485
v 93.483818 7.471085 -34.935810
v 96.332596 6.707187 -33.792828
v 99.309845 5.889138 -33.362133
v 102.185677 5.194974 -32.655510
v 109.627907 3.569814 -32.997677
v 112.415382 3.028830 -34.198795
v 115.350975 2.572203 -34.539268
v -115.323349 2.402614 -38.599426
v -112.919136 2.806973 -37.094250
v -107.235596 3.892501 -35.187622
v -104.673569 4.297973 -36.856396
v -101.910004 5.015638 -35.695896
v -96.292160 6.537243 -35.472389
v -93.538757 7.114107 -37.674709
v -90.587387 8.162313 -37.074928
v -87.641747 9.302437 -36.641521
v -84.688187 10.536935 -36.301636
v -81.733269 11.865932 -35.998043
v -79.538391 12.314164 -38.595310
v -78.813820 13.225879 -35.973263
v -75.825371 14.663931 -36.155270
v -72.916527 16.168848 -36.246605
v -70.057983 17.735331 -36.289238
v -67.248039 19.350121 -36.294800
v -64.490082 20.994425 -36.287418
v -61.791683 22.651714 -36.269417
v -59.161362 24.308735 -36.230713
v -56.590042 25.955862 -36.182465
v -54.048725 27.590590 -36.151020
v -51.511654 29.219501 -36.134895
v -48.967552 30.849306 -36.096134
v -46.412922 32.485840 -36.007206
v -43.854534 34.102116 -35.900627
v -41.290703 35.506207 -36.134228
v -38.641747 36.910534 -36.339329
v -36.269577 38.310432 -36.131752
v -33.712055 39.641853 -36.112858
v -31.092947 40.877468 -36.166744
v -28.549532 42.104923 -35.994106
v -26.079136 43.276253 -35.698402
v -21.378950 44.146641 -37.174919
v -18.954418 45.417408 -36.237633
v -11.606160 46.511127 -37.280975
v -2.235271 48.476009 -35.402443
v 0.742651 47.842999 -36.682869
v 3.371772 48.547539 -35.163780
v 11.282251 47.488800 -35.583252
v 16.212698 46.892014 -34.808502
v 19.895384 44.625980 -37.157154
v 22.714033 44.333584 -36.058712
v 27.331104 42.313782 -36.545876
v 30.367563 41.510433 -35.589630
v 33.203499 39.988037 -35.920933
v 35.876579 38.510326 -36.137375
v 38.564602 37.023708 -36.199520
v 41.223148 35.522129 -36.179852
v 43.819977 33.980545 -36.193443
v 46.382153 32.400726 -36.228054
v 48.911812 30.822392 -36.231525
v 51.399567 29.257154 -36.212421
v 53.850319 27.703461 -36.191673
v 56.284298 26.153414 -36.180473
v 58.722870 24.600351 -36.189671
v 61.167427 23.039320 -36.261597
v 63.606045 21.469128 -36.461269
v 66.024521 19.898989 -36.810349
v 68.367828 18.367851 -37.346180
v 70.652161 16.876228 -38.082409
v 72.961304 16.253462 -35.830635
v 75.444420 14.820731 -36.319252
v 77.897194 13.513039 -36.658585
v 80.381378 12.199258 -37.327282
v 85.454552 10.316485 -35.713505
v 88.162033 9.165152 -36.252468
v 90.745178 8.140652 -36.842094
v 92.975540 7.290964 -37.675964
v 95.501366 6.605237 -36.974968
v 98.436470 5.850588 -36.310215
v 102.812012 4.564915 -38.566738
v 107.766777 3.610319 -37.987450
v 110.335335 3.270549 -36.144657
v 117.107231 2.242766 -36.880192
v -112.995621 2.651211 -39.976654
v -110.495522 3.067042 -39.257492
v -107.603981 3.630299 -38.149994
v -104.998177 3.995896 -39.990631
v -101.974480 4.733712 -38.831673
v -96.354988 6.154408 -38.787506
v -93.600792 6.721033 -40.628605
v -90.924454 7.639993 -39.957088
v -88.132904 8.669246 -39.438847
v -85.288666 9.805717 -39.033962
v -82.415680 11.026964 -38.736660
v -76.624367 13.669453 -38.624943
v -73.680008 15.106831 -38.712738
v -70.757561 16.616552 -38.774162
v -67.870491 18.189627 -38.813007
v -65.016884 19.804815 -38.842625
v -62.202610 21.445280 -38.872475
v -59.449085 23.093058 -38.885147
v -56.774067 24.734556 -38.858936
v -54.164761 26.360670 -38.810539
v -51.595768 27.964039 -38.773739
v -49.048782 29.542875 -38.748268
v -46.511780 31.098677 -38.713856
v -43.978962 32.622498 -38.683708
v -41.426258 34.064209 -38.752598
v -38.784958 35.458721 -38.902592
v -36.083950 36.902428 -38.894077
v -34.000652 38.252983 -38.362740
v -31.517834 39.243347 -38.728210
v -28.851236 40.497856 -38.623070
v -26.301802 41.695080 -38.366848
v -21.488098 42.551964 -39.852993
v -19.021345 43.900837 -38.879974
v -14.057630 45.028603 -39.072136
v -3.881892 45.884071 -39.922268
v 6.087952 46.366669 -38.831375
v 13.881806 44.885532 -39.372456
v 16.167664 43.516205 -40.767982
v 26.449181 41.144924 -39.217133
v 28.813507 40.865471 -38.004345
v 31.013412 39.741722 -38.270721
v 33.512924 38.371807 -38.588844
v 36.132065 36.953281 -38.756207
v 38.763046 35.514614 -38.820271
v 41.366642 34.055161 -38.833588
v 43.933243 32.568905 -38.840874
v 46.467300 31.061943 -38.842079
v 48.968773 29.552204 -38.830410
v 51.437859 28.046606 -38.810829
v 53.885151 26.544950 -38.791027
v 56.327354 25.040579 -38.782852
v 58.773132 23.524771 -38.824108
v 61.209675 21.994162 -38.985107
v 63.609467 20.451946 -39.318924
v 65.958389 18.923628 -39.832672
v 68.277733 17.425951 -40.488651
v 73.030609 15.418894 -38.788204
v 75.499428 14.045225 -39.296787
v 77.969666 12.754807 -39.784931
v 82.951408 10.948171 -37.955627
v 85.584534 9.781564 -38.494476
v 88.219849 8.710691 -39.011013
v 90.879044 7.705729 -39.597603
v 93.911896 6.699231 -40.061470
v 97.139366 5.878934 -39.342884
v 98.797241 5.200839 -41.783958
v 100.187874 5.151398 -38.853924
v 110.612923 3.058794 -39.081448
v 113.627419 2.686649 -37.398933
v 115.955528 2.263855 -39.891235
v -111.483337 2.734240 -42.512581
v -108.111000 3.338215 -41.222195
v -105.385391 3.695144 -43.005173
v -102.285690 4.398260 -41.870773
v -99.029549 5.240069 -40.822201
v -96.045433 5.940311 -41.431328
v -93.856712 6.278936 -43.499134
v -91.142746 7.146027 -42.920856
v -88.456612 8.093856 -42.338020
v -85.722572 9.137093 -41.830303
v -82.937332 10.271759 -41.453548
v -80.119087 11.477796 -41.234089
v -77.265236 12.753508 -41.159527
v -74.366188 14.106899 -41.181648
v -72.058067 14.517646 -43.695225
v -71.438240 15.540141 -41.237408
v -68.513397 17.041143 -41.290504
v -65.608788 18.602465 -41.338627
v -62.716660 20.205032 -41.391113
v -59.845184 21.832657 -41.451366
v -57.036087 23.465382 -41.479160
v -54.322411 25.086882 -41.442879
v -51.688900 26.678444 -41.385651
v -49.105961 28.227747 -41.357105
v -46.555096 29.731157 -41.348515
v -44.013138 31.198446 -41.348942
v -41.448494 32.623379 -41.381947
v -38.805721 34.025040 -41.446419
v -35.959095 35.518337 -41.421577
v -32.891525 37.259293 -41.012058
v -27.153189 38.205849 -43.546577
v -23.992508 41.241108 -40.596161
v -19.059132 42.283943 -41.525032
v -16.557659 43.671661 -40.364162
v -14.025613 43.422649 -41.712410
v -11.531687 44.749405 -40.323452
v -6.422672 45.069984 -40.932697
v -3.812931 44.235294 -42.580627
v 6.130892 44.891689 -41.270126
v 11.144496 44.509205 -40.833691
v 13.451752 43.348244 -42.023647
v 18.925266 43.414764 -39.728909
v 20.995531 41.796814 -41.351345
v 25.882870 39.792812 -41.823704
v 28.559776 39.549732 -40.446209
v 30.956640 38.183346 -40.986317
v 33.596275 36.812984 -41.212868
v 36.213074 35.421734 -41.369781
v 38.824356 34.023815 -41.431324
v 41.413944 32.608845 -41.443104
v 43.971428 31.175550 -41.437275
v 46.493855 29.728405 -41.422951
v 48.983803 28.277830 -41.403439
v 51.447803 26.827854 -41.381123
v 53.899891 25.375994 -41.362572
v 56.352505 23.910633 -41.377750
v 58.796017 22.421556 -41.501328
v 61.198860 20.909271 -41.809975
v 63.549931 19.392143 -42.310818
v 65.878067 17.896032 -42.942562
v 70.630737 15.968268 -41.183388
v 73.054359 14.574232 -41.795185
v 75.525337 13.260994 -42.304893
v 80.487297 11.515710 -40.316437
v 83.071182 10.343798 -40.805569
v 85.696426 9.249963 -41.257301
v 88.339989 8.233286 -41.713726
v 91.006660 7.298618 -42.151932
v 93.247902 6.543169 -42.789845
v 95.835526 5.890013 -42.296822
v 102.195992 4.449391 -41.525951
v 107.902924 3.386468 -41.054691
v 110.393974 2.934430 -41.852699
v 113.105591 2.598786 -40.762604
v -114.349182 2.239200 -44.798637
v -111.192009 2.598416 -45.671101
v -108.410904 3.096785 -44.207279
v -102.776352 4.041019 -44.882576
v -99.796425 4.747042 -43.974495
v -96.848000 5.468896 -43.697853
v -91.487564 6.624649 -45.851913
v -88.730316 7.526230 -45.334557
v -86.041641 8.510265 -44.723679
v -83.316216 9.580496 -44.206375
v -80.554680 10.713177 -43.887875
v -77.767647 11.908493 -43.728569
v -74.938438 13.173866 -43.677902
v -69.142906 15.935527 -43.747036
v -66.221977 17.415068 -43.805210
v -63.306465 18.950571 -43.858879
v -60.376648 20.532295 -43.928436
v -57.436378 22.142424 -44.017490
v -54.569775 23.754673 -44.048851
v -51.820961 25.354286 -43.986805
v -49.166595 26.899164 -43.925880
v -46.577454 28.370302 -43.920883
v -44.016769 29.790773 -43.935234
v -41.441166 31.180393 -43.959209
v -38.812897 32.550201 -43.990101
v -36.095600 33.940647 -43.967327
v -33.220627 35.451012 -43.755592
v -30.217041 36.895416 -43.607040
v -24.213875 39.465408 -43.310837
v -19.027351 40.621090 -44.119267
v -16.511503 42.046463 -42.969124
v -13.953671 41.744167 -44.316654
v -6.384114 43.462337 -43.462605
v -3.836405 42.334934 -45.433399
v -1.171994 43.478352 -43.912483
v 3.779235 43.966381 -42.998455
v 7.828724 42.293209 -44.989159
v 12.894629 41.840099 -44.484955
v 14.758571 40.427029 -45.987305
v 18.248444 41.934059 -42.412056
v 20.255472 40.365437 -43.955956
v 23.048941 40.215805 -42.781357
v 28.061390 38.007046 -43.295059
v 30.984249 36.628819 -43.507832
v 33.577732 35.252220 -43.814102
v 36.193104 33.900539 -43.955139
v 38.817005 32.542194 -44.000420
v 41.413609 31.170883 -44.001915
v 43.971867 29.787235 -43.987564
v 46.490997 28.394270 -43.967041
v 48.977962 26.998781 -43.944088
v 51.444977 25.601503 -43.920815
v 53.909519 24.192535 -43.914703
v 56.369492 22.752527 -44.000454
v 58.784775 21.271303 -44.280415
v 61.140469 19.770020 -44.775780
v 63.471165 18.279766 -45.406956
v 68.225960 16.440245 -43.618866
v 70.621475 15.043050 -44.254551
v 73.068451 13.721321 -44.798138
v 78.028984 12.023824 -42.765724
v 80.583656 10.852254 -43.193321
v 83.190514 9.748260 -43.587406
v 85.833771 8.713956 -43.976978
v 88.491356 7.753044 -44.389946
v 91.137039 6.869661 -44.850197
v 94.021873 6.036366 -45.042976
v 97.165016 5.244514 -45.031872
v 100.131889 4.683886 -43.877693
v 105.306259 3.715189 -42.930885
v 108.476578 3.082231 -44.274506
v 112.025116 2.589329 -43.837940
v 114.103828 2.205640 -46.092381
v 115.094955 2.226435 -43.132641
v -110.719650 2.508976 -48.401211
v -108.311600 2.914908 -47.237816
v -105.634109 3.424304 -46.046898
v -100.325455 4.359180 -46.832718
v -97.404633 5.038591 -46.401367
v -94.417336 5.788251 -46.177212
v -89.057350 6.941240 -48.388363
v -86.320312 7.880097 -47.760223
v -83.604401 8.928386 -47.001598
v -80.865242 10.011095 -46.564224
v -78.130859 11.129717 -46.326584
v -75.380074 12.307096 -46.208118
v -72.582062 13.554229 -46.168446
v -69.722374 14.876503 -46.190849
v -67.372635 15.173099 -48.678619
v -66.817795 16.267382 -46.251484
v -63.903969 17.714956 -46.312656
v -60.989429 19.217411 -46.362831
v -58.024986 20.770662 -46.435787
v -54.955639 22.366093 -46.593098
v -52.044720 23.953394 -46.599995
v -49.266373 25.536406 -46.471783
v -46.600464 27.004364 -46.447113
v -44.012920 28.385553 -46.462658
v -41.431351 29.730223 -46.483303
v -38.809971 31.058556 -46.499546
v -36.124287 32.384357 -46.489033
v -33.365025 33.737801 -46.390259
v -30.566216 35.100784 -46.191013
v -27.653101 36.401096 -46.032192
v -21.513046 38.922737 -45.524895
v -18.560253 39.207470 -46.402809
v -13.802961 40.040817 -46.861141
v -8.823705 40.901035 -46.819820
v -5.957547 40.696674 -47.549000
v 2.562951 40.878326 -47.600262
v 1.667358 42.795540 -44.904404
v 8.890536 40.611233 -47.212868
v 11.874523 40.428020 -46.820408
v 16.630947 38.930988 -47.533699
v 23.131880 37.595531 -46.723373
v 28.713057 36.272686 -45.572021
v 30.833033 35.004452 -46.168705
v 33.463139 33.693153 -46.391827
v 36.141747 32.377472 -46.486801
v 38.793591 31.058077 -46.514050
v 41.399693 29.730780 -46.510380
v 43.958607 28.396250 -46.495392
v 46.475758 27.056223 -46.475105
v 48.963577 25.714714 -46.452080
v 51.441063 24.366358 -46.432507
v 53.921856 22.986126 -46.469791
v 56.367405 21.542746 -46.715473
v 58.724987 20.057766 -47.225498
v 61.054100 18.578234 -47.868649
v 65.818375 16.826614 -46.078819
v 68.199455 15.433273 -46.720036
v 70.622620 14.115639 -47.279842
v 75.560303 12.479290 -45.249634
v 78.098976 11.309196 -45.633129
v 80.690475 10.203318 -45.973354
v 83.331444 9.158160 -46.302322
v 86.014801 8.175479 -46.658554
v 88.739914 7.248711 -47.062782
v 91.567207 6.379591 -47.433765
v 94.470253 5.591620 -47.660065
v 97.221397 4.882096 -48.171547
v 99.898529 4.472692 -46.550274
v 102.654755 4.075099 -44.756969
v 105.351807 3.476282 -45.996838
v 107.881615 2.968695 -47.403980
v 110.905647 2.586733 -46.597130
v 112.925110 2.210417 -48.912823
v -108.561996 2.686621 -50.241714
v -105.696510 3.182476 -49.207035
v -103.100655 3.720345 -47.942841
v -100.787483 4.026606 -49.377247
v -98.064240 4.607397 -49.073624
v -95.086845 5.298379 -48.856121
v -86.511047 7.232607 -51.132374
v -83.825394 8.309241 -49.794682
v -81.078224 9.357168 -49.238525
v -78.380363 10.409847 -48.945698
v -75.690491 11.503584 -48.774353
v -72.982368 12.657142 -48.677982
v -70.217110 13.878599 -48.646500
v -64.469688 16.533325 -48.748852
v -61.567310 17.942028 -48.806194
v -58.690224 19.388531 -48.837826
v -55.725933 20.916241 -48.851154
v -52.360367 22.438568 -49.337650
v -49.393749 24.150053 -49.020447
v -46.639046 25.627680 -48.945019
v -44.013134 26.977814 -48.952671
v -41.427010 28.276663 -48.966034
v -38.815571 29.555023 -48.975681
v -36.153690 30.822496 -48.968529
v -33.437183 32.089581 -48.913620
v -30.676765 33.360420 -48.781670
v -27.883934 34.600613 -48.604221
v -25.067549 35.786270 -48.397366
v -22.301365 36.934147 -48.090763
v -19.408680 37.729897 -48.203163
v -16.237755 38.465069 -48.326187
v -13.351553 38.557354 -49.084396
v -5.443456 39.067947 -49.863205
v 7.380801 39.234081 -49.405632
v 10.449241 39.123634 -49.007229
v 15.269444 37.557175 -49.886696
v 21.257784 36.770588 -48.782181
v 24.331112 35.833328 -48.694653
v 27.648769 34.893726 -48.294338
v 30.600058 33.443447 -48.702576
v 33.400475 32.126328 -48.880878
v 36.122742 30.845318 -48.954468
v 38.785969 29.568832 -48.976223
v 41.390663 28.287683 -48.977718
v 43.943245 27.003639 -48.970131
v 46.456455 25.717718 -48.953911
v 48.948498 24.429813 -48.932003
v 51.440796 23.125126 -48.926285
v 53.926052 21.745937 -49.085876
v 56.287773 20.273964 -49.627430
v 58.615040 18.789415 -50.333416
v 63.411217 17.128740 -48.541817
v 65.787521 15.741121 -49.192066
v 68.190575 14.432793 -49.762466
v 73.092285 12.877333 -47.735947
v 75.612312 11.713029 -48.098335
v 78.186081 10.613127 -48.396275
v 80.814766 9.569007 -48.669498
v 83.498306 8.578218 -48.964588
v 86.238113 7.633622 -49.319790
v 89.052223 6.734611 -49.737648
v 91.917519 5.898414 -50.193584
v 94.716209 5.178023 -50.503956
v 99.861122 4.188182 -49.531952
v 102.530647 3.823842 -47.937050
v 105.024971 3.295692 -49.114357
v 107.416801 2.862269 -50.027485
v 110.034439 2.536960 -49.484238
v -108.979851 2.454978 -53.055676
v -99.283546 4.098518 -51.569397
v -96.059692 4.769251 -51.463055
v -92.899597 5.502871 -51.353657
v -89.723366 6.315660 -51.279358
v -83.674286 7.872995 -52.299564
v -81.203613 8.748872 -51.884430
v -78.565620 9.725574 -51.574398
v -75.909782 10.750158 -51.366951
v -73.257912 11.819496 -51.226791
v -70.587570 12.946883 -51.140587
v -67.848457 14.139563 -51.112934
v -65.005096 15.406619 -51.150299
v -62.090649 16.732706 -51.235119
v -59.216152 18.083858 -51.298618
v -56.464054 19.462982 -51.223557
v -53.963074 20.819986 -50.991898
v -51.575199 21.316341 -52.411373
v -49.266850 22.839624 -51.661560
v -46.633278 24.252834 -51.467163
v -44.012276 25.561823 -51.436245
v -41.432648 26.817236 -51.424618
v -38.831921 28.048357 -51.419151
v -36.182915 29.255436 -51.422813
v -33.496044 30.445782 -51.399590
v -30.776272 31.635815 -51.307594
v -28.010088 32.817104 -51.155678
v -25.204201 33.961372 -50.967266
v -22.434710 35.055172 -50.712925
v -19.296129 34.501999 -52.742908
v -17.531822 36.472878 -50.645737
v -14.464958 37.019474 -50.865864
v -2.600332 38.725929 -50.550663
v 5.452151 37.693665 -51.713722
v 10.884892 36.238094 -52.803486
v 12.155615 37.660229 -50.595421
v 17.024605 35.996887 -51.489647
v 19.578527 35.869110 -50.754021
v 25.030087 34.083725 -50.874985
v 27.897009 32.995682 -50.951496
v 30.682814 31.751453 -51.189232
v 33.434174 30.523426 -51.319744
v 36.145966 29.304865 -51.370205
v 38.799633 28.077103 -51.396423
v 41.385731 26.843060 -51.418407
v 43.923012 25.612431 -51.423962
v 46.433662 24.382336 -51.410809
v 48.930244 23.148981 -51.391464
v 51.429810 21.876019 -51.435188
v 53.845646 20.434917 -51.928318
v 56.211491 18.915159 -52.725777
v 61.000530 17.347277 -50.996628
v 63.386963 15.965652 -51.652809
v 65.778351 14.669718 -52.238438
v 70.634842 13.207417 -50.223705
v 73.130165 12.056965 -50.574913
v 75.680260 10.971169 -50.842850
v 78.285652 9.939339 -51.069244
v 80.949051 8.954906 -51.304520
v 83.673019 8.010541 -51.599564
v 86.464470 7.100335 -51.987255
v 89.353584 6.226100 -52.476490
v 95.814445 4.636450 -53.039799
v 99.039101 4.053425 -52.484623
v 102.330688 3.560472 -51.401714
v 105.553986 2.997856 -52.000175
v 108.688881 2.542777 -52.261196
v 111.620193 2.200949 -51.976749
v -111.480484 2.121337 -53.701061
v -106.666946 2.592760 -55.536125
v -101.337715 3.278585 -56.552784
v -98.408791 3.767430 -56.510174
v -97.272163 4.241528 -53.960430
v -94.064774 4.902870 -53.912876
v -90.839050 5.634412 -53.961346
v -88.981903 5.666301 -56.767738
v -84.692596 7.163413 -54.466019
v -81.641167 8.063657 -54.489292
v -78.833122 9.026643 -54.199688
v -76.124153 10.013410 -53.966061
v -73.464310 11.028092 -53.797314
v -70.833855 12.075900 -53.673965
v -68.193008 13.174614 -53.591862
v -65.474152 14.337478 -53.559570
v -62.620995 15.572474 -53.608345
v -60.212509 15.676044 -56.042213
v -59.665943 16.867807 -53.712593
v -56.745537 18.220600 -53.708992
v -54.015060 19.673349 -53.358139
v -51.465221 19.955055 -55.258339
v -49.018394 21.470030 -54.516453
v -46.557377 22.844555 -54.106266
v -44.007210 24.117682 -53.967064
v -41.448692 25.340725 -53.893940
v -38.881046 26.538467 -53.831856
v -36.238853 27.692194 -53.836845
v -33.559788 28.784222 -53.888367
v -30.888597 29.893196 -53.826950
v -28.155828 31.039692 -53.655514
v -25.339441 32.166725 -53.451866
v -22.417150 33.284019 -53.197090
v -12.669997 35.793381 -52.989185
v -6.472553 35.967640 -53.873753
v -0.465328 35.918106 -54.320850
v 7.761330 36.180626 -53.432602
v 12.832863 34.762520 -54.322037
v 17.280809 33.073647 -55.343552
v 19.227987 34.330132 -53.001385
v 22.416765 33.336735 -53.123882
v 25.314234 32.309769 -53.260082
v 28.047659 31.199154 -53.477272
v 30.770950 30.057262 -53.649471
v 33.498852 28.927950 -53.706882
v 36.204437 27.777081 -53.726192
v 38.817951 26.588900 -53.794945
v 41.358513 25.404129 -53.856506
v 43.890945 24.228754 -53.866657
v 46.406860 23.052114 -53.857277
v 48.902744 21.866982 -53.860500
v 51.399384 20.573723 -54.069595
v 53.896969 19.008856 -54.891750
v 58.602715 17.453157 -53.485783
v 60.993168 16.098923 -54.123844
v 63.376827 14.843640 -54.660744
v 68.194527 13.461616 -52.713135
v 70.659012 12.333167 -53.060581
v 73.181229 11.269309 -53.306423
v 75.756401 10.258650 -53.496166
v 78.386696 9.292572 -53.679001
v 81.077484 8.362043 -53.910618
v 83.827583 7.457227 -54.244061
v 86.619148 6.590916 -54.704891
v 89.390480 5.794252 -55.242176
v 91.738258 5.145416 -55.977985
v 94.446068 4.615422 -55.591892
v 97.596931 4.026008 -55.369881
v 99.426102 3.449089 -57.996582
v 110.113914 2.216108 -54.772022
v -109.821175 2.189147 -55.881969
v -92.208641 4.985239 -56.435555
v -85.611588 6.380739 -57.478947
v -82.360718 7.340781 -57.001209
v -79.282166 8.305820 -56.762016
v -76.417458 9.273285 -56.541702
v -73.677536 10.253699 -56.362816
v -71.018829 11.253061 -56.220551
v -68.404022 12.276185 -56.112213
v -65.790459 13.339281 -56.037125
v -63.100094 14.459828 -56.007973
v -57.136078 16.987301 -56.119850
v -54.137909 18.410965 -55.921513
v -48.946854 20.002783 -57.407326
v -46.491886 21.366396 -56.875675
v -44.000877 22.632166 -56.582298
v -41.465828 23.839390 -56.409061
v -38.937881 25.006268 -56.278969
v -36.419281 26.138716 -56.155704
v -33.706959 27.111097 -56.343334
v -31.078463 28.051702 -56.440216
v -28.385895 29.207418 -56.171539
v -25.599827 30.339228 -55.897144
v -22.741459 31.416590 -55.634617
v -19.826159 32.443600 -55.348370
v -16.890078 33.268818 -55.211868
v 1.732222 34.589382 -56.024723
v 9.028350 33.108967 -57.222450
v 12.147289 33.031075 -56.746189
v 15.175038 32.005230 -57.364594
v 20.061842 32.492355 -55.191841
v 22.753456 29.798574 -57.859989
v 25.452831 30.508678 -55.728794
v 28.153801 29.435202 -55.964134
v 30.902483 28.376015 -56.058876
v 33.632114 27.374264 -55.986809
v 36.270775 26.272686 -56.041191
v 38.741295 25.118629 -56.231380
v 41.294380 23.983086 -56.292789
v 43.858562 22.851788 -56.301933
v 46.394211 21.713341 -56.314590
v 48.916618 20.559704 -56.350655
v 51.537720 19.188267 -56.746513
v 56.263359 17.447657 -55.953144
v 58.664478 16.079195 -56.689056
v 61.137177 14.798673 -57.270386
v 65.805214 13.634341 -55.169403
v 68.192215 12.535899 -55.567062
v 70.693359 11.500137 -55.787415
v 73.238701 10.516991 -55.947128
v 75.831642 9.577928 -56.087700
v 78.481728 8.670897 -56.257980
v 81.198166 7.781492 -56.519115
v 83.984154 6.908082 -56.937687
v 86.809784 6.064013 -57.551376
v 108.250412 2.257955 -57.683693
v -108.304024 2.210044 -58.363396
v -102.476669 2.896107 -59.066311
v -99.484482 3.328163 -59.183319
v -95.365952 4.337761 -56.433498
v -93.660675 4.376245 -58.855206
v -92.180756 4.394572 -61.046787
v -89.767166 4.724204 -62.068150
v -82.653183 6.754921 -59.647190
v -79.717323 7.626857 -59.288158
v -76.784386 8.542527 -59.088818
v -73.946228 9.485917 -58.916389
v -71.209496 10.448339 -58.764988
v -68.565926 11.425143 -58.631508
v -65.965065 12.413785 -58.551743
v -63.383671 13.420340 -58.522057
v -60.731907 14.506132 -58.448414
v -57.811211 15.712544 -58.428226
v -55.486816 15.641669 -60.802120
v -54.623043 17.043449 -58.441029
v -51.616196 18.489052 -58.103359
v -46.432648 19.863323 -59.719769
v -43.965820 21.120800 -59.292812
v -41.462181 22.317911 -59.001125
v -38.938511 23.466026 -58.797607
v -36.466900 24.575821 -58.592735
v -34.229446 25.636154 -58.276936
v -31.518671 25.990118 -59.261326
v -28.712820 27.296928 -58.767395
v -25.948261 28.491838 -58.339687
v -23.128120 29.564528 -58.024284
v -20.271858 30.523849 -57.781830
v -17.902843 29.484648 -59.945736
v -12.174196 30.782986 -59.671051
v 0.528975 32.552853 -58.644897
v 8.153629 31.441683 -59.512947
v 10.616590 31.808464 -58.658974
v 16.047344 30.225868 -59.498337
v 20.604799 30.860884 -57.204491
v 25.507446 28.720139 -58.217915
v 28.396992 27.664316 -58.391727
v 31.302935 26.647514 -58.392765
v 33.881058 25.941002 -58.021961
v 35.940441 24.825836 -58.520092
v 38.584354 23.689194 -58.663113
v 41.250053 22.574137 -58.710590
v 43.871811 21.467434 -58.737629
v 46.476704 20.342262 -58.784359
v 49.098560 19.210667 -58.824852
v 51.544151 18.062222 -59.052517
v 53.981770 17.455576 -58.138855
v 56.631039 15.891123 -59.156353
v 63.516117 13.813349 -57.298241
v 65.531334 12.738797 -58.087330
v 68.169594 11.668799 -58.312691
v 70.734314 10.708073 -58.423779
v 73.297356 9.799483 -58.529957
v 75.904182 8.923166 -58.649212
v 78.574417 8.063911 -58.830219
v 81.325539 7.212718 -59.140190
v 84.189873 6.358244 -59.659679
v 87.270042 5.481087 -60.546066
v 89.664085 5.311098 -58.099266
v 96.042786 4.019847 -58.110115
v 102.184372 3.142391 -56.580742
v 105.518501 2.464022 -59.522465
v -100.906639 2.911618 -61.551407
v -94.692627 3.873814 -61.574551
v -85.025970 5.927377 -60.994122
v -82.561714 6.286619 -62.287273
v -80.047920 6.998251 -61.888535
v -77.196678 7.826001 -61.646969
v -74.294838 8.720859 -61.472691
v -71.455788 9.649576 -61.315887
v -68.758430 10.588513 -61.146500
v -66.192543 11.534390 -60.960079
v -63.566631 12.465663 -61.003082
v -61.030117 13.388894 -61.056046
v -58.417236 14.462209 -60.869881
v -52.053265 16.949432 -60.943241
v -49.051968 18.501181 -60.266510
v -43.880665 19.610937 -62.081799
v -41.416386 20.786785 -61.678337
v -38.896172 21.929148 -61.372425
v -36.342899 23.057102 -61.093388
v -33.799412 24.303303 -60.592869
v -28.831772 25.402107 -61.476208
v -26.257080 26.647682 -60.825001
v -23.549892 27.767517 -60.349949
v -20.746172 28.702417 -60.088779
v -9.527146 29.833485 -61.386261
v -3.799695 30.373444 -61.315792
v -0.495406 30.594090 -61.146244
v 2.437688 30.877577 -60.737083
v 7.674903 29.715824 -61.812580
v 10.566186 30.205378 -60.748779
v 13.431950 29.306335 -61.359814
v 16.671080 28.492737 -61.646439
v 23.099915 26.115198 -62.836937
v 25.822187 26.919853 -60.621212
v 29.097258 25.862833 -60.667873
v 32.602474 24.797712 -60.477478
v 35.691078 23.428150 -60.879642
v 38.568874 22.255037 -61.034374
v 41.311825 21.148621 -61.115749
v 44.017323 20.055122 -61.173973
v 46.790215 18.927612 -61.216812
v 49.654846 17.780546 -61.216000
v 52.511547 16.739225 -61.002083
v 56.716782 14.414989 -62.560646
v 59.119656 14.590033 -59.861668
v 62.373924 13.254773 -60.034004
v 65.412682 11.889869 -60.727985
v 68.199730 10.845817 -60.919407
v 70.787056 9.952089 -61.004837
v 73.362488 9.106537 -61.087566
v 75.985115 8.283178 -61.205940
v 78.669052 7.471900 -61.415150
v 81.402145 6.672582 -61.777332
v 84.116905 5.901951 -62.350342
v 86.335258 5.254488 -63.305000
v 90.768333 4.727931 -60.594727
v 94.112938 4.076186 -60.673309
v 97.343994 3.512866 -60.799660
v 100.373512 3.014991 -61.230671
v 102.526756 2.891866 -59.035019
v 103.346558 2.570992 -61.785877
v 104.762291 2.216641 -64.418602
v -92.214401 4.066113 -63.638229
v -87.079994 5.141882 -63.014935
v -84.002258 5.576683 -64.420532
v -77.786995 7.101815 -64.228859
v -74.785202 7.947233 -64.035706
v -71.812866 8.842655 -63.889496
v -68.949524 9.756747 -63.748795
v -66.505127 10.657755 -63.369377
v -64.171875 11.607993 -62.851444
v -61.664204 12.188509 -63.695271
v -58.767284 13.278744 -63.521511
v -56.144936 14.312361 -63.329567
v -53.479885 15.342044 -63.246468
v -50.997440 16.106483 -63.607407
v -48.906658 17.210781 -62.967495
v -46.326782 18.414515 -62.548286
v -41.334522 19.261236 -64.426003
v -38.834602 20.385708 -64.019417
v -36.277298 21.501745 -63.654739
v -33.694054 22.677435 -63.192860
v -31.219421 24.040791 -62.358940
v -26.269772 24.830599 -63.439384
v -23.890226 26.025347 -62.665878
v -21.255329 26.985556 -62.274361
v -15.706829 28.358982 -62.063629
v -14.169655 27.214394 -63.961464
v -6.718809 29.104828 -62.701572
v 1.535650 29.022619 -63.160580
v 4.564520 29.323948 -62.626537
v 13.897345 27.577673 -63.539886
v 19.862532 27.485359 -62.061146
v 26.614552 25.122175 -62.864185
v 29.898148 24.117271 -62.878891
v 32.971218 23.037708 -63.000763
v 35.912838 21.879421 -63.243038
v 38.750923 20.769913 -63.413574
v 41.534489 19.691446 -63.528233
v 44.374153 18.609415 -63.582161
v 47.369648 17.490656 -63.572140
v 50.478119 16.376543 -63.454475
v 53.557533 15.269855 -63.343033
v 59.866138 13.191121 -62.706020
v 62.839920 12.016375 -63.024597
v 65.669189 10.932819 -63.368401
v 68.295418 10.035571 -63.498390
v 70.865059 9.215298 -63.567871
v 73.458565 8.425797 -63.643646
v 76.104759 7.650593 -63.777859
v 78.790962 6.884988 -64.041504
v 81.468269 6.140112 -64.488533
v 84.119888 5.425418 -65.163803
v 87.049141 4.722783 -65.873741
v 88.981255 4.743960 -63.055691
v -105.176964 2.186257 -64.193008
v -100.533531 2.561901 -66.382767
v -97.693901 3.012132 -65.434044
v -95.047966 3.498449 -64.450783
v -89.410667 4.344869 -65.380089
v -78.578812 6.375706 -66.798355
v -75.500168 7.177338 -66.570862
v -73.228012 7.204960 -68.944305
v -72.341621 8.023951 -66.472504
v -69.261253 8.930737 -66.327782
v -66.049950 9.976351 -66.027847
v -62.463058 11.028164 -66.242996
v -59.340221 12.133758 -66.013191
v -56.438881 13.138831 -65.948715
v -53.778553 14.089213 -65.867355
v -51.224823 14.984584 -65.867424
v -48.651897 15.970853 -65.707314
v -46.223259 17.018747 -65.339706
v -43.779648 18.128441 -64.894257
v -38.755386 18.852987 -66.725861
v -36.204556 19.946280 -66.279495
v -33.605305 21.065880 -65.805862
v -31.046627 22.276291 -65.156334
v -28.619326 23.559906 -64.310692
v -23.700163 24.336128 -65.146584
v -21.770628 25.483349 -64.198601
v -19.310509 25.891474 -64.428520
v -16.686584 26.490175 -64.341560
v -14.613355 25.506300 -66.163330
v -6.365002 27.008366 -65.466934
v 0.310994 27.269886 -65.433731
v 6.620245 26.140558 -66.590637
v 9.324528 25.188707 -67.540710
v 14.499162 25.773289 -65.825027
v 17.287611 25.058691 -66.136246
v 19.852232 24.109280 -66.755646
v 22.016560 24.716883 -65.205795
v 24.533333 24.162714 -65.096703
v 27.476301 23.317507 -65.163437
v 30.463598 22.390715 -65.248352
v 33.376362 21.379539 -65.418419
v 36.239357 20.324928 -65.625557
v 39.069847 19.264910 -65.817444
v 41.933987 18.213694 -65.942032
v 44.930439 17.161936 -65.953667
v 48.094749 16.078442 -65.891296
v 51.315437 15.001785 -65.761871
v 54.531334 13.965264 -65.538864
v 57.556057 12.972199 -65.396286
v 60.447849 11.940299 -65.532043
v 63.190063 10.943874 -65.806786
v 65.837357 10.053388 -65.987823
v 68.415741 9.248463 -66.080246
v 70.997726 8.488643 -66.137352
v 73.628731 7.749478 -66.207130
v 76.316483 7.009906 -66.395576
v 78.990257 6.285174 -66.761070
v 81.654442 5.592534 -67.259514
v 84.334183 4.950455 -67.838982
v 92.159073 4.142828 -63.079395
v 93.314804 3.640038 -65.691360
v 96.384155 3.127141 -66.127800
v 99.660103 2.624658 -66.906563
v -103.504692 2.182796 -66.907455
v -95.771515 2.797531 -70.493889
v -92.951965 3.264277 -69.586708
v -90.114113 3.803635 -68.656822
v -87.293129 4.358659 -68.100449
v -84.981377 4.435787 -70.432198
v -82.166893 5.042699 -69.884041
v -79.322670 5.695314 -69.437904
v -76.349709 6.418962 -69.123299
v -69.770096 8.047235 -69.077599
v -66.527367 9.062264 -68.619659
v -63.347477 10.030857 -68.449829
v -60.100143 11.028902 -68.399078
v -56.961037 12.007990 -68.405884
v -54.039833 12.942786 -68.405846
v -51.337727 13.831020 -68.375946
v -48.739140 14.734242 -68.269096
v -46.200081 15.685311 -68.036736
v -43.713211 16.700396 -67.663033
v -41.247425 17.765186 -67.199089
v -38.679482 17.351622 -69.460136
v -36.131119 18.407629 -68.953117
v -33.526150 19.487942 -68.430305
v -30.896954 20.625172 -67.826721
v -28.332645 21.831177 -67.064079
v -25.483473 21.413219 -68.830719
v -23.090271 22.749823 -67.667686
v -20.164776 22.818295 -68.503922
v -17.530981 22.932999 -69.057541
v -10.024219 23.993927 -69.075531
v -7.190333 25.029312 -68.023506
v -5.441673 23.669386 -70.024223
v -1.189265 25.566603 -67.678398
v 4.494634 25.427084 -67.730949
v 10.002924 23.406429 -69.890160
v 15.156717 23.956873 -68.174950
v 19.804831 22.446861 -69.154938
v 22.392155 23.111814 -67.395378
v 25.135403 22.374428 -67.512863
v 28.078255 21.607464 -67.514603
v 30.948832 20.731874 -67.635445
v 33.795650 19.800444 -67.783531
v 36.651920 18.792780 -68.000031
v 39.504593 17.753836 -68.254593
v 42.463837 16.746773 -68.359550
v 45.608677 15.745488 -68.308975
v 48.839825 14.718719 -68.231644
v 52.048695 13.697065 -68.150726
v 55.131920 12.720698 -68.080048
v 58.035301 11.776361 -68.116959
v 60.777641 10.860483 -68.282539
v 63.427822 10.000578 -68.472557
v 66.019905 9.208486 -68.610443
v 68.604988 8.469775 -68.684822
v 71.231659 7.765850 -68.712570
v 73.948921 7.065411 -68.777481
v 76.704697 6.313473 -69.228073
v 79.338722 5.640770 -69.726860
v 82.032204 5.042808 -70.044121
v 86.678604 4.327084 -69.086700
v 88.827141 4.140510 -67.685768
v 91.817642 3.295203 -70.814743
v 94.607460 2.873019 -71.246254
v 96.875572 2.798668 -68.932014
v 101.606674 2.198516 -69.543831
v 103.112129 2.230813 -66.833885
v -87.807518 3.872156 -71.034569
v -74.216171 6.392273 -71.523277
v -71.343269 7.077192 -71.424026
v -68.791504 7.605333 -71.771370
v -66.556313 8.322588 -71.197754
v -63.677002 9.148438 -70.988647
v -60.661121 10.018591 -70.869797
v -57.575855 10.921316 -70.834602
v -54.535732 11.810962 -70.860268
v -51.641537 12.677578 -70.870888
v -48.902065 13.534513 -70.807045
v -46.270733 14.413211 -70.646675
v -43.708969 15.339473 -70.359787
v -41.190861 16.322458 -69.947571
v -36.070049 16.905125 -71.655861
v -33.462124 17.940819 -71.088661
v -30.807024 19.024284 -70.463020
v -28.131104 20.182037 -69.722801
v -22.402254 21.083525 -70.390053
v -19.048273 21.498583 -70.746010
v -12.809120 22.609346 -70.544090
v -7.927762 23.371456 -70.202339
v -2.593514 23.874943 -69.907318
v 3.429471 23.887360 -69.855209
v 7.939949 22.064558 -72.035301
v 11.033834 21.643236 -72.225937
v 14.125561 21.088482 -72.487717
v 16.570232 22.126934 -70.460579
v 19.508017 20.934237 -71.475746
v 22.608334 21.322289 -69.962311
v 25.804171 20.736811 -69.738914
v 28.638964 19.947060 -69.877815
v 31.434504 19.144072 -69.978653
v 34.279720 18.308855 -70.049377
v 37.107388 17.273283 -70.446190
v 39.920418 16.267378 -70.780235
v 43.101704 15.329037 -70.749382
v 46.342964 14.378420 -70.673073
v 49.539619 13.419679 -70.628693
v 52.634804 12.475517 -70.627403
v 55.575211 11.571763 -70.672783
v 58.359398 10.708522 -70.785011
v 61.041763 9.887680 -70.954964
v 63.670090 9.106192 -71.135284
v 66.283012 8.374307 -71.269287
v 68.923309 7.693319 -71.306549
v 71.632149 7.044727 -71.269890
v 74.480728 6.353629 -71.424133
v 77.250893 5.551081 -72.522446
v 84.524643 4.515816 -70.443329
v 100.060219 2.162580 -72.225250
v -98.562401 2.397204 -71.250511
v -98.718887 2.149053 -74.227776
v -93.373230 2.889593 -72.689728
v -90.594940 3.358673 -71.792259
v -85.421959 3.943314 -73.356750
v -82.627998 4.497413 -72.771599
v -79.908485 5.085179 -72.211136
v -75.040085 5.641807 -74.340294
v -72.184494 6.273623 -74.108673
v -69.415703 6.882741 -74.086555
v -66.646103 7.559114 -73.943665
v -63.936546 8.288477 -73.681320
v -61.083038 9.058733 -73.522179
v -58.135849 9.869322 -73.395744
v -55.129974 10.707035 -73.337463
v -52.133736 11.539868 -73.331886
v -49.236900 12.363366 -73.306427
v -46.464855 13.186853 -73.204163
v -43.796970 14.041885 -72.990074
v -41.199432 14.945667 -72.644196
v -38.637512 15.903653 -72.184326
v -33.417812 16.437553 -73.768837
v -30.751574 17.462933 -73.118271
v -28.054617 18.563635 -72.364822
v -25.317385 19.759762 -71.456940
v -22.671919 19.228991 -73.159920
v -17.537043 20.199436 -73.064362
v -14.588156 20.584995 -73.135231
v -12.799104 19.396734 -75.254959
v -11.874329 21.003107 -73.008781
v -1.158123 22.324944 -72.099136
v 1.855133 22.279404 -72.147598
v 12.044214 19.956282 -74.533112
v 14.897001 19.351349 -74.933891
v 19.415163 19.383791 -73.861610
v 26.451004 19.059492 -72.136864
v 29.198364 18.339981 -72.261444
v 32.079975 17.643999 -72.220428
v 34.835194 16.989437 -72.093819
v 37.075428 15.771454 -73.243156
v 40.552418 14.853823 -73.184570
v 43.863739 13.962000 -73.117432
v 47.063175 13.072989 -73.082344
v 50.140488 12.193287 -73.098206
v 53.083885 11.338785 -73.163460
v 55.903366 10.517542 -73.270042
v 58.636311 9.732368 -73.420868
v 61.330627 8.965586 -73.616867
v 64.017075 8.222529 -73.840942
v 66.707680 7.536136 -73.974396
v 69.446640 6.918624 -73.914116
v 72.211540 6.344774 -73.756531
v 74.741676 5.792840 -73.859993
v 80.208496 4.954218 -72.649834
v 81.537041 4.289770 -75.335533
v 89.045746 3.767327 -70.317345
v 92.429573 2.915931 -73.619606
v 97.319702 2.487799 -71.864014
v -96.591690 2.174482 -76.662575
v -93.799934 2.535035 -75.867661
v -91.012039 2.958923 -74.948967
v -88.630547 3.020312 -77.185707
v -85.778542 3.500351 -76.350876
v -82.927681 4.010251 -75.698288
v -80.002068 4.579654 -75.137230
v -77.674171 5.150492 -74.244339
v -73.228828 5.493883 -76.871666
v -70.167992 6.120442 -76.728432
v -67.272697 6.754396 -76.563095
v -64.387207 7.428215 -76.406487
v -61.525284 8.121971 -76.278267
v -58.645164 8.860159 -76.110435
v -55.700993 9.638948 -75.930374
v -52.708118 10.435081 -75.830032
v -49.725380 11.222060 -75.784004
v -46.820461 12.004170 -75.717819
v -44.020683 12.799355 -75.563286
v -41.315063 13.633447 -75.281975
v -38.671921 14.520156 -74.868805
v -36.051579 15.457803 -74.352684
v -30.717321 15.957905 -75.788498
v -28.004976 16.984861 -75.040794
v -25.305664 18.089182 -74.152817
v -22.459627 17.630417 -75.806992
v -19.471920 17.284899 -77.203957
v -16.358593 18.657248 -75.714622
v -10.579125 18.415113 -77.124619
v -5.995697 20.560682 -74.374573
v -4.382615 19.272022 -76.413994
v 4.321515 18.918970 -76.952316
v 7.456730 18.812140 -76.877861
v 10.454059 18.570208 -76.901184
v 13.003806 18.442913 -76.700233
v 17.701777 18.507217 -75.638466
v 21.031504 17.814608 -75.900352
v 27.941641 16.012468 -76.768982
v 33.420650 16.220604 -74.165047
v 34.908451 14.893876 -75.960876
v 38.220448 14.250369 -75.631798
v 41.473248 13.459453 -75.560440
v 44.638786 12.645807 -75.544739
v 47.689461 11.835524 -75.575111
v 50.618660 11.042333 -75.647972
v 53.442417 10.274602 -75.750870
v 56.202473 9.535108 -75.880112
v 58.949142 8.804256 -76.051003
v 61.729774 8.066655 -76.301178
v 64.555931 7.324273 -76.646042
v 67.388802 6.697936 -76.700882
v 70.314354 6.161236 -76.408798
v 73.181252 5.643049 -76.172165
v 76.098351 5.163795 -75.791771
v 78.792351 4.718010 -75.574326
v 82.913383 3.772101 -77.430695
v 84.555222 3.846231 -75.084419
v 87.449188 3.373916 -75.486130
v 90.382126 2.913272 -76.119263
v 93.305443 2.541641 -76.397865
v 96.150452 2.231678 -76.485863
v 98.052444 2.175836 -74.757652
v -94.399841 2.192775 -79.124519
v -91.508690 2.571607 -78.244186
v -89.063858 2.628957 -80.431778
v -86.145538 3.080319 -79.427071
v -83.215714 3.569412 -78.610252
v -80.118294 4.121823 -77.937927
v -76.779068 4.815781 -77.028206
v -68.111572 5.966150 -79.260468
v -65.141365 6.592936 -79.049950
v -62.099209 7.220934 -79.041260
v -59.163975 7.877654 -78.955490
v -56.232784 8.622147 -78.655418
v -53.265694 9.374190 -78.425117
v -50.277687 10.124624 -78.296471
v -47.305546 10.864617 -78.212952
v -44.396606 11.609100 -78.090973
v -41.574333 12.383077 -77.863556
v -38.828926 13.204240 -77.499802
v -36.127098 14.078536 -77.011047
v -33.428398 14.998386 -76.435326
v -27.961035 15.473920 -77.726555
v -25.209707 16.509893 -76.847252
v -19.605518 15.649547 -79.939880
v -16.769619 16.797506 -78.632759
v -11.510213 16.672182 -79.767120
v -7.469179 18.941189 -76.679520
v -2.301866 18.134998 -78.227440
v 18.323305 16.891815 -78.110374
v 21.216515 16.083950 -78.753654
v 23.595675 15.153326 -79.724342
v 26.252310 14.971040 -79.226273
v 31.417784 15.452303 -76.435539
v 36.096443 13.526352 -78.132416
v 39.224010 12.859118 -78.029709
v 42.295174 12.136906 -78.026588
v 45.289940 11.401622 -78.074463
v 48.189827 10.673191 -78.159279
v 51.002739 9.963548 -78.263245
v 53.763237 9.279140 -78.372299
v 56.519806 8.607120 -78.493851
v 59.323608 7.923756 -78.675941
v 62.241581 7.199570 -79.006134
v 65.367073 6.399507 -79.679520
v 68.641396 5.885914 -79.160049
v 71.620674 5.421128 -78.724915
v 74.481323 4.987630 -78.324707
v 77.399963 4.500539 -78.278870
v 80.323929 3.987821 -78.612457
v 85.446213 3.347352 -77.948051
v 88.302200 2.909721 -78.567879
v 91.459137 2.485063 -79.224960
v 94.968719 2.173951 -78.677216
v -89.923782 2.257756 -83.442955
v -86.821732 2.631161 -82.826050
v -83.603752 3.142109 -81.587784
v -80.578857 3.632300 -80.847305
v -77.464516 4.189672 -80.146156
v -74.285820 4.773697 -79.674103
v -71.997711 4.674839 -82.296585
v -71.130150 5.362447 -79.458542
v -66.066574 5.792430 -81.743637
v -63.080948 6.393075 -81.524742
v -59.759712 6.907311 -81.979851
v -56.709785 7.659433 -81.479469
v -53.751598 8.379068 -81.124985
v -50.796936 9.082356 -80.891106
v -47.832516 9.779042 -80.742439
v -44.880287 10.475310 -80.606300
v -41.973907 11.191893 -80.402969
v -39.132362 11.954213 -80.078537
v -36.343796 12.770366 -79.618034
v -33.566788 13.634706 -79.049667
v -30.757858 14.531304 -78.427567
v -28.028057 14.041479 -80.379181
v -25.172918 14.969320 -79.597939
v -22.367626 14.524072 -81.244980
v -17.037390 15.121120 -81.450317
v 1.383594 15.783646 -82.078217
v 10.435919 15.650765 -81.650124
v 15.699249 16.053183 -80.094810
v 18.681305 15.263996 -80.821930
v 27.877338 13.677227 -81.135078
v 31.048769 13.361473 -80.605362
v 34.085869 12.803843 -80.520981
v 37.067448 12.196945 -80.507172
v 40.025223 11.558676 -80.532501
v 42.945522 10.899362 -80.600349
v 45.805782 10.236116 -80.700539
v 48.602749 9.583745 -80.814484
v 51.356411 8.954052 -80.920448
v 54.100422 8.343511 -81.007088
v 56.871265 7.735542 -81.103889
v 59.676384 7.111172 -81.297150
v 62.468208 6.463428 -81.690193
v 64.843811 5.736213 -82.961143
v 70.498108 5.082788 -81.443253
v 73.296967 4.720583 -80.896759
v 75.765823 4.428298 -80.281815
v 78.095932 3.953879 -81.062218
v 83.054024 3.395633 -80.114243
v 85.915817 2.936587 -80.937469
v 88.821945 2.535447 -81.652733
v 93.665359 2.117531 -80.887871
v -92.133080 2.234757 -81.261742
v -86.204567 2.403811 -85.730164
v -83.896042 2.769948 -84.501511
v -80.954063 3.200310 -83.755424
v -77.969406 3.661619 -83.156853
v -75.004501 4.159076 -82.641830
v -68.995667 5.211685 -82.050667
v -64.104416 5.594190 -84.169510
v -61.573250 6.117624 -83.800034
v -56.882805 6.803913 -84.403992
v -54.087814 7.463142 -83.911163
v -51.212528 8.109861 -83.581818
v -48.308331 8.754742 -83.352745
v -45.384029 9.402169 -83.162109
v -42.459072 10.067888 -82.940559
v -39.559425 10.768314 -82.624290
v -36.703728 11.527539 -82.182365
v -33.876232 12.338292 -81.615250
v -31.013325 13.190477 -80.974091
v -25.237808 13.418052 -82.512833
v -22.084877 13.081740 -84.065445
v -19.536182 14.081645 -82.783371
v -16.748167 13.564439 -84.368935
v -4.538444 15.051115 -83.204758
v 2.976767 14.535719 -84.186256
v 8.600940 14.397917 -84.044106
v 13.412646 15.154374 -82.076363
v 16.327782 14.426574 -82.840363
v 19.185839 13.667144 -83.640305
v 24.692541 13.672907 -82.175713
v 27.212370 12.508102 -83.698700
v 32.156971 12.105802 -82.786377
v 37.782494 10.941558 -83.044632
v 40.636490 10.346591 -83.145493
v 43.462315 9.744106 -83.266541
v 46.250347 9.145848 -83.393959
v 49.012051 8.565105 -83.512405
v 51.756523 8.002883 -83.597916
v 54.509712 7.459253 -83.643829
v 57.285477 6.915053 -83.717590
v 60.015610 6.340747 -84.001472
v 62.387554 5.851441 -84.301392
v 64.010780 5.209886 -86.021500
v 67.575455 5.467671 -82.002037
v 72.669418 4.341837 -83.594261
v 75.518860 4.070525 -82.724762
v 80.631348 3.457470 -82.093475
v 83.414230 2.975294 -83.175102
v 86.356720 2.559403 -84.019264
v 89.286385 2.191645 -84.838402
v 91.523933 2.178813 -82.581291
v -83.967194 2.446443 -87.480492
v -81.247513 2.819309 -86.631516
v -78.373695 3.215686 -86.052505
v -75.475357 3.635932 -85.606903
v -72.581375 4.078796 -85.265663
v -69.704857 4.544376 -84.963753
v -66.860184 5.048744 -84.594086
v -59.338932 6.126596 -85.345650
v -54.273586 6.620628 -86.787804
v -51.506504 7.214943 -86.360931
v -48.682293 7.796404 -86.063217
v -45.826927 8.391068 -85.807053
v -42.944721 9.007894 -85.530060
v -40.047184 9.658623 -85.181900
v -37.158669 10.357602 -84.730499
v -34.304111 11.109460 -84.162888
v -31.941135 10.695079 -86.034866
v -29.224562 11.449740 -85.287621
v -26.748260 12.177955 -84.533958
v -21.735601 11.696786 -86.980522
v -19.227835 12.616852 -85.673981
v -10.507360 13.941525 -84.675751
v 4.450381 13.450675 -86.104645
v 14.147961 13.520356 -84.915703
v 22.049021 12.942897 -84.351501
v 24.777306 12.156761 -85.192131
v 27.528471 11.241388 -86.308655
v 32.713856 10.906980 -85.253021
v 35.498180 10.322009 -85.528015
v 38.330578 9.772009 -85.679626
v 41.145077 9.214306 -85.843430
v 43.932415 8.668319 -85.990555
v 46.733746 8.130390 -86.113823
v 49.513287 7.601295 -86.230644
v 52.283245 7.100049 -86.282158
v 55.062805 6.625820 -86.258080
v 57.894909 6.138644 -86.284042
v 60.864532 5.522521 -86.869972
v 66.877388 4.961608 -85.028847
v 69.742157 4.664337 -84.262024
v 72.050400 3.969804 -86.370110
v 75.171974 3.689090 -85.519341
v 78.066536 3.509770 -84.160744
v 80.815033 3.018151 -85.342247
v 83.842735 2.584377 -86.291000
v 86.886124 2.213876 -87.054665
v -86.626381 2.122795 -88.361320
v -81.459335 2.477539 -89.539787
v -78.734741 2.817849 -88.935173
v -75.940186 3.180267 -88.468361
v -73.065689 3.557180 -88.202187
v -70.224373 3.952925 -87.977936
v -67.426163 4.401266 -87.566681
v -64.640305 4.904919 -87.013901
v -62.246552 4.813207 -89.207619
v -59.514431 5.388669 -88.378273
v -54.455883 5.841010 -89.697067
v -51.742020 6.387572 -89.183586
v -48.976486 6.908804 -88.861176
v -46.180862 7.441793 -88.562607
v -43.362644 8.008004 -88.223297
v -40.516788 8.614668 -87.803703
v -38.093246 8.245873 -89.929855
v -37.641205 9.265273 -87.296188
v -34.765438 9.964245 -86.708702
v -29.533115 10.308039 -87.798332
v -27.044025 9.962569 -89.417374
v -24.304939 10.786099 -88.286957
v -21.752438 10.406829 -89.826973
v -19.045967 11.236518 -88.580055
v -0.882451 12.717184 -87.617409
v 1.918438 13.107765 -86.853310
v 7.014063 12.981119 -86.830429
v 9.528987 11.906787 -88.703445
v 12.343513 11.006849 -90.264557
v 17.505007 11.408957 -88.522972
v 25.199780 10.858602 -87.891670
v 27.899975 10.050702 -88.947144
v 30.353054 10.424474 -87.253250
v 33.170559 9.714796 -87.957947
v 35.969830 9.196109 -88.192192
v 38.865692 8.673717 -88.380684
v 41.606586 8.156870 -88.622726
v 44.506016 7.673614 -88.686501
v 47.354916 7.170796 -88.844353
v 50.189716 6.684952 -88.970100
v 53.016441 6.243359 -88.962860
v 55.819454 5.850770 -88.799980
v 58.416660 5.508615 -88.575500
v 63.093739 4.765644 -88.842384
v 66.107307 4.509411 -87.970093
v 77.935616 3.086096 -87.463013
v 81.294945 2.608144 -88.472214
v 84.343742 2.224182 -89.418526
v -81.733940 2.169123 -92.379532
v -79.038582 2.460724 -91.846153
v -76.407784 2.774709 -91.298523
v -73.616646 3.108904 -90.936142
v -70.706100 3.423916 -90.991676
v -67.897392 3.807095 -90.672470
v -65.070175 4.288986 -89.942154
v -59.738674 4.732234 -91.306160
v -57.087048 5.268286 -90.490135
v -54.681141 5.125601 -92.604401
v -52.025452 5.635895 -91.963303
v -49.291546 6.083021 -91.701424
v -46.501259 6.554852 -91.409897
v -43.698593 7.065015 -91.044769
v -40.908775 7.627556 -90.549438
v -38.455387 7.279443 -92.705963
v -35.657898 7.924666 -91.845726
v -32.769276 8.576948 -91.077438
v -32.346653 9.591257 -88.562622
v -27.421206 8.892022 -91.995407
v -16.351374 10.717082 -90.277374
v -13.596739 10.095798 -92.141205
v -5.466729 11.370031 -90.171272
v 1.202354 11.725850 -89.601189
v 3.762939 10.926780 -91.182938
v 20.306049 10.582240 -89.762497
v 22.598839 9.459566 -91.882149
v 28.001883 8.980205 -91.593895
v 30.726391 9.276880 -89.961411
v 36.686310 8.257164 -90.486115
v 39.157627 7.585198 -91.449120
v 42.344246 7.214922 -91.187103
v 45.245510 6.740340 -91.388664
v 48.146214 6.268006 -91.600014
v 51.115105 5.812554 -91.744987
v 54.108349 5.443503 -91.561226
v 57.214828 5.117670 -91.096832
v 62.303383 4.324654 -91.686508
v 65.336861 4.102432 -90.800575
v 71.346664 3.604800 -89.288132
v 73.655327 3.048068 -91.376114
v 76.318741 2.928996 -90.087784
v 78.997215 2.588657 -90.693802
v 82.024261 2.213325 -91.670135
v -79.567223 2.146909 -94.492096
v -76.514313 2.410250 -94.427666
v -74.305038 2.738873 -93.307037
v -71.622452 2.956328 -93.668449
v -68.412727 3.236510 -94.013580
v -65.448814 3.730029 -92.929596
v -62.557526 4.223452 -92.048790
v -54.538712 4.492846 -95.662758
v -52.400253 4.993359 -94.510262
v -49.836353 5.298579 -94.563904
v -46.948071 5.727366 -94.289696
v -44.026520 6.183805 -93.955872
v -41.192310 6.691648 -93.461990
v -35.986523 7.011260 -94.533035
v -30.905861 7.291183 -95.468315
v -27.945644 7.885437 -94.608833
v -24.968317 8.529760 -93.652512
v -22.507151 8.143633 -95.342224
v -10.563138 9.405993 -94.148544
v -7.057892 9.350489 -94.616364
v -1.761287 9.837918 -93.697533
v 3.551621 9.655433 -94.064209
v 14.388388 8.737744 -95.318840
v 17.249237 8.954098 -94.277351
v 19.965050 9.191788 -93.145416
v 22.455219 8.358003 -94.765602
v 25.187031 7.744133 -95.796883
v 27.857653 8.043291 -94.168846
v 33.085129 7.413558 -94.327423
v 35.983429 7.469071 -93.107933
v 38.196556 6.642913 -94.877380
v 43.160400 6.319561 -93.865562
v 46.024426 5.879259 -94.142166
v 49.063007 5.441142 -94.375130
v 55.802353 4.739584 -93.730484
v 61.835682 3.942986 -94.114777
v 64.555847 3.727111 -93.555664
v 69.667595 2.943406 -95.216133
v 71.358688 2.497325 -97.615952
v 76.410545 2.589837 -92.859077
v 76.911407 2.245089 -95.677391
v 79.570786 2.213551 -93.811699
v -77.767693 2.098350 -96.490547
v -73.361237 2.514964 -95.957291
v -70.453056 2.704253 -96.531036
v -65.367722 3.270529 -95.940155
v -62.556316 3.280897 -97.700134
v -51.192024 4.530591 -97.316414
v -47.748184 4.953837 -97.114906
v -44.561695 5.378062 -96.825325
v -41.425385 5.819788 -96.488548
v -38.605431 6.352960 -95.732132
v -35.740360 6.195704 -97.367401
v -33.575405 6.860807 -95.919403
v -28.672249 6.940844 -97.231758
v -25.535446 7.533319 -96.298775
v -5.163524 8.410544 -97.096939
v -1.934226 8.616437 -96.670731
v 27.678785 7.260029 -96.520340
v 30.254360 7.311746 -95.599251
v 35.352592 6.560315 -96.257599
v 37.963081 5.724905 -98.258568
v 40.739201 5.985198 -96.162857
v 43.741817 5.525110 -96.607506
v 46.765831 5.110038 -96.913551
v 49.773624 4.707195 -97.221558
v 58.756531 3.421009 -99.156876
v 74.504684 2.229470 -97.706581
v -75.315948 2.179026 -97.606644
v -69.500877 2.477164 -99.115990
v -59.619812 3.365854 -98.984749
v -56.824612 3.446688 -100.126404
v -54.147945 3.440876 -101.633423
v -51.477421 3.900996 -100.406158
v -48.540016 4.274963 -99.901749
v -45.375656 4.644083 -99.627144
v -42.096951 5.038994 -99.324608
v -38.540810 5.458644 -99.068214
v -32.113853 6.330571 -98.161934
v -31.804268 5.583023 -100.959465
v -29.126127 6.129027 -99.779610
v -20.733982 6.726444 -99.890244
v -2.903725 7.625793 -99.313995
v 3.935317 7.437106 -99.820961
v 12.305840 7.221406 -99.762695
v 17.664484 7.130963 -99.228943
v 20.727522 6.772886 -99.740074
v 25.937944 6.812543 -98.403183
v 32.236404 6.520372 -97.480324
v 34.434032 5.821063 -99.186333
v 36.389805 5.133059 -101.202477
v 41.362911 5.215790 -98.914360
v 44.497890 4.785685 -99.380981
v 47.486408 4.405879 -99.771812
v 50.371578 4.033548 -100.236710
v 53.257191 3.659800 -100.809799
v 55.548885 3.826195 -98.615379
v 61.618942 2.911271 -100.866173
v 64.660103 2.925447 -98.830284
v 66.889969 2.519985 -100.531837
v 72.717079 2.154958 -99.774323
v -72.253883 2.255762 -99.153870
v -69.662262 2.179193 -101.713585
v -64.464485 2.515505 -102.141747
v -61.710888 2.541944 -103.624077
v -51.789265 3.393650 -103.148018
v -49.239246 3.651773 -102.882584
v -46.278217 3.971094 -102.507431
v -43.221252 4.304851 -102.176262
v -40.065132 4.646549 -101.872643
v -33.935902 5.043517 -102.379929
v -31.502699 4.899110 -103.777107
v -29.163675 5.394574 -102.449661
v -21.489016 5.841830 -102.696800
v -18.538614 6.259097 -101.848495
v -13.459946 6.120977 -103.120064
v -10.437051 6.396608 -102.535866
v -7.344932 6.590198 -102.188370
v -4.206797 6.723347 -101.955948
v -1.061786 6.826107 -101.725639
v 4.385347 6.578156 -102.387032
v 6.695986 6.866627 -101.387451
v 9.394650 7.032552 -100.661453
v 21.866661 5.836236 -102.636818
v 25.189568 5.503551 -103.117004
v 27.338146 5.978673 -100.820930
v 31.648716 4.882206 -103.799614
v 33.534630 5.248741 -101.708046
v 34.649002 4.636683 -103.889771
v 39.368492 4.855753 -101.241997
v 42.382969 4.461905 -101.779411
v 45.330853 4.098832 -102.277267
v 48.221924 3.763070 -102.729836
v 51.095459 3.441282 -103.195511
v 56.451756 2.884639 -104.045845
v 58.900028 2.912783 -102.451675
v 64.335243 2.537689 -102.039413
v 67.250870 2.204154 -103.079376
v 69.819511 2.269613 -100.740410
v -67.026848 2.169592 -103.544716
v -64.291153 2.192796 -105.057594
v -58.945400 2.561870 -105.047264
v -53.749718 2.983946 -104.775002
v -50.613747 3.048938 -105.882004
v -47.285442 3.370563 -105.409142
v -44.259834 3.640307 -105.165474
v -41.325005 3.946748 -104.746826
v -38.732731 4.215931 -104.406837
v -31.382589 4.282911 -106.539482
v -28.838282 4.730461 -105.230553
v -19.416658 5.408781 -104.708733
v -0.661968 5.343179 -106.749146
v 16.729582 5.632854 -104.351395
v 23.077616 5.024988 -105.439346
v 28.554317 5.209510 -103.374107
v 35.914883 4.113621 -105.886147
v 38.459709 3.815645 -106.514221
v 40.437939 4.125381 -104.185829
v 43.267513 3.793144 -104.761665
v 46.124287 3.481002 -105.267410
v 49.006935 3.197312 -105.697510
v 51.938972 2.924675 -106.093895
v 58.268131 2.531095 -105.667091
v 62.627064 2.153339 -106.421150
v -58.727608 2.212822 -108.082916
v -55.842079 2.221297 -109.553741
v -53.338230 2.589960 -107.806084
v -50.651989 2.573401 -109.204063
v -48.296967 2.920002 -107.819878
v -45.325550 3.042098 -108.288467
v -42.085018 3.355300 -107.679382
v -39.186279 3.636287 -107.216164
v -36.706421 3.449786 -109.115646
v -33.994102 3.854150 -107.808281
v -31.270357 3.713788 -109.378326
v -26.036829 4.011068 -109.245422
v -7.766417 4.548206 -109.641861
v 2.220552 5.094795 -107.655807
v 12.612874 4.672045 -108.633720
v 24.262949 4.311387 -108.214600
v 27.588470 4.086350 -108.476036
v 30.766565 3.841073 -108.852783
v 36.053600 3.621871 -108.353607
v 38.918549 3.263871 -109.434746
v 41.187996 3.504352 -107.195404
v 44.016808 3.208028 -107.807930
v 46.920887 2.941624 -108.267220
v 52.591675 2.516252 -108.731316
v -53.163624 2.206139 -110.989052
v -47.798141 2.571875 -110.503548
v -42.785213 2.918221 -110.134621
v -39.702133 3.050967 -110.423462
v -33.918030 3.314570 -110.762611
v -31.131187 3.189167 -112.340607
v -28.603046 3.575379 -110.805977
v -18.591969 3.725622 -112.158318
v -16.072832 3.892148 -111.715111
v -13.311832 4.131422 -110.933029
v -2.961877 4.356916 -110.678123
v -0.454221 3.919232 -112.754745
v 2.199289 4.304193 -110.920967
v 4.916162 4.531983 -109.873260
v 4.937018 3.870476 -112.884644
v 10.238918 4.296197 -110.526283
v 13.112032 4.004090 -111.557426
v 28.919914 3.484949 -111.209045
v 31.584555 3.315436 -111.446823
v 33.873436 2.968261 -112.900429
v 36.480484 3.087631 -111.304611
v 41.778606 2.963953 -110.237579
v 44.774746 2.695343 -110.860832
v 47.887894 2.478976 -111.156586
v 51.381683 2.246245 -111.492645
v 54.637596 2.199709 -110.323753
v -47.382641 2.213995 -113.512375
v -45.023216 2.573391 -111.654404
v -42.031578 2.582167 -112.767601
v -39.121162 2.583772 -113.779076
v -36.617435 2.954706 -112.123528
v -30.870050 2.711316 -115.441429
v -17.180883 3.286467 -114.730042
v -9.147020 3.418120 -114.926117
v -6.389544 3.604231 -114.097221
v 1.154870 3.343604 -115.709885
v 4.272242 3.341601 -115.648567
v 7.540228 3.381507 -115.263672
v 13.252246 3.439588 -114.395378
v 16.232363 3.708069 -112.633537
v 18.450949 3.228565 -114.855591
v 21.430653 3.300624 -113.911324
v 33.816944 2.549132 -115.747368
v 36.757282 2.609827 -114.379990
v 39.355427 2.751820 -112.541611
v 42.365520 2.496356 -113.255424
v 45.721889 2.235546 -114.005882
v 48.754494 2.150108 -113.496696
v -44.540859 2.218883 -114.630440
v -41.495834 2.237454 -115.639381
v -38.599697 2.208978 -116.834763
v -35.923126 2.167428 -118.043304
v -28.110981 2.603015 -116.852119
v -19.765871 2.888304 -116.674141
v -16.946457 2.778869 -117.834335
v -9.295274 2.895927 -117.938148
v -4.532242 3.249610 -116.146355
v -0.107340 2.895058 -118.322830
v 13.245366 2.958639 -117.147530
v 17.807495 2.779511 -117.690079
v 20.677305 2.852695 -116.736122
v 28.337164 2.242960 -119.483864
v 31.010086 2.447267 -117.236382
v 36.713356 2.213006 -117.429451
v 39.781620 2.277234 -115.891479
v 43.056099 2.159264 -115.696869
v -33.440987 2.119816 -119.176750
v -30.685194 2.253011 -118.839409
v -27.599199 2.222754 -119.798683
v -22.191940 2.533480 -118.638565
v -16.853237 2.413591 -120.342247
v -14.179374 2.529851 -119.842278
v -6.100152 2.834244 -118.541687
v 1.531125 2.514226 -120.817200
v 4.523583 2.519328 -120.702599
v 7.213514 2.513222 -120.604881
v 17.477226 2.423303 -120.168098
v 20.079554 2.468220 -119.446709
v 22.905346 2.503358 -118.708244
v 25.226519 2.194221 -120.575943
v 33.848911 2.177474 -118.591835
v -18.533298 2.146253 -122.164803
v -15.538088 2.155082 -122.500069
v -10.908412 2.493058 -120.462891
v -6.315748 2.159343 -123.272415
v 0.023513 2.178144 -123.287140
v 6.517070 2.175961 -123.121529
v 12.977488 2.219223 -122.302437
v 15.992130 2.174561 -122.297997
v 19.069315 2.146174 -122.091797
v 125.991600 1.855894 -1.454755
v 125.868195 1.855894 5.761729
v 125.692200 1.855894 8.801743
v 116.173866 1.855898 48.781483
v 113.410851 1.855897 54.899712
v 112.112267 1.855898 57.505127
v 105.603271 1.855898 68.730995
v 100.234428 1.855898 76.348282
v 96.905907 1.855898 80.531021
v 90.456604 1.855899 87.713181
v 88.226227 1.855899 89.956284
v 85.865662 1.855899 92.212196
v 80.991348 1.855898 96.521507
v 70.580330 1.855898 104.376320
v 48.901272 1.855898 116.123489
v 39.473248 1.855897 119.657272
v 36.585411 1.855897 120.571587
v 30.100756 1.855895 122.351723
v 27.253643 1.855896 123.017227
v 20.677553 1.855897 124.291748
v 17.762493 1.855896 124.741707
v 11.870926 1.855894 125.439552
v 8.918142 1.855894 125.683998
v -3.791191 1.855894 125.942947
v -6.469848 1.855894 125.833786
v -9.120126 1.855894 125.669502
v -48.071110 1.855897 116.469604
v -54.262039 1.855897 113.717331
v -57.093742 1.855898 112.322327
v -65.951134 1.855899 107.361298
v -68.616341 1.855898 105.677803
v -76.359688 1.855898 100.225731
v -81.668648 1.855899 95.949112
v -91.434006 1.855899 86.693840
v -96.010132 1.855899 81.596909
v -100.388321 1.855897 76.145813
v -104.154602 1.855898 70.907120
v -105.952682 1.855898 68.191124
v -112.394051 1.855898 56.952404
v -116.649689 1.855897 47.632442
v -119.709702 1.855897 39.313961
v -120.623299 1.855897 36.414558
v -123.072731 1.855896 27.001915
v -123.695198 1.855897 23.989544
v -125.621086 1.855894 9.764391
v -125.826698 1.855894 6.606196
v -125.954872 1.855894 3.371941
v -125.822418 1.855894 -6.687213
v -125.641663 1.855894 -9.495969
v -121.673317 1.855895 -32.735374
v -119.928062 1.855898 -38.642719
v -118.027451 1.855896 -44.108063
v -116.877487 1.855897 -47.070713
v -114.175247 1.855897 -53.291763
v -112.895981 1.855897 -55.950848
v -111.622154 1.855898 -58.450790
v -106.500648 1.855898 -67.332100
v -104.669258 1.855898 -70.145180
v -103.243034 1.855898 -72.227951
v -99.422813 1.855899 -77.402229
v -97.509628 1.855898 -79.798950
v -89.113258 1.855899 -89.077652
v -87.024231 1.855899 -91.119614
v -82.325386 1.855899 -95.386223
v -80.174728 1.855898 -97.200890
v -69.710732 1.855898 -104.959106
v -55.704926 1.855897 -113.017525
v -47.111282 1.855897 -116.861145
v -38.088608 1.855898 -120.105194
v -35.386951 1.855896 -120.928757
v -20.295813 1.855897 -124.354652
v -14.273005 1.855895 -125.188980
v -8.031319 1.855894 -125.743782
v -4.812285 1.855894 -125.908066
v 5.327456 1.855894 -125.887321
v 8.479364 1.855894 -125.714363
v 33.512062 1.855895 -121.461685
v 36.336300 1.855897 -120.646896
v 39.158817 1.855897 -119.760544
v 45.502480 1.855896 -117.496910
v 48.121433 1.855897 -116.448822
v 54.420242 1.855897 -113.641708
v 57.170750 1.855898 -112.283150
v 67.723267 1.855898 -106.252335
v 80.431870 1.855898 -96.988213
v 85.140793 1.855899 -92.881889
v 90.209160 1.855899 -87.967651
v 92.327301 1.855899 -85.741875
v 94.404633 1.855899 -83.449173
v 96.552765 1.855898 -80.954079
v 103.068626 1.855898 -72.476608
v 116.300400 1.855897 -48.479042
v 120.673409 1.855897 -36.248138
v 121.489571 1.855895 -33.410851
v 122.233536 1.855895 -30.577152
v 122.886223 1.855896 -27.838398
v 124.150101 1.855897 -21.511667
v 125.115837 1.855895 -14.900586
v 125.437149 1.855894 -11.896278
v 125.916969 1.855894 -4.573424
v -75.408340 1.855898 -100.943466
v 102.057755 1.855898 73.893265
v 75.451698 1.855898 -100.911057
v -102.282379 1.855898 73.582031
v 73.247589 1.855898 102.522148
v 100.977371 1.855898 -75.362923
v -36.484482 2.265092 117.047714
v -117.881592 2.150475 -37.005928
v -110.153351 1.855897 -61.173847
v 60.157200 1.855897 110.711838
v -61.474171 1.855897 -109.986031
v -110.946930 1.855897 59.722507
v 110.501541 1.855897 -60.542618
v -53.119473 1.855897 -114.255508
v 27.388283 51.983116 -0.850997
v 1.234146 52.551590 -25.720156
v -1.074458 42.769299 44.953434
v -42.757717 44.183922 2.422972
v -0.657219 41.667431 -46.563797
v 107.602791 5.114642 0.350999
v 28.458975 51.503147 4.097393
v 26.188690 52.197311 -5.577301
v -3.353602 5.146495 -107.432167
v 5.346753 5.241167 -106.996407
v 46.111519 1.855896 117.259232
v -117.601219 1.855896 45.232212
v 117.393761 1.855896 -45.767941
v 11.427701 51.026936 -27.670122
v -11.571630 50.376991 -29.268127
v 26.587795 51.222050 12.618505
v -120.583809 2.546597 -0.024518
v 26.388693 4.751933 -105.796654
v 98.644806 1.855899 -78.391342
v -79.068779 1.855899 98.102646
v -98.185112 1.855899 78.966347
v 77.893478 1.855899 -99.038406
v 98.684837 1.855899 78.340942
v -77.882309 1.855899 -99.047195
v 78.655830 1.855899 98.434036
v -1.098668 39.215130 49.957092
v -48.907871 39.989582 -0.430263
v 40.634174 45.560040 -1.507441
v 1.203313 44.575947 -42.216415
v 81.987183 15.837787 0.807906
v 35.453167 48.481640 0.180845
v 0.709589 49.264656 -33.908806
v -77.023087 18.944878 0.387687
v -71.893250 22.472490 0.021725
v -92.512947 10.369151 1.273708
v 0.170507 20.721352 -74.386307
v -64.262695 28.172401 -0.056367
v 106.915451 4.924673 17.569536
v -15.295543 4.551507 -108.804245
v 97.086990 8.459256 -2.024861
v -102.965302 6.430649 -0.195244
v 61.821674 30.067535 0.108270
v 2.385957 4.108109 111.825813
v 0.580060 32.682056 58.479618
v 0.012796 37.895874 -51.729362
v 51.682266 37.931709 -0.441763
v -120.854378 2.434613 -11.301562
v 15.130750 54.960407 -0.468132
v -3.557606 55.890545 -1.832423
v 0.816932 55.657421 -8.561341
v -13.243628 2.145404 122.834999
v 17.768539 4.836929 -107.235542
v 19.991196 54.088600 -0.335714
v -97.730522 8.227221 -0.417376
v 0.914170 8.584475 96.765556
v -115.337730 3.399728 -3.943725
v -1.651646 3.379932 115.507454
v -115.495880 3.361539 5.185182
v 116.611580 3.171455 -3.029886
v 4.575473 42.341484 -45.371014
v -107.045441 5.251664 2.960740
v 1.838968 6.769608 -101.884048
v 100.365784 7.269149 2.599224
v -110.972191 4.255995 6.341160
v -108.980637 4.741059 -5.057734
v 12.224068 55.029266 -8.147318
v 5.197528 55.164520 -12.662228
v -7.874679 55.176273 11.120107
v -12.125098 55.221642 -5.220638
v 6.809536 55.128918 12.164909
v -117.267662 3.022237 7.698867
v -7.144974 3.179497 -116.400505
v 115.366241 3.348857 8.468521
v 8.841508 2.791952 -118.635162
v 93.364594 9.989807 1.520209
v -100.395279 7.170957 7.779672
v -20.589294 53.885128 3.449627
v 25.086430 47.580734 -27.433500
v -86.542084 13.241494 -3.425714
v -87.168961 12.944416 1.854411
v 18.706442 54.241711 4.757798
v 4.572814 54.206715 -18.952181
v -103.292900 6.232829 8.228053
v -93.979057 9.687309 3.756946
v -121.860695 2.189148 18.279696
v -108.810806 4.629326 -12.690247
v 102.018257 6.643164 7.517891
v -110.214661 4.284277 13.692669
v 16.867506 50.328167 -26.711000
v -114.503868 2.970112 -27.796307
v 27.495575 2.820078 115.556114
v -30.313334 50.840870 2.190982
v 116.838387 2.593521 -28.413904
v 25.875069 2.913033 -115.337997
v 77.292427 18.751066 -2.090757
v -1.583659 19.543587 -76.114319
v -14.826174 3.222656 115.423988
v -115.249199 3.294927 12.946836
v 115.245300 3.260526 14.559562
v -14.496195 3.016321 -116.657394
v -6.041806 11.698771 89.447716
v -91.193115 10.916872 4.106702
v -90.089951 11.367049 -6.818925
v -5.209053 53.217976 22.929674
v 7.819992 53.099709 22.654037
v -23.455967 52.759647 -8.785785
v -3.679742 12.491781 -87.976578
v 87.918243 12.529116 3.267252
v -16.968311 53.911476 -12.007432
v 4.200645 12.221836 -88.479851
v -16.533989 53.558502 14.901299
v -7.658853 53.648933 -20.508060
v 8.555788 53.124863 -22.275114
v -105.094566 5.522366 14.243102
v -8.502913 11.698340 -89.248230
v 91.259415 10.786622 7.599485
v 6.698535 11.488029 -89.844368
v -98.258339 7.839760 10.227791
v 106.425369 4.816745 22.604315
v -23.186920 4.354285 -108.256187
v -15.474669 52.787933 -19.626736
v 19.303017 53.233059 13.427258
v -12.685165 53.252308 19.673353
v -18.336180 3.997904 110.841965
v -110.722466 4.080212 16.689135
v 15.180909 6.553560 -101.444931
v 100.142555 7.009112 -14.347717
v 101.013359 6.673884 15.525990
v -15.538183 6.675738 -101.005745
v 12.056076 8.284661 -96.802574
v 97.472153 8.084328 11.169878
v 79.784157 17.054045 5.550641
v -5.476619 17.709492 -78.743553
v 5.880269 17.360861 -79.267998
v -101.892944 5.673664 -27.437384
v 11.030783 9.682067 93.430779
v -11.530357 10.257819 92.036957
v -93.587967 9.621656 10.898368
v -8.945363 51.913582 26.104300
v -17.263969 52.860840 17.698151
v -116.249680 2.984682 18.826937
v 22.005877 3.112235 114.917259
v 114.165794 3.276408 20.762980
v -22.722776 2.936068 -115.861526
v 21.549541 52.326042 -15.257009
v 14.761146 52.303001 -21.994030
v -74.114113 20.771883 5.433387
v 121.270142 2.152907 23.418478
v 100.261108 6.061890 -28.347864
v -120.935181 2.156888 25.015369
v 84.018204 14.500634 6.932977
v -7.535155 14.585645 -83.822876
v -4.172455 22.202461 -72.159149
v 73.123802 21.474771 5.058864
v 4.907350 22.242205 -72.055824
v -8.839242 47.458290 36.338043
v 8.259848 47.288067 36.783207
v -36.688171 47.319759 -8.421802
v 25.957716 48.553154 23.953463
v -88.308907 12.077161 9.989161
v -4.410305 32.436474 -58.644455
v 6.218235 32.817810 -57.972149
v -98.856705 7.180795 -18.959887
v 17.801872 7.880580 97.028671
v -77.766449 18.152849 8.520328
v -76.325539 19.137005 -7.939334
v 62.341499 29.455610 5.734937
v -1.571955 28.848658 -63.382095
v -22.425283 5.620261 103.329346
v 21.556835 5.850129 102.652542
v -104.074387 5.458010 -21.708925
v -13.667475 11.550413 -88.917686
v 82.051529 15.269034 -12.170479
v 11.444909 14.102068 -84.243614
v -45.906517 41.245510 -10.828998
v 10.383755 41.674545 -45.386208
v 46.872154 40.595161 10.741110
v -11.410681 41.341110 -45.611591
v -50.473034 38.701778 4.454602
v -58.493382 32.462009 5.610480
v -17.026882 8.257110 -96.141785
v -9.372932 20.296513 -74.414375
v 9.118752 20.278484 -74.470993
v 16.821033 8.040409 -96.758560
v 19.370888 3.661528 -112.376892
v 52.508102 37.082561 5.540031
v -8.576241 47.409184 -36.492161
v 36.268387 47.617050 7.918306
v 101.187950 6.232479 -22.381350
v 95.027740 7.718389 -28.206985
v -20.754917 51.192059 20.978727
v 22.038078 2.174259 -121.368416
v -112.132477 3.586438 22.722908
v 21.222960 50.554981 -22.700935
v -91.994141 9.825584 18.017336
v 18.640160 50.947739 23.661922
v -23.315868 51.084496 -18.544067
v -78.759850 17.298605 11.435213
v -28.591387 4.151726 -107.907227
v 108.415863 4.054667 28.433701
v 115.977074 2.827464 25.489521
v -26.246519 50.071171 18.604151
v -19.111540 50.096188 25.837194
v -67.436089 25.396606 8.014648
v -40.547493 45.150185 7.920180
v -30.565523 1.855895 122.236450
v -122.340424 1.855895 30.146639
v -122.553741 1.855895 -29.267399
v 30.286703 1.855895 -122.305824
v 13.027959 47.526047 34.909714
v -13.528654 47.571892 34.648300
v 90.191483 9.676981 -26.787409
v -15.406181 15.639469 80.854912
v -82.184334 14.932298 14.939815
v 31.544912 48.874332 -14.441220
v -97.307152 7.368752 23.477261
v -104.657036 5.083330 25.518827
v -14.355141 16.014244 -80.406410
v -9.571365 36.960430 52.088985
v -19.161459 9.943324 -91.480232
v 90.570946 10.292175 19.666945
v 87.975243 11.160099 -22.409031
v 16.925892 12.856135 -85.680725
v 104.614670 4.521026 -34.016659
v 33.100979 4.137026 -106.704910
v 35.672180 46.946129 -13.958568
v 11.327641 46.010437 -38.258183
v 102.136345 5.656693 26.718008
v -26.517561 5.863291 -101.444534
v -24.786322 8.703468 93.246269
v -32.097370 47.769005 18.012394
v -74.171654 19.941626 -14.250859
v -74.714043 19.713911 13.209408
v -11.902119 32.657650 -57.283024
v -35.044781 46.658817 -16.670681
v 17.131023 40.290310 45.363365
v -44.112106 40.639114 -18.978638
v 10.474388 28.362814 -63.167152
v -12.442868 28.760668 -62.268166
v 62.432064 28.692635 12.052815
v 13.798832 29.184818 61.435524
v -61.244167 29.690022 11.459781
v -116.098961 2.554288 -32.368198
v 36.832420 45.396042 17.808231
v -19.907787 19.035952 74.265968
v 9.953784 34.671688 -55.042950
v -9.559275 36.102470 -53.230019
v 27.230640 13.674311 81.349693
v -78.771416 14.898138 -28.003101
v -33.060310 3.232597 111.494804
v 65.852005 24.919996 -19.026955
v 35.051643 3.680073 108.371704
v -109.771004 3.520896 -33.452938
v 27.058081 43.450584 34.619717
v -34.663647 43.693344 -26.400324
v -21.107010 15.069212 80.567436
v -81.375488 14.576504 -21.448313
v 21.875025 14.380923 81.635002
v 72.410187 20.418943 -18.862007
v 78.088737 15.598376 -26.239449
v -101.283669 5.423028 -32.703255
v 32.657223 5.262118 101.923836
v 79.612549 15.697329 -20.506376
v -44.212154 37.988235 -26.620958
v -33.376282 2.434328 -116.688644
v 43.666828 38.063335 -27.321199
v 26.177654 36.838112 -46.224682
v 105.172386 3.968127 -39.890850
v -75.922806 16.353550 -28.582037
v -3.117318 51.738968 -27.919559
v 28.065319 51.748962 1.598326
v -44.907398 42.734905 -2.951991
v -45.397499 42.415550 2.600754
v 45.557003 42.320465 -2.293221
v 107.739868 4.963565 9.866144
v -9.571300 5.036047 -107.485458
v 8.311503 5.413371 -106.155907
v 26.920584 51.568420 9.433372
v 8.283031 51.426029 -27.718012
v 14.691146 5.106633 -106.630478
v -80.634193 16.593422 3.652011
v -14.414746 5.290356 -105.956108
v 105.887207 5.293123 14.802449
v 1.840317 25.629618 -67.579697
v 67.592644 25.584900 -2.872119
v 66.430290 26.494587 1.978498
v -4.283186 25.440931 -67.721832
v 120.687431 2.528342 2.560337
v -1.541634 2.501515 -120.908829
v 2.595339 2.582999 120.291290
v -120.596985 2.538931 -3.075680
v -3.155343 2.499203 120.882080
v -120.520027 2.549494 3.097178
v 86.255920 13.427021 1.080068
v -2.650028 13.912118 -85.316742
v 120.505959 2.511749 8.714215
v -7.813736 2.491866 -120.723953
v 95.132866 9.218133 3.762343
v -4.129688 9.293301 -94.936607
v 0.796895 45.988968 39.926201
v -110.027176 4.508527 3.329130
v 0.985459 18.875542 -77.127945
v -100.223671 7.328300 -0.326342
v 12.308720 55.320900 0.061121
v -115.255684 3.426785 -0.543395
v 0.411905 24.239660 69.461838
v -61.771118 30.106945 0.363140
v 0.822025 30.800495 60.882061
v 115.637962 3.356775 -0.289894
v -1.692961 3.332244 -115.766670
v 1.697698 54.418056 -18.325171
v 17.534864 54.571106 -1.038198
v 49.986061 39.180050 -1.810680
v -0.145704 39.823437 -49.136940
v 14.321301 50.635784 -27.355318
v 26.333475 51.079121 -13.951956
v 72.727158 21.875002 -0.985039
v -74.446205 20.679951 0.172624
v 2.875457 5.395239 106.510445
v 38.075947 47.065170 -0.677292
v -104.141609 6.066870 2.670372
v -117.019958 3.070477 -6.805045
v 115.349792 3.385245 5.470654
v 113.549850 3.702997 -7.655612
v -8.468451 55.518452 5.929260
v -18.648596 54.345299 -2.110185
v -122.659584 2.192292 11.294777
v 89.558311 11.725083 -2.764991
v 0.846547 9.085832 -95.531181
v -3.843045 54.671112 -16.619690
v 4.098396 54.785343 -15.815020
v -6.254535 7.484897 -99.550087
v 99.472069 7.511632 -6.339410
v 2.409422 53.812443 -21.045755
v -109.044380 4.666706 8.816843
v -12.255344 54.950497 9.031326
v 118.541855 1.855896 -42.706318
v -118.966011 1.855896 -41.510090
v 119.055817 1.855897 41.251812
v -118.717827 1.855896 42.214661
v -44.246456 1.855896 -117.975639
v 42.217468 1.855896 -118.716827
v 42.895855 1.855896 118.473396
v 4.582422 11.814061 89.311089
v 9.816812 54.959297 11.586813
v -83.914047 14.686996 -3.017289
v -114.892036 3.412793 9.936031
v -1.565254 15.442623 -82.649330
v -11.747928 3.230163 -115.736061
v -20.276194 4.643378 -107.592987
v 108.232285 4.494430 20.199781
v 20.985815 4.558981 -107.816345
v -101.042755 6.946189 -8.129931
v 10.121232 6.850533 101.158600
v -75.892830 19.668316 -2.390651
v 3.722001 18.917200 76.977661
v -78.111404 18.185499 3.206686
v 4.554972 53.507298 22.018324
v -14.101297 54.518517 -10.997082
v 27.296043 3.233288 113.060555
v 113.935440 3.111466 -26.524469
v 24.260008 3.327707 -113.211540
v -104.272621 5.861389 11.223727
v 4.570309 49.908825 32.221283
v 100.720856 6.947990 -11.358361
v -8.442439 8.352032 -97.015800
v 95.822578 8.799874 8.921646
v 94.901459 9.042726 -11.777521
v -12.501536 7.050980 -100.260719
v 9.205998 8.696290 -96.057816
v -6.183237 52.357063 25.594294
v 3.569070 45.576996 -40.452339
v -1.359463 45.245026 -41.154408
v 39.981567 45.955318 1.472513
v -3.838506 28.420753 63.829014
v -21.392023 2.184864 -121.385628
v -20.299215 2.102776 122.228325
v -115.506271 3.184693 15.912550
v 62.673264 29.374441 -2.263539
v 62.180191 29.740868 2.729224
v -114.041389 3.369239 -18.455259
v -45.840755 41.711132 -7.829421
v 9.344545 41.407013 45.984730
v -39.796616 46.000095 -3.002117
v -40.093685 45.843967 2.473845
v 27.231508 4.427754 107.003586
v -9.043818 42.550461 -44.369923
v 46.140575 41.548435 -7.517247
v -20.152731 48.399368 -29.375557
v 13.378428 53.194122 -19.514269
v 27.413057 48.721928 -21.751444
v 19.121273 49.423306 -27.606096
v 11.794594 8.583620 96.063164
v 21.813992 53.203575 8.884115
v -78.421555 17.824137 -7.254109
v -95.633026 8.857727 9.412462
v 77.568581 18.516535 4.182069
v -8.626275 12.354608 87.898613
v -98.570236 7.460387 -15.926879
v -98.953163 7.470127 13.099484
v -105.772476 5.220228 17.370707
v 85.697845 13.455894 9.218854
v -8.370288 13.110102 -86.454872
v 117.453064 2.139506 38.510201
v 9.305861 10.634479 -91.430275
v 36.955994 47.504654 5.106566
v -5.574521 48.103119 -35.757236
v -36.233883 47.842110 5.772539
v 90.164589 11.161117 10.642111
v -10.963944 10.849287 -90.780533
v 68.985199 24.129375 9.279290
v -9.440048 25.953993 -66.496040
v -90.998260 10.780827 10.404812
v 96.369438 8.341747 14.195804
v -13.900590 8.834789 -95.151291
v -9.320567 50.828445 28.947784
v 18.618916 6.192835 -102.051247
v -109.226387 4.217966 21.613136
v -68.993706 24.428207 5.429525
v 6.716034 25.065001 68.016769
v -109.324257 4.266530 -19.995052
v 24.498774 4.100563 109.164368
v 107.362892 4.448586 25.444141
v -20.531179 51.581478 -19.792877
v 20.495430 51.813145 18.912567
v 19.817976 51.769314 -19.826120
v 79.303192 17.218145 8.143673
v -8.536372 17.250753 -79.204391
v 9.055820 17.187769 -79.244324
v -115.182968 3.011784 23.694395
v 114.415031 3.142560 23.534300
v -7.559206 30.544315 60.758938
v 120.986717 1.855896 35.188274
v -120.816650 1.855896 -35.767815
v -32.506260 1.855895 -121.734726
v -121.490875 1.855895 33.406105
v -55.826942 34.628586 4.455173
v -54.401108 35.666111 -5.235666
v -16.462185 50.944233 25.313705
v -95.852180 7.570908 -26.755695
v 50.083599 38.631203 -8.195753
v -75.277222 19.814051 8.109999
v 9.199499 20.559134 74.047028
v -81.279190 15.735157 11.944188
v -9.915514 22.161703 -71.648468
v 73.230804 21.213524 8.067944
v 72.243317 21.901531 -8.109564
v 55.428196 34.866558 5.307139
v -5.114633 34.259453 -56.237358
v 4.481322 34.132210 -56.465988
v -98.881950 7.038569 20.922192
v 11.028835 48.923092 -32.794392
v 15.762727 13.787257 84.126122
v -84.882210 13.440825 15.188629
v 92.237907 8.634567 -28.903620
v 37.755943 46.496964 10.080588
v 8.699299 46.952023 -37.277710
v 84.640121 13.535731 15.550102
v -19.518133 8.767674 -94.323044
v 19.727695 7.924472 -96.533028
v -23.349951 50.849083 19.450958
v 21.438650 49.910202 24.455322
v -64.966042 27.282310 7.781348
v -64.746407 27.312799 -9.051595
v -23.669611 6.276821 -100.720238
v 101.502907 6.024327 24.019445
v -9.534768 33.244675 -56.966774
v 62.434914 29.100636 8.854094
v 6.934281 28.016630 -64.094749
v 27.729252 9.855627 89.479034
v -93.210106 9.099888 20.692104
v 45.834324 40.783298 -13.637706
v 9.710213 38.405941 50.116257
v -50.376606 38.212151 -9.728257
v -29.131222 49.053757 18.151634
v -17.548613 48.629208 30.493816
v -15.021212 23.716793 -68.540657
v 87.551430 10.611462 -28.189714
v -77.144791 18.075363 13.791132
v -70.094429 23.054996 11.777452
v 27.373444 1.855896 -122.990631
v -26.890163 1.855896 -123.097191
v -123.371178 1.855897 -25.603764
v -27.933727 1.855896 122.864586
v 15.350685 17.635635 -77.539940
v -13.779033 17.698978 -77.738190
v 33.603989 47.505623 -16.258047
v 35.300163 46.774982 15.590660
v -16.127886 46.970417 34.694927
v 22.143162 3.864506 -110.806061
v 108.661224 4.103534 -26.542723
v -24.645771 48.121685 26.452732
v -99.213524 6.553430 25.987543
v -31.857992 44.605732 -27.634476
v 27.030886 44.822556 31.913284
v -19.360071 16.458881 78.607101
v -72.931046 20.613140 15.377917
v -23.017843 13.838546 82.335945
v -84.169167 13.140332 -21.173996
v 13.008795 30.738504 59.563877
v -59.405239 30.932493 -12.525933
v -30.094648 5.206411 102.925125
v 19.717039 12.135619 -86.553474
v 104.930809 4.245055 -36.822971
v 30.726126 2.913917 -114.100128
v 24.579365 42.756046 -37.670216
v 34.299931 43.163349 -28.187983
v -22.904165 46.715256 31.216171
v -33.179001 46.128670 -21.816677
v -31.965555 3.805346 108.680367
v -125.286293 1.855895 13.391940
v 32.618736 4.135847 106.846695
v 27.161343 14.966851 78.919334
v -35.988449 45.324440 -19.739681
v 17.042316 45.386139 37.214645
v -64.581306 26.326942 -16.623699
v 23.035809 17.304491 76.170578
v -77.044395 16.873133 -22.565758
v -23.477009 40.187042 42.586891
v -36.093571 3.049231 111.674667
v 6.101624 1.855894 125.852173
v 73.902657 17.290237 -29.549023
v -36.617622 41.892624 -28.270691
v 11.635307 52.753284 -22.247725
v -12.335880 14.950319 -82.585304
v -15.137078 52.090305 -22.505621
v 29.702986 50.616753 8.566284
v 17.886631 51.625683 -22.057993
v -8.085047 34.558617 -55.495510
v -7.203417 43.943607 42.603855
v 5.763568 44.778980 41.510983
v 29.703375 49.260887 16.380421
v -17.361942 49.148609 -29.387314
v 22.406357 11.534317 -87.173683
v -22.374573 16.074339 -78.465721
v 29.102871 46.110703 27.043367
v -25.229235 46.070377 -30.825321
v 29.775713 45.117455 -28.712442
v 23.914040 37.223782 46.870743
v 106.967804 2.607836 -54.716591
v 57.424156 2.204106 -108.869354
v 67.467476 2.579804 99.645882
v -101.236382 2.267826 -69.115181
v -106.010147 2.912645 -52.259323
v 66.372543 3.180781 -95.843445
v 94.078346 3.225460 -68.432167
v -92.472069 3.677695 -66.526161
v -43.840816 37.001411 -29.630560
v 100.661705 2.549421 66.344955
v -102.426071 2.511044 -64.065483
v -95.856728 4.045132 58.192825
v 60.224613 3.763167 -96.194191
v 64.733536 2.198205 -104.741905
v -60.346836 3.697836 -96.500137
v 16.733109 45.128353 -37.815815
v 37.807617 45.685894 -14.333366
v -14.424923 46.304401 -36.678238
v 86.443741 3.911145 -72.385971
v -26.326025 50.444717 -16.978746
v 9.560595 54.025101 17.872814
v -63.642357 27.685144 12.686114
v -63.894257 28.289186 5.302121
v 18.950043 53.247829 -13.785646
v -7.376699 53.738304 20.237667
v 3.070814 20.554869 -74.562958
v 75.344223 19.897501 6.013660
v 3.843062 20.451151 74.683441
v -8.999188 45.824619 -39.195400
v -2.003357 15.438362 82.639557
v 8.686255 45.503601 -39.794083
v 6.296396 10.236756 -92.593285
v 92.337669 10.408040 -4.158424
v 7.633545 55.351337 9.418904
v 120.616264 2.523137 5.615612
v -0.124165 50.884781 30.270918
v -30.684517 50.720688 -0.657342
v 0.715953 55.838013 5.328753
v -0.465034 4.570594 109.816513
v 91.537865 10.803145 -0.764415
v -0.689923 54.054527 20.136892
v 0.158693 14.235950 -84.777740
v 83.982254 14.671471 1.932177
v -0.689855 12.992283 87.089775
v -85.714783 13.712502 -0.711123
v 2.363777 3.748061 -113.550262
v -3.493171 3.752526 -113.500832
v 115.380989 3.398516 2.537600
v 11.288909 55.314953 -5.173784
v -2.369020 55.327717 -12.034801
v 5.038214 7.719932 98.978172
v -101.305595 6.957023 2.401504
v 14.507452 55.031357 2.175309
v 0.616764 7.821425 -98.826706
v 97.917702 8.139711 3.017895
v -91.747307 10.669371 -4.190360
v 4.905755 10.526836 92.032158
v -1.321148 54.544098 -17.679804
v -8.511571 3.956475 -112.247910
v 112.742889 3.879223 6.802691
v 7.584857 4.038256 -111.931358
v 118.111740 2.928753 -1.063400
v -10.941172 54.793022 12.046268
v 8.992640 5.310941 106.479248
v 13.265801 54.637218 11.028579
v 92.344597 10.398410 4.572770
v -4.725664 10.288028 -92.583107
v -3.446503 16.578608 -80.667084
v 98.764687 7.721145 8.202358
v -9.430177 7.326965 -99.766037
v 95.910027 8.743017 -9.542692
v 11.678436 2.622728 -119.487778
v -97.634430 8.165377 7.196092
v 120.335220 2.496424 11.869452
v -12.131852 2.817775 -118.174393
v 9.579245 7.885215 98.188759
v -14.097252 3.528940 -113.812569
v -117.609840 2.923912 11.054063
v 3.466348 48.740688 34.775585
v -2.765182 48.377411 35.551266
v -68.222343 25.109386 -2.898052
v 13.201182 6.566243 101.689278
v 0.577357 5.959668 -104.532654
v -11.828170 6.635646 101.627014
v -5.497171 13.620975 -85.709496
v 85.206390 13.946555 4.074660
v 7.385430 15.872294 -81.605476
v 1.003339 46.260521 -39.477615
v 37.502525 47.352974 2.238509
v -1.533392 46.911022 -38.349884
v -62.818874 29.241398 2.795924
v -49.720108 39.303055 -3.466743
v -56.680462 33.988907 -3.890511
v -57.697151 33.257584 2.371125
v 2.373616 36.767372 -53.162342
v -5.355870 5.882318 -104.656502
v 104.864151 5.818343 5.503866
v -30.295458 50.704735 5.104969
v -117.765358 2.791613 16.847054
v 88.483543 12.066256 8.447493
v 9.680905 13.163764 -86.208618
v 25.688787 3.706823 -110.827553
v 11.583149 9.558125 -93.651733
v 14.709684 7.604712 -98.333969
v -114.315254 3.249825 20.810301
v -111.737022 3.738197 -20.604124
v -20.403366 3.337433 -113.892372
v 112.602081 3.642590 18.526443
v 11.921293 6.354198 -102.502159
v -11.469398 5.558178 -105.296509
v -107.608345 1.855899 65.547272
v -106.730209 4.822824 -20.871544
v 5.871535 28.149624 64.021576
v 64.539307 27.680540 6.885422
v 3.716514 27.330513 -65.253227
v 100.689026 6.166329 -25.418041
v -85.549316 13.506653 9.761393
v 77.467453 18.444691 7.092689
v 25.997421 6.935319 98.002220
v 68.696190 24.755720 2.993500
v 9.471528 49.478634 32.075195
v 48.456409 39.991619 -6.588648
v 5.928566 40.872459 -47.307056
v -48.461315 40.050919 5.886953
v -6.517290 40.657551 47.533123
v 103.766396 5.782415 17.028521
v -16.445393 5.781888 -103.872040
v -20.055557 50.765907 -23.078413
v -118.292572 2.516675 24.461864
v 19.844587 5.323515 -104.931747
v 8.603196 22.258125 71.676498
v -16.539942 9.422894 -93.256416
v 14.639648 12.027520 -87.760925
v 17.579937 10.101395 -91.424210
v 98.586105 7.201946 20.004293
v -20.068039 7.697236 -97.112648
v -22.749741 4.816594 106.388878
v -106.987198 4.629139 23.549368
v 21.996191 48.281944 -28.347940
v -14.797283 49.459366 30.040228
v -112.808510 3.347259 25.643665
v -25.626097 2.980415 -114.973236
v 113.166374 3.269635 25.935259
v -96.067558 8.010776 20.815985
v 24.966305 2.958895 115.256248
v -99.807816 6.574664 23.316483
v 60.272816 30.912560 7.639077
v 22.933138 50.883430 -19.810226
v -79.628204 16.469988 14.434841
v -11.910828 46.679283 36.885559
v -38.255470 45.659431 13.273823
v -32.305519 48.105000 -16.327097
v -7.716220 37.626179 -51.530495
v 8.916439 37.705162 -51.210812
v -116.205910 2.433734 35.036011
v -90.303459 10.323906 20.479509
v -76.167358 18.395065 -16.182814
v -24.356855 5.457076 -103.475899
v 103.635666 5.555000 22.099094
v 81.566093 14.942153 -17.931263
v 71.055786 22.811705 7.268442
v 11.617169 26.444605 -65.492340
v -11.919975 26.716438 -65.073349
v -107.770226 4.127747 29.536674
v 38.060028 45.376171 15.071702
v -95.897156 7.625762 26.010389
v -116.298790 2.523768 32.435696
v -40.762157 44.191956 13.128660
v -113.764580 2.970582 -30.706028
v -73.472557 19.845833 18.070374
v -109.034935 3.812894 -30.641521
v 35.923737 2.870692 112.889412
v -125.366257 1.855894 -12.621461
v -11.810825 1.855894 125.445221
v 11.533175 1.855894 -125.471054
v 106.948456 4.160927 -31.885178
v -28.615387 9.926349 89.027863
v 34.734241 45.041016 -22.694273
v 47.809483 39.126072 -14.888235
v 15.823779 30.585197 59.077251
v 58.769218 31.084650 -14.462122
v 15.083004 39.758190 46.856133
v -125.999779 1.855894 0.236569
v -1.688155 1.855894 -125.988693
v 4.019535 55.815208 -4.570978
v -61.849995 3.206843 98.643593
v 9.206588 55.374352 -7.555759
v -6.016941 53.165852 -22.912199
v 72.532188 21.954657 -3.533633
v -27.231628 51.032711 12.367126
v 6.024442 47.792339 -36.287457
v -4.288305 36.526760 53.370872
v 30.028885 50.421021 -9.074242
v 12.459644 16.905437 -79.242920
v 48.143204 39.891235 -9.308931
v 24.085653 5.568406 103.121727
v 86.273903 12.435905 -18.122053
v -103.320030 5.474894 -24.768129
v -10.995463 33.249046 56.707870
v -56.788948 33.449005 -8.999490
v 8.631638 33.136066 57.250885
v -14.473586 49.693943 -29.644890
v 3.999538 37.245808 52.440544
v 12.264870 24.599155 -67.871780
v -12.260846 24.720528 -67.706810
v -18.104797 54.220280 -6.874928
v -42.726139 43.839615 7.475893
v -41.619537 44.381687 -8.769926
v 8.201485 43.245899 43.493866
v -20.396601 17.600069 76.429260
v -75.749741 17.768003 21.840803
v -56.419579 32.947178 14.077868
v 23.020689 11.826735 86.372528
v 2.998132 1.855894 125.964325
v 1.804184 1.855894 -125.987083
v -125.957397 1.855894 -3.276194
v 125.981209 1.855894 2.175822
v -30.323055 8.243826 -92.855003
v 92.048553 8.591390 29.818546
v -25.472086 45.475288 31.864817
v 22.488064 46.363922 32.249363
v -30.345110 46.904140 -23.484552
v -46.548904 38.951298 -19.153292
v 18.002501 38.791096 47.214043
v 68.939713 23.811680 12.353968
v -16.264042 23.247282 68.932594
v -37.860844 43.571728 -21.958885
v 51.374386 1.855897 -115.050735
v -115.510010 1.855898 -50.333267
v 52.116749 1.855897 114.716370
v 114.945251 1.855897 -51.609962
v 57.713886 5.016500 91.248016
v -90.650566 4.957175 -59.063137
v -37.393970 47.391376 2.738519
v -99.770325 2.957547 62.822578
v -0.080141 5.315331 106.850464
v -105.854385 5.541293 -5.565584
v 30.070976 16.841831 -74.475914
v 0.928876 16.512157 80.853233
v 110.175117 4.482775 1.877922
v 60.150333 2.198058 -107.448471
v -59.848782 1.855897 110.878868
v 110.626816 1.855897 60.313404
v 57.591606 1.855898 112.067863
v -98.211945 2.681254 -68.385788
v 57.348984 2.416672 107.093773
v 67.546440 3.486029 -92.965652
v 91.301773 3.685016 -68.049400
v -103.998047 2.868353 -56.736233
v -81.600151 5.643512 -67.045494
v 68.015526 5.579145 81.107162
v -89.742828 5.418935 57.220741
v 104.531952 2.920958 55.027622
v 24.578316 3.477058 112.319092
v 54.121494 3.060102 104.080360
v -100.503456 3.653589 -53.933094
v 22.849335 7.308370 -97.650337
v 95.287674 2.533322 -74.007690
v 103.774376 3.095991 -54.246162
v 53.205486 3.891507 99.524261
v 22.642828 44.195560 36.367725
v 52.564426 4.267915 -97.884132
v 41.796978 44.433033 -7.553096
v -90.772285 4.432995 62.806229
v 59.190228 4.414345 -93.249176
v 53.549397 6.178910 88.888977
v -19.788303 53.180214 -12.994330
v 13.031857 52.653851 21.823530
v 3.328538 32.696957 -58.366196
v 42.306644 42.408024 16.754972
v -92.397629 10.016602 13.048730
v -66.348885 25.466177 -14.041592
v -12.279438 25.664082 66.420227
v 67.755592 2.199574 102.786263
v 2.786500 55.877876 3.161775
v 64.223618 27.632429 -9.785131
v -11.388605 55.402763 -2.132952
v 38.757862 46.303288 7.247888
v -30.028471 50.752758 -5.823460
v 5.816168 50.936775 29.571293
v -20.391195 53.628052 8.139449
v -6.525009 16.128216 -81.232475
v 84.987022 13.609856 -12.624299
v 68.091118 1.855898 106.016975
v -71.238731 1.855898 103.928070
v 106.709007 1.855898 -67.001404
v 92.640793 9.724330 -15.873995
v 44.158913 43.070789 5.670073
v 6.180107 43.480499 -43.463272
v 13.404109 51.722401 24.768517
v -105.838089 5.586239 0.036488
v -88.222954 12.401512 -0.938237
v -0.317051 17.054714 -79.976074
v -2.093168 55.572189 -9.511830
v 11.770037 55.339470 3.003808
v 97.181305 7.764688 -18.738052
v 5.666537 4.090989 111.783249
v 5.922885 2.914415 -118.046234
v 99.763657 7.432646 5.357027
v 6.873689 7.900275 -98.378242
v 96.801476 8.477070 -6.930589
v -124.845406 1.855896 17.018391
v -123.988457 1.855897 -22.424616
v 10.334450 3.692547 -113.396095
v -11.274939 3.757907 -112.975609
v 89.960999 11.472829 -5.420376
v 79.866821 17.097843 2.552186
v 121.507088 2.274306 -16.187090
v 3.785212 50.860802 -30.099749
v -70.829399 23.195835 -2.758107
v 34.979309 48.654003 3.084779
v -83.861893 1.855899 94.038193
v 95.121666 1.855899 82.630920
v 82.793228 1.855899 -94.980431
v -95.523933 1.855899 -82.165558
v -37.085781 47.556194 -2.902904
v 84.603592 14.279314 -4.215431
v 5.862572 14.531660 -84.039642
v -8.013550 10.437667 -92.010574
v 92.980148 9.941082 9.692562
v -16.010843 5.410217 105.251877
v -117.749443 2.849171 14.144954
v 8.607889 9.622603 -93.813904
v 104.975456 5.820293 2.250281
v -2.397667 5.971512 -104.465881
v 9.889071 7.819849 -98.343002
v -11.565142 8.124839 -97.308777
v 100.244278 7.138673 10.484759
v -3.070077 40.471382 -48.136570
v -60.817913 30.739401 -4.382570
v 3.256732 31.746046 59.585094
v -60.204205 31.275745 2.907898
v -111.017868 3.988486 -17.475151
v 98.828781 6.898925 23.094435
v 16.618736 53.459339 -15.371166
v -101.232506 6.672334 -14.095458
v -99.899498 7.008512 15.905590
v -9.699379 49.681629 -31.569998
v 21.776896 53.627415 -2.790099
v -8.454366 5.771954 -104.830658
v 105.019127 5.713286 8.599435
v 9.064116 6.161903 -103.453720
v -3.459215 35.695381 -54.500263
v -13.240299 52.843864 -20.962420
v 21.772863 52.401642 14.554288
v -74.822296 20.294312 -5.266850
v -17.733467 7.205255 -98.998055
v 100.803474 6.593754 18.258511
v 14.602236 9.851108 -92.542915
v -67.385254 25.605158 -5.700768
v 4.834996 26.454487 66.338463
v 93.678368 9.372363 14.600896
v -11.066913 12.368267 -87.606056
v 87.461708 12.418482 11.383866
v 0.390320 23.934408 -69.874779
v 5.342487 31.121923 -60.237118
v -23.214931 3.388234 -113.087875
v -86.300430 12.644128 -15.885541
v -14.118692 12.194530 87.515488
v 23.423378 2.894156 -115.965012
v -9.365482 27.914104 -63.912407
v 64.594994 27.327469 10.016566
v 9.009123 26.886423 -65.315727
v -62.435688 29.186268 8.094114
v -16.369509 12.142375 -87.241219
v -107.399803 4.374629 26.575214
v -23.078520 7.162271 -98.034676
v -57.997704 32.553978 8.664384
v -21.824722 49.148075 26.256168
v 53.561508 36.048664 8.026601
v -11.519365 43.045464 -43.034420
v -28.417168 3.059139 -113.800552
v -26.428551 48.398148 23.879950
v 104.403275 5.193254 24.776987
v -26.859911 5.198532 -103.852325
v 93.332436 8.900689 -22.436131
v -11.030827 34.461971 -55.113487
v 111.649109 3.310271 -31.020174
v -110.205521 3.291324 -36.180931
v 37.159302 3.240484 110.155846
v -94.540726 7.842430 28.583607
v -30.277803 7.550623 94.861427
v -106.075172 4.447595 -30.302910
v -30.698854 46.087120 25.333931
v -62.042179 2.908537 -100.616394
v 21.534174 14.434643 -81.618736
v 108.830261 4.732441 -8.043235
v -12.068709 37.851803 50.353844
v -109.339943 1.855897 62.616108
v 62.909203 1.855897 109.171570
v -64.282249 1.855897 -108.368782
v -62.901093 1.855897 109.176247
v 108.948921 1.855897 63.294022
v -41.564602 43.888496 -12.109941
v -42.468567 43.606773 10.419725
v -12.773335 43.127850 42.554783
v 31.871738 46.183617 -23.507524
v 57.745899 31.470367 16.450081
v -17.404142 31.335230 -57.626396
v -37.950470 3.360622 109.179108
v -27.846792 11.339801 85.991188
v 22.384405 15.832773 78.890404
v 87.709755 1.855899 -90.459930
v 27.887684 11.064464 86.602875
v -18.073664 41.763012 42.750534
v -16.580313 54.027939 11.715342
v 10.690626 55.146603 8.805860
v 2.190897 55.061134 14.297317
v 20.141062 53.877670 -5.664576
v 107.851341 2.131290 -60.511524
v -9.007602 44.183491 -41.875645
v 8.509739 43.974144 -42.304016
v 68.353889 3.847990 -90.083908
v 18.678583 4.159452 -110.044693
v 98.478325 3.054510 -63.785271
v -103.613174 3.122435 -54.226322
v 20.139530 11.860267 87.022415
v 56.792683 2.823213 104.280823
v 104.664619 2.677948 58.058273
v 52.113735 3.495431 102.350693
v 100.669769 3.558568 -54.627537
v 72.084152 4.371406 83.929970
v 24.465275 49.678238 -22.216566
v 105.018936 2.710538 -56.938377
v 53.948570 34.944557 -13.445481
v 52.116791 36.154381 14.206088
v -57.397266 3.957137 -96.803535
v -59.846630 3.693314 96.834549
v 92.449913 5.359345 -53.192329
v -20.335190 20.150547 -72.409286
v 21.748539 19.564186 -72.910141
v -56.175335 2.578347 -106.466286
v -18.544298 27.681339 -62.191227
v 63.982948 26.550379 -17.662788
v -1.812871 33.983154 -56.798508
v 57.839172 33.105877 3.378382
v -7.173457 18.866016 76.816895
v 6.115631 20.488094 -74.471458
v 68.852242 24.487219 6.111813
v 24.343552 52.295738 10.544302
v -39.272320 1.855897 119.723366
v -6.418123 55.751274 -3.012927
v 109.468109 4.254400 -19.555073
v 43.309212 42.410221 13.935162
v -18.147682 4.283474 -109.554955
v -71.771637 22.053255 10.173339
v 68.161865 2.714761 -98.101662
v -12.297163 54.539421 -12.780806
v 113.524956 1.855897 -54.663372
v 55.163418 1.855897 113.282822
v -31.977045 5.682991 100.528290
v -2.431943 55.840672 4.814710
v 120.530182 2.162115 26.625776
v 2.337178 9.704530 93.984314
v -5.685122 4.864361 108.421677
v 3.776531 3.023292 117.456985
v -3.060951 2.864976 -118.468536
v -111.759926 2.237830 -50.926910
v 16.470352 53.976749 12.256947
v -14.736498 54.021149 -13.968268
v -73.365173 21.394140 -2.616612
v -10.524677 4.363118 -110.214714
v 3.623928 35.413021 54.856388
v 2.501798 38.784321 -50.477882
v 89.683601 9.572086 -29.267618
v 60.196548 4.924702 -90.069138
v 55.080635 33.328663 17.045605
v 23.957500 48.756981 25.431622
v -27.138290 51.239315 -11.301530
v -47.306164 39.460239 14.989227
v 119.991325 2.174199 -28.406073
v -64.940666 25.477184 -19.525221
v 101.813271 6.229578 -19.319284
v 8.612753 48.309826 -34.736629
v 96.397408 7.813684 -21.831760
v -19.822618 9.340758 92.814583
v -92.739296 9.432138 -19.119007
v 19.457081 9.693315 92.037415
v 109.234024 4.155718 23.029938
v -23.835413 3.819294 -110.674858
v -28.596609 2.214722 119.628319
v -17.244175 51.082657 -24.300716
v 26.270353 2.519941 117.876740
v -13.510559 47.615543 -34.570492
v 45.403397 38.190739 23.938204
v 25.369528 9.704464 -90.549225
v 29.230848 50.420639 11.398968
v 33.367847 4.647022 104.280777
v -30.501648 47.773407 20.606342
v 47.960854 39.593109 -12.003769
v -11.100630 39.622932 -48.146748
v 107.420395 3.868751 -34.988071
v 82.319160 14.161834 -20.768847
v 124.562279 1.855897 18.979956
v 90.298271 9.902519 24.521412
v -24.367161 12.064619 -85.492867
v 85.736397 12.203165 22.432451
v 96.935265 7.102174 27.914167
v 34.826763 44.941833 22.833775
v 11.845844 54.100590 16.049078
v -10.739535 55.421364 4.082603
v 108.650665 4.707735 -11.148473
v -51.975342 37.429611 6.196870
v 24.922106 38.559242 -44.330902
v 92.857208 1.855899 85.167709
v -86.513344 1.855899 91.604813
v -93.412743 1.855899 -84.558029
v 62.379337 1.855897 -109.475197
v 74.446678 18.897051 -20.033915
v 18.326975 43.856335 39.271759
v 38.342216 43.915649 20.006289
v 123.385704 1.855897 25.533649
v -34.098900 4.459255 -104.855064
v 29.606750 12.647141 -82.596695
v -6.785196 31.011448 -60.236034
v 17.002125 26.761789 -63.882919
v -84.421181 14.277248 6.958870
v 115.160851 2.473953 37.428001
v 99.770470 3.372961 58.211704
v 15.549455 4.380988 -109.524986
v -12.451542 4.806738 -108.086708
v -83.428322 14.989868 -0.567104
v 9.743731 3.417435 114.879982
v -5.202481 4.675840 -109.246902
v -25.201351 46.868149 29.038797
v 70.688766 23.335382 0.862512
v -97.889320 7.549186 18.281792
v 123.144791 2.187233 4.004508
v -95.351730 3.141122 -67.484497
v -28.561392 12.727288 -82.796700
v 56.185867 3.311078 -101.347168
v 78.478630 15.293575 26.719635
v 101.582619 2.601737 -64.222717
v 53.938671 3.126594 -103.742935
v 61.700954 3.272413 -98.313148
v -14.582367 32.015686 -57.507179
v -105.477226 2.524812 -58.717293
v 69.985435 2.601445 97.707573
v -82.392769 13.285022 26.389189
v 39.457653 44.396385 -15.809694
v -63.359699 2.804481 100.588089
v 4.399267 55.876312 -1.617978
v -15.881532 35.159630 -52.976585
v -26.305662 52.354004 -1.183771
v -57.082840 3.735740 98.241913
v 69.046219 4.875756 83.736084
v -84.387711 4.982475 -67.558624
v -61.428955 2.207418 -106.648766
v 57.987415 2.109897 109.423233
v -76.677399 19.032667 5.685594
v -12.143779 52.367268 -23.306789
v -77.068169 5.729607 -71.760780
v 73.028618 5.150151 78.828194
v -54.431499 2.178903 110.607216
v -96.056503 8.861941 -2.237654
v 8.773545 55.547943 -4.881185
v 10.093516 4.905448 -107.944588
v -0.469946 4.664330 -109.420105
v -101.150993 3.002416 60.053646
v 24.334818 16.581484 -76.989311
v 108.025299 4.812062 12.837463
v 90.060776 11.196056 -10.854027
v -120.239365 2.192792 -26.726852
v -112.885033 3.877677 4.079111
v -10.111979 3.323482 115.379616
v 3.797697 8.598387 96.659859
v 6.520496 54.432388 -17.121183
v 7.060199 34.513939 -55.696548
v 107.085449 2.244574 60.052040
v -101.440880 6.727727 -11.005761
v -6.133725 10.428950 92.168694
v -78.499916 17.967365 -2.150364
v -47.371170 41.027695 -2.889482
v -2.236443 37.125854 -52.699142
v -2.872811 20.806658 -74.205391
v 65.615257 1.855899 107.566902
v 57.569172 33.338505 -2.828907
v 37.854660 2.488117 114.908165
v 105.823090 4.949285 -22.798607
v -114.433334 3.207122 -21.517422
v -89.418381 11.370684 12.830124
v 120.770668 2.160402 -25.658062
v 25.103144 2.207930 120.486137
v -78.336655 17.661213 -10.306495
v 10.101809 48.178650 34.609547
v -28.192709 50.389351 -14.023681
v -17.253922 38.929192 47.300808
v -33.235218 1.855895 121.537735
v -112.283760 3.525391 -23.510496
v -24.442558 2.215730 -120.543877
v 47.989704 38.334824 -17.664742
v -30.659973 49.025032 15.598209
v -65.526863 26.451975 -11.373977
v -9.364230 26.565144 65.691765
v -25.225418 49.655392 21.425924
v -87.255302 11.193532 24.800154
v 15.573796 41.937103 -43.467155
v -106.745705 2.208250 -61.252892
v -87.303596 11.699941 20.353035
v -73.838593 1.855898 102.097313
v -24.542679 9.614357 -90.981308
v 72.659271 20.613068 16.670509
v 125.003006 1.855895 15.819270
v -125.037209 1.855895 -15.546601
v 14.614279 1.855895 -125.149605
v -15.479715 1.855895 125.045502
v -113.820435 2.804071 34.235420
v 15.920056 34.688591 -53.602665
v 73.321648 2.668676 -94.681023
v 3.511259 54.620342 16.945730
v -103.935883 2.521684 -61.470436
v 14.562514 53.523952 -16.981226
v -12.679719 53.505222 -18.503334
v 109.590385 3.396696 36.209305
v 108.608147 1.855897 -63.876991
v -104.386261 2.198111 65.328659
v 101.172806 5.327270 34.193024
v -25.996624 13.976628 81.182129
v 45.797264 39.353802 -19.531353
v 70.194672 20.901716 -23.792795
v 41.375187 39.936729 -26.217724
v -98.008301 5.966944 36.314415
v 110.458260 4.207868 14.340034
v 26.744061 42.075825 37.380184
v 114.839386 1.855897 51.845104
v -51.037853 1.855897 115.200424
v -115.317764 1.855898 50.772179
v -50.086990 1.855898 -115.617012
v 97.382927 6.722370 -30.461567
v 9.703192 2.266423 -122.241028
v 80.398666 15.808084 16.293102
v -12.825353 2.543530 119.897469
v -30.274164 50.463566 7.924579
v -25.469728 51.403786 -13.896869
v 7.191039 15.400467 82.421707
v -12.590477 2.170561 -122.705002
v -21.315474 42.838181 39.473087
v 22.786253 53.415016 0.239415
v 59.771347 1.855897 -110.920631
v 20.279413 24.909508 65.486702
v -63.204464 2.486483 103.177917
v 66.941032 3.050627 96.380997
v 61.476170 2.492869 -104.159828
v 18.225561 41.298382 43.409138
v 18.273609 37.378986 -49.127907
v 63.341648 3.438482 -96.190674
v 54.670681 4.384849 -96.123016
v -96.585899 3.809849 -59.135445
v -99.783890 2.867108 -63.855026
v -2.060331 2.193569 123.142815
v 54.247066 34.200718 -15.942149
v -85.881401 13.566052 4.481017
v 3.357914 5.879030 -104.749023
v -0.641712 55.170231 13.671567
v 74.425705 3.379840 -88.300499
v 91.965134 4.561066 60.027252
v -57.211052 4.598446 -93.562233
v -6.697014 42.389919 45.017796
v -6.589621 5.191571 -107.115166
v 120.158615 1.855898 37.919750
v 70.964081 22.539795 -10.939491
v 115.471733 2.296196 40.542793
v 62.129547 4.007167 93.553131
v -24.766102 18.614210 73.457146
v -99.107178 5.549491 -37.487793
v -18.214083 47.818233 -31.881371
v 30.714769 8.243050 -92.737221
v -16.629850 45.227459 -37.690540
v -9.497655 55.235592 8.990378
v 106.299744 5.354025 -9.202839
v 11.517161 5.478097 -105.597549
v 0.864927 10.407088 -92.427628
v 3.215972 55.466797 -10.521298
v 3.623432 8.451006 -97.057129
v -112.652931 3.854253 -9.658504
v -1.382410 37.390053 52.394150
v -96.684242 8.583723 4.193166
v -5.693446 4.122958 -111.628029
v 24.397871 39.930183 42.476997
v 29.926573 11.586946 -84.746605
v -36.241684 2.528588 -115.154694
v -92.672096 10.178777 -7.158504
v -62.130917 28.224525 -16.182398
v 14.891670 2.590906 -119.350769
v -4.044333 26.528419 66.290421
v -67.178154 1.855898 -106.597824
v 124.018700 1.855897 22.256723
v -17.335653 1.855896 -124.801743
v -7.661129 48.974525 33.676834
v -61.903980 5.462090 -86.392708
v 12.475728 11.577727 89.024101
v 102.424973 6.197025 -16.293829
v -18.163044 52.036266 20.317205
v 17.674902 23.494078 -68.220024
v 10.691350 43.011391 -43.319839
v 8.816236 50.704521 29.407366
v -54.485481 34.694370 12.496679
v -29.018318 45.686481 -28.184788
v -8.734680 21.781612 72.334549
v 8.254994 23.787689 69.589478
v -115.966805 2.786490 26.631441
v 103.880630 5.539456 -21.120592
v 122.696175 1.855895 28.664415
v 8.957348 34.876740 54.937141
v 26.209896 48.253944 -24.538687
v 17.175083 48.556770 30.891039
v 87.777451 11.022236 24.256689
v -41.917931 1.855896 118.822922
v -11.490126 27.266027 64.423607
v 30.432098 48.890041 -16.646404
v 94.097122 8.115203 27.407948
v -34.977577 3.575682 108.970505
v -22.196346 52.681755 12.203154
v 108.583046 4.293294 -23.024006
v -87.163818 10.900072 27.273722
v 16.959162 20.296568 -73.059532
v -107.201149 4.062709 -32.624851
v -36.783897 4.785265 -102.490601
v 49.897209 2.697982 -108.642021
v -32.940414 2.467108 116.569786
v 3.763179 17.404230 79.333824
v 4.706085 39.509407 -49.356190
v 74.880577 20.338049 -3.008478
v 32.104908 49.325211 10.539227
v -58.811974 32.366123 -2.896107
v 59.555660 31.527538 -6.949762
v 110.271255 4.194173 -16.276834
v 31.731232 44.621685 27.752378
v -59.232399 2.955326 -101.956505
v -57.537476 31.924238 -14.921854
v 125.727058 1.855894 -8.288937
v -75.291817 17.475506 24.903427
v 76.252167 16.206476 -28.413679
v 32.076397 44.399971 -27.878952
v -62.784836 3.714607 -94.820595
v -23.680407 51.567905 -15.938890
v -4.697977 49.419476 -33.274574
v 46.867462 38.104710 21.233738
v 34.550171 46.207291 -19.315966
v 108.309242 4.657283 15.497668
v -8.685069 6.824938 101.357887
v 22.784342 38.949371 44.874130
v -32.364765 49.881058 3.748775
v -50.253757 38.690903 -6.432139
v 37.566387 46.354458 -11.583062
v 59.098839 29.686113 -19.780069
v 45.182831 40.695560 15.994206
v 41.739609 43.402687 -14.036096
v 29.041121 47.299671 -23.987148
v 23.793053 41.487312 -40.307831
v 55.435009 32.881962 -17.788427
v -17.286140 26.134865 64.654510
v 23.209997 53.125542 -5.378613
v 119.619324 2.481192 -18.423059
v -4.626828 51.596203 28.155584
v -31.877903 49.047882 12.775239
v 28.301504 49.202751 18.944698
v -80.783272 6.303751 -64.493111
v 57.450745 4.069947 -96.155136
v 119.244530 2.466578 21.375814
v 10.270290 2.181222 122.834114
v 109.388977 4.647055 -4.860718
v 90.275681 4.180699 -65.459122
v 10.683438 44.113533 41.619507
v -20.846966 24.241844 -66.251114
v -8.814803 51.008949 -28.656160
v 118.758278 2.470446 -23.781092
v 72.326141 18.624784 -27.881393
v 77.513008 16.790606 21.353548
v -119.154755 2.534773 19.114265
v 19.706295 53.500553 -10.864233
v -21.226181 53.505989 -7.288545
v -40.305111 43.261379 18.198132
v 38.882542 2.828154 112.190422
v 13.923231 46.443878 -36.631042
v 102.279373 2.928858 58.997932
v -36.365517 1.855897 120.638092
v -13.732965 54.552963 11.183889
v 15.677908 3.113723 -115.947578
v -83.049431 14.125480 17.920559
v -113.876266 1.855897 53.927696
v 24.063147 19.812618 -71.782982
v -0.432832 2.547125 120.579987
v -90.831833 11.130965 -1.249089
v -69.335487 24.332998 -0.104691
v -2.171136 8.540500 96.862648
v 102.133263 6.684216 -2.066792
v -95.489960 9.102646 1.046589
v -6.092709 54.753204 -15.320073
v 2.888885 2.907195 -118.208778
v -83.012642 13.435011 23.350271
v 8.865089 2.566570 120.092346
v 89.584991 11.653302 5.435876
v 16.388393 4.247849 110.016487
v -90.140663 11.328300 7.296800
v -92.917252 10.019259 8.451974
v -8.400649 39.250435 -49.208084
v 10.263691 10.819149 90.930534
v -19.370369 2.484782 -119.460770
v -14.674316 7.687582 -98.106323
v 102.944160 6.270121 10.660964
v 8.418350 49.483292 -32.356968
v -80.474709 16.515013 -7.809904
v -17.108364 6.791394 100.388519
v 124.677193 1.855896 -18.209822
v 114.332199 3.259993 -20.408825
v 105.614975 4.557703 30.175173
v -38.252579 46.728382 -5.676605
v -8.156044 52.873177 23.302446
v -60.833996 5.168825 88.479134
v -6.328054 46.622673 -38.336468
v 84.436859 11.568190 30.960764
v -31.479525 11.903336 -83.491013
v 70.696976 3.236587 -92.329086
v 20.066788 27.051390 62.583462
v -116.784943 2.799623 -22.313280
v -79.655823 15.074051 -24.325485
v 84.801163 13.734860 12.280876
v 121.862160 1.855895 32.025219
v 12.226588 48.900764 32.398273
v 19.887726 44.796700 36.861675
v -107.412743 2.234684 59.605072
v -22.879406 50.302711 21.900528
v 2.234537 54.142353 19.660089
v 81.583565 14.786784 19.144278
v 87.625519 11.630463 19.643642
v 30.927925 5.733417 -100.690239
v 94.503357 8.472648 22.213079
v 21.493778 53.546337 5.811785
v -79.598396 17.292345 0.665203
v -20.238161 47.705830 30.918215
v -22.036190 9.223125 -92.609123
v 118.344032 2.202326 -33.990894
v 99.158783 6.578223 25.889042
v -26.097914 6.644238 -98.890518
v 13.056435 31.088427 -59.095570
v -77.552109 15.889870 26.286386
v 17.601320 40.359921 -45.073223
v -108.823662 3.572517 35.465397
v -29.032900 47.495739 23.433399
v -18.728874 1.855896 124.600281
v 17.762363 1.855896 -124.741730
v -25.741991 2.237521 120.091286
v -0.164585 55.923794 2.418412
v -86.433464 12.960366 -11.130699
v 59.422089 5.346592 88.631531
v 49.856709 39.062252 5.560949
v 23.998562 18.275026 -74.257416
v -5.810439 13.110592 86.663719
v 13.992245 36.189171 -52.131737
v -10.133675 35.049721 54.519150
v 19.876810 25.808046 -64.366455
v -17.625702 40.314766 45.130089
v 22.044529 35.002884 -50.950245
v -25.007076 1.855897 123.493507
v -108.567429 4.488861 18.522041
v -98.097862 6.312858 -32.488007
v 24.210964 1.855897 -123.652046
v 34.878979 2.530144 115.541702
v -67.221176 23.722406 -20.108141
v -102.806831 3.492527 -51.250561
v 18.070749 31.292568 -57.473335
v -20.182945 36.085670 -50.198566
v -37.741032 42.184551 25.970034
v -63.529743 28.123533 10.124406
v -83.975128 11.318986 -33.601784
v 52.337566 4.981005 -94.601982
v -15.311828 54.860516 4.043364
v 7.105903 49.978970 31.599575
v -56.349678 33.564346 10.754676
v 22.694384 28.059790 -60.285542
v -88.218994 3.432712 -74.074295
v -29.516701 38.712700 -41.146988
v -1.500753 49.719631 32.929394
v 5.934536 5.395476 106.379341
v -10.902939 51.650646 -26.146494
v 81.474724 15.916933 7.918245
v -18.556477 24.243244 66.927834
v 6.762118 46.161190 39.083679
v -83.890564 14.223269 12.328367
v -33.195816 7.653127 -93.574326
v 70.238838 22.089830 -17.650150
v -73.937386 20.531012 10.475262
v 28.370928 47.516670 24.199821
v 112.019730 3.584738 23.264240
v 117.058578 2.833493 19.476070
v 3.349312 2.181042 -123.214264
v 22.203144 39.067978 -44.989677
v 7.383505 7.235000 100.233292
v 98.441826 6.976274 -23.717867
v 21.811562 43.103420 -38.763912
v 28.331081 2.679872 -116.292480
v -17.683508 24.530981 -66.760025
v 19.505718 29.405415 -59.575665
v 60.156311 29.589306 -16.752848
v -97.410233 6.900743 28.517941
v 45.461025 41.135632 13.119171
v 83.276237 14.301601 -15.146969
v -22.421051 5.041778 -105.524200
v 29.546074 5.593513 101.598106
v 50.383080 36.406559 -18.531542
v 55.053211 2.601906 -106.835472
v -12.887478 5.677206 104.725647
v 62.408772 28.183867 15.241360
v -25.937387 42.217659 37.706043
v 1.856528 4.776864 108.936623
v -102.203568 5.592685 27.364285
v 6.514234 19.749130 75.522301
v 119.143272 2.643608 -13.776871
v -9.474106 2.160101 -123.050613
v 32.825081 49.766743 1.157392
v -33.684914 2.844697 -113.733078
v 27.010302 36.388672 46.426716
v -3.558347 21.588068 73.044762
v 66.625465 26.228701 4.970683
v -22.873919 50.371025 -21.668159
v 114.796875 2.906914 28.329521
v -54.243168 3.965663 -98.570770
v 69.059334 4.244456 -87.162445
v -78.985527 15.936772 -21.295925
v -52.398270 37.011417 -7.325242
v 6.472359 36.125641 53.665035
v -54.754082 35.559601 -2.044230
v 92.896736 8.731339 -25.793472
v 84.291962 14.507331 -0.938285
v 20.727261 53.879215 2.646806
v 32.864738 14.119413 -78.362381
v 79.797859 16.461695 13.637716
v -86.479271 4.867740 -65.634483
v -50.362770 2.214125 -112.223763
v 22.036797 3.757716 111.351448
v 64.589973 25.757860 19.396894
v -26.817226 11.082315 -86.887566
v -7.145409 21.957117 -72.271255
v -13.162998 16.876108 79.188446
v 36.048679 48.126289 -2.724920
v 103.900299 2.189624 66.216087
v 45.647701 41.784473 8.258889
v 106.731888 4.851811 -20.304916
v -110.804428 4.283190 -7.351706
v -6.384039 9.383414 94.578232
v -118.613373 2.162076 34.181431
v 120.621239 2.541422 -0.422034
v 74.097473 3.180933 89.989777
v -4.653249 2.486568 -120.933510
v 104.938477 1.855898 -69.741783
v -109.817787 3.961504 24.623135
v -0.868131 3.936824 112.670624
v -115.208351 3.430781 2.412460
v -3.626778 55.655674 7.892325
v 28.156586 50.853531 -11.413592
v 44.174206 37.999920 26.658638
v -6.975626 55.045605 -12.820940
v -21.790876 52.301323 15.051166
v 111.230934 4.145075 -9.709508
v 117.910179 2.890350 10.140466
v 97.670601 8.213409 -4.564971
v -43.142235 42.577599 13.673807
v 96.902275 8.462093 6.006130
v -2.128468 31.646038 59.770668
v -87.650360 6.406032 -54.171818
v 8.797544 8.976824 95.390366
v -112.951645 3.678836 14.875141
v -61.653622 28.830685 14.814916
v 86.814507 13.015075 6.268109
v 16.640764 5.441037 105.050568
v 83.696281 14.673937 -7.050362
v -122.905998 2.191961 8.059375
v -10.675993 53.254433 -20.804712
v -101.393135 6.472735 -17.161434
v 19.462746 48.692600 29.176039
v 18.970728 21.639982 70.558250
v -64.493164 25.982054 18.615595
v 32.411438 13.592685 79.594025
v -6.641724 27.453251 64.859146
v 21.411985 53.381260 -8.143839
v -11.576973 51.294960 26.858450
v 103.446281 6.010535 13.853155
v 18.161551 51.891003 20.860699
v 29.424995 43.294350 32.954647
v -36.553219 46.062748 15.814558
v -24.944031 2.974864 115.157585
v 9.308750 18.986156 76.389656
v 14.618414 33.516167 -55.517273
v -53.954151 35.887920 6.678381
v -101.657471 6.145679 21.475145
v 30.184404 50.708279 5.612990
v 33.349808 1.855895 121.506340
v 92.280037 9.772370 17.236172
v 103.322166 4.956351 32.167046
v -22.427135 7.464396 97.284874
v -29.915274 1.855895 -122.397209
v -40.910328 45.136909 -5.837539
v 29.161343 6.530790 -98.409462
v -64.839317 2.876886 -99.075340
v 18.474146 10.907350 89.424088
v -9.504180 31.656666 -59.028996
v 96.788124 7.660321 22.001337
v -108.068802 4.948271 5.919053
v -23.768457 49.307411 24.035021
v -9.018909 39.022350 49.404961
v 32.323559 3.564843 109.844299
v 28.507029 7.489506 95.606964
v -45.857510 40.740234 -13.758121
v -13.909537 33.924679 -55.171829
v -36.488167 46.525864 -13.917863
v -61.633381 29.127884 -13.232171
v -14.965701 30.120890 -59.905388
v 24.508617 52.626995 7.029169
v 14.930677 1.855895 125.112251
v -69.798325 22.690619 -15.919603
v 2.747934 17.355818 -79.448364
v 122.844627 2.178904 10.368306
v 91.565903 7.714943 37.921497
v -113.675186 3.593526 -12.424520
v 34.670090 48.459167 -7.728550
v -19.659199 13.637199 83.591888
v 54.122452 33.128605 -20.602945
v 24.315508 51.224743 -16.627573
v 4.718099 35.753983 -54.344730
v -5.289687 14.657426 83.856407
v 4.371820 15.938360 -81.711922
v -101.276588 2.550579 65.396088
v 75.221794 3.845378 84.441261
v -88.846336 11.469011 -15.078904
v 20.838612 1.855897 -124.264847
v -124.576599 1.855896 -18.885725
v -4.756862 37.402023 -52.177994
v 79.381783 16.692789 -13.813755
v 26.888844 17.474695 -74.596809
v -25.160669 2.562685 -117.826233
v 92.822556 4.623863 -58.227661
v 26.038137 17.435501 74.963181
v -23.623590 44.451237 -35.217350
v -19.714838 18.796524 -74.696083
v 40.188694 38.585056 -31.105236
v 23.963259 1.855897 123.700294
v 123.560127 1.855897 -24.675806
v -87.757095 5.485087 -59.794415
v -30.389891 44.222786 30.097538
v -6.705410 42.026928 -45.547935
v 42.999035 43.499290 8.691989
v -108.321808 1.855897 -64.361366
v -13.212098 55.191296 2.720510
v 21.812281 52.826366 11.894857
v -71.688652 20.603916 20.459312
v -96.125175 2.477793 -73.547897
v -24.644791 37.651184 -45.851086
v 22.839289 31.574968 -55.373798
v 51.338169 38.138336 2.697709
v 101.732430 5.052675 -35.777390
v 88.663895 12.009929 -7.856013
v 15.387928 11.267534 89.226440
v -43.920452 43.473194 -0.241764
v 3.451419 55.779510 5.609897
v -34.968834 5.560028 -99.985626
v 23.933197 6.337856 -100.450111
v -39.404270 40.840813 -26.925127
v 6.235038 5.989454 -104.247482
v 98.694160 7.712929 -9.254738
v -11.955883 4.338271 110.162437
v 99.164558 2.448899 -69.784546
v 15.544201 2.274394 121.579987
v 116.094780 3.109968 -14.642399
v -92.964958 8.662810 -26.158541
v 93.007484 9.921308 -9.889196
v -21.418766 3.745571 111.537239
v 62.425735 27.542713 18.384890
v -9.508194 15.583899 -81.863464
v 25.767151 2.537473 -117.870087
v 34.049595 41.446888 32.217045
v -17.454788 36.211586 51.037601
v 29.043612 50.005020 -14.181019
v -57.304729 31.669947 17.016993
v -21.884167 48.720917 -27.311352
v 35.652565 4.191299 105.592155
v 95.059212 8.676094 16.967550
v 27.010769 48.916729 21.621321
v -122.951042 2.207202 -4.910847
v -59.913387 4.158864 -94.153122
v 38.100250 42.329773 25.080610
v 65.320709 4.503087 88.594261
v -14.783854 14.519334 -82.948021
v 45.959133 42.006176 3.156470
v 15.466937 23.929789 68.144096
v 90.030151 4.593982 62.661964
v 37.627380 4.439364 -103.737633
v -21.903145 37.175186 47.914925
v -2.024675 32.020260 -59.298241
v -72.346153 21.369896 12.686800
v 51.536827 37.960678 -3.363593
v 12.401773 40.705013 46.283741
v 49.159958 36.443073 21.471071
v 49.664631 36.153461 -21.231085
v -35.223373 8.906137 -89.258926
v -58.644382 1.855898 -111.520569
v -107.391472 5.162217 -2.566751
v 58.242870 31.776421 12.836890
v -0.284329 51.754658 -28.058676
v -123.081299 2.191051 4.860438
v -9.412517 40.970470 46.611000
v 29.512938 14.622690 -78.725204
v 33.691048 3.493492 -109.854362
v -26.018749 3.448426 -112.151917
v -95.505684 3.811252 60.895214
v 41.383980 44.969864 -4.501782
v 1.840995 43.310040 44.140915
v -7.127108 32.850632 -57.836060
v 77.493355 18.219742 10.013346
v 95.029625 3.958668 60.267563
v -36.539043 4.054972 -105.981148
v -31.060442 4.459063 105.816628
v -66.468491 26.327435 5.250804
v -0.574598 1.855894 125.998688
v -34.906349 43.509747 26.540070
v -2.029012 11.233513 -90.601341
v -83.710388 13.980281 -16.050261
v -67.114120 2.495531 -100.579292
v 29.697487 4.469138 -106.153961
v 99.127296 6.979841 -20.590538
v -122.407867 2.177191 14.855023
v -35.349762 44.517700 -23.245152
v -83.835815 14.372411 -10.853581
v -8.267790 13.826560 85.116280
v 25.426006 43.931339 -34.958145
v -8.463408 54.778023 14.012914
v -81.771530 13.169400 28.943922
v 3.850797 46.181278 39.434357
v 12.029726 12.549755 -87.110664
v -25.698336 4.682402 -106.281960
v -92.041512 6.079760 -48.665325
v 27.416384 3.164493 -113.430275
v 99.708694 7.481758 -3.265990
v 19.858078 38.657558 -46.680428
v 90.709496 5.192527 57.288895
v 112.045433 1.855898 -57.635242
v 8.308224 55.495937 6.619390
v -106.069984 5.190584 -16.316061
v -66.691414 25.892698 -8.615377
v 14.401683 33.891014 55.080555
v 67.524948 3.395687 93.578125
v 19.280354 4.073618 110.348053
v -10.691190 2.307469 121.862724
v 75.447121 19.369509 11.836299
v -16.328758 40.364170 -45.561684
v -65.850624 2.170625 104.319725
v 76.931664 17.436491 -19.558630
v -31.222212 2.912712 113.975479
v -67.576393 2.849442 -97.417496
v -19.054537 27.401737 62.427475
v 7.642974 4.708920 -108.966003
v -15.938203 21.907896 -70.914139
v -24.792313 11.583711 86.394417
v 5.833329 52.635433 24.784737
v -91.532791 8.300245 33.667435
v -97.673882 3.329712 -62.116142
v -81.770668 15.809484 6.556658
v 97.834946 6.904252 -26.925526
v -28.483358 6.097381 100.090569
v -56.908932 6.004153 -87.479332
v 107.531586 5.118121 3.621315
v -32.708313 42.390713 -31.649132
v 25.195621 8.698992 -93.157951
v -7.927905 5.345464 106.444725
v 18.445515 45.934216 -35.517162
v -104.433922 4.610342 -33.388313
v -3.930591 53.891884 20.489470
v -15.100821 53.472324 -16.781231
v -27.520962 51.370365 9.332445
v 3.440338 47.113804 -37.834858
v 66.321983 26.593058 -0.608384
v -17.863810 17.994904 76.418900
v 117.776634 2.862052 13.236972
v 10.678065 3.141412 -116.352768
v 2.158960 55.181778 -13.444029
v 97.317177 4.579624 -50.727921
v -34.040508 4.181498 106.196053
v -43.131855 39.089497 25.568100
v -29.886116 9.242920 -90.314781
v -17.341782 4.982780 -106.725098
v 90.535713 9.870575 -23.892668
v -74.778076 17.422590 -26.626347
v 13.990388 5.823351 -104.075203
v -56.247463 34.134487 -6.524866
v -104.170288 5.959015 -8.738420
v 6.255064 9.041027 -95.433563
v -95.009598 9.205039 6.527761
v -17.671516 53.288998 -15.086435
v -15.172421 41.726254 43.934361
v -46.098167 39.950481 -16.546200
v -5.786217 48.018356 35.886501
v -4.799624 24.586563 68.834846
v -3.869589 47.274975 -37.512131
v -124.306480 1.855897 20.588799
v 64.394684 27.988598 3.761601
v -118.394073 2.505046 -24.379904
v 54.383945 35.143253 10.213184
v -5.418089 32.403938 58.588066
v 4.301073 40.757969 47.659153
v 34.498119 48.712780 5.935833
v -85.780334 12.040357 -23.497477
v 8.241205 31.384306 59.573341
v -25.929979 23.083511 -66.143723
v 31.326590 2.129004 -119.643211
v 57.234623 33.411858 -5.958354
v -93.807663 9.263380 15.448669
v -21.068403 3.927029 -110.702545
v 120.833984 2.496869 -5.113528
v 64.595535 26.902771 13.172006
v -110.230247 2.987984 41.398632
v -26.612820 39.989052 -41.028599
v -21.889469 1.855897 124.084045
v -24.522226 3.457341 112.438210
v 94.855133 7.555930 30.244337
v 31.095228 2.190587 119.225159
v -10.041255 24.727810 68.066849
v -92.113754 8.327928 -31.816444
v -39.883076 45.145443 -10.824610
v -90.708931 10.585481 15.460460
v 68.597626 22.774878 20.065462
v 23.059574 10.417490 -89.475777
v -3.131174 2.162208 -123.378700
v 59.813877 31.038891 -9.592892
v -45.271297 40.971645 14.497913
v 103.415070 5.490798 -24.069391
v 15.813126 46.821217 35.115936
v 22.786058 41.614349 40.694790
v -6.319016 12.433483 -87.939339
v 3.361878 53.088394 -23.701727
v -11.017937 37.708042 -50.801922
v 28.676517 16.067705 76.396507
v -66.031448 25.810158 13.332450
v 13.061914 55.206047 -2.776044
v -103.303917 3.156471 54.381805
v 47.514473 39.645966 13.490614
v 55.237438 2.228216 109.784271
v -1.893326 55.483147 10.693106
v -84.913254 12.168878 25.637823
v -12.654740 28.527847 62.535351
v 26.513897 47.429153 26.412092
v 97.514473 2.973794 66.124641
v 12.518096 13.751253 84.738289
v -56.505989 2.984631 -103.317619
v 111.368500 3.502332 -27.937082
v 125.397903 1.855894 12.303054
v -11.201689 1.855894 -125.501083
v 75.197258 2.646187 93.386612
v 13.556373 39.037537 -48.354702
v 29.149244 51.078323 -6.169150
v 89.520134 3.360149 -73.138870
v 117.148109 1.855896 46.393105
v -31.545532 9.237576 89.769539
v -24.314497 52.733345 -6.360371
v 119.712784 1.855897 -39.304562
v -23.816402 42.907799 -37.884418
v -23.422712 1.855897 -123.803780
v 34.936867 11.526284 -82.939049
v -84.699730 1.855899 -93.284271
v 83.450859 1.855899 94.403152
v -93.851791 1.855899 84.070450
v 33.696491 8.482032 -91.009430
v -44.973545 1.855896 117.700386
v 115.154953 3.421730 -5.377277
v -44.838753 38.541172 -24.010475
v 76.150604 1.855897 100.384689
v 92.802223 7.983960 32.628185
v -107.443977 4.986625 11.879754
v -72.541298 1.855898 -103.023109
v 95.350121 3.574599 -63.327538
v 72.972031 1.855898 -102.718468
v 83.151230 4.418938 -72.680855
v -23.924629 35.775742 48.979916
v -99.917725 7.378998 -5.469498
v -90.573845 3.874974 67.470734
v 118.051773 1.855896 44.042919
v 23.711937 21.775356 68.901291
v 60.026806 27.225796 26.182154
v 17.459875 26.500324 64.108521
v -101.392479 1.855898 -74.803513
v -82.332710 15.009125 -13.394580
v 15.251426 10.865497 -90.126785
v 13.199205 22.810186 -70.196739
v -0.618977 9.395811 94.770142
v -114.929733 2.304829 -41.912838
v -83.201027 2.188326 90.868050
v 94.449455 6.743737 38.413349
v -40.977116 1.855897 -119.150642
v -113.408936 2.207902 -47.766102
v 105.922028 2.246789 -62.047092
v -2.919349 27.086111 -65.607597
v 6.719153 24.010981 -69.449097
v -3.055078 13.814862 85.477798
v -19.931402 38.787971 46.454655
v 97.293159 5.891355 38.848103
v -79.118408 14.116554 -31.068096
v -84.128654 2.165293 -90.231972
v -94.396278 8.619323 -20.925871
v 44.131931 3.383953 106.720802
v -21.584030 40.815510 -42.603649
v -4.320326 28.499895 -63.703812
v 70.235580 1.855898 -104.608620
v 65.297005 1.855898 -107.760391
v -113.859024 2.138525 48.098137
v 24.225677 20.154387 71.196625
v 32.019981 2.539705 116.294563
v 40.633926 6.750883 -93.498871
v -91.308701 1.855899 -86.825813
v -13.619095 13.216155 -85.579895
v -117.329269 2.080401 -40.351604
v -48.050831 2.223811 113.160225
v -85.710167 2.139362 89.048889
v 103.992867 1.855898 71.144112
v -89.227600 1.855899 88.963112
v 107.137856 1.855898 66.313492
v -43.701530 2.863032 110.162140
v 1.114678 54.848034 -15.912203
v -45.709896 2.127015 114.938385
v -101.258659 2.076741 -71.731331
v 57.008881 15.698550 59.239761
v 101.021912 2.160764 70.931641
v -88.370300 2.183558 -85.890411
v 81.327408 15.774312 11.186896
v 54.860107 15.815841 -60.973637
v -64.152351 11.017841 -64.634521
vt 3.426817 144.692701
vt 4.803872 146.959819
vt 4.129513 154.554912
vt 5.733253 157.635486
vt 7.150992 164.352469
vt 8.017769 167.587129
vt 8.768592 170.626243
vt 12.342472 174.993664
vt 10.007367 176.523519
vt 13.085283 182.084507
vt 14.329713 185.108621
vt 2.703319 127.199967
vt 2.989699 130.006900
vt 6.462176 137.945480
vt 3.255326 139.192391
vt 5.273395 141.408915
vt 6.606287 144.040388
vt 8.095337 146.461794
vt 8.790822 151.566256
vt 7.340502 154.471905
vt 9.274840 156.840134
vt 11.069240 159.487955
vt 12.319285 162.482519
vt 11.246930 168.288624
vt 14.897627 172.863419
vt 15.097354 176.417351
vt 15.570033 179.696423
vt 16.679523 182.835036
vt 16.709781 191.280288
vt 19.972293 197.034977
vt 3.967772 117.453665
vt 3.805486 120.690256
vt 6.040845 131.144204
vt 6.234130 134.369079
vt 8.290628 140.966324
vt 9.726962 143.663542
vt 10.151564 148.679428
vt 10.758523 153.959244
vt 12.594314 156.627313
vt 15.510316 162.674743
vt 16.618975 165.723863
vt 14.677005 169.084806
vt 17.869727 174.320897
vt 18.252850 177.491403
vt 18.956323 180.594281
vt 17.717933 185.813238
vt 19.832584 191.686894
vt 21.443383 199.920251
vt 23.261492 202.792637
vt 25.877003 205.611258
vt 6.936585 118.443339
vt 6.564825 122.195992
vt 7.285472 125.522562
vt 9.441850 132.452021
vt 10.008519 138.265910
vt 11.573941 141.053406
vt 12.915158 144.003864
vt 13.638523 147.498158
vt 15.472824 150.577818
vt 14.065104 153.638450
vt 15.777432 156.606466
vt 17.712334 168.293943
vt 20.679588 172.384688
vt 21.032617 175.469673
vt 21.482553 178.436259
vt 23.029292 191.639178
vt 25.030861 194.207144
vt 25.856972 202.532506
vt 27.525848 208.713943
vt 29.364927 211.439298
vt 6.933110 101.039994
vt 5.368694 107.636753
vt 7.353787 109.461817
vt 8.225134 112.152096
vt 6.246341 114.924003
vt 10.415346 117.982893
vt 8.937927 120.551975
vt 11.646173 129.602152
vt 13.153632 132.610889
vt 15.041926 135.592989
vt 16.002237 144.557379
vt 17.301822 153.626899
vt 18.947405 156.589210
vt 22.274104 164.196555
vt 20.435986 169.299909
vt 23.462105 170.363477
vt 23.786903 173.527892
vt 21.930833 181.115508
vt 26.778388 187.809498
vt 26.083099 190.900387
vt 27.725508 195.553589
vt 30.622171 200.842201
vt 28.483094 203.321185
vt 29.463816 206.195851
vt 31.072891 208.975991
vt 32.324561 211.450450
vt 31.567837 214.155241
vt 7.847070 97.815246
vt 9.225558 103.335233
vt 8.291962 106.540931
vt 10.166620 109.126384
vt 11.371722 112.046930
vt 12.424745 115.109053
vt 13.585393 118.097420
vt 14.716376 121.115608
vt 14.982544 129.848129
vt 16.568395 132.799400
vt 16.835320 138.590388
vt 18.182893 141.709392
vt 19.288836 144.977726
vt 20.607150 148.018630
vt 18.816748 150.762872
vt 22.213771 156.403462
vt 23.004154 167.227875
vt 26.519797 171.490368
vt 26.833705 174.752588
vt 27.709728 178.182301
vt 27.424093 181.624590
vt 29.388068 190.053727
vt 32.280018 198.230409
vt 34.104100 201.255922
vt 31.642115 203.735244
vt 32.953413 206.714030
vt 34.861998 209.647590
vt 34.559058 213.150707
vt 37.255278 220.979460
vt 39.627462 223.139389
vt 11.020438 87.910781
vt 8.759670 94.343075
vt 10.814444 96.762382
vt 10.074302 100.056721
vt 12.411209 102.314837
vt 11.386966 105.813305
vt 13.428709 108.645289
vt 14.463271 112.145434
vt 15.570107 115.280624
vt 16.703540 118.329946
vt 19.026460 124.402935
vt 18.174801 129.986431
vt 19.814117 132.766927
vt 20.475765 138.757930
vt 25.110831 150.885941
vt 23.946001 153.535479
vt 25.510443 156.097387
vt 26.632529 159.168054
vt 27.692913 162.448250
vt 29.088137 165.866837
vt 29.291317 169.508121
vt 32.597935 174.745489
vt 31.274093 177.813208
vt 30.418420 180.714878
vt 30.281699 183.855312
vt 33.241396 186.046660
vt 36.951011 194.858377
vt 35.343285 198.009077
vt 37.465157 200.538745
vt 37.043418 203.535165
vt 36.328860 206.661712
vt 37.506439 211.897712
vt 37.005920 215.078245
vt 40.051105 219.848654
vt 41.804460 225.406414
vt 12.027458 84.903420
vt 12.865482 90.310099
vt 13.731670 95.609339
vt 13.188029 98.947609
vt 14.386087 104.698576
vt 16.090294 106.739806
vt 16.646616 109.507524
vt 17.654974 112.507908
vt 18.747733 115.537432
vt 19.876309 118.584579
vt 17.845123 121.374400
vt 21.058497 130.044194
vt 22.982622 132.012658
vt 23.983081 137.568062
vt 23.297821 140.276758
vt 24.732981 142.869898
vt 24.024513 148.228904
vt 27.465598 152.712165
vt 28.557055 156.167186
vt 29.530092 159.429101
vt 30.582547 162.543526
vt 29.553382 172.815731
vt 34.559723 177.861419
vt 36.311157 184.629254
vt 33.070564 189.538100
vt 38.113007 197.769084
vt 40.094343 202.652965
vt 39.628474 205.925977
vt 38.668812 208.967393
vt 42.263307 214.621791
vt 43.081050 218.227157
vt 42.419466 221.964095
vt 44.747256 224.396680
vt 46.744225 229.698131
vt 13.124572 81.742446
vt 14.613069 84.117051
vt 14.595815 87.262057
vt 16.131487 90.451362
vt 16.052431 97.291554
vt 15.810395 101.029937
vt 17.541839 103.874280
vt 18.873013 106.738070
vt 19.821516 109.714497
vt 20.853652 112.722169
vt 21.966229 115.753515
vt 23.086939 118.820574
vt 21.042058 121.676228
vt 24.223958 121.979330
vt 25.502092 125.174357
vt 25.981407 131.194034
vt 25.059016 134.470449
vt 27.293281 136.939169
vt 28.100476 142.828879
vt 29.927985 145.984253
vt 30.175086 149.953888
vt 30.710595 153.460795
vt 31.577944 156.692728
vt 32.464990 159.684707
vt 35.520116 163.532493
vt 35.188506 169.751558
vt 35.352141 172.857638
vt 35.717034 175.579073
vt 37.847698 177.849103
vt 36.450298 181.031439
vt 39.348659 186.629603
vt 39.564389 189.864969
vt 39.897311 193.143943
vt 40.407939 196.309223
vt 40.552110 199.509473
vt 42.616982 204.787363
vt 42.502223 208.378426
vt 45.203462 215.187643
vt 46.381733 218.134061
vt 45.196590 221.099854
vt 47.668861 223.431896
vt 49.504402 231.836726
vt 14.698179 78.840792
vt 16.148397 81.518304
vt 17.188111 84.670772
vt 18.158304 87.901717
vt 19.481287 91.535181
vt 21.137495 97.841256
vt 19.356375 101.008344
vt 20.750179 103.775617
vt 21.904785 106.779754
vt 22.951062 109.828367
vt 24.060747 112.873347
vt 25.256991 115.918250
vt 26.290259 119.039822
vt 27.376255 122.268999
vt 27.124211 128.092314
vt 29.109222 130.789671
vt 30.520708 136.285242
vt 29.417453 139.541993
vt 31.341770 142.245140
vt 33.444343 144.577565
vt 32.795958 147.869966
vt 33.167737 151.244994
vt 38.156276 161.718309
vt 38.202738 171.530622
vt 39.943868 180.246948
vt 42.118899 182.564763
vt 42.551677 188.486510
vt 42.813788 191.718706
vt 43.202787 194.967561
vt 43.516496 198.259244
vt 43.164955 201.409380
vt 45.234544 203.296905
vt 45.486760 206.289135
vt 46.180520 209.395859
vt 47.294479 212.578339
vt 48.386067 215.653386
vt 47.770582 220.623751
vt 50.209248 221.765909
vt 53.059056 227.693851
vt 52.163911 234.074369
vt 54.377833 236.294365
vt 17.750595 72.794900
vt 16.311118 75.745854
vt 17.789670 78.613566
vt 19.108226 81.672903
vt 20.212011 84.872355
vt 21.361727 88.074379
vt 22.903514 90.975339
vt 21.981022 94.423749
vt 24.536586 97.253635
vt 22.661083 100.651876
vt 23.870561 103.745427
vt 24.982753 106.844351
vt 26.089733 109.899972
vt 27.303075 112.933016
vt 28.735160 116.025602
vt 29.304326 119.569553
vt 30.636408 122.567482
vt 30.428013 127.951809
vt 31.502064 133.156337
vt 32.619860 138.772263
vt 34.643717 141.242924
vt 35.867484 146.644343
vt 36.578721 152.233329
vt 40.743244 163.532864
vt 40.916792 170.113303
vt 41.169284 173.449555
vt 41.303028 177.029135
vt 43.315635 180.230485
vt 45.537638 187.048627
vt 45.737119 190.350157
vt 46.054957 193.609318
vt 46.410091 196.949307
vt 46.670428 200.504814
vt 47.989551 203.947994
vt 48.716852 207.187990
vt 49.560798 210.295689
vt 50.541412 213.371925
vt 51.527936 216.413641
vt 49.489492 218.599572
vt 52.935868 222.533834
vt 52.695985 230.854934
vt 57.062405 235.650492
vt 56.827821 238.496790
vt 59.580808 240.323603
vt 22.291731 69.379566
vt 19.444922 75.615281
vt 20.899547 78.613861
vt 22.145112 81.745320
vt 23.322155 84.837070
vt 24.584789 87.718742
vt 24.906515 93.577055
vt 25.813069 100.700410
vt 26.971640 103.855740
vt 28.086947 106.882182
vt 29.250901 109.811422
vt 30.558191 112.592990
vt 32.266657 114.906057
vt 31.250511 117.523721
vt 32.492929 120.027408
vt 32.197052 125.369240
vt 33.735909 128.278741
vt 34.831619 131.776400
vt 37.049647 134.610437
vt 35.867211 137.911221
vt 37.933421 140.419368
vt 40.037129 142.925188
vt 38.993753 145.981826
vt 39.937036 151.543402
vt 39.087860 154.702097
vt 41.302547 157.058406
vt 43.453010 162.195903
vt 43.505380 168.579687
vt 43.843496 171.808733
vt 44.591792 177.818868
vt 46.588690 180.212042
vt 45.406587 183.493169
vt 48.539090 185.890080
vt 48.674566 189.096009
vt 48.942183 192.281555
vt 49.276235 195.478035
vt 49.643274 198.706491
vt 50.303615 201.877763
vt 51.179985 205.087169
vt 51.974998 208.209951
vt 52.830368 211.268734
vt 54.576922 217.360615
vt 55.298615 220.395249
vt 55.906205 223.361988
vt 56.092398 226.418970
vt 55.882300 229.525735
vt 59.231649 233.946065
vt 59.598353 237.160421
vt 62.421685 242.117731
vt 21.062884 72.574777
vt 22.684436 75.488683
vt 24.021391 78.658145
vt 25.286922 81.749532
vt 26.533363 84.662859
vt 27.790277 87.374641
vt 26.015695 90.295974
vt 27.472766 95.128019
vt 28.002778 98.037971
vt 29.028449 101.005654
vt 30.108254 103.931587
vt 31.237640 106.772854
vt 32.482614 109.481164
vt 33.946346 111.981857
vt 35.621331 114.401508
vt 34.152369 117.279216
vt 35.711044 119.907608
vt 37.362420 122.652948
vt 36.812954 128.577188
vt 38.312800 131.552942
vt 39.165045 137.208498
vt 43.262208 142.479712
vt 43.083517 150.878106
vt 42.089391 153.915970
vt 44.352290 156.178455
vt 46.352073 161.178141
vt 45.922374 164.050704
vt 48.119357 165.712916
vt 49.351963 171.149159
vt 47.596574 176.775026
vt 49.658315 179.713754
vt 51.720527 185.033547
vt 51.690324 188.032263
vt 51.886618 191.088363
vt 52.189121 194.155857
vt 52.556378 197.220195
vt 53.046649 200.260977
vt 53.709840 203.299319
vt 54.458724 206.341581
vt 56.043161 212.363502
vt 57.607877 218.424752
vt 58.726823 224.622282
vt 58.901835 227.795301
vt 62.081870 232.306966
vt 62.196403 235.568604
vt 62.353408 238.872790
vt 23.738168 62.731945
vt 22.905133 65.807421
vt 25.132329 68.298415
vt 24.502999 72.162501
vt 25.868016 75.637023
vt 27.228191 78.781417
vt 28.551514 81.740866
vt 29.796197 84.553680
vt 29.066343 89.946489
vt 29.990437 92.692152
vt 30.534212 95.479690
vt 31.262310 98.266079
vt 32.202059 101.057466
vt 33.256858 103.809642
vt 34.434296 106.472086
vt 35.776428 109.009836
vt 37.297685 116.928181
vt 38.932982 119.542306
vt 40.636984 122.151885
vt 41.650867 130.934753
vt 40.520566 134.044887
vt 42.478639 136.647236
vt 44.384590 139.500167
vt 46.524281 142.184801
vt 47.781113 152.700450
vt 47.302005 155.413264
vt 46.823564 158.300206
vt 48.802801 163.272731
vt 48.927570 168.260442
vt 51.849337 172.095423
vt 53.193853 174.657511
vt 52.599412 179.467053
vt 55.022803 181.008428
vt 54.830514 184.060054
vt 54.761413 187.023297
vt 54.879019 189.996194
vt 55.137008 192.977000
vt 55.479480 195.946184
vt 55.901700 198.891737
vt 56.428228 201.821350
vt 57.053765 204.748792
vt 57.742512 207.679712
vt 58.468452 210.617009
vt 59.213132 213.576967
vt 59.945657 216.576423
vt 60.628227 219.629199
vt 61.207918 222.754409
vt 61.642788 225.950049
vt 61.950730 229.150776
vt 64.932602 234.080891
vt 65.047169 237.359324
vt 65.232114 240.621948
vt 65.349558 243.873751
vt 24.796971 60.127429
vt 26.179780 64.864229
vt 28.251590 67.341204
vt 27.076364 70.229053
vt 27.882979 72.951291
vt 29.164950 75.953833
vt 30.571167 78.917359
vt 31.916000 81.820680
vt 30.863863 87.283331
vt 31.934776 90.006986
vt 32.856392 92.671355
vt 33.575410 95.433451
vt 34.371385 98.175542
vt 35.313198 100.867926
vt 36.403539 103.491919
vt 37.657356 106.025790
vt 39.068642 108.482987
vt 37.287952 111.462430
vt 38.895185 113.925082
vt 40.532341 116.443635
vt 42.218321 118.965304
vt 42.599867 124.449998
vt 42.123351 127.577969
vt 45.588333 136.559483
vt 47.629577 139.354254
vt 49.841043 141.822498
vt 48.711411 144.792316
vt 50.040053 154.246199
vt 49.743102 157.468210
vt 49.352740 160.471470
vt 51.805538 162.935800
vt 53.788086 165.757934
vt 55.613664 168.633881
vt 54.506547 171.650660
vt 54.936483 177.591915
vt 57.782459 182.902815
vt 57.776550 185.908140
vt 57.868878 188.891590
vt 58.089650 191.855265
vt 58.406799 194.791639
vt 58.792075 197.691950
vt 59.244497 200.558935
vt 59.770490 203.406084
vt 60.362756 206.249108
vt 61.003079 209.101991
vt 61.672855 211.980195
vt 62.352940 214.901665
vt 63.019080 217.882945
vt 63.638624 220.937597
vt 67.655702 232.348132
vt 67.757951 235.851013
vt 68.004457 239.065925
vt 68.220983 242.318122
vt 68.379329 245.482608
vt 71.571444 247.218865
vt 26.891027 57.785829
vt 27.457282 61.334617
vt 29.493502 64.176254
vt 31.450859 67.003570
vt 29.982277 70.101960
vt 31.093301 73.075928
vt 32.495172 76.137656
vt 33.999161 79.020936
vt 33.065804 84.745964
vt 33.574293 87.423267
vt 34.857608 89.562128
vt 35.760693 92.377448
vt 36.543570 95.182213
vt 37.391172 97.886360
vt 38.383423 100.500353
vt 39.551120 103.029042
vt 40.888732 105.482351
vt 42.351616 107.903186
vt 40.592870 110.919360
vt 42.182113 113.385134
vt 43.829983 115.887010
vt 45.584658 118.421565
vt 44.006101 121.363645
vt 45.532613 123.527077
vt 47.780329 127.790091
vt 47.492473 134.169534
vt 53.168923 141.529742
vt 52.003542 144.430287
vt 50.880994 147.462797
vt 53.134821 149.982758
vt 55.508031 152.402795
vt 52.423995 156.481152
vt 54.792630 158.799692
vt 54.995149 162.449173
vt 56.969546 165.634312
vt 57.595493 171.430546
vt 58.290571 176.914692
vt 60.708835 181.624793
vt 60.804886 187.688033
vt 61.003407 190.698766
vt 61.305176 193.663324
vt 61.675094 196.574330
vt 62.093076 199.431235
vt 62.558331 202.244302
vt 63.074157 205.031434
vt 63.635987 207.812825
vt 64.232343 210.608977
vt 64.850175 213.440407
vt 65.475882 216.325890
vt 66.091472 219.278254
vt 67.230642 225.381941
vt 67.561901 228.800915
vt 70.300461 230.412941
vt 70.399711 233.973905
vt 70.735627 237.361244
vt 71.009242 240.676804
vt 71.286633 243.992653
vt 74.540146 248.939973
vt 28.841916 54.998192
vt 29.719628 58.155594
vt 31.016026 61.074820
vt 32.797427 63.765860
vt 33.317928 70.047927
vt 33.832726 73.458157
vt 36.027366 75.874139
vt 35.228037 82.255945
vt 36.205491 85.873784
vt 37.646980 89.068207
vt 38.606632 92.048649
vt 39.449727 94.830369
vt 40.364403 97.474632
vt 41.446633 100.015156
vt 42.717362 102.467610
vt 43.891785 110.340943
vt 45.488516 112.813208
vt 47.135550 115.306904
vt 48.796360 117.781895
vt 47.585151 121.142811
vt 48.119590 124.571336
vt 50.162789 129.275027
vt 50.593887 135.345209
vt 53.476966 136.249648
vt 54.098286 139.040892
vt 54.153067 146.960920
vt 56.309339 149.444444
vt 57.428181 157.747878
vt 57.050422 160.510648
vt 58.544735 162.950681
vt 60.287623 165.650926
vt 58.857417 168.511246
vt 60.809247 171.266813
vt 61.607211 176.718982
vt 63.620703 183.183127
vt 63.677461 186.369480
vt 63.852795 189.462287
vt 64.142824 192.493167
vt 64.511624 195.459745
vt 64.923715 198.355926
vt 65.363643 201.184730
vt 65.833186 203.960560
vt 66.336666 206.704865
vt 66.871907 209.441617
vt 67.432056 212.195098
vt 68.010422 214.988373
vt 68.600204 217.840144
vt 69.191687 220.757806
vt 69.771215 223.742478
vt 73.124233 232.065699
vt 73.365461 235.507149
vt 73.684438 238.930247
vt 74.027565 242.334101
vt 74.432942 245.722651
vt 33.265608 49.377871
vt 31.085404 52.046980
vt 31.723994 55.152752
vt 32.792406 58.069597
vt 34.328754 60.630058
vt 34.596473 66.433316
vt 36.474507 68.745131
vt 36.049145 72.118030
vt 37.250168 79.353671
vt 38.343605 82.729339
vt 39.441317 85.902560
vt 40.537325 88.894779
vt 41.450488 91.724434
vt 42.331500 94.412821
vt 43.338683 96.986707
vt 44.549511 99.448901
vt 45.924790 101.841662
vt 44.131528 104.875529
vt 45.631191 107.298347
vt 47.193404 109.763058
vt 48.816530 112.261761
vt 50.479855 114.774847
vt 50.444754 119.859018
vt 50.744485 122.622545
vt 51.140388 125.920465
vt 53.192624 128.332970
vt 56.107705 133.830790
vt 56.242369 137.419762
vt 56.732253 140.911027
vt 57.435684 146.599952
vt 59.485523 149.119936
vt 58.452916 151.867758
vt 62.046266 162.690127
vt 63.361078 165.845361
vt 62.081311 168.515187
vt 64.160509 171.116441
vt 66.540118 181.920600
vt 66.527235 185.058216
vt 66.656511 188.179110
vt 66.916466 191.263629
vt 67.279390 194.298924
vt 67.699886 197.265557
vt 68.142261 200.151882
vt 68.595457 202.961503
vt 69.065140 205.711289
vt 69.557738 208.425240
vt 70.073277 211.129999
vt 70.609335 213.852948
vt 71.164941 216.620478
vt 71.738904 219.455394
vt 72.323428 222.374172
vt 72.863797 225.420638
vt 73.044406 228.678184
vt 76.095560 233.863201
vt 76.323554 237.207823
vt 76.608560 240.588208
vt 79.541318 242.102724
vt 77.072449 244.000786
vt 77.759482 247.610319
vt 77.334954 250.969019
vt 34.046777 52.527097
vt 34.397947 55.331744
vt 35.889677 57.430130
vt 37.506968 60.015089
vt 36.044554 63.162578
vt 37.815392 65.594496
vt 38.344381 70.641180
vt 38.715912 73.509691
vt 39.400337 76.602385
vt 40.411855 79.770900
vt 41.437667 82.869834
vt 42.456398 85.811895
vt 43.406499 88.618879
vt 44.281168 91.321452
vt 45.219504 93.936324
vt 46.369521 96.427190
vt 47.727375 98.810000
vt 49.168426 101.193499
vt 47.386004 104.247776
vt 48.904760 106.708717
vt 50.490084 109.218525
vt 52.088332 117.318447
vt 53.256005 120.221556
vt 53.942520 123.268339
vt 56.349632 127.770463
vt 57.867950 130.491535
vt 58.226491 135.715735
vt 59.020455 138.504507
vt 58.731369 143.836099
vt 62.734677 149.105618
vt 61.426577 151.536071
vt 63.100237 153.736676
vt 62.897301 156.267651
vt 64.967369 160.989966
vt 65.302709 163.757582
vt 66.132359 166.254200
vt 65.341535 168.556997
vt 65.914909 173.588941
vt 67.783060 176.034603
vt 66.957604 178.920059
vt 69.664284 180.924376
vt 69.461498 183.885996
vt 69.482549 186.929098
vt 69.665051 190.006597
vt 69.987586 193.082926
vt 70.405773 196.120895
vt 70.863952 199.087480
vt 71.325997 201.966702
vt 71.786445 204.762826
vt 72.255790 207.494454
vt 72.742010 210.187526
vt 73.246709 212.871820
vt 73.770884 215.579193
vt 74.316037 218.342337
vt 74.878331 221.194581
vt 75.428306 224.171342
vt 75.845112 227.317626
vt 75.981221 230.562474
vt 78.951245 232.535971
vt 79.097389 235.761856
vt 79.187306 238.922733
vt 80.160113 245.158304
vt 80.940640 247.850121
vt 80.246088 250.594247
vt 82.755761 252.453695
vt 35.521250 46.849326
vt 36.344560 50.173756
vt 37.091946 53.788091
vt 38.759895 56.834052
vt 39.291674 62.496336
vt 41.005485 65.007459
vt 39.556870 67.982589
vt 40.862803 70.792960
vt 41.667664 73.825707
vt 42.520221 76.864369
vt 43.463271 79.865423
vt 44.422789 82.761612
vt 45.356707 85.535504
vt 46.248463 88.213637
vt 47.112881 90.830812
vt 48.149677 93.390567
vt 49.494457 95.797116
vt 50.640941 103.645125
vt 52.167308 106.144702
vt 53.784975 108.695656
vt 52.161619 111.781483
vt 53.836667 114.431295
vt 55.241116 117.411036
vt 56.312065 120.719344
vt 57.355961 124.239771
vt 59.418701 127.239683
vt 59.342693 133.104308
vt 60.810159 135.899270
vt 62.061216 138.761662
vt 63.628866 141.493771
vt 62.154043 143.998214
vt 64.130367 146.657443
vt 64.532678 151.761009
vt 65.759954 154.805409
vt 67.683638 159.564252
vt 67.867921 162.287152
vt 68.324061 165.053606
vt 67.902805 170.814982
vt 70.795799 175.141009
vt 70.140763 178.037058
vt 72.496188 182.824903
vt 72.393471 185.763481
vt 72.453975 188.773911
vt 72.680419 191.837231
vt 73.053387 194.914836
vt 73.514982 197.957960
vt 73.999969 200.925897
vt 74.474545 203.801299
vt 74.941786 206.589152
vt 75.415216 209.308358
vt 75.900120 211.987734
vt 76.399333 214.663756
vt 76.917346 217.374558
vt 77.451699 220.158603
vt 77.983586 223.057362
vt 78.457341 226.106225
vt 78.774925 229.295202
vt 81.922241 234.585181
vt 82.082024 237.803127
vt 81.825589 240.485161
vt 82.732649 243.117607
vt 83.342047 246.209068
vt 83.442212 249.457417
vt 86.297044 251.293142
vt 87.650622 254.541150
vt 37.821063 44.342069
vt 38.583432 47.606844
vt 39.335736 50.921955
vt 40.330074 53.994087
vt 40.685024 59.434718
vt 42.528686 61.843537
vt 42.490113 67.794810
vt 43.639962 70.812638
vt 44.572534 73.859746
vt 45.477179 76.833033
vt 46.395561 79.702322
vt 47.312796 82.460669
vt 48.228131 85.132278
vt 49.186780 87.733164
vt 49.980123 90.330847
vt 51.146406 92.896657
vt 52.741228 95.147990
vt 50.965279 98.147957
vt 52.419954 100.588156
vt 53.899606 103.075097
vt 55.431932 105.574911
vt 57.071479 108.268663
vt 55.574432 111.421536
vt 57.110868 114.448301
vt 58.278827 117.750180
vt 59.367308 121.051198
vt 60.822959 124.107561
vt 62.866376 127.102664
vt 60.987009 130.157032
vt 65.235876 133.517840
vt 63.628793 136.112613
vt 66.804835 141.582645
vt 67.501230 146.837308
vt 69.194806 149.643735
vt 67.580043 152.215349
vt 70.160435 157.887075
vt 70.446090 160.788489
vt 71.202664 166.522087
vt 71.450585 169.332404
vt 73.587053 174.049123
vt 73.133617 177.063506
vt 72.754878 179.943289
vt 75.544043 181.810839
vt 75.393478 184.679378
vt 75.337672 187.605743
vt 75.424681 190.606305
vt 75.687565 193.669757
vt 76.102787 196.754617
vt 76.598331 199.807334
vt 77.103717 202.781868
vt 77.591650 205.657862
vt 78.076477 208.440507
vt 78.562544 211.148536
vt 79.043345 213.820550
vt 79.533983 216.504524
vt 80.043286 219.238670
vt 80.554542 222.061320
vt 81.032399 225.011443
vt 81.423522 228.105922
vt 81.705462 231.316810
vt 84.834876 236.816340
vt 84.904968 240.487792
vt 85.785181 244.156288
vt 86.209162 247.681687
vt 41.583934 48.398621
vt 42.371605 51.585968
vt 43.396745 54.776172
vt 44.033257 58.366325
vt 44.049698 64.687694
vt 45.357606 67.693265
vt 46.452628 70.742529
vt 47.418137 73.730367
vt 48.340040 76.608727
vt 49.255030 79.376686
vt 50.182830 82.063450
vt 51.187404 84.728167
vt 52.461393 87.455696
vt 52.538058 90.324770
vt 54.371124 92.250232
vt 54.222119 97.544798
vt 55.674463 100.036076
vt 57.186274 102.474538
vt 58.653382 104.930750
vt 59.032214 111.243712
vt 60.219373 114.813325
vt 61.280518 117.986958
vt 62.457596 120.893408
vt 63.890977 123.582735
vt 65.612374 125.610804
vt 66.184496 128.227725
vt 68.155007 134.063210
vt 70.948727 146.869977
vt 72.242725 150.110446
vt 72.403192 155.892108
vt 72.933949 159.254340
vt 73.190932 162.238539
vt 73.174823 164.911587
vt 74.643691 170.941930
vt 76.123206 173.553186
vt 75.952149 176.175237
vt 75.747064 178.975742
vt 78.430691 183.647209
vt 78.325423 186.514646
vt 78.281958 189.435091
vt 78.382083 192.432768
vt 78.672794 195.498884
vt 79.116311 198.593924
vt 79.632511 201.659418
vt 80.165413 204.649889
vt 80.716436 207.536540
vt 81.240087 210.288633
vt 81.713747 212.996433
vt 82.172496 215.680951
vt 82.649212 218.394089
vt 83.142896 221.166189
vt 83.616359 224.031963
vt 84.028106 227.019454
vt 84.347887 230.139341
vt 84.601217 233.399493
vt 87.736185 238.811950
vt 88.239485 242.175362
vt 88.797592 245.624623
vt 92.150800 250.261870
vt 92.776543 253.541830
vt 93.838888 256.659116
vt 42.737335 39.735676
vt 44.464901 49.234031
vt 45.296352 52.340201
vt 47.382055 58.425043
vt 45.620054 61.488059
vt 46.998391 64.541497
vt 48.198454 67.583993
vt 49.254840 70.575781
vt 50.225054 73.473177
vt 51.162718 76.266120
vt 52.108698 78.971771
vt 53.104287 81.617240
vt 54.241556 84.192043
vt 55.800660 86.432467
vt 55.083347 89.364654
vt 56.055923 94.462757
vt 57.480285 96.983195
vt 58.980114 99.435855
vt 60.086201 107.537065
vt 61.645517 109.548668
vt 62.228309 112.210175
vt 63.261163 115.038986
vt 64.287319 117.796986
vt 65.482897 120.447061
vt 66.928965 122.970028
vt 68.551441 125.761154
vt 70.187052 132.025208
vt 71.302659 138.421021
vt 72.424212 141.058913
vt 74.043838 145.414162
vt 73.756301 148.043039
vt 75.495393 150.383588
vt 75.169051 155.409324
vt 75.404837 158.008162
vt 75.814673 161.109806
vt 77.681585 169.275389
vt 78.133969 172.157947
vt 78.637405 175.114804
vt 78.636193 177.967841
vt 78.544379 180.803346
vt 81.369216 185.479652
vt 81.271737 188.345492
vt 81.213599 191.258353
vt 81.311721 194.251099
vt 81.609491 197.311592
vt 82.054594 200.396146
vt 82.526948 203.446502
vt 83.304222 206.415965
vt 83.982740 209.175953
vt 84.393222 212.052142
vt 84.844639 214.829659
vt 85.279722 217.570595
vt 85.745687 220.331620
vt 86.216169 223.149279
vt 86.643915 226.053074
vt 86.984488 229.053851
vt 87.215499 232.159533
vt 87.435987 235.425495
vt 91.409369 243.658118
vt 91.817359 246.978256
vt 45.987964 40.682173
vt 43.398523 42.873078
vt 46.907480 47.233548
vt 48.272001 52.454066
vt 49.363698 55.374042
vt 50.493524 58.333358
vt 48.682811 61.423965
vt 49.907172 64.432466
vt 51.021569 67.406854
vt 52.047586 70.310554
vt 53.025391 73.127079
vt 54.000954 75.861181
vt 55.025832 78.521170
vt 56.153040 81.094822
vt 57.480051 83.508576
vt 57.629157 88.379330
vt 57.866307 91.239440
vt 59.427350 93.907473
vt 60.850866 96.364531
vt 62.328711 98.766717
vt 60.488230 101.821638
vt 61.856467 104.276360
vt 63.130081 106.732578
vt 64.281116 109.366315
vt 65.219925 112.048566
vt 66.175494 114.741188
vt 67.222894 117.375012
vt 68.412759 119.925790
vt 69.694481 122.416925
vt 71.077695 124.401927
vt 71.491397 126.987402
vt 72.357578 129.910893
vt 73.088861 133.009902
vt 73.678749 136.339602
vt 74.704975 142.457790
vt 77.992210 151.581843
vt 76.580831 153.454413
vt 78.000925 156.437139
vt 78.871556 162.994308
vt 80.723542 165.483722
vt 80.733148 168.136305
vt 80.823139 170.995313
vt 81.153546 173.925004
vt 81.385580 176.868216
vt 81.446770 179.759609
vt 81.433738 182.623832
vt 84.340296 187.316367
vt 84.215842 190.178596
vt 84.113651 193.083927
vt 84.193444 196.059156
vt 84.470625 199.076121
vt 84.858986 202.079954
vt 85.140750 204.859385
vt 86.691536 207.326185
vt 87.032001 210.672620
vt 87.490800 213.767490
vt 87.928734 216.666852
vt 88.365711 219.492279
vt 88.825783 222.314504
vt 89.272752 225.186010
vt 89.657668 228.124934
vt 89.920775 231.106584
vt 90.009379 234.093853
vt 90.309688 237.236154
vt 93.470893 238.528830
vt 94.838295 248.189630
vt 95.064755 251.342642
vt 95.943717 254.484239
vt 47.431606 35.100035
vt 48.707154 38.459124
vt 49.027793 42.030184
vt 51.657434 61.295583
vt 52.775918 64.241051
vt 53.834147 67.137932
vt 54.849795 69.968115
vt 55.858832 72.726459
vt 56.908682 75.409782
vt 58.053425 78.005197
vt 59.335636 80.493599
vt 59.047610 85.803794
vt 60.381288 88.401227
vt 61.540563 90.928544
vt 62.956279 93.358284
vt 64.309271 95.767890
vt 63.717977 101.234691
vt 64.946498 103.779625
vt 66.058455 106.375434
vt 67.077988 109.022508
vt 68.044156 111.690315
vt 69.037704 114.328997
vt 70.119290 116.916455
vt 71.294598 119.445267
vt 72.543043 121.908278
vt 73.594303 124.607251
vt 74.437619 127.500334
vt 75.455495 130.651356
vt 75.671418 134.241551
vt 76.551511 137.513119
vt 81.163431 148.528145
vt 80.436215 151.198756
vt 81.089028 156.034512
vt 82.485234 163.558957
vt 83.654077 166.775524
vt 83.610030 169.926407
vt 83.801175 172.860302
vt 84.052982 175.776582
vt 84.240762 178.687427
vt 84.346763 181.577502
vt 84.383781 184.453307
vt 87.327330 189.157985
vt 87.134915 192.021299
vt 86.965208 194.923624
vt 87.021266 197.869838
vt 87.245857 200.827194
vt 89.908002 202.666601
vt 89.723914 205.840430
vt 89.653888 209.091377
vt 90.002082 212.374086
vt 90.516800 215.531134
vt 90.978487 218.537719
vt 91.435806 221.446899
vt 91.896496 224.345940
vt 92.332688 227.289240
vt 92.688631 230.289563
vt 92.890218 233.293918
vt 92.602728 235.835325
vt 100.119930 251.270834
vt 100.487380 259.152938
vt 49.281716 32.724787
vt 49.312342 45.413724
vt 51.810035 46.564932
vt 51.194754 52.170758
vt 53.468442 58.139736
vt 54.557058 61.069296
vt 55.616985 63.958736
vt 56.653834 66.795931
vt 57.690835 69.572047
vt 58.766189 72.276929
vt 59.924164 74.895839
vt 61.198530 77.420801
vt 60.759007 82.898973
vt 62.207735 85.366931
vt 63.611200 87.911112
vt 65.030003 90.371182
vt 65.609816 98.229036
vt 66.810597 100.794143
vt 67.889278 103.397271
vt 68.900065 106.018845
vt 69.875158 108.660628
vt 70.856384 111.302988
vt 71.888203 113.928799
vt 72.997006 116.536002
vt 74.176203 119.143082
vt 75.326796 121.852152
vt 76.354764 124.698449
vt 77.321967 127.558663
vt 78.528761 130.153937
vt 77.486494 132.591811
vt 79.913176 132.860192
vt 79.441571 138.125816
vt 80.900710 140.724988
vt 79.823515 143.447080
vt 81.922065 145.817853
vt 83.094610 150.761938
vt 83.882124 155.763046
vt 82.931852 158.512336
vt 84.766021 161.247555
vt 85.537386 164.371378
vt 86.557764 166.853440
vt 86.370506 169.191505
vt 86.525992 171.940671
vt 86.749212 174.770326
vt 86.974303 177.637865
vt 87.164772 180.517843
vt 87.304447 183.400116
vt 87.376870 186.282967
vt 90.342091 191.016866
vt 89.996784 193.866486
vt 89.724309 196.803340
vt 89.818003 199.720855
vt 92.526747 204.562758
vt 92.401347 207.654337
vt 92.548180 210.875814
vt 93.013609 214.158468
vt 93.527944 217.367858
vt 94.014064 220.439920
vt 94.504194 223.441328
vt 95.019559 226.436052
vt 95.439157 229.442571
vt 95.706623 232.617113
vt 95.716538 236.087493
vt 97.188536 243.091779
vt 97.707516 246.359784
vt 101.056884 248.043283
vt 101.275009 256.560507
vt 50.415143 35.411151
vt 51.762504 37.722241
vt 54.557950 38.538515
vt 51.954709 43.585451
vt 52.997775 49.035291
vt 54.195787 51.971934
vt 55.306707 54.938799
vt 56.370737 57.872386
vt 57.415171 60.764927
vt 58.454656 63.610923
vt 59.508019 66.402066
vt 60.603733 69.126087
vt 61.776019 71.768552
vt 63.049601 74.325222
vt 62.583780 79.879353
vt 64.017339 82.346098
vt 65.427040 84.853721
vt 66.874270 87.319490
vt 66.403735 92.765269
vt 67.619580 95.263671
vt 68.711910 97.830692
vt 69.749067 100.420853
vt 70.730816 103.028610
vt 71.693702 105.653279
vt 72.662703 108.292769
vt 73.665679 110.941189
vt 74.729529 113.598493
vt 75.867823 116.275560
vt 77.048017 119.001326
vt 78.158538 121.818909
vt 79.260690 124.715360
vt 80.278112 127.532490
vt 81.252687 130.371126
vt 82.556654 133.089068
vt 82.418105 138.093054
vt 82.796546 143.149625
vt 84.767909 145.481522
vt 87.595100 152.558748
vt 86.543870 155.264806
vt 88.238309 157.373548
vt 87.758540 160.154463
vt 87.892432 162.888902
vt 88.623677 165.649276
vt 89.144078 168.400720
vt 89.310134 171.066273
vt 89.494386 173.812447
vt 89.702465 176.627838
vt 89.922142 179.475097
vt 90.129319 182.334587
vt 90.302268 185.206972
vt 90.393472 188.104431
vt 93.488715 192.953329
vt 92.516186 195.838606
vt 92.491882 198.741131
vt 92.586235 201.609284
vt 95.286082 206.443271
vt 95.293932 209.519624
vt 95.565585 212.735008
vt 96.031934 216.013868
vt 96.538553 219.228396
vt 96.992917 222.331078
vt 97.784172 225.377034
vt 98.373362 228.295170
vt 98.547703 231.466520
vt 98.737414 234.692214
vt 99.113129 237.930380
vt 99.717685 241.269433
vt 100.385471 244.633753
vt 102.724239 250.698885
vt 104.517666 255.504089
vt 103.706445 259.051747
vt 51.972796 32.573040
vt 53.559272 35.489244
vt 54.670611 41.739378
vt 54.662861 45.500590
vt 55.987645 48.700391
vt 57.139636 51.698419
vt 58.203292 54.643414
vt 59.231650 57.548825
vt 60.261120 60.410568
vt 61.317886 63.219465
vt 62.426522 65.962723
vt 63.611487 68.627820
vt 64.888652 71.213239
vt 64.419079 76.820859
vt 65.839754 79.307778
vt 67.260311 81.815691
vt 68.673516 84.305436
vt 68.333946 89.763285
vt 69.593689 92.273210
vt 70.648010 94.842664
vt 71.622862 97.437215
vt 72.569485 100.043115
vt 73.511448 102.659196
vt 74.463291 105.293134
vt 75.440767 107.947163
vt 76.464524 110.625642
vt 77.559035 113.336051
vt 78.742455 116.089195
vt 79.985924 118.879255
vt 80.998624 121.804684
vt 82.362066 124.911740
vt 83.666850 130.831523
vt 85.268929 137.936254
vt 87.660756 138.081962
vt 86.678448 140.392323
vt 87.565402 145.133923
vt 89.531353 147.353358
vt 88.701489 149.952129
vt 89.250063 154.710640
vt 90.551832 156.639109
vt 90.352517 159.084974
vt 90.434422 161.732114
vt 90.922604 164.449635
vt 91.579570 167.247925
vt 92.037244 170.035714
vt 92.262190 172.804779
vt 92.436196 175.618939
vt 92.647881 178.455518
vt 92.885746 181.293740
vt 93.120959 184.131601
vt 93.326394 186.990635
vt 93.436207 189.900958
vt 95.122669 195.389352
vt 95.182648 197.879718
vt 95.331803 200.634593
vt 95.369520 203.493346
vt 98.214693 208.311033
vt 98.308279 211.402579
vt 98.608924 214.615240
vt 99.054345 217.869253
vt 99.539249 221.036292
vt 99.816506 223.880778
vt 101.488502 226.492848
vt 101.550911 229.983094
vt 101.701112 233.306527
vt 101.965247 236.494454
vt 102.355088 239.655080
vt 102.832809 242.833635
vt 103.772853 246.032184
vt 104.859383 248.981927
vt 105.237338 252.298852
vt 107.989209 254.365014
vt 106.419638 257.301484
vt 106.913346 260.091631
vt 53.552934 30.202916
vt 55.255408 32.945833
vt 56.678432 36.030380
vt 57.723497 39.463231
vt 56.927681 42.887598
vt 57.845747 45.593515
vt 58.983096 48.477481
vt 60.049727 51.399980
vt 61.064741 54.313957
vt 62.075874 57.196428
vt 63.123320 60.028961
vt 64.235263 62.794783
vt 65.429944 65.482390
vt 66.714211 68.093156
vt 66.250833 73.740673
vt 67.662834 76.249976
vt 69.081725 78.765262
vt 70.488815 81.269098
vt 70.087313 86.754130
vt 71.409419 89.235881
vt 72.526696 91.815337
vt 73.488367 94.436174
vt 74.410046 97.053858
vt 75.331909 99.671176
vt 76.266224 102.299865
vt 77.220104 104.948076
vt 78.205675 107.623164
vt 79.244191 110.332343
vt 80.369247 113.081759
vt 81.633267 115.879181
vt 83.128842 118.744097
vt 85.046417 126.515613
vt 85.894446 129.779043
vt 88.001810 132.352378
vt 89.377124 139.915755
vt 90.219482 144.606653
vt 91.761476 149.558156
vt 92.778631 152.096617
vt 92.211063 154.664876
vt 92.607689 157.603365
vt 92.765910 160.406592
vt 93.206995 163.145438
vt 93.886058 165.944041
vt 94.631375 168.816824
vt 95.037938 171.664191
vt 95.162121 174.562322
vt 95.346303 177.439139
vt 95.590862 180.285012
vt 95.864463 183.105931
vt 96.139107 185.913537
vt 96.380038 188.726690
vt 96.598454 191.514861
vt 97.195602 194.167427
vt 97.797588 196.885553
vt 98.015112 199.675305
vt 98.213048 202.471260
vt 98.242541 205.349890
vt 101.227680 210.174742
vt 101.357012 213.283819
vt 101.656981 216.485621
vt 102.078171 219.728555
vt 102.385567 223.088081
vt 104.676722 228.438719
vt 104.653220 231.806282
vt 104.882174 235.087106
vt 105.186830 238.282452
vt 105.511922 241.383394
vt 105.738982 244.240179
vt 107.682568 246.960063
vt 108.006560 250.639061
vt 109.083193 257.735152
vt 110.263344 260.788936
vt 58.342235 27.016640
vt 56.972379 30.241104
vt 58.481447 33.128651
vt 59.809828 36.207229
vt 59.601969 42.293103
vt 60.833744 45.233537
vt 61.914275 48.151740
vt 62.918815 51.073482
vt 63.903637 53.978243
vt 64.926298 56.840540
vt 66.027991 59.634771
vt 67.226632 62.346130
vt 68.520239 64.978619
vt 68.076744 70.647016
vt 69.485796 73.176332
vt 70.903877 75.702629
vt 72.308026 78.219823
vt 71.874954 83.743636
vt 73.186014 86.232030
vt 74.341678 88.794199
vt 75.336382 91.420196
vt 76.251670 94.055704
vt 77.158272 96.683139
vt 78.077329 99.311366
vt 79.012452 101.950086
vt 79.967280 104.608183
vt 80.953995 107.291585
vt 81.998111 109.997781
vt 83.144288 112.706368
vt 84.470289 115.334926
vt 86.234679 117.526956
vt 85.666871 120.459587
vt 87.826672 122.251718
vt 89.875246 124.111743
vt 88.820912 129.641327
vt 90.800371 131.624664
vt 92.046037 139.176044
vt 91.130001 141.885573
vt 92.730842 143.894907
vt 94.151469 145.714939
vt 94.364723 148.097170
vt 97.224266 159.952159
vt 95.311940 161.640466
vt 97.914034 170.343968
vt 97.868099 173.476120
vt 98.014167 176.426157
vt 98.253348 179.297451
vt 98.545644 182.124579
vt 98.860819 184.920955
vt 99.182951 187.701642
vt 99.507183 190.468599
vt 99.947505 193.233270
vt 100.463813 196.158453
vt 100.333544 198.641788
vt 101.003527 201.260221
vt 101.169304 204.234071
vt 101.212458 207.170641
vt 104.265019 212.019617
vt 104.413109 215.148466
vt 104.704187 218.350755
vt 105.050756 221.641114
vt 104.967295 225.063004
vt 107.676310 230.281505
vt 107.787327 233.614749
vt 108.035378 236.923133
vt 108.336332 240.208821
vt 108.444956 243.536446
vt 110.929626 249.053367
vt 110.985028 252.487270
vt 111.302402 255.695253
vt 111.776061 258.635732
vt 113.692028 261.056165
vt 60.129620 30.097607
vt 61.639834 33.105174
vt 61.189577 39.122296
vt 62.620848 42.005219
vt 63.785246 44.927095
vt 64.802722 47.853419
vt 65.758893 50.776885
vt 66.736502 53.671611
vt 67.804657 56.501461
vt 68.994871 59.239042
vt 70.296970 61.887939
vt 69.891196 67.553107
vt 71.306930 70.097616
vt 72.729251 72.633221
vt 74.132477 75.163608
vt 73.683215 80.718365
vt 74.989453 83.225185
vt 76.165579 85.784654
vt 77.190121 88.401044
vt 78.110847 91.042893
vt 78.999414 93.686990
vt 79.900422 96.326081
vt 80.821978 98.960580
vt 81.757486 101.599879
vt 82.708258 104.252972
vt 83.690330 106.916223
vt 84.736988 109.564962
vt 85.904683 112.135513
vt 87.302650 114.494980
vt 89.092073 116.594962
vt 88.485201 119.366655
vt 92.836789 133.539285
vt 95.004327 138.520717
vt 96.522444 141.232775
vt 97.227245 152.008301
vt 99.710473 153.243283
vt 97.508397 155.062135
vt 99.692330 160.634461
vt 98.874471 165.356192
vt 99.979539 168.057851
vt 101.043649 170.318785
vt 100.629651 172.698243
vt 100.683935 175.497021
vt 100.892657 178.340796
vt 101.186202 181.166059
vt 101.519507 183.964082
vt 101.869860 186.744097
vt 102.236369 189.524811
vt 102.644504 192.353233
vt 103.069844 195.444479
vt 103.188689 198.965717
vt 103.850670 202.652535
vt 104.143945 205.894630
vt 104.215934 208.953789
vt 107.306570 213.838822
vt 107.464914 216.988490
vt 107.719884 220.216751
vt 107.913857 223.562921
vt 107.808245 226.936438
vt 110.707203 232.085308
vt 110.859660 235.422122
vt 111.115327 238.792446
vt 111.370048 242.238571
vt 111.189848 245.664564
vt 114.035616 247.786683
vt 113.941830 251.122060
vt 114.064921 254.363722
vt 114.204932 257.616795
vt 116.790370 262.357627
vt 60.403221 24.782991
vt 61.811244 27.150076
vt 63.053931 36.042745
vt 64.427904 38.905482
vt 65.674219 41.783100
vt 66.730886 44.697629
vt 67.669012 47.629213
vt 68.582842 50.549568
vt 69.576789 53.420028
vt 70.729474 56.189360
vt 72.034839 58.844321
vt 71.682296 64.476210
vt 73.117195 67.030998
vt 74.557998 69.569844
vt 75.966407 72.107303
vt 75.502650 77.685745
vt 76.812226 80.215101
vt 78.016369 82.780865
vt 79.087323 85.387695
vt 80.027765 88.019312
vt 80.885280 90.677028
vt 81.743217 93.344030
vt 82.646820 95.988977
vt 83.575346 98.612704
vt 84.507950 101.239113
vt 85.450698 103.870878
vt 86.427499 106.490351
vt 87.481273 109.053119
vt 88.669683 111.481415
vt 90.021077 113.700792
vt 91.423505 115.620777
vt 91.579768 118.265327
vt 92.247455 123.299515
vt 94.267191 125.132109
vt 94.097448 127.908569
vt 96.488401 129.685954
vt 95.388429 132.539000
vt 96.920556 134.361862
vt 97.298202 136.730498
vt 98.118426 139.171363
vt 97.770356 143.788750
vt 96.307779 146.146220
vt 99.577564 148.279550
vt 101.881422 151.548716
vt 100.362717 155.894558
vt 101.298466 158.579193
vt 101.843607 166.042330
vt 103.458804 168.803436
vt 103.498901 171.816870
vt 103.404973 174.611337
vt 103.534792 177.411030
vt 103.808034 180.220038
vt 104.148433 183.012864
vt 104.508917 185.790995
vt 104.878419 188.574446
vt 105.269694 191.398191
vt 105.661515 194.340694
vt 105.948439 197.560325
vt 106.336749 200.937482
vt 106.809517 204.327256
vt 107.107860 207.580734
vt 107.221880 210.724574
vt 110.345628 215.629112
vt 110.494578 218.803819
vt 110.675581 222.063713
vt 110.755007 225.410138
vt 110.705425 228.759669
vt 113.691474 233.816919
vt 113.862921 237.145968
vt 114.104005 240.561106
vt 114.503059 244.221950
vt 116.895395 250.048424
vt 116.935196 253.204104
vt 117.012313 256.359769
vt 116.878598 259.507490
vt 63.441220 23.850762
vt 64.955051 27.139903
vt 66.551022 30.127170
vt 64.855877 33.039168
vt 66.297787 35.907593
vt 67.607916 38.756688
vt 68.722468 41.646586
vt 69.661408 44.583199
vt 70.519353 47.523865
vt 71.390379 50.422273
vt 72.429867 53.235273
vt 73.723677 55.883135
vt 73.435076 61.431655
vt 74.894043 63.994083
vt 76.378608 66.534214
vt 77.818664 69.063129
vt 77.329932 74.651724
vt 78.642975 77.209218
vt 79.880295 79.792416
vt 81.017696 82.405228
vt 82.044419 85.026327
vt 82.892766 87.666779
vt 83.638442 90.379168
vt 84.482876 93.061162
vt 85.414726 95.663143
vt 86.346344 98.261148
vt 87.270476 100.869481
vt 88.201904 103.477311
vt 89.174891 106.058970
vt 90.243411 108.570092
vt 91.453647 110.963529
vt 92.760845 113.273085
vt 93.797398 115.799211
vt 93.137606 120.585456
vt 95.828587 120.724403
vt 96.408240 123.613776
vt 96.480812 126.530642
vt 98.674696 127.712828
vt 98.003966 132.274746
vt 99.192998 134.789542
vt 100.038224 137.236866
vt 101.001532 139.656704
vt 101.716268 149.000279
vt 104.007721 149.823058
vt 102.282102 154.118698
vt 103.829500 159.193522
vt 104.716809 161.624625
vt 103.313632 163.803649
vt 104.786308 166.228110
vt 106.744203 168.293051
vt 106.200254 170.893393
vt 106.107776 173.686088
vt 106.169708 176.475573
vt 106.412712 179.270130
vt 106.762296 182.054802
vt 107.137327 184.823826
vt 107.503162 187.596559
vt 107.871384 190.405623
vt 108.256835 193.294163
vt 108.623781 196.320674
vt 108.946958 199.472723
vt 109.366354 202.750714
vt 109.814579 206.068583
vt 110.093650 209.318730
vt 110.239095 212.488051
vt 113.367084 217.387481
vt 113.480001 220.588042
vt 113.580773 223.859854
vt 113.616966 227.180914
vt 113.621736 230.504681
vt 117.641656 244.425708
vt 117.045738 246.965044
vt 119.821519 249.030427
vt 119.804773 252.109116
vt 119.929665 255.226471
vt 119.931031 258.278456
vt 65.851167 21.442901
vt 66.617505 24.532981
vt 68.179822 27.350986
vt 68.104834 32.993239
vt 71.384258 32.962916
vt 69.556270 35.833654
vt 70.785014 38.703907
vt 72.569939 44.661221
vt 73.362811 47.591699
vt 74.153819 50.416352
vt 75.323355 53.061168
vt 75.144453 58.427131
vt 76.610521 60.987595
vt 78.139503 63.546676
vt 79.685666 66.063604
vt 79.172504 71.620054
vt 80.469208 74.212994
vt 81.730483 76.824241
vt 82.933227 79.454230
vt 84.076336 82.104455
vt 85.132962 84.747034
vt 85.732547 87.439185
vt 86.320122 90.243757
vt 87.265782 92.777695
vt 88.214370 95.325885
vt 89.138977 97.910803
vt 90.046825 100.512361
vt 90.959376 103.115158
vt 91.923350 105.696935
vt 93.004435 108.229746
vt 94.240299 110.701696
vt 95.467596 113.193802
vt 96.578498 115.764648
vt 97.782152 118.448579
vt 98.121435 121.623046
vt 98.805283 124.627426
vt 102.249014 130.846448
vt 103.739838 140.138789
vt 102.058852 142.125208
vt 103.079956 144.635595
vt 104.265781 152.393070
vt 108.111072 157.942962
vt 107.042244 161.813769
vt 107.747253 165.793959
vt 109.107130 170.149802
vt 108.813194 172.793865
vt 108.790372 175.519187
vt 108.979875 178.291818
vt 109.348469 181.073529
vt 109.765434 183.832611
vt 110.139407 186.588761
vt 110.482619 189.376126
vt 110.837463 192.224755
vt 111.218705 195.166074
vt 111.602742 198.214220
vt 112.002277 201.351304
vt 112.442352 204.568734
vt 112.841218 207.826043
vt 113.110277 211.049226
vt 113.262804 214.225075
vt 116.349915 219.111498
vt 116.409260 222.330460
vt 116.450860 225.598109
vt 116.475170 228.892566
vt 116.525508 232.177305
vt 119.428345 233.779614
vt 119.803054 240.058569
vt 120.059856 246.065957
vt 122.553516 250.896802
vt 125.785513 255.774752
vt 123.033323 257.188036
vt 125.142051 262.485655
vt 71.696658 18.562304
vt 71.382073 27.255743
vt 73.012205 30.031265
vt 72.879215 35.842249
vt 73.941410 38.831404
vt 74.707145 41.985889
vt 75.473711 45.021139
vt 76.725683 50.522837
vt 78.323088 52.472993
vt 76.813443 55.468365
vt 78.275893 57.980394
vt 79.773514 60.590280
vt 81.432521 63.142874
vt 81.068602 68.591841
vt 82.294767 71.227868
vt 83.541302 73.883705
vt 84.797210 76.513156
vt 86.011856 79.185324
vt 87.229474 81.906111
vt 88.471789 84.747869
vt 88.063892 87.707390
vt 89.089226 89.940785
vt 90.090659 92.420834
vt 91.040899 94.987927
vt 91.951578 97.587230
vt 92.829960 100.205743
vt 93.706993 102.834624
vt 94.646041 105.454235
vt 95.734431 108.045973
vt 97.057143 110.559807
vt 98.234378 113.050036
vt 99.740097 119.959296
vt 100.495857 122.216668
vt 101.560858 124.345718
vt 103.758694 128.803617
vt 104.909805 131.118204
vt 104.554104 135.648571
vt 106.379214 140.610433
vt 105.854553 145.375820
vt 108.586481 151.842627
vt 108.661291 154.039167
vt 107.281306 155.643036
vt 109.126189 160.545187
vt 109.766977 167.571279
vt 111.567582 171.935658
vt 111.440271 174.555702
vt 111.490316 177.255835
vt 111.854627 180.040759
vt 112.380644 182.797089
vt 112.800411 185.538587
vt 113.118280 188.313049
vt 113.425647 191.128208
vt 113.779917 194.012630
vt 114.201087 196.975311
vt 114.647615 200.007500
vt 115.088929 203.120576
vt 115.519912 206.314072
vt 115.891074 209.537661
vt 116.140950 212.744083
vt 116.274836 215.927180
vt 119.277401 220.806267
vt 119.279583 224.029846
vt 119.279311 227.283743
vt 119.319264 230.547065
vt 122.158467 232.170531
vt 119.595217 236.957754
vt 122.700275 241.588395
vt 120.074804 243.053991
vt 122.630152 247.800215
vt 125.171541 249.509848
vt 125.295694 252.613139
vt 126.334228 259.272896
vt 128.259004 262.413059
vt 75.132939 17.408055
vt 73.979344 20.897955
vt 72.806687 24.202567
vt 74.477025 26.969975
vt 74.665432 32.925075
vt 76.375086 35.994463
vt 76.870804 39.527996
vt 77.660464 42.664097
vt 78.336017 45.753610
vt 79.237775 49.080860
vt 81.243433 51.846054
vt 79.964755 54.955545
vt 81.340605 57.588884
vt 82.894375 60.277532
vt 83.098030 65.614574
vt 84.230382 68.217231
vt 85.282333 71.006506
vt 86.595517 73.572320
vt 87.859719 76.213751
vt 89.112659 78.915908
vt 90.414729 81.593936
vt 90.565633 86.937062
vt 91.873796 89.483181
vt 92.930502 92.081193
vt 93.893394 94.696447
vt 94.779474 97.330814
vt 95.604056 99.995801
vt 96.423668 102.671396
vt 97.311025 105.318552
vt 98.396974 107.925375
vt 100.115562 110.285800
vt 99.306623 115.618607
vt 102.113710 115.448332
vt 102.763242 126.531986
vt 106.233948 128.822276
vt 106.377783 133.539450
vt 107.211882 136.237700
vt 108.996227 141.101333
vt 110.783181 148.255837
vt 110.778417 150.744909
vt 110.023689 155.928514
vt 112.274195 157.338076
vt 111.817772 159.928008
vt 112.667970 166.656966
vt 114.553200 168.360156
vt 114.208196 171.026106
vt 114.190945 173.639097
vt 114.052918 176.163305
vt 114.159336 178.893089
vt 114.911136 181.666918
vt 115.500372 184.406730
vt 115.788173 187.216512
vt 116.046143 190.019383
vt 116.316173 192.839125
vt 116.721437 195.737055
vt 117.261545 198.680092
vt 117.749175 201.677441
vt 118.179210 204.797889
vt 118.607508 207.988439
vt 118.958194 211.194328
vt 119.164994 214.397307
vt 119.250251 217.599556
vt 122.148375 222.485864
vt 122.058538 228.936333
vt 124.794689 230.586201
vt 122.534584 238.482334
vt 125.391259 240.099469
vt 125.417541 243.297932
vt 127.525124 251.043247
vt 128.264660 253.682022
vt 128.887563 256.855091
vt 130.037716 259.895586
vt 131.809685 262.735557
vt 75.800272 23.796185
vt 77.544317 26.688803
vt 77.862666 32.617684
vt 79.001598 37.734357
vt 80.908510 46.407674
vt 83.650551 45.119267
vt 82.398377 48.618983
vt 83.333168 54.641846
vt 86.015273 59.581026
vt 84.806235 62.683903
vt 86.750204 65.303169
vt 86.855636 68.344656
vt 88.281366 70.588448
vt 89.628210 73.187133
vt 90.919079 75.912636
vt 92.246671 78.600335
vt 91.934551 84.056616
vt 93.498697 86.552710
vt 94.732307 89.184609
vt 95.815967 91.840209
vt 96.787122 94.490946
vt 97.607249 97.194105
vt 98.350365 99.941936
vt 99.106967 102.646957
vt 99.908085 105.240170
vt 100.719022 107.562981
vt 102.972999 110.923694
vt 103.286687 113.350918
vt 104.444091 119.909256
vt 105.455696 122.209694
vt 106.522658 124.422209
vt 107.601805 126.586728
vt 108.668003 132.570777
vt 109.889906 136.944592
vt 110.758152 139.331818
vt 111.555478 141.716545
vt 112.217704 144.213726
vt 113.141947 146.869494
vt 113.038325 149.603543
vt 112.880463 152.229306
vt 114.600262 156.318689
vt 114.192796 158.891948
vt 113.769443 161.504074
vt 113.351212 164.091233
vt 116.775663 167.712535
vt 116.631122 170.023412
vt 116.747668 172.562622
vt 117.066878 175.320044
vt 116.163861 177.658822
vt 116.969855 180.158821
vt 118.265289 183.079271
vt 118.471093 186.103629
vt 118.715876 188.946679
vt 118.920544 191.706528
vt 119.124001 194.460907
vt 119.775562 197.325621
vt 120.439669 200.157571
vt 120.820679 203.235115
vt 121.268666 206.401214
vt 121.723030 209.594531
vt 122.031466 212.796587
vt 125.046256 214.372780
vt 122.142770 216.028659
vt 122.166816 219.275744
vt 124.958175 224.164987
vt 124.776677 227.351657
vt 127.321061 229.025939
vt 127.582434 232.180651
vt 128.082677 241.867489
vt 128.033654 245.166008
vt 130.587997 247.235103
vt 131.181725 254.354591
vt 133.509678 260.340167
vt 86.999940 45.594691
vt 85.252463 48.144832
vt 89.074161 51.824754
vt 89.088888 58.339453
vt 89.470543 67.355897
vt 91.229694 70.021428
vt 92.624479 72.900107
vt 93.999141 75.673500
vt 93.665214 81.174118
vt 95.128961 83.700731
vt 96.459745 86.307359
vt 97.615664 89.002438
vt 98.786234 91.695546
vt 99.714230 94.407987
vt 100.386650 97.290604
vt 103.772168 100.536858
vt 101.780618 102.854538
vt 105.005950 106.218660
vt 105.619851 109.103802
vt 105.064038 115.060189
vt 110.047469 126.515949
vt 111.222783 128.650049
vt 111.682244 135.141145
vt 112.501706 137.552016
vt 113.378848 139.992605
vt 114.251326 144.710592
vt 115.149660 151.182232
vt 114.913387 153.778685
vt 118.464716 163.898618
vt 118.588257 166.171850
vt 118.792003 168.673116
vt 119.495374 173.588834
vt 120.276876 176.018806
vt 119.640742 180.606738
vt 121.451737 182.760152
vt 121.210046 185.242632
vt 121.427148 187.979310
vt 121.642768 190.712490
vt 121.731325 193.386527
vt 123.239700 198.351157
vt 123.426089 201.586364
vt 123.847847 204.756775
vt 124.394686 207.915105
vt 124.893796 211.132585
vt 127.711255 216.164795
vt 125.054007 220.999634
vt 127.983324 222.778999
vt 127.641183 225.841488
vt 130.446918 233.563195
vt 131.077232 236.940630
vt 133.523845 252.162938
vt 136.939472 260.512561
vt 80.741924 14.501446
vt 81.881744 17.834312
vt 84.309542 31.777219
vt 82.903600 34.637350
vt 85.955026 42.550129
vt 88.263010 48.608641
vt 92.443267 56.788043
vt 91.266778 60.532149
vt 92.698186 66.694859
vt 94.216390 69.948765
vt 95.674873 72.829312
vt 97.126356 75.538284
vt 95.417165 78.321934
vt 96.858661 80.898583
vt 98.212428 83.489055
vt 99.375913 86.147089
vt 100.444710 88.894868
vt 101.988932 91.552254
vt 102.508914 94.731038
vt 103.117285 97.702628
vt 104.401642 103.348766
vt 106.935905 103.994517
vt 107.646809 106.721971
vt 108.661150 109.099956
vt 107.281257 110.953673
vt 109.961220 113.995097
vt 109.225035 120.228145
vt 110.369757 122.238566
vt 111.431366 124.323173
vt 112.426737 126.490104
vt 113.693563 128.654275
vt 114.142036 135.655080
vt 115.049092 138.164245
vt 115.806083 146.164821
vt 117.457025 150.170826
vt 119.228088 154.269970
vt 119.247532 157.011513
vt 120.820205 162.135525
vt 121.297184 164.836700
vt 121.138650 169.405322
vt 121.710644 171.826850
vt 122.424349 174.274325
vt 123.258705 176.713412
vt 122.091976 180.594022
vt 124.024746 184.380782
vt 124.149727 187.040036
vt 124.423295 189.766605
vt 124.507923 192.516375
vt 124.260885 195.373278
vt 126.101001 200.119552
vt 126.310925 203.119765
vt 126.955847 206.119260
vt 127.565232 209.251095
vt 128.182216 212.649231
vt 130.481106 217.935601
vt 127.862864 219.523406
vt 130.841607 221.252923
vt 132.159675 228.237826
vt 132.774775 231.464043
vt 135.966691 241.165890
vt 138.083471 242.836384
vt 138.565375 257.949253
vt 86.679545 21.022191
vt 85.287448 23.656208
vt 85.796482 29.033558
vt 87.570526 31.698800
vt 89.100838 34.546290
vt 91.273036 40.721892
vt 91.895993 53.090866
vt 94.405403 59.709096
vt 96.234567 62.270788
vt 95.092375 64.890367
vt 97.344411 70.158432
vt 98.795846 72.843894
vt 98.595497 78.161095
vt 100.014109 80.763707
vt 101.263054 83.394265
vt 102.234361 86.040099
vt 102.917064 88.549697
vt 104.971059 89.557334
vt 104.849186 92.493574
vt 105.209444 95.459724
vt 105.883739 98.323739
vt 106.444158 101.106304
vt 109.518364 104.648020
vt 110.496539 107.186854
vt 113.896522 124.386101
vt 116.064287 127.972044
vt 117.509722 132.178327
vt 117.789667 134.482737
vt 119.385045 136.355001
vt 118.410452 140.461858
vt 118.235434 142.602069
vt 118.103725 145.103714
vt 119.763187 149.126880
vt 121.723142 150.622705
vt 121.175980 155.470906
vt 122.105174 157.513574
vt 123.368977 162.703899
vt 122.750206 167.294769
vt 126.200150 170.354583
vt 124.434808 172.408526
vt 125.357162 174.984301
vt 126.105615 177.594774
vt 126.470572 180.341964
vt 126.546172 183.092678
vt 126.674490 185.864953
vt 127.158685 188.687287
vt 127.413045 191.465674
vt 127.152155 194.370401
vt 126.577280 197.295098
vt 131.502804 201.572086
vt 128.564582 201.625852
vt 130.165962 207.141616
vt 130.736898 210.138020
vt 131.796355 213.041969
vt 132.957931 215.923240
vt 134.133973 222.613989
vt 137.326651 227.659066
vt 135.726440 232.531476
vt 136.547503 235.433528
vt 138.481039 245.500448
vt 139.101557 251.654121
vt 143.109045 255.006160
vt 143.644625 260.074616
vt 142.162461 262.762041
vt 86.938584 13.806581
vt 90.689707 26.229104
vt 90.804717 31.814502
vt 93.402495 38.073194
vt 93.151928 47.229295
vt 94.069850 50.563599
vt 96.068239 56.846069
vt 97.687565 59.589978
vt 99.257365 62.297432
vt 99.049088 67.596105
vt 100.453368 70.228740
vt 101.911518 72.833338
vt 101.777088 78.115909
vt 103.176774 80.774520
vt 105.026128 86.408427
vt 107.513783 87.522649
vt 107.548443 90.505084
vt 107.407836 93.387406
vt 107.871384 96.216286
vt 108.859554 98.915258
vt 110.822032 100.452324
vt 111.379924 102.722065
vt 114.705072 113.536551
vt 114.207385 119.570858
vt 116.358741 120.486759
vt 116.511073 125.000069
vt 118.424865 127.003057
vt 117.711272 129.656668
vt 119.592392 131.247294
vt 119.673658 133.717416
vt 122.217857 140.007010
vt 120.448962 141.512939
vt 120.072956 146.558973
vt 124.302860 146.982135
vt 122.025921 148.045567
vt 123.606818 152.165685
vt 123.600338 155.079003
vt 124.898698 157.762912
vt 126.016337 163.202387
vt 124.230446 165.206098
vt 128.816646 170.794886
vt 128.724662 178.843356
vt 128.923922 181.628662
vt 128.921570 184.360376
vt 131.014483 185.439844
vt 132.166889 187.606540
vt 130.116333 193.276625
vt 132.113280 198.333677
vt 134.539771 200.242613
vt 132.385116 204.894802
vt 133.564569 211.034881
vt 135.384744 213.723866
vt 135.940799 219.818131
vt 137.032992 224.673194
vt 139.829887 228.990734
vt 139.736306 236.949945
vt 141.929098 249.847356
vt 144.326937 252.203997
vt 145.574680 262.433160
vt 90.240599 12.837259
vt 92.920380 20.459098
vt 93.993837 32.012516
vt 96.673410 38.615263
vt 96.155289 48.040887
vt 99.264066 48.686357
vt 102.057580 67.674490
vt 103.547586 70.204896
vt 103.391501 75.472252
vt 106.319251 80.916473
vt 110.428661 88.739107
vt 109.989277 91.761331
vt 112.088583 93.696034
vt 113.633229 95.958117
vt 114.362614 105.423013
vt 113.454693 107.740336
vt 115.985085 111.389071
vt 116.799144 115.520536
vt 114.519539 116.516730
vt 118.402484 119.923008
vt 119.163183 124.494733
vt 121.462266 130.470917
vt 121.706536 132.586330
vt 123.761844 138.412805
vt 122.802783 142.722815
vt 124.342846 144.704976
vt 123.952266 149.527173
vt 126.327158 155.227357
vt 126.945414 159.125218
vt 127.830928 161.263338
vt 128.640423 163.642341
vt 129.463324 166.200570
vt 131.514417 171.176856
vt 131.391808 180.361899
vt 133.234989 184.863528
vt 133.132799 192.404182
vt 134.158762 202.836367
vt 135.601821 205.170035
vt 137.094545 207.574997
vt 136.157057 210.514345
vt 138.550838 212.801315
vt 138.942101 218.593003
vt 139.697032 223.493723
vt 140.399652 226.304561
vt 142.534058 229.100655
vt 143.260025 237.082761
vt 144.619555 239.399020
vt 147.443787 251.616305
vt 145.026522 257.338526
vt 146.994390 259.672817
vt 148.944203 261.916897
vt 93.597405 12.061751
vt 94.428783 22.846548
vt 97.158715 32.231469
vt 103.536877 52.238144
vt 104.742618 55.119848
vt 104.039906 60.169429
vt 106.660752 70.000872
vt 107.848289 72.625239
vt 109.256064 81.074892
vt 112.173426 85.926372
vt 113.526649 88.193682
vt 112.734009 90.949562
vt 115.077251 93.137037
vt 116.397834 95.766896
vt 115.804661 101.430967
vt 116.284548 104.050549
vt 116.217282 106.627070
vt 118.469590 107.927099
vt 118.108311 110.511022
vt 119.261363 114.790568
vt 121.024235 116.500478
vt 120.481866 119.071204
vt 122.470963 120.277915
vt 122.931829 122.526709
vt 123.523525 131.018725
vt 124.383984 136.019024
vt 125.768998 138.395498
vt 128.461404 147.696107
vt 128.065028 150.278692
vt 131.046636 164.238986
vt 130.455761 168.712113
vt 133.117238 169.133206
vt 132.579863 173.604271
vt 133.751879 179.002262
vt 134.152661 182.006964
vt 134.939927 187.031059
vt 137.010762 188.836428
vt 136.272215 191.643150
vt 137.544819 199.418088
vt 139.110934 204.764938
vt 139.824210 207.468852
vt 141.951316 209.219934
vt 141.332463 214.549594
vt 142.740254 218.637978
vt 143.977933 232.004285
vt 146.780694 243.581516
vt 148.440627 248.607648
vt 150.537628 250.823780
vt 149.467574 253.884599
vt 96.821757 11.135725
vt 97.578545 17.900824
vt 95.989260 20.452331
vt 97.957383 26.417147
vt 104.206089 40.513952
vt 104.548324 46.809592
vt 108.124245 63.745180
vt 108.453496 67.073218
vt 111.597655 78.838356
vt 113.659031 83.200581
vt 115.421936 90.172395
vt 118.275502 93.588684
vt 119.303393 96.009472
vt 118.350076 102.622281
vt 118.611089 105.311229
vt 121.023778 106.747315
vt 122.258686 111.580168
vt 121.714519 114.105152
vt 123.614241 116.033012
vt 124.358256 118.576156
vt 124.720275 120.949705
vt 125.533347 123.325242
vt 125.392244 125.485789
vt 125.012126 129.178289
vt 127.502812 129.412214
vt 126.424496 133.894564
vt 126.972870 136.283588
vt 128.081013 138.593929
vt 130.298204 142.938449
vt 129.160820 145.239277
vt 130.734197 147.186515
vt 130.352151 149.612914
vt 132.884756 156.550470
vt 133.224997 160.770332
vt 132.567599 162.741065
vt 135.768745 169.443568
vt 137.788210 175.233710
vt 135.885360 177.206616
vt 136.454790 180.121037
vt 137.597125 185.937744
vt 139.810993 187.708543
vt 140.495229 198.564929
vt 148.949174 230.007168
vt 152.334213 244.526724
vt 151.505083 247.688506
vt 154.631660 255.514801
vt 155.808307 260.863511
vt 99.399840 13.178076
vt 101.333765 26.757339
vt 102.430754 29.726903
vt 103.608078 32.672135
vt 106.873719 44.618165
vt 107.967006 55.723588
vt 110.903083 64.674677
vt 114.761528 68.338630
vt 115.515818 71.361290
vt 113.979523 76.854888
vt 118.321911 85.844319
vt 120.316124 91.206730
vt 120.078293 98.548115
vt 120.505700 101.119093
vt 123.202241 104.721594
vt 124.692661 110.951880
vt 124.098077 113.373997
vt 125.668139 114.880026
vt 126.584168 119.294108
vt 129.279068 127.084574
vt 129.616981 129.488495
vt 130.581005 138.395846
vt 131.516390 140.809356
vt 131.544314 144.906901
vt 132.783892 146.648393
vt 134.561396 152.503561
vt 134.654125 154.798658
vt 135.841533 160.501642
vt 137.161212 167.052076
vt 138.289898 169.322500
vt 139.488508 171.148433
vt 140.394930 176.210305
vt 141.531610 182.075096
vt 142.040036 189.747597
vt 145.459639 202.561211
vt 147.649887 207.556104
vt 148.330201 216.115650
vt 153.782493 238.459613
vt 154.670441 246.835584
vt 156.778661 249.210348
vt 157.669108 254.830942
vt 100.848774 6.981980
vt 102.577456 12.370357
vt 104.475787 18.200581
vt 105.740124 21.594316
vt 106.742211 33.116214
vt 109.472033 42.590260
vt 110.668563 48.499369
vt 108.731292 50.640645
vt 111.954437 51.320959
vt 112.181514 59.301490
vt 113.083199 62.325381
vt 113.910119 65.344660
vt 119.575872 77.994260
vt 119.668471 83.006579
vt 120.610712 88.060849
vt 123.249351 92.396351
vt 125.248861 100.449556
vt 125.766815 103.261188
vt 125.358747 105.983836
vt 127.063918 110.065533
vt 126.739423 112.755548
vt 127.828295 115.286303
vt 128.677095 117.830589
vt 128.624524 120.443742
vt 129.999113 124.461310
vt 131.643575 128.295632
vt 131.267126 130.824281
vt 133.298350 132.168903
vt 133.037953 134.587416
vt 132.681484 139.077660
vt 133.980549 140.759313
vt 134.895663 147.318705
vt 137.002099 153.575227
vt 136.812205 158.307248
vt 140.944965 169.157993
vt 141.800722 171.515110
vt 142.257699 174.030158
vt 142.880218 176.649484
vt 143.850276 181.363133
vt 143.242602 184.113407
vt 145.464996 186.110906
vt 144.813609 188.843824
vt 148.023976 204.558034
vt 150.585758 206.664560
vt 150.138884 209.717930
vt 152.562954 211.847985
vt 152.483298 225.090584
vt 154.184652 222.548644
vt 155.583758 230.896248
vt 157.041954 237.588254
vt 160.011934 248.590106
vt 160.542318 254.207254
vt 162.633566 259.272150
vt 104.122405 6.276628
vt 105.650893 11.617847
vt 107.209044 16.570700
vt 111.015514 28.518902
vt 111.729915 37.645956
vt 115.120175 41.959568
vt 115.448096 51.435010
vt 117.803877 69.080014
vt 120.992032 69.960436
vt 120.944450 73.247430
vt 121.000004 75.895098
vt 121.052439 80.445328
vt 121.523565 85.292869
vt 123.088147 87.224522
vt 124.713117 97.722156
vt 128.665554 103.738362
vt 127.293485 105.321164
vt 129.411181 106.330019
vt 129.693639 109.053873
vt 129.354320 113.444765
vt 130.194498 115.665645
vt 130.704712 119.578186
vt 130.474155 121.987173
vt 131.937876 125.878136
vt 135.315670 133.639919
vt 132.797765 136.998999
vt 134.726156 138.497701
vt 136.532537 140.360714
vt 138.527148 144.969081
vt 139.080998 147.336353
vt 139.416347 157.500905
vt 140.944922 159.947003
vt 143.744767 164.731614
vt 143.654078 169.396189
vt 144.659273 174.463982
vt 146.574624 180.663850
vt 146.044040 183.306055
vt 147.883548 188.238262
vt 146.984662 193.594850
vt 150.186500 194.002659
vt 148.726031 198.635332
vt 151.629320 200.192648
vt 154.967736 214.112253
vt 155.821927 219.756429
vt 157.382652 228.171845
vt 157.254935 234.133674
vt 159.532597 239.785309
vt 161.695724 245.473166
vt 163.261230 248.698632
vt 165.418404 254.744960
vt 166.074305 258.137287
vt 109.587802 8.191561
vt 108.266131 10.738741
vt 110.107748 16.926933
vt 107.961878 19.361714
vt 110.205452 25.481592
vt 113.494249 26.437868
vt 111.620169 31.564629
vt 114.383144 32.872532
vt 114.577592 35.951641
vt 118.014485 43.305628
vt 118.246392 46.470987
vt 118.390644 49.599015
vt 118.616011 52.526969
vt 119.413538 55.428841
vt 121.268997 61.110592
vt 122.030104 64.079017
vt 123.495864 72.288029
vt 125.960691 74.398335
vt 124.976075 85.241889
vt 127.848982 89.548230
vt 127.802012 91.927615
vt 126.866334 95.958863
vt 130.553956 102.089550
vt 131.218422 104.610056
vt 132.388535 109.579910
vt 130.912178 111.510956
vt 131.899096 113.865395
vt 132.685715 116.093939
vt 132.898876 118.502780
vt 132.717462 120.927139
vt 134.433641 124.723828
vt 136.021170 128.637634
vt 135.631498 131.176558
vt 137.611892 132.763852
vt 139.188841 136.796060
vt 136.828947 137.646966
vt 140.125744 143.081737
vt 140.876033 145.427240
vt 139.685065 152.561658
vt 141.062467 155.176163
vt 142.194177 157.657081
vt 143.565040 160.042898
vt 144.966359 162.401935
vt 146.643437 169.763345
vt 146.738922 172.701370
vt 146.920589 175.438118
vt 149.039803 176.899753
vt 149.241762 179.623042
vt 148.907797 182.293427
vt 150.093094 186.646851
vt 151.014784 189.049566
vt 152.024800 191.776888
vt 153.138719 194.734300
vt 154.091264 197.629423
vt 154.902511 200.582866
vt 156.568880 207.310917
vt 155.727619 210.799732
vt 157.977731 213.158214
vt 158.952379 219.839895
vt 160.514155 228.556330
vt 163.175200 235.651597
vt 162.634966 238.695393
vt 162.090763 241.931703
vt 165.231979 246.597261
vt 167.664973 252.490964
vt 111.137030 5.247636
vt 112.720782 8.586080
vt 114.559447 11.736225
vt 112.075413 14.349303
vt 116.142091 18.363865
vt 114.554026 20.964954
vt 116.930625 31.106474
vt 117.284633 34.096903
vt 120.974639 38.071930
vt 120.662056 41.526671
vt 120.767699 44.791192
vt 123.563468 58.601426
vt 124.291546 61.554253
vt 124.988509 64.459269
vt 124.115377 69.567315
vt 126.248573 71.661723
vt 128.496073 76.053988
vt 125.623108 77.446714
vt 128.651304 81.603668
vt 130.384694 88.635776
vt 129.248828 94.090400
vt 131.986338 98.037552
vt 133.150276 102.916240
vt 133.710168 105.393851
vt 134.262903 107.807578
vt 134.858820 110.112222
vt 137.000547 118.265786
vt 134.891616 119.651066
vt 136.818523 123.519666
vt 136.523717 126.052867
vt 138.349180 127.603026
vt 137.898360 130.240306
vt 139.648274 134.421583
vt 142.706031 143.420893
vt 145.475852 143.841089
vt 143.253291 145.893763
vt 144.203603 151.034807
vt 144.856027 157.835116
vt 147.607581 162.372190
vt 146.396767 164.739029
vt 151.474961 178.061113
vt 151.971473 181.108689
vt 153.716109 183.752185
vt 154.150367 189.457384
vt 154.547258 192.507330
vt 156.405535 194.983644
vt 157.102862 198.265378
vt 155.809712 203.839468
vt 158.573991 204.500119
vt 160.181534 207.054973
vt 158.939886 209.972667
vt 161.239572 212.340911
vt 160.981903 217.571362
vt 162.774644 223.542816
vt 162.925144 226.627878
vt 166.234672 234.353698
vt 165.770658 237.471495
vt 165.224423 240.537998
vt 167.324805 244.835427
vt 170.298516 250.412291
vt 170.428653 254.052008
vt 169.659306 257.392777
vt 113.763874 3.767029
vt 115.702425 8.795853
vt 117.639185 16.123153
vt 117.731457 21.276024
vt 119.853906 23.790463
vt 118.999891 29.478303
vt 120.332819 32.262703
vt 119.839326 35.310128
vt 123.426389 40.071358
vt 121.087494 47.916427
vt 124.060841 49.342503
vt 125.836771 56.006672
vt 126.681788 59.072823
vt 127.265444 62.180714
vt 128.011721 65.068209
vt 128.929468 70.536849
vt 128.699721 73.272851
vt 131.228417 77.563701
vt 131.271406 80.412053
vt 131.168329 83.248831
vt 132.999046 87.816083
vt 132.276566 93.102963
vt 134.606148 98.838854
vt 135.172103 101.204469
vt 135.690045 103.677512
vt 136.244001 106.147217
vt 137.225222 110.908088
vt 137.243807 113.356944
vt 137.073866 115.721890
vt 136.887994 120.895259
vt 138.913864 122.108365
vt 139.126224 124.820736
vt 140.610434 126.944699
vt 142.030613 130.841734
vt 141.762637 136.254300
vt 143.092442 138.874269
vt 144.327099 141.244856
vt 147.325135 147.610908
vt 145.871465 149.171733
vt 146.778638 151.422921
vt 145.136314 153.385649
vt 148.774708 155.915314
vt 147.509936 157.982837
vt 148.922819 160.129166
vt 149.074573 164.538518
vt 150.736682 166.511506
vt 149.683204 168.979199
vt 151.747366 170.766563
vt 153.211760 175.638990
vt 154.047508 178.655388
vt 155.257001 181.276912
vt 156.608552 183.729952
vt 157.031223 188.576038
vt 159.385030 190.135693
vt 159.218550 193.256180
vt 159.610458 196.336151
vt 160.117219 202.063140
vt 161.658529 204.156369
vt 163.550707 206.382854
vt 162.359707 209.434650
vt 163.003368 214.996044
vt 164.300496 218.045633
vt 168.399238 223.589718
vt 169.317070 229.318310
vt 168.813340 236.146091
vt 171.401618 238.083591
vt 171.672760 247.011240
vt 173.586831 249.567842
vt 173.292202 252.795948
vt 173.064073 256.112615
vt 116.788290 3.892846
vt 118.389986 6.886707
vt 118.018620 10.388175
vt 120.755728 12.461003
vt 120.257990 15.451095
vt 122.048815 17.922281
vt 120.829266 20.897652
vt 123.133089 23.104622
vt 121.788464 29.195030
vt 124.009037 31.664097
vt 122.694989 34.768217
vt 124.575619 37.151353
vt 125.422694 41.814834
vt 125.952895 44.379160
vt 127.054312 50.381487
vt 127.859008 53.476353
vt 129.570711 60.017980
vt 130.269555 63.184299
vt 131.407845 69.002767
vt 134.006842 73.414620
vt 133.891410 79.149201
vt 133.908703 82.040750
vt 133.940062 85.027366
vt 135.367286 87.405242
vt 135.183233 92.406978
vt 136.427082 96.854749
vt 137.689600 101.889730
vt 138.166280 104.479153
vt 139.469502 111.980886
vt 141.187959 122.658394
vt 143.022762 126.929390
vt 144.192347 129.184707
vt 144.108793 136.942248
vt 145.867850 138.757208
vt 146.865778 141.306446
vt 148.417669 149.518703
vt 150.268252 158.044836
vt 151.787306 164.146314
vt 152.582117 168.316506
vt 155.287462 174.240361
vt 155.896137 176.475104
vt 158.653190 181.480761
vt 157.573511 186.032555
vt 159.677656 187.215378
vt 161.716877 191.462273
vt 161.983572 194.515867
vt 163.007513 197.623282
vt 162.588698 200.981831
vt 164.662371 203.307831
vt 166.911924 205.493420
vt 167.480952 210.247253
vt 169.178849 215.447204
vt 167.459017 218.222009
vt 169.328993 220.736660
vt 170.605078 226.073334
vt 172.641966 228.374068
vt 171.729315 234.800620
vt 174.313714 236.750187
vt 173.972537 240.080175
vt 173.462795 243.612534
vt 174.278990 246.582985
vt 176.232548 254.977095
vt 119.977541 3.782803
vt 121.948703 6.164848
vt 121.085997 9.260541
vt 124.985811 18.233767
vt 126.223130 21.603285
vt 127.724206 30.961834
vt 126.141563 34.147164
vt 128.041583 36.766095
vt 129.693929 39.495000
vt 129.477005 47.996380
vt 130.219162 50.994327
vt 132.974911 55.460335
vt 132.342318 58.494953
vt 133.628749 64.131827
vt 136.817567 72.108047
vt 136.660364 75.003789
vt 136.560082 77.875997
vt 136.579809 80.701966
vt 136.678994 83.461223
vt 137.175823 86.066820
vt 137.772463 91.517750
vt 137.840050 94.468940
vt 139.185600 97.373601
vt 140.613325 105.357076
vt 142.080654 112.889393
vt 144.022641 114.789248
vt 143.055830 120.365735
vt 143.552707 122.970587
vt 146.005013 135.925113
vt 148.112733 137.018583
vt 148.587647 139.261756
vt 150.233686 144.999498
vt 151.482051 146.967502
vt 151.976589 152.101243
vt 154.807806 160.480521
vt 156.332327 165.199430
vt 155.398093 167.700898
vt 157.676859 174.238305
vt 158.587380 176.605908
vt 162.041443 188.478174
vt 163.873119 192.520224
vt 164.947076 194.801421
vt 165.415367 200.129252
vt 167.694877 202.532878
vt 168.990716 207.602274
vt 171.363848 212.952711
vt 170.729948 217.984018
vt 172.763155 220.181811
vt 173.543082 225.301628
vt 175.099511 230.313257
vt 176.953688 238.559398
vt 176.538342 244.882372
vt 178.872044 249.905898
vt 123.557376 3.281507
vt 125.331067 5.553689
vt 124.176806 8.439018
vt 128.407076 24.141239
vt 133.609079 33.972122
vt 131.491001 36.809408
vt 130.879890 42.486249
vt 131.747782 45.549532
vt 132.469615 48.640898
vt 133.535581 51.895662
vt 136.007902 54.212491
vt 135.703266 57.680491
vt 137.024323 60.494575
vt 134.536938 60.877051
vt 136.821159 69.156355
vt 139.776046 70.913705
vt 139.575203 73.796367
vt 139.280763 76.697199
vt 139.267126 79.512564
vt 139.362937 82.224320
vt 139.579027 84.861938
vt 140.288354 92.866281
vt 140.964810 95.540021
vt 142.157856 101.188442
vt 142.017814 103.608082
vt 143.149866 105.637869
vt 144.556164 107.730075
vt 146.653640 114.229877
vt 145.512764 121.574203
vt 145.857866 124.104263
vt 148.015758 125.691084
vt 149.137352 128.299179
vt 149.994833 135.140714
vt 150.613917 137.462112
vt 151.486030 142.622957
vt 153.876791 150.326523
vt 154.427177 152.958035
vt 155.008212 155.653414
vt 157.302428 156.156272
vt 157.870065 160.194397
vt 157.072807 162.617391
vt 159.091866 164.633628
vt 158.160625 167.152374
vt 157.188499 169.644152
vt 161.389134 171.350956
vt 163.177059 175.395616
vt 161.182676 177.157363
vt 164.255001 180.915988
vt 161.779903 182.685250
vt 164.802590 186.818437
vt 167.114629 188.577938
vt 167.979132 194.110098
vt 174.586711 213.830476
vt 173.956378 217.256089
vt 176.343197 224.524670
vt 177.181217 235.331717
vt 179.405441 243.286625
vt 179.075257 246.519095
vt 181.472549 248.085136
vt 182.985523 252.818265
vt 127.087058 2.908062
vt 129.446912 15.486331
vt 131.240215 18.542875
vt 130.932459 26.035228
vt 130.822903 29.031708
vt 134.767977 37.327610
vt 132.778207 39.894197
vt 138.935491 53.087033
vt 138.654867 56.135962
vt 139.041984 59.048293
vt 139.489202 62.077808
vt 139.538616 64.994684
vt 139.654519 67.935775
vt 142.893656 72.773427
vt 142.025511 75.686121
vt 141.956638 78.504599
vt 142.058901 81.198854
vt 142.164392 83.814441
vt 142.266719 86.396849
vt 142.699118 89.052196
vt 142.924362 91.511479
vt 142.683134 93.804148
vt 144.108788 103.116387
vt 145.782456 105.237604
vt 147.326052 107.342659
vt 150.664571 126.131563
vt 151.547302 128.582796
vt 151.487625 133.108398
vt 158.323796 147.211510
vt 156.809317 153.842300
vt 160.538167 160.020919
vt 159.974108 162.188718
vt 160.918892 166.667993
vt 162.572575 168.785382
vt 164.063622 170.908524
vt 165.153960 173.305293
vt 165.831150 175.934050
vt 166.454233 178.735386
vt 167.071000 181.730069
vt 167.762025 185.046765
vt 169.860038 187.690803
vt 169.186038 190.903625
vt 170.979484 193.338304
vt 169.663977 196.498197
vt 171.494857 198.977377
vt 173.094928 201.759927
vt 176.101823 207.749142
vt 176.140989 210.999281
vt 177.843640 213.265097
vt 176.099607 219.609931
vt 174.850358 222.397058
vt 182.467443 241.782059
vt 184.911271 243.807750
vt 184.272899 246.832916
vt 183.776389 249.866504
vt 185.949525 251.660459
vt 129.841707 8.672242
vt 131.848771 10.910051
vt 132.140758 13.615541
vt 132.549415 16.336971
vt 134.919257 18.631406
vt 133.623426 24.230339
vt 131.067497 23.339932
vt 133.777251 27.345597
vt 133.878545 30.515892
vt 137.158188 35.115851
vt 137.926808 38.297525
vt 138.730831 41.477324
vt 136.903665 43.943905
vt 139.986389 44.583785
vt 140.019623 50.007175
vt 141.466286 54.953362
vt 141.668380 57.781072
vt 142.034956 60.721423
vt 142.314204 63.704834
vt 142.495467 66.664706
vt 142.679285 69.656877
vt 144.562212 75.228728
vt 144.634875 77.692562
vt 144.774773 80.334835
vt 144.877946 82.981483
vt 144.847898 85.556283
vt 145.852235 90.384974
vt 145.224614 93.210143
vt 146.881037 95.393733
vt 147.200261 100.061644
vt 148.631604 102.073217
vt 148.633478 104.678461
vt 150.010154 107.174626
vt 148.839648 109.596667
vt 150.830254 111.759052
vt 150.581834 116.429512
vt 149.950339 120.952086
vt 152.309305 121.654503
vt 152.596854 124.202408
vt 153.143000 126.612854
vt 154.720059 130.953445
vt 154.289677 133.318767
vt 155.050360 135.986669
vt 155.574151 138.537259
vt 155.978765 141.010652
vt 156.814465 143.360840
vt 158.200776 145.098322
vt 160.960365 150.976595
vt 161.129144 153.536906
vt 161.515847 156.118406
vt 162.330507 158.542344
vt 163.039876 161.339340
vt 161.946516 164.095948
vt 163.700622 166.282116
vt 165.365989 168.466523
vt 166.725824 170.812840
vt 167.708014 173.441257
vt 168.469749 176.211183
vt 169.166930 179.072619
vt 169.885912 181.979550
vt 170.947617 184.589911
vt 172.320782 186.857268
vt 172.339020 189.937919
vt 173.916258 192.832720
vt 175.523647 195.510238
vt 174.519533 198.673773
vt 176.561947 201.306269
vt 174.422292 204.609961
vt 178.792210 209.995681
vt 180.836512 212.378141
vt 179.871637 215.614012
vt 181.573260 224.182822
vt 185.765414 231.828456
vt 184.931383 235.117439
vt 185.635110 240.711649
vt 187.265583 245.870401
vt 189.054465 247.830117
vt 131.936921 5.818318
vt 134.796869 11.701528
vt 134.990821 15.166091
vt 136.447399 25.366540
vt 139.697286 29.965716
vt 139.954403 33.201357
vt 140.966314 39.420046
vt 141.359344 42.149273
vt 144.004660 53.474623
vt 144.328617 56.427128
vt 144.658218 59.378267
vt 144.996771 62.357048
vt 145.283231 65.330376
vt 145.530454 68.274699
vt 145.813608 71.166324
vt 146.497432 73.892964
vt 147.217108 76.715670
vt 147.465970 79.464456
vt 147.619607 82.222133
vt 147.579174 84.973460
vt 149.176397 90.057815
vt 151.525625 92.559700
vt 151.474998 105.086027
vt 152.922024 107.530793
vt 151.888875 114.284108
vt 152.696955 116.518772
vt 154.719040 122.518623
vt 156.289677 129.331458
vt 156.652311 131.824424
vt 160.217800 140.603551
vt 163.624163 144.530967
vt 163.239608 149.735828
vt 165.145161 159.067992
vt 166.173125 161.465883
vt 167.334936 163.691299
vt 168.212103 168.107510
vt 169.389597 170.718039
vt 170.334452 173.476038
vt 171.150212 176.275583
vt 171.938668 179.061119
vt 172.829510 181.733193
vt 173.889310 184.308513
vt 174.732321 187.160313
vt 175.586727 189.900274
vt 176.885603 192.499049
vt 178.185007 194.838207
vt 180.824342 195.611128
vt 179.829659 206.963904
vt 181.991997 209.237021
vt 188.460934 230.740835
vt 188.254753 234.282298
vt 191.130207 242.505330
vt 193.858692 244.409719
vt 134.666250 3.433194
vt 134.722803 6.358740
vt 137.712586 10.952031
vt 138.412128 19.934796
vt 138.944046 23.307799
vt 139.412384 26.678776
vt 143.073819 34.666734
vt 140.410493 36.359714
vt 143.515421 37.911167
vt 143.866054 41.120715
vt 143.198312 44.155114
vt 145.416890 48.704287
vt 146.238228 51.751929
vt 146.831728 54.872719
vt 147.257360 57.948021
vt 147.648044 60.990506
vt 148.008905 64.003492
vt 148.332876 66.971331
vt 148.656314 69.876589
vt 149.099952 72.711303
vt 149.645875 75.565804
vt 150.064620 78.452253
vt 150.308988 81.338453
vt 150.406764 84.258901
vt 153.230272 86.412224
vt 152.088609 89.422025
vt 152.606908 95.500938
vt 151.144934 97.785392
vt 152.841460 100.391430
vt 153.362766 103.089364
vt 155.625155 106.573829
vt 155.377606 108.876218
vt 156.479624 113.621991
vt 156.859894 116.132257
vt 157.016590 121.116373
vt 157.107855 123.502698
vt 157.118656 125.643494
vt 158.358863 127.582401
vt 159.254699 132.213495
vt 159.629051 135.059830
vt 160.597329 137.792638
vt 162.615808 139.940283
vt 161.843541 142.681237
vt 165.821475 146.051253
vt 163.258231 147.109235
vt 165.565141 151.230336
vt 165.756727 154.119646
vt 166.990904 156.772597
vt 168.050885 159.308811
vt 169.650681 165.068180
vt 170.986335 167.866893
vt 172.077948 170.640281
vt 173.017612 173.412681
vt 173.885349 176.162756
vt 174.762303 178.859297
vt 175.705434 181.515101
vt 176.651709 184.238849
vt 177.571363 187.004263
vt 178.640383 189.693029
vt 179.888067 192.426055
vt 182.231715 200.999898
vt 181.354111 204.015842
vt 183.379831 206.117093
vt 185.220468 208.563713
vt 183.883707 211.649773
vt 185.617653 214.187923
vt 186.968997 217.244847
vt 188.062407 220.747293
vt 189.031370 227.736607
vt 190.596235 232.195256
vt 190.139938 237.156240
vt 193.873116 241.771858
vt 194.033058 247.375210
vt 138.357799 3.036107
vt 140.714302 5.661150
vt 139.837547 8.838912
vt 144.082030 22.891719
vt 142.540668 28.003929
vt 145.538859 29.594675
vt 145.752687 33.042847
vt 146.095721 36.409138
vt 146.635025 43.404205
vt 147.816480 46.793938
vt 148.544751 50.011145
vt 149.208119 53.212558
vt 149.757555 56.408717
vt 150.231082 59.559947
vt 150.664716 62.659784
vt 151.057472 65.699916
vt 151.419092 68.672688
vt 151.797038 71.583608
vt 152.217886 74.471402
vt 152.621693 77.369746
vt 152.934084 80.289676
vt 153.138617 83.265396
vt 154.651057 88.940567
vt 154.462391 91.413472
vt 154.717700 93.991948
vt 155.379200 96.648064
vt 155.591266 99.294496
vt 155.630063 101.715593
vt 155.845251 104.149391
vt 157.805575 107.817688
vt 157.522680 109.930582
vt 158.707994 111.955085
vt 159.363054 117.163745
vt 159.334875 119.774655
vt 159.277489 124.965911
vt 160.279443 129.384001
vt 161.870820 131.182612
vt 163.646882 137.536835
vt 164.297116 141.927993
vt 166.208568 143.561395
vt 165.621799 148.603791
vt 167.942091 150.078877
vt 167.681574 152.416257
vt 168.714553 154.503474
vt 169.837833 156.981633
vt 170.894918 159.588481
vt 171.787753 162.376196
vt 172.711288 165.106171
vt 173.802516 167.811143
vt 174.815267 170.535452
vt 175.752207 173.252847
vt 176.657248 175.945519
vt 177.571292 178.617491
vt 178.501550 181.308375
vt 179.446194 184.033544
vt 180.464103 186.757777
vt 181.619601 189.473077
vt 182.832888 192.241815
vt 184.279710 194.713093
vt 182.877233 197.787953
vt 184.712235 199.735029
vt 184.944702 202.741244
vt 186.721902 205.404843
vt 188.368363 208.046565
vt 186.917223 211.175415
vt 188.412447 214.027343
vt 189.699422 217.067330
vt 191.362048 219.605828
vt 190.965419 222.899680
vt 191.324213 226.153440
vt 191.359633 229.350508
vt 193.636420 237.048193
vt 195.578089 239.652313
vt 196.668307 242.609520
vt 144.067140 5.160719
vt 143.113460 8.026394
vt 142.549758 14.420619
vt 144.883763 16.678362
vt 144.366206 19.879847
vt 145.491515 25.896780
vt 148.400434 28.261374
vt 148.483035 31.601849
vt 148.726013 34.926986
vt 149.056682 38.268723
vt 149.413474 41.634245
vt 152.544449 43.326814
vt 150.032480 44.914254
vt 150.859618 48.241636
vt 151.558255 51.534678
vt 152.176974 54.808701
vt 152.728132 58.055400
vt 153.235580 61.257114
vt 153.700840 64.397659
vt 154.113567 67.463853
vt 154.488270 70.455933
vt 154.857368 73.392199
vt 155.224223 76.296754
vt 155.555487 79.185903
vt 155.826287 82.067296
vt 156.069598 84.916631
vt 156.640241 87.600695
vt 157.185311 90.335958
vt 157.289066 92.873790
vt 157.601994 95.482235
vt 157.995813 98.070256
vt 158.169216 100.600308
vt 158.224928 103.044215
vt 160.303206 106.941456
vt 159.760355 109.418158
vt 161.923069 115.568652
vt 161.841455 123.959338
vt 163.630155 126.148849
vt 162.747490 128.666489
vt 164.902995 135.166979
vt 165.377334 139.473065
vt 168.649162 142.237369
vt 168.359136 144.890158
vt 170.238833 148.957872
vt 170.245320 151.891397
vt 171.519180 154.513284
vt 172.659908 157.055062
vt 173.678518 159.687424
vt 174.627191 162.355551
vt 175.606449 165.007782
vt 176.610648 167.669578
vt 177.579394 170.343577
vt 178.513544 173.013549
vt 179.432384 175.675937
vt 180.351894 178.345713
vt 181.287635 181.038990
vt 182.280777 183.745183
vt 183.391578 186.433975
vt 184.638160 189.081411
vt 186.036138 191.610028
vt 187.604329 194.027083
vt 186.031617 196.998609
vt 187.369157 199.669475
vt 188.519025 202.319229
vt 189.999602 204.918085
vt 189.865406 210.788193
vt 191.215895 213.602163
vt 192.564302 216.249587
vt 194.048770 218.443209
vt 194.018490 221.285544
vt 194.124680 224.542083
vt 197.603963 228.607857
vt 198.287500 233.911673
vt 197.048940 237.023704
vt 199.512386 243.854457
vt 146.049896 7.226145
vt 145.924395 9.999841
vt 145.495443 13.287685
vt 148.016472 15.541768
vt 147.562156 19.007917
vt 148.868803 24.960514
vt 151.409061 27.409571
vt 151.351792 30.458809
vt 151.471357 33.618156
vt 151.709477 36.836851
vt 152.053447 40.086170
vt 153.202126 46.587892
vt 153.907187 49.892311
vt 154.560506 53.203840
vt 155.161170 56.504908
vt 155.723898 59.783085
vt 156.257139 63.022117
vt 156.740226 66.196355
vt 157.150075 69.286325
vt 157.508006 72.295008
vt 157.853648 75.234707
vt 158.191733 78.119363
vt 158.506824 80.961715
vt 158.814220 83.760376
vt 159.215293 86.499882
vt 159.701262 89.257064
vt 160.033523 92.079407
vt 159.770749 94.400448
vt 160.447090 96.767847
vt 160.688622 99.428840
vt 160.775850 101.969067
vt 162.899553 106.005181
vt 162.294361 108.569738
vt 163.243520 112.941474
vt 165.850820 121.489108
vt 166.838144 130.150196
vt 169.240339 136.647204
vt 171.257116 138.360053
vt 172.684186 147.755585
vt 172.195078 150.107867
vt 173.189642 152.120517
vt 174.371718 154.450417
vt 175.467802 156.964137
vt 176.486094 159.553414
vt 177.462485 162.171019
vt 178.434826 164.797756
vt 179.401466 167.435111
vt 180.348770 170.078132
vt 181.278099 172.721675
vt 182.197727 175.370958
vt 183.123358 178.037816
vt 184.094061 180.720560
vt 185.174701 183.387242
vt 186.412278 185.995437
vt 187.805244 188.518473
vt 189.318590 190.977602
vt 189.151974 196.537530
vt 190.500798 199.167843
vt 191.805408 201.786020
vt 191.441599 207.595160
vt 192.786923 210.335951
vt 194.088223 213.061264
vt 195.450613 215.776972
vt 196.770471 218.895151
vt 196.903088 222.470115
vt 199.861513 223.643622
vt 197.210481 225.790410
vt 200.136573 236.602116
vt 199.170716 240.131806
vt 202.314919 241.931426
vt 149.020314 8.158663
vt 148.520992 11.984084
vt 151.012615 14.372367
vt 150.601316 17.901822
vt 150.311861 21.596759
vt 151.650332 24.596544
vt 154.289535 26.375091
vt 154.335896 29.425553
vt 154.363956 32.472035
vt 154.471622 35.576654
vt 154.714463 38.730494
vt 155.113257 41.904316
vt 155.653242 45.103448
vt 156.284466 48.350272
vt 159.328673 50.164914
vt 156.936462 51.642709
vt 157.563670 54.952173
vt 158.157685 58.259523
vt 158.730474 61.559058
vt 159.283797 64.833686
vt 159.770485 68.042590
vt 160.155447 71.153194
vt 160.488074 74.162413
vt 160.824978 77.082516
vt 161.164132 79.928584
vt 161.499701 82.726461
vt 161.862464 85.496654
vt 162.260054 88.294206
vt 162.589043 91.285583
vt 162.558503 94.576150
vt 165.861880 99.378489
vt 163.292374 103.422367
vt 164.906876 107.715982
vt 164.123446 110.340520
vt 165.858929 112.201418
vt 164.887794 114.797255
vt 166.378328 119.057211
vt 168.516373 120.871415
vt 169.272476 129.660446
vt 170.023368 134.021009
vt 171.819068 135.769616
vt 170.960152 140.949869
vt 173.226796 142.501517
vt 175.222898 146.839376
vt 174.643102 149.517874
vt 176.011512 151.686920
vt 177.166185 154.176581
vt 178.267457 156.702085
vt 179.288105 159.281621
vt 180.266205 161.891123
vt 181.227009 164.512495
vt 182.175973 167.138549
vt 183.111611 169.766078
vt 184.035290 172.397304
vt 184.955890 175.041925
vt 185.906926 177.704825
vt 186.959454 180.357978
vt 188.181616 182.949357
vt 189.575269 185.458316
vt 191.081228 187.917007
vt 190.863431 193.454859
vt 192.321985 196.009953
vt 193.665457 198.620725
vt 193.147199 204.427788
vt 194.442136 207.129640
vt 195.688345 209.863563
vt 196.924597 212.596855
vt 198.129467 215.339454
vt 199.407307 217.569032
vt 199.600419 220.412676
vt 200.488737 227.261682
vt 201.475001 233.315292
vt 202.928368 235.705081
vt 202.493464 238.774988
vt 150.663145 4.621996
vt 152.330732 7.669297
vt 151.508608 10.920628
vt 153.570367 16.619089
vt 153.358464 19.974408
vt 153.782028 23.151970
vt 157.260317 28.270661
vt 157.372238 31.359170
vt 157.363754 34.424661
vt 157.449835 37.530816
vt 157.736069 40.647300
vt 158.176761 43.773735
vt 158.721747 46.939662
vt 159.957374 53.438325
vt 160.571358 56.732065
vt 161.155315 60.034176
vt 161.733485 63.352231
vt 162.309048 66.671645
vt 162.789972 69.917165
vt 163.135255 73.047804
vt 163.450288 76.049491
vt 163.797896 78.931988
vt 164.149748 81.743126
vt 164.503889 84.530256
vt 164.864534 87.330157
vt 165.176572 90.197088
vt 165.312842 93.242013
vt 165.534317 96.329697
vt 166.006139 102.299949
vt 167.550463 106.913252
vt 166.743444 109.585974
vt 168.520069 111.481236
vt 168.935130 118.413805
vt 171.451435 120.099926
vt 170.389747 122.805505
vt 170.502549 127.269423
vt 173.503832 130.300857
vt 174.247936 134.801698
vt 176.357135 136.139769
vt 173.538983 139.884809
vt 175.747512 141.395977
vt 175.349338 144.107346
vt 177.500698 148.632419
vt 178.718100 151.355070
vt 179.959056 153.802711
vt 181.053936 156.338953
vt 182.068534 158.940265
vt 183.042039 161.562357
vt 183.995471 164.186743
vt 184.935760 166.808082
vt 185.864072 169.428000
vt 186.783816 172.055016
vt 187.717298 174.701438
vt 188.739650 177.348853
vt 189.944524 179.933872
vt 191.344733 182.427762
vt 192.863570 184.872207
vt 192.620042 190.380697
vt 194.109744 192.892256
vt 195.495646 195.463709
vt 194.944263 201.259733
vt 196.180968 203.943234
vt 197.375912 206.671995
vt 198.555382 209.422696
vt 199.743386 212.165814
vt 200.959106 214.868735
vt 201.947340 217.869092
vt 202.778493 221.172961
vt 202.371129 224.548597
vt 202.739469 230.167508
vt 204.930994 233.134132
vt 205.380117 236.911335
vt 208.218721 238.510303
vt 205.427526 240.253580
vt 155.246344 7.475041
vt 154.640927 10.261097
vt 154.071322 13.342898
vt 156.162142 18.684770
vt 156.421072 21.862039
vt 156.903018 25.072597
vt 160.430956 30.179502
vt 160.416733 33.283349
vt 160.253819 36.427115
vt 160.414618 39.532064
vt 160.766435 42.599070
vt 161.228563 45.674772
vt 161.764602 48.800794
vt 162.357926 51.995667
vt 165.381485 53.824585
vt 162.978222 55.244728
vt 163.578061 58.515821
vt 164.141682 61.801164
vt 164.713270 65.134682
vt 165.364257 68.548254
vt 165.810626 71.822396
vt 166.077388 74.976986
vt 166.417626 77.945676
vt 166.776982 80.781780
vt 167.130898 83.575921
vt 167.477551 86.377111
vt 167.799326 89.213962
vt 168.036023 92.112494
vt 168.174637 95.035474
vt 168.376554 98.000741
vt 168.662330 104.113412
vt 169.998961 106.594496
vt 171.201100 110.830414
vt 171.992755 115.320500
vt 173.290256 117.654769
vt 175.074812 125.118186
vt 172.012373 125.004402
vt 176.142966 130.732771
vt 176.479544 133.432739
vt 178.557140 137.502511
vt 179.627478 143.529589
vt 180.193473 148.903144
vt 181.573320 150.826795
vt 182.746853 153.331356
vt 183.819385 155.944103
vt 184.826746 158.581906
vt 185.797832 161.217736
vt 186.748445 163.843365
vt 187.684014 166.460114
vt 188.606730 169.075705
vt 189.527267 171.705608
vt 190.506061 174.353267
vt 191.688263 176.948785
vt 193.112911 179.419835
vt 194.654067 181.841309
vt 194.410909 187.322174
vt 195.914678 189.805539
vt 197.322217 192.338451
vt 196.774860 198.087078
vt 197.973829 200.759661
vt 199.120911 203.482641
vt 200.249100 206.245213
vt 201.396280 209.029913
vt 202.586534 211.832915
vt 203.752604 214.735323
vt 204.773127 217.735578
vt 206.033667 220.497088
vt 205.064483 223.673809
vt 203.934505 226.972336
vt 205.905220 229.479703
vt 207.997276 231.762734
vt 207.932952 235.085330
vt 210.819710 236.607223
vt 157.661215 9.247026
vt 157.297592 12.479537
vt 156.630641 15.500814
vt 158.661252 17.549327
vt 159.004575 20.477692
vt 159.492465 23.663896
vt 163.838913 32.152660
vt 163.075221 35.403793
vt 163.117401 38.532020
vt 163.407121 41.554619
vt 163.806070 44.555140
vt 164.269741 47.575831
vt 164.794654 50.658226
vt 165.997437 57.056256
vt 166.577167 60.299497
vt 167.101694 63.528150
vt 167.598045 66.858902
vt 168.628517 70.450844
vt 168.729179 73.875526
vt 169.035012 76.951362
vt 169.396539 79.827244
vt 169.748600 82.626784
vt 170.091940 85.421163
vt 170.418489 88.237198
vt 170.698708 91.085631
vt 170.903483 93.960950
vt 171.068626 96.835239
vt 171.213873 99.691248
vt 171.257366 102.482195
vt 171.783300 105.196109
vt 172.384239 108.121970
vt 173.648917 110.540262
vt 175.887816 117.452158
vt 178.156082 128.912531
vt 178.487948 131.710611
vt 180.782495 135.821212
vt 181.321848 141.456936
vt 182.197597 144.306688
vt 182.846767 147.478952
vt 184.311740 150.225701
vt 185.499778 152.911419
vt 186.565836 155.579059
vt 187.569928 158.235246
vt 188.542581 160.872171
vt 189.493497 163.490526
vt 190.424766 166.099906
vt 191.341596 168.714470
vt 192.273076 171.350396
vt 193.376715 173.974109
vt 194.842390 176.421047
vt 196.458699 178.809648
vt 196.217196 184.285471
vt 197.739692 186.748109
vt 199.162630 189.246004
vt 198.611374 194.929625
vt 199.794139 197.581083
vt 200.903047 200.290529
vt 201.980747 203.050595
vt 203.075297 205.849342
vt 204.228753 208.680213
vt 205.449565 211.560959
vt 206.706174 214.471882
vt 207.778600 217.332700
vt 208.128175 222.928787
vt 207.176878 226.085268
vt 209.028966 228.391874
vt 210.576849 230.648128
vt 210.680025 233.484894
vt 160.446291 8.108857
vt 161.273558 18.557589
vt 161.936968 21.961093
vt 162.575357 25.314634
vt 163.245368 28.694420
vt 165.687386 34.867362
vt 165.814516 37.641889
vt 166.076060 40.586657
vt 166.434466 43.540090
vt 166.847003 46.488031
vt 167.302100 49.460021
vt 167.814133 52.504808
vt 168.394226 55.657053
vt 169.015400 58.881552
vt 169.584865 62.072802
vt 169.966700 65.175492
vt 170.121907 68.054118
vt 171.990047 70.190766
vt 171.539774 73.024301
vt 171.709599 75.999317
vt 172.037653 78.876848
vt 172.369945 81.675148
vt 172.703297 84.463522
vt 173.047029 87.265271
vt 173.363703 90.078787
vt 173.610550 92.910480
vt 173.802244 95.766461
vt 173.966925 98.627441
vt 174.066091 101.427372
vt 176.745246 103.737774
vt 174.705051 106.134148
vt 175.418921 108.931908
vt 177.201022 119.794230
vt 180.265444 126.653204
vt 182.865682 131.259536
vt 180.716215 132.883796
vt 183.084771 137.087992
vt 183.013912 139.559984
vt 184.876861 144.591567
vt 185.921192 147.288797
vt 187.149024 149.922957
vt 188.268669 152.581301
vt 189.303088 155.251418
vt 190.304158 157.903546
vt 191.286403 160.521696
vt 192.237967 163.122464
vt 193.161586 165.725859
vt 194.071640 168.339475
vt 195.048412 170.967943
vt 196.482819 173.455445
vt 198.218594 175.849058
vt 198.029192 181.267526
vt 199.570213 183.724428
vt 201.013226 186.193238
vt 200.458883 191.799019
vt 201.631905 194.418518
vt 202.711763 197.103113
vt 203.743255 199.844542
vt 204.779567 202.633345
vt 205.875333 205.460425
vt 207.068239 208.325693
vt 208.375194 211.256752
vt 210.688826 217.885124
vt 210.958946 221.373178
vt 210.693218 225.049630
vt 212.132733 228.244885
vt 213.195094 231.422070
vt 213.640108 234.515907
vt 160.497312 5.363944
vt 163.555572 9.879346
vt 165.893600 15.146955
vt 166.556850 18.204176
vt 164.211370 20.044904
vt 164.928605 23.416107
vt 165.741152 26.798200
vt 169.063384 28.012083
vt 167.687098 33.179360
vt 168.402465 36.435787
vt 168.727384 39.538897
vt 169.074802 42.538681
vt 169.464744 45.483669
vt 169.880648 48.399059
vt 170.324141 51.330567
vt 170.817241 54.344741
vt 171.400970 57.490484
vt 174.394570 59.337258
vt 172.039959 60.735969
vt 172.537447 63.980671
vt 172.613571 67.138028
vt 175.036289 69.270571
vt 174.619372 72.235190
vt 174.542637 75.085626
vt 174.754469 77.917617
vt 175.027937 80.710819
vt 175.305202 83.484155
vt 175.659418 86.280045
vt 176.066248 89.062464
vt 176.347806 91.843396
vt 176.519698 94.688250
vt 176.674433 97.584293
vt 176.797133 100.556504
vt 178.059642 109.909098
vt 180.153040 115.341043
vt 181.875532 120.669112
vt 182.773804 128.303954
vt 185.135636 132.686335
vt 187.593380 136.549939
vt 185.468820 138.811788
vt 186.599014 141.748355
vt 187.694823 144.448997
vt 188.860289 147.016636
vt 189.994673 149.617520
vt 191.020534 152.276942
vt 192.011858 154.954802
vt 193.039719 157.566137
vt 194.041150 160.134719
vt 194.984967 162.729337
vt 195.902110 165.334572
vt 196.823585 167.938674
vt 197.969812 170.530471
vt 199.782963 173.037453
vt 199.902406 178.277216
vt 201.430367 180.724030
vt 202.823428 183.178134
vt 202.322575 188.702207
vt 203.489395 191.279767
vt 204.544992 193.931363
vt 205.536791 196.642485
vt 206.516925 199.403748
vt 207.545466 202.207600
vt 208.679326 205.041357
vt 209.939072 207.877922
vt 211.255453 210.663019
vt 212.648054 212.946719
vt 212.965970 215.860301
vt 213.560485 219.189885
vt 216.741369 220.460932
vt 216.134576 232.283112
vt 163.140622 6.532789
vt 167.961430 24.705861
vt 170.579980 31.381874
vt 170.832353 34.964624
vt 171.275839 38.324244
vt 171.677132 41.468578
vt 172.079754 44.484071
vt 172.488302 47.416570
vt 172.908019 50.304377
vt 173.345122 53.194506
vt 173.827721 56.164387
vt 175.019286 62.706156
vt 175.315382 66.082523
vt 177.733503 71.250053
vt 177.535388 74.122594
vt 177.583757 76.936663
vt 177.758247 79.733934
vt 177.967161 82.487729
vt 178.175512 85.203570
vt 178.749132 87.973626
vt 179.212453 90.658806
vt 179.281579 93.511724
vt 179.361769 96.420991
vt 179.472283 99.355561
vt 179.577016 102.309091
vt 179.871678 105.184650
vt 184.311535 122.198877
vt 187.489045 128.545812
vt 187.764079 131.517181
vt 189.342503 134.174612
vt 188.257394 139.162428
vt 192.220099 141.182014
vt 190.600377 144.145892
vt 191.774243 146.696136
vt 192.824995 149.349632
vt 193.695979 152.044239
vt 194.696289 154.658851
vt 195.803728 157.112458
vt 196.797848 159.695131
vt 197.738382 162.321642
vt 198.672927 164.940959
vt 199.625525 167.562479
vt 201.006287 170.244428
vt 201.794442 175.369549
vt 203.434509 177.791669
vt 204.907251 180.316215
vt 204.178597 185.681143
vt 205.379617 188.155233
vt 206.407039 190.780113
vt 207.363924 193.458211
vt 208.294890 196.183136
vt 209.254687 198.953730
vt 210.311266 201.766136
vt 211.533752 204.606367
vt 212.952471 207.432354
vt 218.659048 229.653952
vt 166.057709 7.478457
vt 168.198264 13.328644
vt 169.043051 16.402651
vt 167.207979 21.399156
vt 170.104392 22.553066
vt 172.710074 23.531788
vt 174.334245 25.787627
vt 173.496154 33.926228
vt 173.790638 37.146298
vt 174.235369 40.339185
vt 174.673078 43.439386
vt 175.096096 46.439618
vt 175.503178 49.347432
vt 175.942691 52.203331
vt 176.414495 55.032828
vt 176.836809 57.961150
vt 177.346560 61.171081
vt 180.284123 62.905876
vt 177.916759 64.662962
vt 178.056624 68.077740
vt 180.625412 73.140742
vt 180.538594 75.963993
vt 180.592866 78.762272
vt 180.734685 81.532650
vt 180.859484 84.226971
vt 180.825985 86.692189
vt 182.303427 89.138978
vt 182.146759 92.207055
vt 182.061423 95.167603
vt 182.116328 98.102806
vt 182.267971 101.007758
vt 185.120000 102.558942
vt 185.768638 108.177684
vt 187.096029 120.375864
vt 189.953022 127.180421
vt 189.587147 129.664642
vt 192.106256 134.524400
vt 190.778438 139.277499
vt 193.530454 143.745660
vt 194.693013 146.506026
vt 195.684739 149.346879
vt 196.145030 151.955433
vt 197.448033 153.925680
vt 198.548441 156.562016
vt 199.551656 159.262013
vt 200.517503 161.944161
vt 201.498399 164.626933
vt 202.471416 167.346103
vt 203.585083 169.864859
vt 203.417491 172.584075
vt 205.453201 175.200699
vt 205.726641 182.841569
vt 207.234309 184.834889
vt 208.314000 187.593488
vt 209.229200 190.293285
vt 210.119249 192.986645
vt 211.018204 195.717393
vt 211.983731 198.495115
vt 213.090050 201.321222
vt 214.429166 204.209295
vt 216.188098 207.225127
vt 214.291779 210.289294
vt 215.984249 216.925384
vt 215.989046 223.655989
vt 219.861792 226.390031
vt 171.130709 14.327513
vt 172.652975 20.775015
vt 174.338477 31.053420
vt 176.242471 33.303450
vt 176.404671 36.072299
vt 176.795316 39.170193
vt 177.252849 42.320632
vt 177.700529 45.413449
vt 178.090082 48.371128
vt 178.419983 51.203651
vt 178.987759 54.039048
vt 179.533935 56.780131
vt 179.826315 59.687841
vt 181.031866 66.597731
vt 180.800250 70.102392
vt 183.600691 75.033190
vt 183.541600 77.818807
vt 183.585744 80.615160
vt 183.654694 83.418592
vt 183.467650 86.272458
vt 185.190649 91.077807
vt 184.834954 93.939747
vt 184.701859 96.836664
vt 184.833823 99.717062
vt 188.252372 110.141220
vt 189.303813 115.575612
vt 189.816354 118.718180
vt 189.999719 121.563905
vt 192.556817 126.158368
vt 192.049302 129.118951
vt 193.565025 131.655712
vt 194.837331 134.642303
vt 198.220796 140.533204
vt 196.467698 143.599151
vt 197.604877 146.778591
vt 198.570088 150.266349
vt 200.101346 153.274874
vt 201.281280 156.147532
vt 202.334191 158.922509
vt 203.345495 161.684712
vt 204.361642 164.540010
vt 205.353681 167.516715
vt 206.095260 170.539630
vt 209.233374 174.670018
vt 207.065766 177.703038
vt 208.322692 181.114171
vt 210.040921 184.193483
vt 211.113848 187.102308
vt 211.991938 189.817601
vt 212.846760 192.516797
vt 213.736877 195.253017
vt 214.723926 198.027562
vt 215.868809 200.812033
vt 217.212722 203.520786
vt 218.802927 205.613088
vt 217.171150 210.858401
vt 218.129954 214.315426
vt 219.096151 217.634351
vt 220.315630 220.664664
vt 218.602951 223.419032
vt 221.641762 223.600934
vt 224.706927 224.422482
vt 175.367825 22.824963
vt 175.942371 28.354666
vt 178.111326 31.211138
vt 179.337497 37.821384
vt 179.807981 41.061959
vt 180.304899 44.275595
vt 180.769298 47.383904
vt 180.881216 50.126180
vt 180.812868 52.800558
vt 182.198116 55.247468
vt 182.574450 58.436602
vt 182.860896 61.339972
vt 183.254356 64.255910
vt 184.080944 66.817975
vt 183.746634 69.301321
vt 183.718699 72.233456
vt 186.583609 76.906656
vt 186.530519 79.707864
vt 186.521966 82.539733
vt 186.398288 85.416763
vt 185.831886 88.294973
vt 187.815907 92.971346
vt 187.302109 95.656747
vt 187.267598 98.432817
vt 187.936273 103.968754
vt 190.420959 104.822334
vt 190.344508 112.395661
vt 192.664651 120.051070
vt 192.747934 123.038690
vt 196.302777 131.589101
vt 196.289047 137.584767
vt 199.378827 143.939501
vt 200.473655 147.157917
vt 201.645419 150.180613
vt 202.925645 153.080490
vt 204.093222 155.915893
vt 205.178910 158.728958
vt 206.213151 161.631259
vt 207.223895 164.725581
vt 208.143892 167.975353
vt 209.050246 171.210136
vt 210.418307 177.955049
vt 211.709637 181.023847
vt 212.960938 183.935235
vt 213.899287 186.673340
vt 214.739402 189.361598
vt 215.578202 192.070259
vt 216.478848 194.817019
vt 217.511717 197.571333
vt 218.719015 200.268115
vt 220.141704 202.877139
vt 221.658938 205.757042
vt 219.248735 208.424600
vt 172.804312 9.247826
vt 176.183101 13.494362
vt 175.896865 16.672492
vt 175.524636 19.667319
vt 177.828101 25.296268
vt 181.818588 36.277002
vt 182.279573 39.591760
vt 185.253551 41.331776
vt 182.880020 42.966882
vt 183.397551 46.289761
vt 183.763800 49.810984
vt 184.728343 53.590463
vt 185.106781 57.019509
vt 185.598557 60.163264
vt 186.011124 63.053950
vt 186.476960 65.803065
vt 186.759730 68.624561
vt 186.778730 71.358096
vt 186.700230 74.131438
vt 189.550147 78.817710
vt 189.468400 81.663249
vt 189.353343 84.553986
vt 189.022618 87.448752
vt 188.443316 90.256158
vt 190.187281 94.957421
vt 189.404841 97.235745
vt 190.072994 99.609087
vt 190.418861 102.231560
vt 192.928825 103.647196
vt 193.697575 111.871137
vt 195.106561 118.249129
vt 198.016733 123.926821
vt 199.860984 126.262485
vt 199.215058 131.628664
vt 200.389873 134.230557
vt 201.887059 136.567072
vt 200.696912 138.996900
vt 201.354599 141.466557
vt 202.374503 144.335068
vt 203.445664 147.268013
vt 204.607002 150.136724
vt 205.803164 152.973370
vt 206.974038 155.802847
vt 208.078482 158.699931
vt 209.095960 161.773219
vt 210.079566 165.052022
vt 210.997522 168.419374
vt 211.800331 171.815675
vt 212.615506 175.007368
vt 213.676631 178.011394
vt 214.823929 180.832959
vt 215.821833 183.572631
vt 216.688437 186.257109
vt 217.504109 188.950695
vt 218.333536 191.689931
vt 219.290037 194.458261
vt 220.414196 197.166865
vt 221.660506 199.828563
vt 222.980059 202.479105
vt 220.107274 211.718527
vt 223.106235 212.295823
vt 224.345213 215.365749
vt 225.980258 218.559600
vt 175.998829 10.293860
vt 181.561596 17.380749
vt 181.309753 20.530440
vt 181.033692 23.715129
vt 181.132061 26.796791
vt 184.082625 28.597994
vt 184.179125 31.680230
vt 184.379904 34.777403
vt 184.735334 37.988783
vt 186.158899 44.952170
vt 186.379865 48.531857
vt 186.871444 51.971620
vt 187.483049 55.457705
vt 188.115214 58.815686
vt 188.680979 61.944124
vt 189.159577 64.845823
vt 189.521563 67.661637
vt 189.724106 70.452229
vt 189.749692 73.231269
vt 189.659565 76.012888
vt 192.601277 77.936740
vt 192.471843 80.790826
vt 192.323425 83.696861
vt 192.074626 86.643375
vt 191.627588 89.558986
vt 194.127825 91.848813
vt 193.199490 94.682876
vt 194.673350 97.340809
vt 195.792220 99.784142
vt 197.240539 107.189923
vt 196.566226 110.281086
vt 199.320199 111.360698
vt 197.447836 116.169523
vt 198.849484 121.595190
vt 202.860247 126.316758
vt 202.220984 131.707562
vt 204.737815 135.989794
vt 203.417347 138.897879
vt 204.407417 141.558795
vt 205.339909 144.458870
vt 206.403458 147.285111
vt 207.503807 150.104435
vt 208.693106 152.941419
vt 209.921397 155.786561
vt 211.012179 158.788137
vt 211.983234 162.027758
vt 212.945613 165.378775
vt 213.887877 168.722992
vt 214.788478 171.945966
vt 215.736467 174.967678
vt 216.759929 177.799345
vt 217.764740 180.530094
vt 218.681257 183.210620
vt 219.514380 185.896306
vt 220.297057 188.633743
vt 221.131926 191.454999
vt 222.369436 194.226055
vt 223.608096 196.852280
vt 224.660488 199.576030
vt 224.893459 204.618853
vt 224.004410 207.175861
vt 228.011960 209.524216
vt 229.169504 212.300361
vt 227.360658 215.198145
vt 229.185455 219.926823
vt 226.776184 222.135649
vt 184.032677 25.498904
vt 187.710540 39.574594
vt 188.254701 42.627443
vt 189.184080 45.222115
vt 189.073776 47.750124
vt 189.472360 50.864637
vt 189.981189 54.103930
vt 190.575182 57.400107
vt 191.209695 60.631454
vt 191.785320 63.711689
vt 192.239423 66.647610
vt 192.555292 69.498247
vt 192.707921 72.313386
vt 192.703131 75.119034
vt 195.502037 79.918891
vt 195.326030 82.834695
vt 195.080252 85.807703
vt 194.695916 88.827394
vt 196.462796 94.438889
vt 197.485536 97.696437
vt 198.429342 103.977172
vt 199.005713 108.882614
vt 199.804064 114.159297
vt 201.146741 119.989642
vt 204.890018 123.766387
vt 205.934342 126.723615
vt 207.091215 129.671237
vt 205.355106 132.539180
vt 207.411206 135.174050
vt 206.537998 138.555395
vt 207.254621 141.751354
vt 208.301827 144.533416
vt 209.305482 147.302948
vt 210.297831 150.146342
vt 211.660916 152.924621
vt 212.945584 155.718571
vt 213.929305 158.976896
vt 214.877080 162.322979
vt 215.838950 165.631685
vt 216.806847 168.838815
vt 217.765685 171.884314
vt 218.736601 174.759024
vt 219.722839 177.516996
vt 220.691347 180.217690
vt 221.592558 182.911904
vt 222.386346 185.654738
vt 223.109741 188.483916
vt 224.061387 191.413527
vt 225.963158 194.039441
vt 225.734615 202.067257
vt 231.555691 217.683052
vt 181.662264 14.305265
vt 184.682503 13.396262
vt 184.398936 19.305127
vt 184.145327 22.410720
vt 186.993509 27.377482
vt 187.051593 30.438072
vt 187.110864 33.423536
vt 190.443878 37.944874
vt 190.857994 40.999085
vt 191.460570 43.913231
vt 191.927065 46.869898
vt 192.244708 49.804130
vt 192.689833 52.867492
vt 193.177380 56.024383
vt 193.733364 59.229389
vt 194.330233 62.408700
vt 194.873440 65.487350
vt 195.298999 68.453886
vt 195.570109 71.344277
vt 195.672440 74.198888
vt 195.630735 77.048215
vt 198.342444 81.967851
vt 198.095192 84.952135
vt 197.722072 87.992834
vt 197.171609 91.109677
vt 199.613059 93.223967
vt 200.471114 98.440939
vt 201.126597 101.369950
vt 203.968071 102.477869
vt 201.521481 104.108537
vt 202.744268 114.911390
vt 203.509519 117.828172
vt 208.959929 127.128458
vt 210.213754 129.829357
vt 210.212559 134.533209
vt 210.280835 141.882860
vt 211.270222 144.594955
vt 212.118811 147.491921
vt 212.837652 150.294394
vt 214.856245 152.327724
vt 215.878040 155.879881
vt 216.836854 159.282947
vt 217.792222 162.579537
vt 218.758932 165.751791
vt 219.728841 168.784181
vt 220.695124 171.685680
vt 221.668538 174.490499
vt 222.667673 177.247909
vt 223.681593 179.991465
vt 224.587544 182.758679
vt 225.290305 185.618328
vt 225.887701 188.525887
vt 226.685658 191.128504
vt 226.887132 197.077571
vt 230.029451 197.823176
vt 226.784333 206.778226
vt 231.063021 209.482387
vt 230.493485 214.947738
vt 187.701555 14.979350
vt 187.562936 18.059925
vt 187.292503 21.174145
vt 190.167980 23.068891
vt 189.993299 26.235646
vt 190.000589 29.362206
vt 190.112665 32.552710
vt 189.734311 35.216803
vt 193.486749 39.157346
vt 194.040346 42.396764
vt 194.524170 45.475449
vt 195.003250 48.550313
vt 195.495939 51.598509
vt 195.939655 54.682269
vt 196.373356 57.839496
vt 196.886475 61.029868
vt 197.443454 64.192687
vt 197.951825 67.277299
vt 198.333494 70.274879
vt 198.547339 73.210237
vt 198.593226 76.117859
vt 198.509803 79.028901
vt 201.111060 84.093661
vt 200.772042 87.141296
vt 200.260812 90.208516
vt 202.694130 92.563402
vt 204.879882 95.146790
vt 203.782153 98.766140
vt 206.610928 104.114025
vt 204.370539 109.497242
vt 207.132703 110.482555
vt 209.828463 118.912121
vt 210.529180 122.018571
vt 211.335159 124.964135
vt 211.781549 127.528457
vt 211.829693 132.423932
vt 213.086718 135.660209
vt 216.118078 142.360027
vt 214.775435 148.435340
vt 217.290106 149.561703
vt 217.926615 152.995619
vt 218.840231 156.329868
vt 219.788043 159.576973
vt 220.746475 162.707685
vt 221.707117 165.713031
vt 222.659807 168.609578
vt 223.609684 171.438106
vt 224.590055 174.246824
vt 225.653398 177.074896
vt 226.817689 179.929316
vt 227.661624 182.853821
vt 228.155094 185.952409
vt 228.683488 188.977533
vt 229.067966 192.087490
vt 229.556026 194.927267
vt 232.560529 198.749020
vt 230.555088 201.002771
vt 231.717057 203.895571
vt 233.121162 206.769585
vt 234.149852 209.714947
vt 234.957795 212.623221
vt 233.657070 215.000815
vt 190.764484 16.621558
vt 190.561412 19.826169
vt 193.403179 21.797585
vt 193.073383 25.068440
vt 192.934395 28.311095
vt 192.977716 31.698983
vt 192.824248 35.410799
vt 197.144059 43.857484
vt 197.599432 47.020214
vt 198.271286 50.208900
vt 198.827527 53.312893
vt 199.146519 56.477810
vt 199.536146 59.662248
vt 200.023987 62.842728
vt 200.546060 65.991750
vt 201.003866 69.083153
vt 201.319144 72.113321
vt 201.459911 75.101575
vt 201.444210 78.078558
vt 201.321088 81.072966
vt 203.817029 86.304204
vt 203.350692 89.416437
vt 207.987844 94.143122
vt 207.071359 97.426816
vt 209.490211 102.371942
vt 206.759410 107.345585
vt 209.750646 112.011869
vt 214.905732 132.450007
vt 216.468708 135.179267
vt 218.267938 137.332104
vt 218.457125 140.112584
vt 216.774196 145.930238
vt 220.111204 150.301347
vt 220.929856 153.508511
vt 221.843858 156.648328
vt 222.787835 159.708927
vt 223.738272 162.672331
vt 224.676660 165.548502
vt 225.595289 168.373732
vt 226.516850 171.195515
vt 227.507409 174.055289
vt 228.676827 177.001290
vt 230.248711 180.081673
vt 230.591679 183.588511
vt 230.937326 186.771709
vt 231.281477 189.823890
vt 232.004347 192.852424
vt 233.114691 195.794589
vt 233.748659 201.239747
vt 235.118813 204.035875
vt 236.596591 207.129175
vt 236.916490 210.874637
vt 196.291270 20.151338
vt 196.408787 23.506651
vt 195.909741 27.146112
vt 195.870789 30.467105
vt 195.886400 33.879499
vt 196.146155 37.307130
vt 199.398123 38.993854
vt 196.656591 40.652331
vt 200.198024 45.316952
vt 200.649944 48.492118
vt 201.875137 51.833761
vt 202.024625 55.165508
vt 202.296503 58.363423
vt 202.684205 61.525210
vt 203.152769 64.674214
vt 203.622817 67.804902
vt 204.001680 70.904978
vt 204.224359 73.972304
vt 204.277338 77.022191
vt 204.200360 80.086801
vt 204.060830 83.192793
vt 206.783344 85.387322
vt 206.473905 88.569066
vt 208.902338 90.921592
vt 210.244638 96.281721
vt 215.115787 114.593539
vt 216.894521 123.725205
vt 216.493259 129.357181
vt 218.155235 132.154538
vt 221.106512 141.313252
vt 221.420670 144.637400
vt 222.210225 147.735143
vt 223.066039 150.770692
vt 223.958842 153.782788
vt 224.885562 156.755849
vt 225.826097 159.667755
vt 226.757454 162.517745
vt 227.659478 165.329333
vt 228.530370 168.138936
vt 229.412558 170.977032
vt 230.398449 173.830646
vt 231.582452 176.625594
vt 233.563710 178.785615
vt 233.481607 184.978195
vt 233.651409 187.997466
vt 233.660235 190.692516
vt 235.078350 192.913047
vt 235.375499 198.253841
vt 236.957983 201.006140
vt 238.432990 203.826413
vt 238.865173 208.996586
vt 193.512153 18.421896
vt 199.546134 23.409874
vt 198.840202 26.102324
vt 198.779565 29.332205
vt 198.876164 32.574206
vt 199.047620 35.781503
vt 199.842932 42.181404
vt 203.176358 46.704173
vt 203.370033 49.440773
vt 205.063632 54.162824
vt 205.167700 57.216697
vt 205.453342 60.310063
vt 205.840343 63.407951
vt 206.263521 66.515494
vt 206.644930 69.631190
vt 206.910566 72.745514
vt 207.017605 75.851403
vt 206.973028 78.960821
vt 206.845146 82.122541
vt 209.736931 87.590344
vt 212.135435 90.343957
vt 211.231465 93.334367
vt 213.617136 95.692781
vt 215.019951 108.354481
vt 217.944147 115.608700
vt 219.191538 121.273073
vt 218.171536 126.584535
vt 219.836403 129.308060
vt 221.528974 131.978021
vt 221.384042 137.863317
vt 223.822759 140.050746
vt 224.198042 145.268592
vt 226.095403 150.935109
vt 227.022636 153.827967
vt 227.960673 156.694092
vt 228.890564 159.525795
vt 229.795785 162.336598
vt 230.655592 165.141178
vt 231.469394 167.966822
vt 232.312475 170.811697
vt 233.358491 173.562799
vt 234.315760 175.940556
vt 236.555436 177.213006
vt 233.288620 181.829175
vt 236.298590 186.714360
vt 236.135880 189.859423
vt 236.801929 195.282238
vt 238.632721 197.890448
vt 240.250474 200.716202
vt 241.833487 203.532090
vt 240.070888 206.382020
vt 201.889345 25.275094
vt 201.672468 28.296059
vt 201.766898 31.412004
vt 202.000057 34.524020
vt 202.334431 37.609899
vt 202.699872 40.671906
vt 202.981470 43.723261
vt 205.495705 51.344354
vt 208.155788 56.219843
vt 208.327335 59.217624
vt 208.640641 62.239566
vt 208.994962 65.284452
vt 209.324723 68.362874
vt 209.573802 71.475906
vt 209.699602 74.608422
vt 209.681047 77.738230
vt 212.228245 79.620150
vt 211.986387 82.644855
vt 211.677168 85.419890
vt 215.461514 89.830420
vt 214.550998 92.777825
vt 215.338482 101.925384
vt 220.505777 116.570450
vt 221.633022 126.606825
vt 223.120931 134.686746
vt 224.823960 137.239389
vt 226.838522 139.760519
vt 227.106263 145.270445
vt 228.192096 148.042367
vt 229.153135 150.897967
vt 230.120041 153.738441
vt 231.056587 156.559962
vt 231.966465 159.405602
vt 232.858894 162.234290
vt 233.673537 165.071188
vt 234.405081 167.937808
vt 235.198603 170.848867
vt 236.610076 173.771559
vt 236.274562 180.401848
vt 236.228005 183.537129
vt 239.025564 185.417457
vt 238.948184 188.836638
vt 238.284243 192.144048
vt 240.210778 194.692051
vt 241.958653 197.579380
vt 243.513502 200.525050
vt 202.149712 22.313529
vt 204.616003 27.341009
vt 204.651547 30.304320
vt 204.842464 33.308317
vt 205.255325 36.347482
vt 205.699001 39.345344
vt 205.934004 42.350873
vt 206.013345 45.385044
vt 208.852683 47.286379
vt 208.623773 50.341113
vt 211.167428 55.234477
vt 211.248258 58.190652
vt 211.534885 61.149710
vt 211.846505 64.134296
vt 212.111399 67.155220
vt 212.289481 70.226906
vt 215.101274 72.130166
vt 212.372094 73.352957
vt 212.356730 76.502408
vt 214.672837 81.583384
vt 216.984812 83.673605
vt 216.346867 86.814270
vt 218.601258 88.985546
vt 217.828841 92.111433
vt 220.921339 110.799244
vt 220.732596 113.826231
vt 221.972656 118.953947
vt 224.735183 120.997569
vt 227.205047 123.439585
vt 226.605207 129.088363
vt 227.960370 137.025189
vt 229.867673 139.514220
vt 228.665270 142.405955
vt 230.219280 145.108785
vt 231.247119 147.908986
vt 232.249016 150.823485
vt 233.262709 153.572112
vt 234.123860 156.528335
vt 235.068075 159.414763
vt 235.969514 162.297273
vt 236.722692 165.204890
vt 237.300521 168.126356
vt 237.755109 170.851861
vt 239.269483 175.604703
vt 239.146516 178.914704
vt 241.670018 191.216839
vt 243.565784 194.430318
vt 245.310471 197.336429
vt 207.471830 26.342726
vt 207.576509 29.253823
vt 207.648142 32.104720
vt 207.946305 35.076741
vt 208.700927 38.068001
vt 209.039883 41.053552
vt 208.952680 44.168416
vt 211.622335 49.329171
vt 211.390203 52.292263
vt 214.156221 54.219969
vt 214.100942 57.141371
vt 214.454951 60.043536
vt 214.785815 63.012361
vt 215.034615 66.015579
vt 215.134934 69.042417
vt 217.982316 70.978444
vt 217.696371 74.105993
vt 217.517317 77.303091
vt 214.893106 78.459598
vt 219.703064 82.550029
vt 220.307139 94.376761
vt 222.992697 96.661043
vt 222.704168 105.466785
vt 223.663150 112.365592
vt 226.069869 114.531041
vt 228.728002 131.616612
vt 231.678952 133.424556
vt 232.803328 138.987154
vt 231.747779 142.148738
vt 233.937912 148.105094
vt 235.645781 150.406346
vt 236.223206 153.730332
vt 237.217513 156.657165
vt 238.217837 159.584063
vt 239.160780 162.598904
vt 239.758045 165.717980
vt 240.088575 169.021875
vt 242.035609 174.116596
vt 241.897791 177.448807
vt 241.875163 183.995987
vt 244.629623 185.870032
vt 243.974196 188.920791
vt 245.278797 191.529314
vt 247.048477 194.404675
vt 210.171761 28.043001
vt 210.846085 31.203123
vt 210.225726 33.763204
vt 211.244781 36.437578
vt 212.371939 39.660650
vt 211.958511 43.000123
vt 211.731663 46.216813
vt 217.378347 53.558887
vt 216.678013 56.072861
vt 217.331774 58.708972
vt 217.714221 61.768074
vt 218.036931 64.877602
vt 218.163124 67.942079
vt 220.487929 73.021954
vt 222.643742 78.000754
vt 222.401131 81.281517
vt 222.048974 84.605020
vt 224.433981 86.663238
vt 225.907281 99.197478
vt 227.247528 102.639493
vt 227.507608 108.268016
vt 229.213078 113.561171
vt 233.314956 124.237782
vt 232.912124 127.403171
vt 232.375506 130.441251
vt 234.795611 132.575397
vt 236.628219 135.105937
vt 235.569878 138.221885
vt 237.123842 143.517399
vt 236.579582 146.768465
vt 239.066216 148.612239
vt 239.301016 153.936049
vt 240.351744 156.807221
vt 241.396442 159.869748
vt 242.482207 166.945367
vt 244.446849 173.055895
vt 244.564582 175.986834
vt 247.591966 180.842816
vt 250.500344 181.999237
vt 246.861634 188.345218
vt 249.896296 188.175782
vt 248.640038 191.362258
vt 212.665416 29.393590
vt 213.185152 34.064828
vt 214.479430 36.915740
vt 215.092418 42.308991
vt 217.586515 44.756813
vt 219.889378 56.580652
vt 220.488499 60.188153
vt 220.930273 63.553523
vt 221.305139 66.880178
vt 221.157787 69.994289
vt 223.550979 72.504578
vt 222.512774 75.128508
vt 225.041524 79.815863
vt 224.768437 83.292343
vt 230.411869 103.903990
vt 230.729121 107.303821
vt 238.062824 137.471177
vt 237.744408 140.321938
vt 239.791034 145.373080
vt 242.602157 147.564471
vt 241.103831 150.909213
vt 242.361242 153.880196
vt 243.472344 156.908227
vt 244.576752 159.920913
vt 248.904304 168.679649
vt 251.385180 185.209486
vt 214.409785 31.636668
vt 217.374654 37.242451
vt 219.618911 47.455066
vt 221.469973 50.043211
vt 223.672336 52.414125
vt 223.036234 55.482148
vt 223.210188 58.639912
vt 223.672028 61.973510
vt 224.127494 65.432453
vt 224.691357 69.165056
vt 225.233377 76.024515
vt 228.262704 75.596448
vt 227.644664 78.662801
vt 229.730074 87.247078
vt 233.363170 105.622832
vt 235.585661 112.460997
vt 237.612520 121.002792
vt 238.395639 126.596545
vt 239.727250 129.592981
vt 239.632317 135.236932
vt 240.281747 141.893501
vt 242.670760 143.729296
vt 245.306692 145.243613
vt 244.177392 150.889288
vt 245.480749 153.990961
vt 246.660453 156.962027
vt 247.887100 159.810439
vt 249.221976 162.633871
vt 247.521443 165.515787
vt 251.403826 171.205799
vt 250.064794 174.822789
vt 252.387909 176.700495
vt 253.069564 182.869842
vt 216.746294 34.399071
vt 220.011734 36.422114
vt 221.713470 41.662410
vt 223.908957 44.121611
vt 225.807243 54.454963
vt 226.142737 57.148483
vt 226.460324 60.293683
vt 226.842367 63.527454
vt 227.273718 66.856024
vt 229.255660 73.029399
vt 231.297662 75.165738
vt 230.457465 77.916288
vt 232.535837 85.729017
vt 232.334779 88.977291
vt 234.897781 93.844418
vt 235.003007 97.088813
vt 235.376534 100.340074
vt 235.887065 103.605946
vt 236.405721 106.875984
vt 238.456027 112.263536
vt 237.954222 114.874992
vt 237.847441 117.809910
vt 243.110835 130.041870
vt 244.464031 133.319425
vt 242.576123 136.077183
vt 246.831997 139.759460
vt 245.107439 142.198395
vt 247.692485 142.809227
vt 246.115063 148.284932
vt 247.454442 151.244557
vt 248.730110 154.146751
vt 249.939947 157.002658
vt 251.155147 159.838131
vt 253.392828 165.128984
vt 252.359603 168.029545
vt 253.303212 173.710458
vt 255.109372 176.451134
vt 253.339598 179.658617
vt 222.538118 38.672761
vt 224.761280 41.106230
vt 226.047189 46.606978
vt 227.020621 52.021838
vt 228.922116 54.966533
vt 229.233106 58.511117
vt 229.706272 61.686134
vt 229.972503 64.813539
vt 230.236643 67.568185
vt 234.219093 74.572118
vt 233.458300 77.523477
vt 235.156361 87.327791
vt 241.854007 105.997872
vt 243.631202 124.370425
vt 246.386252 130.589402
vt 245.593554 136.697160
vt 250.108416 143.619661
vt 251.409155 146.074151
vt 249.478109 148.667958
vt 250.799138 151.428883
vt 252.051203 154.235698
vt 253.227010 157.087942
vt 254.377970 159.999703
vt 255.528971 166.599085
vt 257.400368 170.889276
vt 229.231083 46.066358
vt 231.448511 48.663136
vt 230.252866 51.677033
vt 232.347808 54.085496
vt 231.486452 56.856981
vt 232.689247 59.792784
vt 232.838839 63.279361
vt 233.053831 66.378391
vt 235.624898 68.441314
vt 234.917951 71.562075
vt 237.207679 73.958259
vt 238.330133 79.365069
vt 243.167742 97.992720
vt 243.522076 108.715018
vt 247.128798 119.096524
vt 249.605908 131.118918
vt 250.716379 134.458793
vt 251.909723 137.620915
vt 252.721718 143.159691
vt 254.567841 145.831821
vt 252.809197 148.704767
vt 254.160616 151.456057
vt 255.369291 154.322552
vt 257.273718 160.026767
vt 233.580070 51.055089
vt 234.381984 56.690906
vt 235.214508 61.935651
vt 236.259440 65.030229
vt 238.009171 70.885820
vt 240.320939 73.347367
vt 239.338530 76.332052
vt 243.170798 86.259585
vt 243.320053 88.954947
vt 243.173596 91.983426
vt 245.431406 102.648469
vt 248.221004 104.693162
vt 246.954529 107.870029
vt 246.522458 110.913673
vt 249.684518 110.180520
vt 248.526781 116.196214
vt 250.321606 118.879662
vt 253.905682 135.151332
vt 254.820728 137.822968
vt 256.904072 139.812101
vt 255.900298 142.875415
vt 256.120856 148.567972
vt 257.519147 151.488206
vt 258.604880 154.608929
vt 259.825414 158.110697
vt 259.431719 161.737031
vt 237.589246 56.361053
vt 236.244237 59.252046
vt 238.120670 62.045042
vt 239.873568 64.779239
vt 238.767044 67.768687
vt 243.598602 72.832448
vt 246.192166 87.056004
vt 248.357118 95.242298
vt 248.169272 98.275888
vt 251.700234 105.601037
vt 252.404347 108.809706
vt 252.810047 112.252903
vt 253.320555 118.318520
vt 252.221440 121.807069
vt 255.090438 123.529169
vt 254.849548 126.814540
vt 259.841812 139.055453
vt 259.159579 142.405494
vt 257.903297 145.519761
vt 259.395708 148.431585
vt 261.009563 151.689975
vt 261.239514 154.925185
vt 239.434469 58.999529
vt 241.216997 61.873790
vt 243.157092 64.547516
vt 245.057063 66.992770
vt 245.731206 75.309119
vt 247.581194 83.915420
vt 249.471947 86.516005
vt 251.451699 94.334782
vt 250.757204 99.665159
vt 254.106303 103.655775
vt 256.182335 117.629130
vt 257.875518 122.169349
vt 257.598177 125.345508
vt 262.345571 132.519162
vt 260.685248 135.812209
vt 262.303155 141.611993
vt 261.477436 145.135732
vt 262.091852 148.541440
vt 246.832633 69.257072
vt 247.157163 72.169652
vt 248.902196 75.096222
vt 249.023198 80.934395
vt 252.091757 85.984043
vt 252.229385 88.850890
vt 252.861153 97.459166
vt 257.095504 104.714367
vt 257.714124 107.809968
vt 258.276504 110.591119
vt 260.361629 121.218576
vt 260.259259 124.063891
vt 260.194918 127.142308
vt 262.702715 129.061290
vt 262.791991 138.389362
vt 253.563707 83.806332
vt 254.644188 86.794777
vt 253.672855 92.050154
vt 257.705730 96.059672
vt 259.279915 102.555524
vt 260.708673 109.253490
vt 261.455977 116.078882
vt 262.196443 119.170211
vt 262.744335 122.375577
vt 3.910287 124.281227
vt 141.805248 2.913166
vt 138.908170 154.938044
vt 153.920148 128.880542
vt 93.821579 141.271397
vt 122.025194 96.790203
vt 173.273634 122.573027
vt 158.940569 243.002722
vt 135.107376 156.841900
vt 142.497529 153.017320
vt 241.917879 103.071046
vt 243.595673 112.077846
vt 157.714454 136.782812
vt 154.603800 117.624939
vt 127.796410 157.030586
vt 103.232799 9.272354
vt 247.599875 133.888422
vt 88.445230 142.515896
vt 122.923054 89.730791
vt 142.425469 167.004427
vt 169.147530 125.255461
vt 151.713591 214.869528
vt 139.800877 162.359876
vt 161.034734 126.737239
vt 114.255250 56.979632
vt 116.080560 62.991401
vt 109.084772 39.444508
vt 205.783025 115.549745
vt 118.347805 72.109186
vt 141.165115 246.552071
vt 240.461144 90.493837
vt 158.654786 231.155238
vt 107.844454 27.713977
vt 146.667865 190.747570
vt 18.986954 162.803585
vt 79.104055 146.352459
vt 179.051093 121.803079
vt 144.346130 178.897259
vt 114.723942 6.211590
vt 136.153765 144.861471
vt 133.658671 129.698863
vt 139.848023 131.890835
vt 3.689899 149.532307
vt 246.943744 124.716703
vt 136.997377 148.836403
vt 109.424662 33.302589
vt 34.681158 157.435751
vt 108.555503 13.756065
vt 14.150624 159.591765
vt 99.163969 15.835668
vt 164.669309 251.607342
vt 173.143689 127.402643
vt 103.576307 24.150816
vt 237.287206 109.794677
vt 154.797467 235.838058
vt 99.118788 20.842154
vt 111.287472 20.137146
vt 141.721889 141.067594
vt 143.970778 134.596336
vt 122.509278 128.726883
vt 134.721966 122.212729
vt 124.484586 140.634793
vt 96.143721 14.608479
vt 250.381343 96.923937
vt 152.579346 253.143207
vt 256.636660 112.748117
vt 154.071600 227.932307
vt 100.370525 32.408544
vt 126.146190 117.017780
vt 160.840084 148.336457
vt 115.429238 45.004682
vt 109.947979 45.577019
vt 132.667408 148.773169
vt 148.941496 132.894321
vt 99.155510 29.414897
vt 106.170469 38.416643
vt 84.147265 12.443916
vt 119.136276 18.421899
vt 150.204414 238.832111
vt 91.781368 23.428154
vt 158.113932 141.452039
vt 133.194764 8.703551
vt 21.223504 189.485643
vt 125.139980 108.524189
vt 190.755312 245.640152
vt 257.438880 131.016216
vt 153.266122 208.691799
vt 207.419594 113.332043
vt 10.980896 146.076731
vt 91.271315 17.991236
vt 146.310693 254.525740
vt 248.850236 89.323668
vt 41.073315 148.463483
vt 106.568127 41.586156
vt 117.910353 40.152398
vt 113.403892 133.114244
vt 116.134655 143.562842
vt 135.428924 112.226243
vt 220.661849 107.878826
vt 150.860540 222.271473
vt 139.246566 116.948453
vt 223.143167 115.687375
vt 117.710670 122.460110
vt 147.882140 122.766008
vt 152.488413 135.461562
vt 92.532357 28.949313
vt 220.960783 102.646497
vt 147.367227 227.106065
vt 225.298014 117.848203
vt 98.436485 35.298464
vt 135.895125 247.300789
vt 237.983419 82.542556
vt 145.730269 116.574727
vt 125.799673 151.018371
vt 114.585374 126.464045
vt 14.888412 141.348056
vt 88.580512 23.622597
vt 240.143247 123.512762
vt 172.037566 231.504527
vt 141.785054 239.763605
vt 232.148256 92.273066
vt 234.343876 121.493930
vt 145.333406 234.841276
vt 146.397461 213.469001
vt 209.626880 108.709484
vt 212.951163 119.825045
vt 135.921341 22.015292
vt 40.751474 166.835140
vt 36.792514 143.585021
vt 99.013818 40.541462
vt 109.942642 130.701530
vt 115.249046 122.370520
vt 84.990357 18.386290
vt 20.550353 183.692204
vt 139.689755 254.944690
vt 246.016997 81.086974
vt 149.427090 147.361222
vt 153.565708 140.555239
vt 110.134987 61.572921
vt 138.720835 262.968575
vt 186.421876 228.331828
vt 77.468818 15.048774
vt 146.146168 218.732386
vt 215.037418 105.168509
vt 202.136444 111.954208
vt 145.082663 205.460179
vt 204.145002 120.818004
vt 100.713500 132.780000
vt 103.739723 147.187581
vt 132.557615 100.467224
vt 118.169125 159.200125
vt 101.408210 46.188829
vt 186.035751 115.809345
vt 187.651691 125.784333
vt 128.013695 27.432517
vt 38.414416 174.732106
vt 105.974203 57.944800
vt 122.643050 55.753692
vt 141.548942 192.700366
vt 192.227002 117.061566
vt 21.776706 135.310135
vt 33.289038 180.081308
vt 129.531008 21.161043
vt 219.406478 97.497013
vt 164.737948 211.973695
vt 220.154286 124.067402
vt 132.713710 90.534506
vt 174.553577 132.429865
vt 133.330424 176.229623
vt 170.281980 113.368549
vt 118.168452 89.016583
vt 114.741560 80.130912
vt 226.568832 92.054778
vt 203.691689 106.148431
vt 208.109138 124.279589
vt 235.509316 126.351300
vt 252.735094 125.084130
vt 139.220748 181.178163
vt 161.690744 118.370676
vt 133.540408 164.764699
vt 180.543124 230.717766
vt 184.858803 222.786242
vt 111.704700 120.054624
vt 262.731587 125.597376
vt 82.034485 23.614241
vt 155.647383 145.794541
vt 92.194405 43.933325
vt 117.205951 152.745846
vt 143.448432 110.211337
vt 102.759557 57.418554
vt 236.318843 77.085644
vt 130.418522 250.862149
vt 135.293791 258.002333
vt 112.416570 114.979418
vt 107.886499 122.271599
vt 109.671235 70.057550
vt 117.877269 100.031132
vt 106.310160 150.774850
vt 101.210572 128.521602
vt 182.041927 217.881533
vt 48.463899 136.874885
vt 98.186303 54.224705
vt 151.116543 156.134372
vt 85.134881 39.430079
vt 81.086678 32.109974
vt 209.620583 99.312773
vt 84.048670 135.510022
vt 220.999780 91.164531
vt 134.986304 229.452100
vt 176.906775 216.411228
vt 223.244327 129.207097
vt 193.393446 231.574574
vt 250.251845 140.537406
vt 151.785948 160.006332
vt 167.501055 134.686182
vt 130.635516 243.811940
vt 230.019943 80.899858
vt 32.009406 130.435301
vt 111.414919 109.694679
vt 129.386374 56.627217
vt 102.246202 62.509831
vt 183.057411 109.223409
vt 139.825151 100.036205
vt 96.640014 157.494429
vt 140.232656 90.219874
vt 194.911289 128.445897
vt 188.749117 107.059226
vt 135.648837 194.464735
vt 78.231889 159.718809
vt 108.348437 78.028383
vt 137.488397 5.910290
vt 125.274349 167.753800
vt 54.926431 130.826348
vt 185.191082 129.905426
vt 178.863704 112.708952
vt 57.729099 179.850853
vt 141.979481 47.315056
vt 10.521840 126.428775
vt 166.364051 191.777230
vt 30.511433 195.421204
vt 140.152466 12.212587
vt 108.696816 163.291674
vt 148.401255 97.675261
vt 47.225355 131.110498
vt 134.796043 46.194529
vt 56.315840 174.449833
vt 168.429842 199.451105
vt 177.801683 204.559677
vt 141.454956 21.310186
vt 36.684263 191.287833
vt 172.429770 207.431345
vt 147.158537 87.739988
vt 244.279106 69.946251
vt 166.583721 165.958874
vt 180.064529 146.427510
vt 199.578206 230.755785
vt 143.193836 50.424460
vt 154.965994 124.894254
vt 137.057297 155.996099
vt 126.115772 93.455016
vt 121.189902 94.099748
vt 144.347676 171.879522
vt 149.246438 245.498914
vt 240.459938 96.694965
vt 243.440907 115.319480
vt 130.464604 156.625244
vt 157.074615 134.202522
vt 245.533873 121.720570
vt 109.981501 53.503413
vt 237.674660 92.129311
vt 143.738294 244.772427
vt 198.029585 119.099307
vt 151.179051 196.970080
vt 146.203372 196.679441
vt 196.817108 113.182736
vt 159.955854 257.211536
vt 256.434157 101.541939
vt 10.225923 165.137037
vt 106.356864 8.507432
vt 8.199375 159.389340
vt 100.048803 10.106087
vt 152.612695 219.846533
vt 217.885239 109.654556
vt 153.603669 258.541246
vt 254.701953 95.158067
vt 152.260217 230.432852
vt 228.297500 105.532064
vt 99.306242 141.649091
vt 102.442146 21.098758
vt 209.225134 115.576272
vt 108.684385 30.624966
vt 135.186787 142.694364
vt 105.092913 14.678918
vt 65.997869 149.354056
vt 118.667095 75.170854
vt 76.331364 147.262192
vt 161.618372 251.266669
vt 251.058998 102.669397
vt 147.870651 130.714385
vt 137.077183 146.697098
vt 145.104053 176.729818
vt 176.153165 122.351244
vt 158.089478 139.224075
vt 149.430431 151.637549
vt 150.859728 203.532220
vt 115.201806 59.982581
vt 24.702195 161.956981
vt 141.116186 164.674859
vt 104.616071 27.160972
vt 111.067270 11.298121
vt 155.645747 252.385607
vt 168.640404 247.283683
vt 126.543082 127.268183
vt 130.986246 117.542558
vt 91.111542 9.905735
vt 157.388604 222.654648
vt 230.156390 110.431885
vt 145.424663 126.616696
vt 146.298083 133.117136
vt 232.808628 102.143216
vt 163.679868 232.699824
vt 150.241512 130.753950
vt 97.073791 23.470952
vt 123.325335 124.825782
vt 43.815260 159.153184
vt 125.515353 142.930194
vt 115.727640 48.115035
vt 94.447129 17.627143
vt 215.072511 111.489654
vt 248.563930 92.372840
vt 237.987703 85.699156
vt 138.800869 248.600148
vt 248.363218 127.863771
vt 116.429170 27.815469
vt 32.158183 167.979368
vt 117.308437 57.650876
vt 57.812243 154.783577
vt 111.152803 56.349729
vt 116.055269 140.789551
vt 138.968442 119.487078
vt 23.763745 188.650949
vt 188.085366 243.091637
vt 254.825697 129.885269
vt 95.837073 29.095421
vt 107.280169 142.998263
vt 169.133526 232.835613
vt 229.539233 100.583927
vt 147.199660 232.476792
vt 168.002752 226.442091
vt 232.074106 95.576421
vt 232.810153 118.786871
vt 110.956386 132.844712
vt 167.886868 127.671088
vt 167.554713 123.330662
vt 139.749081 166.964360
vt 71.748152 143.719556
vt 252.058918 81.068271
vt 2.572494 142.149604
vt 88.166096 18.447747
vt 149.140563 191.233367
vt 144.316151 191.778490
vt 123.739356 11.511213
vt 130.117418 91.351964
vt 94.738998 150.651923
vt 127.344572 98.641386
vt 122.646657 99.465327
vt 30.062755 187.037463
vt 169.392890 115.834456
vt 149.077972 171.496213
vt 153.272500 110.267460
vt 151.187823 139.878809
vt 156.375071 151.277255
vt 159.451309 143.186411
vt 38.053198 168.331326
vt 129.943045 152.167498
vt 121.414651 53.452928
vt 99.972000 37.954406
vt 147.151197 210.520613
vt 42.167092 145.455869
vt 124.994860 28.515853
vt 95.317298 35.229819
vt 89.153033 28.985380
vt 144.295780 221.244459
vt 217.847005 103.570154
vt 122.309002 262.770895
vt 227.732486 120.071283
vt 136.030163 164.801890
vt 161.543537 121.085762
vt 120.808693 103.805940
vt 144.010781 226.650262
vt 222.099571 99.719257
vt 139.907344 201.580711
vt 194.301372 108.582754
vt 100.231668 43.285224
vt 141.979125 234.410802
vt 226.219715 95.520818
vt 107.383677 130.937244
vt 241.662182 126.870195
vt 83.913653 26.378695
vt 111.692457 67.663231
vt 69.103250 155.011232
vt 126.482073 16.058713
vt 27.145616 184.788379
vt 133.220314 249.003446
vt 144.974203 112.305176
vt 121.513497 153.216518
vt 152.858090 145.112211
vt 143.700015 213.561635
vt 209.482847 105.521511
vt 213.735119 122.975988
vt 80.266009 20.678843
vt 136.912349 255.893807
vt 74.489856 139.434881
vt 116.612768 82.991691
vt 125.797715 82.492107
vt 108.975044 124.392976
vt 136.695814 28.655089
vt 150.840817 175.614198
vt 107.138896 60.779004
vt 62.466103 159.318815
vt 101.483841 54.615574
vt 200.309813 106.477674
vt 142.179883 206.351873
vt 157.688316 201.385404
vt 140.158383 184.460047
vt 183.109801 115.876901
vt 185.460521 124.583482
vt 87.329180 37.147725
vt 162.229661 135.489544
vt 52.202886 168.987368
vt 97.127341 51.215593
vt 184.798597 219.627447
vt 132.025385 166.704427
vt 165.924737 132.665947
vt 137.675531 221.687036
vt 224.019358 90.005740
vt 236.011348 129.365215
vt 112.398780 117.606524
vt 116.998051 155.341418
vt 110.676351 72.946456
vt 126.714710 69.323339
vt 229.922309 84.015597
vt 133.237767 242.448058
vt 183.114590 111.550781
vt 138.652704 193.609079
vt 195.100762 124.878087
vt 48.862505 182.799801
vt 89.117427 43.213468
vt 154.457607 170.142412
vt 90.373309 152.216614
vt 130.773112 85.925838
vt 112.077003 112.379448
vt 104.084209 124.389871
vt 195.649133 102.448620
vt 182.715888 214.686454
vt 100.897598 59.793352
vt 105.145129 67.653702
vt 213.412571 129.639514
vt 206.657547 100.717957
vt 153.218981 157.707810
vt 126.901050 165.688381
vt 100.514589 126.331396
vt 251.787434 128.310434
vt 186.761741 237.595630
vt 105.929319 117.643216
vt 82.043576 37.978289
vt 149.931269 100.037611
vt 111.223918 162.429282
vt 49.992800 132.390009
vt 100.652001 65.023455
vt 44.663509 129.611637
vt 133.853564 43.078833
vt 80.268231 158.333186
vt 131.264059 74.757993
vt 20.248830 127.369793
vt 224.976105 131.804483
vt 196.360792 231.236452
vt 257.364296 136.291933
vt 170.527837 146.299222
vt 164.261140 156.597524
vt 102.015221 119.921129
vt 144.573839 100.447101
vt 13.730653 126.860899
vt 31.517379 192.529707
vt 60.441383 179.011813
vt 142.302461 98.305307
vt 104.776258 154.917632
vt 133.949193 67.428339
vt 62.761122 173.895559
vt 136.925575 50.895726
vt 90.484205 121.224166
vt 9.575015 123.364099
vt 179.828232 199.198037
vt 149.809483 95.155656
vt 153.107007 137.959875
vt 212.553055 100.693077
vt 148.186005 116.217928
vt 131.706426 158.879287
vt 154.315692 143.117196
vt 181.692700 113.362599
vt 94.887825 135.468569
vt 98.690526 146.277671
vt 125.239724 160.664294
vt 153.732789 112.686524
vt 226.398203 134.370005
vt 205.748805 91.790428
vt 115.948493 162.928508
vt 153.795265 105.323861
vt 163.364967 152.327633
vt 96.014148 164.398513
vt 215.285144 229.050037
vt 258.626259 164.951688
vt 47.349150 226.550072
vt 178.818529 12.081205
vt 160.352927 11.384036
vt 247.404661 177.304414
vt 226.132182 212.430545
vt 178.277100 21.812168
vt 150.030148 87.137816
vt 89.648908 252.380828
vt 173.343458 12.121024
vt 49.740705 49.039840
vt 246.198040 170.901236
vt 256.194451 173.461263
vt 216.871838 47.344735
vt 168.438575 139.381943
vt 152.704263 161.976586
vt 160.885203 113.289977
vt 228.250939 203.596082
vt 141.617333 107.956099
vt 120.390135 143.983260
vt 106.374282 75.440985
vt 113.377904 73.711315
vt 147.646648 145.471768
vt 115.206043 130.853727
vt 206.689752 118.339941
vt 144.749065 208.348603
vt 60.550846 154.227656
vt 164.209528 117.303067
vt 49.841460 150.696224
vt 168.388062 132.140663
vt 228.264627 116.726579
vt 159.555233 225.420305
vt 126.838201 140.758011
vt 156.806758 257.890876
vt 108.115969 138.714491
vt 127.391958 107.642395
vt 128.781624 134.462308
vt 20.395931 159.378446
vt 155.900876 225.351368
vt 116.604205 136.199091
vt 217.936850 112.624260
vt 151.138497 217.447830
vt 45.059459 153.226367
vt 112.925711 46.608880
vt 249.746598 107.379103
vt 248.255426 101.393204
vt 158.657772 251.694945
vt 139.162327 140.880593
vt 142.015784 128.686868
vt 33.280233 162.217029
vt 105.622327 30.128175
vt 133.924186 144.866175
vt 233.692183 109.337685
vt 153.739571 233.291735
vt 114.820393 38.955558
vt 40.854589 160.225812
vt 146.765194 128.425576
vt 245.717599 96.568717
vt 153.631386 249.993677
vt 249.341501 113.129359
vt 163.028640 253.648602
vt 121.162519 126.447555
vt 26.224336 168.206838
vt 126.612022 145.594950
vt 150.710733 227.552774
vt 225.560274 105.560317
vt 212.338967 110.171881
vt 148.680807 235.498464
vt 232.277486 98.845120
vt 165.997293 228.069063
vt 258.222166 115.443890
vt 101.695472 35.249761
vt 150.327662 259.143940
vt 251.002066 91.367672
vt 35.224240 166.640477
vt 245.989160 90.448877
vt 92.618908 15.075350
vt 104.737264 142.672735
vt 102.779534 137.672070
vt 119.935692 66.696579
vt 32.327021 171.268460
vt 239.806800 107.828913
vt 26.268166 145.704725
vt 217.667665 106.678878
vt 149.323518 219.381190
vt 216.057563 120.699291
vt 166.377396 125.729456
vt 138.544214 164.717686
vt 164.767433 123.859392
vt 116.075738 74.458557
vt 125.389857 88.170761
vt 123.992970 80.181603
vt 117.978153 80.395216
vt 181.184804 123.536619
vt 238.489530 101.733942
vt 152.980819 241.371418
vt 122.753042 109.089815
vt 86.640283 16.330926
vt 145.792856 224.209415
vt 221.947159 121.793840
vt 252.698029 131.935638
vt 230.771350 121.810946
vt 236.676359 123.809481
vt 83.443251 20.877689
vt 126.509393 13.380210
vt 244.537356 83.962363
vt 141.593839 252.756573
vt 240.456234 119.922784
vt 237.689158 95.314905
vt 128.019506 18.565181
vt 73.680782 152.960154
vt 141.041249 195.615956
vt 195.691220 121.529037
vt 183.526637 229.473050
vt 102.427762 49.250819
vt 144.254116 211.132946
vt 39.278789 183.397037
vt 145.865785 199.646447
vt 108.295687 147.043665
vt 148.922148 174.139623
vt 175.527684 128.124804
vt 117.462093 91.474564
vt 89.851337 137.166345
vt 140.936571 243.081114
vt 234.980658 90.591322
vt 147.818874 111.940041
vt 78.697295 17.644371
vt 245.033296 127.409401
vt 65.145448 157.992352
vt 223.539940 93.347365
vt 224.992578 126.387785
vt 229.856424 128.446520
vt 136.617160 238.295875
vt 226.908758 88.677704
vt 18.459412 135.732103
vt 82.503004 29.190302
vt 160.848108 145.509325
vt 105.164086 126.617444
vt 78.866224 23.618906
vt 244.389097 78.331948
vt 134.145067 255.193217
vt 88.200874 40.146066
vt 20.919177 186.814690
vt 84.625687 36.720198
vt 139.242906 190.711995
vt 153.571414 147.731792
vt 99.477037 57.049437
vt 99.458010 130.307178
vt 113.861801 103.177179
vt 140.018199 102.711837
vt 177.292735 114.917796
vt 180.556617 129.857062
vt 68.368962 22.379865
vt 90.155895 46.344536
vt 130.801362 53.732208
vt 232.677941 82.582730
vt 135.724204 244.224547
vt 170.419803 210.187550
vt 142.384403 203.539729
vt 198.014727 128.959886
vt 192.142735 106.638840
vt 76.155396 29.807286
vt 127.845387 168.244083
vt 82.919573 41.527257
vt 71.014807 21.650610
vt 113.276479 100.699545
vt 136.358169 8.745398
vt 97.775810 64.912917
vt 137.452694 13.687454
vt 26.033398 197.464792
vt 191.806891 234.523379
vt 35.612481 125.530475
vt 159.274964 157.784882
vt 156.225260 172.041393
vt 81.307478 160.873068
vt 159.462549 184.322261
vt 94.762480 156.091869
vt 137.282253 135.199255
vt 16.603531 93.771011
vt 140.659601 138.764208
vt 150.178724 123.595864
vt 153.291344 202.722334
vt 117.444487 113.064535
vt 164.369303 130.633455
vt 83.904244 140.550922
vt 146.230667 155.708228
vt 214.627138 126.350072
vt 151.262213 173.316890
vt 33.393513 182.798389
vt 172.029592 215.460438
vt 132.843394 21.183594
vt 78.360716 135.281798
vt 128.629141 78.782813
vt 82.154214 153.447267
vt 154.439841 115.089591
vt 86.743389 147.744184
vt 201.050152 128.997547
vt 195.186405 105.442078
vt 134.906215 117.051573
vt 117.673349 97.774342
vt 131.836360 95.517087
vt 97.123055 148.929866
vt 52.239951 130.845526
vt 93.214370 63.005799
vt 107.458357 84.062226
vt 51.253703 177.057697
vt 219.976767 79.323942
vt 125.029110 233.782473
vt 100.677058 117.763817
vt 110.253002 158.352611
vt 146.483537 102.663394
vt 139.952157 87.542708
vt 94.821540 158.907688
vt 136.936369 202.352554
vt 62.323104 133.152416
vt 143.937234 95.816101
vt 53.727206 214.311009
vt 171.032989 25.649937
vt 123.076498 102.132672
vt 43.959753 46.093653
vt 23.618515 159.021424
vt 112.594152 23.314506
vt 214.109877 144.997714
vt 52.619408 153.123970
vt 158.028227 246.087335
vt 257.840987 168.096406
vt 178.804086 15.389708
vt 37.216393 218.019543
vt 244.718219 179.203929
vt 225.023076 209.651659
vt 165.436743 12.340846
vt 181.379567 33.030449
vt 66.673745 222.295897
vt 52.359551 55.177070
vt 102.208634 253.533995
vt 23.875775 185.674124
vt 39.549808 213.935891
vt 163.405687 16.681430
vt 238.023214 132.270479
vt 232.188192 212.335251
vt 213.990642 225.862186
vt 44.052422 211.823659
vt 106.421778 159.714666
vt 245.991995 162.627114
vt 147.901712 167.023150
vt 46.300088 55.408667
vt 242.860199 170.542892
vt 55.233614 209.358012
vt 139.522027 114.420185
vt 117.772092 147.642922
vt 187.413651 123.027683
vt 127.166784 172.998713
vt 97.152619 42.353288
vt 131.071833 66.045013
vt 66.450660 136.387437
vt 44.182310 227.638317
vt 130.899715 135.694342
vt 156.776402 191.537958
vt 132.402240 123.398353
vt 134.615462 167.018680
vt 131.747123 107.168119
vt 109.860689 143.429061
vt 122.405877 118.059658
vt 212.287480 106.933295
vt 166.065687 215.219315
vt 171.558704 223.016016
vt 137.132765 172.120437
vt 171.524169 129.218499
vt 115.363816 148.605463
vt 106.873531 24.712161
vt 112.473540 43.705722
vt 212.264240 113.484768
vt 140.050902 129.392964
vt 132.739250 142.827153
vt 175.736244 227.289780
vt 19.834954 166.152229
vt 255.305016 109.903769
vt 151.833475 235.872074
vt 234.750878 115.822987
vt 163.575178 229.664189
vt 251.554034 115.579120
vt 245.803526 93.553358
vt 160.185721 222.474966
vt 149.393704 212.823492
vt 179.380379 253.455563
vt 158.228678 130.063186
vt 119.076114 63.602479
vt 137.289301 162.510635
vt 127.864938 101.293641
vt 157.474327 216.692824
vt 218.492618 118.534690
vt 224.149165 102.377651
vt 145.691334 229.543205
vt 21.354651 142.340255
vt 89.415030 15.686846
vt 230.198153 118.753040
vt 156.332483 240.686863
vt 239.007274 104.806624
vt 235.467129 118.900621
vt 229.114567 97.320078
vt 146.730944 237.666660
vt 174.474474 120.040957
vt 123.356170 75.204104
vt 78.380177 149.153282
vt 116.745362 77.573635
vt 123.483952 14.912225
vt 133.525947 239.352306
vt 148.453933 143.275634
vt 122.463595 26.115232
vt 92.194577 34.876659
vt 156.970708 118.641606
vt 139.324966 149.838502
vt 237.923240 98.520515
vt 149.858437 242.304504
vt 240.755951 116.767990
vt 181.456258 117.901763
vt 147.237685 118.124445
vt 125.331527 153.328875
vt 120.422222 58.214865
vt 229.481169 90.559751
vt 138.945851 240.232356
vt 230.319089 125.150562
vt 122.843956 67.014815
vt 70.712631 152.679767
vt 140.893038 231.569139
vt 218.528925 100.512211
vt 142.573281 223.802321
vt 200.445656 117.053450
vt 190.104032 124.393146
vt 243.017114 81.282133
vt 128.011566 42.086702
vt 41.185176 139.827920
vt 257.479993 128.349506
vt 191.258034 109.482492
vt 138.095567 196.497928
vt 197.104477 126.526181
vt 111.175643 75.997705
vt 216.927236 95.231659
vt 79.291276 29.483928
vt 227.196359 85.342375
vt 112.043243 81.291506
vt 106.840389 120.043220
vt 137.244165 182.985365
vt 167.605616 114.033544
vt 242.495134 75.763325
vt 107.762565 115.676309
vt 133.175571 245.717075
vt 232.480190 79.914743
vt 178.464073 222.272428
vt 180.728168 110.749391
vt 192.120255 239.626884
vt 142.841728 11.074373
vt 29.165792 198.041429
vt 80.649701 43.572989
vt 28.805787 125.229105
vt 137.830671 16.871885
vt 105.268681 112.093231
vt 220.724094 44.542711
vt 219.863682 134.820012
vt 167.841712 242.244556
vt 85.339327 132.893777
vt 134.707826 94.748744
vt 115.173806 98.546760
vt 93.563825 130.671827
vt 159.174901 155.008239
vt 130.479989 190.146339
vt 182.536218 103.852558
vt 11.703415 120.850228
vt 39.190648 125.594588
vt 59.533567 174.106690
vt 52.045736 182.121871
vt 91.917255 126.082208
vt 120.295878 121.836916
vt 127.906620 143.085374
vt 121.896690 137.361510
vt 141.307763 147.948248
vt 221.465504 228.555068
vt 166.858919 116.567541
vt 170.878523 131.465528
vt 241.931135 180.724877
vt 250.123527 124.952151
vt 222.464661 218.091946
vt 162.953946 13.374208
vt 49.906338 174.302272
vt 39.986181 216.736095
vt 99.130334 254.434840
vt 40.858586 211.427286
vt 213.588880 222.555239
vt 64.692270 227.278090
vt 156.022549 148.637058
vt 217.077527 226.499916
vt 156.882954 178.992763
vt 131.353034 182.988036
vt 217.888122 50.309879
vt 18.994470 95.393242
vt 209.954177 214.337099
vt 199.182421 95.840840
vt 209.773970 137.053968
vt 228.182019 49.098235
vt 187.609077 101.145972
vt 164.366124 189.834989
vt 184.432143 118.746196
vt 142.542383 186.804588
vt 55.375584 143.996400
vt 207.337447 121.342575
vt 142.915277 200.603786
vt 129.074784 154.644015
vt 134.051737 127.196839
vt 179.799257 240.122694
vt 129.818202 173.281280
vt 240.558034 87.378302
vt 106.191459 65.354935
vt 250.195777 178.596710
vt 140.740780 120.588275
vt 22.303911 124.861346
vt 128.589579 131.861705
vt 135.250512 262.998792
vt 38.075162 158.145886
vt 20.575929 153.687737
vt 13.456179 165.640814
vt 253.531418 100.592474
vt 157.582962 5.767868
vt 126.222032 148.446040
vt 141.244883 118.370098
vt 118.232704 60.603363
vt 243.097411 95.022176
vt 83.933638 148.102783
vt 178.204839 124.341566
vt 184.446664 216.780437
vt 239.793595 172.332350
vt 129.371395 187.211129
vt 116.567264 157.798020
vt 136.783817 108.534107
vt 109.605765 94.263254
vt 191.536904 248.900953
vt 136.652490 66.138046
vt 177.569969 232.107963
vt 163.487225 133.103325
vt 178.692065 225.726374
vt 33.788637 135.374181
vt 129.687103 34.049436
vt 44.222413 175.045499
vt 136.151817 250.359702
vt 240.353866 81.258511
vt 3.202902 133.002726
vt 149.337222 114.038520
vt 18.522308 188.811422
vt 159.054032 114.653494
vt 121.267326 178.442670
vt 230.949767 136.561048
vt 129.289603 159.082920
vt 34.379918 192.634655
vt 109.571146 111.547732
vt 153.640217 172.665299
vt 173.015926 112.879620
vt 195.116297 234.271590
vt 173.538776 210.447378
vt 129.997476 230.442747
vt 213.244509 87.576184
vt 131.015907 224.790738
vt 128.146949 238.566995
vt 120.563450 167.183274
vt 122.296889 145.459146
vt 127.577036 125.104696
vt 170.975651 241.301208
vt 116.162969 87.679222
vt 177.591191 145.564675
vt 170.285690 201.590056
vt 102.978307 156.676815
vt 123.623140 169.858081
vt 231.810516 72.216005
vt 223.256742 142.726895
vt 187.428967 113.100561
vt 197.607456 134.462372
vt 105.580348 49.901314
vt 122.856058 260.131423
vt 97.785918 249.399534
vt 248.797015 121.878919
vt 240.396284 93.591107
vt 113.409116 49.269578
vt 17.598997 171.109926
vt 243.378674 100.717734
vt 103.413358 117.566475
vt 148.479786 201.528361
vt 90.301339 37.594352
vt 159.085297 260.110011
vt 178.569969 18.578522
vt 209.371636 84.084668
vt 250.525540 165.510389
vt 125.006206 217.729151
vt 223.703862 221.191783
vt 252.443662 162.623071
vt 248.777684 171.907819
vt 182.858214 106.603931
vt 167.110364 10.310811
vt 49.956469 228.652771
vt 86.448367 56.386053
vt 154.481078 163.343057
vt 14.206885 92.691393
vt 135.006572 136.064008
vt 177.526313 106.904617
vt 128.725640 111.346287
vt 18.236996 98.570986
vt 64.181594 224.071562
vt 181.258973 29.972693
vt 227.096113 43.649781
vt 34.969756 219.261218
vt 109.118599 58.600649
vt 149.390999 118.513462
vt 187.304204 36.515808
vt 70.199933 226.910036
vt 6.089518 104.296051
vt 111.712148 34.681112
vt 138.442471 138.926348
vt 245.775613 116.692297
vt 244.719790 105.517051
vt 46.460214 44.000523
vt 215.314883 138.699568
vt 146.279690 246.540316
vt 165.723732 221.318144
vt 130.686744 3.028482
vt 100.953026 18.288184
vt 12.195421 150.894267
vt 35.495321 160.342023
vt 147.832483 134.804397
vt 185.203411 127.122031
vt 97.673860 257.437783
vt 119.260768 26.668527
vt 38.009416 149.080524
vt 116.348072 54.630797
vt 125.464092 90.856042
vt 179.666603 119.521874
vt 204.865257 112.618927
vt 148.170162 185.113658
vt 24.413451 199.956410
vt 182.187208 235.518812
vt 126.779053 10.341530
vt 98.210510 45.600370
vt 188.911662 250.376759
vt 15.540173 188.266643
vt 124.453999 52.763200
vt 106.094437 148.199192
vt 138.829742 107.000359
vt 87.276993 127.647532
vt 129.350731 12.084156
vt 250.443416 78.148801
vt 158.856081 171.811401
vt 113.882723 110.604760
vt 128.724399 67.766682
vt 68.112717 138.984170
vt 110.238032 116.329774
vt 86.615307 50.655857
vt 173.895833 137.340538
vt 169.403514 8.364886
vt 91.153713 49.632999
vt 219.245393 85.794038
vt 133.639341 208.000922
vt 69.790863 24.652551
vt 185.178744 135.654375
vt 247.963053 184.728167
vt 120.009496 138.934873
vt 170.311685 11.213032
vt 149.346615 141.307459
vt 145.313301 119.106716
vt 122.740758 254.044564
vt 40.213853 41.938508
vt 122.755678 244.707180
vt 45.140664 126.345432
vt 159.865857 169.215213
vt 172.664155 195.990795
vt 164.715910 163.768492
vt 71.747605 41.663192
vt 145.347969 249.471696
vt 106.006231 163.882466
vt 187.822267 224.785552
vt 260.583880 112.737698
vt 135.883601 217.002912
vt 6.831884 149.234508
vt 120.429806 109.624789
vt 139.219269 109.413812
vt 52.254908 159.832864
vt 255.578889 89.766597
vt 94.375616 122.652610
vt 137.089954 151.256326
vt 74.617091 167.479930
vt 11.566950 93.479939
vt 50.591553 225.178445
vt 254.776143 170.259057
vt 98.818085 157.874349
vt 180.801971 138.677860
vt 246.991863 174.105335
vt 244.694020 165.212098
vt 169.692180 19.429299
vt 173.768804 14.907608
vt 6.129921 161.072887
vt 159.339484 178.931101
vt 107.659451 47.658202
vt 240.722002 110.613926
vt 121.859369 134.981146
vt 241.640688 187.402411
vt 94.048899 241.731015
vt 214.563117 51.349222
vt 92.493972 136.437796
vt 240.793340 99.841566
vt 160.069853 199.289197
vt 119.738504 261.229479
vt 52.368913 219.484533
vt 54.445058 125.831759
vt 146.877993 22.378222
vt 155.833656 111.291474
vt 234.771598 141.477616
vt 161.503848 111.064494
vt 123.898644 127.026710
vt 168.380755 239.293472
vt 243.648562 118.734543
vt 226.737512 111.269805
vt 141.872390 133.425472
vt 232.510719 112.855981
vt 115.076796 15.145983
vt 85.672650 142.901009
vt 105.006023 35.558321
vt 245.758398 99.611634
vt 100.630926 163.343461
vt 225.760194 142.556200
vt 241.995417 67.390180
vt 117.584099 37.189923
vt 134.077324 70.483387
vt 258.874885 118.770791
vt 68.748967 144.194741
vt 103.485718 133.227118
vt 206.000752 48.393416
vt 45.963676 167.075333
vt 174.632816 233.479927
vt 112.859641 122.097364
vt 202.999228 134.130979
vt 172.457153 133.127496
vt 110.549378 145.867767
vt 109.587857 85.987646
vt 150.845917 102.577943
vt 60.303223 141.292494
vt 67.551654 156.997572
vt 77.055050 20.580991
vt 179.960353 233.872065
vt 84.861335 153.022640
vt 158.528462 149.778730
vt 110.661332 153.289035
vt 129.660622 227.575522
vt 69.065088 136.653459
vt 152.718649 154.769370
vt 127.976752 235.369578
vt 12.669320 123.846005
vt 118.714188 117.307467
vt 183.130950 238.360873
vt 84.100570 51.290155
vt 208.565146 132.306266
vt 139.932942 15.104469
vt 228.697555 70.070938
vt 256.505351 157.284162
vt 5.286997 127.797403
vt 55.056668 155.510235
vt 177.462908 126.567403
vt 153.469575 205.632084
vt 130.543465 161.477153
vt 122.515481 77.919822
vt 152.599225 186.594465
vt 176.643641 241.757043
vt 115.708396 165.625798
vt 222.785757 47.095090
vt 133.906863 76.284041
vt 90.243745 64.115313
vt 179.436171 202.060908
vt 163.276870 154.561217
vt 214.551340 45.261967
vt 141.224592 110.493462
vt 159.409726 122.406413
vt 123.984578 179.192345
vt 156.174412 158.112585
vt 143.629937 247.503820
vt 27.343598 148.841932
vt 97.954427 162.620557
vt 123.403796 106.987801
vt 127.879937 86.883268
vt 150.246156 162.195507
vt 164.731426 183.838128
vt 128.371188 175.828407
vt 153.573833 165.880419
vt 158.805110 152.371583
vt 172.989153 145.178483
vt 161.513599 179.984809
vt 67.146215 131.190667
vt 141.707246 150.541796
vt 181.202619 250.956719
vt 109.075197 134.610993
vt 115.979387 109.038136
vt 122.840567 160.023995
vt 178.929559 34.581262
vt 245.444656 168.060418
vt 140.315176 260.367489
vt 9.480508 173.638494
vt 164.725775 243.607780
vt 222.077201 209.202713
vt 99.454362 150.572659
vt 191.938755 97.436772
vt 154.554035 120.059438
vt 186.483130 248.756248
vt 177.573594 197.706381
vt 130.151799 215.059124
vt 83.967082 15.446036
vt 145.422412 146.625429
vt 134.644293 114.399207
vt 108.879217 101.933344
vt 27.474658 200.326849
vt 166.548926 137.195732
vt 97.586040 252.201985
vt 121.302275 124.042252
vt 255.537213 120.418483
vt 94.900072 53.876828
vt 209.137238 139.591275
vt 9.182406 162.104851
vt 112.087605 40.699636
vt 116.937665 66.023720
vt 33.820861 154.322816
vt 160.012542 236.595300
vt 108.523899 36.106554
vt 143.950902 125.070733
vt 254.725642 106.754513
vt 89.373470 55.062610
vt 11.971265 171.514783
vt 149.115539 224.687279
vt 24.295991 176.688145
vt 103.626007 43.518964
vt 101.687671 40.707099
vt 174.627297 114.994678
vt 43.333999 165.363356
vt 250.563808 83.622749
vt 229.241647 93.929448
vt 147.231613 240.606437
vt 161.241954 133.412400
vt 121.423457 50.902112
vt 26.264277 140.010833
vt 181.911438 244.990029
vt 127.949553 248.364684
vt 129.932707 99.571999
vt 112.492088 130.808474
vt 27.468543 92.388866
vt 163.854919 119.809219
vt 122.081349 225.696198
vt 209.533885 80.862845
vt 244.862688 182.597295
vt 77.949015 166.246637
vt 127.014327 7.700790
vt 138.083653 47.360944
vt 140.994579 221.008644
vt 108.479306 149.445007
vt 105.545091 157.358884
vt 45.338316 37.428842
vt 110.408231 118.419608
vt 117.557390 138.448731
vt 133.324032 219.152539
vt 134.288473 226.158436
vt 243.358726 139.778764
vt 133.364430 234.444324
vt 132.357249 151.279270
vt 113.250274 54.018253
vt 103.009318 122.175782
vt 221.580003 87.905273
vt 196.855941 245.835616
vt 130.754880 240.426460
vt 227.407818 82.011964
vt 190.775278 131.823896
vt 88.084986 61.808427
vt 176.173407 138.829916
vt 69.795783 30.134846
vt 107.457021 113.301772
vt 3.432442 136.043150
vt 130.927791 133.206744
vt 123.197587 43.182601
vt 56.852735 215.383047
vt 138.557415 178.218588
vt 212.029091 138.980499
vt 44.279965 147.964498
vt 182.948036 134.208229
vt 81.130115 135.561137
vt 199.042083 137.109992
vt 89.519859 126.910929
vt 184.002522 141.795770
vt 87.252143 26.322426
vt 142.005969 24.749125
vt 23.034563 197.060510
vt 136.718317 63.232648
vt 160.095648 14.965780
vt 190.321411 136.847273
vt 173.828371 103.772204
vt 102.495377 105.547524
vt 108.883783 75.099098
vt 146.469716 39.822988
vt 242.492860 163.178358
vt 126.717876 121.426065
vt 108.303672 144.955877
vt 110.616189 83.574388
vt 195.061423 140.652704
vt 187.064246 24.289783
vt 163.119345 97.902313
vt 105.464568 138.151144
vt 25.587041 165.052270
vt 152.016368 118.903936
vt 144.493608 216.039334
vt 64.049907 130.476705
vt 101.267734 146.501557
vt 100.317846 51.711072
vt 220.099942 76.163838
vt 166.490275 197.148552
vt 105.211843 62.862914
vt 118.343974 161.453704
vt 136.598508 253.331076
vt 141.722504 257.631129
vt 260.023654 105.983142
vt 177.448187 142.974395
vt 32.493283 164.939696
vt 181.181033 227.480716
vt 170.806365 143.654745
vt 259.040486 133.298309
vt 193.078814 100.414052
vt 193.225979 137.762038
vt 162.146999 185.539123
vt 79.931443 40.488802
vt 130.955397 175.341447
vt 168.115167 212.728296
vt 235.298304 84.034506
vt 36.293728 188.003849
vt 160.478179 174.264434
vt 255.930030 163.014919
vt 22.697485 145.399697
vt 132.636933 195.333916
vt 94.782630 118.232745
vt 21.891249 161.531632
vt 79.834841 35.133014
vt 60.146991 157.114694
vt 176.318542 251.600269
vt 256.701034 92.876228
vt 138.417105 160.131798
vt 241.146055 70.373046
vt 96.887727 167.260737
vt 60.761147 146.518191
vt 143.408743 197.637676
vt 146.146382 109.852924
vt 132.092976 257.485049
vt 220.472059 53.105811
vt 239.073791 182.147296
vt 135.207614 48.995695
vt 128.164380 84.266667
vt 85.844218 150.347642
vt 122.825497 82.833664
vt 181.787184 221.040374
vt 154.098557 217.110618
vt 134.750503 150.020382
vt 219.410282 146.973158
vt 138.376936 215.581918
vt 178.783257 28.292593
vt 235.534739 53.622997
vt 24.267254 182.821151
vt 129.157666 199.156218
vt 214.261709 84.645692
vt 201.625367 109.008926
vt 51.014558 138.689980
vt 142.355386 162.345015
vt 90.569545 255.693200
vt 135.229993 174.303368
vt 179.864779 237.072116
vt 113.177010 17.652375
vt 35.282282 149.451387
vt 68.643198 19.685303
vt 162.996284 256.408856
vt 58.907559 230.930216
vt 255.694809 98.346050
vt 80.674449 26.487282
vt 17.304129 159.683982
vt 102.076805 15.454694
vt 125.909855 131.498233
vt 147.736502 153.652074
vt 118.563116 177.981947
vt 141.772269 124.856383
vt 116.452995 118.152856
vt 170.158858 244.359403
vt 151.498460 256.201762
vt 161.394335 231.172643
vt 112.093721 98.395282
vt 150.439104 232.929538
vt 76.978131 144.208936
vt 166.702529 30.115020
vt 38.079692 165.093180
vt 89.874242 20.854096
vt 104.979794 78.143587
vt 147.549289 221.765009
vt 29.578551 175.669180
vt 160.066031 215.001899
vt 94.367757 8.856687
vt 147.571553 120.255813
vt 125.550765 25.167664
vt 112.559842 154.826350
vt 68.482152 167.914098
vt 100.277727 75.485203
vt 60.725467 184.643761
vt 69.818235 141.349577
vt 143.572007 148.534018
vt 108.722049 128.695115
vt 144.099129 241.941346
vt 119.481785 151.691438
vt 110.594243 165.017569
vt 112.114533 105.213755
vt 8.742952 135.645559
vt 59.734066 160.149661
vt 187.022989 134.059242
vt 115.134124 85.551254
vt 86.022844 34.320098
vt 134.217728 158.677686
vt 137.871489 230.706357
vt 125.351326 246.457713
vt 28.242439 133.822545
vt 129.494173 96.911180
vt 240.474962 138.526792
vt 218.458584 42.053485
vt 46.872063 173.299586
vt 185.503923 110.920212
vt 134.139685 236.872033
vt 100.288322 23.790708
vt 108.316572 118.010555
vt 87.192254 135.393877
vt 28.322628 192.995040
vt 42.419621 185.322514
vt 135.288769 89.817080
vt 180.304916 108.030207
vt 137.222454 99.348796
vt 131.408834 71.919782
vt 185.558195 105.421243
vt 131.955776 154.051835
vt 132.068098 61.377929
vt 212.384866 116.673209
vt 152.487346 261.369122
vt 116.643392 235.435576
vt 117.654393 13.391584
vt 146.215062 160.134539
vt 44.160340 133.286968
vt 163.768435 178.086491
vt 151.200519 149.449290
vt 183.071723 125.341382
vt 47.624911 147.741813
vt 215.423498 117.670815
vt 40.928129 45.160381
vt 64.906023 230.663850
vt 126.563628 39.427416
vt 178.573285 117.401612
vt 165.582277 208.545399
vt 213.289190 141.785239
vt 247.458141 78.092186
vt 215.263110 213.550505
vt 64.705754 176.567872
vt 158.113792 105.479717
vt 201.942807 95.712584
vt 169.089190 161.947350
vt 172.466200 28.496511
vt 100.896218 113.062374
vt 171.034766 117.558060
vt 134.283256 171.634289
vt 128.183921 122.864710
vt 127.505549 152.792617
vt 95.963829 67.434028
vt 184.614744 16.243467
vt 168.578713 101.005962
vt 189.340310 141.731810
vt 141.459704 179.200306
vt 194.450742 228.136188
vt 162.291948 220.453351
vt 46.398461 170.095463
vt 124.023603 95.064701
vt 129.079297 136.691486
vt 226.494052 72.599082
vt 241.307222 132.689863
vt 148.168438 92.725648
vt 240.898722 113.679548
vt 166.448545 231.158384
vt 17.191010 147.708659
vt 228.818089 217.352361
vt 12.070466 178.734322
vt 176.441969 248.226702
vt 136.785740 31.945343
vt 165.560850 224.806241
vt 13.391765 138.364066
vt 129.658434 196.276883
vt 212.346505 103.755981
vt 260.037595 130.282037
vt 111.922745 169.301125
vt 83.057522 128.184088
vt 150.270694 153.953103
vt 104.345569 83.528870
vt 151.171495 109.292220
vt 33.552334 195.324029
vt 138.834413 233.688553
vt 120.346104 159.543156
vt 107.653884 5.619144
vt 214.540400 48.401189
vt 119.075128 171.108104
vt 58.266859 221.489636
vt 212.436550 98.108737
vt 139.722482 173.448786
vt 70.661732 163.611202
vt 90.879040 240.394357
vt 248.292569 145.896728
vt 85.203850 123.550758
vt 187.301829 117.829174
vt 103.521342 65.181323
vt 146.919905 178.132281
vt 94.940030 153.476567
vt 124.172432 181.803621
vt 162.802680 173.097985
vt 215.015103 75.288351
vt 109.140693 22.427984
vt 133.943689 189.704640
vt 155.628931 127.169962
vt 97.604119 7.889584
vt 90.142797 134.431076
vt 218.833636 143.506748
vt 253.689813 140.371624
vt 241.363397 78.642657
vt 47.042053 50.045819
vt 145.164898 167.168404
vt 95.269955 143.581940
vt 184.562672 113.526748
vt 141.380792 211.919244
vt 94.533045 244.992636
vt 232.402551 69.417147
vt 16.958746 127.087318
vt 112.638223 70.637800
vt 102.863516 108.346778
vt 224.003828 108.829259
vt 128.819547 44.994937
vt 219.461028 39.329795
vt 248.813144 137.187089
vt 178.158795 228.945422
vt 87.523238 11.039187
vt 145.478493 97.935977
vt 123.585048 46.225719
vt 45.425116 145.092856
vt 168.073579 147.474516
vt 120.065901 128.803210
vt 84.013336 57.603705
vt 100.385677 144.114204
vt 223.576482 123.923872
vt 235.309634 80.475609
vt 160.017270 26.932303
vt 255.841393 133.065011
vt 160.606782 233.697893
vt 178.568439 140.557820
vt 96.568362 239.697070
vt 129.199520 140.755211
vt 123.525530 20.407780
vt 125.806023 67.102823
vt 85.636952 158.157601
vt 53.627811 225.063331
vt 24.648872 179.737899
vt 5.326106 151.908167
vt 139.063783 209.986622
vt 169.445310 108.932954
vt 9.724153 91.041346
vt 170.610911 204.545628
vt 8.403830 128.921241
vt 216.087995 39.654549
vt 69.282409 129.015785
vt 246.242725 113.930676
vt 198.262227 100.751035
vt 39.581789 128.783010
vt 113.979577 142.400963
vt 76.254349 47.950647
vt 172.492779 17.536298
vt 106.750106 52.854709
vt 184.310245 226.086986
vt 23.669764 128.326859
vt 208.283457 53.289461
vt 155.578589 243.732310
vt 153.493378 97.963125
vt 233.763229 135.754929
vt 22.111336 150.897519
vt 166.647616 141.260551
vt 141.390033 17.813589
vt 115.682088 133.669403
vt 143.462667 117.489906
vt 119.894254 112.278989
vt 165.296412 128.144673
vt 148.637902 195.953756
vt 52.969190 133.353716
vt 148.292702 256.829149
vt 254.719997 115.196260
vt 144.011302 132.024217
vt 208.697248 219.996173
vt 15.805772 124.128306
vt 101.069481 100.116379
vt 217.332632 80.492079
vt 237.780389 88.931769
vt 179.168463 218.899700
vt 141.487153 52.334748
vt 242.649389 121.641524
vt 126.503557 80.045096
vt 116.259722 24.317511
vt 231.386392 115.949888
vt 103.077643 37.950887
vt 141.612403 115.730722
vt 91.485490 128.851900
vt 137.704760 88.789972
vt 101.822374 135.233631
vt 65.509014 144.164589
vt 163.519359 122.093190
vt 143.951377 194.668262
vt 128.735610 5.520062
vt 135.463064 184.491290
vt 77.586243 140.860482
vt 92.046509 146.663281
vt 134.827029 162.666786
vt 135.810881 40.618894
vt 79.389368 153.813308
vt 190.968548 92.342928
vt 263.252519 135.544754
vt 150.961506 184.094241
vt 94.312065 41.357562
vt 241.051867 84.089977
vt 167.858355 255.475573
vt 135.104190 197.358460
vt 63.341888 30.107415
vt 163.375239 100.776487
vt 11.677102 135.407898
vt 125.267043 236.937252
vt 18.306572 194.099918
vt 65.080985 138.937064
vt 142.753779 31.365260
vt 133.942919 96.770530
vt 95.166473 44.766273
vt 129.390226 204.148532
vt 229.144001 134.475651
vt 258.598285 99.298490
vt 155.172669 186.395707
vt 110.695509 96.326400
vt 182.863277 232.678881
vt 106.568554 153.243890
vt 102.209321 161.223809
vt 220.000016 105.223380
vt 152.639293 130.998739
vt 175.912319 112.132959
vt 63.582555 179.750269
vt 104.952617 72.752169
vt 137.593501 142.756570
vt 51.751581 40.409602
vt 131.042581 177.655266
vt 33.928742 216.525646
vt 124.006634 133.412541
vt 86.453068 53.426228
vt 71.005550 135.101858
vt 116.109364 160.363680
vt 89.112254 249.068805
vt 50.796935 165.880240
vt 224.849076 49.556035
vt 188.884389 240.081641
vt 55.669935 232.928677
vt 178.597798 134.601232
vt 143.629459 155.461298
vt 229.822917 206.595104
vt 34.001210 122.723960
vt 133.303579 112.000038
vt 160.645507 104.468065
vt 225.163743 148.059199
vt 233.697229 144.929403
vt 166.709491 249.514777
vt 144.653362 87.900586
vt 122.343473 235.351154
vt 94.346753 25.898909
vt 221.190426 214.965999
vt 227.696655 200.118979
vt 83.377135 121.871044
vt 114.003984 29.686290
vt 41.526024 56.716787
vt 71.245109 172.129390
vt 121.697783 195.880516
vt 75.742475 164.203812
vt 126.506678 47.292502
vt 227.804744 126.412800
vt 204.092972 129.329732
vt 36.495968 155.351779
vt 147.561313 4.741799
vt 19.244758 69.942971
vt 116.821954 238.662489
vt 153.937026 4.853414
vt 222.559660 226.193590
vt 194.594264 115.124143
vt 201.476779 123.267749
vt 46.315218 150.414693
vt 87.416991 125.087029
vt 117.055629 241.804283
vt 144.992334 46.022259
vt 204.680943 24.415931
vt 131.114848 31.758819
vt 34.411280 204.331982
vt 165.642436 105.025304
vt 192.019818 114.365682
vt 55.544684 27.983223
vt 68.689107 173.443946
vt 21.560009 194.314934
vt 238.239073 151.434221
vt 215.673620 98.510314
vt 145.371691 2.650957
vt 5.045986 111.466555
vt 20.489355 66.921229
vt 9.237384 115.194083
vt 145.799625 130.715989
vt 3.792836 114.303184
vt 181.499729 11.402562
vt 87.410932 203.977923
vt 85.026050 253.904771
vt 199.185258 21.137087
vt 141.202301 216.715571
vt 206.860749 173.008853
vt 182.691970 52.269486
vt 263.869650 110.623725
vt 263.271112 107.349274
vt 262.506061 103.712064
vt 261.647989 100.130734
vt 260.796248 96.947195
vt 259.835390 93.686932
vt 258.806100 90.495873
vt 257.730024 87.423469
vt 256.579037 84.378449
vt 255.391914 81.453250
vt 254.057352 78.382619
vt 252.479313 75.001121
vt 251.016907 72.071570
vt 249.699848 69.577918
vt 248.164366 66.822515
vt 246.654903 64.255022
vt 244.965142 61.528183
vt 242.955619 58.465105
vt 241.107705 55.801904
vt 239.099565 53.056923
vt 236.957100 50.282625
vt 235.051295 47.936304
vt 232.792841 45.290733
vt 230.522851 42.766859
vt 228.173388 40.285605
vt 225.644715 37.752127
vt 223.341024 35.558667
vt 220.659152 33.132851
vt 217.821062 30.704983
vt 215.267745 28.635015
vt 212.810306 26.738909
vt 210.420204 24.980381
vt 207.680487 23.063217
vt 204.888730 21.212622
vt 202.280698 19.573293
vt 199.431291 17.876517
vt 196.588063 16.277382
vt 193.615217 14.701613
vt 190.699761 13.248162
vt 187.771285 11.876480
vt 184.621783 10.496624
vt 181.525313 9.233221
vt 179.038628 8.283609
vt 175.703364 7.098321
vt 172.208960 5.962351
vt 168.489739 4.869102
vt 165.336038 4.033451
vt 162.459105 3.342788
vt 159.417625 2.685718
vt 156.055558 2.045443
vt 152.373647 1.446487
vt 149.052795 0.996741
vt 146.157937 0.673922
vt 142.980994 0.393396
vt 139.814435 0.190021
vt 136.494206 0.058140
vt 132.721597 0.009103
vt 128.763856 0.072839
vt 125.352106 0.222564
vt 121.578711 0.490714
vt 118.041555 0.840444
vt 114.961231 1.223157
vt 111.688658 1.710209
vt 108.764201 2.216312
vt 105.233468 2.917610
vt 101.621211 3.738899
vt 98.417373 4.556768
vt 95.132651 5.484345
vt 91.944974 6.472614
vt 88.307872 7.708888
vt 84.697993 9.053694
vt 81.169711 10.485225
vt 77.833248 11.949164
vt 74.897661 13.328970
vt 71.853500 14.853942
vt 68.720496 16.527367
vt 65.849272 18.157496
vt 63.101199 19.807969
vt 60.371124 21.539001
vt 57.551867 23.426686
vt 55.324984 24.993156
vt 52.433449 27.131709
vt 49.552779 29.386494
vt 46.816145 31.650815
vt 44.331994 33.816500
vt 41.760593 36.176504
vt 39.181352 38.673546
vt 36.877994 41.022008
vt 34.535730 43.534262
vt 32.253848 46.112425
vt 30.091278 48.685624
vt 27.741581 51.639026
vt 25.579709 54.516722
vt 23.574754 57.338712
vt 21.480037 60.463628
vt 19.696437 63.284637
vt 17.655891 66.718043
vt 15.813568 70.035786
vt 14.394135 72.755096
vt 12.826067 75.951073
vt 11.316109 79.251549
vt 10.017754 82.297353
vt 8.780669 85.413872
vt 7.632213 88.533540
vt 6.562183 91.680804
vt 5.452124 95.255019
vt 4.457820 98.803911
vt 3.656059 101.984193
vt 2.922868 105.231160
vt 2.196005 108.902248
vt 1.625045 112.256696
vt 1.125652 115.735826
vt 0.726935 119.145288
vt 0.454981 122.079672
vt 0.232677 125.285391
vt 0.080844 128.716562
vt 0.021652 131.625978
vt 0.025494 134.479161
vt 0.101135 137.634871
vt 0.263122 140.976932
vt 0.511865 144.344782
vt 0.855273 147.785952
vt 1.348613 151.646304
vt 1.780973 154.460475
vt 2.264925 157.218427
vt 2.812357 159.991913
vt 3.546971 163.303834
vt 4.461662 166.958743
vt 5.340627 170.113357
vt 6.206406 172.959923
vt 7.183940 175.927430
vt 8.272820 178.984208
vt 9.349869 181.796640
vt 10.528790 184.674895
vt 11.944002 187.898381
vt 13.454290 191.104122
vt 14.837480 193.859662
vt 16.504047 196.983059
vt 18.258934 200.070669
vt 19.907271 202.806721
vt 21.963654 206.024751
vt 24.000141 209.023129
vt 25.851385 211.604096
vt 28.085675 214.554788
vt 30.305510 217.325891
vt 32.148956 219.516632
vt 34.170895 221.813539
vt 36.427624 224.256231
vt 38.739077 226.635950
vt 40.937757 228.793108
vt 43.232756 230.941619
vt 45.790509 233.220132
vt 48.696740 235.670659
vt 51.313527 237.759280
vt 53.849466 239.683270
vt 56.626964 241.683743
vt 59.467903 243.620492
vt 62.362106 245.485619
vt 65.211145 247.220387
vt 68.412113 249.055252
vt 71.570668 250.752644
vt 74.163070 252.065180
vt 76.846640 253.350062
vt 79.271298 254.448377
vt 82.237396 255.713568
vt 85.532641 257.020960
vt 88.403393 258.078125
vt 91.259998 259.056454
vt 94.801867 260.170076
vt 98.271078 261.156719
vt 101.516288 261.988457
vt 104.507436 262.678535
vt 107.991153 263.391278
vt 111.460967 264.005375
vt 114.149743 264.416333
vt 116.782010 264.764309
vt 119.891019 265.106674
vt 123.579051 265.417157
vt 126.583658 265.593825
vt 130.042404 265.712810
vt 133.693726 265.740639
vt 137.073642 265.676942
vt 140.589494 265.519312
vt 144.083172 265.270042
vt 147.432518 264.943880
vt 151.135099 264.483204
vt 154.797630 263.923045
vt 157.958084 263.355139
vt 161.662727 262.588287
vt 165.387920 261.705226
vt 168.567328 260.861009
vt 172.330309 259.751664
vt 175.957733 258.566400
vt 178.959149 257.497380
vt 182.244305 256.233026
vt 185.500172 254.879807
vt 188.599341 253.495992
vt 191.676260 252.026501
vt 194.323809 250.683074
vt 197.046217 249.222672
vt 199.754570 247.687374
vt 202.652029 245.950023
vt 205.851773 243.912030
vt 208.708434 241.981182
vt 211.219169 240.192725
vt 214.095896 238.032505
vt 216.877147 235.824583
vt 219.560202 233.576002
vt 222.161257 231.277287
vt 225.114146 228.515085
vt 227.850292 225.798689
vt 230.224333 223.308687
vt 232.568257 220.718213
vt 235.013013 217.863422
vt 237.544032 214.726208
vt 239.656768 211.950241
vt 241.686348 209.133407
vt 243.525803 206.438990
vt 245.286606 203.719192
vt 247.226777 200.542851
vt 249.077716 197.312496
vt 250.651555 194.388769
vt 252.128946 191.473242
vt 253.606222 188.365753
vt 254.925245 185.401029
vt 256.168060 182.413510
vt 257.432447 179.142339
vt 258.499376 176.161646
vt 259.448372 173.302579
vt 260.488356 169.888743
vt 261.328356 166.858756
vt 262.085173 163.856760
vt 262.801017 160.702023
vt 263.495894 157.232023
vt 264.128580 153.552367
vt 264.558460 150.608958
vt 265.000539 146.940293
vt 265.317677 143.547114
vt 265.531644 140.434795
vt 265.671834 137.338329
vt 265.743345 133.823346
vt 265.728304 130.667604
vt 265.627949 127.262075
vt 265.426074 123.653318
vt 265.157709 120.381639
vt 264.800890 117.053292
vt 264.371947 113.814901
f 5411/5278 15/15 16/16
f 2/2 6205/6009 5085/4963
f 4/4 20/20 21/21
f 5326/5200 21/21 22/22
f 26/26 8/8 25/25
f 10/10 28/28 11/11
f 13/13 33/33 6054/5876
f 5131/5009 18/18 36/36
f 24/24 5324/5198 6029/5851
f 24/24 6/6 5324/5198
f 26/26 25/25 43/43
f 27/27 26/26 44/44
f 28/28 46/46 11/11
f 6878/6635 30/30 6788/6562
f 5027/4921 52/52 53/53
f 6721/6497 54/54 33/33
f 56/56 55/55 6640/6419
f 58/58 5131/5009 57/57
f 6138/5954 58/58 59/59
f 59/59 112/112 82/82
f 41/41 62/62 42/42
f 42/42 25/25 6365/6159
f 64/64 65/65 44/44
f 66/66 5125/5003 5394/5261
f 6432/6220 67/67 5745/5601
f 51/51 75/75 6888/6641
f 77/77 52/52 51/51
f 5544/5403 5284/5158 6285/6082
f 78/78 79/79 54/54
f 80/80 6786/6560 79/79
f 84/84 5870/5707 5077/4955
f 86/86 63/63 85/85
f 64/64 87/87 6367/6161
f 90/90 5394/5261 89/89
f 66/66 90/90 67/67
f 6347/6143 5745/5601 5953/5784
f 68/68 93/93 50/50
f 50/50 94/94 69/69
f 73/73 100/100 101/101
f 74/74 101/101 102/102
f 6888/6641 102/102 103/103
f 104/104 76/76 103/103
f 5554/5412 77/77 5973/5799
f 5544/5403 106/106 78/78
f 79/79 107/107 80/80
f 5710/5566 80/80 107/107
f 110/110 109/109 5894/5725
f 5353/5227 6479/6267 5809/5652
f 116/116 6367/6161 87/87
f 5456/5323 6504/6292 118/118
f 6575/6360 5546/5404 5286/5160
f 5286/5160 5953/5784 91/91
f 120/120 5953/5784 5286/5160
f 122/122 92/92 121/121
f 94/94 93/93 122/122
f 95/95 94/94 123/123
f 98/98 129/129 130/130
f 166/166 130/130 165/165
f 100/100 99/99 133/133
f 101/101 133/133 134/134
f 135/135 136/136 103/103
f 104/104 136/136 137/137
f 5544/5403 6750/6526 6685/6463
f 5710/5566 5203/5081 141/141
f 5894/5725 109/109 141/141
f 113/113 143/143 144/144
f 6448/6236 146/146 147/147
f 5637/5494 148/148 115/115
f 115/115 116/116 87/87
f 150/150 6539/6326 149/149
f 151/151 117/117 150/150
f 118/118 151/151 152/152
f 121/121 120/120 155/155
f 6871/6630 121/121 157/157
f 124/124 123/123 158/158
f 191/191 124/124 158/158
f 5819/5659 6122/5938 6809/6583
f 161/161 127/127 126/126
f 128/128 164/164 6719/6495
f 130/130 166/166 131/131
f 132/132 133/133 99/99
f 134/134 167/167 168/168
f 169/169 134/134 168/168
f 169/169 170/170 135/135
f 136/136 170/170 171/171
f 137/137 171/171 172/172
f 137/137 173/173 105/105
f 173/173 138/138 6750/6526
f 178/178 5894/5725 177/177
f 6476/6264 5657/5514 179/179
f 179/179 142/142 6737/6513
f 143/143 6737/6513 142/142
f 181/181 180/180 218/218
f 145/145 182/182 146/146
f 185/185 150/150 149/149
f 5769/5620 153/153 152/152
f 6061/5883 154/154 6649/6428
f 155/155 154/154 188/188
f 157/157 156/156 189/189
f 158/158 157/157 190/190
f 124/124 191/191 159/159
f 5828/5668 5991/5816 160/160
f 5991/5816 5828/5668 192/192
f 5847/5687 162/162 195/195
f 6214/6017 6114/5930 165/165
f 202/202 132/132 166/166
f 167/167 202/202 203/203
f 168/168 203/203 204/204
f 169/169 204/204 205/205
f 170/170 205/205 206/206
f 171/171 206/206 207/207
f 172/172 207/207 208/208
f 172/172 209/209 173/173
f 209/209 6024/5846 138/138
f 211/211 6732/6508 6024/5846
f 6732/6508 175/175 174/174
f 212/212 213/213 175/175
f 214/214 176/176 213/213
f 216/216 5657/5514 215/215
f 217/217 216/216 259/259
f 183/183 220/220 5624/5481
f 183/183 6462/6250 147/147
f 5655/5512 5388/5255 222/222
f 5655/5512 149/149 184/184
f 149/149 224/224 185/185
f 226/226 185/185 225/225
f 186/186 227/227 6473/6261
f 5296/5170 6473/6261 228/228
f 230/230 154/154 229/229
f 156/156 188/188 231/231
f 190/190 189/189 232/232
f 191/191 190/190 233/233
f 5993/5818 191/191 233/233
f 193/193 192/192 234/234
f 235/235 236/236 193/193
f 196/196 5847/5687 5576/5433
f 197/197 240/240 198/198
f 198/198 241/241 199/199
f 200/200 243/243 5759/5610
f 201/201 6118/5934 202/202
f 203/203 245/245 246/246
f 204/204 246/246 247/247
f 205/205 247/247 248/248
f 206/206 248/248 249/249
f 207/207 250/250 208/208
f 251/251 210/210 208/208
f 211/211 252/252 5955/5786
f 212/212 253/253 254/254
f 212/212 6564/6350 213/213
f 6564/6350 298/298 255/255
f 260/260 259/259 6514/6302
f 262/262 223/223 222/222
f 223/223 5198/5076 224/224
f 263/263 226/226 225/225
f 229/229 228/228 266/266
f 231/231 268/268 269/269
f 189/189 231/231 269/269
f 269/269 232/232 189/189
f 233/233 232/232 271/271
f 234/234 273/273 274/274
f 234/234 274/274 235/235
f 5576/5433 6215/6018 6111/5927
f 281/281 239/239 5054/6750
f 281/281 282/282 239/239
f 240/240 282/282 283/283
f 241/241 283/283 284/284
f 243/243 285/285 286/286
f 244/244 289/289 245/245
f 246/246 289/289 290/290
f 247/247 290/290 291/291
f 248/248 291/291 292/292
f 292/292 293/293 249/249
f 250/250 293/293 294/294
f 251/251 294/294 295/295
f 295/295 252/252 251/251
f 5264/5138 297/297 340/340
f 6049/5871 255/255 298/298
f 300/300 258/258 257/257
f 5171/5049 301/301 258/258
f 6856/6616 6027/5849 5089/4967
f 261/261 6535/6322 221/221
f 6535/6322 5427/5294 5649/5506
f 262/262 304/304 305/305
f 263/263 5692/5548 226/226
f 355/355 6576/6361 264/264
f 227/227 6576/6361 265/265
f 266/266 265/265 309/309
f 267/267 266/266 310/310
f 311/311 267/267 310/310
f 269/269 268/268 312/312
f 270/270 269/269 312/312
f 271/271 270/270 313/313
f 272/272 271/271 314/314
f 273/273 315/315 316/316
f 316/316 274/274 273/273
f 235/235 318/318 275/275
f 319/319 6215/6018 276/276
f 238/238 320/320 278/278
f 279/279 278/278 6820/6592
f 280/280 325/325 281/281
f 282/282 325/325 326/326
f 283/283 327/327 284/284
f 327/327 328/328 284/284
f 285/285 328/328 329/329
f 380/380 330/330 6383/6176
f 288/288 331/331 289/289
f 291/291 333/333 292/292
f 333/333 334/334 292/292
f 293/293 334/334 335/335
f 294/294 335/335 336/336
f 294/294 337/337 295/295
f 6825/6596 296/296 338/338
f 340/340 339/339 5750/5603
f 5264/5138 340/340 341/341
f 341/341 342/342 6049/5871
f 300/300 344/344 5171/5049
f 344/344 345/345 5171/5049
f 6144/5960 301/301 346/346
f 6144/5960 5135/5013 347/347
f 6027/5849 349/349 5630/5487
f 5630/5487 350/350 303/303
f 304/304 351/351 352/352
f 305/305 6051/5873 306/306
f 353/353 307/307 306/306
f 307/307 354/354 355/355
f 356/356 308/308 355/355
f 309/309 308/308 357/357
f 310/310 309/309 358/358
f 311/311 310/310 359/359
f 312/312 311/311 360/360
f 313/313 312/312 361/361
f 314/314 313/313 362/362
f 314/314 315/315 272/272
f 315/315 364/364 316/316
f 5805/5648 316/316 364/364
f 6236/6038 317/317 365/365
f 367/367 366/366 6655/6434
f 367/367 6714/6490 319/319
f 6820/6592 320/320 369/369
f 321/321 6820/6592 370/370
f 322/322 321/321 371/371
f 322/322 323/323 6832/6806
f 325/325 373/373 374/374
f 374/374 375/375 326/326
f 327/327 375/375 376/376
f 328/328 376/376 377/377
f 329/329 377/377 378/378
f 379/379 329/329 378/378
f 288/288 381/381 331/331
f 381/381 382/382 331/331
f 332/332 382/382 383/383
f 333/333 383/383 384/384
f 334/334 384/384 385/385
f 335/335 385/385 386/386
f 336/336 386/386 387/387
f 388/388 336/336 387/387
f 338/338 388/388 389/389
f 390/390 6825/6596 389/389
f 392/392 391/391 6726/6502
f 439/439 342/342 392/392
f 5932/5763 344/344 393/393
f 5432/5299 346/346 345/345
f 349/349 397/397 5378/5245
f 5378/5245 398/398 350/350
f 6371/6165 350/350 399/399
f 6626/6405 352/352 351/351
f 6051/5873 402/402 353/353
f 354/354 402/402 403/403
f 356/356 355/355 5504/5367
f 358/358 357/357 406/406
f 359/359 358/358 407/407
f 360/360 359/359 408/408
f 361/361 360/360 409/409
f 362/362 361/361 410/410
f 363/363 362/362 411/411
f 364/364 5839/5679 412/412
f 412/412 5805/5648 364/364
f 367/367 6655/6434 414/414
f 368/368 415/415 369/369
f 370/370 6820/6592 6517/6305
f 371/371 370/370 417/417
f 323/323 418/418 372/372
f 420/420 421/421 324/324
f 324/324 422/422 373/373
f 422/422 423/423 374/374
f 375/375 423/423 424/424
f 376/376 424/424 425/425
f 377/377 425/425 426/426
f 428/428 6383/6176 427/427
f 380/380 6383/6176 428/428
f 381/381 429/429 430/430
f 382/382 430/430 431/431
f 383/383 431/431 432/432
f 384/384 432/432 433/433
f 385/385 433/433 434/434
f 387/387 435/435 388/388
f 389/389 435/435 436/436
f 390/390 436/436 437/437
f 439/439 6590/6374 440/440
f 5932/5763 440/440 441/441
f 5378/5245 445/445 398/398
f 398/398 446/446 399/399
f 446/446 400/400 399/399
f 5487/5350 401/401 447/447
f 450/450 5977/5802 403/403
f 404/404 5977/5802 452/452
f 405/405 404/404 453/453
f 406/406 405/405 454/454
f 407/407 406/406 455/455
f 408/408 407/407 456/456
f 409/409 408/408 457/457
f 410/410 409/409 458/458
f 411/411 410/410 459/459
f 6419/6209 462/462 463/463
f 413/413 463/463 464/464
f 6655/6434 464/464 465/465
f 6517/6305 467/467 416/416
f 417/417 416/416 468/468
f 418/418 417/417 469/469
f 470/470 372/372 418/418
f 372/372 470/470 471/471
f 419/419 473/473 420/420
f 421/421 473/473 474/474
f 421/421 475/475 422/422
f 475/475 476/476 422/422
f 423/423 476/476 477/477
f 424/424 477/477 478/478
f 425/425 478/478 479/479
f 378/378 480/480 427/427
f 480/480 481/481 427/427
f 428/428 481/481 482/482
f 429/429 482/482 483/483
f 430/430 483/483 484/484
f 431/431 484/484 485/485
f 432/432 485/485 486/486
f 433/433 486/486 487/487
f 434/434 487/487 488/488
f 387/387 489/489 490/490
f 435/435 490/490 491/491
f 436/436 491/491 492/492
f 437/437 493/493 5974/5800
f 496/496 495/495 5247/5121
f 442/442 496/496 497/497
f 6594/6378 498/498 555/555
f 500/500 444/444 499/499
f 5487/5350 503/503 504/504
f 448/448 5487/5350 505/505
f 453/453 452/452 508/508
f 454/454 453/453 509/509
f 455/455 454/454 510/510
f 456/456 455/455 511/511
f 457/457 456/456 512/512
f 458/458 457/457 513/513
f 459/459 458/458 514/514
f 460/460 459/459 515/515
f 461/461 460/460 516/516
f 517/517 461/461 516/516
f 463/463 462/462 518/518
f 464/464 463/463 519/519
f 465/465 464/464 520/520
f 466/466 465/465 6119/5935
f 5995/5820 466/466 6119/5935
f 468/468 6597/6381 521/521
f 469/469 468/468 522/522
f 470/470 469/469 523/523
f 471/471 470/470 524/524
f 528/528 472/472 527/527
f 473/473 528/528 529/529
f 474/474 529/529 530/530
f 474/474 531/531 475/475
f 476/476 531/531 532/532
f 477/477 532/532 533/533
f 478/478 534/534 479/479
f 479/479 535/535 426/426
f 480/480 535/535 536/536
f 481/481 536/536 537/537
f 482/482 537/537 538/538
f 483/483 538/538 539/539
f 484/484 539/539 540/540
f 485/485 540/540 541/541
f 486/486 541/541 542/542
f 487/487 542/542 543/543
f 488/488 543/543 544/544
f 545/545 488/488 544/544
f 490/490 545/545 546/546
f 491/491 546/546 547/547
f 492/492 547/547 548/548
f 549/549 492/492 548/548
f 493/493 549/549 550/550
f 6191/5999 605/605 551/551
f 552/552 5247/5121 495/495
f 554/554 497/497 553/553
f 555/555 556/556 5603/5460
f 5603/5460 5812/5655 499/499
f 502/502 501/501 6208/6012
f 503/503 561/561 504/504
f 506/506 449/449 5292/5166
f 451/451 5282/5156 507/507
f 508/508 507/507 6547/6334
f 509/509 508/508 565/565
f 510/510 509/509 566/566
f 511/511 510/510 567/567
f 512/512 511/511 568/568
f 513/513 512/512 569/569
f 514/514 513/513 570/570
f 515/515 514/514 571/571
f 516/516 515/515 572/572
f 517/517 516/516 573/573
f 518/518 517/517 574/574
f 519/519 518/518 575/575
f 520/520 519/519 576/576
f 521/521 578/578 579/579
f 522/522 521/521 580/580
f 523/523 522/522 581/581
f 524/524 523/523 582/582
f 525/525 524/524 583/583
f 525/525 583/583 526/526
f 585/585 586/586 527/527
f 528/528 586/586 587/587
f 529/529 587/587 588/588
f 530/530 589/589 531/531
f 532/532 589/589 590/590
f 590/590 533/533 532/532
f 590/590 591/591 533/533
f 534/534 592/592 479/479
f 535/535 592/592 593/593
f 537/537 593/593 594/594
f 538/538 594/594 595/595
f 539/539 595/595 596/596
f 540/540 596/596 597/597
f 541/541 597/597 598/598
f 542/542 598/598 599/599
f 544/544 600/600 545/545
f 546/546 600/600 601/601
f 547/547 601/601 602/602
f 548/548 602/602 603/603
f 604/604 548/548 603/603
f 663/663 551/551 605/605
f 5530/5389 5290/5164 606/606
f 6508/6296 607/607 608/608
f 553/553 6508/6296 609/609
f 554/554 6010/5835 610/610
f 556/556 610/610 611/611
f 559/559 6294/6091 612/612
f 613/613 614/614 560/560
f 614/614 561/561 560/560
f 563/563 618/618 5547/5405
f 565/565 6547/6334 620/620
f 566/566 565/565 621/621
f 567/567 566/566 622/622
f 568/568 567/567 623/623
f 569/569 568/568 624/624
f 570/570 569/569 625/625
f 571/571 570/570 626/626
f 572/572 571/571 627/627
f 573/573 572/572 628/628
f 574/574 573/573 629/629
f 575/575 574/574 630/630
f 576/576 575/575 631/631
f 5824/5664 576/576 632/632
f 580/580 579/579 634/634
f 581/581 580/580 635/635
f 582/582 581/581 636/636
f 583/583 582/582 637/637
f 526/526 583/583 638/638
f 638/638 584/584 526/526
f 640/640 641/641 585/585
f 586/586 641/641 642/642
f 587/587 642/642 643/643
f 588/588 644/644 530/530
f 589/589 644/644 645/645
f 589/589 646/646 590/590
f 591/591 647/647 534/534
f 592/592 647/647 648/648
f 648/648 649/649 593/593
f 594/594 649/649 650/650
f 595/595 650/650 651/651
f 596/596 651/651 652/652
f 597/597 652/652 653/653
f 598/598 653/653 654/654
f 599/599 654/654 655/655
f 544/544 656/656 657/657
f 600/600 657/657 658/658
f 601/601 658/658 659/659
f 602/602 659/659 660/660
f 603/603 661/661 604/604
f 661/661 662/662 604/604
f 664/664 663/663 6237/6039
f 667/667 6010/5835 553/553
f 670/670 557/557 611/611
f 615/615 671/671 672/672
f 617/617 616/616 673/673
f 674/674 617/617 673/673
f 6606/6388 618/618 5551/5409
f 620/620 619/619 676/676
f 621/621 620/620 677/677
f 622/622 621/621 678/678
f 623/623 622/622 679/679
f 624/624 623/623 680/680
f 625/625 624/624 681/681
f 626/626 625/625 682/682
f 627/627 626/626 683/683
f 628/628 627/627 684/684
f 629/629 628/628 685/685
f 630/630 629/629 686/686
f 631/631 630/630 687/687
f 632/632 631/631 688/688
f 633/633 632/632 689/689
f 579/579 6126/5942 691/691
f 635/635 634/634 692/692
f 636/636 635/635 693/693
f 637/637 636/636 694/694
f 638/638 637/637 696/696
f 638/638 697/697 584/584
f 639/639 699/699 640/640
f 641/641 699/699 700/700
f 642/642 700/700 701/701
f 643/643 701/701 702/702
f 643/643 703/703 588/588
f 644/644 703/703 704/704
f 645/645 705/705 646/646
f 705/705 706/706 646/646
f 591/591 706/706 707/707
f 647/647 707/707 708/708
f 708/708 709/709 648/648
f 649/649 709/709 710/710
f 650/650 710/710 711/711
f 651/651 711/711 712/712
f 652/652 712/712 713/713
f 653/653 713/713 714/714
f 654/654 714/714 715/715
f 655/655 715/715 716/716
f 717/717 655/655 716/716
f 657/657 717/717 718/718
f 658/658 718/718 719/719
f 660/660 720/720 603/603
f 661/661 720/720 721/721
f 665/665 725/725 666/666
f 5477/5340 732/732 671/671
f 671/671 733/733 672/672
f 672/672 734/734 735/735
f 674/674 673/673 735/735
f 675/675 738/738 739/739
f 676/676 675/675 740/740
f 677/677 676/676 741/741
f 678/678 677/677 742/742
f 679/679 678/678 743/743
f 680/680 679/679 744/744
f 681/681 680/680 745/745
f 682/682 681/681 746/746
f 683/683 682/682 747/747
f 684/684 683/683 748/748
f 685/685 684/684 749/749
f 686/686 685/685 750/750
f 687/687 686/686 751/751
f 688/688 687/687 752/752
f 689/689 688/688 753/753
f 690/690 689/689 754/754
f 691/691 690/690 755/755
f 756/756 691/691 755/755
f 634/634 756/756 692/692
f 693/693 692/692 758/758
f 694/694 693/693 759/759
f 696/696 695/695 760/760
f 698/698 697/697 762/762
f 765/765 699/699 639/639
f 699/699 766/766 700/700
f 701/701 766/766 767/767
f 702/702 768/768 703/703
f 704/704 768/768 769/769
f 704/704 770/770 645/645
f 705/705 770/770 771/771
f 706/706 771/771 772/772
f 707/707 772/772 773/773
f 773/773 774/774 708/708
f 709/709 774/774 775/775
f 710/710 775/775 776/776
f 711/711 776/776 777/777
f 712/712 777/777 778/778
f 713/713 778/778 779/779
f 714/714 779/779 780/780
f 716/716 781/781 717/717
f 718/718 781/781 782/782
f 719/719 782/782 783/783
f 660/660 784/784 785/785
f 720/720 785/785 786/786
f 787/787 721/721 786/786
f 788/788 722/722 787/787
f 723/723 788/788 789/789
f 723/723 724/724 5279/5153
f 791/791 725/725 790/790
f 726/726 791/791 792/792
f 793/793 860/860 6765/6541
f 795/795 794/794 6765/6541
f 5704/5560 797/797 6273/6072
f 798/798 732/732 5704/5560
f 733/733 800/800 734/734
f 735/735 734/734 6545/6332
f 674/674 801/801 736/736
f 737/737 736/736 6877/6634
f 740/740 739/739 804/804
f 741/741 740/740 805/805
f 742/742 741/741 806/806
f 743/743 742/742 807/807
f 744/744 743/743 808/808
f 745/745 744/744 809/809
f 746/746 745/745 810/810
f 747/747 746/746 811/811
f 748/748 747/747 812/812
f 749/749 748/748 813/813
f 750/750 749/749 814/814
f 751/751 750/750 815/815
f 752/752 751/751 816/816
f 753/753 752/752 817/817
f 754/754 753/753 818/818
f 755/755 754/754 819/819
f 758/758 757/757 821/821
f 759/759 758/758 822/822
f 695/695 759/759 823/823
f 695/695 824/824 760/760
f 761/761 760/760 825/825
f 762/762 761/761 826/826
f 763/763 762/762 826/826
f 830/830 765/765 764/764
f 765/765 831/831 766/766
f 766/766 831/831 832/832
f 767/767 833/833 702/702
f 768/768 833/833 834/834
f 769/769 835/835 770/770
f 771/771 835/835 836/836
f 772/772 837/837 773/773
f 837/837 838/838 773/773
f 774/774 838/838 839/839
f 775/775 839/839 840/840
f 776/776 840/840 841/841
f 777/777 841/841 842/842
f 778/778 842/842 843/843
f 779/779 843/843 844/844
f 780/780 844/844 845/845
f 845/845 846/846 780/780
f 716/716 846/846 847/847
f 781/781 847/847 848/848
f 782/782 848/848 849/849
f 783/783 849/849 850/850
f 851/851 783/783 850/850
f 785/785 851/851 852/852
f 852/852 853/853 786/786
f 787/787 853/853 854/854
f 788/788 854/854 855/855
f 789/789 855/855 856/856
f 6451/6239 858/858 5799/5646
f 859/859 6789/6563 792/792
f 6258/6060 6765/6541 860/860
f 5340/5214 796/796 728/728
f 797/797 863/863 5454/5321
f 799/799 798/798 865/865
f 801/801 6545/6332 867/867
f 802/802 6849/6610 868/868
f 803/803 802/802 869/869
f 803/803 870/870 739/739
f 870/870 804/804 739/739
f 805/805 804/804 872/872
f 806/806 805/805 873/873
f 807/807 806/806 874/874
f 808/808 807/807 875/875
f 809/809 808/808 876/876
f 810/810 809/809 877/877
f 811/811 810/810 878/878
f 812/812 811/811 879/879
f 813/813 812/812 880/880
f 814/814 813/813 881/881
f 815/815 814/814 882/882
f 816/816 815/815 883/883
f 817/817 816/816 884/884
f 818/818 817/817 885/885
f 819/819 818/818 886/886
f 820/820 819/819 887/887
f 757/757 820/820 888/888
f 820/820 757/757 756/756
f 822/822 821/821 889/889
f 823/823 822/822 890/890
f 825/825 824/824 891/891
f 826/826 825/825 892/892
f 827/827 828/828 6893/6646
f 831/831 893/893 894/894
f 895/895 6847/6609 832/832
f 6847/6609 896/896 833/833
f 834/834 897/897 769/769
f 835/835 897/897 898/898
f 898/898 899/899 836/836
f 837/837 899/899 900/900
f 838/838 900/900 901/901
f 839/839 901/901 902/902
f 840/840 902/902 903/903
f 841/841 903/903 904/904
f 842/842 904/904 905/905
f 843/843 905/905 906/906
f 844/844 906/906 907/907
f 845/845 908/908 846/846
f 847/847 908/908 909/909
f 848/848 909/909 910/910
f 849/849 910/910 911/911
f 850/850 912/912 851/851
f 912/912 913/913 852/852
f 853/853 913/913 914/914
f 854/854 914/914 915/915
f 855/855 915/915 916/916
f 856/856 916/916 917/917
f 6451/6239 856/856 918/918
f 858/858 919/919 5846/5686
f 6789/6563 6167/5981 860/860
f 6258/6060 5409/5276 920/920
f 862/862 5924/5755 863/863
f 864/864 865/865 798/798
f 866/866 925/925 6213/6016
f 867/867 866/866 6213/6016
f 869/869 868/868 928/928
f 870/870 869/869 929/929
f 872/872 871/871 930/930
f 873/873 872/872 931/931
f 874/874 873/873 932/932
f 875/875 874/874 933/933
f 876/876 875/875 934/934
f 877/877 876/876 935/935
f 878/878 877/877 936/936
f 879/879 878/878 937/937
f 880/880 879/879 938/938
f 881/881 880/880 939/939
f 882/882 881/881 940/940
f 883/883 882/882 941/941
f 884/884 883/883 942/942
f 885/885 884/884 943/943
f 886/886 885/885 944/944
f 887/887 886/886 945/945
f 888/888 887/887 946/946
f 821/821 888/888 947/947
f 890/890 889/889 948/948
f 891/891 890/890 949/949
f 950/950 891/891 949/949
f 893/893 955/955 894/894
f 6678/6456 955/955 1016/1016
f 956/956 895/895 894/894
f 5837/5677 896/896 895/895
f 896/896 958/958 834/834
f 897/897 958/958 959/959
f 959/959 960/960 898/898
f 899/899 960/960 961/961
f 900/900 961/961 962/962
f 901/901 962/962 963/963
f 902/902 963/963 964/964
f 903/903 964/964 965/965
f 904/904 965/965 966/966
f 905/905 966/966 967/967
f 905/905 968/968 906/906
f 907/907 969/969 845/845
f 908/908 969/969 970/970
f 909/909 970/970 971/971
f 911/911 972/972 850/850
f 912/912 972/972 973/973
f 973/973 974/974 912/912
f 913/913 974/974 975/975
f 914/914 975/975 976/976
f 915/915 976/976 977/977
f 916/916 977/977 978/978
f 917/917 978/978 979/979
f 979/979 918/918 917/917
f 982/982 6548/6335 981/981
f 982/982 1048/1048 5409/5276
f 921/921 920/920 984/984
f 921/921 985/985 5686/5542
f 5686/5542 986/986 922/922
f 926/926 6213/6016 989/989
f 927/927 926/926 990/990
f 928/928 927/927 991/991
f 929/929 928/928 992/992
f 871/871 929/929 993/993
f 931/931 930/930 994/994
f 932/932 931/931 995/995
f 933/933 932/932 996/996
f 934/934 933/933 997/997
f 935/935 934/934 998/998
f 936/936 935/935 999/999
f 937/937 936/936 1000/1000
f 938/938 937/937 1001/1001
f 939/939 938/938 1002/1002
f 940/940 939/939 1003/1003
f 941/941 940/940 1004/1004
f 942/942 941/941 1005/1005
f 943/943 942/942 1006/1006
f 944/944 943/943 1007/1007
f 945/945 944/944 1008/1008
f 946/946 945/945 1009/1009
f 947/947 946/946 1010/1010
f 889/889 947/947 1011/1011
f 889/889 1011/1011 948/948
f 6659/6438 948/948 1077/1077
f 6814/6588 1013/1013 951/951
f 5808/5651 1015/1015 6132/5948
f 1020/1020 957/957 1019/1019
f 1020/1020 1021/1021 959/959
f 960/960 1021/1021 1022/1022
f 961/961 1022/1022 1023/1023
f 962/962 1023/1023 1024/1024
f 963/963 1024/1024 1025/1025
f 964/964 1025/1025 1026/1026
f 965/965 1026/1026 1027/1027
f 966/966 1027/1027 1028/1028
f 967/967 1029/1029 968/968
f 968/968 1030/1030 907/907
f 969/969 1030/1030 1031/1031
f 970/970 1031/1031 1032/1032
f 971/971 1032/1032 1033/1033
f 1033/1033 1034/1034 971/971
f 911/911 1034/1034 1035/1035
f 972/972 1035/1035 1036/1036
f 973/973 1036/1036 1037/1037
f 974/974 1037/1037 1038/1038
f 975/975 1038/1038 1039/1039
f 976/976 1039/1039 1040/1040
f 977/977 1040/1040 1041/1041
f 978/978 1041/1041 1042/1042
f 979/979 1042/1042 1043/1043
f 1046/1046 980/980 1045/1045
f 1046/1046 1047/1047 6812/6586
f 5466/5333 981/981 1047/1047
f 6533/6320 983/983 1048/1048
f 986/986 1050/1050 1051/1051
f 987/987 1051/1051 5275/5149
f 990/990 989/989 1055/1055
f 991/991 990/990 1056/1056
f 992/992 991/991 1057/1057
f 993/993 992/992 1058/1058
f 930/930 993/993 1059/1059
f 995/995 994/994 1060/1060
f 996/996 995/995 1061/1061
f 997/997 996/996 1062/1062
f 998/998 997/997 1063/1063
f 999/999 998/998 1064/1064
f 1000/1000 999/999 1065/1065
f 1001/1001 1000/1000 1066/1066
f 1002/1002 1001/1001 1067/1067
f 1003/1003 1002/1002 1068/1068
f 1004/1004 1003/1003 1069/1069
f 1005/1005 1004/1004 1070/1070
f 1006/1006 1005/1005 1071/1071
f 1007/1007 1006/1006 1072/1072
f 1008/1008 1007/1007 1073/1073
f 1009/1009 1008/1008 1074/1074
f 1010/1010 1009/1009 1075/1075
f 1011/1011 1010/1010 1076/1076
f 949/949 6659/6438 1012/1012
f 6683/6461 1013/1013 1012/1012
f 1081/1081 952/952 1080/1080
f 1084/1084 1014/1014 1083/1083
f 1019/1019 1085/1085 1020/1020
f 1021/1021 1085/1085 1086/1086
f 1022/1022 1086/1086 1087/1087
f 1023/1023 1087/1087 1088/1088
f 1024/1024 1088/1088 1089/1089
f 1025/1025 1089/1089 1090/1090
f 1026/1026 1090/1090 1091/1091
f 1027/1027 1091/1091 1092/1092
f 1028/1028 1093/1093 967/967
f 1029/1029 1093/1093 1094/1094
f 1030/1030 1094/1094 1095/1095
f 1031/1031 1095/1095 1096/1096
f 1032/1032 1096/1096 1097/1097
f 1033/1033 1098/1098 1034/1034
f 1035/1035 1098/1098 1099/1099
f 1036/1036 1099/1099 1100/1100
f 1037/1037 1100/1100 1101/1101
f 1038/1038 1101/1101 1102/1102
f 1039/1039 1102/1102 1103/1103
f 1040/1040 1103/1103 1104/1104
f 1041/1041 1104/1104 1105/1105
f 1042/1042 1105/1105 1106/1106
f 1043/1043 1106/1106 1107/1107
f 1044/1044 1107/1107 1108/1108
f 1045/1045 1108/1108 1109/1109
f 1111/1111 1110/1110 5772/5623
f 5466/5333 1111/1111 6771/6546
f 1112/1112 1113/1113 5904/5735
f 1049/1049 1113/1113 6775/6550
f 5534/5393 1051/1051 1114/1114
f 1115/1115 1052/1052 5753/5606
f 1053/1053 1115/1115 1116/1116
f 1055/1055 1054/1054 1117/1117
f 1056/1056 1055/1055 1118/1118
f 1057/1057 1056/1056 1119/1119
f 1058/1058 1057/1057 1120/1120
f 1059/1059 1058/1058 1121/1121
f 994/994 1059/1059 1122/1122
f 1061/1061 1060/1060 1123/1123
f 1062/1062 1061/1061 1124/1124
f 1063/1063 1062/1062 1125/1125
f 1064/1064 1063/1063 1126/1126
f 1065/1065 1064/1064 1127/1127
f 1067/1067 6892/6645 1129/1129
f 1069/1069 1068/1068 1131/1131
f 1070/1070 1069/1069 1132/1132
f 1071/1071 1070/1070 1133/1133
f 1072/1072 1071/1071 1134/1134
f 1073/1073 1072/1072 1135/1135
f 1074/1074 1073/1073 1136/1136
f 1075/1075 1074/1074 1137/1137
f 1076/1076 1075/1075 1138/1138
f 1077/1077 1076/1076 1139/1139
f 952/952 1081/1081 953/953
f 1143/1143 6132/5948 1084/1084
f 5585/5442 1016/1016 1143/1143
f 5825/5665 1018/1018 1145/1145
f 1085/1085 1146/1146 1147/1147
f 1086/1086 1147/1147 1148/1148
f 1087/1087 1148/1148 1149/1149
f 1088/1088 1149/1149 1150/1150
f 1089/1089 1150/1150 1151/1151
f 1090/1090 1151/1151 1152/1152
f 1091/1091 1152/1152 1153/1153
f 1092/1092 1154/1154 1028/1028
f 1093/1093 1154/1154 1155/1155
f 1094/1094 1155/1155 1156/1156
f 1095/1095 1156/1156 1157/1157
f 1097/1097 1158/1158 1033/1033
f 1098/1098 1158/1158 1159/1159
f 1099/1099 1159/1159 1160/1160
f 1100/1100 1160/1160 1161/1161
f 1101/1101 1161/1161 1162/1162
f 1102/1102 1162/1162 1163/1163
f 1103/1103 1163/1163 1164/1164
f 1104/1104 1164/1164 1165/1165
f 1105/1105 1165/1165 1166/1166
f 1106/1106 1166/1166 1167/1167
f 1107/1107 1167/1167 1168/1168
f 1108/1108 1168/1168 1169/1169
f 1109/1109 1169/1169 1170/1170
f 1171/1171 1109/1109 1170/1170
f 1171/1171 5772/5623 1110/1110
f 6771/6546 1173/1173 1174/1174
f 5774/5625 1178/1178 1114/1114
f 1114/1114 1179/1179 5534/5393
f 5753/5606 1180/1180 1115/1115
f 1115/1115 1181/1181 1116/1116
f 1117/1117 1116/1116 1183/1183
f 1118/1118 1117/1117 1184/1184
f 1119/1119 1118/1118 1185/1185
f 1120/1120 1119/1119 1186/1186
f 1121/1121 1120/1120 1187/1187
f 1122/1122 1121/1121 1188/1188
f 1060/1060 1122/1122 1189/1189
f 1124/1124 1123/1123 1190/1190
f 1125/1125 1124/1124 1191/1191
f 1126/1126 1125/1125 1192/1192
f 1127/1127 1126/1126 1193/1193
f 1128/1128 1127/1127 1193/1193
f 1129/1129 1128/1128 1194/1194
f 1130/1130 1129/1129 1195/1195
f 1131/1131 1130/1130 1196/1196
f 1130/1130 1131/1131 1068/1068
f 1132/1132 1131/1131 1197/1197
f 1133/1133 1132/1132 1198/1198
f 1134/1134 1133/1133 1199/1199
f 1135/1135 1134/1134 1200/1200
f 1136/1136 1135/1135 1201/1201
f 1137/1137 1136/1136 1202/1202
f 1138/1138 1137/1137 1203/1203
f 1139/1139 1138/1138 1204/1204
f 6708/6485 6229/6032 1078/1078
f 1205/1205 6683/6461 6229/6032
f 1206/1206 6092/5908 1079/1079
f 1208/1208 1141/1141 6142/5958
f 1142/1142 1209/1209 1082/1082
f 1083/1083 1209/1209 1210/1210
f 1144/1144 1213/1213 5585/5442
f 1145/1145 1213/1213 1214/1214
f 1146/1146 1215/1215 1216/1216
f 1147/1147 1216/1216 1217/1217
f 1148/1148 1217/1217 1218/1218
f 1149/1149 1218/1218 1219/1219
f 1150/1150 1219/1219 1220/1220
f 1151/1151 1220/1220 1221/1221
f 1152/1152 1221/1221 1222/1222
f 1153/1153 1223/1223 1092/1092
f 1154/1154 1223/1223 1224/1224
f 1155/1155 1224/1224 1225/1225
f 1156/1156 1225/1225 1226/1226
f 1157/1157 1227/1227 1096/1096
f 1097/1097 1227/1227 1228/1228
f 1158/1158 1228/1228 1229/1229
f 1159/1159 1229/1229 1230/1230
f 1160/1160 1230/1230 1231/1231
f 1161/1161 1231/1231 1232/1232
f 1162/1162 1232/1232 1233/1233
f 1163/1163 1233/1233 1234/1234
f 1164/1164 1234/1234 1235/1235
f 1165/1165 1235/1235 1236/1236
f 1166/1166 1236/1236 1237/1237
f 1167/1167 1237/1237 1238/1238
f 1168/1168 1238/1238 1239/1239
f 1169/1169 1239/1239 1240/1240
f 1172/1172 1241/1241 1242/1242
f 1244/1244 1176/1176 1175/1175
f 1176/1176 1245/1245 6036/5858
f 6277/6075 5774/5625 1177/1177
f 6713/6489 1178/1178 1247/1247
f 1180/1180 6713/6489 1249/1249
f 1181/1181 1180/1180 1250/1250
f 1182/1182 1181/1181 1251/1251
f 1183/1183 1182/1182 1252/1252
f 1184/1184 1183/1183 1253/1253
f 1185/1185 1184/1184 1254/1254
f 1186/1186 1185/1185 1255/1255
f 1187/1187 1186/1186 1256/1256
f 1188/1188 1187/1187 1257/1257
f 1189/1189 1188/1188 1258/1258
f 1123/1123 1189/1189 1259/1259
f 1191/1191 1190/1190 1260/1260
f 1192/1192 1191/1191 1261/1261
f 1193/1193 1192/1192 1262/1262
f 1195/1195 1194/1194 1264/1264
f 1196/1196 1195/1195 1265/1265
f 1198/1198 1197/1197 1267/1267
f 1199/1199 1198/1198 1268/1268
f 1200/1200 1199/1199 1269/1269
f 1201/1201 1200/1200 1270/1270
f 1202/1202 1201/1201 1271/1271
f 1203/1203 1202/1202 1272/1272
f 1204/1204 1203/1203 1273/1273
f 1205/1205 6708/6485 1275/1275
f 1206/1206 1205/1205 1276/1276
f 1140/1140 1207/1207 1277/1277
f 1279/1279 1141/1141 1208/1208
f 1209/1209 1280/1280 1281/1281
f 6807/6581 1282/1282 1212/1212
f 1143/1143 1212/1212 1144/1144
f 1213/1213 1283/1283 1284/1284
f 1214/1214 1284/1284 1285/1285
f 1215/1215 1285/1285 1286/1286
f 1216/1216 1286/1286 1287/1287
f 1217/1217 1287/1287 1288/1288
f 1218/1218 1288/1288 1289/1289
f 1219/1219 1289/1289 1290/1290
f 1220/1220 1290/1290 1291/1291
f 1221/1221 1291/1291 1292/1292
f 1222/1222 1293/1293 1153/1153
f 1223/1223 1293/1293 1294/1294
f 1224/1224 1294/1294 1295/1295
f 1225/1225 1295/1295 1296/1296
f 1226/1226 1297/1297 1157/1157
f 1227/1227 1297/1297 1298/1298
f 1228/1228 1298/1298 1299/1299
f 1229/1229 1299/1299 1300/1300
f 1230/1230 1300/1300 1301/1301
f 1231/1231 1301/1301 1302/1302
f 1232/1232 1302/1302 1303/1303
f 1233/1233 1303/1303 1304/1304
f 1234/1234 1304/1304 1305/1305
f 1235/1235 1305/1305 1306/1306
f 1236/1236 1306/1306 1307/1307
f 1237/1237 1307/1307 1308/1308
f 1238/1238 1308/1308 1309/1309
f 1239/1239 1310/1310 1240/1240
f 6645/6424 1240/1240 1310/1310
f 1311/1311 5961/5792 1242/1242
f 1244/1244 6249/6051 1245/1245
f 1246/1246 6495/6283 1317/1317
f 1320/1320 1248/1248 1319/1319
f 1250/1250 1249/1249 1321/1321
f 1251/1251 1250/1250 1322/1322
f 1252/1252 1251/1251 1323/1323
f 1253/1253 1252/1252 1324/1324
f 1254/1254 1253/1253 1325/1325
f 1255/1255 1254/1254 1326/1326
f 1256/1256 1255/1255 1327/1327
f 1257/1257 1256/1256 1328/1328
f 1258/1258 1257/1257 1329/1329
f 1259/1259 1258/1258 1330/1330
f 1190/1190 1259/1259 1331/1331
f 1261/1261 1260/1260 1332/1332
f 1262/1262 1261/1261 1333/1333
f 1263/1263 1262/1262 1334/1334
f 1194/1194 1263/1263 1335/1335
f 1265/1265 1264/1264 1336/1336
f 1266/1266 1265/1265 1337/1337
f 1267/1267 1266/1266 1338/1338
f 1266/1266 1267/1267 1197/1197
f 1268/1268 1267/1267 1339/1339
f 1269/1269 1268/1268 1340/1340
f 1270/1270 1269/1269 1341/1341
f 1271/1271 1270/1270 1342/1342
f 1272/1272 1271/1271 1343/1343
f 1273/1273 1272/1272 1344/1344
f 1274/1274 1273/1273 1345/1345
f 1275/1275 1274/1274 1346/1346
f 1276/1276 1275/1275 1347/1347
f 1276/1276 1348/1348 1207/1207
f 1207/1207 1349/1349 1277/1277
f 1278/1278 1350/1350 1351/1351
f 1279/1279 1278/1278 1352/1352
f 1352/1352 1353/1353 1279/1279
f 1280/1280 1355/1355 1281/1281
f 1355/1355 1356/1356 1281/1281
f 1211/1211 1356/1356 1357/1357
f 1282/1282 1357/1357 1358/1358
f 1283/1283 1358/1358 1359/1359
f 1284/1284 1359/1359 1360/1360
f 1285/1285 1360/1360 1361/1361
f 1286/1286 1361/1361 1362/1362
f 1287/1287 1362/1362 1363/1363
f 1288/1288 1363/1363 1364/1364
f 1289/1289 1364/1364 1365/1365
f 1290/1290 1365/1365 1366/1366
f 1291/1291 1366/1366 1367/1367
f 1292/1292 1368/1368 1222/1222
f 1293/1293 1368/1368 1369/1369
f 1294/1294 1369/1369 1370/1370
f 1295/1295 1370/1370 1371/1371
f 1296/1296 1372/1372 1226/1226
f 1297/1297 1372/1372 1373/1373
f 1298/1298 1373/1373 1374/1374
f 1299/1299 1374/1374 1375/1375
f 1300/1300 1375/1375 1376/1376
f 1301/1301 1376/1376 1377/1377
f 1302/1302 1377/1377 1378/1378
f 1303/1303 1378/1378 1379/1379
f 1304/1304 1379/1379 1380/1380
f 1305/1305 1380/1380 1381/1381
f 1306/1306 1381/1381 1382/1382
f 1307/1307 1382/1382 1383/1383
f 1308/1308 1383/1383 1384/1384
f 1385/1385 6645/6424 1310/1310
f 6674/6452 6574/6359 1387/1387
f 5060/4938 1389/1389 1315/1315
f 1315/1315 1316/1316 5776/5627
f 1317/1317 1390/1390 5507/5370
f 5507/5370 1391/1391 1392/1392
f 1319/1319 1393/1393 1320/1320
f 1321/1321 1320/1320 1394/1394
f 1322/1322 1321/1321 1395/1395
f 1323/1323 1322/1322 1396/1396
f 1324/1324 1323/1323 1397/1397
f 1325/1325 1324/1324 1398/1398
f 1326/1326 1325/1325 1399/1399
f 1327/1327 1326/1326 1400/1400
f 1328/1328 1327/1327 1401/1401
f 1329/1329 1328/1328 1402/1402
f 1330/1330 1329/1329 1403/1403
f 1331/1331 1330/1330 1404/1404
f 1260/1260 1331/1331 1405/1405
f 1260/1260 1406/1406 1332/1332
f 1333/1333 1332/1332 1407/1407
f 1334/1334 1333/1333 1408/1408
f 1335/1335 1334/1334 1409/1409
f 1264/1264 1335/1335 1410/1410
f 1337/1337 1336/1336 1411/1411
f 1338/1338 1337/1337 1412/1412
f 1340/1340 1339/1339 1414/1414
f 1341/1341 1340/1340 1415/1415
f 1343/1343 1342/1342 1416/1416
f 1344/1344 1343/1343 1417/1417
f 1345/1345 1344/1344 1418/1418
f 1346/1346 1345/1345 1419/1419
f 1347/1347 1346/1346 1420/1420
f 1348/1348 1347/1347 1421/1421
f 1349/1349 1348/1348 1422/1422
f 1350/1350 1349/1349 1423/1423
f 1355/1355 1427/1427 1428/1428
f 1356/1356 1428/1428 1429/1429
f 1357/1357 1430/1430 1358/1358
f 1359/1359 1430/1430 1431/1431
f 1360/1360 1431/1431 1432/1432
f 1361/1361 1432/1432 1433/1433
f 1362/1362 1433/1433 1434/1434
f 1363/1363 1434/1434 1435/1435
f 1364/1364 1435/1435 1436/1436
f 1365/1365 1436/1436 1437/1437
f 1366/1366 1437/1437 1438/1438
f 1367/1367 1439/1439 1292/1292
f 1368/1368 1439/1439 1440/1440
f 1369/1369 1440/1440 1441/1441
f 1370/1370 1441/1441 1442/1442
f 1371/1371 1443/1443 1296/1296
f 1372/1372 1443/1443 1444/1444
f 1373/1373 1444/1444 1445/1445
f 1374/1374 1445/1445 1446/1446
f 1375/1375 1446/1446 1447/1447
f 1376/1376 1447/1447 1448/1448
f 1377/1377 1448/1448 1449/1449
f 1378/1378 1449/1449 1450/1450
f 1379/1379 1450/1450 1451/1451
f 1380/1380 1451/1451 1452/1452
f 1381/1381 1452/1452 1453/1453
f 1382/1382 1453/1453 1454/1454
f 1455/1455 1456/1456 1384/1384
f 6661/6440 1457/1457 1458/1458
f 1385/1385 6866/6625 6160/5975
f 1386/1386 1460/1460 1387/1387
f 6674/6452 1461/1461 1529/1529
f 5698/5554 1388/1388 1313/1313
f 1463/1463 1464/1464 1389/1389
f 1389/1389 6772/6547 1316/1316
f 5507/5370 1392/1392 1318/1318
f 1468/1468 5797/5644 1467/1467
f 1394/1394 1468/1468 1395/1395
f 6486/6274 1396/1396 5573/5430
f 1398/1398 1397/1397 1469/1469
f 1399/1399 1398/1398 1470/1470
f 1400/1400 1399/1399 1471/1471
f 1401/1401 1400/1400 1472/1472
f 1402/1402 1401/1401 1473/1473
f 1403/1403 1402/1402 1474/1474
f 1404/1404 1403/1403 1475/1475
f 1405/1405 1404/1404 1476/1476
f 1406/1406 1405/1405 1477/1477
f 1407/1407 1406/1406 1478/1478
f 1408/1408 1407/1407 1479/1479
f 1409/1409 1408/1408 1480/1480
f 1410/1410 1409/1409 1481/1481
f 1336/1336 1410/1410 1482/1482
f 1412/1412 1411/1411 1483/1483
f 1413/1413 1412/1412 1484/1484
f 1414/1414 1413/1413 1485/1485
f 1413/1413 1414/1414 1339/1339
f 1415/1415 1414/1414 1486/1486
f 1342/1342 1415/1415 1487/1487
f 1417/1417 1416/1416 1488/1488
f 1418/1418 1417/1417 1489/1489
f 1419/1419 1418/1418 1490/1490
f 1420/1420 1419/1419 1491/1491
f 1421/1421 1420/1420 1492/1492
f 1423/1423 1422/1422 1493/1493
f 1351/1351 1423/1423 1494/1494
f 1424/1424 1351/1351 1495/1495
f 1425/1425 1424/1424 1496/1496
f 1497/1497 1425/1425 1496/1496
f 1426/1426 1498/1498 1427/1427
f 1428/1428 1498/1498 1499/1499
f 1429/1429 1500/1500 1357/1357
f 1430/1430 1500/1500 1501/1501
f 1431/1431 1501/1501 1502/1502
f 1432/1432 1502/1502 1503/1503
f 1433/1433 1503/1503 1504/1504
f 1434/1434 1504/1504 1505/1505
f 1435/1435 1505/1505 1506/1506
f 1436/1436 1506/1506 1507/1507
f 1437/1437 1507/1507 1508/1508
f 1438/1438 1509/1509 1367/1367
f 1439/1439 1509/1509 1510/1510
f 1440/1440 1510/1510 1511/1511
f 1441/1441 1511/1511 1512/1512
f 1442/1442 1513/1513 1371/1371
f 1443/1443 1513/1513 1514/1514
f 1444/1444 1514/1514 1515/1515
f 1445/1445 1515/1515 1516/1516
f 1446/1446 1516/1516 1517/1517
f 1447/1447 1517/1517 1518/1518
f 1448/1448 1518/1518 1519/1519
f 1449/1449 1519/1519 1520/1520
f 1450/1450 1520/1520 1521/1521
f 1451/1451 1521/1521 1522/1522
f 1452/1452 1522/1522 1523/1523
f 1453/1453 1523/1523 1524/1524
f 1454/1454 1524/1524 1525/1525
f 1526/1526 1455/1455 1525/1525
f 1456/1456 1526/1526 1527/1527
f 1528/1528 1456/1456 1527/1527
f 1528/1528 1458/1458 1457/1457
f 1461/1461 5969/5795 1529/1529
f 6231/6034 5564/5421 1530/1530
f 5037/4925 1531/1531 6680/6458
f 6680/6458 1465/1465 1464/1464
f 1534/1534 1533/1533 1611/1611
f 1467/1467 1535/1535 6315/6111
f 1536/1536 6486/6274 5573/5430
f 1469/1469 6486/6274 1537/1537
f 1470/1470 1469/1469 1539/1539
f 1471/1471 1470/1470 1540/1540
f 1472/1472 1471/1471 1541/1541
f 1473/1473 1472/1472 1542/1542
f 1474/1474 1473/1473 1543/1543
f 1475/1475 1474/1474 1544/1544
f 1476/1476 1475/1475 1545/1545
f 1477/1477 1476/1476 1546/1546
f 1478/1478 1477/1477 1547/1547
f 1479/1479 1478/1478 1548/1548
f 1480/1480 1479/1479 1548/1548
f 1481/1481 1480/1480 1549/1549
f 1482/1482 1481/1481 1550/1550
f 1411/1411 1482/1482 1551/1551
f 1484/1484 1483/1483 1552/1552
f 1485/1485 1484/1484 1553/1553
f 1486/1486 1555/1555 1487/1487
f 1416/1416 1487/1487 1556/1556
f 1489/1489 1488/1488 1557/1557
f 1490/1490 1489/1489 1558/1558
f 1491/1491 1490/1490 1559/1559
f 1492/1492 1491/1491 1560/1560
f 1422/1422 1492/1492 1561/1561
f 1493/1493 1562/1562 1563/1563
f 1494/1494 1493/1493 1563/1563
f 1495/1495 1494/1494 1564/1564
f 1496/1496 1495/1495 1565/1565
f 1567/1567 1568/1568 1426/1426
f 1498/1498 1568/1568 6783/6558
f 1499/1499 1569/1569 1429/1429
f 1500/1500 1569/1569 1570/1570
f 1501/1501 1570/1570 1571/1571
f 1502/1502 1571/1571 1572/1572
f 1503/1503 1572/1572 1573/1573
f 1504/1504 1573/1573 1574/1574
f 1505/1505 1574/1574 1575/1575
f 1506/1506 1575/1575 1576/1576
f 1507/1507 1576/1576 1577/1577
f 1508/1508 1578/1578 1438/1438
f 1509/1509 1578/1578 1579/1579
f 1510/1510 1579/1579 1580/1580
f 1511/1511 1580/1580 1581/1581
f 1512/1512 1582/1582 1442/1442
f 1513/1513 1582/1582 1583/1583
f 1514/1514 1583/1583 1584/1584
f 1515/1515 1584/1584 1585/1585
f 1516/1516 1585/1585 1586/1586
f 1517/1517 1586/1586 1587/1587
f 1518/1518 1587/1587 1588/1588
f 1519/1519 1588/1588 1589/1589
f 1520/1520 1589/1589 1590/1590
f 1521/1521 1590/1590 1591/1591
f 1522/1522 1591/1591 1592/1592
f 1523/1523 1592/1592 1593/1593
f 1524/1524 1593/1593 1594/1594
f 1525/1525 1594/1594 1595/1595
f 1526/1526 1595/1595 1596/1596
f 1527/1527 1596/1596 1597/1597
f 1527/1527 1598/1598 1528/1528
f 1675/1675 5553/5411 1598/1598
f 1600/1600 1599/1599 6210/6014
f 5564/5421 1603/1603 1604/1604
f 1465/1465 6680/6458 1608/1608
f 1534/1534 6217/6020 5270/5144
f 1537/1537 1536/1536 1613/1613
f 1538/1538 1537/1537 1614/1614
f 1539/1539 1538/1538 1615/1615
f 1540/1540 1539/1539 1616/1616
f 1541/1541 1540/1540 1617/1617
f 1542/1542 1541/1541 1618/1618
f 1543/1543 1542/1542 1619/1619
f 1544/1544 1543/1543 1620/1620
f 1545/1545 1544/1544 1621/1621
f 1546/1546 1545/1545 1622/1622
f 1547/1547 1546/1546 1623/1623
f 1548/1548 1547/1547 1624/1624
f 1549/1549 1548/1548 1625/1625
f 1550/1550 1549/1549 1626/1626
f 1551/1551 1550/1550 1627/1627
f 1483/1483 1551/1551 1628/1628
f 1553/1553 1552/1552 1629/1629
f 1554/1554 1553/1553 1630/1630
f 1555/1555 1554/1554 1631/1631
f 1556/1556 1555/1555 1632/1632
f 1555/1555 1556/1556 1487/1487
f 1488/1488 1556/1556 1633/1633
f 1558/1558 1557/1557 1634/1634
f 1559/1559 1558/1558 1635/1635
f 1560/1560 1559/1559 1636/1636
f 1561/1561 1560/1560 1637/1637
f 1563/1563 1562/1562 1638/1638
f 1564/1564 1563/1563 1639/1639
f 1565/1565 1564/1564 1640/1640
f 1497/1497 1565/1565 1641/1641
f 1566/1566 1497/1497 1641/1641
f 1568/1568 1642/1642 1643/1643
f 6783/6558 1568/1568 1643/1643
f 1645/1645 6783/6558 1644/1644
f 1569/1569 1645/1645 1646/1646
f 1570/1570 1646/1646 1647/1647
f 1571/1571 1647/1647 1648/1648
f 1572/1572 1648/1648 1649/1649
f 1573/1573 1649/1649 1650/1650
f 1574/1574 1650/1650 1651/1651
f 1575/1575 1651/1651 1652/1652
f 1576/1576 1652/1652 1653/1653
f 1577/1577 1654/1654 1508/1508
f 1578/1578 1654/1654 1655/1655
f 1579/1579 1655/1655 1656/1656
f 1580/1580 1656/1656 1657/1657
f 1581/1581 1658/1658 1512/1512
f 1582/1582 1658/1658 1659/1659
f 1583/1583 1659/1659 1660/1660
f 1584/1584 1660/1660 1661/1661
f 1585/1585 1661/1661 1662/1662
f 1586/1586 1662/1662 1663/1663
f 1587/1587 1663/1663 1664/1664
f 1588/1588 1664/1664 1665/1665
f 1589/1589 1665/1665 1666/1666
f 1590/1590 1666/1666 1667/1667
f 1591/1591 1667/1667 1668/1668
f 1592/1592 1668/1668 1669/1669
f 1593/1593 1669/1669 1670/1670
f 1594/1594 1670/1670 1671/1671
f 1595/1595 1671/1671 1672/1672
f 1596/1596 1672/1672 1673/1673
f 1597/1597 1673/1673 1674/1674
f 1598/1598 1674/1674 6478/6266
f 1599/1599 1675/1675 6210/6014
f 6210/6014 1677/1677 1600/1600
f 1678/1678 1677/1677 1753/1753
f 1679/1679 1602/1602 1678/1678
f 1679/1679 5723/5579 1602/1602
f 1605/1605 1681/1681 1682/1682
f 6337/6133 1684/1684 1610/1610
f 1686/1686 1610/1610 1758/1758
f 1613/1613 6252/6054 1689/1689
f 1614/1614 1613/1613 1690/1690
f 1615/1615 1614/1614 1692/1692
f 1616/1616 1615/1615 1693/1693
f 1617/1617 1616/1616 1694/1694
f 1618/1618 1617/1617 1695/1695
f 1619/1619 1618/1618 1696/1696
f 1620/1620 1619/1619 1697/1697
f 1621/1621 1620/1620 1698/1698
f 1622/1622 1621/1621 1699/1699
f 1623/1623 1622/1622 1700/1700
f 1624/1624 1623/1623 1701/1701
f 1625/1625 1624/1624 1702/1702
f 1626/1626 1625/1625 1703/1703
f 1627/1627 1626/1626 1704/1704
f 1628/1628 1627/1627 1705/1705
f 1552/1552 1628/1628 1706/1706
f 1630/1630 1629/1629 1707/1707
f 1631/1631 1630/1630 1708/1708
f 1632/1632 1631/1631 1709/1709
f 1633/1633 1711/1711 1557/1557
f 1635/1635 1634/1634 6587/6371
f 1637/1637 1636/1636 6867/6626
f 1562/1562 1637/1637 1713/1713
f 1639/1639 1638/1638 1715/1715
f 1640/1640 1639/1639 1716/1716
f 1641/1641 1640/1640 1717/1717
f 6235/6037 1641/1641 1717/1717
f 1720/1720 1719/1719 6180/5989
f 1721/1721 1646/1646 1645/1645
f 1646/1646 1723/1723 1647/1647
f 1648/1648 6195/6003 1649/1649
f 1650/1650 1725/1725 1726/1726
f 1651/1651 1726/1726 1727/1727
f 1652/1652 1727/1727 1728/1728
f 1653/1653 1729/1729 1577/1577
f 1654/1654 1729/1729 1730/1730
f 1655/1655 1730/1730 1731/1731
f 1656/1656 1731/1731 1732/1732
f 1657/1657 1733/1733 1581/1581
f 1658/1658 1733/1733 1734/1734
f 1659/1659 1734/1734 1735/1735
f 1660/1660 1735/1735 1736/1736
f 1661/1661 1736/1736 1737/1737
f 1662/1662 1737/1737 1738/1738
f 1663/1663 1738/1738 1739/1739
f 1664/1664 1739/1739 1740/1740
f 1665/1665 1740/1740 1741/1741
f 1666/1666 1741/1741 1742/1742
f 1667/1667 1742/1742 1743/1743
f 1668/1668 1743/1743 1744/1744
f 1669/1669 1744/1744 1745/1745
f 1670/1670 1745/1745 1746/1746
f 1671/1671 1746/1746 1747/1747
f 1672/1672 1747/1747 1748/1748
f 1673/1673 1748/1748 1749/1749
f 1674/1674 1749/1749 1750/1750
f 1598/1598 6478/6266 1675/1675
f 1751/1751 1752/1752 1676/1676
f 1680/1680 5190/5068 1681/1681
f 1760/1760 1688/1688 5834/5674
f 1690/1690 1761/1761 1691/1691
f 1693/1693 1692/1692 1763/1763
f 1694/1694 1693/1693 1764/1764
f 1695/1695 1694/1694 1765/1765
f 1696/1696 1695/1695 1766/1766
f 1697/1697 1696/1696 1767/1767
f 1698/1698 1697/1697 1768/1768
f 1699/1699 1698/1698 1769/1769
f 1700/1700 1699/1699 1770/1770
f 1701/1701 1700/1700 1771/1771
f 1702/1702 1701/1701 1772/1772
f 1703/1703 1702/1702 1773/1773
f 1704/1704 1703/1703 1774/1774
f 1705/1705 1704/1704 1775/1775
f 1706/1706 1705/1705 1776/1776
f 1629/1629 1706/1706 1777/1777
f 1708/1708 1707/1707 1778/1778
f 1709/1709 1708/1708 1779/1779
f 1710/1710 1709/1709 1780/1780
f 1711/1711 1710/1710 1781/1781
f 1634/1634 1711/1711 1782/1782
f 1711/1711 1634/1634 1557/1557
f 6859/6619 1855/1855 1784/1784
f 1713/1713 1712/1712 1785/1785
f 1714/1714 1786/1786 1715/1715
f 6187/5996 1715/1715 1786/1786
f 1717/1717 1716/1716 1788/1788
f 1789/1789 5438/5305 6091/5907
f 6412/6204 1722/1722 1721/1721
f 6195/6003 1795/1795 1725/1725
f 1727/1727 6728/6504 1797/1797
f 1797/1797 1798/1798 1728/1728
f 1799/1799 1728/1728 1798/1798
f 1729/1729 1799/1799 1800/1800
f 1730/1730 1800/1800 1801/1801
f 1731/1731 1801/1801 1802/1802
f 1732/1732 1803/1803 1657/1657
f 1733/1733 1803/1803 1804/1804
f 1734/1734 1804/1804 1805/1805
f 1735/1735 1805/1805 1806/1806
f 1736/1736 1806/1806 1807/1807
f 1737/1737 1807/1807 1808/1808
f 1738/1738 1808/1808 1809/1809
f 1739/1739 1809/1809 1810/1810
f 1740/1740 1810/1810 1811/1811
f 1741/1741 1811/1811 1812/1812
f 1742/1742 1812/1812 1813/1813
f 1743/1743 1813/1813 1814/1814
f 1744/1744 1814/1814 1815/1815
f 1745/1745 1815/1815 1816/1816
f 1746/1746 1816/1816 1817/1817
f 1747/1747 1817/1817 1818/1818
f 1748/1748 1818/1818 1819/1819
f 1749/1749 1819/1819 1820/1820
f 1751/1751 1750/1750 1894/1894
f 1752/1752 1751/1751 1821/1821
f 1822/1822 1821/1821 5542/5401
f 5190/5068 6262/6061 6764/6540
f 1898/1898 6262/6061 1825/1825
f 5652/5509 1755/1755 1827/1827
f 1828/1828 1757/1757 5652/5509
f 5191/5069 6158/5973 1685/1685
f 5244/5118 1829/1829 6799/6573
f 1831/1831 6799/6573 1830/1830
f 5834/5674 1832/1832 1760/1760
f 1762/1762 1833/1833 6644/6423
f 1763/1763 1762/1762 1834/1834
f 1764/1764 1763/1763 1835/1835
f 1765/1765 1764/1764 1836/1836
f 1766/1766 1765/1765 1837/1837
f 1767/1767 1766/1766 1838/1838
f 1768/1768 1767/1767 1839/1839
f 1769/1769 1768/1768 1840/1840
f 1770/1770 1769/1769 1841/1841
f 1771/1771 1770/1770 1842/1842
f 1772/1772 1771/1771 1843/1843
f 1773/1773 1772/1772 1844/1844
f 1774/1774 1773/1773 1845/1845
f 1775/1775 1774/1774 1846/1846
f 1776/1776 1775/1775 1847/1847
f 1777/1777 1776/1776 1848/1848
f 1707/1707 1777/1777 1849/1849
f 1779/1779 1778/1778 1850/1850
f 1780/1780 1779/1779 1851/1851
f 1781/1781 1780/1780 1852/1852
f 1782/1782 1781/1781 1853/1853
f 1783/1783 1854/1854 6839/6603
f 1784/1784 1855/1855 1928/1928
f 6867/6626 1857/1857 1712/1712
f 1712/1712 1857/1857 1785/1785
f 1786/1786 1858/1858 1859/1859
f 6091/5907 1861/1861 1789/1789
f 1866/1866 1865/1865 1936/1936
f 1792/1792 1866/1866 5737/5593
f 1794/1794 1868/1868 1869/1869
f 6728/6504 1872/1872 1797/1797
f 1872/1872 1873/1873 1798/1798
f 1874/1874 1798/1798 1873/1873
f 1800/1800 1874/1874 1875/1875
f 1801/1801 1875/1875 1876/1876
f 1802/1802 1877/1877 1732/1732
f 1803/1803 1877/1877 1878/1878
f 1804/1804 1878/1878 1879/1879
f 1805/1805 1879/1879 1880/1880
f 1806/1806 1880/1880 1881/1881
f 1807/1807 1881/1881 1882/1882
f 1808/1808 1882/1882 1883/1883
f 1809/1809 1884/1884 1810/1810
f 1811/1811 1884/1884 1885/1885
f 1812/1812 1885/1885 1886/1886
f 1813/1813 1886/1886 1887/1887
f 1814/1814 1887/1887 1888/1888
f 1815/1815 1888/1888 1889/1889
f 1816/1816 1889/1889 1890/1890
f 1817/1817 1890/1890 1891/1891
f 1818/1818 1891/1891 1892/1892
f 1819/1819 1892/1892 1893/1893
f 1820/1820 1894/1894 1750/1750
f 5793/5640 1895/1895 6098/5914
f 1896/1896 1824/1824 5245/5119
f 1824/1824 1897/1897 1825/1825
f 5450/5317 1825/1825 1897/1897
f 6442/6230 5694/5550 1828/1828
f 6393/6185 1901/1901 1902/1902
f 1903/1903 1831/1831 1830/1830
f 1832/1832 1905/1905 5529/5388
f 1833/1833 6553/6340 1906/1906
f 1834/1834 6644/6423 1908/1908
f 1835/1835 1834/1834 1909/1909
f 1836/1836 1835/1835 1910/1910
f 1837/1837 1836/1836 1911/1911
f 1838/1838 1837/1837 1912/1912
f 1839/1839 1838/1838 1913/1913
f 1840/1840 1839/1839 1914/1914
f 1841/1841 1840/1840 1915/1915
f 1842/1842 1841/1841 1916/1916
f 1843/1843 1842/1842 1917/1917
f 1844/1844 1843/1843 1918/1918
f 1845/1845 1844/1844 1919/1919
f 1846/1846 1845/1845 1920/1920
f 1847/1847 1846/1846 1921/1921
f 1848/1848 1847/1847 1922/1922
f 1849/1849 1848/1848 1923/1923
f 1778/1778 1849/1849 1924/1924
f 1851/1851 1850/1850 1925/1925
f 1853/1853 1854/1854 1783/1783
f 6190/5998 1856/1856 1930/1930
f 6563/6349 1859/1859 1858/1858
f 1859/1859 1860/1860 1786/1786
f 1787/1787 1933/1933 1861/1861
f 1862/1862 1861/1861 1934/1934
f 1936/1936 1865/1865 1864/1864
f 5527/5386 6469/6257 1939/1939
f 1940/1940 1942/1942 1872/1872
f 1872/1872 1942/1942 1873/1873
f 1874/1874 1943/1943 1875/1875
f 6112/5928 6700/6477 1943/1943
f 1945/1945 1876/1876 1944/1944
f 1877/1877 1945/1945 1946/1946
f 1878/1878 1946/1946 1947/1947
f 1879/1879 1947/1947 1948/1948
f 1880/1880 1948/1948 1949/1949
f 1881/1881 1949/1949 1950/1950
f 1882/1882 1950/1950 1951/1951
f 1883/1883 1952/1952 1809/1809
f 1884/1884 1952/1952 1953/1953
f 1885/1885 1953/1953 1954/1954
f 1886/1886 1954/1954 1955/1955
f 1887/1887 1955/1955 1956/1956
f 1888/1888 1956/1956 1957/1957
f 1889/1889 1957/1957 1958/1958
f 1890/1890 1958/1958 1959/1959
f 1891/1891 1959/1959 1960/1960
f 1892/1892 1960/1960 1961/1961
f 1961/1961 6688/6465 1893/1893
f 6688/6465 1962/1962 1893/1893
f 1963/1963 6613/6393 1962/1962
f 1965/1965 1964/1964 5942/5773
f 1966/1966 5237/5115 5473/5336
f 1966/1966 5473/5336 1967/1967
f 6550/6337 1897/1897 1967/1967
f 5450/5317 5173/5051 1968/1968
f 1899/1899 6328/6124 1969/1969
f 5609/5466 1970/1970 1900/1900
f 5853/5693 1900/1900 1971/1971
f 6442/6230 5398/5265 5853/5693
f 6269/6068 1973/1973 1901/1901
f 1901/1901 1974/1974 1902/1902
f 1902/1902 1975/1975 6279/6077
f 6544/6331 1976/1976 1904/1904
f 5529/5388 1978/1978 1979/1979
f 1906/1906 1979/1979 6301/6098
f 1907/1907 1906/1906 6301/6098
f 1908/1908 1907/1907 1981/1981
f 1909/1909 1908/1908 1982/1982
f 1910/1910 1909/1909 1983/1983
f 1911/1911 1910/1910 1984/1984
f 1912/1912 1911/1911 1985/1985
f 1913/1913 1912/1912 1986/1986
f 1914/1914 1913/1913 1987/1987
f 1915/1915 1914/1914 1988/1988
f 1916/1916 1915/1915 1989/1989
f 1917/1917 1916/1916 1990/1990
f 1918/1918 1917/1917 1991/1991
f 1919/1919 1918/1918 1992/1992
f 1920/1920 1919/1919 1993/1993
f 1921/1921 1920/1920 1994/1994
f 1922/1922 1996/1996 1923/1923
f 1924/1924 1923/1923 1998/1998
f 6385/6178 1852/1852 1851/1851
f 2003/2003 1927/1927 2002/2002
f 1929/1929 6787/6561 6071/5892
f 1930/1930 1929/1929 2004/2004
f 6380/6173 2005/2005 2006/2006
f 6490/6278 1934/1934 1933/1933
f 2066/2066 6169/5983 2010/2010
f 6364/6158 6112/5928 6811/6585
f 1946/1946 2013/2013 1947/1947
f 1948/1948 2013/2013 2014/2014
f 1949/1949 2014/2014 2015/2015
f 1950/1950 2015/2015 2016/2016
f 1951/1951 2017/2017 1883/1883
f 1952/1952 2017/2017 2018/2018
f 1953/1953 2018/2018 2019/2019
f 1954/1954 2019/2019 2020/2020
f 1955/1955 2020/2020 2021/2021
f 1956/1956 2021/2021 2022/2022
f 1957/1957 2022/2022 2023/2023
f 6751/6527 2023/2023 2080/2080
f 2025/2025 6751/6527 2024/2024
f 6437/6225 2025/2025 2081/2081
f 2026/2026 6437/6225 2081/2081
f 6098/5914 2028/2028 5526/5385
f 5526/5385 6573/6358 5942/5773
f 5173/5051 2030/2030 6382/6175
f 1969/1969 2032/2032 1970/1970
f 6727/6503 1972/1972 1971/1971
f 1973/1973 1972/1972 2034/2034
f 1975/1975 6544/6331 6279/6077
f 6041/5863 1977/1977 1976/1976
f 6301/6098 2037/2037 2038/2038
f 1981/1981 1980/1980 2039/2039
f 1982/1982 1981/1981 6654/6433
f 1983/1983 1982/1982 2040/2040
f 1985/1985 1984/1984 6525/6312
f 1986/1986 1985/1985 2042/2042
f 1987/1987 1986/1986 2044/2044
f 1988/1988 1987/1987 2045/2045
f 1989/1989 1988/1988 2046/2046
f 1990/1990 1989/1989 2047/2047
f 2048/2048 1991/1991 6850/6611
f 1992/1992 1991/1991 2048/2048
f 1993/1993 1992/1992 2049/2049
f 1994/1994 1993/1993 2050/2050
f 1995/1995 1994/1994 2051/2051
f 1996/1996 1995/1995 2052/2052
f 2053/2053 6105/5921 1997/1997
f 1999/1999 6105/5921 2054/2054
f 2056/2056 2000/2000 2055/2055
f 2001/2001 2000/2000 2056/2056
f 2002/2002 6280/6078 6068/5889
f 2058/2058 2057/2057 6401/6193
f 6284/6081 2058/2058 6071/5892
f 6407/6199 5262/5136 2004/2004
f 5457/5324 2059/2059 5234/5112
f 2060/2060 5235/5113 2122/2122
f 2062/2062 2061/2061 6343/6139
f 5464/5331 5678/5535 5227/5105
f 2064/2064 2063/2063 6559/6346
f 5719/5575 6559/6346 5485/5348
f 5505/5368 2009/2009 2065/2065
f 6169/5983 2066/2066 2011/2011
f 2066/2066 6172/5986 2011/2011
f 2067/2067 2012/2012 6364/6158
f 2068/2068 2012/2012 2067/2067
f 6305/6101 2069/2069 2013/2013
f 2014/2014 2069/2069 2070/2070
f 2015/2015 2070/2070 2071/2071
f 2016/2016 2071/2071 2072/2072
f 2016/2016 2073/2073 1951/1951
f 2017/2017 2073/2073 2074/2074
f 2018/2018 2074/2074 2075/2075
f 2019/2019 2075/2075 2076/2076
f 2020/2020 2076/2076 2077/2077
f 2021/2021 2077/2077 2078/2078
f 2079/2079 2023/2023 2022/2022
f 2026/2026 2083/2083 2027/2027
f 6168/5982 5946/5777 2086/2086
f 2088/2088 5237/5115 2087/2087
f 5473/5336 2088/2088 2089/2089
f 2090/2090 2091/2091 2030/2030
f 5173/5051 6382/6175 5405/5272
f 2092/2092 2093/2093 2032/2032
f 2032/2032 2033/2033 1970/1970
f 2094/2094 1973/1973 2034/2034
f 5841/5681 5863/5700 2094/2094
f 1974/1974 2035/2035 1975/1975
f 5230/5108 5496/5359 2036/2036
f 6457/6245 2098/2098 2037/2037
f 2038/2038 2099/2099 6072/5893
f 2039/2039 2038/2038 6072/5893
f 2101/2101 2040/2040 6654/6433
f 2103/2103 6058/5880 2041/2041
f 6525/6312 6058/5880 2042/2042
f 2104/2104 2042/2042 6058/5880
f 2044/2044 2043/2043 2105/2105
f 2045/2045 2044/2044 2106/2106
f 2046/2046 2045/2045 2107/2107
f 2047/2047 2046/2046 2108/2108
f 6850/6611 2109/2109 2048/2048
f 2110/2110 2048/2048 2171/2171
f 2111/2111 2049/2049 2110/2110
f 2051/2051 2050/2050 2112/2112
f 2052/2052 2051/2051 2113/2113
f 2052/2052 2114/2114 1997/1997
f 2053/2053 2115/2115 2116/2116
f 6105/5921 2116/2116 2054/2054
f 2055/2055 2117/2117 6070/5891
f 6070/5891 2118/2118 6280/6078
f 2118/2118 6068/5889 6280/6078
f 2058/2058 6407/6199 6071/5892
f 5732/5588 5500/5363 2120/2120
f 5153/5031 5732/5588 2182/2182
f 6052/5874 6458/6246 2059/2059
f 2122/2122 5235/5113 5465/5332
f 6429/6218 5452/5319 2124/2124
f 2063/2063 2125/2125 2126/2126
f 5743/5599 6619/6398 2132/2132
f 2135/2135 6546/6333 2199/2199
f 2074/2074 2135/2135 2136/2136
f 2075/2075 2136/2136 2137/2137
f 2076/2076 2137/2137 2138/2138
f 2077/2077 2138/2138 2139/2139
f 2078/2078 2139/2139 2140/2140
f 2141/2141 2078/2078 2140/2140
f 2142/2142 2080/2080 2079/2079
f 2144/2144 2143/2143 2206/2206
f 6346/6142 2082/2082 2144/2144
f 2146/2146 2084/2084 2083/2083
f 6266/6065 5174/5052 2147/2147
f 2090/2090 2147/2147 5157/5035
f 2150/2150 6740/6516 2149/2149
f 2093/2093 5392/5259 2033/2033
f 2155/2155 6552/6339 2095/2095
f 2098/2098 2099/2099 2037/2037
f 2162/2162 2101/2101 6084/5901
f 2103/2103 2164/2164 6311/6107
f 6666/6445 6311/6107 2165/2165
f 2043/2043 6666/6445 2105/2105
f 2106/2106 2105/2105 2167/2167
f 2107/2107 2106/2106 2168/2168
f 2108/2108 2107/2107 2169/2169
f 2109/2109 2108/2108 2170/2170
f 2171/2171 2109/2109 2170/2170
f 2173/2173 2110/2110 6505/6293
f 2114/2114 2175/2175 2176/2176
f 2177/2177 6342/6138 2176/2176
f 5255/5129 2118/2118 6399/6191
f 2119/2119 6401/6193 2057/2057
f 5708/5564 6571/6356 2181/2181
f 2121/2121 2120/2120 5921/5752
f 2182/2182 5732/5588 2121/2121
f 6052/5874 2183/2183 6458/6246
f 6459/6247 5177/5055 2184/2184
f 6459/6247 6333/6129 2122/2122
f 2246/2246 6694/6471 5361/5235
f 5895/5726 5672/5529 2187/2187
f 5412/5279 6536/6323 2123/2123
f 5910/5741 2190/2190 6100/5916
f 2250/2250 2192/2192 2191/2191
f 2194/2194 2193/2193 5722/5578
f 2195/2195 2194/2194 5513/5376
f 2133/2133 2134/2134 2071/2071
f 2137/2137 2200/2200 6647/6426
f 2138/2138 6647/6426 2201/2201
f 2140/2140 2201/2201 2202/2202
f 2140/2140 2202/2202 2203/2203
f 2141/2141 2203/2203 2204/2204
f 2205/2205 2204/2204 6043/5865
f 2207/2207 6346/6142 2206/2206
f 2145/2145 6346/6142 2208/2208
f 2146/2146 2261/2261 5265/5139
f 2209/2209 5236/5114 5509/5372
f 2210/2210 5225/5103 5495/5358
f 2211/2211 5174/5052 2210/2210
f 6699/6476 2213/2213 5636/5493
f 2149/2149 2214/2214 2215/2215
f 2216/2216 2215/2215 2268/2268
f 2154/2154 2153/2153 5594/5451
f 2156/2156 2222/2222 5459/5326
f 2226/2226 2099/2099 2159/2159
f 2163/2163 2162/2162 5843/5683
f 2164/2164 6320/6116 2228/2228
f 2230/2230 2167/2167 2166/2166
f 5971/5797 6040/5862 2232/2232
f 2233/2233 2169/2169 5971/5797
f 6505/6293 2234/2234 2172/2172
f 2175/2175 2237/2237 2176/2176
f 2178/2178 6399/6191 6070/5891
f 2179/2179 6562/6348 5255/5129
f 5708/5564 2242/2242 5921/5752
f 2182/2182 5072/4950 5385/5252
f 6459/6247 2294/2294 2185/2185
f 2186/2186 2185/2185 2245/2245
f 5122/5000 6536/6323 2247/2247
f 2299/2299 5434/5301 2248/2248
f 2250/2250 6792/6566 6154/5969
f 2250/2250 5488/5351 2192/2192
f 5488/5351 6453/6241 5248/5122
f 5722/5578 5478/5341 5232/5110
f 2197/2197 2252/2252 2253/2253
f 2198/2198 6805/6579 2254/2254
f 2200/2200 6537/6324 2255/2255
f 5785/5636 2255/2255 2305/2305
f 2202/2202 2256/2256 2203/2203
f 2258/2258 6043/5865 2257/2257
f 2263/2263 2209/2209 5763/5614
f 6527/6314 6286/6083 2265/2265
f 2213/2213 2266/2266 5636/5493
f 6227/6030 2151/2151 2216/2216
f 5594/5451 2270/2270 6073/5894
f 5156/5034 5918/5749 2222/2222
f 2225/2225 5522/5381 2226/2226
f 5522/5381 5738/5594 5278/5152
f 6017/5841 5843/5683 2227/2227
f 2228/2228 6320/6116 6808/6582
f 2279/2279 2228/2228 6808/6582
f 2231/2231 2230/2230 5999/5824
f 5971/5797 6671/6449 2281/2281
f 2233/2233 2281/2281 6477/6265
f 2286/2286 6501/6289 2238/2238
f 6501/6289 2287/2287 6204/6008
f 2179/2179 2289/2289 2241/2241
f 2242/2242 2291/2291 5162/5040
f 5162/5040 2292/2292 6551/6338
f 6134/5950 6313/6109 5317/5191
f 2244/2244 2293/2293 5133/5011
f 2245/2245 2296/2296 6176/6835
f 6840/6604 2298/2298 5369/5243
f 5110/4988 5152/5030 2299/2299
f 6456/6244 5267/5141 2302/2302
f 6805/6579 5595/5452 2254/2254
f 5941/5772 6443/6231 2305/2305
f 2257/2257 2308/2308 2258/2258
f 2309/2309 2258/2258 2308/2308
f 2310/2310 2259/2259 2309/2309
f 5780/5631 5968/5794 2310/2310
f 2260/2260 2312/2312 2313/2313
f 2314/2314 6329/6125 2313/2313
f 2315/2315 6742/6518 5763/5614
f 2318/2318 2317/2317 5854/5694
f 5979/5804 2318/2318 2319/2319
f 6351/6146 2320/2320 5370/5244
f 5636/5493 6351/6146 5370/5244
f 2269/2269 5981/5806 2322/2322
f 2270/2270 5379/5246 2271/2271
f 2276/2276 6297/6094 2326/2326
f 2276/2276 2277/2277 5522/5381
f 6671/6449 5971/5797 2232/2232
f 5798/5645 2235/2235 2335/2335
f 2336/2336 2284/2284 2283/2283
f 2336/2336 2283/2283 5798/5645
f 2284/2284 6717/6493 2285/2285
f 5448/5315 2341/2341 5165/5043
f 5165/5043 5901/5732 2291/2291
f 5317/5191 2342/2342 6134/5950
f 6196/6004 6134/5950 2343/2343
f 2293/2293 2344/2344 2345/2345
f 5133/5011 2345/2345 6746/6522
f 5647/5504 6586/6370 2296/2296
f 5651/5508 2297/2297 5105/4983
f 5098/4976 5369/5243 2348/2348
f 5430/5297 6760/6536 6369/6163
f 5136/5014 2350/2350 5118/4996
f 5447/5314 5194/5072 6154/5969
f 6090/5906 2351/2351 6225/6028
f 2309/2309 2356/2356 5697/5553
f 2405/2405 5780/5631 2358/2358
f 2360/2360 2359/2359 5442/5309
f 2314/2314 6206/6010 2315/2315
f 2317/2317 2363/2363 2364/2364
f 2319/2319 5854/5694 2365/2365
f 5370/5244 2368/2368 6242/6044
f 5370/5244 6242/6044 5636/5493
f 6810/6584 2371/2371 2322/2322
f 5638/5495 2324/2324 6032/5854
f 6297/6094 2380/2380 2326/2326
f 6615/6395 2381/2381 5861/5698
f 2278/2278 2329/2329 6017/5841
f 6511/6299 5211/5089 2329/2329
f 2330/2330 2383/2383 2384/2384
f 2332/2332 2385/2385 2333/2333
f 2333/2333 2386/2386 5720/5576
f 2335/2335 5935/5766 2387/2387
f 5445/5312 2335/2335 2387/2387
f 5691/5547 2338/2338 5600/5457
f 5185/5063 5436/5303 2340/2340
f 5893/5724 5401/5268 2341/2341
f 6746/6522 6529/6316 5647/5504
f 2347/2347 5098/4976 2348/2348
f 2395/2395 5110/4988 5117/4995
f 6250/6052 2396/2396 2438/2438
f 6123/5939 5181/5059 5476/5339
f 5476/5339 5181/5059 2352/2352
f 2445/2445 5453/5320 2399/2399
f 6558/6345 2307/2307 2306/2306
f 5307/5181 2357/2357 2404/2404
f 5442/5309 2406/2406 5807/5650
f 5442/5309 2361/2361 2360/2360
f 5671/5528 5126/5004 2408/2408
f 2367/2367 2366/2366 6441/6229
f 2370/2370 2412/2412 2413/2413
f 6560/6347 5561/5418 2378/2378
f 6773/6548 2379/2379 2420/2420
f 5861/5698 6657/6436 2382/2382
f 5482/5345 5943/5774 5220/5098
f 5201/5079 5687/5543 5502/5365
f 5445/5312 6012/5837 5734/5590
f 6538/6325 6366/6160 5673/5530
f 6366/6160 5639/5496 5150/5028
f 2388/2388 6532/6319 5401/5268
f 5121/4999 5670/5527 5914/5745
f 2431/2431 2390/2390 2389/2389
f 2431/2431 5633/5490 2390/2390
f 5107/4985 5357/5231 2391/2391
f 5051/4936 5327/5201 2434/2434
f 6522/6309 2435/2435 5339/5213
f 6572/6357 5095/4973 2394/2394
f 5095/4973 2437/2437 5864/5701
f 6250/6052 2438/2438 6361/6155
f 6403/6195 5315/5189 2442/2442
f 2444/2444 2445/2445 2399/2399
f 2401/2401 5071/4949 5664/5521
f 2446/2446 2498/2498 5667/5524
f 6627/6406 5307/5181 2449/2449
f 2359/2359 2406/2406 5442/5309
f 2455/2455 2410/2410 2454/2454
f 5359/5233 6074/5895 2412/2412
f 2412/2412 2458/2458 2510/2510
f 2413/2413 2460/2460 6025/5847
f 2460/2460 6417/6207 6025/5847
f 2373/2373 6628/6407 2414/2414
f 2512/2512 2414/2414 5848/5688
f 2415/2415 2464/2464 5868/5705
f 6560/6347 2467/2467 2420/2420
f 2467/2467 5041/4929 5305/5179
f 6484/6272 5884/5719 2420/2420
f 2422/2422 2468/2468 2423/2423
f 2469/2469 6657/6436 2423/2423
f 5080/4958 6623/6402 2471/2471
f 5482/5345 2473/2473 6009/5834
f 5482/5345 6009/5834 2386/2386
f 6009/5834 2426/2426 2386/2386
f 5320/5194 5693/5549 6488/6276
f 6099/5915 2427/2427 5693/5549
f 5613/5470 2480/2480 2481/2481
f 5332/5206 2388/2388 5639/5496
f 2430/2430 5897/5728 5670/5527
f 5621/5478 2433/2433 5357/5231
f 5322/5196 2433/2433 2485/2485
f 2488/2488 5339/5213 2435/2435
f 2436/2436 5339/5213 2489/2489
f 2437/2437 2541/2541 6670/6448
f 2490/2490 5337/5211 5075/4953
f 6361/6155 2491/2491 5069/4947
f 6357/6151 2492/2492 5865/5702
f 5618/5475 6095/5911 2440/2440
f 2440/2440 2442/2442 2441/2441
f 5315/5189 6403/6195 5391/5258
f 2494/2494 2400/2400 6358/6152
f 5071/4949 5341/5215 5664/5521
f 2446/2446 5341/5215 2497/2497
f 2498/2498 6496/6284 2447/2447
f 2448/2448 2500/2500 5061/4939
f 5610/5467 2503/2503 2504/2504
f 2453/2453 5610/5467 2505/2505
f 2453/2453 6117/5933 2454/2454
f 2455/2455 2456/2456 5111/4989
f 2461/2461 2462/2462 6417/6207
f 2514/2514 2464/2464 2513/2513
f 5338/5212 5082/4960 5626/5483
f 2515/2515 5082/4960 6806/6580
f 5087/4965 6499/6287 2465/2465
f 2576/2576 5035/4923 2466/2466
f 5065/4943 6484/6272 2518/2518
f 5065/4943 5662/5519 5884/5719
f 5354/5228 5062/4940 5408/5275
f 2520/2520 2469/2469 2468/2468
f 2521/2521 5347/5221 2471/2471
f 5080/4958 5347/5221 6664/6443
f 2474/2474 6150/5965 2524/2524
f 5413/5280 5076/4954 2524/2524
f 6744/6520 2527/2527 5320/5194
f 5351/5225 6099/5915 2528/2528
f 5129/5007 2477/2477 6296/6093
f 2529/2529 6498/6286 5064/4942
f 2530/2530 6498/6286 5890/5721
f 2481/2481 5362/5236 5613/5470
f 5074/4952 2531/2531 2597/2597
f 2483/2483 2532/2532 6360/6154
f 6734/6510 5813/5656 2431/2431
f 2534/2534 5813/5656 5040/4928
f 5093/4971 5343/5217 2535/2535
f 6846/6608 2490/2490 2543/2543
f 6361/6155 6128/5944 2491/2491
f 5113/4991 2547/2547 2548/2548
f 5380/5247 5113/4991 2548/2548
f 2553/2553 5654/5511 5883/5718
f 2495/2495 5654/5511 5923/5754
f 2495/2495 2554/2554 2496/2496
f 2498/2498 6298/6095 5666/5523
f 5665/5522 2557/2557 6146/5962
f 2559/2559 6627/6406 5306/5180
f 6627/6406 2501/2501 5038/4926
f 5889/5720 2560/2560 2502/2502
f 2502/2502 2561/2561 2504/2504
f 2506/2506 2563/2563 2564/2564
f 2506/2506 2564/2564 2507/2507
f 2507/2507 2565/2565 5360/5234
f 5360/5234 2566/2566 2508/2508
f 2510/2510 6015/5839 2459/2459
f 5083/4961 2459/2459 6015/5839
f 2569/2569 5083/4961 6015/5839
f 2511/2511 2571/2571 5758/5609
f 2514/2514 2573/2573 6129/5945
f 5622/5479 5100/4978 2574/2574
f 2515/2515 2574/2574 2575/2575
f 2577/2577 5042/4930 6822/6594
f 2517/2517 2518/2518 6484/6272
f 2579/2579 2518/2518 2578/2578
f 2581/2581 2520/2520 6679/6457
f 2582/2582 2581/2581 5422/5289
f 2583/2583 2521/2521 2582/2582
f 2583/2583 6664/6443 5347/5221
f 2586/2586 2522/2522 2585/2585
f 5413/5280 2589/2589 2526/2526
f 2591/2591 2590/2590 2648/2648
f 6296/6093 2593/2593 5129/5007
f 5890/5721 2595/2595 6540/6327
f 6530/6317 2597/2597 5874/5711
f 6360/6154 2599/2599 2533/2533
f 2600/2600 2599/2599 2660/2660
f 2600/2600 6335/6131 2534/2534
f 2662/2662 6836/6601 5358/5232
f 2603/2603 2538/2538 6652/6431
f 5090/4968 2606/2606 2540/2540
f 5099/4977 2608/2608 5810/5653
f 5137/5015 5629/5486 6255/6057
f 5137/5015 2612/2612 2547/2547
f 5380/5247 2549/2549 2493/2493
f 2550/2550 5429/5296 2551/2551
f 5919/5750 5200/5078 2614/2614
f 5923/5754 2553/2553 2616/2616
f 2557/2557 6317/6113 2622/2622
f 5416/5283 2557/2557 2622/2622
f 2624/2624 6381/6174 6566/6351
f 2561/2561 2625/2625 2626/2626
f 2561/2561 2626/2626 5852/5692
f 2564/2564 6826/6597 6345/6141
f 5779/5630 2565/2565 6345/6141
f 2566/2566 2630/2630 2567/2567
f 5103/4981 2631/2631 2568/2568
f 2632/2632 2569/2569 6015/5839
f 2638/2638 2636/2636 2637/2637
f 5912/5743 5982/5807 6326/6122
f 6326/6122 5042/4930 2576/2576
f 2705/2705 5042/4930 2639/2639
f 2579/2579 6589/6373 2580/2580
f 2644/2644 2586/2586 2585/2585
f 2587/2587 6299/6096 2588/2588
f 2646/2646 2589/2589 2588/2588
f 2646/2646 2647/2647 2589/2589
f 2649/2649 2591/2591 2648/2648
f 2593/2593 2650/2650 2651/2651
f 2726/2726 6625/6404 2655/2655
f 2657/2657 5874/5711 2597/2597
f 5874/5711 5644/5501 6633/6412
f 2598/2598 2659/2659 2599/2599
f 2660/2660 2659/2659 6243/6045
f 2534/2534 6335/6131 2601/2601
f 2661/2661 5358/5232 2601/2601
f 2664/2664 2663/2663 2734/2734
f 5081/4959 2604/2604 2603/2603
f 2604/2604 2605/2605 5356/5230
f 6248/6050 2667/2667 2607/2607
f 2608/2608 2668/2668 6758/6534
f 2672/2672 2610/2610 2671/2671
f 2611/2611 2745/2745 2746/2746
f 2611/2611 2612/2612 5137/5015
f 6157/5972 2676/2676 5200/5078
f 5923/5754 6712/6488 2617/2617
f 2618/2618 5498/5361 2680/2680
f 2619/2619 5773/5624 2620/2620
f 2621/2621 5773/5624 2683/2683
f 2684/2684 6494/6282 2621/2621
f 2685/2685 2622/2622 5508/5371
f 2623/2623 2686/2686 5781/5632
f 2688/2688 2625/2625 5192/5070
f 6042/5864 2628/2628 2627/2627
f 2693/2693 6345/6141 2692/2692
f 2693/2693 2629/2629 5779/5630
f 2696/2696 2633/2633 2632/2632
f 6246/6048 5084/4962 2698/2698
f 6246/6048 5101/4979 2699/2699
f 5100/4978 2701/2701 2636/2636
f 6344/6140 5597/5454 2702/2702
f 6524/6311 2704/2704 5350/5224
f 6822/6594 2640/2640 2578/2578
f 5766/5617 2707/2707 2640/2640
f 6589/6373 2708/2708 2641/2641
f 5260/5134 6318/6114 2708/2708
f 2710/2710 5836/5676 2709/2709
f 5422/5289 2711/2711 2712/2712
f 2643/2643 2714/2714 2644/2644
f 2777/2777 6796/6570 2716/2716
f 2648/2648 5849/5689 2719/2719
f 2721/2721 6234/6036 2782/2782
f 2652/2652 2722/2722 2723/2723
f 2724/2724 2652/2652 2723/2723
f 5207/5085 2654/2654 2724/2724
f 6625/6404 2596/2596 2655/2655
f 5644/5501 6639/6418 5402/5269
f 5399/5266 2658/2658 6633/6412
f 6243/6045 2729/2729 2730/2730
f 6335/6131 5960/5791 2661/2661
f 2794/2794 2731/2731 6528/6315
f 2734/2734 2733/2733 2796/2796
f 5081/4959 2736/2736 2666/2666
f 2737/2737 6588/6372 2605/2605
f 2741/2741 5120/4998 2740/2740
f 2668/2668 2608/2608 2607/2607
f 2669/2669 2742/2742 5909/5740
f 2670/2670 6143/5959 2743/2743
f 2747/2747 6418/6208 2673/2673
f 6418/6208 6696/6473 2613/2613
f 2749/2749 6853/6613 2806/2806
f 2750/2750 2676/2676 6157/5972
f 2677/2677 2751/2751 2678/2678
f 2679/2679 2752/2752 5845/5685
f 6166/5980 6712/6488 2679/2679
f 6166/5980 2680/2680 5498/5361
f 2682/2682 2755/2755 2683/2683
f 2756/2756 2683/2683 2755/2755
f 2758/2758 2685/2685 2757/2757
f 2686/2686 5209/5087 2759/2759
f 2687/2687 2688/2688 5192/5070
f 2689/2689 2690/2690 2626/2626
f 2692/2692 2763/2763 5840/5680
f 2692/2692 5840/5680 2693/2693
f 5143/5021 5393/5260 2629/2629
f 2695/2695 2631/2631 2694/2694
f 2697/2697 6526/6313 2765/2765
f 2698/2698 5867/5704 5623/5480
f 2768/2768 2767/2767 2825/2825
f 2702/2702 5179/5057 2770/2770
f 5249/5123 2771/2771 2706/2706
f 2708/2708 2771/2771 5260/5134
f 5506/5369 2712/2712 2773/2773
f 2775/2775 2714/2714 2713/2713
f 2716/2716 5754/5607 2777/2777
f 2718/2718 2778/2778 2836/2836
f 2723/2723 2783/2783 2784/2784
f 2841/2841 6602/6384 2784/2784
f 2787/2787 6135/5951 2726/2726
f 5860/5697 2727/2727 2788/2788
f 5161/5039 5399/5266 2728/2728
f 2791/2791 2730/2730 2729/2729
f 5960/5791 6075/5896 6528/6315
f 2795/2795 2732/2732 2731/2731
f 2736/2736 2798/2798 2799/2799
f 2736/2736 2737/2737 2666/2666
f 2740/2740 2800/2800 6711/6487
f 2741/2741 6711/6487 2742/2742
f 5433/5300 2802/2802 2744/2744
f 2671/2671 2745/2745 2672/2672
f 6598/6382 2747/2747 2673/2673
f 2750/2750 2807/2807 5730/5586
f 5266/5140 5730/5586 2808/2808
f 2753/2753 6580/6365 2680/2680
f 2754/2754 2812/2812 6303/6100
f 2755/2755 6303/6100 2813/2813
f 2756/2756 2755/2755 2814/2814
f 2759/2759 6577/6362 2817/2817
f 2760/2760 2819/2819 6579/6364
f 6579/6364 2761/2761 2688/2688
f 2762/2762 2820/2820 6159/5974
f 5593/5450 6207/6011 6159/5974
f 5143/5021 6761/6537 6033/5855
f 2822/2822 6761/6537 2821/2821
f 2764/2764 2824/2824 6526/6313
f 5364/5238 2766/2766 2765/2765
f 5365/5239 6748/6524 6889/6642
f 5365/5239 6140/5956 2825/2825
f 2768/2768 2825/2825 2826/2826
f 5424/5291 2884/2884 6185/5994
f 2829/2829 2828/2828 5460/5327
f 5249/5123 2706/2706 6646/6425
f 6113/5929 2772/2772 5590/5447
f 2773/2773 6321/6117 2833/2833
f 2833/2833 2893/2893 5506/5369
f 2835/2835 2775/2775 2834/2834
f 2776/2776 6324/6120 2898/2898
f 6007/5832 2779/2779 2836/2836
f 2839/2839 2781/2781 6455/6243
f 2783/2783 2840/2840 2784/2784
f 6720/6496 2784/2784 2840/2840
f 6471/6259 2842/2842 2786/2786
f 5869/5706 2790/2790 2845/2845
f 5161/5039 2846/2846 6265/6064
f 2793/2793 2794/2794 6075/5896
f 2799/2799 2852/2852 5415/5282
f 5415/5282 5906/5737 2738/2738
f 5197/5075 2853/2853 2913/2913
f 2802/2802 2803/2803 2744/2744
f 6050/5872 2804/2804 2803/2803
f 5931/5762 6690/6467 2748/2748
f 2807/2807 2806/2806 2858/2858
f 2809/2809 2808/2808 2861/2861
f 2861/2861 2863/2863 2809/2809
f 6433/6221 2810/2810 2863/2863
f 5550/5408 6045/5867 2864/2864
f 2811/2811 2864/2864 2865/2865
f 2812/2812 2811/2811 2866/2866
f 2813/2813 2812/2812 2867/2867
f 2814/2814 2813/2813 2868/2868
f 2815/2815 2814/2814 2869/2869
f 2816/2816 2815/2815 2870/2870
f 5796/5643 5271/5145 6763/6539
f 2871/2871 2817/2817 5271/5145
f 2874/2874 5725/5581 2873/2873
f 5231/5109 5458/5325 2821/2821
f 2822/2822 5155/5033 6741/6517
f 2823/2823 6741/6517 6186/5995
f 5345/5219 5631/5488 2881/2881
f 2883/2883 2827/2827 2826/2826
f 2884/2884 5460/5327 2828/2828
f 2886/2886 2885/2885 5425/5292
f 2887/2887 6283/6080 2886/2886
f 5751/5604 6312/6108 2888/2888
f 2832/2832 2892/2892 2833/2833
f 2892/2892 6192/6000 2893/2893
f 2893/2893 6192/6000 6164/5978
f 2896/2896 6474/6262 2895/2895
f 6324/6120 2896/2896 6591/6375
f 2836/2836 6468/6256 2899/2899
f 6007/5832 2899/2899 2900/2900
f 2837/2837 6007/5832 5285/5159
f 2781/2781 2838/2838 6455/6243
f 2842/2842 2902/2902 5770/5621
f 2845/2845 2960/2960 2904/2904
f 2846/2846 5869/5706 6693/6470
f 2906/2906 6300/6097 6016/5840
f 2849/2849 2907/2907 2908/2908
f 2908/2908 6327/6123 2849/2849
f 6327/6123 2909/2909 5881/5716
f 6153/5968 6389/6182 2966/2966
f 5455/5322 5679/5536 2911/2911
f 2802/2802 6870/6629 6050/5872
f 2854/2854 2915/2915 2855/2855
f 2855/2855 2916/2916 2805/2805
f 5533/5392 5291/5165 2857/2857
f 6493/6281 5291/5165 6390/6183
f 2861/2861 2860/2860 2918/2918
f 2862/2862 2861/2861 2919/2919
f 6045/5867 2922/2922 2864/2864
f 2866/2866 2865/2865 2923/2923
f 2867/2867 2866/2866 2924/2924
f 2868/2868 2867/2867 2925/2925
f 2869/2869 2868/2868 2926/2926
f 2870/2870 2869/2869 2927/2927
f 2870/2870 2928/2928 5796/5643
f 5796/5643 2929/2929 5271/5145
f 2871/2871 5271/5145 2930/2930
f 2931/2931 2871/2871 2930/2930
f 2932/2932 2874/2874 2873/2873
f 5701/5557 6489/6277 2999/2999
f 2880/2880 2879/2879 5146/5024
f 5345/5219 5368/5242 5116/4994
f 3006/3006 6802/6576 5036/4924
f 2937/2937 5147/5025 2882/2882
f 2888/2888 2939/2939 5970/5796
f 2941/2941 2889/2889 2940/2940
f 2891/2891 2941/2941 3018/3018
f 2943/2943 2894/2894 6192/6000
f 6667/6446 2945/2945 2895/2895
f 2946/2946 2895/2895 2945/2945
f 2897/2897 6591/6375 2947/2947
f 2948/2948 2897/2897 2947/2947
f 6319/6115 2949/2949 2899/2899
f 2900/2900 2950/2950 2951/2951
f 2953/2953 6193/6001 2954/2954
f 2955/2955 6082/5899 2954/2954
f 6720/6496 2955/2955 3033/3033
f 6066/5888 2956/2956 2957/2957
f 2902/2902 2903/2903 5770/5621
f 5949/5780 2904/2904 2960/2960
f 6287/6084 3040/3040 2961/2961
f 6379/6172 2961/2961 2962/2962
f 6162/5976 5679/5536 6153/5968
f 2911/2911 2968/2968 2969/2969
f 2912/2912 5205/5083 5685/5541
f 2914/2914 2913/2913 2973/2973
f 2854/2854 2975/2975 2915/2915
f 2915/2915 2916/2916 2855/2855
f 2919/2919 2918/2918 2982/2982
f 2920/2920 2919/2919 2983/2983
f 2921/2921 2920/2920 2984/2984
f 2922/2922 2921/2921 2985/2985
f 2865/2865 2922/2922 2986/2986
f 2924/2924 2923/2923 2987/2987
f 2925/2925 2924/2924 2988/2988
f 2926/2926 2925/2925 2989/2989
f 2927/2927 2926/2926 2990/2990
f 2928/2928 2927/2927 2991/2991
f 2930/2930 2929/2929 2992/2992
f 2993/2993 2930/2930 2992/2992
f 2995/2995 5795/5642 5543/5402
f 2997/2997 2934/2934 2933/2933
f 2934/2934 2998/2998 2999/2999
f 6055/5877 5701/5557 3000/3000
f 5560/5417 3001/3001 6124/5940
f 5560/5417 5155/5033 2877/2877
f 2935/2935 2936/2936 2881/2881
f 2937/2937 6802/6576 3007/3007
f 3009/3009 5048/4933 5349/5223
f 3011/3011 3010/3010 5123/5001
f 5112/4990 2938/2938 5712/5568
f 5970/5796 6322/6118 3014/3014
f 3015/3015 5970/5796 3014/3014
f 2940/2940 3017/3017 2941/2941
f 3018/3018 2941/2941 3017/3017
f 3018/3018 3019/3019 2942/2942
f 3020/3020 3019/3019 5300/5174
f 2944/2944 3020/3020 3021/3021
f 2945/2945 3021/3021 3022/3022
f 2946/2946 3022/3022 3023/3023
f 2947/2947 3023/3023 3024/3024
f 2948/2948 3024/3024 3025/3025
f 2949/2949 3025/3025 3026/3026
f 2950/2950 3026/3026 3027/3027
f 2952/2952 3028/3028 3029/3029
f 3029/3029 6193/6001 2952/2952
f 3031/3031 6193/6001 3030/3030
f 5294/5168 3032/3032 6306/6102
f 2958/2958 3034/3034 3035/3035
f 5246/5120 6497/6285 6754/6530
f 6275/6074 6798/6572 6152/5967
f 3039/3039 6798/6572 3038/3038
f 3039/3039 3093/3093 5525/5384
f 2962/2962 3040/3040 5395/5262
f 5395/5262 3041/3041 2962/2962
f 2964/2964 2965/2965 2909/2909
f 5474/5337 3047/3047 6638/6417
f 2976/2976 3049/3049 2977/2977
f 2982/2982 2981/2981 3052/3052
f 2983/2983 2982/2982 3053/3053
f 2984/2984 2983/2983 3054/3054
f 2985/2985 2984/2984 3055/3055
f 2986/2986 2985/2985 3056/3056
f 2923/2923 2986/2986 3057/3057
f 2923/2923 3058/3058 2987/2987
f 2988/2988 2987/2987 3059/3059
f 2989/2989 2988/2988 3060/3060
f 2990/2990 2989/2989 3061/3061
f 2991/2991 2990/2990 3062/3062
f 5557/5414 6631/6410 3064/3064
f 3000/3000 6648/6427 5423/5290
f 6055/5877 3067/3067 3001/3001
f 6449/6237 3068/3068 5049/4934
f 5036/4924 6672/6450 3070/3070
f 3070/3070 5882/5717 3071/3071
f 3134/3134 5313/5187 3071/3071
f 5048/4933 3135/3135 3136/3136
f 3140/3140 5712/5568 3073/3073
f 3017/3017 3075/3075 3076/3076
f 3017/3017 6194/6002 3018/3018
f 3021/3021 3078/3078 3079/3079
f 3022/3022 3079/3079 3080/3080
f 3023/3023 3080/3080 3081/3081
f 3024/3024 3081/3081 3082/3082
f 3025/3025 3082/3082 3083/3083
f 3026/3026 3083/3083 3084/3084
f 3027/3027 3084/3084 3085/3085
f 3028/3028 3085/3085 3086/3086
f 3029/3029 3086/3086 3087/3087
f 3030/3030 3087/3087 3088/3088
f 3032/3032 6341/6137 5556/5413
f 3091/3091 3034/3034 3090/3090
f 3035/3035 3160/3160 5512/5375
f 6202/6006 5224/5102 3163/3163
f 3040/3040 6817/6591 5395/5262
f 3094/3094 5395/5262 6817/6591
f 5127/5005 3094/3094 3095/3095
f 5956/5787 5744/5600 6290/6087
f 2970/2970 3099/3099 5169/5047
f 3046/3046 5169/5047 3100/3100
f 3047/3047 6790/6564 3048/3048
f 3103/3103 3049/3049 2976/2976
f 3049/3049 3105/3105 3050/3050
f 2979/2979 3106/3106 5283/5157
f 3053/3053 3052/3052 3110/3110
f 3054/3054 3053/3053 3111/3111
f 3055/3055 3054/3054 3112/3112
f 3056/3056 3055/3055 3113/3113
f 3057/3057 3056/3056 3114/3114
f 3058/3058 3057/3057 3115/3115
f 3059/3059 3058/3058 3116/3116
f 3060/3060 3059/3059 3117/3117
f 3061/3061 3060/3060 3118/3118
f 3062/3062 3061/3061 3119/3119
f 5582/5439 3119/3119 3120/3120
f 3063/3063 5582/5439 3121/3121
f 3064/3064 3063/3063 3121/3121
f 5528/5387 3123/3123 3124/3124
f 3065/3065 3125/3125 5571/5428
f 3066/3066 5571/5428 3126/3126
f 5775/5626 5567/5424 3128/3128
f 5049/4934 5775/5626 3129/3129
f 3130/3130 6339/6135 5911/5742
f 3069/3069 5304/5178 3004/3004
f 3132/3132 6672/6450 5304/5178
f 3134/3134 3071/3071 5882/5717
f 3136/3136 5349/5223 5048/4933
f 3137/3137 3072/3072 3136/3136
f 3138/3138 3072/3072 3137/3137
f 3073/3073 3138/3138 3207/3207
f 3074/3074 3140/3140 3209/3209
f 3142/3142 5572/5429 3141/3141
f 3144/3144 3075/3075 3143/3143
f 3078/3078 3145/3145 3146/3146
f 3079/3079 3146/3146 3147/3147
f 3080/3080 3147/3147 3148/3148
f 3081/3081 3148/3148 3149/3149
f 3082/3082 3149/3149 3150/3150
f 3083/3083 3150/3150 3151/3151
f 3084/3084 3151/3151 3152/3152
f 3085/3085 3152/3152 3153/3153
f 3086/3086 3153/3153 3154/3154
f 3087/3087 3154/3154 3155/3155
f 3228/3228 5556/5413 3089/3089
f 3091/3091 3158/3158 3159/3159
f 3162/3162 5489/5352 6038/5860
f 5489/5352 3163/3163 5224/5102
f 3164/3164 5183/5061 6202/6006
f 3164/3164 3092/3092 5183/5061
f 5749/5602 3165/3165 5258/5132
f 3165/3165 5749/5602 3093/3093
f 3166/3166 6817/6591 5525/5384
f 3242/3242 3095/3095 3167/3167
f 5277/5151 3096/3096 3169/3169
f 5287/5161 3098/3098 3171/3171
f 5287/5161 5744/5600 3098/3098
f 3101/3101 6430/6219 3173/3173
f 3173/3173 3047/3047 3101/3101
f 6790/6564 3174/3174 3175/3175
f 3104/3104 3102/3102 3176/3176
f 3105/3105 3104/3104 6439/6227
f 3177/3177 3106/3106 3105/3105
f 3107/3107 6868/6627 3178/3178
f 3108/3108 3107/3107 3179/3179
f 3109/3109 3108/3108 3180/3180
f 3110/3110 3109/3109 3181/3181
f 3111/3111 3110/3110 3182/3182
f 3112/3112 3111/3111 3183/3183
f 3113/3113 3112/3112 3184/3184
f 3114/3114 3113/3113 3185/3185
f 3115/3115 3114/3114 3186/3186
f 3116/3116 3115/3115 3187/3187
f 3117/3117 3116/3116 3188/3188
f 3118/3118 3117/3117 3189/3189
f 3119/3119 3118/3118 3190/3190
f 3121/3121 3120/3120 3191/3191
f 3121/3121 3192/3192 3064/3064
f 3064/3064 3193/3193 3122/3122
f 6735/6511 3122/3122 3194/3194
f 3124/3124 6735/6511 3195/3195
f 3125/3125 3124/3124 3196/3196
f 3197/3197 3125/3125 3196/3196
f 3126/3126 3198/3198 3127/3127
f 3128/3128 3200/3200 6057/5879
f 3129/3129 3201/3201 5911/5742
f 3204/3204 3205/3205 3134/3134
f 5486/5349 3135/3135 6375/6169
f 3137/3137 3206/3206 3283/3283
f 6738/6514 3207/3207 3283/3283
f 3073/3073 3208/3208 3139/3139
f 3139/3139 3209/3209 3140/3140
f 6698/6475 3209/3209 3139/3139
f 3141/3141 3211/3211 3142/3142
f 3143/3143 3212/3212 3213/3213
f 3144/3144 3213/3213 3214/3214
f 3215/3215 6609/6391 3214/3214
f 3145/3145 3215/3215 3216/3216
f 3146/3146 3216/3216 3217/3217
f 3147/3147 3217/3217 3218/3218
f 3148/3148 3218/3218 3219/3219
f 3149/3149 3219/3219 3220/3220
f 3150/3150 3220/3220 3221/3221
f 3151/3151 3221/3221 3222/3222
f 3152/3152 3222/3222 3223/3223
f 3153/3153 3223/3223 3224/3224
f 3154/3154 3224/3224 3225/3225
f 3155/3155 3225/3225 3226/3226
f 3089/3089 3226/3226 3227/3227
f 3089/3089 3227/3227 3228/3228
f 3156/3156 3228/3228 3229/3229
f 3230/3230 3156/3156 3229/3229
f 3158/3158 3230/3230 3231/3231
f 3159/3159 3231/3231 3232/3232
f 3233/3233 3159/3159 3232/3232
f 3161/3161 3233/3233 3234/3234
f 3162/3162 3234/3234 3235/3235
f 3163/3163 3236/3236 3237/3237
f 6202/6006 3238/3238 3164/3164
f 3239/3239 3092/3092 3164/3164
f 3093/3093 5749/5602 3166/3166
f 5028/4922 3170/3170 3169/3169
f 5952/5783 5287/5161 3171/3171
f 6430/6219 3248/3248 3173/3173
f 3174/3174 3173/3173 3248/3248
f 3175/3175 3174/3174 3250/3250
f 3176/3176 3175/3175 3251/3251
f 3176/3176 3252/3252 6439/6227
f 3177/3177 6439/6227 3253/3253
f 3178/3178 3177/3177 3255/3255
f 3179/3179 3178/3178 3256/3256
f 3180/3180 3179/3179 3257/3257
f 3181/3181 3180/3180 3258/3258
f 3182/3182 3181/3181 3259/3259
f 3183/3183 3182/3182 3260/3260
f 3184/3184 3183/3183 3261/3261
f 3185/3185 3184/3184 3262/3262
f 3186/3186 3185/3185 3263/3263
f 3187/3187 3186/3186 3264/3264
f 3188/3188 3187/3187 3265/3265
f 3189/3189 3188/3188 3266/3266
f 3190/3190 3189/3189 3267/3267
f 3120/3120 3190/3190 3268/3268
f 3120/3120 3269/3269 3191/3191
f 3192/3192 3191/3191 3270/3270
f 3193/3193 3192/3192 3271/3271
f 3194/3194 3193/3193 3272/3272
f 3195/3195 3194/3194 3273/3273
f 3196/3196 3195/3195 3274/3274
f 3197/3197 3196/3196 3275/3275
f 6607/6389 3126/3126 3197/3197
f 3199/3199 3277/3277 3200/3200
f 3199/3199 3200/3200 6239/6041
f 6057/5879 5591/5448 3278/3278
f 3201/3201 3278/3278 5221/5099
f 3281/3281 5066/4944 3280/3280
f 5066/4944 3281/3281 3204/3204
f 3282/3282 5261/5135 6348/6144
f 5589/5446 3283/3283 6348/6144
f 3284/3284 3208/3208 6738/6514
f 6698/6475 3139/3139 3285/3285
f 3287/3287 3286/3286 3357/3357
f 3212/3212 3287/3287 3288/3288
f 3213/3213 3288/3288 3289/3289
f 3214/3214 3289/3289 3290/3290
f 3215/3215 3290/3290 3291/3291
f 3216/3216 3291/3291 3292/3292
f 3217/3217 3292/3292 3293/3293
f 3218/3218 3293/3293 3294/3294
f 3219/3219 3294/3294 3295/3295
f 3220/3220 3295/3295 3296/3296
f 3221/3221 3296/3296 3297/3297
f 3222/3222 3297/3297 3298/3298
f 3223/3223 3298/3298 3299/3299
f 3224/3224 3299/3299 3300/3300
f 3225/3225 3300/3300 3301/3301
f 3226/3226 3301/3301 3302/3302
f 3227/3227 3302/3302 3303/3303
f 3229/3229 3304/3304 3305/3305
f 3230/3230 3305/3305 3306/3306
f 3231/3231 3306/3306 3307/3307
f 3232/3232 3308/3308 3233/3233
f 3234/3234 3308/3308 3309/3309
f 3235/3235 3309/3309 3310/3310
f 3236/3236 3310/3310 3311/3311
f 3312/3312 3236/3236 3311/3311
f 3237/3237 3313/3313 3238/3238
f 3314/3314 6624/6403 3384/3384
f 6065/5887 3240/3240 5749/5602
f 3241/3241 3316/3316 3386/3386
f 3244/3244 3243/3243 3318/3318
f 3244/3244 3319/3319 5952/5783
f 3320/3320 5952/5783 3319/3319
f 3246/3246 3245/3245 3320/3320
f 3322/3322 3246/3246 3321/3321
f 3247/3247 6238/6040 3172/3172
f 3249/3249 3248/3248 3323/3323
f 3250/3250 3249/3249 3325/3325
f 3251/3251 3250/3250 3326/3326
f 3252/3252 3251/3251 3327/3327
f 3253/3253 3252/3252 3328/3328
f 3255/3255 3254/3254 3329/3329
f 3257/3257 3256/3256 3330/3330
f 3258/3258 3257/3257 3331/3331
f 3259/3259 3258/3258 3332/3332
f 3260/3260 3259/3259 3333/3333
f 3261/3261 3260/3260 3334/3334
f 3262/3262 3261/3261 3335/3335
f 3263/3263 3262/3262 3336/3336
f 3264/3264 3263/3263 3337/3337
f 3265/3265 3264/3264 3338/3338
f 3266/3266 3265/3265 3339/3339
f 3267/3267 3266/3266 3340/3340
f 3268/3268 3267/3267 3341/3341
f 3269/3269 3268/3268 3342/3342
f 3270/3270 3269/3269 3343/3343
f 3271/3271 3270/3270 3344/3344
f 3272/3272 3271/3271 3345/3345
f 3273/3273 3272/3272 3346/3346
f 3274/3274 3273/3273 3347/3347
f 3275/3275 3274/3274 3348/3348
f 3276/3276 6828/6598 3349/3349
f 3276/3276 3277/3277 3198/3198
f 5764/5615 3353/3353 5491/5354
f 3427/3427 3354/3354 5261/5135
f 5540/5399 6323/6119 3356/3356
f 3287/3287 3357/3357 3358/3358
f 3288/3288 3358/3358 3359/3359
f 3289/3289 3359/3359 3360/3360
f 3290/3290 3360/3360 3361/3361
f 3291/3291 3361/3361 3362/3362
f 3292/3292 3362/3362 3363/3363
f 3293/3293 3363/3363 3364/3364
f 3294/3294 3364/3364 3365/3365
f 3295/3295 3365/3365 3366/3366
f 3296/3296 3366/3366 3367/3367
f 3297/3297 3367/3367 3368/3368
f 3298/3298 3368/3368 3369/3369
f 3299/3299 3369/3369 3370/3370
f 3300/3300 3370/3370 3371/3371
f 3301/3301 3371/3371 3372/3372
f 3302/3302 3372/3372 3373/3373
f 3303/3303 3374/3374 3304/3304
f 3305/3305 3374/3374 3375/3375
f 3306/3306 3375/3375 3376/3376
f 3307/3307 3377/3377 3232/3232
f 3308/3308 3377/3377 3378/3378
f 3309/3309 3378/3378 3379/3379
f 3310/3310 3379/3379 3380/3380
f 3311/3311 3380/3380 3381/3381
f 3384/3384 3382/3382 3383/3383
f 3316/3316 3315/3315 3385/3385
f 3241/3241 3386/3386 3242/3242
f 3319/3319 3318/3318 3388/3388
f 3320/3320 3319/3319 3389/3389
f 3322/3322 3321/3321 3391/3391
f 3322/3322 3392/3392 6238/6040
f 3392/3392 3323/3323 6238/6040
f 3324/3324 3323/3323 3393/3393
f 3325/3325 3324/3324 3395/3395
f 3326/3326 3325/3325 3396/3396
f 3327/3327 3326/3326 3397/3397
f 3328/3328 3327/3327 3398/3398
f 3254/3254 3328/3328 3399/3399
f 3254/3254 3400/3400 3329/3329
f 3330/3330 3329/3329 3401/3401
f 3331/3331 3330/3330 3403/3403
f 3332/3332 3331/3331 3404/3404
f 3333/3333 3332/3332 3405/3405
f 3334/3334 3333/3333 3406/3406
f 3335/3335 3334/3334 3407/3407
f 3336/3336 3335/3335 3408/3408
f 3337/3337 3336/3336 3409/3409
f 3338/3338 3337/3337 3410/3410
f 3339/3339 3338/3338 3411/3411
f 3340/3340 3339/3339 3412/3412
f 3341/3341 3340/3340 3413/3413
f 3342/3342 3341/3341 3414/3414
f 3343/3343 3342/3342 3415/3415
f 3344/3344 3343/3343 3416/3416
f 3345/3345 3344/3344 3417/3417
f 3346/3346 3345/3345 3417/3417
f 3418/3418 6784/6559 6446/6234
f 3348/3348 3347/3347 6784/6559
f 6828/6598 3419/3419 3349/3349
f 3350/3350 3349/3349 3420/3420
f 3351/3351 3421/3421 3422/3422
f 5602/5459 3424/3424 6384/6177
f 3352/3352 6384/6177 3424/3424
f 5063/4941 5406/5273 5661/5518
f 5985/5810 5604/5461 3426/3426
f 6323/6119 6464/6252 3430/3430
f 6323/6119 3431/3431 3356/3356
f 3357/3357 3356/3356 3432/3432
f 3358/3358 3432/3432 3433/3433
f 3359/3359 3433/3433 3434/3434
f 3360/3360 3434/3434 3435/3435
f 3361/3361 3435/3435 3436/3436
f 3362/3362 3436/3436 3437/3437
f 3363/3363 3437/3437 3438/3438
f 3364/3364 3438/3438 3439/3439
f 3365/3365 3439/3439 3440/3440
f 3366/3366 3440/3440 3441/3441
f 3367/3367 3441/3441 3442/3442
f 3368/3368 3442/3442 3443/3443
f 3369/3369 3443/3443 3444/3444
f 3370/3370 3444/3444 3445/3445
f 3371/3371 3445/3445 3446/3446
f 3372/3372 3446/3446 3447/3447
f 3373/3373 3448/3448 3303/3303
f 3374/3374 3448/3448 3449/3449
f 3375/3375 3449/3449 3450/3450
f 3376/3376 3451/3451 3307/3307
f 3377/3377 3451/3451 3452/3452
f 3378/3378 3452/3452 3453/3453
f 3379/3379 3453/3453 3454/3454
f 3380/3380 3454/3454 3455/3455
f 3381/3381 3455/3455 3456/3456
f 3457/3457 3381/3381 3456/3456
f 3458/3458 3314/3314 3384/3384
f 5302/5176 3459/3459 3315/3315
f 3459/3459 3385/3385 3315/3315
f 3385/3385 3461/3461 3386/3386
f 3461/3461 3387/3387 3386/3386
f 3388/3388 6857/6617 3462/3462
f 3389/3389 3388/3388 3464/3464
f 3391/3391 3390/3390 3465/3465
f 3392/3392 3391/3391 3466/3466
f 3393/3393 3392/3392 3467/3467
f 3395/3395 3394/3394 3468/3468
f 3396/3396 3395/3395 3469/3469
f 3397/3397 3396/3396 3470/3470
f 3398/3398 3397/3397 3471/3471
f 3399/3399 3398/3398 3472/3472
f 3400/3400 3399/3399 3473/3473
f 3401/3401 3400/3400 3474/3474
f 3403/3403 3402/3402 3475/3475
f 3404/3404 3403/3403 3475/3475
f 3405/3405 3404/3404 3476/3476
f 3406/3406 3405/3405 3477/3477
f 3407/3407 3406/3406 3478/3478
f 3408/3408 3407/3407 3479/3479
f 3409/3409 3408/3408 3480/3480
f 3410/3410 3409/3409 3481/3481
f 3411/3411 3410/3410 3482/3482
f 3412/3412 3411/3411 3483/3483
f 3413/3413 3412/3412 3484/3484
f 3414/3414 3413/3413 3485/3485
f 3415/3415 3414/3414 3486/3486
f 3416/3416 3415/3415 3487/3487
f 3417/3417 3416/3416 3488/3488
f 6446/6234 3489/3489 3418/3418
f 3420/3420 6872/6631 3491/3491
f 3422/3422 3492/3492 3493/3493
f 3492/3492 3422/3422 3421/3421
f 5944/5775 5984/5809 3423/3423
f 3424/3424 3494/3494 3425/3425
f 5407/5274 3496/3496 5063/4941
f 3428/3428 3427/3427 6268/6067
f 3500/3500 6170/5984 3499/3499
f 3576/3576 6077/5898 6461/6249
f 6077/5898 3431/3431 3503/3503
f 3433/3433 3504/3504 3505/3505
f 3434/3434 3505/3505 3506/3506
f 3435/3435 3506/3506 3507/3507
f 3436/3436 3507/3507 3508/3508
f 3437/3437 3508/3508 3509/3509
f 3438/3438 3509/3509 3510/3510
f 3439/3439 3510/3510 3511/3511
f 3440/3440 3511/3511 3512/3512
f 3441/3441 3512/3512 3513/3513
f 3442/3442 3513/3513 3514/3514
f 3443/3443 3514/3514 3515/3515
f 3444/3444 3515/3515 3516/3516
f 3445/3445 3516/3516 3517/3517
f 3446/3446 3517/3517 3518/3518
f 3447/3447 3519/3519 3373/3373
f 3448/3448 3519/3519 3520/3520
f 3449/3449 3520/3520 3521/3521
f 3450/3450 3522/3522 3376/3376
f 3451/3451 3522/3522 3523/3523
f 3452/3452 3523/3523 3524/3524
f 3453/3453 3524/3524 3525/3525
f 3454/3454 3525/3525 3526/3526
f 3455/3455 3526/3526 3527/3527
f 3456/3456 3527/3527 3528/3528
f 3457/3457 3528/3528 3529/3529
f 3383/3383 3529/3529 3530/3530
f 3458/3458 3531/3531 5302/5176
f 3459/3459 3531/3531 3532/3532
f 3535/3535 3533/3533 3534/3534
f 3463/3463 3462/3462 6861/6620
f 3464/3464 3463/3463 3537/3537
f 3390/3390 3464/3464 3538/3538
f 3466/3466 3465/3465 3539/3539
f 3467/3467 3466/3466 3540/3540
f 3394/3394 3467/3467 3541/3541
f 3469/3469 3468/3468 3542/3542
f 3470/3470 3469/3469 3543/3543
f 3471/3471 3470/3470 3544/3544
f 3472/3472 3471/3471 3545/3545
f 3473/3473 3472/3472 3546/3546
f 3474/3474 3473/3473 3547/3547
f 3402/3402 3474/3474 3548/3548
f 3402/3402 3549/3549 3475/3475
f 3476/3476 3475/3475 3551/3551
f 3477/3477 3476/3476 3552/3552
f 3478/3478 3477/3477 3553/3553
f 3479/3479 3478/3478 3554/3554
f 3480/3480 3479/3479 3555/3555
f 3481/3481 3480/3480 3556/3556
f 3482/3482 3481/3481 3557/3557
f 3483/3483 3482/3482 3558/3558
f 3484/3484 3483/3483 3559/3559
f 3485/3485 3484/3484 3560/3560
f 3486/3486 3485/3485 3561/3561
f 3487/3487 3486/3486 3562/3562
f 3488/3488 3487/3487 3563/3563
f 3489/3489 3488/3488 3564/3564
f 6872/6631 3566/3566 3491/3491
f 3492/3492 6718/6494 3493/3493
f 5212/5090 3493/3493 3568/3568
f 5421/5288 6614/6394 3494/3494
f 6614/6394 3495/3495 3494/3494
f 3500/3500 3574/3574 6821/6593
f 6411/6203 6707/6484 3502/3502
f 5301/5175 3647/3647 3577/3577
f 3505/3505 3577/3577 3578/3578
f 3506/3506 3578/3578 3579/3579
f 3507/3507 3579/3579 3580/3580
f 3508/3508 3580/3580 3581/3581
f 3509/3509 3581/3581 3582/3582
f 3510/3510 3582/3582 3583/3583
f 3511/3511 3583/3583 3584/3584
f 3512/3512 3584/3584 3585/3585
f 3513/3513 3585/3585 3586/3586
f 3514/3514 3586/3586 3587/3587
f 3515/3515 3587/3587 3588/3588
f 3516/3516 3588/3588 3589/3589
f 3517/3517 3589/3589 3590/3590
f 3518/3518 3591/3591 3447/3447
f 3519/3519 3591/3591 3592/3592
f 3520/3520 3592/3592 3593/3593
f 3521/3521 3594/3594 3450/3450
f 3522/3522 3594/3594 3595/3595
f 3523/3523 3595/3595 3596/3596
f 3524/3524 3596/3596 3597/3597
f 3525/3525 3597/3597 3598/3598
f 3526/3526 3598/3598 3599/3599
f 3527/3527 3599/3599 3600/3600
f 3528/3528 3600/3600 3601/3601
f 3529/3529 3601/3601 3602/3602
f 3529/3529 3603/3603 3530/3530
f 3530/3530 3604/3604 3458/3458
f 3531/3531 3604/3604 3605/3605
f 3532/3532 3605/3605 3606/3606
f 3607/3607 3532/3532 3606/3606
f 3534/3534 3607/3607 3608/3608
f 3537/3537 3536/3536 3609/3609
f 3538/3538 3537/3537 3610/3610
f 3465/3465 3538/3538 3611/3611
f 3611/3611 3539/3539 3465/3465
f 3540/3540 3539/3539 3613/3613
f 3541/3541 3540/3540 3614/3614
f 3543/3543 3542/3542 3615/3615
f 3544/3544 3543/3543 3616/3616
f 3545/3545 3544/3544 3617/3617
f 3546/3546 3545/3545 3618/3618
f 3547/3547 3546/3546 3619/3619
f 3548/3548 3547/3547 3620/3620
f 3549/3549 3548/3548 3621/3621
f 3551/3551 3550/3550 3622/3622
f 3552/3552 3551/3551 3622/3622
f 3553/3553 3552/3552 3623/3623
f 3554/3554 3553/3553 3624/3624
f 3555/3555 3554/3554 3625/3625
f 3556/3556 3555/3555 3626/3626
f 3557/3557 3556/3556 3627/3627
f 3558/3558 3557/3557 3628/3628
f 3559/3559 3558/3558 3629/3629
f 3560/3560 3559/3559 3630/3630
f 3561/3561 3560/3560 3631/3631
f 3562/3562 3561/3561 3632/3632
f 3563/3563 3562/3562 3633/3633
f 3564/3564 3563/3563 3634/3634
f 3565/3565 3564/3564 3635/3635
f 3566/3566 6621/6400 3637/3637
f 3567/3567 3566/3566 3638/3638
f 3570/3570 6370/6164 3641/3641
f 3576/3576 3645/3645 3646/3646
f 3578/3578 3647/3647 3648/3648
f 3579/3579 3648/3648 3649/3649
f 3580/3580 3649/3649 3650/3650
f 3581/3581 3650/3650 3651/3651
f 3582/3582 3651/3651 3652/3652
f 3583/3583 3652/3652 3653/3653
f 3584/3584 3653/3653 3654/3654
f 3585/3585 3654/3654 3655/3655
f 3586/3586 3655/3655 3656/3656
f 3587/3587 3656/3656 3657/3657
f 3588/3588 3657/3657 3658/3658
f 3589/3589 3658/3658 3659/3659
f 3590/3590 3660/3660 3518/3518
f 3591/3591 3660/3660 3661/3661
f 3592/3592 3661/3661 3662/3662
f 3593/3593 3663/3663 3521/3521
f 3594/3594 3663/3663 3664/3664
f 3595/3595 3664/3664 3665/3665
f 3596/3596 3665/3665 3666/3666
f 3597/3597 3666/3666 3667/3667
f 3598/3598 3667/3667 3668/3668
f 3599/3599 3668/3668 3669/3669
f 3600/3600 3669/3669 3670/3670
f 3601/3601 3670/3670 3671/3671
f 3602/3602 3672/3672 3603/3603
f 3741/3741 3672/3672 3740/3740
f 3605/3605 3673/3673 3674/3674
f 3606/3606 3674/3674 3675/3675
f 3606/3606 3676/3676 3607/3607
f 3609/3609 3677/3677 5578/5435
f 3678/3678 6434/6222 5829/5669
f 3612/3612 3678/3678 3613/3613
f 3614/3614 3613/3613 3679/3679
f 3616/3616 3615/3615 3682/3682
f 3617/3617 3616/3616 3683/3683
f 3618/3618 3617/3617 3684/3684
f 3619/3619 3618/3618 3685/3685
f 3620/3620 3619/3619 3686/3686
f 3621/3621 3620/3620 3687/3687
f 3550/3550 3621/3621 3688/3688
f 3550/3550 3689/3689 3622/3622
f 3623/3623 3622/3622 3690/3690
f 3624/3624 3623/3623 3691/3691
f 3625/3625 3624/3624 3692/3692
f 3626/3626 3625/3625 3693/3693
f 3627/3627 3626/3626 3695/3695
f 3628/3628 3627/3627 3696/3696
f 3629/3629 3628/3628 3697/3697
f 3630/3630 3629/3629 3698/3698
f 3631/3631 3630/3630 3699/3699
f 3632/3632 3631/3631 3700/3700
f 3633/3633 3632/3632 3701/3701
f 3634/3634 3633/3633 3702/3702
f 3635/3635 3634/3634 3703/3703
f 3636/3636 3635/3635 3704/3704
f 3637/3637 3636/3636 3705/3705
f 3707/3707 6436/6224 3706/3706
f 6370/6164 6803/6577 5726/5582
f 3709/3709 5902/5733 3641/3641
f 5348/5222 6037/5859 3571/3571
f 3710/3710 5727/5583 3642/3642
f 3643/3643 3712/3712 6821/6593
f 6423/6213 3644/3644 3712/3712
f 3645/3645 6218/6021 3714/3714
f 3645/3645 6427/6217 3646/3646
f 3715/3715 3716/3716 3647/3647
f 3648/3648 3716/3716 3717/3717
f 3649/3649 3717/3717 3718/3718
f 3650/3650 3718/3718 3719/3719
f 3651/3651 3719/3719 3720/3720
f 3652/3652 3720/3720 3721/3721
f 3653/3653 3721/3721 3722/3722
f 3654/3654 3722/3722 3723/3723
f 3655/3655 3723/3723 3724/3724
f 3656/3656 3724/3724 3725/3725
f 3657/3657 3725/3725 3726/3726
f 3658/3658 3726/3726 3727/3727
f 3659/3659 3728/3728 3590/3590
f 3660/3660 3728/3728 3729/3729
f 3661/3661 3729/3729 3730/3730
f 3662/3662 3731/3731 3593/3593
f 3663/3663 3731/3731 3732/3732
f 3664/3664 3732/3732 3733/3733
f 3665/3665 3733/3733 3734/3734
f 3666/3666 3734/3734 3735/3735
f 3667/3667 3735/3735 3736/3736
f 3668/3668 3736/3736 3737/3737
f 3669/3669 3737/3737 3738/3738
f 3602/3602 6749/6525 3672/3672
f 3673/3673 3672/3672 3741/3741
f 3741/3741 3674/3674 3673/3673
f 3675/3675 3742/3742 3743/3743
f 3676/3676 3743/3743 3744/3744
f 3677/3677 3745/3745 3815/3815
f 3747/3747 5989/5814 5822/5662
f 3749/3749 3679/3679 3678/3678
f 3679/3679 3750/3750 3680/3680
f 3615/3615 3753/3753 3682/3682
f 3683/3683 3682/3682 3754/3754
f 3684/3684 3683/3683 3755/3755
f 3685/3685 3684/3684 3756/3756
f 3686/3686 3685/3685 3757/3757
f 3687/3687 3686/3686 3758/3758
f 3688/3688 3687/3687 3759/3759
f 3689/3689 3688/3688 3760/3760
f 3690/3690 3689/3689 3761/3761
f 3691/3691 3690/3690 3763/3763
f 3692/3692 3691/3691 3764/3764
f 3693/3693 3692/3692 3765/3765
f 3694/3694 3693/3693 3765/3765
f 3695/3695 3694/3694 3767/3767
f 3696/3696 3695/3695 3768/3768
f 3697/3697 3696/3696 3769/3769
f 3698/3698 3697/3697 3770/3770
f 3699/3699 3698/3698 3771/3771
f 3700/3700 3699/3699 3772/3772
f 3701/3701 3700/3700 3773/3773
f 3702/3702 3701/3701 3774/3774
f 3703/3703 3702/3702 3775/3775
f 3704/3704 3703/3703 3776/3776
f 3705/3705 3704/3704 3777/3777
f 5726/5582 5281/5155 3779/3779
f 6601/6383 6147/5963 3709/3709
f 6593/6377 6141/5957 3781/3781
f 5727/5583 3781/3781 3711/3711
f 6423/6213 6181/5990 3713/3713
f 3785/3785 6427/6217 3784/3784
f 3715/3715 3785/3785 3786/3786
f 3716/3716 3786/3786 3787/3787
f 3717/3717 3787/3787 3788/3788
f 3718/3718 3788/3788 3789/3789
f 3719/3719 3789/3789 3790/3790
f 3720/3720 3790/3790 3791/3791
f 3721/3721 3791/3791 3792/3792
f 3722/3722 3792/3792 3793/3793
f 3723/3723 3793/3793 3794/3794
f 3724/3724 3794/3794 3795/3795
f 3725/3725 3795/3795 3796/3796
f 3726/3726 3796/3796 3797/3797
f 3727/3727 3798/3798 3659/3659
f 3728/3728 3798/3798 3799/3799
f 3729/3729 3799/3799 3800/3800
f 3730/3730 3801/3801 3662/3662
f 3731/3731 3801/3801 3802/3802
f 3732/3732 3802/3802 3803/3803
f 3733/3733 3803/3803 3804/3804
f 3734/3734 3804/3804 3805/3805
f 3735/3735 3805/3805 3806/3806
f 3736/3736 3806/3806 3807/3807
f 3737/3737 3807/3807 3808/3808
f 3809/3809 6002/5827 3738/3738
f 3741/3741 3740/3740 5994/5819
f 3679/3679 3749/3749 3750/3750
f 3753/3753 6534/6321 3817/3817
f 3754/3754 3753/3753 3818/3818
f 3755/3755 3754/3754 3819/3819
f 3756/3756 3755/3755 3820/3820
f 3757/3757 3756/3756 3821/3821
f 3758/3758 3757/3757 3822/3822
f 3759/3759 3758/3758 3823/3823
f 3760/3760 3759/3759 3824/3824
f 3761/3761 3760/3760 3825/3825
f 3763/3763 3762/3762 3826/3826
f 3764/3764 3763/3763 3826/3826
f 3765/3765 3764/3764 3827/3827
f 3767/3767 3766/3766 3828/3828
f 3768/3768 3767/3767 3829/3829
f 3769/3769 3768/3768 3830/3830
f 3770/3770 3769/3769 3831/3831
f 3771/3771 3770/3770 3832/3832
f 3772/3772 3771/3771 3833/3833
f 3773/3773 3772/3772 3834/3834
f 3774/3774 3773/3773 3835/3835
f 3775/3775 3774/3774 3836/3836
f 3776/3776 3775/3775 3837/3837
f 3777/3777 3776/3776 3838/3838
f 3706/3706 3777/3777 3839/3839
f 5501/5364 5950/5781 5268/5142
f 3841/3841 6593/6377 5668/5525
f 3843/3843 5280/5154 3842/3842
f 6181/5990 6557/6344 3783/3783
f 3845/3845 6435/6223 3908/3908
f 6622/6401 3845/3845 3908/3908
f 3847/3847 6622/6401 3846/3846
f 3787/3787 3847/3847 3848/3848
f 3788/3788 3848/3848 3849/3849
f 3789/3789 3849/3849 3850/3850
f 3790/3790 3850/3850 3851/3851
f 3791/3791 3851/3851 3852/3852
f 3792/3792 3852/3852 3853/3853
f 3793/3793 3853/3853 3854/3854
f 3794/3794 3854/3854 3855/3855
f 3795/3795 3855/3855 3856/3856
f 3796/3796 3856/3856 3857/3857
f 3797/3797 3858/3858 3727/3727
f 3798/3798 3858/3858 3859/3859
f 3799/3799 3859/3859 3860/3860
f 3800/3800 3861/3861 3730/3730
f 3801/3801 3861/3861 3862/3862
f 3802/3802 3862/3862 3863/3863
f 3803/3803 3863/3863 3864/3864
f 3804/3804 3864/3864 3865/3865
f 3805/3805 3865/3865 3866/3866
f 3806/3806 3866/3866 3867/3867
f 3807/3807 3867/3867 3868/3868
f 3808/3808 3868/3868 3869/3869
f 3746/3746 3871/3871 6110/5926
f 5822/5662 5989/5814 3746/3746
f 3748/3748 3747/3747 3873/3873
f 3748/3748 3874/3874 3749/3749
f 3874/3874 3750/3750 3749/3749
f 5806/5649 3875/3875 3876/3876
f 3877/3877 5806/5649 3876/3876
f 3818/3818 3817/3817 3878/3878
f 3819/3819 3818/3818 3879/3879
f 3820/3820 3819/3819 3880/3880
f 3821/3821 3820/3820 3881/3881
f 3822/3822 3821/3821 3882/3882
f 3823/3823 3822/3822 3883/3883
f 3824/3824 3823/3823 3884/3884
f 3825/3825 3824/3824 3885/3885
f 3762/3762 3825/3825 3886/3886
f 3762/3762 3887/3887 3826/3826
f 3827/3827 3826/3826 3889/3889
f 3766/3766 3827/3827 3890/3890
f 3829/3829 3828/3828 3891/3891
f 3830/3830 3829/3829 3892/3892
f 3831/3831 3830/3830 3893/3893
f 3832/3832 3831/3831 3894/3894
f 3833/3833 3832/3832 3895/3895
f 3834/3834 3833/3833 3896/3896
f 3835/3835 3834/3834 3897/3897
f 3836/3836 3835/3835 3898/3898
f 3837/3837 3836/3836 3899/3899
f 3838/3838 3837/3837 3900/3900
f 3839/3839 3838/3838 3901/3901
f 6581/6366 5972/5798 3902/3902
f 5195/5073 6681/6459 6088/5904
f 3906/3906 6409/6201 3843/3843
f 3846/3846 3909/3909 3847/3847
f 3848/3848 3909/3909 3910/3910
f 3849/3849 3910/3910 3911/3911
f 3850/3850 3911/3911 3912/3912
f 3851/3851 3912/3912 3913/3913
f 3852/3852 3913/3913 3914/3914
f 3853/3853 3914/3914 3915/3915
f 3854/3854 3915/3915 3916/3916
f 3855/3855 3916/3916 3917/3917
f 3856/3856 3917/3917 3918/3918
f 3857/3857 3918/3918 3919/3919
f 3857/3857 3920/3920 3797/3797
f 3858/3858 3920/3920 3921/3921
f 3860/3860 3922/3922 3800/3800
f 3861/3861 3922/3922 3923/3923
f 3862/3862 3923/3923 3924/3924
f 3863/3863 3924/3924 3925/3925
f 3864/3864 3925/3925 3926/3926
f 3865/3865 3926/3926 3927/3927
f 3866/3866 3927/3927 3928/3928
f 3867/3867 3928/3928 3929/3929
f 3868/3868 3929/3929 3930/3930
f 3869/3869 3930/3930 3931/3931
f 3869/3869 3809/3809 3808/3808
f 3811/3811 3933/3933 3812/3812
f 3813/3813 3812/3812 3933/3933
f 6171/5985 6110/5926 3871/3871
f 6171/5985 6184/5993 6110/5926
f 3873/3873 6729/6505 6221/6024
f 6221/6024 3875/3875 3874/3874
f 3879/3879 3878/3878 3940/3940
f 3880/3880 3879/3879 3941/3941
f 3881/3881 3880/3880 3942/3942
f 3882/3882 3881/3881 3943/3943
f 3883/3883 3882/3882 3944/3944
f 3884/3884 3883/3883 3945/3945
f 3885/3885 3884/3884 3946/3946
f 3886/3886 3885/3885 3947/3947
f 3887/3887 3886/3886 3948/3948
f 3889/3889 3888/3888 3949/3949
f 3890/3890 3889/3889 3949/3949
f 3828/3828 3890/3890 3950/3950
f 3892/3892 3891/3891 3951/3951
f 3893/3893 3892/3892 3952/3952
f 3894/3894 3893/3893 3953/3953
f 3895/3895 3894/3894 3954/3954
f 3896/3896 3895/3895 3955/3955
f 3898/3898 3897/3897 3956/3956
f 3899/3899 3898/3898 3957/3957
f 3900/3900 3899/3899 3958/3958
f 3901/3901 3900/3900 3959/3959
f 4022/4022 6581/6366 3902/3902
f 3903/3903 3960/3960 6570/6355
f 3961/3961 5195/5073 6088/5904
f 3963/3963 3962/3962 4025/4025
f 3965/3965 3905/3905 3964/3964
f 3967/3967 3907/3907 3966/3966
f 6467/6255 6444/6232 3846/3846
f 3969/3969 6444/6232 3968/3968
f 3910/3910 3969/3969 3970/3970
f 3911/3911 3970/3970 3971/3971
f 3913/3913 3971/3971 3972/3972
f 3914/3914 3972/3972 3973/3973
f 3915/3915 3973/3973 3974/3974
f 3916/3916 3974/3974 3975/3975
f 3917/3917 3975/3975 3976/3976
f 3918/3918 3976/3976 3977/3977
f 3919/3919 3978/3978 3920/3920
f 3920/3920 6896/6649 3921/3921
f 3979/3979 3980/3980 3921/3921
f 3860/3860 3980/3980 3981/3981
f 3923/3923 3981/3981 3982/3982
f 3924/3924 3982/3982 3983/3983
f 3925/3925 3983/3983 3984/3984
f 3926/3926 3984/3984 3985/3985
f 3927/3927 3985/3985 3986/3986
f 3928/3928 3986/3986 3987/3987
f 3929/3929 3987/3987 3988/3988
f 3930/3930 3988/3988 3989/3989
f 3931/3931 3989/3989 3990/3990
f 3992/3992 3991/3991 4110/4110
f 3994/3994 3813/3813 3993/3993
f 3996/3996 3994/3994 6106/5922
f 3935/3935 3996/3996 6862/6621
f 6188/6860 6862/6621 3997/3997
f 3937/3937 3876/3876 3875/3875
f 3876/3876 3998/3998 3877/3877
f 3817/3817 6612/6392 3938/3938
f 3939/3939 3938/3938 4000/4000
f 3940/3940 3939/3939 6331/6127
f 3941/3941 3940/3940 4001/4001
f 3942/3942 3941/3941 4002/4002
f 3943/3943 3942/3942 4003/4003
f 3944/3944 3943/3943 4004/4004
f 3945/3945 3944/3944 4005/4005
f 3946/3946 3945/3945 4006/4006
f 3947/3947 3946/3946 4007/4007
f 3948/3948 3947/3947 4008/4008
f 3888/3888 3948/3948 4009/4009
f 3888/3888 4010/4010 3949/3949
f 3950/3950 3949/3949 4012/4012
f 3891/3891 3950/3950 4013/4013
f 3891/3891 4013/4013 3951/3951
f 3952/3952 3951/3951 4014/4014
f 3953/3953 3952/3952 4015/4015
f 3954/3954 3953/3953 4016/4016
f 3955/3955 3954/3954 4017/4017
f 3897/3897 3955/3955 4018/4018
f 3957/3957 3956/3956 4019/4019
f 3958/3958 3957/3957 4020/4020
f 6006/5831 3902/3902 3959/3959
f 3961/3961 4024/4024 6873/6632
f 4025/4025 5202/5080 4081/4081
f 3968/3968 4029/4029 3969/3969
f 3970/3970 4029/4029 4030/4030
f 4030/4030 4031/4031 3971/3971
f 3972/3972 4031/4031 4032/4032
f 3973/3973 4032/4032 4033/4033
f 3974/3974 4033/4033 4034/4034
f 3975/3975 4034/4034 4035/4035
f 3976/3976 4035/4035 4036/4036
f 3977/3977 4036/4036 4037/4037
f 3978/3978 4037/4037 4038/4038
f 4039/4039 4040/4040 3981/3981
f 3982/3982 4040/4040 4041/4041
f 3983/3983 4041/4041 4042/4042
f 3984/3984 4042/4042 4043/4043
f 3985/3985 4043/4043 4044/4044
f 3986/3986 4044/4044 4045/4045
f 3987/3987 4045/4045 4046/4046
f 3988/3988 4046/4046 4047/4047
f 3989/3989 4047/4047 4048/4048
f 3990/3990 4048/4048 4049/4049
f 3990/3990 4050/4050 3931/3931
f 6184/5993 5584/5441 3936/3936
f 4055/4055 3998/3998 5581/5438
f 4002/4002 4001/4001 4057/4057
f 4003/4003 4002/4002 4059/4059
f 4004/4004 4003/4003 4060/4060
f 4005/4005 4004/4004 4061/4061
f 4007/4007 6897/6650 4062/4062
f 4008/4008 4007/4007 4063/4063
f 4009/4009 4008/4008 4064/4064
f 4010/4010 4009/4009 4065/4065
f 4011/4011 4010/4010 4066/4066
f 4012/4012 4011/4011 4067/4067
f 4013/4013 4012/4012 4068/4068
f 4015/4015 4014/4014 4070/4070
f 4016/4016 4015/4015 4071/4071
f 4017/4017 4016/4016 4072/4072
f 4018/4018 4017/4017 4073/4073
f 3956/3956 4018/4018 4074/4074
f 4019/4019 4075/4075 4020/4020
f 4077/4077 4021/4021 4076/4076
f 5446/5313 4080/4080 5934/5765
f 5688/5544 4081/4081 5318/5192
f 4083/4083 5936/5767 4082/4082
f 5777/5628 5735/5591 4083/4083
f 4085/4085 6425/6215 6089/5905
f 3968/3968 4088/4088 4029/4029
f 4089/4089 4029/4029 4088/4088
f 4089/4089 4090/4090 4030/4030
f 4031/4031 4090/4090 4091/4091
f 4032/4032 4091/4091 4092/4092
f 4033/4033 4092/4092 4093/4093
f 4034/4034 4093/4093 4094/4094
f 4035/4035 4094/4094 4095/4095
f 4036/4036 4095/4095 4096/4096
f 4096/4096 4097/4097 4037/4037
f 4038/4038 4097/4097 4098/4098
f 4098/4098 4099/4099 3979/3979
f 4039/4039 4099/4099 4100/4100
f 4040/4040 4100/4100 4101/4101
f 4041/4041 4101/4101 4102/4102
f 4042/4042 4102/4102 4103/4103
f 4043/4043 4103/4103 4104/4104
f 4044/4044 4104/4104 4105/4105
f 4045/4045 4105/4105 4106/4106
f 4046/4046 4106/4106 4107/4107
f 4047/4047 4107/4107 4108/4108
f 4048/4048 4108/4108 4109/4109
f 6842/6605 4112/4112 5988/5813
f 5988/5813 6106/5922 3994/3994
f 6106/5922 5988/5813 4113/4113
f 5584/5441 4052/4052 6222/6025
f 4052/4052 5818/5658 4053/4053
f 4054/4054 4053/4053 6102/5918
f 5823/5663 6120/5936 4120/4120
f 4056/4056 6331/6127 5823/5663
f 4059/4059 4058/4058 4123/4123
f 4060/4060 4059/4059 4123/4123
f 4061/4061 4060/4060 4124/4124
f 4062/4062 4061/4061 4125/4125
f 4063/4063 4062/4062 4126/4126
f 4062/4062 4063/4063 4007/4007
f 4064/4064 4063/4063 4127/4127
f 4065/4065 4064/4064 4128/4128
f 4066/4066 4065/4065 4129/4129
f 4067/4067 4066/4066 4130/4130
f 4068/4068 4067/4067 4131/4131
f 4069/4069 4068/4068 4132/4132
f 4014/4014 4069/4069 4133/4133
f 4070/4070 4134/4134 4135/4135
f 4071/4071 4070/4070 4135/4135
f 4072/4072 4071/4071 4136/4136
f 4073/4073 4072/4072 4137/4137
f 4074/4074 4073/4073 4138/4138
f 4140/4140 6776/6551 4139/4139
f 6338/6134 4075/4075 4140/4140
f 6466/6254 4141/4141 4142/4142
f 4079/4079 6466/6254 5511/5374
f 5446/5313 5778/5629 4143/4143
f 5318/5192 5928/5759 4203/4203
f 4082/4082 4147/4147 6864/6623
f 4083/4083 6864/6623 4148/4148
f 4148/4148 5777/5628 4083/4083
f 6267/6066 4207/4207 4150/4150
f 4152/4152 4088/4088 4151/4151
f 4089/4089 4152/4152 4153/4153
f 4090/4090 4153/4153 4154/4154
f 4091/4091 4154/4154 4155/4155
f 4092/4092 4155/4155 4156/4156
f 4093/4093 4156/4156 4157/4157
f 4094/4094 4157/4157 4158/4158
f 4095/4095 4158/4158 4159/4159
f 4159/4159 4160/4160 4096/4096
f 4097/4097 4160/4160 4161/4161
f 4161/4161 4162/4162 4098/4098
f 4099/4099 4162/4162 4163/4163
f 4100/4100 4163/4163 4164/4164
f 4101/4101 4164/4164 4165/4165
f 4102/4102 4165/4165 4166/4166
f 4103/4103 4166/4166 4167/4167
f 4104/4104 4167/4167 4168/4168
f 4105/4105 4168/4168 4169/4169
f 4106/4106 4169/4169 4170/4170
f 4171/4171 4107/4107 4170/4170
f 4107/4107 4171/4171 4108/4108
f 4172/4172 4109/4109 4108/4108
f 5821/5661 6336/6132 4174/4174
f 5580/5437 5821/5661 4175/4175
f 4118/4118 4180/4180 4119/4119
f 4058/4058 4122/4122 4181/4181
f 4058/4058 4182/4182 4123/4123
f 4124/4124 4123/4123 4184/4184
f 4125/4125 4124/4124 4185/4185
f 4126/4126 4125/4125 4186/4186
f 4127/4127 4126/4126 4187/4187
f 4128/4128 4127/4127 4188/4188
f 4129/4129 4128/4128 4189/4189
f 4130/4130 4129/4129 4190/4190
f 4131/4131 4130/4130 4191/4191
f 4132/4132 4131/4131 4192/4192
f 4133/4133 4132/4132 4193/4193
f 4134/4134 4133/4133 4193/4193
f 4135/4135 4134/4134 4194/4194
f 4136/4136 4135/4135 4195/4195
f 4137/4137 4136/4136 4196/4196
f 4138/4138 4137/4137 4197/4197
f 4138/4138 4197/4197 4139/4139
f 6776/6551 4140/4140 4075/4075
f 4141/4141 6466/6254 6338/6134
f 4144/4144 4143/4143 4201/4201
f 4144/4144 4145/4145 5321/5195
f 5321/5195 4202/4202 4146/4146
f 5318/5192 4146/4146 5928/5759
f 5777/5628 4149/4149 4084/4084
f 4209/4209 4208/4208 6004/5829
f 4152/4152 4209/4209 4210/4210
f 4153/4153 4210/4210 4211/4211
f 4154/4154 4211/4211 4212/4212
f 4155/4155 4212/4212 4213/4213
f 4156/4156 4213/4213 4214/4214
f 4157/4157 4214/4214 4215/4215
f 4158/4158 4215/4215 4216/4216
f 4216/4216 4217/4217 4159/4159
f 4160/4160 4217/4217 4218/4218
f 4218/4218 4219/4219 4161/4161
f 4162/4162 4219/4219 4220/4220
f 4163/4163 4220/4220 4221/4221
f 4164/4164 4221/4221 4222/4222
f 4165/4165 4222/4222 4223/4223
f 4166/4166 4223/4223 4224/4224
f 4167/4167 4224/4224 4225/4225
f 4168/4168 4225/4225 4226/4226
f 4169/4169 4226/4226 4227/4227
f 4170/4170 4227/4227 4228/4228
f 4177/4177 6635/6414 4113/4113
f 4115/4115 4116/4116 6102/5918
f 4234/4234 4116/4116 4233/4233
f 6445/6233 4180/4180 4234/4234
f 4120/4120 4121/4121 5823/5663
f 6125/5941 4181/4181 4122/4122
f 4182/4182 4181/4181 4239/4239
f 4183/4183 4182/4182 4240/4240
f 4184/4184 4183/4183 4241/4241
f 4185/4185 4184/4184 4242/4242
f 4186/4186 4185/4185 4243/4243
f 4187/4187 4186/4186 4244/4244
f 4188/4188 4187/4187 4245/4245
f 4189/4189 4188/4188 4246/4246
f 4190/4190 4189/4189 4247/4247
f 4191/4191 4190/4190 4248/4248
f 4192/4192 4191/4191 4249/4249
f 4193/4193 4192/4192 4250/4250
f 4195/4195 4194/4194 4252/4252
f 4196/4196 4195/4195 4253/4253
f 4197/4197 4196/4196 4254/4254
f 4139/4139 4197/4197 4255/4255
f 4198/4198 4256/4256 6003/5828
f 6003/5828 4199/4199 4198/4198
f 6725/6501 4258/4258 4200/4200
f 5187/5065 4202/4202 4145/4145
f 5189/5067 4262/4262 5599/5456
f 4262/4262 4203/4203 5928/5759
f 4206/4206 4264/4264 6289/6086
f 4325/4325 6004/5829 4265/4265
f 4211/4211 4266/4266 4267/4267
f 4212/4212 4267/4267 4268/4268
f 4213/4213 4268/4268 4269/4269
f 4214/4214 4269/4269 4270/4270
f 4215/4215 4270/4270 4271/4271
f 4271/4271 4272/4272 4216/4216
f 4217/4217 4272/4272 4273/4273
f 4273/4273 4274/4274 4218/4218
f 4219/4219 4274/4274 4275/4275
f 4220/4220 4275/4275 4276/4276
f 4221/4221 4276/4276 4277/4277
f 4222/4222 4277/4277 4278/4278
f 4223/4223 4278/4278 4279/4279
f 4224/4224 4279/4279 4280/4280
f 4225/4225 4280/4280 4281/4281
f 4226/4226 4281/4281 4282/4282
f 4227/4227 4282/4282 4283/4283
f 4284/4284 6844/6606 4172/4172
f 4172/4172 6844/6606 4229/4229
f 6620/6399 4232/4232 4289/4289
f 4291/4291 4233/4233 4290/4290
f 6445/6233 4291/4291 4292/4292
f 4236/4236 4235/4235 4294/4294
f 4237/4237 4236/4236 4295/4295
f 4237/4237 4296/4296 6125/5941
f 4296/4296 4238/4238 6125/5941
f 4239/4239 4238/4238 4297/4297
f 4240/4240 4239/4239 4298/4298
f 4241/4241 4240/4240 4299/4299
f 4242/4242 4241/4241 4300/4300
f 4243/4243 4242/4242 4301/4301
f 4244/4244 4243/4243 4302/4302
f 4245/4245 4244/4244 4303/4303
f 4246/4246 4245/4245 4304/4304
f 4247/4247 4246/4246 4305/4305
f 4248/4248 4247/4247 4306/4306
f 4249/4249 4248/4248 4307/4307
f 4250/4250 4249/4249 4308/4308
f 4251/4251 4250/4250 4309/4309
f 4194/4194 4251/4251 4310/4310
f 4253/4253 4252/4252 4311/4311
f 4254/4254 4253/4253 4312/4312
f 4255/4255 4254/4254 4313/4313
f 4256/4256 4255/4255 4313/4313
f 4256/4256 6608/6390 6003/5828
f 4259/4259 4258/4258 4316/4316
f 4259/4259 4317/4317 5216/5094
f 5216/5094 6507/6295 5479/5342
f 5187/5065 4261/4261 4202/4202
f 6011/5836 5217/5095 4204/4204
f 4264/4264 4323/4323 5519/5378
f 6004/5829 6421/6211 6355/6149
f 4327/4327 4328/4328 4270/4270
f 4329/4329 4270/4270 4328/4328
f 4329/4329 4330/4330 4271/4271
f 4272/4272 4330/4330 4331/4331
f 4331/4331 4332/4332 4273/4273
f 4274/4274 4332/4332 4333/4333
f 4275/4275 4333/4333 4334/4334
f 4276/4276 4334/4334 4335/4335
f 4277/4277 4335/4335 4336/4336
f 4278/4278 4336/4336 4337/4337
f 4279/4279 4337/4337 4338/4338
f 4280/4280 4339/4339 4281/4281
f 4340/4340 4281/4281 4339/4339
f 4282/4282 4341/4341 4283/4283
f 4283/4283 4342/4342 4228/4228
f 4284/4284 4343/4343 4285/4285
f 5592/5449 6844/6606 4345/4345
f 4346/4346 5592/5449 4345/4345
f 4287/4287 6823/6595 4347/4347
f 4287/4287 4348/4348 5831/5671
f 5831/5671 4349/4349 4350/4350
f 4288/4288 4350/4350 4230/4230
f 4290/4290 4289/4289 4351/4351
f 4292/4292 4352/4352 4353/4353
f 4293/4293 4292/4292 4354/4354
f 4294/4294 4293/4293 4355/4355
f 4295/4295 4294/4294 4356/4356
f 4296/4296 4295/4295 4357/4357
f 4297/4297 4357/4357 4408/4408
f 4299/4299 4298/4298 4358/4358
f 4300/4300 4299/4299 4359/4359
f 4301/4301 4300/4300 4360/4360
f 4302/4302 4301/4301 4361/4361
f 4303/4303 4302/4302 4362/4362
f 4304/4304 4303/4303 4363/4363
f 4305/4305 4304/4304 4364/4364
f 4306/4306 4305/4305 4365/4365
f 4307/4307 4306/4306 4366/4366
f 4308/4308 4307/4307 4367/4367
f 4309/4309 4308/4308 4368/4368
f 4310/4310 4309/4309 4369/4369
f 4252/4252 4310/4310 4370/4370
f 4312/4312 4311/4311 4371/4371
f 4313/4313 4312/4312 4372/4372
f 5569/5426 4315/4315 4314/4314
f 6608/6390 4316/4316 4257/4257
f 5520/5379 4317/4317 4259/4259
f 4377/4377 5336/5210 5130/5008
f 4320/4320 5168/5046 4321/4321
f 4380/4380 4379/4379 5959/5790
f 6675/6453 4381/4381 4432/4432
f 4329/4329 4383/4383 4384/4384
f 4330/4330 4384/4384 4385/4385
f 4385/4385 4386/4386 4331/4331
f 4332/4332 4386/4386 4387/4387
f 4333/4333 4387/4387 4388/4388
f 4334/4334 4388/4388 4389/4389
f 4335/4335 4389/4389 4390/4390
f 4336/4336 4390/4390 4391/4391
f 4337/4337 4391/4391 4392/4392
f 4338/4338 4392/4392 4393/4393
f 4393/4393 4394/4394 4339/4339
f 4342/4342 4397/4397 4343/4343
f 4343/4343 4398/4398 4285/4285
f 4344/4344 4399/4399 4345/4345
f 4346/4346 4399/4399 4400/4400
f 4347/4347 4400/4400 4401/4401
f 4348/4348 4401/4401 4402/4402
f 4352/4352 4351/4351 4454/4454
f 4353/4353 4352/4352 4454/4454
f 4354/4354 4353/4353 4404/4404
f 4355/4355 4354/4354 4405/4405
f 4356/4356 4355/4355 4406/4406
f 4357/4357 4356/4356 4407/4407
f 4297/4297 4410/4410 4298/4298
f 4298/4298 4410/4410 4358/4358
f 4359/4359 4358/4358 4411/4411
f 4360/4360 4359/4359 4412/4412
f 4361/4361 4360/4360 4413/4413
f 4362/4362 4361/4361 4414/4414
f 4363/4363 4362/4362 4415/4415
f 4364/4364 4363/4363 4416/4416
f 4365/4365 4364/4364 4417/4417
f 4366/4366 4365/4365 4418/4418
f 4367/4367 4366/4366 4419/4419
f 4368/4368 4367/4367 4420/4420
f 4369/4369 4368/4368 4421/4421
f 4370/4370 4369/4369 4422/4422
f 4311/4311 4370/4370 4423/4423
f 4371/4371 4423/4423 4424/4424
f 4372/4372 4371/4371 4425/4425
f 4377/4377 5167/5045 5641/5498
f 4480/4480 5767/5618 4429/4429
f 4430/4430 4431/4431 4378/4378
f 4381/4381 4483/4483 4432/4432
f 4432/4432 4484/4484 6087/5903
f 4433/4433 4432/4432 6087/5903
f 6500/6288 4434/4434 4383/4383
f 4434/4434 4435/4435 4383/4383
f 4384/4384 4435/4435 4436/4436
f 4436/4436 4437/4437 4385/4385
f 4386/4386 4437/4437 4438/4438
f 4387/4387 4438/4438 4439/4439
f 4388/4388 4439/4439 4440/4440
f 4389/4389 4440/4440 4441/4441
f 4390/4390 4441/4441 4442/4442
f 4391/4391 4442/4442 4443/4443
f 4392/4392 4443/4443 4444/4444
f 4393/4393 4444/4444 4445/4445
f 4447/4447 4396/4396 4395/4395
f 4397/4397 4448/4448 4449/4449
f 4398/4398 4449/4449 4500/4500
f 4399/4399 4450/4450 4451/4451
f 4400/4400 4451/4451 4452/4452
f 4401/4401 4453/4453 4402/4402
f 4404/4404 4403/4403 6894/6647
f 4405/4405 4404/4404 4456/4456
f 4406/4406 4405/4405 4457/4457
f 4407/4407 4406/4406 4458/4458
f 4408/4408 4407/4407 4459/4459
f 4410/4410 4409/4409 4460/4460
f 4412/4412 4411/4411 4461/4461
f 4414/4414 4413/4413 4463/4463
f 4415/4415 4414/4414 4464/4464
f 4416/4416 4415/4415 4465/4465
f 4417/4417 4416/4416 4466/4466
f 4418/4418 4417/4417 4467/4467
f 4419/4419 4418/4418 4468/4468
f 4420/4420 4419/4419 4469/4469
f 4421/4421 4420/4420 4470/4470
f 4422/4422 4421/4421 4471/4471
f 4423/4423 4422/4422 4472/4472
f 4475/4475 4426/4426 4474/4474
f 4427/4427 6656/6435 5252/5126
f 6642/6421 4526/4526 5186/5064
f 5168/5046 6595/6379 5660/5517
f 5168/5046 5660/5517 5463/5330
f 5959/5790 4483/4483 4380/4380
f 6253/6055 6087/5903 4484/4484
f 6830/6599 4435/4435 4434/4434
f 4486/4486 4487/4487 4436/4436
f 4437/4437 4487/4487 4488/4488
f 4438/4438 4488/4488 4489/4489
f 4439/4439 4489/4489 4490/4490
f 4440/4440 4490/4490 4491/4491
f 4441/4441 4491/4491 4492/4492
f 4442/4442 4492/4492 4493/4493
f 4443/4443 4493/4493 4494/4494
f 4444/4444 4494/4494 4495/4495
f 4445/4445 4495/4495 4496/4496
f 4445/4445 4497/4497 4393/4393
f 4447/4447 4499/4499 4448/4448
f 4398/4398 4500/4500 4450/4450
f 4500/4500 4501/4501 4450/4450
f 4451/4451 4501/4501 4502/4502
f 4452/4452 4502/4502 4503/4503
f 4504/4504 4452/4452 4503/4503
f 4504/4504 4453/4453 4401/4401
f 4456/4456 4455/4455 4505/4505
f 4457/4457 4456/4456 4506/4506
f 4458/4458 4457/4457 4507/4507
f 4459/4459 4458/4458 4508/4508
f 4409/4409 4459/4459 4509/4509
f 4409/4409 4510/4510 4460/4460
f 4411/4411 4460/4460 4511/4511
f 4411/4411 4511/4511 4461/4461
f 4413/4413 4462/4462 4512/4512
f 4413/4413 4512/4512 4463/4463
f 4464/4464 4463/4463 4513/4513
f 4465/4465 4464/4464 4514/4514
f 4466/4466 4465/4465 4515/4515
f 4467/4467 4466/4466 4516/4516
f 4468/4468 4467/4467 4517/4517
f 4469/4469 4468/4468 4518/4518
f 4470/4470 4469/4469 4519/4519
f 4471/4471 4470/4470 4520/4520
f 4523/4523 6103/5919 4522/4522
f 4523/4523 4473/4473 6103/5919
f 4474/4474 4524/4524 4525/4525
f 4525/4525 4475/4475 4474/4474
f 5615/5472 5329/5203 4575/4575
f 5257/5131 4528/4528 5706/5562
f 4530/4530 4529/4529 5568/5425
f 4485/4485 4532/4532 6830/6599
f 4533/4533 6830/6599 4532/4532
f 4533/4533 4534/4534 4486/4486
f 4487/4487 4534/4534 4535/4535
f 4488/4488 4535/4535 4536/4536
f 4489/4489 4536/4536 4537/4537
f 4490/4490 4537/4537 4538/4538
f 4491/4491 4538/4538 4539/4539
f 4492/4492 4539/4539 4540/4540
f 4493/4493 4540/4540 4541/4541
f 4494/4494 4541/4541 4542/4542
f 4544/4544 4446/4446 4497/4497
f 4544/4544 4498/4498 4446/4446
f 4546/4546 4547/4547 4499/4499
f 4500/4500 4547/4547 4548/4548
f 4501/4501 4548/4548 4549/4549
f 4502/4502 4549/4549 4550/4550
f 4506/4506 4505/4505 4552/4552
f 4507/4507 4506/4506 4553/4553
f 4508/4508 4507/4507 4554/4554
f 4509/4509 4508/4508 4555/4555
f 4510/4510 4509/4509 4556/4556
f 4511/4511 4510/4510 4557/4557
f 4511/4511 4558/4558 4461/4461
f 4514/4514 4513/4513 4562/4562
f 4515/4515 4514/4514 4563/4563
f 4516/4516 4515/4515 4564/4564
f 4517/4517 4516/4516 4565/4565
f 4519/4519 4518/4518 4568/4568
f 4520/4520 4519/4519 4569/4569
f 6506/6294 4570/4570 4571/4571
f 6069/5890 4572/4572 4524/4524
f 4525/4525 5938/5769 4476/4476
f 4479/4479 5674/5531 5208/5086
f 5674/5531 6702/6479 5208/5086
f 4579/4579 6854/6614 5706/5562
f 4531/4531 4581/4581 4582/4582
f 4532/4532 4583/4583 4584/4584
f 4533/4533 4584/4584 4585/4585
f 4534/4534 4585/4585 4586/4586
f 4535/4535 4586/4586 4587/4587
f 4536/4536 4587/4587 4588/4588
f 4537/4537 4588/4588 4589/4589
f 4538/4538 4589/4589 4590/4590
f 4539/4539 4590/4590 4591/4591
f 4591/4591 4540/4540 4539/4539
f 4593/4593 4541/4541 4592/4592
f 4594/4594 4542/4542 6039/5861
f 4594/4594 4496/4496 4542/4542
f 4496/4496 4595/4595 4543/4543
f 6228/6031 4546/4546 4545/4545
f 4546/4546 4596/4596 4547/4547
f 4549/4549 4597/4597 4598/4598
f 4553/4553 4552/4552 4600/4600
f 4554/4554 4553/4553 4601/4601
f 4555/4555 4554/4554 4602/4602
f 4556/4556 4555/4555 4603/4603
f 4557/4557 4556/4556 4604/4604
f 4558/4558 4557/4557 4605/4605
f 4560/4560 6263/6062 4559/4559
f 4560/4560 4559/4559 4606/4606
f 4607/4607 6733/6509 4560/4560
f 4562/4562 4561/4561 4609/4609
f 4563/4563 4562/4562 4610/4610
f 4564/4564 4563/4563 4611/4611
f 4565/4565 4564/4564 4612/4612
f 4566/4566 4565/4565 4613/4613
f 4616/4616 6752/6528 4617/4617
f 4570/4570 6752/6528 4571/4571
f 4572/4572 6174/5987 4573/4573
f 5938/5769 4619/4619 5206/5084
f 6689/6466 5141/5019 4621/4621
f 5141/5019 4575/4575 5329/5203
f 4622/4622 4623/4623 5144/5022
f 4625/4625 6794/6568 4624/4624
f 6059/5881 4626/4626 4582/4582
f 4627/4627 4582/4582 4626/4626
f 4586/4586 4628/4628 4629/4629
f 4587/4587 4629/4629 4630/4630
f 4588/4588 4630/4630 4631/4631
f 4589/4589 4631/4631 4632/4632
f 4592/4592 4634/4634 4635/4635
f 4637/4637 4594/4594 4636/4636
f 4639/4639 6228/6031 4638/4638
f 4641/4641 4596/4596 4640/4640
f 4597/4597 4641/4641 4642/4642
f 4600/4600 4599/4599 4643/4643
f 4601/4601 4600/4600 4644/4644
f 4602/4602 4601/4601 4645/4645
f 4603/4603 4602/4602 4646/4646
f 4604/4604 4603/4603 4647/4647
f 4605/4605 4604/4604 4648/4648
f 4608/4608 4607/4607 6230/6033
f 4609/4609 4608/4608 4651/4651
f 4610/4610 4609/4609 4652/4652
f 4611/4611 4610/4610 4653/4653
f 4612/4612 4611/4611 4654/4654
f 4613/4613 4612/4612 4655/4655
f 4614/4614 4613/4613 4655/4655
f 4615/4615 4656/4656 6454/6242
f 4616/4616 4615/4615 6454/6242
f 4618/4618 5791/5638 4658/4658
f 6174/5987 4659/4659 6405/6197
f 5444/5311 4661/4661 5892/5723
f 5640/5497 5892/5723 4662/4662
f 6689/6466 4663/4663 6245/6047
f 5896/5727 5404/5271 5676/5533
f 4666/4666 5922/5753 4665/4665
f 4666/4666 4667/4667 5707/5563
f 4670/4670 6736/6512 4669/4669
f 4702/4702 6240/6042 4670/4670
f 4672/4672 4673/4673 4629/4629
f 4705/4705 6879/6636 4673/4673
f 4631/4631 4674/4674 4675/4675
f 4676/4676 4632/4632 4675/4675
f 4633/4633 4634/4634 4591/4591
f 4635/4635 4677/4677 5838/5678
f 4679/4679 4636/4636 4678/4678
f 6387/6180 5820/5660 4680/4680
f 5986/5811 6387/6180 4638/4638
f 4639/4639 4640/4640 6228/6031
f 4684/4684 4682/4682 4683/4683
f 4641/4641 4684/4684 4642/4642
f 4644/4644 4643/4643 4685/4685
f 4645/4645 4644/4644 4686/4686
f 4646/4646 4645/4645 4686/4686
f 4648/4648 4647/4647 4688/4688
f 4648/4648 4649/4649 4605/4605
f 6000/5825 6653/6432 5588/5445
f 4651/4651 4650/4650 4690/4690
f 4652/4652 4651/4651 4690/4690
f 4653/4653 4652/4652 4691/4691
f 4654/4654 4653/4653 4692/4692
f 4655/4655 4654/4654 4693/4693
f 4656/4656 4695/4695 4696/4696
f 6454/6242 4656/4656 4696/4696
f 4698/4698 4659/4659 4658/4658
f 5215/5093 5449/5316 5705/5561
f 5449/5316 4661/4661 4620/4620
f 5333/5207 4662/4662 4699/4699
f 4663/4663 5640/5497 5333/5207
f 5363/5237 4700/4700 5627/5484
f 5404/5271 5164/5042 5676/5533
f 4673/4673 4703/4703 4704/4704
f 4673/4673 4704/4704 4705/4705
f 4674/4674 4705/4705 4706/4706
f 4706/4706 4707/4707 4675/4675
f 4676/4676 4707/4707 4708/4708
f 6182/5991 4710/4710 4683/4683
f 4644/4644 4711/4711 4686/4686
f 4687/4687 4744/4744 4712/4712
f 4647/4647 4687/4687 6722/6498
f 4688/4688 6568/6353 4689/4689
f 4713/4713 6000/5825 5588/5445
f 4690/4690 6491/6279 4716/4716
f 4691/4691 4690/4690 4717/4717
f 4692/4692 4691/4691 4718/4718
f 4693/4693 4692/4692 4719/4719
f 4694/4694 4693/4693 4720/4720
f 4695/4695 4694/4694 4720/4720
f 4696/4696 4695/4695 4721/4721
f 6408/6200 5940/5771 4698/4698
f 5940/5771 5709/5565 4660/4660
f 5709/5565 5920/5751 5215/5093
f 5900/5731 5643/5500 5400/5267
f 4725/4725 5627/5484 4700/4700
f 4764/4764 5873/5710 4726/4726
f 5160/5038 5677/5534 4727/4727
f 5494/5357 5830/5670 4668/4668
f 4669/4669 4730/4730 4701/4701
f 6567/6352 4730/4730 4768/4768
f 4703/4703 4731/4731 4732/4732
f 4704/4704 4732/4732 4733/4733
f 4705/4705 4734/4734 4706/4706
f 4734/4734 4735/4735 4706/4706
f 4735/4735 4707/4707 4706/4706
f 4736/4736 4708/4708 4707/4707
f 5835/5675 4708/4708 4737/4737
f 4739/4739 4738/4738 6104/5920
f 4739/4739 4709/4709 6332/6128
f 4741/4741 4740/4740 4779/4779
f 6020/5844 4742/4742 4781/4781
f 4681/4681 4743/4743 4710/4710
f 4743/4743 4681/4681 4781/4781
f 4712/4712 4744/4744 4745/4745
f 6816/6590 4715/4715 4714/4714
f 4716/4716 4715/4715 4748/4748
f 4717/4717 4716/4716 4749/4749
f 4718/4718 4717/4717 4750/4750
f 4719/4719 4718/4718 4751/4751
f 4720/4720 4719/4719 4752/4752
f 6291/6088 6629/6408 4720/4720
f 4721/4721 6629/6408 4722/4722
f 4755/4755 4723/4723 4722/4722
f 5263/5137 5499/5362 6408/6200
f 5920/5751 4724/4724 4757/4757
f 5403/5270 5163/5041 4758/4758
f 5643/5500 5403/5270 4759/4759
f 5366/5240 4761/4761 4725/4725
f 4727/4727 5682/5539 5160/5038
f 4767/4767 4766/4766 4796/4796
f 4768/4768 6630/6409 4767/4767
f 4767/4767 4797/4797 4768/4768
f 4797/4797 6400/6192 4768/4768
f 4732/4732 6400/6192 4770/4770
f 4734/4734 4772/4772 4773/4773
f 4735/4735 4774/4774 4736/4736
f 4775/4775 4736/4736 4774/4774
f 4775/4775 4737/4737 4736/4736
f 5835/5675 4739/4739 6220/6023
f 4709/4709 6104/5920 4778/4778
f 4740/4740 4778/4778 6216/6019
f 6108/5924 4741/4741 6219/6022
f 4746/4746 4747/4747 5958/5789
f 6816/6590 6302/6099 4784/4784
f 4750/4750 4749/4749 4787/4787
f 4751/4751 4750/4750 4788/4788
f 4789/4789 4752/4752 4751/4751
f 6086/5902 4791/4791 4754/4754
f 4755/4755 4792/4792 5948/5779
f 4756/4756 4793/4793 4757/4757
f 5683/5540 5913/5744 4759/4759
f 5898/5729 5656/5513 4762/4762
f 6226/6029 4820/4820 5044/4932
f 4769/4769 4771/4771 4770/4770
f 4772/4772 6660/6439 4800/4800
f 4772/4772 4800/4800 4773/4773
f 4800/4800 4801/4801 4773/4773
f 4774/4774 4801/4801 4802/4802
f 4775/4775 4802/4802 4803/4803
f 4803/4803 4776/4776 4775/4775
f 4777/4777 4805/4805 4778/4778
f 5587/5444 6216/6019 4806/4806
f 4809/4809 6005/5830 4808/4808
f 4786/4786 4785/4785 4809/4809
f 4788/4788 4787/4787 4812/4812
f 4813/4813 4788/4788 4812/4812
f 5233/5111 4791/4791 4817/4817
f 6703/6480 6472/6260 5731/5587
f 6097/5913 6232/6035 4819/4819
f 5314/5188 4821/4821 6093/5909
f 4822/4822 5052/4937 4796/4796
f 5052/4937 6692/6469 4797/4797
f 4799/4799 4825/4825 4826/4826
f 4827/4827 4799/4799 4826/4826
f 4801/4801 4827/4827 4828/4828
f 4802/4802 4828/4828 4829/4829
f 4803/4803 4829/4829 6292/6089
f 4832/4832 4810/4810 6503/6291
f 4812/4812 4811/4811 4832/4832
f 4813/4813 4812/4812 4833/4833
f 4813/4813 4834/4834 4814/4814
f 4835/4835 4817/4817 4816/4816
f 5154/5032 6780/6555 5384/5251
f 5154/5032 4818/4818 6053/5875
f 6753/6529 6018/5842 5073/4951
f 6094/5910 5073/4951 4840/4840
f 4794/4794 6131/5947 4820/4820
f 4844/4844 4820/4820 4843/4843
f 4821/4821 4846/4846 4847/4847
f 4847/4847 6093/5909 4821/4821
f 5086/4964 5987/5812 5386/5253
f 5675/5532 5396/5263 6705/6482
f 4849/4849 4850/4850 6676/6454
f 4825/4825 4851/4851 4826/4826
f 4826/4826 4852/4852 4827/4827
f 4828/4828 4852/4852 4853/4853
f 4829/4829 4853/4853 4854/4854
f 4854/4854 6292/6089 4829/4829
f 4856/4856 6475/6263 4830/4830
f 4812/4812 4858/4858 4833/4833
f 4834/4834 4860/4860 4861/4861
f 5945/5776 5715/5571 6677/6455
f 5930/5761 6780/6555 6053/5875
f 5680/5537 4863/4863 4838/4838
f 4838/4838 4863/4863 4839/4839
f 5878/5713 5632/5489 6035/5857
f 6251/6053 5620/5477 4841/4841
f 4842/4842 5619/5476 4843/4843
f 4866/4866 4867/4867 5619/5476
f 4868/4868 5877/5712 5634/5491
f 5524/5383 4872/4872 5396/5263
f 5524/5383 5396/5263 5675/5532
f 4850/4850 4874/4874 4851/4851
f 4851/4851 4875/4875 4826/4826
f 4852/4852 4875/4875 4876/4876
f 4853/4853 4876/4876 4877/4877
f 4854/4854 4878/4878 4855/4855
f 4859/4859 4858/4858 4879/4879
f 4860/4860 4859/4859 4880/4880
f 4882/4882 6254/6056 4881/4881
f 4862/4862 4836/4836 6485/6273
f 5680/5537 4884/4884 4863/4863
f 5134/5012 4863/4863 4885/4885
f 5383/5250 4886/4886 4864/4864
f 4868/4868 5871/5708 5108/4986
f 6352/6147 6257/6059 4890/4890
f 5933/5764 6643/6422 5128/5006
f 4895/4895 4876/4876 4875/4875
f 4882/4882 5299/5173 6254/6056
f 4884/4884 5178/5056 4900/4900
f 6363/6157 5871/5708 4867/4867
f 5871/5708 4906/4906 5108/4986
f 4910/4910 4909/4909 5226/5104
f 4873/4873 4911/4911 4894/4894
f 6372/6166 4912/4912 4901/4901
f 4914/4914 4886/4886 5648/5505
f 5331/5205 4915/4915 6518/6306
f 4904/4904 6460/6248 4905/4905
f 6203/6007 4996/6651 5748/6897
f 4919/4919 6178/6896 6415/6895
f 4920/4920 4907/4907 4919/4919
f 5226/5104 4920/4920 6599/6894
f 129/129 5965/6756 4950/6755
f 6719/6495 4950/6755 4951/6754
f 4950/6755 6719/6495 129/129
f 5815/6757 98/98 71/71
f 6127/5943 72/72 4948/6759
f 280/280 4953/6749 5885/6748
f 5885/6748 6858/6618 280/280
f 419/419 6886/6746 4954/6745
f 6858/6618 6884/6640 324/324
f 197/197 163/163 6173/6752
f 163/163 5858/6753 6173/6752
f 5858/6753 163/163 128/128
f 197/197 6173/6752 4952/6751
f 239/239 197/197 4952/6751
f 197/197 198/198 163/163
f 281/281 5054/6750 4953/6749
f 15/15 6785/6770 6428/6769
f 4/4 6223/6026 4944/6776
f 6716/6492 5747/6773 5085/4963
f 72/72 6199/6760 4948/6759
f 5240/6767 6054/5876 5518/6768
f 32/32 6014/6764 6281/6763
f 1642/1642 5374/6729 4961/6728
f 1567/1567 5046/6730 5374/6729
f 6515/6303 5728/5584 1718/1718
f 5241/6725 1790/1790 5470/6726
f 4963/6724 1863/1863 5241/6725
f 4962/6727 1718/1718 4961/6728
f 6876/6633 6200/6732 4960/6731
f 1426/1426 6876/6633 4960/6731
f 5374/6729 1642/1642 1567/1567
f 5046/6730 1426/1426 4960/6731
f 5119/4997 6767/6722 5875/6721
f 6673/6451 6541/6328 4966/6718
f 4965/6719 4966/6718 6541/6328
f 4965/6719 5361/5235 5545/6720
f 5875/6721 6694/6471 5119/4997
f 6694/6471 2246/2246 2187/2187
f 4967/6717 2434/2434 6673/6451
f 6694/6471 5545/6720 5361/5235
f 640/640 585/585 5055/6742
f 585/585 527/527 4955/6743
f 640/640 4956/6741 639/639
f 764/764 5024/6740 4957/6739
f 5024/6740 639/639 4956/6741
f 4956/6741 640/640 5055/6742
f 764/764 639/639 5024/6740
f 6886/6746 419/419 420/420
f 472/472 419/419 4954/6745
f 420/420 6884/6640 6886/6746
f 527/527 472/472 6833/6744
f 527/527 6833/6744 4955/6743
f 5962/6736 6395/6187 954/954
f 1082/1082 5032/6735 4959/6734
f 6354/6733 1142/1142 4959/6734
f 1142/1142 6354/6733 1280/1280
f 1142/1142 1082/1082 4959/6734
f 829/829 4957/6739 4958/6738
f 764/764 829/829 830/830
f 4958/6738 6189/5997 829/829
f 4943/6780 6334/6130 4942/6781
f 6583/6782 9/9 6636/6415
f 5787/6778 6/6 5555/6779
f 6334/6130 9/9 4942/6781
f 10/10 4940/6784 4941/6783
f 4940/6784 10/10 11/11
f 4938/6787 6788/6562 6561/6788
f 11/11 6610/6785 4940/6784
f 49/49 48/48 6151/5966
f 48/48 49/49 4936/6790
f 5377/6791 50/50 5045/6792
f 49/49 5377/6791 4936/6790
f 5045/6792 69/69 4935/6793
f 69/69 70/70 4935/6793
f 70/70 5803/6794 4935/6793
f 5803/6794 97/97 6023/6795
f 6809/6583 6023/6795 97/97
f 6122/5938 5817/6796 6809/6583
f 6122/5938 126/126 5030/6797
f 126/126 127/127 5963/6798
f 126/126 6122/5938 5819/5659
f 127/127 161/161 194/194
f 127/127 162/162 6149/6799
f 4934/6801 5847/5687 196/196
f 6838/6803 238/238 278/278
f 238/238 6838/6803 5025/6802
f 196/196 5025/6802 4934/6801
f 279/279 5059/6804 278/278
f 279/279 322/322 4933/6805
f 321/321 322/322 279/279
f 323/323 322/322 371/371
f 322/322 6832/6806 4933/6805
f 323/323 372/372 4932/6807
f 372/372 471/471 4931/6808
f 372/372 4931/6808 4932/6807
f 525/525 4930/6809 471/471
f 471/471 4930/6809 4931/6808
f 526/526 5886/6811 6078/6810
f 525/525 6078/6810 4930/6809
f 5886/6811 584/584 4929/6812
f 698/698 4929/6812 584/584
f 4928/6814 698/698 762/762
f 763/763 4928/6814 762/762
f 763/763 5022/6815 4928/6814
f 6885/6816 6893/6646 828/828
f 698/698 4928/6814 5057/6813
f 4927/6817 828/828 6510/6298
f 6510/6298 6887/6818 4927/6817
f 6142/5958 1141/1141 5816/6820
f 4926/6821 1279/1279 4925/6822
f 1353/1353 6198/6823 4925/6822
f 1497/1497 1566/1566 6824/6825
f 1566/1566 6235/6037 5373/6827
f 1497/1497 6824/6825 4924/6824
f 1497/1497 4924/6824 1425/1425
f 5438/5305 5373/6827 6235/6037
f 1862/1862 6392/6830 5467/6829
f 5467/6829 1789/1789 1862/1862
f 5182/5060 6260/6833 6085/6832
f 2008/2008 6026/5848 1935/1935
f 2186/2186 2245/2245 6067/6834
f 2296/2296 2245/2245 2295/2295
f 6260/6833 5182/5060 2186/2186
f 5322/5196 6101/5917 5608/5465
f 2392/2392 6101/5917 4922/6838
f 4922/6838 6101/5917 5790/6839
f 2486/2486 2537/2537 4921/6840
f 2487/2487 2434/2434 5756/6716
f 4968/6714 6652/6431 5789/6715
f 5876/6709 2910/2910 2850/2850
f 2665/2665 4969/6713 5746/6712
f 5081/4959 2665/2665 2735/2735
f 3043/3043 6136/5952 3096/3096
f 6600/6710 2797/2797 6177/6711
f 5242/6707 6136/5952 5517/6708
f 4970/6706 3169/3169 3096/3096
f 4971/6704 5028/4922 5468/6705
f 4972/6702 6857/6617 6882/6638
f 5468/6705 5028/4922 3169/3169
f 6031/5853 4974/6699 3745/3745
f 3463/3463 6861/6620 3536/3536
f 3462/3462 4972/6702 4973/6701
f 4974/6699 4975/6698 3745/3745
f 3815/3815 3745/3745 4975/6698
f 5029/6696 6171/5985 3871/3871
f 4975/6698 4976/6697 3815/3815
f 4976/6697 3871/3871 3815/3815
f 4051/4051 6616/6695 4977/6694
f 4114/4114 4977/6694 4978/6693
f 6891/6644 4978/6693 4979/6692
f 4232/4232 6852/6691 4980/6690
f 4232/4232 4980/6690 4289/4289
f 4980/6690 4981/6689 4289/4289
f 4289/4289 4981/6689 4351/4351
f 5888/6688 4351/4351 4981/6689
f 5888/6688 6080/6687 4454/4454
f 6894/6647 4551/4551 4455/4455
f 4983/6684 4551/4551 4982/6685
f 4551/4551 4983/6684 6869/6628
f 4599/4599 4984/6682 4643/4643
f 4643/4643 4984/6682 4985/6681
f 4984/6682 4599/4599 6831/6683
f 4551/4551 6869/6628 4505/4505
f 4711/4711 4685/4685 5058/6680
f 4685/4685 4643/4643 4985/6681
f 5021/6679 4711/4711 5058/6680
f 4986/6677 4782/4782 4745/4745
f 5964/6675 6121/5937 4783/4783
f 4808/4808 6669/6673 4987/6672
f 4808/4808 4987/6672 4831/4831
f 4858/4858 4857/4857 4879/4879
f 4857/4857 6201/6670 4988/6669
f 6503/6291 4831/4831 5034/6671
f 6860/6667 4881/4881 4880/4880
f 5375/6668 4879/4879 4988/6669
f 4989/6666 4882/4882 4881/4881
f 4881/4881 6860/6667 4989/6666
f 4990/6665 4882/4882 4989/6666
f 4898/4898 4899/4899 4883/4883
f 4898/4898 4897/4897 5469/6664
f 5410/5277 6829/6661 4991/6660
f 4913/4913 4992/6658 6209/6013
f 5331/5205 6483/6271 4915/4915
f 4993/6656 6483/6271 6819/6657
f 5757/6654 6795/6569 4994/6655
f 6261/6659 4992/6658 4913/4913
f 4179/4179 6519/6862 5859/6861
f 3814/3814 6022/6857 3744/3744
f 3870/3870 3935/3935 5983/5808
f 4504/4504 5008/6868 5009/6867
f 4503/4503 5007/6869 5008/6868
f 4503/4503 5008/6868 4504/4504
f 4550/4550 5007/6869 4503/4503
f 5026/6864 4350/4350 5053/6865
f 4350/4350 4349/4349 5053/6865
f 4178/4178 4230/4230 5011/6863
f 4453/4453 5009/6867 5010/6866
f 4402/4402 5053/6865 4349/4349
f 4453/4453 5010/6866 4402/4402
f 4453/4453 4504/4504 5009/6867
f 2664/2664 6304/6842 5020/6841
f 5015/6849 6044/5866 3168/3168
f 2965/2965 6611/6847 5017/6846
f 5018/6844 5019/6843 2796/2796
f 2537/2537 5020/6841 4921/6840
f 6304/6842 2734/2734 5019/6843
f 5881/5716 6378/6845 5018/6844
f 6044/5866 6155/5970 3042/3042
f 5012/6855 3534/3534 3608/3608
f 3534/3534 5012/6855 5047/6854
f 3608/3608 5804/6856 5012/6855
f 5014/6850 3168/3168 6406/6198
f 6406/6198 5013/6851 5014/6850
f 3317/3317 6827/6852 5013/6851
f 5371/6853 3535/3535 5047/6854
f 3387/3387 6827/6852 3317/3317
f 5515/6892 4910/4910 6431/6893
f 6777/6552 4911/4911 4893/4893
f 4998/6889 4894/4894 4911/4911
f 4894/4894 4999/6888 4895/4895
f 4892/4892 5243/6891 6777/6552
f 4909/4909 4910/4910 6643/6422
f 4878/4878 4877/4877 5001/6885
f 4896/4896 5376/6887 5000/6886
f 5000/6886 5001/6885 4877/4877
f 4896/4896 5000/6886 4877/4877
f 5002/6883 4855/4855 5801/6884
f 6460/6248 4917/4917 4905/4905
f 4995/6652 6460/6248 5788/6653
f 4916/4916 5323/5197 6795/6569
f 4920/4920 4919/4919 6415/6895
f 4997/6890 4998/6889 4911/4911
f 4920/4920 5226/5104 4908/4908
f 6178/6896 4919/4919 4918/4918
f 4710/4710 5056/6874 4683/4683
f 5023/6875 4710/4710 4743/4743
f 5056/6874 4710/4710 5023/6875
f 4683/4683 5056/6874 5005/6873
f 4598/4598 5976/6870 4550/4550
f 4550/4550 5976/6870 5007/6869
f 4642/4642 5006/6871 4598/4598
f 4683/4683 5005/6873 4684/4684
f 5006/6871 4642/4642 5887/6872
f 5887/6872 4684/4684 5005/6873
f 5575/5432 6212/6881 5814/5657
f 5002/6883 5003/6882 4856/4856
f 6081/6880 4806/4806 5814/5657
f 5587/5444 6875/6879 5004/6878
f 5004/6878 4780/4780 5587/5444
f 6874/6877 4780/4780 5004/6878
f 6414/6771 5411/5278 1/1
f 6179/6772 1/1 2/2
f 6356/6150 5326/5200 22/22
f 7/7 6365/6159 6334/6130
f 6636/6415 27/27 10/10
f 6293/6090 12/12 5027/4921
f 14/14 16/16 15/15
f 20/20 38/38 21/21
f 22/22 23/23 6356/6150
f 6029/5851 40/40 41/41
f 47/47 29/29 6056/5878
f 75/75 31/31 6890/6643
f 32/32 52/52 5027/4921
f 35/35 14/14 55/55
f 17/17 36/36 18/18
f 38/38 39/39 21/21
f 5091/4969 22/22 39/39
f 40/40 5091/4969 6521/6308
f 64/64 44/44 43/43
f 5718/5574 5125/5003 6056/5878
f 67/67 6878/6635 66/66
f 68/68 50/50 49/49
f 73/73 74/74 6883/6639
f 31/31 75/75 51/51
f 77/77 51/51 76/76
f 52/52 5554/5412 53/53
f 5284/5158 6721/6497 53/53
f 54/54 6555/6342 34/34
f 6634/6413 58/58 81/81
f 59/59 60/60 6138/5954
f 60/60 61/61 39/39
f 41/41 5077/4955 5870/5707
f 85/85 62/62 5870/5707
f 88/88 5176/5054 45/45
f 5394/5261 5827/5667 89/89
f 91/91 5953/5784 5745/5601
f 6347/6143 6151/5966 5745/5601
f 6347/6143 93/93 68/68
f 50/50 93/93 94/94
f 69/69 94/94 95/95
f 95/95 70/70 69/69
f 100/100 72/72 6127/5943
f 73/73 72/72 100/100
f 74/74 73/73 101/101
f 74/74 75/75 6883/6639
f 76/76 6888/6641 103/103
f 105/105 5973/5799 104/104
f 5973/5799 6285/6082 5554/5412
f 59/59 6634/6413 112/112
f 83/83 113/113 5612/5469
f 114/114 85/85 5870/5707
f 86/86 115/115 87/87
f 65/65 6715/6491 88/88
f 5456/5323 89/89 5827/5667
f 90/90 89/89 119/119
f 92/92 122/122 93/93
f 94/94 122/122 123/123
f 95/95 123/123 124/124
f 96/96 124/124 125/125
f 96/96 125/125 97/97
f 131/131 71/71 98/98
f 132/132 99/99 131/131
f 101/101 100/100 133/133
f 102/102 101/101 134/134
f 103/103 102/102 135/135
f 104/104 103/103 136/136
f 104/104 137/137 105/105
f 106/106 6685/6463 139/139
f 109/109 110/110 81/81
f 6737/6513 112/112 111/111
f 6448/6236 84/84 5353/5227
f 114/114 6448/6236 5637/5494
f 152/152 151/151 5769/5620
f 5420/5287 5456/5323 152/152
f 5420/5287 153/153 187/187
f 187/187 5546/5404 119/119
f 155/155 6649/6428 154/154
f 6649/6428 155/155 120/120
f 121/121 155/155 156/156
f 156/156 157/157 121/121
f 121/121 6871/6630 122/122
f 158/158 123/123 6871/6630
f 124/124 159/159 125/125
f 5991/5816 5819/5659 160/160
f 161/161 126/126 5819/5659
f 6719/6495 6214/6017 129/129
f 165/165 130/130 6214/6017
f 202/202 166/166 201/201
f 134/134 133/133 167/167
f 134/134 135/135 102/102
f 136/136 135/135 170/170
f 137/137 136/136 171/171
f 173/173 137/137 172/172
f 139/139 140/140 107/107
f 5203/5081 5710/5566 140/140
f 6476/6264 179/179 111/111
f 147/147 148/148 5637/5494
f 150/150 185/185 5204/5082
f 5204/5082 5769/5620 151/151
f 153/153 186/186 6473/6261
f 155/155 188/188 156/156
f 157/157 189/189 190/190
f 158/158 190/190 191/191
f 159/159 191/191 5993/5818
f 5993/5818 5828/5668 159/159
f 5991/5816 193/193 161/161
f 194/194 193/193 236/236
f 194/194 195/195 162/162
f 199/199 163/163 198/198
f 128/128 163/163 199/199
f 167/167 132/132 202/202
f 168/168 167/167 203/203
f 169/169 168/168 204/204
f 170/170 169/169 205/205
f 171/171 170/170 206/206
f 172/172 171/171 207/207
f 209/209 172/172 208/208
f 6024/5846 209/209 210/210
f 176/176 177/177 141/141
f 219/219 182/182 181/181
f 6462/6250 5388/5255 147/147
f 148/148 5655/5512 184/184
f 226/226 5769/5620 5204/5082
f 5296/5170 229/229 154/154
f 154/154 230/230 188/188
f 188/188 230/230 231/231
f 156/156 231/231 189/189
f 190/190 232/232 233/233
f 5833/5673 5993/5818 233/233
f 195/195 236/236 237/237
f 6215/6018 5576/5433 237/237
f 238/238 196/196 6111/5927
f 240/240 197/197 239/239
f 241/241 198/198 240/240
f 242/242 199/199 241/241
f 6001/5826 201/201 5759/5610
f 245/245 6118/5934 244/244
f 203/203 202/202 245/245
f 204/204 203/203 246/246
f 205/205 204/204 247/247
f 206/206 205/205 248/248
f 207/207 206/206 249/249
f 250/250 207/207 249/249
f 251/251 208/208 250/250
f 210/210 209/209 208/208
f 217/217 218/218 180/180
f 6359/6153 5089/4967 219/219
f 5089/4967 6139/5955 220/220
f 6139/5955 5624/5481 220/220
f 222/222 223/223 5655/5512
f 228/228 265/265 266/266
f 267/267 230/230 229/229
f 268/268 230/230 267/267
f 232/232 269/269 270/270
f 232/232 270/270 271/271
f 233/233 271/271 272/272
f 272/272 5833/5673 233/233
f 274/274 318/318 235/235
f 238/238 6111/5927 320/320
f 240/240 239/239 282/282
f 241/241 240/240 283/283
f 242/242 241/241 284/284
f 285/285 242/242 284/284
f 243/243 200/200 242/242
f 243/243 287/287 6001/5826
f 6001/5826 244/244 6118/5934
f 289/289 244/244 288/288
f 246/246 245/245 289/289
f 247/247 246/246 290/290
f 248/248 247/247 291/291
f 249/249 248/248 292/292
f 250/250 249/249 293/293
f 251/251 250/250 294/294
f 253/253 211/211 5955/5786
f 256/256 299/299 257/257
f 258/258 216/216 257/257
f 6856/6616 302/302 348/348
f 264/264 263/263 307/307
f 308/308 6576/6361 355/355
f 265/265 308/308 309/309
f 266/266 309/309 310/310
f 267/267 311/311 268/268
f 268/268 311/311 312/312
f 270/270 312/312 313/313
f 271/271 313/313 314/314
f 315/315 273/273 272/272
f 6714/6490 277/277 6215/6018
f 278/278 320/320 6820/6592
f 279/279 6820/6592 321/321
f 282/282 281/281 325/325
f 283/283 282/282 326/326
f 327/327 283/283 326/326
f 285/285 284/284 328/328
f 286/286 285/285 329/329
f 290/290 332/332 291/291
f 333/333 291/291 332/332
f 293/293 292/292 334/334
f 294/294 293/293 335/335
f 337/337 294/294 336/336
f 295/295 338/338 296/296
f 5955/5786 339/339 297/297
f 254/254 298/298 6564/6350
f 349/349 6027/5849 348/348
f 5170/5048 303/303 6371/6165
f 308/308 356/356 357/357
f 309/309 357/357 358/358
f 310/310 358/358 359/359
f 311/311 359/359 360/360
f 312/312 360/360 361/361
f 313/313 361/361 362/362
f 314/314 363/363 315/315
f 5805/5648 317/317 316/316
f 366/366 365/365 413/413
f 370/370 371/371 321/321
f 6858/6618 373/373 280/280
f 325/325 280/280 373/373
f 326/326 325/325 374/374
f 327/327 326/326 375/375
f 328/328 327/327 376/376
f 329/329 328/328 377/377
f 329/329 379/379 286/286
f 6383/6176 330/330 379/379
f 288/288 380/380 381/381
f 332/332 331/331 382/382
f 333/333 332/332 383/383
f 334/334 333/333 384/384
f 335/335 334/334 385/385
f 336/336 335/335 386/386
f 338/338 337/337 388/388
f 296/296 6825/6596 339/339
f 5750/5603 339/339 6825/6596
f 340/340 297/297 339/339
f 5932/5763 345/345 344/344
f 5135/5013 6144/5960 346/346
f 396/396 348/348 347/347
f 396/396 349/349 348/348
f 6264/6063 351/351 6371/6165
f 352/352 6626/6405 6569/6354
f 5504/5367 354/354 403/403
f 404/404 356/356 5504/5367
f 357/357 405/405 406/406
f 358/358 406/406 407/407
f 359/359 407/407 408/408
f 360/360 408/408 409/409
f 361/361 409/409 410/410
f 362/362 410/410 411/411
f 411/411 5839/5679 363/363
f 413/413 6655/6434 366/366
f 414/414 415/415 368/368
f 6517/6305 416/416 370/370
f 370/370 416/416 417/417
f 371/371 417/417 418/418
f 418/418 323/323 371/371
f 422/422 324/324 421/421
f 374/374 373/373 422/422
f 375/375 374/374 423/423
f 376/376 375/375 424/424
f 377/377 376/376 425/425
f 378/378 377/377 426/426
f 378/378 427/427 379/379
f 380/380 428/428 429/429
f 381/381 380/380 429/429
f 382/382 381/381 430/430
f 383/383 382/382 431/431
f 384/384 383/383 432/432
f 385/385 384/384 433/433
f 386/386 385/385 434/434
f 489/489 386/386 434/434
f 389/389 388/388 435/435
f 390/390 389/389 436/436
f 395/395 5617/5474 396/396
f 5786/5637 5990/5815 449/449
f 403/403 5977/5802 5504/5367
f 404/404 452/452 453/453
f 405/405 453/453 454/454
f 406/406 454/454 455/455
f 407/407 455/455 456/456
f 408/408 456/456 457/457
f 409/409 457/457 458/458
f 410/410 458/458 459/459
f 411/411 459/459 460/460
f 412/412 461/461 462/462
f 463/463 413/413 6419/6209
f 6655/6434 465/465 414/414
f 5995/5820 467/467 466/466
f 416/416 467/467 6597/6381
f 416/416 6597/6381 468/468
f 417/417 468/468 469/469
f 418/418 469/469 470/470
f 421/421 420/420 473/473
f 475/475 421/421 474/474
f 423/423 422/422 476/476
f 424/424 423/423 477/477
f 425/425 424/424 478/478
f 426/426 425/425 479/479
f 426/426 480/480 378/378
f 428/428 427/427 481/481
f 429/429 428/428 482/482
f 430/430 429/429 483/483
f 431/431 430/430 484/484
f 432/432 431/431 485/485
f 433/433 432/432 486/486
f 434/434 433/433 487/487
f 386/386 489/489 387/387
f 435/435 387/387 490/490
f 436/436 435/435 491/491
f 437/437 436/436 492/492
f 392/392 6726/6502 438/438
f 438/438 5532/5391 6590/6374
f 439/439 440/440 393/393
f 442/442 441/441 496/496
f 499/499 444/444 443/443
f 398/398 501/501 446/446
f 400/400 6815/6589 447/447
f 5487/5350 448/448 401/401
f 505/505 449/449 448/448
f 452/452 507/507 508/508
f 453/453 508/508 509/509
f 454/454 509/509 510/510
f 455/455 510/510 511/511
f 456/456 511/511 512/512
f 457/457 512/512 513/513
f 458/458 513/513 514/514
f 459/459 514/514 515/515
f 460/460 515/515 516/516
f 462/462 517/517 518/518
f 463/463 518/518 519/519
f 464/464 519/519 520/520
f 520/520 6119/5935 465/465
f 5995/5820 6597/6381 467/467
f 468/468 521/521 522/522
f 469/469 522/522 523/523
f 470/470 523/523 524/524
f 471/471 524/524 525/525
f 472/472 528/528 419/419
f 473/473 419/419 528/528
f 474/474 473/473 529/529
f 531/531 474/474 530/530
f 476/476 475/475 531/531
f 477/477 476/476 532/532
f 478/478 477/477 533/533
f 534/534 478/478 533/533
f 480/480 426/426 535/535
f 481/481 480/480 536/536
f 482/482 481/481 537/537
f 483/483 482/482 538/538
f 484/484 483/483 539/539
f 485/485 484/484 540/540
f 486/486 485/485 541/541
f 487/487 486/486 542/542
f 488/488 487/487 543/543
f 488/488 489/489 434/434
f 490/490 489/489 545/545
f 491/491 490/490 546/546
f 492/492 491/491 547/547
f 493/493 437/437 549/549
f 550/550 6191/5999 493/493
f 495/495 441/441 440/440
f 5812/5655 5603/5460 556/556
f 558/558 6208/6012 500/500
f 5975/5801 562/562 617/617
f 564/564 507/507 5282/5156
f 509/509 565/565 566/566
f 510/510 566/566 567/567
f 511/511 567/567 568/568
f 512/512 568/568 569/569
f 513/513 569/569 570/570
f 514/514 570/570 571/571
f 515/515 571/571 572/572
f 516/516 572/572 573/573
f 517/517 573/573 574/574
f 518/518 574/574 575/575
f 519/519 575/575 576/576
f 520/520 576/576 5824/5664
f 5824/5664 633/633 577/577
f 578/578 577/577 6126/5942
f 578/578 521/521 6597/6381
f 521/521 579/579 580/580
f 522/522 580/580 581/581
f 523/523 581/581 582/582
f 524/524 582/582 583/583
f 528/528 527/527 586/586
f 529/529 528/528 587/587
f 530/530 529/529 588/588
f 532/532 531/531 589/589
f 534/534 533/533 591/591
f 535/535 479/479 592/592
f 536/536 535/535 593/593
f 537/537 536/536 593/593
f 538/538 537/537 594/594
f 539/539 538/538 595/595
f 540/540 539/539 596/596
f 541/541 540/540 597/597
f 542/542 541/541 598/598
f 543/543 542/542 599/599
f 656/656 543/543 599/599
f 546/546 545/545 600/600
f 547/547 546/546 601/601
f 548/548 547/547 602/602
f 550/550 549/549 604/604
f 605/605 6191/5999 550/550
f 551/551 5290/5164 5532/5391
f 552/552 5530/5389 607/607
f 613/613 560/560 559/559
f 616/616 504/504 561/561
f 617/617 562/562 616/616
f 618/618 563/563 5975/5801
f 5547/5405 564/564 5282/5156
f 619/619 6547/6334 564/564
f 565/565 620/620 621/621
f 566/566 621/621 622/622
f 567/567 622/622 623/623
f 568/568 623/623 624/624
f 569/569 624/624 625/625
f 570/570 625/625 626/626
f 571/571 626/626 627/627
f 572/572 627/627 628/628
f 573/573 628/628 629/629
f 574/574 629/629 630/630
f 575/575 630/630 631/631
f 576/576 631/631 632/632
f 633/633 6126/5942 577/577
f 6126/5942 579/579 578/578
f 580/580 634/634 635/635
f 635/635 636/636 581/581
f 582/582 636/636 637/637
f 583/583 637/637 638/638
f 586/586 585/585 641/641
f 587/587 586/586 642/642
f 588/588 587/587 643/643
f 589/589 530/530 644/644
f 646/646 589/589 645/645
f 591/591 590/590 646/646
f 592/592 534/534 647/647
f 593/593 592/592 648/648
f 594/594 593/593 649/649
f 595/595 594/594 650/650
f 596/596 595/595 651/651
f 597/597 596/596 652/652
f 598/598 597/597 653/653
f 599/599 598/598 654/654
f 543/543 656/656 544/544
f 600/600 544/544 657/657
f 601/601 600/600 658/658
f 602/602 601/601 659/659
f 603/603 602/602 660/660
f 662/662 605/605 604/604
f 5530/5389 606/606 5783/5634
f 5783/5634 6745/6521 5530/5389
f 557/557 670/670 5390/5257
f 619/619 675/675 676/676
f 620/620 676/676 677/677
f 621/621 677/677 678/678
f 622/622 678/678 679/679
f 623/623 679/679 680/680
f 624/624 680/680 681/681
f 625/625 681/681 682/682
f 626/626 682/682 683/683
f 627/627 683/683 684/684
f 628/628 684/684 685/685
f 629/629 685/685 686/686
f 630/630 686/686 687/687
f 631/631 687/687 688/688
f 632/632 688/688 689/689
f 633/633 689/689 690/690
f 690/690 691/691 6126/5942
f 579/579 691/691 634/634
f 635/635 692/692 693/693
f 636/636 693/693 694/694
f 694/694 695/695 696/696
f 694/694 696/696 637/637
f 638/638 696/696 697/697
f 584/584 697/697 698/698
f 641/641 640/640 699/699
f 642/642 641/641 700/700
f 643/643 642/642 701/701
f 703/703 643/643 702/702
f 644/644 588/588 703/703
f 645/645 644/644 704/704
f 646/646 706/706 591/591
f 647/647 591/591 707/707
f 648/648 647/647 708/708
f 649/649 648/648 709/709
f 650/650 649/649 710/710
f 651/651 650/650 711/711
f 652/652 651/651 712/712
f 653/653 652/652 713/713
f 654/654 653/653 714/714
f 655/655 654/654 715/715
f 655/655 656/656 599/599
f 657/657 656/656 717/717
f 658/658 657/657 718/718
f 659/659 658/658 719/719
f 784/784 659/659 719/719
f 661/661 603/603 720/720
f 662/662 661/661 721/721
f 663/663 662/662 722/722
f 664/664 6237/6039 723/723
f 664/664 5279/5153 5783/5634
f 5279/5153 724/724 665/665
f 608/608 665/665 666/666
f 667/667 666/666 726/726
f 668/668 6487/6275 669/669
f 729/729 669/669 728/728
f 729/729 730/730 5601/5458
f 731/731 5477/5340 6481/6269
f 674/674 735/735 801/801
f 675/675 739/739 740/740
f 676/676 740/740 741/741
f 677/677 741/741 742/742
f 678/678 742/742 743/743
f 679/679 743/743 744/744
f 680/680 744/744 745/745
f 681/681 745/745 746/746
f 682/682 746/746 747/747
f 683/683 747/747 748/748
f 684/684 748/748 749/749
f 685/685 749/749 750/750
f 686/686 750/750 751/751
f 687/687 751/751 752/752
f 688/688 752/752 753/753
f 689/689 753/753 754/754
f 690/690 754/754 755/755
f 691/691 756/756 634/634
f 756/756 757/757 692/692
f 692/692 757/757 758/758
f 693/693 758/758 759/759
f 694/694 759/759 695/695
f 760/760 697/697 696/696
f 697/697 761/761 762/762
f 765/765 639/639 764/764
f 701/701 700/700 766/766
f 702/702 701/701 767/767
f 704/704 703/703 768/768
f 770/770 704/704 769/769
f 705/705 645/645 770/770
f 706/706 705/705 771/771
f 707/707 706/706 772/772
f 708/708 707/707 773/773
f 709/709 708/708 774/774
f 710/710 709/709 775/775
f 711/711 710/710 776/776
f 712/712 711/711 777/777
f 713/713 712/712 778/778
f 714/714 713/713 779/779
f 715/715 714/714 780/780
f 846/846 715/715 780/780
f 718/718 717/717 781/781
f 719/719 718/718 782/782
f 659/659 784/784 660/660
f 720/720 660/660 785/785
f 721/721 720/720 786/786
f 721/721 722/722 662/662
f 722/722 6237/6039 663/663
f 788/788 6237/6039 722/722
f 724/724 789/789 857/857
f 6487/6275 728/728 669/669
f 5601/5458 731/731 6481/6269
f 6545/6332 801/801 735/735
f 801/801 6877/6634 736/736
f 737/737 802/802 803/803
f 738/738 737/737 803/803
f 740/740 804/804 805/805
f 741/741 805/805 806/806
f 742/742 806/806 807/807
f 743/743 807/807 808/808
f 744/744 808/808 809/809
f 745/745 809/809 810/810
f 746/746 810/810 811/811
f 747/747 811/811 812/812
f 748/748 812/812 813/813
f 749/749 813/813 814/814
f 750/750 814/814 815/815
f 751/751 815/815 816/816
f 752/752 816/816 817/817
f 753/753 817/817 818/818
f 754/754 818/818 819/819
f 755/755 819/819 820/820
f 820/820 756/756 755/755
f 758/758 821/821 822/822
f 759/759 822/822 823/823
f 695/695 823/823 824/824
f 760/760 824/824 825/825
f 761/761 825/825 826/826
f 763/763 826/826 827/827
f 831/831 765/765 830/830
f 766/766 699/699 765/765
f 767/767 766/766 832/832
f 768/768 702/702 833/833
f 769/769 768/768 834/834
f 771/771 770/770 835/835
f 772/772 771/771 836/836
f 837/837 772/772 836/836
f 774/774 773/773 838/838
f 775/775 774/774 839/839
f 776/776 775/775 840/840
f 777/777 776/776 841/841
f 778/778 777/777 842/842
f 779/779 778/778 843/843
f 780/780 779/779 844/844
f 715/715 846/846 716/716
f 781/781 716/716 847/847
f 782/782 781/781 848/848
f 783/783 782/782 849/849
f 783/783 784/784 719/719
f 785/785 784/784 851/851
f 786/786 785/785 852/852
f 787/787 786/786 853/853
f 788/788 787/787 854/854
f 789/789 788/788 855/855
f 790/790 857/857 5799/5646
f 6487/6275 794/794 795/795
f 863/863 797/797 796/796
f 798/798 6273/6072 864/864
f 800/800 866/866 6545/6332
f 6545/6332 866/866 867/867
f 867/867 6849/6610 801/801
f 802/802 868/868 869/869
f 803/803 869/869 870/870
f 804/804 870/870 871/871
f 804/804 871/871 872/872
f 805/805 872/872 873/873
f 806/806 873/873 874/874
f 807/807 874/874 875/875
f 808/808 875/875 876/876
f 809/809 876/876 877/877
f 810/810 877/877 878/878
f 811/811 878/878 879/879
f 812/812 879/879 880/880
f 813/813 880/880 881/881
f 814/814 881/881 882/882
f 815/815 882/882 883/883
f 816/816 883/883 884/884
f 817/817 884/884 885/885
f 818/818 885/885 886/886
f 819/819 886/886 887/887
f 820/820 887/887 888/888
f 757/757 888/888 821/821
f 822/822 889/889 890/890
f 823/823 890/890 824/824
f 825/825 891/891 892/892
f 826/826 892/892 827/827
f 827/827 5583/5440 828/828
f 893/893 831/831 830/830
f 832/832 831/831 894/894
f 895/895 832/832 894/894
f 767/767 6847/6609 833/833
f 834/834 833/833 896/896
f 835/835 769/769 897/897
f 836/836 835/835 898/898
f 837/837 836/836 899/899
f 838/838 837/837 900/900
f 839/839 838/838 901/901
f 840/840 839/839 902/902
f 841/841 840/840 903/903
f 842/842 841/841 904/904
f 843/843 842/842 905/905
f 844/844 843/843 906/906
f 845/845 844/844 907/907
f 847/847 846/846 908/908
f 848/848 847/847 909/909
f 849/849 848/848 910/910
f 850/850 849/849 911/911
f 852/852 851/851 912/912
f 853/853 852/852 913/913
f 854/854 853/853 914/914
f 855/855 854/854 915/915
f 856/856 855/855 916/916
f 858/858 5846/5686 859/859
f 920/920 862/862 861/861
f 988/988 923/923 987/987
f 867/867 6213/6016 926/926
f 926/926 868/868 6849/6610
f 868/868 927/927 928/928
f 869/869 928/928 929/929
f 870/870 929/929 871/871
f 872/872 930/930 931/931
f 873/873 931/931 932/932
f 874/874 932/932 933/933
f 875/875 933/933 934/934
f 876/876 934/934 935/935
f 877/877 935/935 936/936
f 878/878 936/936 937/937
f 879/879 937/937 938/938
f 880/880 938/938 939/939
f 881/881 939/939 940/940
f 882/882 940/940 941/941
f 883/883 941/941 942/942
f 884/884 942/942 943/943
f 885/885 943/943 944/944
f 886/886 944/944 945/945
f 887/887 945/945 946/946
f 888/888 946/946 947/947
f 821/821 947/947 889/889
f 890/890 948/948 949/949
f 890/890 891/891 824/824
f 891/891 950/950 892/892
f 952/952 5583/5440 951/951
f 895/895 956/956 5837/5677
f 896/896 5837/5677 957/957
f 958/958 896/896 957/957
f 897/897 834/834 958/958
f 898/898 897/897 959/959
f 899/899 898/898 960/960
f 900/900 899/899 961/961
f 901/901 900/900 962/962
f 902/902 901/901 963/963
f 903/903 902/902 964/964
f 904/904 903/903 965/965
f 905/905 904/904 966/966
f 968/968 905/905 967/967
f 907/907 906/906 968/968
f 908/908 845/845 969/969
f 909/909 908/908 970/970
f 910/910 909/909 971/971
f 1034/1034 910/910 971/971
f 912/912 850/850 972/972
f 913/913 912/912 974/974
f 914/914 913/913 975/975
f 915/915 914/914 976/976
f 916/916 915/915 977/977
f 917/917 916/916 978/978
f 918/918 979/979 6723/6499
f 6325/6121 918/918 6723/6499
f 6325/6121 919/919 858/858
f 919/919 980/980 6812/6586
f 6167/5981 6282/6079 981/981
f 988/988 924/924 923/923
f 6213/6016 6851/6612 6388/6181
f 6213/6016 925/925 6851/6612
f 926/926 989/989 990/990
f 927/927 990/990 991/991
f 928/928 991/991 992/992
f 929/929 992/992 993/993
f 871/871 993/993 930/930
f 931/931 994/994 995/995
f 932/932 995/995 996/996
f 933/933 996/996 997/997
f 934/934 997/997 998/998
f 935/935 998/998 999/999
f 936/936 999/999 1000/1000
f 937/937 1000/1000 1001/1001
f 938/938 1001/1001 1002/1002
f 939/939 1002/1002 1003/1003
f 940/940 1003/1003 1004/1004
f 941/941 1004/1004 1005/1005
f 942/942 1005/1005 1006/1006
f 943/943 1006/1006 1007/1007
f 944/944 1007/1007 1008/1008
f 945/945 1008/1008 1009/1009
f 946/946 1009/1009 1010/1010
f 947/947 1010/1010 1011/1011
f 948/948 1011/1011 1077/1077
f 948/948 6659/6438 949/949
f 1012/1012 950/950 949/949
f 1015/1015 6189/5997 954/954
f 6596/6380 830/830 829/829
f 955/955 956/956 894/894
f 5837/5677 1017/1017 1018/1018
f 957/957 1020/1020 958/958
f 959/959 958/958 1020/1020
f 960/960 959/959 1021/1021
f 961/961 960/960 1022/1022
f 962/962 961/961 1023/1023
f 963/963 962/962 1024/1024
f 964/964 963/963 1025/1025
f 965/965 964/964 1026/1026
f 966/966 965/965 1027/1027
f 967/967 966/966 1028/1028
f 968/968 1029/1029 1030/1030
f 969/969 907/907 1030/1030
f 970/970 969/969 1031/1031
f 971/971 970/970 1032/1032
f 910/910 1034/1034 911/911
f 972/972 911/911 1035/1035
f 973/973 972/972 1036/1036
f 974/974 973/973 1037/1037
f 975/975 974/974 1038/1038
f 976/976 975/975 1039/1039
f 977/977 976/976 1040/1040
f 978/978 977/977 1041/1041
f 979/979 978/978 1042/1042
f 6325/6121 980/980 919/919
f 919/919 6812/6586 6282/6079
f 1051/1051 987/987 986/986
f 1052/1052 6851/6612 988/988
f 989/989 1054/1054 1055/1055
f 990/990 1055/1055 1056/1056
f 991/991 1056/1056 1057/1057
f 992/992 1057/1057 1058/1058
f 993/993 1058/1058 1059/1059
f 930/930 1059/1059 994/994
f 995/995 1060/1060 1061/1061
f 996/996 1061/1061 1062/1062
f 997/997 1062/1062 1063/1063
f 998/998 1063/1063 1064/1064
f 999/999 1064/1064 1065/1065
f 1000/1000 1065/1065 1066/1066
f 1001/1001 1066/1066 1067/1067
f 1002/1002 1067/1067 1068/1068
f 1003/1003 1068/1068 1069/1069
f 1004/1004 1069/1069 1070/1070
f 1005/1005 1070/1070 1071/1071
f 1006/1006 1071/1071 1072/1072
f 1007/1007 1072/1072 1073/1073
f 1008/1008 1073/1073 1074/1074
f 1009/1009 1074/1074 1075/1075
f 1010/1010 1075/1075 1076/1076
f 1011/1011 1076/1076 1077/1077
f 6659/6438 6229/6032 1012/1012
f 951/951 1080/1080 952/952
f 5808/5651 6132/5948 1016/1016
f 1021/1021 1020/1020 1085/1085
f 1022/1022 1021/1021 1086/1086
f 1023/1023 1022/1022 1087/1087
f 1024/1024 1023/1023 1088/1088
f 1025/1025 1024/1024 1089/1089
f 1026/1026 1025/1025 1090/1090
f 1027/1027 1026/1026 1091/1091
f 1028/1028 1027/1027 1092/1092
f 1029/1029 967/967 1093/1093
f 1030/1030 1029/1029 1094/1094
f 1031/1031 1030/1030 1095/1095
f 1032/1032 1031/1031 1096/1096
f 1033/1033 1032/1032 1097/1097
f 1035/1035 1034/1034 1098/1098
f 1036/1036 1035/1035 1099/1099
f 1037/1037 1036/1036 1100/1100
f 1038/1038 1037/1037 1101/1101
f 1039/1039 1038/1038 1102/1102
f 1040/1040 1039/1039 1103/1103
f 1041/1041 1040/1040 1104/1104
f 1042/1042 1041/1041 1105/1105
f 1043/1043 1042/1042 1106/1106
f 1045/1045 1044/1044 1108/1108
f 1047/1047 1046/1046 1110/1110
f 1047/1047 1111/1111 5466/5333
f 5342/5216 6533/6320 5078/4956
f 5078/4956 5904/5735 5342/5216
f 6775/6550 1051/1051 1050/1050
f 1052/1052 1115/1115 1053/1053
f 1054/1054 1116/1116 1117/1117
f 1055/1055 1117/1117 1118/1118
f 1056/1056 1118/1118 1119/1119
f 1057/1057 1119/1119 1120/1120
f 1058/1058 1120/1120 1121/1121
f 1059/1059 1121/1121 1122/1122
f 994/994 1122/1122 1060/1060
f 1061/1061 1123/1123 1124/1124
f 1062/1062 1124/1124 1125/1125
f 1063/1063 1125/1125 1126/1126
f 1064/1064 1126/1126 1127/1127
f 6892/6645 1127/1127 1128/1128
f 1127/1127 6892/6645 1065/1065
f 6892/6645 1067/1067 1066/1066
f 1067/1067 1130/1130 1068/1068
f 1069/1069 1131/1131 1132/1132
f 1070/1070 1132/1132 1133/1133
f 1071/1071 1133/1133 1134/1134
f 1072/1072 1134/1134 1135/1135
f 1073/1073 1135/1135 1136/1136
f 1074/1074 1136/1136 1137/1137
f 1075/1075 1137/1137 1138/1138
f 1076/1076 1138/1138 1139/1139
f 1077/1077 1139/1139 1078/1078
f 6092/5908 6349/6145 1080/1080
f 5826/5666 5992/5817 1140/1140
f 5992/5817 6142/5958 1081/1081
f 1145/1145 1018/1018 1017/1017
f 5825/5665 1019/1019 1018/1018
f 1085/1085 1019/1019 1146/1146
f 1086/1086 1085/1085 1147/1147
f 1087/1087 1086/1086 1148/1148
f 1088/1088 1087/1087 1149/1149
f 1089/1089 1088/1088 1150/1150
f 1090/1090 1089/1089 1151/1151
f 1091/1091 1090/1090 1152/1152
f 1092/1092 1091/1091 1153/1153
f 1093/1093 1028/1028 1154/1154
f 1094/1094 1093/1093 1155/1155
f 1095/1095 1094/1094 1156/1156
f 1095/1095 1157/1157 1096/1096
f 1098/1098 1033/1033 1158/1158
f 1099/1099 1098/1098 1159/1159
f 1100/1100 1099/1099 1160/1160
f 1101/1101 1100/1100 1161/1161
f 1102/1102 1101/1101 1162/1162
f 1103/1103 1102/1102 1163/1163
f 1104/1104 1103/1103 1164/1164
f 1105/1105 1104/1104 1165/1165
f 1106/1106 1105/1105 1166/1166
f 1107/1107 1106/1106 1167/1167
f 1108/1108 1107/1107 1168/1168
f 1109/1109 1108/1108 1169/1169
f 1109/1109 1110/1110 1046/1046
f 5078/4956 1176/1176 1112/1112
f 1177/1177 5774/5625 1113/1113
f 1180/1180 5753/5606 1179/1179
f 1116/1116 1182/1182 1183/1183
f 1117/1117 1183/1183 1184/1184
f 1118/1118 1184/1184 1185/1185
f 1119/1119 1185/1185 1186/1186
f 1120/1120 1186/1186 1187/1187
f 1121/1121 1187/1187 1188/1188
f 1122/1122 1188/1188 1189/1189
f 1060/1060 1189/1189 1123/1123
f 1124/1124 1190/1190 1191/1191
f 1125/1125 1191/1191 1192/1192
f 1126/1126 1192/1192 1193/1193
f 1128/1128 1193/1193 1263/1263
f 1129/1129 1194/1194 1195/1195
f 1130/1130 1195/1195 1196/1196
f 1131/1131 1196/1196 1197/1197
f 1132/1132 1197/1197 1198/1198
f 1133/1133 1198/1198 1199/1199
f 1134/1134 1199/1199 1200/1200
f 1135/1135 1200/1200 1201/1201
f 1136/1136 1201/1201 1202/1202
f 1137/1137 1202/1202 1203/1203
f 1138/1138 1203/1203 1204/1204
f 1204/1204 1078/1078 1139/1139
f 1140/1140 6092/5908 1207/1207
f 1082/1082 1083/1083 6395/6187
f 6807/6581 1212/1212 1084/1084
f 1212/1212 1143/1143 1084/1084
f 1145/1145 5585/5442 1213/1213
f 1214/1214 5825/5665 1145/1145
f 1146/1146 5825/5665 1215/1215
f 1147/1147 1146/1146 1216/1216
f 1148/1148 1147/1147 1217/1217
f 1149/1149 1148/1148 1218/1218
f 1150/1150 1149/1149 1219/1219
f 1151/1151 1150/1150 1220/1220
f 1152/1152 1151/1151 1221/1221
f 1153/1153 1152/1152 1222/1222
f 1154/1154 1092/1092 1223/1223
f 1155/1155 1154/1154 1224/1224
f 1156/1156 1155/1155 1225/1225
f 1157/1157 1156/1156 1226/1226
f 1096/1096 1227/1227 1097/1097
f 1158/1158 1097/1097 1228/1228
f 1159/1159 1158/1158 1229/1229
f 1160/1160 1159/1159 1230/1230
f 1161/1161 1160/1160 1231/1231
f 1162/1162 1161/1161 1232/1232
f 1163/1163 1162/1162 1233/1233
f 1164/1164 1163/1163 1234/1234
f 1165/1165 1164/1164 1235/1235
f 1166/1166 1165/1165 1236/1236
f 1167/1167 1166/1166 1237/1237
f 1168/1168 1167/1167 1238/1238
f 1169/1169 1168/1168 1239/1239
f 1170/1170 1169/1169 1240/1240
f 1172/1172 1170/1170 1241/1241
f 6036/5858 1177/1177 1112/1112
f 1178/1178 6713/6489 1179/1179
f 1180/1180 1249/1249 1250/1250
f 1181/1181 1250/1250 1251/1251
f 1182/1182 1251/1251 1252/1252
f 1183/1183 1252/1252 1253/1253
f 1184/1184 1253/1253 1254/1254
f 1185/1185 1254/1254 1255/1255
f 1186/1186 1255/1255 1256/1256
f 1187/1187 1256/1256 1257/1257
f 1188/1188 1257/1257 1258/1258
f 1189/1189 1258/1258 1259/1259
f 1123/1123 1259/1259 1190/1190
f 1191/1191 1260/1260 1261/1261
f 1192/1192 1261/1261 1262/1262
f 1193/1193 1262/1262 1263/1263
f 1263/1263 1194/1194 1128/1128
f 1195/1195 1264/1264 1265/1265
f 1196/1196 1265/1265 1266/1266
f 1266/1266 1197/1197 1196/1196
f 1198/1198 1267/1267 1268/1268
f 1199/1199 1268/1268 1269/1269
f 1200/1200 1269/1269 1270/1270
f 1201/1201 1270/1270 1271/1271
f 1202/1202 1271/1271 1272/1272
f 1203/1203 1272/1272 1273/1273
f 1204/1204 1273/1273 1274/1274
f 6708/6485 1274/1274 1275/1275
f 1205/1205 1275/1275 1276/1276
f 1350/1350 5826/5666 1277/1277
f 1280/1280 1209/1209 1142/1142
f 1210/1210 1209/1209 1281/1281
f 1211/1211 1210/1210 1281/1281
f 1283/1283 1212/1212 1282/1282
f 1213/1213 1144/1144 1283/1283
f 1214/1214 1213/1213 1284/1284
f 1215/1215 1214/1214 1285/1285
f 1216/1216 1215/1215 1286/1286
f 1217/1217 1216/1216 1287/1287
f 1218/1218 1217/1217 1288/1288
f 1219/1219 1218/1218 1289/1289
f 1220/1220 1219/1219 1290/1290
f 1221/1221 1220/1220 1291/1291
f 1222/1222 1221/1221 1292/1292
f 1223/1223 1153/1153 1293/1293
f 1224/1224 1223/1223 1294/1294
f 1225/1225 1224/1224 1295/1295
f 1226/1226 1225/1225 1296/1296
f 1227/1227 1157/1157 1297/1297
f 1228/1228 1227/1227 1298/1298
f 1229/1229 1228/1228 1299/1299
f 1230/1230 1229/1229 1300/1300
f 1231/1231 1230/1230 1301/1301
f 1232/1232 1231/1231 1302/1302
f 1233/1233 1232/1232 1303/1303
f 1234/1234 1233/1233 1304/1304
f 1235/1235 1234/1234 1305/1305
f 1236/1236 1235/1235 1306/1306
f 1237/1237 1236/1236 1307/1307
f 1238/1238 1237/1237 1308/1308
f 1239/1239 1238/1238 1309/1309
f 1240/1240 1241/1241 1170/1170
f 5765/5616 1174/1174 1243/1243
f 5765/5616 1314/1314 6249/6051
f 1248/1248 1320/1320 1249/1249
f 1249/1249 1320/1320 1321/1321
f 1250/1250 1321/1321 1322/1322
f 1251/1251 1322/1322 1323/1323
f 1252/1252 1323/1323 1324/1324
f 1253/1253 1324/1324 1325/1325
f 1254/1254 1325/1325 1326/1326
f 1255/1255 1326/1326 1327/1327
f 1256/1256 1327/1327 1328/1328
f 1257/1257 1328/1328 1329/1329
f 1258/1258 1329/1329 1330/1330
f 1259/1259 1330/1330 1331/1331
f 1190/1190 1331/1331 1260/1260
f 1261/1261 1332/1332 1333/1333
f 1262/1262 1333/1333 1334/1334
f 1263/1263 1334/1334 1335/1335
f 1194/1194 1335/1335 1264/1264
f 1265/1265 1336/1336 1337/1337
f 1266/1266 1337/1337 1338/1338
f 1267/1267 1338/1338 1339/1339
f 1268/1268 1339/1339 1340/1340
f 1269/1269 1340/1340 1341/1341
f 1270/1270 1341/1341 1342/1342
f 1271/1271 1342/1342 1343/1343
f 1272/1272 1343/1343 1344/1344
f 1273/1273 1344/1344 1345/1345
f 1274/1274 1345/1345 1346/1346
f 1275/1275 1346/1346 1347/1347
f 1276/1276 1347/1347 1348/1348
f 1207/1207 1348/1348 1349/1349
f 1276/1276 1207/1207 1206/1206
f 1278/1278 1351/1351 1352/1352
f 1281/1281 1356/1356 1211/1211
f 1282/1282 1211/1211 1357/1357
f 1283/1283 1282/1282 1358/1358
f 1284/1284 1283/1283 1359/1359
f 1285/1285 1284/1284 1360/1360
f 1286/1286 1285/1285 1361/1361
f 1287/1287 1286/1286 1362/1362
f 1288/1288 1287/1287 1363/1363
f 1289/1289 1288/1288 1364/1364
f 1290/1290 1289/1289 1365/1365
f 1291/1291 1290/1290 1366/1366
f 1292/1292 1291/1291 1367/1367
f 1293/1293 1222/1222 1368/1368
f 1294/1294 1293/1293 1369/1369
f 1295/1295 1294/1294 1370/1370
f 1296/1296 1295/1295 1371/1371
f 1297/1297 1226/1226 1372/1372
f 1298/1298 1297/1297 1373/1373
f 1299/1299 1298/1298 1374/1374
f 1300/1300 1299/1299 1375/1375
f 1301/1301 1300/1300 1376/1376
f 1302/1302 1301/1301 1377/1377
f 1303/1303 1302/1302 1378/1378
f 1304/1304 1303/1303 1379/1379
f 1305/1305 1304/1304 1380/1380
f 1306/1306 1305/1305 1381/1381
f 1307/1307 1306/1306 1382/1382
f 1308/1308 1307/1307 1383/1383
f 1309/1309 1308/1308 1384/1384
f 1309/1309 6845/6607 1310/1310
f 1310/1310 1239/1239 1309/1309
f 1311/1311 6645/6424 1386/1386
f 1242/1242 5961/5792 5253/5127
f 1390/1390 1317/1317 1316/1316
f 1320/1320 1393/1393 1394/1394
f 1321/1321 1394/1394 1395/1395
f 1322/1322 1395/1395 1396/1396
f 1323/1323 1396/1396 1397/1397
f 1324/1324 1397/1397 1398/1398
f 1325/1325 1398/1398 1399/1399
f 1326/1326 1399/1399 1400/1400
f 1327/1327 1400/1400 1401/1401
f 1328/1328 1401/1401 1402/1402
f 1329/1329 1402/1402 1403/1403
f 1330/1330 1403/1403 1404/1404
f 1331/1331 1404/1404 1405/1405
f 1260/1260 1405/1405 1406/1406
f 1332/1332 1406/1406 1407/1407
f 1333/1333 1407/1407 1408/1408
f 1334/1334 1408/1408 1409/1409
f 1335/1335 1409/1409 1410/1410
f 1264/1264 1410/1410 1336/1336
f 1337/1337 1411/1411 1412/1412
f 1338/1338 1412/1412 1413/1413
f 1413/1413 1339/1339 1338/1338
f 1340/1340 1414/1414 1415/1415
f 1341/1341 1415/1415 1342/1342
f 1343/1343 1416/1416 1417/1417
f 1344/1344 1417/1417 1418/1418
f 1345/1345 1418/1418 1419/1419
f 1346/1346 1419/1419 1420/1420
f 1347/1347 1420/1420 1421/1421
f 1348/1348 1421/1421 1422/1422
f 1349/1349 1422/1422 1423/1423
f 1350/1350 1423/1423 1351/1351
f 1353/1353 1424/1424 1425/1425
f 1354/1354 6876/6633 1427/1427
f 1355/1355 1354/1354 1427/1427
f 1356/1356 1355/1355 1428/1428
f 1357/1357 1356/1356 1429/1429
f 1359/1359 1358/1358 1430/1430
f 1360/1360 1359/1359 1431/1431
f 1361/1361 1360/1360 1432/1432
f 1362/1362 1361/1361 1433/1433
f 1363/1363 1362/1362 1434/1434
f 1364/1364 1363/1363 1435/1435
f 1365/1365 1364/1364 1436/1436
f 1366/1366 1365/1365 1437/1437
f 1367/1367 1366/1366 1438/1438
f 1368/1368 1292/1292 1439/1439
f 1369/1369 1368/1368 1440/1440
f 1370/1370 1369/1369 1441/1441
f 1371/1371 1370/1370 1442/1442
f 1372/1372 1296/1296 1443/1443
f 1373/1373 1372/1372 1444/1444
f 1374/1374 1373/1373 1445/1445
f 1375/1375 1374/1374 1446/1446
f 1376/1376 1375/1375 1447/1447
f 1377/1377 1376/1376 1448/1448
f 1378/1378 1377/1377 1449/1449
f 1379/1379 1378/1378 1450/1450
f 1380/1380 1379/1379 1451/1451
f 1381/1381 1380/1380 1452/1452
f 1382/1382 1381/1381 1453/1453
f 1383/1383 1382/1382 1454/1454
f 1384/1384 1383/1383 1455/1455
f 1457/1457 6845/6607 1384/1384
f 6845/6607 6661/6440 1310/1310
f 1388/1388 5698/5554 1462/1462
f 6772/6547 1466/1466 1390/1390
f 5417/5284 1390/1390 1466/1466
f 6665/6444 5755/5608 1392/1392
f 5797/5644 5755/5608 5270/5144
f 6486/6274 1397/1397 1396/1396
f 1398/1398 1469/1469 1470/1470
f 1399/1399 1470/1470 1471/1471
f 1400/1400 1471/1471 1472/1472
f 1401/1401 1472/1472 1473/1473
f 1402/1402 1473/1473 1474/1474
f 1403/1403 1474/1474 1475/1475
f 1404/1404 1475/1475 1476/1476
f 1405/1405 1476/1476 1477/1477
f 1406/1406 1477/1477 1478/1478
f 1407/1407 1478/1478 1479/1479
f 1408/1408 1479/1479 1480/1480
f 1409/1409 1480/1480 1481/1481
f 1410/1410 1481/1481 1482/1482
f 1336/1336 1482/1482 1411/1411
f 1412/1412 1483/1483 1484/1484
f 1413/1413 1484/1484 1485/1485
f 1414/1414 1485/1485 1486/1486
f 1415/1415 1486/1486 1487/1487
f 1342/1342 1487/1487 1416/1416
f 1417/1417 1488/1488 1489/1489
f 1418/1418 1489/1489 1490/1490
f 1419/1419 1490/1490 1491/1491
f 1420/1420 1491/1491 1492/1492
f 1421/1421 1492/1492 1422/1422
f 1423/1423 1493/1493 1494/1494
f 1424/1424 1495/1495 1496/1496
f 1428/1428 1427/1427 1498/1498
f 1429/1429 1428/1428 1499/1499
f 1430/1430 1357/1357 1500/1500
f 1431/1431 1430/1430 1501/1501
f 1432/1432 1431/1431 1502/1502
f 1433/1433 1432/1432 1503/1503
f 1434/1434 1433/1433 1504/1504
f 1435/1435 1434/1434 1505/1505
f 1436/1436 1435/1435 1506/1506
f 1437/1437 1436/1436 1507/1507
f 1438/1438 1437/1437 1508/1508
f 1439/1439 1367/1367 1509/1509
f 1440/1440 1439/1439 1510/1510
f 1441/1441 1440/1440 1511/1511
f 1442/1442 1441/1441 1512/1512
f 1443/1443 1371/1371 1513/1513
f 1444/1444 1443/1443 1514/1514
f 1445/1445 1444/1444 1515/1515
f 1446/1446 1445/1445 1516/1516
f 1447/1447 1446/1446 1517/1517
f 1448/1448 1447/1447 1518/1518
f 1449/1449 1448/1448 1519/1519
f 1450/1450 1449/1449 1520/1520
f 1451/1451 1450/1450 1521/1521
f 1452/1452 1451/1451 1522/1522
f 1453/1453 1452/1452 1523/1523
f 1454/1454 1453/1453 1524/1524
f 1456/1456 1457/1457 1384/1384
f 1458/1458 1528/1528 5553/5411
f 5978/5803 6426/6216 1459/1459
f 1387/1387 1461/1461 6674/6452
f 1462/1462 1463/1463 1388/1388
f 1462/1462 5037/4925 1463/1463
f 1532/1532 6665/6444 5417/5284
f 5270/5144 5755/5608 1534/1534
f 1467/1467 6315/6111 1468/1468
f 1469/1469 1537/1537 1538/1538
f 1538/1538 1539/1539 1469/1469
f 1470/1470 1539/1539 1540/1540
f 1471/1471 1540/1540 1541/1541
f 1472/1472 1541/1541 1542/1542
f 1473/1473 1542/1542 1543/1543
f 1474/1474 1543/1543 1544/1544
f 1475/1475 1544/1544 1545/1545
f 1476/1476 1545/1545 1546/1546
f 1477/1477 1546/1546 1547/1547
f 1478/1478 1547/1547 1548/1548
f 1480/1480 1548/1548 1549/1549
f 1481/1481 1549/1549 1550/1550
f 1482/1482 1550/1550 1551/1551
f 1411/1411 1551/1551 1483/1483
f 1484/1484 1552/1552 1553/1553
f 1485/1485 1553/1553 1554/1554
f 1554/1554 1486/1486 1485/1485
f 1416/1416 1556/1556 1488/1488
f 1489/1489 1557/1557 1558/1558
f 1490/1490 1558/1558 1559/1559
f 1491/1491 1559/1559 1560/1560
f 1492/1492 1560/1560 1561/1561
f 1561/1561 1493/1493 1422/1422
f 1494/1494 1563/1563 1564/1564
f 1495/1495 1564/1564 1565/1565
f 1496/1496 1565/1565 1497/1497
f 1498/1498 1426/1426 1568/1568
f 1499/1499 1498/1498 6783/6558
f 1500/1500 1429/1429 1569/1569
f 1501/1501 1500/1500 1570/1570
f 1502/1502 1501/1501 1571/1571
f 1503/1503 1502/1502 1572/1572
f 1504/1504 1503/1503 1573/1573
f 1505/1505 1504/1504 1574/1574
f 1506/1506 1505/1505 1575/1575
f 1507/1507 1506/1506 1576/1576
f 1508/1508 1507/1507 1577/1577
f 1509/1509 1438/1438 1578/1578
f 1510/1510 1509/1509 1579/1579
f 1511/1511 1510/1510 1580/1580
f 1512/1512 1511/1511 1581/1581
f 1513/1513 1442/1442 1582/1582
f 1514/1514 1513/1513 1583/1583
f 1515/1515 1514/1514 1584/1584
f 1516/1516 1515/1515 1585/1585
f 1517/1517 1516/1516 1586/1586
f 1518/1518 1517/1517 1587/1587
f 1519/1519 1518/1518 1588/1588
f 1520/1520 1519/1519 1589/1589
f 1521/1521 1520/1520 1590/1590
f 1522/1522 1521/1521 1591/1591
f 1523/1523 1522/1522 1592/1592
f 1524/1524 1523/1523 1593/1593
f 1525/1525 1524/1524 1594/1594
f 1526/1526 1525/1525 1595/1595
f 1527/1527 1526/1526 1596/1596
f 1598/1598 1527/1527 1597/1597
f 6426/6216 5978/5803 6762/6538
f 1462/1462 6231/6034 1530/1530
f 1605/1605 1530/1530 5564/5421
f 1606/1606 1531/1531 1530/1530
f 1532/1532 5782/5633 6337/6133
f 1533/1533 1686/1686 1611/1611
f 1612/1612 1611/1611 6083/5900
f 1467/1467 6217/6020 1535/1535
f 6800/6574 6252/6054 1535/1535
f 6252/6054 1613/1613 1536/1536
f 1537/1537 1613/1613 1614/1614
f 1538/1538 1614/1614 1615/1615
f 1539/1539 1615/1615 1616/1616
f 1540/1540 1616/1616 1617/1617
f 1541/1541 1617/1617 1618/1618
f 1542/1542 1618/1618 1619/1619
f 1543/1543 1619/1619 1620/1620
f 1544/1544 1620/1620 1621/1621
f 1545/1545 1621/1621 1622/1622
f 1546/1546 1622/1622 1623/1623
f 1547/1547 1623/1623 1624/1624
f 1548/1548 1624/1624 1625/1625
f 1549/1549 1625/1625 1626/1626
f 1550/1550 1626/1626 1627/1627
f 1551/1551 1627/1627 1628/1628
f 1483/1483 1628/1628 1552/1552
f 1553/1553 1629/1629 1630/1630
f 1554/1554 1630/1630 1631/1631
f 1555/1555 1631/1631 1632/1632
f 1556/1556 1632/1632 1633/1633
f 1488/1488 1633/1633 1557/1557
f 1558/1558 1634/1634 1635/1635
f 1559/1559 1635/1635 1636/1636
f 1560/1560 1636/1636 1637/1637
f 1561/1561 1637/1637 1562/1562
f 1563/1563 1638/1638 1639/1639
f 1564/1564 1639/1639 1640/1640
f 1565/1565 1640/1640 1641/1641
f 1566/1566 1641/1641 6235/6037
f 1568/1568 1567/1567 1642/1642
f 1569/1569 1499/1499 1645/1645
f 1570/1570 1569/1569 1646/1646
f 1571/1571 1570/1570 1647/1647
f 1572/1572 1571/1571 1648/1648
f 1573/1573 1572/1572 1649/1649
f 1574/1574 1573/1573 1650/1650
f 1575/1575 1574/1574 1651/1651
f 1576/1576 1575/1575 1652/1652
f 1577/1577 1576/1576 1653/1653
f 1578/1578 1508/1508 1654/1654
f 1579/1579 1578/1578 1655/1655
f 1580/1580 1579/1579 1656/1656
f 1581/1581 1580/1580 1657/1657
f 1582/1582 1512/1512 1658/1658
f 1583/1583 1582/1582 1659/1659
f 1584/1584 1583/1583 1660/1660
f 1585/1585 1584/1584 1661/1661
f 1586/1586 1585/1585 1662/1662
f 1587/1587 1586/1586 1663/1663
f 1588/1588 1587/1587 1664/1664
f 1589/1589 1588/1588 1665/1665
f 1590/1590 1589/1589 1666/1666
f 1591/1591 1590/1590 1667/1667
f 1592/1592 1591/1591 1668/1668
f 1593/1593 1592/1592 1669/1669
f 1594/1594 1593/1593 1670/1670
f 1595/1595 1594/1594 1671/1671
f 1596/1596 1595/1595 1672/1672
f 1597/1597 1596/1596 1673/1673
f 1598/1598 1597/1597 1674/1674
f 1600/1600 1601/1601 5978/5803
f 1605/1605 1606/1606 1530/1530
f 6452/6240 1609/1609 5565/5422
f 1688/1688 6800/6574 1687/1687
f 1689/1689 6800/6574 1688/1688
f 1613/1613 1689/1689 1690/1690
f 1614/1614 1690/1690 1691/1691
f 1614/1614 1691/1691 1692/1692
f 1615/1615 1692/1692 1693/1693
f 1616/1616 1693/1693 1694/1694
f 1617/1617 1694/1694 1695/1695
f 1618/1618 1695/1695 1696/1696
f 1619/1619 1696/1696 1697/1697
f 1620/1620 1697/1697 1698/1698
f 1621/1621 1698/1698 1699/1699
f 1622/1622 1699/1699 1700/1700
f 1623/1623 1700/1700 1701/1701
f 1624/1624 1701/1701 1702/1702
f 1625/1625 1702/1702 1703/1703
f 1626/1626 1703/1703 1704/1704
f 1627/1627 1704/1704 1705/1705
f 1628/1628 1705/1705 1706/1706
f 1552/1552 1706/1706 1629/1629
f 1630/1630 1707/1707 1708/1708
f 1631/1631 1708/1708 1709/1709
f 1632/1632 1709/1709 1710/1710
f 1710/1710 1633/1633 1632/1632
f 6587/6371 6859/6619 1635/1635
f 1637/1637 1712/1712 1713/1713
f 1638/1638 1714/1714 1715/1715
f 1639/1639 1715/1715 1716/1716
f 1640/1640 1716/1716 1717/1717
f 1719/1719 1720/1720 1643/1643
f 6412/6204 1644/1644 1720/1720
f 1723/1723 1721/1721 1722/1722
f 1723/1723 1646/1646 1721/1721
f 1724/1724 1647/1647 1723/1723
f 1724/1724 1794/1794 6195/6003
f 1650/1650 1649/1649 1725/1725
f 1651/1651 1650/1650 1726/1726
f 1652/1652 1651/1651 1727/1727
f 1653/1653 1652/1652 1728/1728
f 1654/1654 1577/1577 1729/1729
f 1655/1655 1654/1654 1730/1730
f 1656/1656 1655/1655 1731/1731
f 1657/1657 1656/1656 1732/1732
f 1658/1658 1581/1581 1733/1733
f 1659/1659 1658/1658 1734/1734
f 1660/1660 1659/1659 1735/1735
f 1661/1661 1660/1660 1736/1736
f 1662/1662 1661/1661 1737/1737
f 1663/1663 1662/1662 1738/1738
f 1664/1664 1663/1663 1739/1739
f 1665/1665 1664/1664 1740/1740
f 1666/1666 1665/1665 1741/1741
f 1667/1667 1666/1666 1742/1742
f 1668/1668 1667/1667 1743/1743
f 1669/1669 1668/1668 1744/1744
f 1670/1670 1669/1669 1745/1745
f 1671/1671 1670/1670 1746/1746
f 1672/1672 1671/1671 1747/1747
f 1673/1673 1672/1672 1748/1748
f 1674/1674 1673/1673 1749/1749
f 6478/6266 1674/1674 1750/1750
f 6478/6266 1676/1676 1675/1675
f 1677/1677 1678/1678 1600/1600
f 1680/1680 1602/1602 5723/5579
f 1680/1680 1681/1681 1604/1604
f 1681/1681 5190/5068 6764/6540
f 1682/1682 1683/1683 1606/1606
f 1756/1756 1683/1683 1755/1755
f 1757/1757 5191/5069 6452/6240
f 5834/5674 6394/6186 1759/1759
f 1691/1691 1762/1762 1692/1692
f 1692/1692 1762/1762 1763/1763
f 1693/1693 1763/1763 1764/1764
f 1694/1694 1764/1764 1765/1765
f 1695/1695 1765/1765 1766/1766
f 1696/1696 1766/1766 1767/1767
f 1697/1697 1767/1767 1768/1768
f 1698/1698 1768/1768 1769/1769
f 1699/1699 1769/1769 1770/1770
f 1700/1700 1770/1770 1771/1771
f 1701/1701 1771/1771 1772/1772
f 1702/1702 1772/1772 1773/1773
f 1703/1703 1773/1773 1774/1774
f 1704/1704 1774/1774 1775/1775
f 1705/1705 1775/1775 1776/1776
f 1706/1706 1776/1776 1777/1777
f 1629/1629 1777/1777 1707/1707
f 1708/1708 1778/1778 1779/1779
f 1709/1709 1779/1779 1780/1780
f 1710/1710 1780/1780 1781/1781
f 1711/1711 1781/1781 1782/1782
f 6587/6371 1782/1782 1783/1783
f 1855/1855 6587/6371 1783/1783
f 6859/6619 6867/6626 1636/1636
f 1857/1857 6867/6626 1784/1784
f 1785/1785 1714/1714 1713/1713
f 1715/1715 6187/5996 1716/1716
f 6187/5996 1788/1788 1716/1716
f 1788/1788 6091/5907 1717/1717
f 1719/1719 1718/1718 5728/5584
f 1791/1791 6412/6204 1720/1720
f 1792/1792 6412/6204 1791/1791
f 1723/1723 1793/1793 1724/1724
f 1796/1796 1725/1725 1795/1795
f 1726/1726 1796/1796 6728/6504
f 1728/1728 1727/1727 1797/1797
f 1729/1729 1653/1653 1799/1799
f 1730/1730 1729/1729 1800/1800
f 1731/1731 1730/1730 1801/1801
f 1732/1732 1731/1731 1802/1802
f 1733/1733 1657/1657 1803/1803
f 1734/1734 1733/1733 1804/1804
f 1735/1735 1734/1734 1805/1805
f 1736/1736 1735/1735 1806/1806
f 1737/1737 1736/1736 1807/1807
f 1738/1738 1737/1737 1808/1808
f 1739/1739 1738/1738 1809/1809
f 1740/1740 1739/1739 1810/1810
f 1741/1741 1740/1740 1811/1811
f 1742/1742 1741/1741 1812/1812
f 1743/1743 1742/1742 1813/1813
f 1744/1744 1743/1743 1814/1814
f 1745/1745 1744/1744 1815/1815
f 1746/1746 1745/1745 1816/1816
f 1747/1747 1746/1746 1817/1817
f 1748/1748 1747/1747 1818/1818
f 1749/1749 1748/1748 1819/1819
f 1750/1750 1749/1749 1820/1820
f 5523/5382 1679/1679 1753/1753
f 5723/5579 5245/5119 1754/1754
f 1683/1683 5653/5510 1755/1755
f 1755/1755 5652/5509 1756/1756
f 5244/5118 6158/5973 6393/6185
f 1831/1831 6394/6186 5549/5407
f 6197/6005 5288/5162 1761/1761
f 1761/1761 5288/5162 6553/6340
f 1762/1762 6644/6423 1834/1834
f 1763/1763 1834/1834 1835/1835
f 1764/1764 1835/1835 1836/1836
f 1765/1765 1836/1836 1837/1837
f 1766/1766 1837/1837 1838/1838
f 1767/1767 1838/1838 1839/1839
f 1768/1768 1839/1839 1840/1840
f 1769/1769 1840/1840 1841/1841
f 1770/1770 1841/1841 1842/1842
f 1771/1771 1842/1842 1843/1843
f 1772/1772 1843/1843 1844/1844
f 1773/1773 1844/1844 1845/1845
f 1774/1774 1845/1845 1846/1846
f 1775/1775 1846/1846 1847/1847
f 1776/1776 1847/1847 1848/1848
f 1777/1777 1848/1848 1849/1849
f 1707/1707 1849/1849 1778/1778
f 1779/1779 1850/1850 1851/1851
f 1780/1780 1851/1851 1852/1852
f 1781/1781 1852/1852 1853/1853
f 1853/1853 1783/1783 1782/1782
f 1784/1784 1856/1856 1857/1857
f 1785/1785 1857/1857 6190/5998
f 1858/1858 1786/1786 1714/1714
f 1860/1860 1787/1787 6187/5996
f 1861/1861 1788/1788 1787/1787
f 1865/1865 6180/5989 5740/5596
f 1868/1868 1793/1793 1867/1867
f 1795/1795 1869/1869 1870/1870
f 1795/1795 1870/1870 1796/1796
f 1872/1872 6728/6504 1871/1871
f 1798/1798 1797/1797 1872/1872
f 1800/1800 1799/1799 1874/1874
f 1801/1801 1800/1800 1875/1875
f 1802/1802 1801/1801 1876/1876
f 1803/1803 1732/1732 1877/1877
f 1804/1804 1803/1803 1878/1878
f 1805/1805 1804/1804 1879/1879
f 1806/1806 1805/1805 1880/1880
f 1807/1807 1806/1806 1881/1881
f 1808/1808 1807/1807 1882/1882
f 1809/1809 1808/1808 1883/1883
f 1811/1811 1810/1810 1884/1884
f 1812/1812 1811/1811 1885/1885
f 1813/1813 1812/1812 1886/1886
f 1814/1814 1813/1813 1887/1887
f 1815/1815 1814/1814 1888/1888
f 1816/1816 1815/1815 1889/1889
f 1817/1817 1816/1816 1890/1890
f 1818/1818 1817/1817 1891/1891
f 1819/1819 1818/1818 1892/1892
f 1820/1820 1819/1819 1893/1893
f 5793/5640 1894/1894 1895/1895
f 1821/1821 1822/1822 1752/1752
f 1822/1822 1823/1823 1753/1753
f 5609/5466 6447/6235 1899/1899
f 5398/5265 1827/1827 1900/1900
f 5694/5550 6393/6185 6158/5973
f 1902/1902 1829/1829 6393/6185
f 1903/1903 1759/1759 1831/1831
f 1905/1905 1832/1832 5794/5641
f 1907/1907 6644/6423 1906/1906
f 1907/1907 1908/1908 6644/6423
f 1834/1834 1908/1908 1909/1909
f 1835/1835 1909/1909 1910/1910
f 1836/1836 1910/1910 1911/1911
f 1837/1837 1911/1911 1912/1912
f 1838/1838 1912/1912 1913/1913
f 1839/1839 1913/1913 1914/1914
f 1840/1840 1914/1914 1915/1915
f 1841/1841 1915/1915 1916/1916
f 1842/1842 1916/1916 1917/1917
f 1843/1843 1917/1917 1918/1918
f 1844/1844 1918/1918 1919/1919
f 1845/1845 1919/1919 1920/1920
f 1846/1846 1920/1920 1921/1921
f 1847/1847 1921/1921 1922/1922
f 1848/1848 1922/1922 1923/1923
f 1849/1849 1923/1923 1924/1924
f 1778/1778 1924/1924 1850/1850
f 6385/6178 1851/1851 1925/1925
f 5792/5639 6839/6603 1854/1854
f 1928/1928 1856/1856 1784/1784
f 1856/1856 6190/5998 1857/1857
f 1930/1930 6563/6349 6190/5998
f 1862/1862 1934/1934 1935/1935
f 1866/1866 1936/1936 1937/1937
f 1792/1792 5737/5593 1867/1867
f 1870/1870 1871/1871 1796/1796
f 6700/6477 1875/1875 1943/1943
f 1877/1877 1802/1802 1945/1945
f 1878/1878 1877/1877 1946/1946
f 1879/1879 1878/1878 1947/1947
f 1880/1880 1879/1879 1948/1948
f 1881/1881 1880/1880 1949/1949
f 1882/1882 1881/1881 1950/1950
f 1883/1883 1882/1882 1951/1951
f 1884/1884 1809/1809 1952/1952
f 1885/1885 1884/1884 1953/1953
f 1886/1886 1885/1885 1954/1954
f 1887/1887 1886/1886 1955/1955
f 1888/1888 1887/1887 1956/1956
f 1889/1889 1888/1888 1957/1957
f 1890/1890 1889/1889 1958/1958
f 1891/1891 1890/1890 1959/1959
f 1892/1892 1891/1891 1960/1960
f 1893/1893 1892/1892 1961/1961
f 1820/1820 6613/6393 1894/1894
f 5510/5373 1823/1823 6404/6196
f 1904/1904 1976/1976 1977/1977
f 1979/1979 1978/1978 5570/5427
f 1979/1979 1906/1906 6553/6340
f 1907/1907 1980/1980 1981/1981
f 1908/1908 1981/1981 1982/1982
f 1909/1909 1982/1982 1983/1983
f 1910/1910 1983/1983 1984/1984
f 1911/1911 1984/1984 1985/1985
f 1912/1912 1985/1985 1986/1986
f 1913/1913 1986/1986 1987/1987
f 1914/1914 1987/1987 1988/1988
f 1915/1915 1988/1988 1989/1989
f 1916/1916 1989/1989 1990/1990
f 1917/1917 1990/1990 1991/1991
f 1918/1918 1991/1991 1992/1992
f 1919/1919 1992/1992 1993/1993
f 1920/1920 1993/1993 1994/1994
f 1921/1921 1994/1994 1995/1995
f 1995/1995 1922/1922 1921/1921
f 1998/1998 1996/1996 1997/1997
f 1996/1996 1998/1998 1923/1923
f 1924/1924 1999/1999 1850/1850
f 2001/2001 6385/6178 2000/2000
f 1926/1926 2001/2001 1927/1927
f 1927/1927 5792/5639 1854/1854
f 5234/5112 6380/6173 2006/2006
f 2008/2008 1935/1935 1934/1934
f 1864/1864 6274/6073 1936/1936
f 1937/1937 5737/5593 1866/1866
f 6480/6268 1938/1938 5251/5125
f 1938/1938 6480/6268 1868/1868
f 1870/1870 6469/6257 5954/5785
f 2010/2010 6288/6085 1942/1942
f 6700/6477 6112/5928 1944/1944
f 1945/1945 6410/6202 1946/1946
f 1948/1948 1947/1947 2013/2013
f 1949/1949 1948/1948 2014/2014
f 1950/1950 1949/1949 2015/2015
f 1951/1951 1950/1950 2016/2016
f 1952/1952 1883/1883 2017/2017
f 1953/1953 1952/1952 2018/2018
f 1954/1954 1953/1953 2019/2019
f 1955/1955 1954/1954 2020/2020
f 1956/1956 1955/1955 2021/2021
f 1957/1957 1956/1956 2022/2022
f 1958/1958 1957/1957 2023/2023
f 1958/1958 6751/6527 1959/1959
f 1960/1960 1959/1959 2025/2025
f 1960/1960 6437/6225 1961/1961
f 1962/1962 5957/5788 1963/1963
f 6098/5914 5526/5385 1964/1964
f 1965/1965 6404/6196 1964/1964
f 1965/1965 1966/1966 5510/5373
f 1966/1966 1967/1967 5713/5569
f 5173/5051 5450/5317 6550/6337
f 5405/5272 6328/6124 1968/1968
f 2033/2033 1971/1971 1970/1970
f 2036/2036 1976/1976 6544/6331
f 6813/6587 5570/5427 1978/1978
f 1980/1980 2038/2038 2039/2039
f 1981/1981 2039/2039 6654/6433
f 1982/1982 6654/6433 2040/2040
f 2041/2041 1983/1983 2040/2040
f 1985/1985 6525/6312 2042/2042
f 1986/1986 2042/2042 2043/2043
f 1986/1986 2043/2043 2044/2044
f 1987/1987 2044/2044 2045/2045
f 1988/1988 2045/2045 2046/2046
f 1989/1989 2046/2046 2047/2047
f 2047/2047 6850/6611 1990/1990
f 1992/1992 2048/2048 2049/2049
f 1993/1993 2049/2049 2050/2050
f 1994/1994 2050/2050 2051/2051
f 1995/1995 2051/2051 2052/2052
f 2052/2052 1997/1997 1996/1996
f 2054/2054 2000/2000 1925/1925
f 2057/2057 6284/6081 2003/2003
f 5262/5136 5947/5778 2006/2006
f 5947/5778 5457/5324 2006/2006
f 2059/2059 5457/5324 6052/5874
f 2059/2059 5716/5572 2007/2007
f 5716/5572 5235/5113 6490/6278
f 6274/6073 5464/5331 5714/5570
f 5250/5124 5527/5386 5719/5575
f 5739/5595 2065/2065 1941/1941
f 6305/6101 6410/6202 2068/2068
f 2014/2014 2013/2013 2069/2069
f 2015/2015 2014/2014 2070/2070
f 2016/2016 2015/2015 2071/2071
f 2073/2073 2016/2016 2072/2072
f 2017/2017 1951/1951 2073/2073
f 2018/2018 2017/2017 2074/2074
f 2019/2019 2018/2018 2075/2075
f 2020/2020 2019/2019 2076/2076
f 2021/2021 2020/2020 2077/2077
f 2022/2022 2021/2021 2078/2078
f 2081/2081 2025/2025 2024/2024
f 2026/2026 2081/2081 2082/2082
f 2083/2083 2026/2026 2082/2082
f 5946/5777 5526/5385 2028/2028
f 5138/5016 2031/2031 5405/5272
f 5392/5259 6727/6503 2033/2033
f 2095/2095 5230/5108 2035/2035
f 5496/5359 5230/5108 2096/2096
f 5193/5071 6041/5863 2097/2097
f 6651/6430 6457/6245 5193/5071
f 6072/5893 2100/2100 2039/2039
f 2101/2101 6654/6433 2100/2100
f 2041/2041 2040/2040 2102/2102
f 2043/2043 2104/2104 6666/6445
f 2044/2044 2105/2105 2106/2106
f 2045/2045 2106/2106 2107/2107
f 2046/2046 2107/2107 2108/2108
f 2047/2047 2108/2108 2109/2109
f 2048/2048 2109/2109 2171/2171
f 2049/2049 2111/2111 2050/2050
f 2050/2050 2111/2111 2112/2112
f 2051/2051 2112/2112 2113/2113
f 2052/2052 2113/2113 2114/2114
f 2114/2114 2053/2053 1997/1997
f 6401/6193 6571/6356 2058/2058
f 5907/5738 5500/5363 6407/6199
f 5465/5332 6458/6246 5177/5055
f 2061/2061 2062/2062 5702/5558
f 5678/5535 5464/5331 2062/2062
f 5527/5386 2064/2064 5719/5575
f 6559/6346 5719/5575 2064/2064
f 5250/5124 5717/5573 2065/2065
f 2009/2009 5505/5368 5729/5585
f 2129/2129 6364/6158 2011/2011
f 2069/2069 5784/5635 2132/2132
f 2069/2069 6619/6398 2070/2070
f 2071/2071 2070/2070 2133/2133
f 2074/2074 2073/2073 2135/2135
f 2075/2075 2074/2074 2136/2136
f 2076/2076 2075/2075 2137/2137
f 2077/2077 2076/2076 2138/2138
f 2078/2078 2077/2077 2139/2139
f 2078/2078 2079/2079 2022/2022
f 2144/2144 2082/2082 2081/2081
f 6062/5884 6413/6205 2085/2085
f 5946/5777 6168/5982 6573/6358
f 6573/6358 6396/6188 2087/2087
f 5225/5103 2087/2087 6396/6188
f 2091/2091 2090/2090 5157/5035
f 2148/2148 2091/2091 5157/5035
f 6740/6516 5614/5471 2092/2092
f 5392/5259 6397/6189 2152/2152
f 5139/5017 2154/2154 2094/2094
f 5841/5681 2219/2219 2155/2155
f 6552/6339 2156/2156 5459/5326
f 2158/2158 2097/2097 2157/2157
f 2160/2160 6084/5901 2100/2100
f 2101/2101 2162/2162 2102/2102
f 2103/2103 6311/6107 6058/5880
f 2166/2166 6666/6445 2165/2165
f 2105/2105 2166/2166 2167/2167
f 2106/2106 2167/2167 2168/2168
f 2107/2107 2168/2168 2169/2169
f 2108/2108 2169/2169 2170/2170
f 6505/6293 2110/2110 2171/2171
f 2173/2173 6793/6567 2111/2111
f 2174/2174 2112/2112 6793/6567
f 2175/2175 2114/2114 2113/2113
f 2053/2053 6342/6138 2115/2115
f 5255/5129 6399/6191 2179/2179
f 6401/6193 2181/2181 6571/6356
f 2183/2183 5385/5252 2243/2243
f 2183/2183 5681/5538 5177/5055
f 5672/5529 5175/5053 6343/6139
f 5175/5053 5412/5279 2123/2123
f 5452/5319 6429/6218 2125/2125
f 5435/5302 2125/2125 6429/6218
f 2127/2127 6100/5916 5485/5348
f 6100/5916 2128/2128 5717/5573
f 5229/5107 5505/5368 2128/2128
f 6172/5986 2192/2192 2129/2129
f 2195/2195 5531/5390 5743/5599
f 6619/6398 5743/5599 2196/2196
f 2197/2197 2133/2133 2196/2196
f 2198/2198 6546/6333 2134/2134
f 2199/2199 2136/2136 2135/2135
f 2137/2137 2136/2136 2200/2200
f 2138/2138 2137/2137 6647/6426
f 2139/2139 2138/2138 2201/2201
f 2140/2140 2139/2139 2201/2201
f 2141/2141 2140/2140 2203/2203
f 2142/2142 2204/2204 2205/2205
f 2080/2080 2143/2143 2024/2024
f 5236/5114 2086/2086 5509/5372
f 6168/5982 5236/5114 5495/5358
f 2210/2210 5495/5358 2264/2264
f 5174/5052 6266/6065 2210/2210
f 2147/2147 2212/2212 5157/5035
f 5138/5016 6740/6516 2092/2092
f 2270/2270 5594/5451 2218/2218
f 2219/2219 2154/2154 5594/5451
f 2221/2221 2156/2156 2155/2155
f 2224/2224 6330/6126 2158/2158
f 2226/2226 5278/5152 2160/2160
f 6320/6116 5843/5683 6017/5841
f 6320/6116 2163/2163 5843/5683
f 2229/2229 2166/2166 2165/2165
f 6040/5862 2230/2230 2231/2231
f 6040/5862 5971/5797 2168/2168
f 2169/2169 2233/2233 2170/2170
f 2233/2233 6641/6420 2170/2170
f 2234/2234 6505/6293 6641/6420
f 6175/5988 2237/2237 2175/2175
f 2178/2178 2239/2239 5492/5355
f 2240/2240 5492/5355 2288/2288
f 6562/6348 2179/2179 2241/2241
f 6650/6429 2180/2180 6562/6348
f 2243/2243 5072/4950 6313/6109
f 2184/2184 5681/5538 2244/2244
f 5672/5529 5895/5726 5412/5279
f 6536/6323 5122/5000 5159/5037
f 5159/5037 5122/5000 2188/2188
f 2188/2188 5435/5302 6429/6218
f 5148/5026 2189/2189 5435/5302
f 6779/6554 5844/5684 6792/6566
f 6353/6148 5248/5122 2193/2193
f 2193/2193 2194/2194 2130/2130
f 2194/2194 2131/2131 2130/2130
f 5743/5599 2131/2131 2195/2195
f 5743/5599 5531/5390 2196/2196
f 2254/2254 6537/6324 2199/2199
f 2200/2200 2255/2255 6647/6426
f 2201/2201 5785/5636 2202/2202
f 2203/2203 2257/2257 2204/2204
f 2205/2205 2206/2206 2143/2143
f 2206/2206 6531/6318 2207/2207
f 2207/2207 5741/5597 2208/2208
f 6554/6341 2145/2145 2208/2208
f 2261/2261 2146/2146 6554/6341
f 6165/5979 5265/5139 2261/2261
f 2212/2212 2213/2213 2148/2148
f 2149/2149 2216/2216 2150/2150
f 2221/2221 6073/5894 2220/2220
f 2223/2223 2273/2273 2224/2224
f 2276/2276 2225/2225 2275/2275
f 2161/2161 5738/5594 2227/2227
f 2279/2279 2229/2229 2228/2228
f 2231/2231 5999/5824 2280/2280
f 2231/2231 2280/2280 2232/2232
f 2281/2281 2233/2233 5971/5797
f 2282/2282 2236/2236 2172/2172
f 6175/5988 2285/2285 2237/2237
f 2285/2285 6175/5988 2284/2284
f 2287/2287 5492/5355 2239/2239
f 2289/2289 2240/2240 2288/2288
f 2290/2290 5925/5756 2241/2241
f 5925/5756 5448/5315 6650/6429
f 2242/2242 5162/5040 5921/5752
f 5162/5040 6551/6338 5699/5555
f 6551/6338 5317/5191 5699/5555
f 2244/2244 6196/6004 2293/2293
f 2243/2243 6196/6004 2244/2244
f 2295/2295 2185/2185 2294/2294
f 5651/5508 5895/5726 2246/2246
f 2247/2247 5132/5010 5381/5248
f 2188/2188 5122/5000 6840/6604
f 2188/2188 5148/5026 5435/5302
f 5148/5026 2248/2248 2189/2189
f 5434/5301 5152/5030 2249/2249
f 5844/5684 5172/5050 5447/5314
f 6792/6566 2191/2191 5229/5107
f 6453/6241 5488/5351 2251/2251
f 5513/5376 5232/5110 2302/2302
f 5513/5376 2302/2302 5267/5141
f 5267/5141 6456/6244 6663/6442
f 5531/5390 6663/6442 2252/2252
f 2252/2252 5514/5377 2253/2253
f 2304/2304 6805/6579 2303/2303
f 5276/5150 2305/2305 2255/2255
f 6531/6318 5741/5597 2207/2207
f 2263/2263 6527/6314 2264/2264
f 2318/2318 2265/2265 6286/6083
f 2265/2265 5979/5804 5145/5023
f 5979/5804 6351/6146 2266/2266
f 6699/6476 2267/2267 2215/2215
f 2269/2269 5104/4982 2217/2217
f 5638/5495 5379/5246 5980/5805
f 5638/5495 2220/2220 2271/2271
f 5428/5295 6618/6397 2325/2325
f 2273/2273 6618/6397 6013/5838
f 6013/5838 5050/4935 2273/2273
f 5050/4935 6060/5882 2274/2274
f 2227/2227 2278/2278 6017/5841
f 2381/2381 6615/6395 2328/2328
f 6470/6258 6017/5841 2329/2329
f 2334/2334 6671/6449 2333/2333
f 2281/2281 5274/5148 6477/6265
f 6391/6184 5927/5758 2288/2288
f 5927/5758 5443/5310 2289/2289
f 2341/2341 5925/5756 2290/2290
f 5165/5043 2291/2291 5448/5315
f 5901/5732 2292/2292 2291/2291
f 5309/5183 6134/5950 2342/2342
f 5133/5011 6746/6522 2294/2294
f 2247/2247 2348/2348 2298/2298
f 5397/5264 5117/4995 2299/2299
f 5430/5297 6369/6163 5172/5050
f 2300/2300 2301/2301 5478/5341
f 2352/2352 6456/6244 5476/5339
f 2353/2353 5514/5377 6019/5843
f 2303/2303 5238/5116 2304/2304
f 5595/5452 5276/5150 6537/6324
f 5785/5636 6443/6231 6270/6069
f 2355/2355 6443/6231 5941/5772
f 2307/2307 2356/2356 2308/2308
f 5968/5794 5780/5631 5239/5117
f 2312/2312 2311/2311 2359/2359
f 2363/2363 2317/2317 2316/2316
f 5102/4980 6242/6044 2369/2369
f 2371/2371 6810/6584 6523/6310
f 2322/2322 2372/2372 2323/2323
f 6710/6486 5980/5805 5607/5464
f 2376/2376 2375/2375 2416/2416
f 2377/2377 5428/5295 2325/2325
f 5312/5186 6582/6367 2378/2378
f 5561/5418 5312/5186 2378/2378
f 6297/6094 2379/2379 2380/2380
f 2380/2380 5222/5100 2326/2326
f 5222/5100 5490/5353 2326/2326
f 6420/6210 2383/2383 2382/2382
f 2384/2384 5943/5774 2331/2331
f 2385/2385 2332/2332 6770/6545
f 2334/2334 5502/5365 5274/5148
f 5734/5590 5480/5343 2336/2336
f 5461/5328 6450/6238 2339/2339
f 5673/5530 5150/5028 5443/5310
f 5150/5028 5893/5724 5443/5310
f 5401/5268 5893/5724 2388/2388
f 5642/5499 5401/5268 6532/6319
f 5642/5499 5121/4999 5901/5732
f 5901/5732 6374/6168 2292/2292
f 5914/5745 5309/5183 2342/2342
f 6529/6316 5330/5204 5647/5504
f 6541/6328 2346/2346 2297/2297
f 5369/5243 5098/4976 6572/6357
f 5152/5030 5110/4988 5646/5503
f 6760/6536 2350/2350 6369/6163
f 2351/2351 5194/5072 6368/6162
f 6090/5906 5690/5546 2351/2351
f 6090/5906 6730/6506 2300/2300
f 5199/5077 2398/2398 6123/5939
f 2352/2352 2399/2399 2353/2353
f 5453/5320 5238/5116 2353/2353
f 6686/6464 5238/5116 5453/5320
f 5497/5360 6686/6464 5596/5453
f 5941/5772 5214/5092 2355/2355
f 2403/2403 5213/5091 6076/5897
f 2309/2309 5697/5553 2357/2357
f 2357/2357 2358/2358 2310/2310
f 5780/5631 2405/2405 5239/5117
f 5239/5117 2406/2406 2359/2359
f 2360/2360 2361/2361 2314/2314
f 2362/2362 5671/5528 2408/2408
f 6742/6518 2363/2363 2316/2316
f 2319/2319 2366/2366 2320/2320
f 5359/5233 6242/6044 2368/2368
f 6025/5847 5611/5468 2371/2371
f 6628/6407 2373/2373 2372/2372
f 2373/2373 6710/6486 5607/5464
f 2416/2416 2375/2375 2374/2374
f 2416/2416 2417/2417 2376/2376
f 5041/4929 2378/2378 2419/2419
f 5851/5691 2381/2381 2328/2328
f 2422/2422 5861/5698 2381/2381
f 2383/2383 6420/6210 2384/2384
f 5482/5345 5220/5098 2425/2425
f 6488/6276 2387/2387 5687/5543
f 5693/5549 6012/5837 6488/6276
f 5480/5343 5188/5066 5600/5457
f 2428/2428 5188/5066 2476/2476
f 5431/5298 5691/5547 5600/5457
f 5166/5044 5691/5547 5431/5298
f 2429/2429 5166/5044 5880/5715
f 5185/5063 6538/6325 5436/5303
f 6532/6319 2388/2388 5332/5206
f 5872/5709 5642/5499 6532/6319
f 2430/2430 5121/4999 5872/5709
f 2432/2432 2431/2431 5813/5656
f 5608/5465 2433/2433 5322/5196
f 2346/2346 5327/5201 2393/2393
f 6137/5953 5098/4976 2347/2347
f 2394/2394 2395/2395 5117/4995
f 2395/2395 2396/2396 5110/4988
f 5118/4996 6361/6155 5069/4947
f 2439/2439 5136/5014 5069/4947
f 6225/6028 2397/2397 5114/4992
f 6123/5939 5391/5258 2443/2443
f 2401/2401 6686/6464 2400/2400
f 5664/5521 5596/5453 2401/2401
f 5596/5453 2402/2402 5937/5768
f 5214/5092 2354/2354 2402/2402
f 5214/5092 5667/5524 5471/5334
f 2447/2447 5471/5334 5667/5524
f 2358/2358 5307/5181 5038/4926
f 2405/2405 5419/5286 2406/2406
f 5419/5286 5807/5650 2406/2406
f 2362/2362 2409/2409 2363/2363
f 2454/2454 2410/2410 2409/2409
f 5111/4989 2364/2364 2410/2410
f 2365/2365 2411/2411 2366/2366
f 2459/2459 2413/2413 2412/2412
f 2462/2462 2512/2512 5848/5688
f 2416/2416 5868/5705 5626/5483
f 2418/2418 2466/2466 2419/2419
f 2474/2474 6009/5834 2473/2473
f 2475/2475 5414/5281 2426/2426
f 5414/5281 6768/6543 5201/5079
f 5320/5194 6488/6276 6768/6543
f 2477/2477 2476/2476 5351/5225
f 2478/2478 5431/5298 2428/2428
f 5064/4942 2429/2429 5880/5715
f 6498/6286 5328/5202 5616/5473
f 2480/2480 6366/6160 5142/5020
f 5109/4987 2482/2482 5332/5206
f 5628/5485 5332/5206 2482/2482
f 5628/5485 5097/4975 5872/5709
f 2483/2483 2430/2430 5097/4975
f 2432/2432 2484/2484 5621/5478
f 5621/5478 2484/2484 5343/5217
f 2487/2487 5051/4936 2434/2434
f 2488/2488 2435/2435 5051/4936
f 6137/5953 6522/6309 2436/2436
f 5864/5701 2437/2437 6670/6448
f 5864/5701 5075/4953 5355/5229
f 5625/5482 5075/4953 5337/5211
f 5337/5211 2438/2438 5625/5482
f 6357/6151 2439/2439 5069/4947
f 5865/5702 5618/5475 5114/4992
f 2442/2442 6095/5911 2493/2493
f 6403/6195 5067/4945 5391/5258
f 5067/4945 5352/5226 2443/2443
f 5352/5226 5068/4946 2444/2444
f 2445/2445 5068/4946 6358/6152
f 2495/2495 2494/2494 5654/5511
f 5071/4949 2494/2494 2495/2495
f 5341/5215 5071/4949 2496/2496
f 5341/5215 2446/2446 5905/5736
f 2499/2499 2403/2403 2447/2447
f 2500/2500 2448/2448 2499/2499
f 2501/2501 5419/5286 5038/4926
f 2451/2451 2502/2502 2503/2503
f 2503/2503 2452/2452 2451/2451
f 2452/2452 5610/5467 5126/5004
f 2456/2456 2508/2508 2457/2457
f 2464/2464 2514/2514 5338/5212
f 5082/4960 5346/5220 2465/2465
f 5087/4965 5346/5220 2516/2516
f 2517/2517 5305/5179 5035/4923
f 5354/5228 5065/4943 6509/6297
f 5062/4940 5354/5228 2519/2519
f 5308/5182 2470/2470 2469/2469
f 6623/6402 2472/2472 2425/2425
f 2474/2474 2475/2475 6009/5834
f 2527/2527 2528/2528 6099/5915
f 2532/2532 5628/5485 2482/2482
f 2533/2533 5040/4928 5897/5728
f 2485/2485 5621/5478 5343/5217
f 6516/6304 5635/5492 2536/2536
f 6652/6431 2487/2487 5789/6715
f 5325/5199 2539/2539 2488/2488
f 2539/2539 5090/4968 2488/2488
f 5090/4968 2540/2540 2489/2489
f 6670/6448 2541/2541 5099/4977
f 2545/2545 2546/2546 6128/5944
f 2546/2546 2491/2491 6128/5944
f 5113/4991 5380/5247 5618/5475
f 5389/5256 5919/5750 6034/5856
f 6358/6152 5883/5718 5654/5511
f 6298/6095 2620/2620 5666/5523
f 5472/5335 6496/6284 5666/5523
f 2499/2499 2556/2556 2500/2500
f 2556/2556 5665/5522 2500/2500
f 5418/5285 5889/5720 2450/2450
f 2502/2502 2504/2504 2503/2503
f 2567/2567 2508/2508 2566/2566
f 2632/2632 6015/5839 2568/2568
f 2570/2570 2461/2461 5083/4961
f 2571/2571 2511/2511 2570/2570
f 5346/5220 2515/2515 2516/2516
f 5912/5743 5087/4965 2516/2516
f 2470/2470 5308/5182 2521/2521
f 2523/2523 2472/2472 2522/2522
f 6778/6553 6150/5965 2586/2586
f 2524/2524 6150/5965 2587/2587
f 5076/4954 5413/5280 2525/2525
f 5319/5193 2527/2527 6744/6520
f 5351/5225 6296/6093 2477/2477
f 5362/5236 2481/2481 2530/2530
f 2531/2531 5074/4952 2482/2482
f 2600/2600 5040/4928 2533/2533
f 2484/2484 2534/2534 2535/2535
f 5343/5217 5093/4971 5635/5492
f 2486/2486 6516/6304 2537/2537
f 2539/2539 2538/2538 5356/5230
f 2540/2540 5099/4977 2541/2541
f 2542/2542 6670/6448 5810/5653
f 5137/5015 6255/6057 2611/2611
f 2551/2551 5919/5750 5389/5256
f 2615/2615 2553/2553 2552/2552
f 6757/6533 5666/5523 2620/2620
f 2623/2623 2559/2559 5306/5180
f 6566/6351 6381/6174 5418/5285
f 2627/2627 2626/2626 2690/2690
f 2628/2628 6826/6597 2562/2562
f 2693/2693 5779/5630 6345/6141
f 2634/2634 2633/2633 5867/5704
f 2635/2635 2572/2572 5758/5609
f 5760/5611 5622/5479 6129/5945
f 5982/5807 2638/2638 6549/6336
f 2578/2578 2640/2640 2579/2579
f 2579/2579 2580/2580 6509/6297
f 6679/6457 2642/2642 5836/5676
f 5836/5676 2581/2581 6679/6457
f 2581/2581 2582/2582 5308/5182
f 2584/2584 5695/5551 5475/5338
f 2585/2585 2522/2522 6664/6443
f 6796/6570 6299/6096 2645/2645
f 2590/2590 2591/2591 5319/5193
f 5362/5236 5879/5714 5606/5463
f 5367/5241 6706/6483 6530/6317
f 2535/2535 6836/6601 5093/4971
f 2662/2662 2602/2602 6836/6601
f 2607/2607 6513/6301 6248/6050
f 5387/5254 6758/6534 6143/5959
f 2609/2609 5387/5254 2670/2670
f 6157/5972 5429/5296 6376/6170
f 5919/5750 2614/2614 2552/2552
f 2616/2616 2678/2678 2679/2679
f 2681/2681 2619/2619 2555/2555
f 5773/5624 2619/2619 2682/2682
f 5508/5371 2684/2684 2757/2757
f 5416/5283 2558/2558 2557/2557
f 2686/2686 2623/2623 5416/5283
f 2695/2695 2696/2696 2631/2631
f 2697/2697 5867/5704 2633/2633
f 5867/5704 5084/4962 2634/2634
f 2700/2700 5760/5611 2699/2699
f 2700/2700 5100/4978 5760/5611
f 2639/2639 2703/2703 2704/2704
f 5042/4930 2705/2705 6822/6594
f 2705/2705 5766/5617 6822/6594
f 5475/5338 5768/5619 2713/2713
f 2714/2714 2643/2643 2713/2713
f 2645/2645 6778/6553 2644/2644
f 2717/2717 5849/5689 2646/2646
f 2592/2592 5481/5344 2650/2650
f 2725/2725 5856/5696 2726/2726
f 5644/5501 2657/2657 6639/6418
f 6075/5896 5960/5791 6243/6045
f 5358/5232 2661/2661 6528/6315
f 2733/2733 2662/2662 2732/2732
f 2663/2663 2664/2664 6781/6556
f 2667/2667 6588/6372 2739/2739
f 2739/2739 5120/4998 2667/2667
f 2675/2675 6696/6473 6853/6613
f 2675/2675 2749/2749 6157/5972
f 5266/5140 2677/2677 2676/2676
f 2810/2810 5845/5685 2752/2752
f 2753/2753 6166/5980 5845/5685
f 2753/2753 2680/2680 6166/5980
f 5535/5394 2681/2681 6580/6365
f 5209/5087 2685/2685 6577/6362
f 2759/2759 5967/5793 2686/2686
f 2689/2689 2688/2688 2761/2761
f 6207/6011 2691/2691 6042/5864
f 2763/2763 2821/2821 5840/5680
f 6761/6537 5840/5680 2821/2821
f 6033/5855 6021/5845 5393/5260
f 2764/2764 2695/2695 6021/5845
f 2765/2765 5623/5480 2697/2697
f 6748/6524 6246/6048 2698/2698
f 2701/2701 2769/2769 2637/2637
f 5908/5739 2637/2637 2769/2769
f 6549/6336 2703/2703 2639/2639
f 2703/2703 2770/2770 2704/2704
f 6524/6311 5350/5224 6646/6425
f 2706/2706 2771/2771 2707/2707
f 2641/2641 6318/6114 2709/2709
f 2710/2710 2711/2711 5836/5676
f 6063/5885 5768/5619 2712/2712
f 2774/2774 2775/2775 2713/2713
f 2715/2715 2714/2714 5998/5823
f 2716/2716 2645/2645 2715/2715
f 2717/2717 2718/2718 5849/5689
f 6234/6036 2649/2649 2720/2720
f 2721/2721 5481/5344 6234/6036
f 2722/2722 2651/2651 2721/2721
f 5856/5696 5207/5085 6471/6259
f 2656/2656 6135/5951 6639/6418
f 2798/2798 2736/2736 2797/2797
f 2799/2799 2737/2737 2736/2736
f 5906/5737 2740/2740 2739/2739
f 5909/5740 5433/5300 2743/2743
f 2804/2804 2746/2746 2803/2803
f 2747/2747 6598/6382 5931/5762
f 2806/2806 6853/6613 6690/6467
f 5730/5586 5266/5140 2750/2750
f 2754/2754 6303/6100 5535/5394
f 2755/2755 2813/2813 2814/2814
f 2756/2756 2815/2815 2757/2757
f 2816/2816 2758/2758 2757/2757
f 2761/2761 6579/6364 5269/5143
f 5269/5143 5725/5581 2761/2761
f 2763/2763 6207/6011 6309/6105
f 2824/2824 6362/6156 6526/6313
f 2766/2766 5364/5238 5631/5488
f 5101/4979 2767/2767 2699/2699
f 5179/5057 2702/2702 5597/5454
f 2829/2829 6592/6376 5179/5057
f 6321/6117 6113/5929 2832/2832
f 2772/2772 6321/6117 2710/2710
f 6063/5885 5506/5369 5752/5605
f 6063/5885 5752/5605 2774/2774
f 2834/2834 2775/2775 2774/2774
f 6224/6027 2776/2776 5998/5823
f 2778/2778 5754/5607 6468/6256
f 2778/2778 2718/2718 2717/2717
f 2838/2838 2780/2780 2837/2837
f 2782/2782 2783/2783 2722/2722
f 2785/2785 6471/6259 5207/5085
f 2789/2789 2790/2790 2728/2728
f 5399/5266 5161/5039 2791/2791
f 6300/6097 2793/2793 2847/2847
f 2907/2907 6637/6416 2848/2848
f 2850/2850 2798/2798 2797/2797
f 2852/2852 2799/2799 2798/2798
f 5415/5282 2738/2738 2799/2799
f 2804/2804 2855/2855 2805/2805
f 2859/2859 2808/2808 5730/5586
f 6045/5867 5550/5408 2810/2810
f 2811/2811 2865/2865 2866/2866
f 2812/2812 2866/2866 2867/2867
f 2813/2813 2867/2867 2868/2868
f 2814/2814 2868/2868 2869/2869
f 2815/2815 2869/2869 2870/2870
f 2870/2870 5796/5643 2816/2816
f 5796/5643 6763/6539 2816/2816
f 2872/2872 5548/5406 2819/2819
f 5725/5581 2874/2874 2820/2820
f 5593/5450 2876/2876 5231/5109
f 5155/5033 2822/2822 2877/2877
f 2879/2879 2880/2880 5364/5238
f 6140/5956 5365/5239 5116/4994
f 2882/2882 6140/5956 5116/4994
f 2883/2883 2826/2826 2882/2882
f 2769/2769 6185/5994 5908/5739
f 2828/2828 2829/2829 5179/5057
f 2770/2770 6592/6376 5350/5224
f 2887/2887 5521/5380 6283/6080
f 5752/5605 6164/5978 2834/2834
f 6164/5978 6474/6262 2834/2834
f 2835/2835 6224/6027 5998/5823
f 2776/2776 2898/2898 5754/5607
f 5754/5607 2898/2898 6468/6256
f 2837/2837 5285/5159 2838/2838
f 2953/2953 6455/6243 2901/2901
f 2839/2839 2840/2840 2783/2783
f 6082/5899 6720/6496 2840/2840
f 2785/2785 5733/5589 6471/6259
f 5860/5697 2844/2844 2960/2960
f 2792/2792 2847/2847 2793/2793
f 6300/6097 2847/2847 6016/5840
f 6153/5968 2852/2852 6389/6182
f 6153/5968 5679/5536 5415/5282
f 5679/5536 5455/5322 5906/5737
f 5685/5541 5455/5322 2911/2911
f 5685/5541 5205/5083 2801/2801
f 5533/5392 2856/2856 2916/2916
f 2860/2860 2917/2917 2918/2918
f 2861/2861 2918/2918 2919/2919
f 2919/2919 2920/2920 2862/2862
f 2862/2862 6433/6221 2863/2863
f 2921/2921 6045/5867 6433/6221
f 2864/2864 2922/2922 2865/2865
f 2866/2866 2923/2923 2924/2924
f 2867/2867 2924/2924 2925/2925
f 2868/2868 2925/2925 2926/2926
f 2869/2869 2926/2926 2927/2927
f 2870/2870 2927/2927 2928/2928
f 2872/2872 2931/2931 5800/5647
f 5548/5406 5543/5402 2873/2873
f 2933/2933 2876/2876 2875/2875
f 2876/2876 6489/6277 5231/5109
f 5917/5748 6124/5940 6542/6329
f 2880/2880 5146/5024 5761/5612
f 2935/2935 2881/2881 2880/2880
f 2883/2883 5558/5415 5424/5291
f 5460/5327 5562/5419 5228/5106
f 5228/5106 5721/5577 5460/5327
f 2885/2885 2886/2886 2830/2830
f 2831/2831 6312/6108 2889/2889
f 2831/2831 2890/2890 6113/5929
f 2890/2890 2891/2891 2832/2832
f 2942/2942 2892/2892 2891/2891
f 2894/2894 2943/2943 2944/2944
f 2944/2944 6667/6446 2894/2894
f 2895/2895 6591/6375 2896/2896
f 2897/2897 2898/2898 6324/6120
f 6468/6256 6319/6115 2899/2899
f 2949/2949 2900/2900 2899/2899
f 2951/2951 5285/5159 2900/2900
f 5733/5589 6066/5888 2842/2842
f 5256/5130 2902/2902 2958/2958
f 2844/2844 2903/2903 2959/2959
f 5869/5706 6048/5870 6693/6470
f 6379/6172 2908/2908 2907/2907
f 2908/2908 2964/2964 6327/6123
f 5679/5536 6162/5976 2911/2911
f 2969/2969 2912/2912 2911/2911
f 2970/2970 5771/5622 2912/2912
f 2913/2913 2972/2972 2971/2971
f 3103/3103 2975/2975 3048/3048
f 2978/2978 6774/6549 2977/2977
f 2978/2978 5533/5392 6774/6549
f 2978/2978 6390/6183 5291/5165
f 2980/2980 5552/5410 6390/6183
f 2917/2917 2981/2981 2918/2918
f 2918/2918 2981/2981 2982/2982
f 2919/2919 2982/2982 2983/2983
f 2920/2920 2983/2983 2984/2984
f 2921/2921 2984/2984 2985/2985
f 2922/2922 2985/2985 2986/2986
f 2865/2865 2986/2986 2923/2923
f 2924/2924 2987/2987 2988/2988
f 2925/2925 2988/2988 2989/2989
f 2926/2926 2989/2989 2990/2990
f 2927/2927 2990/2990 2991/2991
f 2991/2991 6837/6602 2928/2928
f 2992/2992 2929/2929 6837/6602
f 2930/2930 2993/2993 2931/2931
f 5800/5647 2993/2993 2994/2994
f 2997/2997 5795/5642 2996/2996
f 6055/5877 5560/5417 2877/2877
f 6449/6237 6124/5940 3001/3001
f 6802/6576 5368/5242 2936/2936
f 5424/5291 5558/5415 5180/5058
f 3011/3011 5228/5106 5562/5419
f 6278/6076 6322/6118 5425/5292
f 2888/2888 5970/5796 5751/5604
f 3017/3017 2940/2940 3016/3016
f 2891/2891 3018/3018 2942/2942
f 2944/2944 2943/2943 3020/3020
f 2945/2945 2944/2944 3021/3021
f 2946/2946 2945/2945 3022/3022
f 2947/2947 2946/2946 3023/3023
f 2948/2948 2947/2947 3024/3024
f 2949/2949 2948/2948 3025/3025
f 2950/2950 2949/2949 3026/3026
f 2950/2950 3028/3028 2951/2951
f 3031/3031 2954/2954 6193/6001
f 2956/2956 3034/3034 2957/2957
f 6754/6530 5256/5130 3036/3036
f 5949/5780 2959/2959 6754/6530
f 2904/2904 5949/5780 6048/5870
f 3037/3037 6048/5870 5949/5780
f 3039/3039 6287/6084 6152/5967
f 6340/6136 3041/3041 3042/3042
f 5124/5002 3044/3044 2967/2967
f 2971/2971 2972/2972 5771/5622
f 3046/3046 5474/5337 2973/2973
f 2975/2975 6638/6417 3048/3048
f 2979/2979 2977/2977 3050/3050
f 5303/5177 2980/2980 5283/5157
f 2980/2980 6755/6531 2917/2917
f 6755/6531 2981/2981 2917/2917
f 2982/2982 3052/3052 3053/3053
f 2983/2983 3053/3053 3054/3054
f 2984/2984 3054/3054 3055/3055
f 2985/2985 3055/3055 3056/3056
f 2986/2986 3056/3056 3057/3057
f 2923/2923 3057/3057 3058/3058
f 2987/2987 3058/3058 3059/3059
f 2988/2988 3059/3059 3060/3060
f 2989/2989 3060/3060 3061/3061
f 2990/2990 3061/3061 3062/3062
f 3062/3062 5298/5172 2991/2991
f 2994/2994 5557/5414 5289/5163
f 2998/2998 2997/2997 3065/3065
f 6648/6427 2998/2998 3066/3066
f 3000/3000 3067/3067 6055/5877
f 3004/3004 5304/5178 3005/3005
f 3007/3007 3006/3006 3071/3071
f 3007/3007 5313/5187 3008/3008
f 3008/3008 3009/3009 5558/5415
f 3009/3009 3010/3010 5180/5058
f 3010/3010 3011/3011 5562/5419
f 3011/3011 5426/5293 3012/3012
f 5712/5568 2938/2938 3012/3012
f 5112/4990 3013/3013 6278/6076
f 5572/5429 3013/3013 3074/3074
f 5751/5604 3016/3016 2940/2940
f 3075/3075 3016/3016 5541/5400
f 6194/6002 3017/3017 3076/3076
f 3019/3019 6194/6002 5300/5174
f 3019/3019 3020/3020 2943/2943
f 3021/3021 3020/3020 3078/3078
f 3022/3022 3021/3021 3079/3079
f 3023/3023 3022/3022 3080/3080
f 3024/3024 3023/3023 3081/3081
f 3025/3025 3024/3024 3082/3082
f 3026/3026 3025/3025 3083/3083
f 3027/3027 3026/3026 3084/3084
f 3028/3028 3027/3027 3085/3085
f 3029/3029 3028/3028 3086/3086
f 3030/3030 3029/3029 3087/3087
f 3088/3088 6341/6137 3030/3030
f 3033/3033 5294/5168 2956/2956
f 3035/3035 5512/5375 3036/3036
f 3038/3038 5183/5061 3092/3092
f 3039/3039 5525/5384 6287/6084
f 3168/3168 5127/5005 3095/3095
f 5744/5600 3044/3044 3098/3098
f 5169/5047 3046/3046 2971/2971
f 3105/3105 3106/3106 3050/3050
f 5303/5177 5283/5157 3107/3107
f 3052/3052 3109/3109 3110/3110
f 3053/3053 3110/3110 3111/3111
f 3054/3054 3111/3111 3112/3112
f 3055/3055 3112/3112 3113/3113
f 3056/3056 3113/3113 3114/3114
f 3057/3057 3114/3114 3115/3115
f 3058/3058 3115/3115 3116/3116
f 3059/3059 3116/3116 3117/3117
f 3060/3060 3117/3117 3118/3118
f 3061/3061 3118/3118 3119/3119
f 3119/3119 5582/5439 3062/3062
f 3123/3123 5289/5163 5557/5414
f 3124/3124 6271/6070 5528/5387
f 5567/5424 3000/3000 5423/5290
f 5567/5424 5775/5626 3067/3067
f 5049/4934 5911/5742 6339/6135
f 6672/6450 3132/3132 3133/3133
f 3133/3133 5882/5717 3070/3070
f 5048/4933 5313/5187 3135/3135
f 5712/5568 3140/3140 5112/4990
f 6307/6103 3015/3015 3014/3014
f 5541/5400 3142/3142 3143/3143
f 3075/3075 3144/3144 3076/3076
f 5300/5174 3145/3145 3078/3078
f 3079/3079 3078/3078 3146/3146
f 3080/3080 3079/3079 3147/3147
f 3081/3081 3080/3080 3148/3148
f 3082/3082 3081/3081 3149/3149
f 3083/3083 3082/3082 3150/3150
f 3084/3084 3083/3083 3151/3151
f 3085/3085 3084/3084 3152/3152
f 3086/3086 3085/3085 3153/3153
f 3087/3087 3086/3086 3154/3154
f 3088/3088 3087/3087 3155/3155
f 6306/6102 3157/3157 5294/5168
f 3090/3090 5294/5168 3157/3157
f 3091/3091 3090/3090 3158/3158
f 3160/3160 3035/3035 3091/3091
f 5246/5120 5512/5375 6038/5860
f 6817/6591 5951/5782 3094/3094
f 3168/3168 6044/5866 5127/5005
f 3096/3096 5277/5151 3097/3097
f 3171/3171 5742/5598 5277/5151
f 6430/6219 5295/5169 3172/3172
f 3174/3174 6790/6564 3173/3173
f 3175/3175 3176/3176 3102/3102
f 3102/3102 3104/3104 3103/3103
f 3177/3177 6868/6627 3106/3106
f 3107/3107 3178/3178 3179/3179
f 3108/3108 3179/3179 3180/3180
f 3109/3109 3180/3180 3181/3181
f 3181/3181 3182/3182 3110/3110
f 3111/3111 3182/3182 3183/3183
f 3112/3112 3183/3183 3184/3184
f 3113/3113 3184/3184 3185/3185
f 3114/3114 3185/3185 3186/3186
f 3115/3115 3186/3186 3187/3187
f 3116/3116 3187/3187 3188/3188
f 3117/3117 3188/3188 3189/3189
f 3118/3118 3189/3189 3190/3190
f 3119/3119 3190/3190 3120/3120
f 3121/3121 3191/3191 3192/3192
f 3064/3064 3192/3192 3193/3193
f 3122/3122 3193/3193 3194/3194
f 3122/3122 6735/6511 3123/3123
f 3124/3124 3195/3195 3196/3196
f 3199/3199 6239/6041 3127/3127
f 5911/5742 3202/3202 3130/3130
f 3131/3131 6310/6106 3203/3203
f 6375/6169 3205/3205 6047/5869
f 3211/3211 3141/3141 3210/3210
f 3144/3144 3143/3143 3213/3213
f 3076/3076 6609/6391 3077/3077
f 6609/6391 3145/3145 3077/3077
f 3146/3146 3145/3145 3216/3216
f 3147/3147 3146/3146 3217/3217
f 3148/3148 3147/3147 3218/3218
f 3149/3149 3148/3148 3219/3219
f 3150/3150 3149/3149 3220/3220
f 3151/3151 3150/3150 3221/3221
f 3152/3152 3151/3151 3222/3222
f 3153/3153 3152/3152 3223/3223
f 3154/3154 3153/3153 3224/3224
f 3155/3155 3154/3154 3225/3225
f 3155/3155 3089/3089 3088/3088
f 5556/5413 3228/3228 3156/3156
f 3157/3157 3158/3158 3090/3090
f 3159/3159 3158/3158 3231/3231
f 3233/3233 3160/3160 3159/3159
f 3162/3162 3161/3161 3234/3234
f 3163/3163 3235/3235 3236/3236
f 3238/3238 6202/6006 3237/3237
f 3239/3239 3164/3164 3238/3238
f 5258/5132 3165/3165 3239/3239
f 3171/3171 3244/3244 5952/5783
f 5952/5783 3245/3245 5287/5161
f 3247/3247 6739/6515 3246/3246
f 3174/3174 3248/3248 3249/3249
f 3174/3174 3249/3249 3250/3250
f 3175/3175 3250/3250 3251/3251
f 3176/3176 3251/3251 3252/3252
f 3176/3176 6439/6227 3104/3104
f 3255/3255 3253/3253 3254/3254
f 3253/3253 3255/3255 3177/3177
f 3178/3178 3255/3255 3256/3256
f 3179/3179 3256/3256 3257/3257
f 3180/3180 3257/3257 3258/3258
f 3181/3181 3258/3258 3259/3259
f 3182/3182 3259/3259 3260/3260
f 3183/3183 3260/3260 3261/3261
f 3184/3184 3261/3261 3262/3262
f 3185/3185 3262/3262 3263/3263
f 3186/3186 3263/3263 3264/3264
f 3187/3187 3264/3264 3265/3265
f 3188/3188 3265/3265 3266/3266
f 3189/3189 3266/3266 3267/3267
f 3190/3190 3267/3267 3268/3268
f 3120/3120 3268/3268 3269/3269
f 3191/3191 3269/3269 3270/3270
f 3192/3192 3270/3270 3271/3271
f 3193/3193 3271/3271 3272/3272
f 3194/3194 3272/3272 3273/3273
f 3195/3195 3273/3273 3274/3274
f 3196/3196 3274/3274 3275/3275
f 3275/3275 6607/6389 3197/3197
f 5221/5099 5441/5308 3202/3202
f 3279/3279 5066/4944 3203/3203
f 3205/3205 3204/3204 3281/3281
f 3205/3205 6375/6169 3134/3134
f 5486/5349 3282/3282 3206/3206
f 3207/3207 3137/3137 3283/3283
f 3209/3209 3210/3210 3141/3141
f 3210/3210 3287/3287 3211/3211
f 3212/3212 3211/3211 3287/3287
f 3213/3213 3212/3212 3288/3288
f 3214/3214 3213/3213 3289/3289
f 3215/3215 3214/3214 3290/3290
f 3216/3216 3215/3215 3291/3291
f 3217/3217 3216/3216 3292/3292
f 3218/3218 3217/3217 3293/3293
f 3219/3219 3218/3218 3294/3294
f 3220/3220 3219/3219 3295/3295
f 3221/3221 3220/3220 3296/3296
f 3222/3222 3221/3221 3297/3297
f 3223/3223 3222/3222 3298/3298
f 3224/3224 3223/3223 3299/3299
f 3225/3225 3224/3224 3300/3300
f 3226/3226 3225/3225 3301/3301
f 3227/3227 3226/3226 3302/3302
f 3227/3227 3304/3304 3228/3228
f 3229/3229 3228/3228 3304/3304
f 3230/3230 3229/3229 3305/3305
f 3231/3231 3230/3230 3306/3306
f 3232/3232 3231/3231 3307/3307
f 3234/3234 3233/3233 3308/3308
f 3235/3235 3234/3234 3309/3309
f 3236/3236 3235/3235 3310/3310
f 3313/3313 3237/3237 3312/3312
f 6624/6403 3238/3238 3313/3313
f 3244/3244 3318/3318 3319/3319
f 5952/5783 3320/3320 3245/3245
f 3246/3246 3320/3320 3321/3321
f 3246/3246 3322/3322 3247/3247
f 6238/6040 3323/3323 3248/3248
f 3249/3249 3323/3323 3324/3324
f 3249/3249 3324/3324 3325/3325
f 3250/3250 3325/3325 3326/3326
f 3251/3251 3326/3326 3327/3327
f 3252/3252 3327/3327 3328/3328
f 3253/3253 3328/3328 3254/3254
f 3329/3329 3256/3256 3255/3255
f 3257/3257 3330/3330 3331/3331
f 3258/3258 3331/3331 3332/3332
f 3259/3259 3332/3332 3333/3333
f 3260/3260 3333/3333 3334/3334
f 3261/3261 3334/3334 3335/3335
f 3262/3262 3335/3335 3336/3336
f 3263/3263 3336/3336 3337/3337
f 3264/3264 3337/3337 3338/3338
f 3265/3265 3338/3338 3339/3339
f 3266/3266 3339/3339 3340/3340
f 3267/3267 3340/3340 3341/3341
f 3268/3268 3341/3341 3342/3342
f 3269/3269 3342/3342 3343/3343
f 3270/3270 3343/3343 3344/3344
f 3271/3271 3344/3344 3345/3345
f 3272/3272 3345/3345 3346/3346
f 3273/3273 3346/3346 3347/3347
f 3274/3274 3347/3347 3348/3348
f 3348/3348 6828/6598 3275/3275
f 3350/3350 3276/3276 3349/3349
f 3421/3421 6241/6043 3350/3350
f 3351/3351 3278/3278 5591/5448
f 6766/6542 5441/5308 6384/6177
f 5663/5520 3280/3280 3279/3279
f 5589/5446 6348/6144 3354/3354
f 6738/6514 5589/5446 3284/3284
f 6464/6252 3285/3285 3284/3284
f 3288/3288 3287/3287 3358/3358
f 3289/3289 3288/3288 3359/3359
f 3290/3290 3289/3289 3360/3360
f 3291/3291 3290/3290 3361/3361
f 3292/3292 3291/3291 3362/3362
f 3293/3293 3292/3292 3363/3363
f 3294/3294 3293/3293 3364/3364
f 3295/3295 3294/3294 3365/3365
f 3296/3296 3295/3295 3366/3366
f 3297/3297 3296/3296 3367/3367
f 3298/3298 3297/3297 3368/3368
f 3299/3299 3298/3298 3369/3369
f 3300/3300 3299/3299 3370/3370
f 3301/3301 3300/3300 3371/3371
f 3302/3302 3301/3301 3372/3372
f 3303/3303 3302/3302 3373/3373
f 3305/3305 3304/3304 3374/3374
f 3306/3306 3305/3305 3375/3375
f 3307/3307 3306/3306 3376/3376
f 3308/3308 3232/3232 3377/3377
f 3309/3309 3308/3308 3378/3378
f 3310/3310 3309/3309 3379/3379
f 3311/3311 3310/3310 3380/3380
f 3312/3312 3311/3311 3381/3381
f 3313/3313 3312/3312 3382/3382
f 3238/3238 6624/6403 3239/3239
f 5302/5176 3315/3315 5538/5397
f 3386/3386 3316/3316 3385/3385
f 3386/3386 3317/3317 3242/3242
f 3243/3243 6857/6617 3318/3318
f 6857/6617 3388/3388 3318/3318
f 3319/3319 3388/3388 3389/3389
f 3389/3389 3321/3321 3320/3320
f 3321/3321 3390/3390 3391/3391
f 3322/3322 3391/3391 3392/3392
f 3323/3323 3392/3392 3393/3393
f 3324/3324 3393/3393 3394/3394
f 3324/3324 3394/3394 3395/3395
f 3325/3325 3395/3395 3396/3396
f 3326/3326 3396/3396 3397/3397
f 3327/3327 3397/3397 3398/3398
f 3328/3328 3398/3398 3399/3399
f 3254/3254 3399/3399 3400/3400
f 3329/3329 3400/3400 3401/3401
f 3403/3403 3401/3401 3402/3402
f 3401/3401 3403/3403 3330/3330
f 3331/3331 3403/3403 3404/3404
f 3332/3332 3404/3404 3405/3405
f 3333/3333 3405/3405 3406/3406
f 3334/3334 3406/3406 3407/3407
f 3335/3335 3407/3407 3408/3408
f 3336/3336 3408/3408 3409/3409
f 3337/3337 3409/3409 3410/3410
f 3338/3338 3410/3410 3411/3411
f 3339/3339 3411/3411 3412/3412
f 3340/3340 3412/3412 3413/3413
f 3341/3341 3413/3413 3414/3414
f 3342/3342 3414/3414 3415/3415
f 3343/3343 3415/3415 3416/3416
f 3344/3344 3416/3416 3417/3417
f 3417/3417 6446/6234 3346/3346
f 6784/6559 3419/3419 3348/3348
f 3349/3349 3419/3419 6872/6631
f 3278/3278 3423/3423 5602/5459
f 3425/3425 3352/3352 3424/3424
f 5407/5274 5063/4941 5661/5518
f 5406/5273 6743/6519 5661/5518
f 3426/3426 3353/3353 5406/5273
f 5261/5135 5491/5354 5604/5461
f 3429/3429 6464/6252 3284/3284
f 6464/6252 6323/6119 5540/5399
f 3358/3358 3357/3357 3432/3432
f 3359/3359 3358/3358 3433/3433
f 3360/3360 3359/3359 3434/3434
f 3361/3361 3360/3360 3435/3435
f 3362/3362 3361/3361 3436/3436
f 3363/3363 3362/3362 3437/3437
f 3364/3364 3363/3363 3438/3438
f 3365/3365 3364/3364 3439/3439
f 3366/3366 3365/3365 3440/3440
f 3367/3367 3366/3366 3441/3441
f 3368/3368 3367/3367 3442/3442
f 3369/3369 3368/3368 3443/3443
f 3370/3370 3369/3369 3444/3444
f 3371/3371 3370/3370 3445/3445
f 3372/3372 3371/3371 3446/3446
f 3373/3373 3372/3372 3447/3447
f 3374/3374 3303/3303 3448/3448
f 3375/3375 3374/3374 3449/3449
f 3376/3376 3375/3375 3450/3450
f 3377/3377 3307/3307 3451/3451
f 3378/3378 3377/3377 3452/3452
f 3379/3379 3378/3378 3453/3453
f 3380/3380 3379/3379 3454/3454
f 3381/3381 3380/3380 3455/3455
f 3381/3381 3382/3382 3312/3312
f 3383/3383 3382/3382 3457/3457
f 3383/3383 3458/3458 3384/3384
f 3385/3385 3459/3459 3460/3460
f 3461/3461 3385/3385 3460/3460
f 3387/3387 3461/3461 3535/3535
f 3462/3462 3463/3463 3388/3388
f 3388/3388 3463/3463 3464/3464
f 3389/3389 3464/3464 3390/3390
f 3391/3391 3465/3465 3466/3466
f 3392/3392 3466/3466 3467/3467
f 3393/3393 3467/3467 3394/3394
f 3395/3395 3468/3468 3469/3469
f 3396/3396 3469/3469 3470/3470
f 3397/3397 3470/3470 3471/3471
f 3398/3398 3471/3471 3472/3472
f 3399/3399 3472/3472 3473/3473
f 3400/3400 3473/3473 3474/3474
f 3401/3401 3474/3474 3402/3402
f 3404/3404 3475/3475 3476/3476
f 3405/3405 3476/3476 3477/3477
f 3406/3406 3477/3477 3478/3478
f 3407/3407 3478/3478 3479/3479
f 3408/3408 3479/3479 3480/3480
f 3409/3409 3480/3480 3481/3481
f 3410/3410 3481/3481 3482/3482
f 3411/3411 3482/3482 3483/3483
f 3412/3412 3483/3483 3484/3484
f 3413/3413 3484/3484 3485/3485
f 3414/3414 3485/3485 3486/3486
f 3415/3415 3486/3486 3487/3487
f 3416/3416 3487/3487 3488/3488
f 3417/3417 3488/3488 3489/3489
f 3565/3565 3418/3418 3489/3489
f 3490/3490 6872/6631 3419/3419
f 3421/3421 3420/3420 3492/3492
f 5421/5288 5984/5809 5944/5775
f 3496/3496 5407/5274 3425/3425
f 5604/5461 5985/5810 3427/3427
f 3428/3428 3355/3355 3354/3354
f 3501/3501 3355/3355 6170/5984
f 6323/6119 3503/3503 3431/3431
f 3433/3433 3432/3432 3504/3504
f 3434/3434 3433/3433 3505/3505
f 3435/3435 3434/3434 3506/3506
f 3436/3436 3435/3435 3507/3507
f 3437/3437 3436/3436 3508/3508
f 3438/3438 3437/3437 3509/3509
f 3439/3439 3438/3438 3510/3510
f 3440/3440 3439/3439 3511/3511
f 3441/3441 3440/3440 3512/3512
f 3442/3442 3441/3441 3513/3513
f 3443/3443 3442/3442 3514/3514
f 3444/3444 3443/3443 3515/3515
f 3445/3445 3444/3444 3516/3516
f 3446/3446 3445/3445 3517/3517
f 3447/3447 3446/3446 3518/3518
f 3448/3448 3373/3373 3519/3519
f 3449/3449 3448/3448 3520/3520
f 3450/3450 3449/3449 3521/3521
f 3451/3451 3376/3376 3522/3522
f 3452/3452 3451/3451 3523/3523
f 3453/3453 3452/3452 3524/3524
f 3454/3454 3453/3453 3525/3525
f 3455/3455 3454/3454 3526/3526
f 3456/3456 3455/3455 3527/3527
f 3457/3457 3456/3456 3528/3528
f 3457/3457 3529/3529 3383/3383
f 3458/3458 3383/3383 3530/3530
f 5302/5176 3531/3531 3459/3459
f 3460/3460 3459/3459 3532/3532
f 3461/3461 3460/3460 3533/3533
f 3463/3463 3536/3536 3537/3537
f 3464/3464 3537/3537 3538/3538
f 3390/3390 3538/3538 3465/3465
f 3466/3466 3539/3539 3540/3540
f 3467/3467 3540/3540 3541/3541
f 3394/3394 3541/3541 3468/3468
f 3469/3469 3542/3542 3543/3543
f 3470/3470 3543/3543 3544/3544
f 3471/3471 3544/3544 3545/3545
f 3472/3472 3545/3545 3546/3546
f 3473/3473 3546/3546 3547/3547
f 3474/3474 3547/3547 3548/3548
f 3402/3402 3548/3548 3549/3549
f 3551/3551 3549/3549 3550/3550
f 3549/3549 3551/3551 3475/3475
f 3476/3476 3551/3551 3552/3552
f 3477/3477 3552/3552 3553/3553
f 3478/3478 3553/3553 3554/3554
f 3479/3479 3554/3554 3555/3555
f 3480/3480 3555/3555 3556/3556
f 3481/3481 3556/3556 3557/3557
f 3482/3482 3557/3557 3558/3558
f 3483/3483 3558/3558 3559/3559
f 3484/3484 3559/3559 3560/3560
f 3485/3485 3560/3560 3561/3561
f 3486/3486 3561/3561 3562/3562
f 3487/3487 3562/3562 3563/3563
f 3488/3488 3563/3563 3564/3564
f 3489/3489 3564/3564 3565/3565
f 3418/3418 6621/6400 3490/3490
f 3492/3492 3491/3491 6718/6494
f 5212/5090 5421/5288 5944/5775
f 3499/3499 6268/6067 5210/5088
f 3431/3431 3504/3504 3432/3432
f 3505/3505 3504/3504 3577/3577
f 3506/3506 3505/3505 3578/3578
f 3507/3507 3506/3506 3579/3579
f 3508/3508 3507/3507 3580/3580
f 3509/3509 3508/3508 3581/3581
f 3510/3510 3509/3509 3582/3582
f 3511/3511 3510/3510 3583/3583
f 3512/3512 3511/3511 3584/3584
f 3513/3513 3512/3512 3585/3585
f 3514/3514 3513/3513 3586/3586
f 3515/3515 3514/3514 3587/3587
f 3516/3516 3515/3515 3588/3588
f 3517/3517 3516/3516 3589/3589
f 3518/3518 3517/3517 3590/3590
f 3519/3519 3447/3447 3591/3591
f 3520/3520 3519/3519 3592/3592
f 3521/3521 3520/3520 3593/3593
f 3522/3522 3450/3450 3594/3594
f 3523/3523 3522/3522 3595/3595
f 3524/3524 3523/3523 3596/3596
f 3525/3525 3524/3524 3597/3597
f 3526/3526 3525/3525 3598/3598
f 3527/3527 3526/3526 3599/3599
f 3528/3528 3527/3527 3600/3600
f 3529/3529 3528/3528 3601/3601
f 3603/3603 3529/3529 3602/3602
f 3604/3604 3530/3530 3603/3603
f 3531/3531 3458/3458 3604/3604
f 3532/3532 3531/3531 3605/3605
f 3532/3532 3533/3533 3460/3460
f 3534/3534 3533/3533 3607/3607
f 3537/3537 3609/3609 3610/3610
f 3538/3538 3610/3610 3611/3611
f 3539/3539 3611/3611 3612/3612
f 3539/3539 3612/3612 3613/3613
f 3540/3540 3613/3613 3614/3614
f 3614/3614 6704/6481 3541/3541
f 6704/6481 3542/3542 3468/3468
f 3543/3543 3615/3615 3616/3616
f 3544/3544 3616/3616 3617/3617
f 3545/3545 3617/3617 3618/3618
f 3546/3546 3618/3618 3619/3619
f 3547/3547 3619/3619 3620/3620
f 3548/3548 3620/3620 3621/3621
f 3549/3549 3621/3621 3550/3550
f 3552/3552 3622/3622 3623/3623
f 3553/3553 3623/3623 3624/3624
f 3554/3554 3624/3624 3625/3625
f 3555/3555 3625/3625 3626/3626
f 3556/3556 3626/3626 3627/3627
f 3557/3557 3627/3627 3628/3628
f 3558/3558 3628/3628 3629/3629
f 3559/3559 3629/3629 3630/3630
f 3560/3560 3630/3630 3631/3631
f 3561/3561 3631/3631 3632/3632
f 3562/3562 3632/3632 3633/3633
f 3563/3563 3633/3633 3634/3634
f 3564/3564 3634/3634 3635/3635
f 3565/3565 3635/3635 3636/3636
f 3636/3636 6621/6400 3565/3565
f 3566/3566 3637/3637 3638/3638
f 3568/3568 3640/3640 6064/5886
f 6064/5886 3569/3569 5212/5090
f 3641/3641 5902/5733 3570/3570
f 3497/3497 3572/3572 5094/4972
f 5696/5552 3573/3573 3498/3498
f 3573/3573 3574/3574 5210/5088
f 3646/3646 5301/5175 3576/3576
f 3578/3578 3577/3577 3647/3647
f 3579/3579 3578/3578 3648/3648
f 3580/3580 3579/3579 3649/3649
f 3581/3581 3580/3580 3650/3650
f 3582/3582 3581/3581 3651/3651
f 3583/3583 3582/3582 3652/3652
f 3584/3584 3583/3583 3653/3653
f 3585/3585 3584/3584 3654/3654
f 3586/3586 3585/3585 3655/3655
f 3587/3587 3586/3586 3656/3656
f 3588/3588 3587/3587 3657/3657
f 3589/3589 3588/3588 3658/3658
f 3590/3590 3589/3589 3659/3659
f 3591/3591 3518/3518 3660/3660
f 3592/3592 3591/3591 3661/3661
f 3593/3593 3592/3592 3662/3662
f 3594/3594 3521/3521 3663/3663
f 3595/3595 3594/3594 3664/3664
f 3596/3596 3595/3595 3665/3665
f 3597/3597 3596/3596 3666/3666
f 3598/3598 3597/3597 3667/3667
f 3599/3599 3598/3598 3668/3668
f 3600/3600 3599/3599 3669/3669
f 3601/3601 3600/3600 3670/3670
f 3601/3601 3671/3671 3602/3602
f 3605/3605 3604/3604 3673/3673
f 3606/3606 3605/3605 3674/3674
f 3676/3676 3606/3606 3675/3675
f 3608/3608 3607/3607 3676/3676
f 3677/3677 3609/3609 6031/5853
f 5578/5435 3610/3610 3609/3609
f 6434/6222 3612/3612 3611/3611
f 3614/3614 3679/3679 3680/3680
f 3615/3615 3681/3681 6534/6321
f 3616/3616 3682/3682 3683/3683
f 3617/3617 3683/3683 3684/3684
f 3618/3618 3684/3684 3685/3685
f 3619/3619 3685/3685 3686/3686
f 3620/3620 3686/3686 3687/3687
f 3621/3621 3687/3687 3688/3688
f 3550/3550 3688/3688 3689/3689
f 3622/3622 3689/3689 3690/3690
f 3623/3623 3690/3690 3691/3691
f 3624/3624 3691/3691 3692/3692
f 3625/3625 3692/3692 3693/3693
f 3626/3626 3693/3693 3694/3694
f 3694/3694 3695/3695 3626/3626
f 3627/3627 3695/3695 3696/3696
f 3628/3628 3696/3696 3697/3697
f 3629/3629 3697/3697 3698/3698
f 3630/3630 3698/3698 3699/3699
f 3631/3631 3699/3699 3700/3700
f 3632/3632 3700/3700 3701/3701
f 3633/3633 3701/3701 3702/3702
f 3634/3634 3702/3702 3703/3703
f 3635/3635 3703/3703 3704/3704
f 3636/3636 3704/3704 3705/3705
f 3705/3705 6436/6224 3637/3637
f 3707/3707 3708/3708 3639/3639
f 6803/6577 6064/5886 3640/3640
f 6037/5859 6295/6092 3571/3571
f 3712/3712 5727/5583 3711/3711
f 6427/6217 3645/3645 3714/3714
f 3648/3648 3647/3647 3716/3716
f 3649/3649 3648/3648 3717/3717
f 3650/3650 3649/3649 3718/3718
f 3651/3651 3650/3650 3719/3719
f 3652/3652 3651/3651 3720/3720
f 3653/3653 3652/3652 3721/3721
f 3654/3654 3653/3653 3722/3722
f 3655/3655 3654/3654 3723/3723
f 3656/3656 3655/3655 3724/3724
f 3657/3657 3656/3656 3725/3725
f 3658/3658 3657/3657 3726/3726
f 3659/3659 3658/3658 3727/3727
f 3660/3660 3590/3590 3728/3728
f 3661/3661 3660/3660 3729/3729
f 3662/3662 3661/3661 3730/3730
f 3663/3663 3593/3593 3731/3731
f 3664/3664 3663/3663 3732/3732
f 3665/3665 3664/3664 3733/3733
f 3666/3666 3665/3665 3734/3734
f 3667/3667 3666/3666 3735/3735
f 3668/3668 3667/3667 3736/3736
f 3669/3669 3668/3668 3737/3737
f 3670/3670 3669/3669 3738/3738
f 6002/5827 3670/3670 3738/3738
f 3739/3739 3671/3671 6002/5827
f 6749/6525 3740/3740 3672/3672
f 3674/3674 3741/3741 3742/3742
f 3675/3675 3674/3674 3742/3742
f 3676/3676 3675/3675 3743/3743
f 3677/3677 3815/3815 3746/3746
f 5829/5669 3748/3748 3749/3749
f 3680/3680 3751/3751 3681/3681
f 3751/3751 6534/6321 3681/3681
f 6534/6321 3753/3753 3615/3615
f 3682/3682 3753/3753 3754/3754
f 3683/3683 3754/3754 3755/3755
f 3684/3684 3755/3755 3756/3756
f 3685/3685 3756/3756 3757/3757
f 3686/3686 3757/3757 3758/3758
f 3687/3687 3758/3758 3759/3759
f 3688/3688 3759/3759 3760/3760
f 3689/3689 3760/3760 3761/3761
f 3763/3763 3761/3761 3762/3762
f 3761/3761 3763/3763 3690/3690
f 3691/3691 3763/3763 3764/3764
f 3692/3692 3764/3764 3765/3765
f 3694/3694 3765/3765 3766/3766
f 3694/3694 3766/3766 3767/3767
f 3695/3695 3767/3767 3768/3768
f 3696/3696 3768/3768 3769/3769
f 3697/3697 3769/3769 3770/3770
f 3698/3698 3770/3770 3771/3771
f 3699/3699 3771/3771 3772/3772
f 3700/3700 3772/3772 3773/3773
f 3701/3701 3773/3773 3774/3774
f 3702/3702 3774/3774 3775/3775
f 3703/3703 3775/3775 3776/3776
f 3704/3704 3776/3776 3777/3777
f 3705/3705 3777/3777 3706/3706
f 3706/3706 3840/3840 6116/5932
f 5281/5155 6803/6577 3778/3778
f 6037/5859 5348/5222 5079/4957
f 6037/5859 5668/5525 3710/3710
f 3644/3644 6423/6213 3713/3713
f 3713/3713 3714/3714 6218/6021
f 6427/6217 3715/3715 3646/3646
f 3716/3716 3715/3715 3786/3786
f 3717/3717 3716/3716 3787/3787
f 3718/3718 3717/3717 3788/3788
f 3719/3719 3718/3718 3789/3789
f 3720/3720 3719/3719 3790/3790
f 3721/3721 3720/3720 3791/3791
f 3722/3722 3721/3721 3792/3792
f 3723/3723 3722/3722 3793/3793
f 3724/3724 3723/3723 3794/3794
f 3725/3725 3724/3724 3795/3795
f 3726/3726 3725/3725 3796/3796
f 3727/3727 3726/3726 3797/3797
f 3728/3728 3659/3659 3798/3798
f 3729/3729 3728/3728 3799/3799
f 3730/3730 3729/3729 3800/3800
f 3731/3731 3662/3662 3801/3801
f 3732/3732 3731/3731 3802/3802
f 3733/3733 3732/3732 3803/3803
f 3734/3734 3733/3733 3804/3804
f 3735/3735 3734/3734 3805/3805
f 3736/3736 3735/3735 3806/3806
f 3737/3737 3736/3736 3807/3807
f 3738/3738 3808/3808 3809/3809
f 3934/3934 5994/5819 3813/3813
f 3741/3741 5832/5672 3742/3742
f 5832/5672 5574/5431 3742/3742
f 3814/3814 3744/3744 3743/3743
f 3816/3816 3751/3751 3750/3750
f 3753/3753 3817/3817 3818/3818
f 3754/3754 3818/3818 3819/3819
f 3755/3755 3819/3819 3820/3820
f 3756/3756 3820/3820 3821/3821
f 3757/3757 3821/3821 3822/3822
f 3758/3758 3822/3822 3823/3823
f 3759/3759 3823/3823 3824/3824
f 3760/3760 3824/3824 3825/3825
f 3761/3761 3825/3825 3762/3762
f 3764/3764 3826/3826 3827/3827
f 3765/3765 3827/3827 3766/3766
f 3767/3767 3828/3828 3829/3829
f 3768/3768 3829/3829 3830/3830
f 3769/3769 3830/3830 3831/3831
f 3770/3770 3831/3831 3832/3832
f 3771/3771 3832/3832 3833/3833
f 3772/3772 3833/3833 3834/3834
f 3773/3773 3834/3834 3835/3835
f 3774/3774 3835/3835 3836/3836
f 3775/3775 3836/3836 3837/3837
f 3776/3776 3837/3837 3838/3838
f 3777/3777 3838/3838 3839/3839
f 6578/6363 6116/5932 3840/3840
f 5950/5781 5563/5420 5281/5155
f 5483/5346 5916/5747 3779/3779
f 5668/5525 3780/3780 3841/3841
f 6593/6377 3841/3841 5484/5347
f 3844/3844 6557/6344 3843/3843
f 3785/3785 3784/3784 3845/3845
f 3785/3785 6622/6401 3786/3786
f 3787/3787 3786/3786 3847/3847
f 3788/3788 3787/3787 3848/3848
f 3789/3789 3788/3788 3849/3849
f 3790/3790 3789/3789 3850/3850
f 3791/3791 3790/3790 3851/3851
f 3792/3792 3791/3791 3852/3852
f 3793/3793 3792/3792 3853/3853
f 3794/3794 3793/3793 3854/3854
f 3795/3795 3794/3794 3855/3855
f 3796/3796 3795/3795 3856/3856
f 3797/3797 3796/3796 3857/3857
f 3798/3798 3727/3727 3858/3858
f 3799/3799 3798/3798 3859/3859
f 3800/3800 3799/3799 3860/3860
f 3801/3801 3730/3730 3861/3861
f 3802/3802 3801/3801 3862/3862
f 3803/3803 3802/3802 3863/3863
f 3804/3804 3803/3803 3864/3864
f 3805/3805 3804/3804 3865/3865
f 3806/3806 3805/3805 3866/3866
f 3807/3807 3806/3806 3867/3867
f 3808/3808 3807/3807 3868/3868
f 3809/3809 3869/3869 3932/3932
f 3875/3875 3816/3816 3874/3874
f 3816/3816 3752/3752 3751/3751
f 3818/3818 3878/3878 3879/3879
f 3819/3819 3879/3879 3880/3880
f 3820/3820 3880/3880 3881/3881
f 3821/3821 3881/3881 3882/3882
f 3822/3822 3882/3882 3883/3883
f 3823/3823 3883/3883 3884/3884
f 3824/3824 3884/3884 3885/3885
f 3825/3825 3885/3885 3886/3886
f 3762/3762 3886/3886 3887/3887
f 3889/3889 3887/3887 3888/3888
f 3887/3887 3889/3889 3826/3826
f 3827/3827 3889/3889 3890/3890
f 3766/3766 3890/3890 3828/3828
f 3829/3829 3891/3891 3892/3892
f 3830/3830 3892/3892 3893/3893
f 3831/3831 3893/3893 3894/3894
f 3832/3832 3894/3894 3895/3895
f 3833/3833 3895/3895 3896/3896
f 3834/3834 3896/3896 3897/3897
f 3835/3835 3897/3897 3898/3898
f 3836/3836 3898/3898 3899/3899
f 3837/3837 3899/3899 3900/3900
f 3838/3838 3900/3900 3901/3901
f 3901/3901 5972/5798 3839/3839
f 3840/3840 6109/5925 6578/6363
f 5950/5781 5501/5364 5563/5420
f 5501/5364 6681/6459 5563/5420
f 6662/6441 5195/5073 3961/3961
f 6008/5833 3780/3780 5916/5747
f 3841/3841 3904/3904 5842/5682
f 3848/3848 3847/3847 3909/3909
f 3849/3849 3848/3848 3910/3910
f 3850/3850 3849/3849 3911/3911
f 3851/3851 3850/3850 3912/3912
f 3852/3852 3851/3851 3913/3913
f 3853/3853 3852/3852 3914/3914
f 3854/3854 3853/3853 3915/3915
f 3855/3855 3854/3854 3916/3916
f 3856/3856 3855/3855 3917/3917
f 3857/3857 3856/3856 3918/3918
f 3857/3857 3919/3919 3920/3920
f 3858/3858 3797/3797 3920/3920
f 3859/3859 3858/3858 3921/3921
f 3980/3980 3859/3859 3921/3921
f 3861/3861 3800/3800 3922/3922
f 3862/3862 3861/3861 3923/3923
f 3863/3863 3862/3862 3924/3924
f 3864/3864 3863/3863 3925/3925
f 3865/3865 3864/3864 3926/3926
f 3866/3866 3865/3865 3927/3927
f 3867/3867 3866/3866 3928/3928
f 3868/3868 3867/3867 3929/3929
f 3869/3869 3868/3868 3930/3930
f 3932/3932 6605/6387 3810/3810
f 5994/5819 3934/3934 5832/5672
f 3995/3995 5997/5822 3934/3934
f 3872/3872 6184/5993 3936/3936
f 3748/3748 6221/6024 3874/3874
f 3938/3938 3878/3878 3817/3817
f 3878/3878 3939/3939 3940/3940
f 3879/3879 3940/3940 3941/3941
f 3880/3880 3941/3941 3942/3942
f 3881/3881 3942/3942 3943/3943
f 3882/3882 3943/3943 3944/3944
f 3883/3883 3944/3944 3945/3945
f 3884/3884 3945/3945 3946/3946
f 3885/3885 3946/3946 3947/3947
f 3886/3886 3947/3947 3948/3948
f 3887/3887 3948/3948 3888/3888
f 3890/3890 3949/3949 3950/3950
f 3828/3828 3950/3950 3891/3891
f 3892/3892 3951/3951 3952/3952
f 3893/3893 3952/3952 3953/3953
f 3894/3894 3953/3953 3954/3954
f 3895/3895 3954/3954 3955/3955
f 3896/3896 3955/3955 3897/3897
f 3898/3898 3956/3956 3957/3957
f 3899/3899 3957/3957 3958/3958
f 3900/3900 3958/3958 3959/3959
f 3903/3903 6570/6355 5268/5142
f 3842/3842 3906/3906 3843/3843
f 6467/6255 3907/3907 3967/3967
f 6444/6232 6467/6255 4028/4028
f 3846/3846 6444/6232 3909/3909
f 3910/3910 3909/3909 3969/3969
f 3911/3911 3910/3910 3970/3970
f 3912/3912 3911/3911 3971/3971
f 3913/3913 3912/3912 3971/3971
f 3914/3914 3913/3913 3972/3972
f 3915/3915 3914/3914 3973/3973
f 3916/3916 3915/3915 3974/3974
f 3917/3917 3916/3916 3975/3975
f 3918/3918 3917/3917 3976/3976
f 3919/3919 3918/3918 3977/3977
f 6896/6649 3920/3920 3978/3978
f 3859/3859 3980/3980 3860/3860
f 3922/3922 3860/3860 3981/3981
f 3923/3923 3922/3922 3981/3981
f 3924/3924 3923/3923 3982/3982
f 3925/3925 3924/3924 3983/3983
f 3926/3926 3925/3925 3984/3984
f 3927/3927 3926/3926 3985/3985
f 3928/3928 3927/3927 3986/3986
f 3929/3929 3928/3928 3987/3987
f 3930/3930 3929/3929 3988/3988
f 3931/3931 3930/3930 3989/3989
f 3813/3813 3995/3995 3934/3934
f 3996/3996 3935/3935 3995/3995
f 6612/6392 3999/3999 3938/3938
f 3938/3938 3999/3999 4000/4000
f 3939/3939 4000/4000 6331/6127
f 3940/3940 6331/6127 4001/4001
f 3941/3941 4001/4001 4002/4002
f 3942/3942 4002/4002 4003/4003
f 3943/3943 4003/4003 4004/4004
f 3944/3944 4004/4004 4005/4005
f 3945/3945 4005/4005 4006/4006
f 3946/3946 4006/4006 4007/4007
f 3947/3947 4007/4007 4008/4008
f 3948/3948 4008/4008 4009/4009
f 3888/3888 4009/4009 4010/4010
f 3949/3949 4010/4010 4011/4011
f 4011/4011 4012/4012 3949/3949
f 3950/3950 4012/4012 4013/4013
f 3951/3951 4013/4013 4069/4069
f 3952/3952 4014/4014 4015/4015
f 3953/3953 4015/4015 4016/4016
f 3954/3954 4016/4016 4017/4017
f 3955/3955 4017/4017 4018/4018
f 3897/3897 4018/4018 3956/3956
f 3957/3957 4019/4019 4020/4020
f 4021/4021 3958/3958 4020/4020
f 4021/4021 3959/3959 3958/3958
f 4024/4024 6088/5904 3960/3960
f 3962/3962 3963/3963 3904/3904
f 4026/4026 5929/5760 3963/3963
f 3964/3964 5503/5366 5272/5146
f 3965/3965 3966/3966 6409/6201
f 4028/4028 6467/6255 3967/3967
f 3970/3970 3969/3969 4029/4029
f 3971/3971 3970/3970 4030/4030
f 3972/3972 3971/3971 4031/4031
f 3973/3973 3972/3972 4032/4032
f 3974/3974 3973/3973 4033/4033
f 3975/3975 3974/3974 4034/4034
f 3976/3976 3975/3975 4035/4035
f 3977/3977 3976/3976 4036/4036
f 3977/3977 4037/4037 3978/3978
f 3978/3978 3919/3919 3977/3977
f 3979/3979 6896/6649 4038/4038
f 3979/3979 4039/4039 3980/3980
f 3980/3980 4039/4039 3981/3981
f 3982/3982 3981/3981 4040/4040
f 3983/3983 3982/3982 4041/4041
f 3984/3984 3983/3983 4042/4042
f 3985/3985 3984/3984 4043/4043
f 3986/3986 3985/3985 4044/4044
f 3987/3987 3986/3986 4045/4045
f 3988/3988 3987/3987 4046/4046
f 3989/3989 3988/3988 4047/4047
f 3990/3990 3989/3989 4048/4048
f 4050/4050 3990/3990 4049/4049
f 4050/4050 3991/3991 3931/3931
f 4114/4114 5584/5441 4051/4051
f 5584/5441 6222/6025 3936/3936
f 3998/3998 4054/4054 5581/5438
f 6502/6290 4000/4000 3999/3999
f 4001/4001 4056/4056 4057/4057
f 4059/4059 4057/4057 4058/4058
f 4057/4057 4059/4059 4002/4002
f 4003/4003 4059/4059 4060/4060
f 4004/4004 4060/4060 4061/4061
f 4061/4061 6897/6650 4005/4005
f 6897/6650 4007/4007 4006/4006
f 4008/4008 4063/4063 4064/4064
f 4009/4009 4064/4064 4065/4065
f 4010/4010 4065/4065 4066/4066
f 4011/4011 4066/4066 4067/4067
f 4012/4012 4067/4067 4068/4068
f 4013/4013 4068/4068 4069/4069
f 4069/4069 4014/4014 3951/3951
f 4015/4015 4070/4070 4071/4071
f 4016/4016 4071/4071 4072/4072
f 4017/4017 4072/4072 4073/4073
f 4018/4018 4073/4073 4074/4074
f 4074/4074 4019/4019 3956/3956
f 4078/4078 6006/5831 4077/4077
f 4079/4079 5736/5592 4023/4023
f 5736/5592 5934/5765 5273/5147
f 4081/4081 5688/5544 4025/4025
f 3964/3964 4026/4026 5503/5366
f 5272/5146 5735/5591 4027/4027
f 4084/4084 4027/4027 5735/5591
f 6425/6215 4085/4085 4086/4086
f 4088/4088 4087/4087 4151/4151
f 4031/4031 4030/4030 4090/4090
f 4032/4032 4031/4031 4091/4091
f 4033/4033 4032/4032 4092/4092
f 4034/4034 4033/4033 4093/4093
f 4035/4035 4034/4034 4094/4094
f 4036/4036 4035/4035 4095/4095
f 4037/4037 4036/4036 4096/4096
f 4038/4038 4037/4037 4097/4097
f 4038/4038 4098/4098 3979/3979
f 4039/4039 3979/3979 4099/4099
f 4040/4040 4039/4039 4100/4100
f 4041/4041 4040/4040 4101/4101
f 4042/4042 4041/4041 4102/4102
f 4043/4043 4042/4042 4103/4103
f 4044/4044 4043/4043 4104/4104
f 4045/4045 4044/4044 4105/4105
f 4046/4046 4045/4045 4106/4106
f 4047/4047 4046/4046 4107/4107
f 4048/4048 4047/4047 4108/4108
f 4049/4049 6336/6132 4050/4050
f 4110/4110 4050/4050 6336/6132
f 6842/6605 4110/4110 4111/4111
f 4112/4112 6842/6605 4111/4111
f 3997/3997 6106/5922 4179/4179
f 3994/3994 3996/3996 3995/3995
f 4114/4114 4978/6693 5577/5434
f 4117/4117 4116/4116 4234/4234
f 6120/5936 4118/4118 4119/4119
f 4118/4118 6120/5936 6502/6290
f 4122/4122 4057/4057 4056/4056
f 4060/4060 4123/4123 4124/4124
f 4061/4061 4124/4124 4125/4125
f 4062/4062 4125/4125 4126/4126
f 4063/4063 4126/4126 4127/4127
f 4064/4064 4127/4127 4128/4128
f 4065/4065 4128/4128 4129/4129
f 4066/4066 4129/4129 4130/4130
f 4067/4067 4130/4130 4131/4131
f 4068/4068 4131/4131 4132/4132
f 4069/4069 4132/4132 4133/4133
f 4133/4133 4070/4070 4014/4014
f 4071/4071 4135/4135 4136/4136
f 4072/4072 4136/4136 4137/4137
f 4073/4073 4137/4137 4138/4138
f 6776/6551 4138/4138 4139/4139
f 4075/4075 6338/6134 4076/4076
f 6338/6134 6466/6254 4077/4077
f 5778/5629 4079/4079 5511/5374
f 5778/5629 5446/5313 5736/5592
f 4081/4081 4146/4146 5318/5192
f 4089/4089 4088/4088 4152/4152
f 4090/4090 4089/4089 4153/4153
f 4091/4091 4090/4090 4154/4154
f 4092/4092 4091/4091 4155/4155
f 4093/4093 4092/4092 4156/4156
f 4094/4094 4093/4093 4157/4157
f 4095/4095 4094/4094 4158/4158
f 4096/4096 4095/4095 4159/4159
f 4097/4097 4096/4096 4160/4160
f 4098/4098 4097/4097 4161/4161
f 4099/4099 4098/4098 4162/4162
f 4100/4100 4099/4099 4163/4163
f 4101/4101 4100/4100 4164/4164
f 4102/4102 4101/4101 4165/4165
f 4103/4103 4102/4102 4166/4166
f 4104/4104 4103/4103 4167/4167
f 4105/4105 4104/4104 4168/4168
f 4106/4106 4105/4105 4169/4169
f 4107/4107 4106/4106 4170/4170
f 4286/4286 4173/4173 5592/5449
f 5821/5661 4286/4286 4175/4175
f 5821/5661 4174/4174 4286/4286
f 5821/5661 5580/5437 4111/4111
f 4112/4112 4177/4177 4113/4113
f 4058/4058 4181/4181 4182/4182
f 4123/4123 4182/4182 4183/4183
f 4183/4183 4184/4184 4123/4123
f 4124/4124 4184/4184 4185/4185
f 4125/4125 4185/4185 4186/4186
f 4126/4126 4186/4186 4187/4187
f 4127/4127 4187/4187 4188/4188
f 4128/4128 4188/4188 4189/4189
f 4129/4129 4189/4189 4190/4190
f 4130/4130 4190/4190 4191/4191
f 4131/4131 4191/4191 4192/4192
f 4132/4132 4192/4192 4193/4193
f 4134/4134 4193/4193 4251/4251
f 4135/4135 4194/4194 4195/4195
f 4136/4136 4195/4195 4196/4196
f 4137/4137 4196/4196 4197/4197
f 4141/4141 4199/4199 4142/4142
f 5511/5374 4200/4200 5778/5629
f 4207/4207 6855/6615 4206/4206
f 6855/6615 4207/4207 4149/4149
f 4207/4207 6267/6066 4149/4149
f 4150/4150 4151/4151 4086/4086
f 4153/4153 4152/4152 4210/4210
f 4154/4154 4153/4153 4211/4211
f 4155/4155 4154/4154 4212/4212
f 4156/4156 4155/4155 4213/4213
f 4157/4157 4156/4156 4214/4214
f 4158/4158 4157/4157 4215/4215
f 4159/4159 4158/4158 4216/4216
f 4160/4160 4159/4159 4217/4217
f 4161/4161 4160/4160 4218/4218
f 4162/4162 4161/4161 4219/4219
f 4163/4163 4162/4162 4220/4220
f 4164/4164 4163/4163 4221/4221
f 4165/4165 4164/4164 4222/4222
f 4166/4166 4165/4165 4223/4223
f 4167/4167 4166/4166 4224/4224
f 4168/4168 4167/4167 4225/4225
f 4169/4169 4168/4168 4226/4226
f 4170/4170 4169/4169 4227/4227
f 4171/4171 4228/4228 4284/4284
f 4180/4180 4235/4235 4119/4119
f 4236/4236 4119/4119 4235/4235
f 4237/4237 4120/4120 4236/4236
f 4237/4237 4121/4121 4120/4120
f 4181/4181 4238/4238 4239/4239
f 4182/4182 4239/4239 4240/4240
f 4240/4240 4241/4241 4183/4183
f 4184/4184 4241/4241 4242/4242
f 4185/4185 4242/4242 4243/4243
f 4186/4186 4243/4243 4244/4244
f 4187/4187 4244/4244 4245/4245
f 4188/4188 4245/4245 4246/4246
f 4189/4189 4246/4246 4247/4247
f 4190/4190 4247/4247 4248/4248
f 4191/4191 4248/4248 4249/4249
f 4192/4192 4249/4249 4250/4250
f 4193/4193 4250/4250 4251/4251
f 4251/4251 4194/4194 4134/4134
f 4195/4195 4252/4252 4253/4253
f 4196/4196 4253/4253 4254/4254
f 4197/4197 4254/4254 4255/4255
f 4198/4198 4255/4255 4256/4256
f 6608/6390 4256/4256 4314/4314
f 4199/4199 6725/6501 4142/4142
f 5479/5342 4260/4260 5216/5094
f 4145/4145 6507/6295 5187/5065
f 4203/4203 4262/4262 5189/5067
f 4204/4204 4205/4205 4148/4148
f 6355/6149 4210/4210 4209/4209
f 4211/4211 4210/4210 4266/4266
f 4212/4212 4211/4211 4267/4267
f 4213/4213 4212/4212 4268/4268
f 4214/4214 4213/4213 4269/4269
f 4215/4215 4214/4214 4270/4270
f 4216/4216 4215/4215 4271/4271
f 4217/4217 4216/4216 4272/4272
f 4218/4218 4217/4217 4273/4273
f 4219/4219 4218/4218 4274/4274
f 4220/4220 4219/4219 4275/4275
f 4221/4221 4220/4220 4276/4276
f 4222/4222 4221/4221 4277/4277
f 4223/4223 4222/4222 4278/4278
f 4224/4224 4223/4223 4279/4279
f 4225/4225 4224/4224 4280/4280
f 4226/4226 4225/4225 4281/4281
f 4227/4227 4226/4226 4282/4282
f 4228/4228 4227/4227 4283/4283
f 6844/6606 4284/4284 4285/4285
f 4173/4173 4174/4174 4049/4049
f 6823/6595 4175/4175 4286/4286
f 4288/4288 4176/4176 5831/5671
f 4288/4288 4177/4177 4176/4176
f 4233/4233 6620/6399 4290/4290
f 4291/4291 6445/6233 4234/4234
f 4235/4235 6445/6233 4293/4293
f 4235/4235 4293/4293 4294/4294
f 4236/4236 4294/4294 4295/4295
f 4237/4237 4295/4295 4296/4296
f 4238/4238 4357/4357 4297/4297
f 4239/4239 4297/4297 4298/4298
f 4298/4298 4299/4299 4240/4240
f 4241/4241 4299/4299 4300/4300
f 4242/4242 4300/4300 4301/4301
f 4243/4243 4301/4301 4302/4302
f 4244/4244 4302/4302 4303/4303
f 4245/4245 4303/4303 4304/4304
f 4246/4246 4304/4304 4305/4305
f 4247/4247 4305/4305 4306/4306
f 4248/4248 4306/4306 4307/4307
f 4249/4249 4307/4307 4308/4308
f 4250/4250 4308/4308 4309/4309
f 4251/4251 4309/4309 4310/4310
f 4194/4194 4310/4310 4252/4252
f 4253/4253 4311/4311 4312/4312
f 4254/4254 4312/4312 4313/4313
f 4256/4256 4313/4313 4314/4314
f 4316/4316 4258/4258 4257/4257
f 6148/5964 5070/4948 4261/4261
f 5070/4948 5599/5456 4262/4262
f 5599/5456 6011/5836 5189/5067
f 4204/4204 5217/5095 4205/4205
f 6289/6086 4324/4324 4265/4265
f 4325/4325 4265/4265 4324/4324
f 6603/6385 6421/6211 6133/5949
f 6603/6385 6133/5949 4326/4326
f 4267/4267 5811/5654 4268/4268
f 4269/4269 4268/4268 4327/4327
f 4270/4270 4269/4269 4327/4327
f 4272/4272 4271/4271 4330/4330
f 4273/4273 4272/4272 4331/4331
f 4274/4274 4273/4273 4332/4332
f 4275/4275 4274/4274 4333/4333
f 4276/4276 4275/4275 4334/4334
f 4277/4277 4276/4276 4335/4335
f 4278/4278 4277/4277 4336/4336
f 4279/4279 4278/4278 4337/4337
f 4280/4280 4279/4279 4338/4338
f 4341/4341 4282/4282 4340/4340
f 4342/4342 4283/4283 4341/4341
f 4343/4343 4228/4228 4342/4342
f 5592/5449 4346/4346 6823/6595
f 5592/5449 6823/6595 4286/4286
f 4348/4348 4287/4287 4347/4347
f 5831/5671 4348/4348 4349/4349
f 4350/4350 4288/4288 5831/5671
f 4290/4290 4351/4351 4352/4352
f 4352/4352 4291/4291 4290/4290
f 4292/4292 4353/4353 4354/4354
f 4293/4293 4354/4354 4355/4355
f 4294/4294 4355/4355 4356/4356
f 4295/4295 4356/4356 4357/4357
f 4297/4297 4408/4408 4410/4410
f 4299/4299 4358/4358 4359/4359
f 4300/4300 4359/4359 4360/4360
f 4301/4301 4360/4360 4361/4361
f 4302/4302 4361/4361 4362/4362
f 4303/4303 4362/4362 4363/4363
f 4304/4304 4363/4363 4364/4364
f 4305/4305 4364/4364 4365/4365
f 4306/4306 4365/4365 4366/4366
f 4307/4307 4366/4366 4367/4367
f 4308/4308 4367/4367 4368/4368
f 4309/4309 4368/4368 4369/4369
f 4310/4310 4369/4369 4370/4370
f 4252/4252 4370/4370 4311/4311
f 4312/4312 4371/4371 4372/4372
f 4372/4372 5569/5426 4314/4314
f 4315/4315 5569/5426 4373/4373
f 4374/4374 4373/4373 4427/4427
f 4319/4319 4376/4376 5167/5045
f 5130/5008 4319/4319 4377/4377
f 5070/4948 5130/5008 5336/5210
f 4320/4320 4321/4321 6011/5836
f 4321/4321 4322/4322 5217/5095
f 4263/4263 4322/4322 4323/4323
f 4264/4264 5519/5378 4324/4324
f 4324/4324 5519/5378 4378/4378
f 4382/4382 5811/5654 4326/4326
f 4329/4329 4328/4328 4383/4383
f 4330/4330 4329/4329 4384/4384
f 4331/4331 4330/4330 4385/4385
f 4332/4332 4331/4331 4386/4386
f 4333/4333 4332/4332 4387/4387
f 4334/4334 4333/4333 4388/4388
f 4335/4335 4334/4334 4389/4389
f 4336/4336 4335/4335 4390/4390
f 4337/4337 4336/4336 4391/4391
f 4338/4338 4337/4337 4392/4392
f 4339/4339 4338/4338 4393/4393
f 4340/4340 4339/4339 4394/4394
f 4341/4341 4396/4396 4342/4342
f 4397/4397 4342/4342 4396/4396
f 4398/4398 4343/4343 4397/4397
f 4285/4285 4398/4398 4344/4344
f 4346/4346 4345/4345 4399/4399
f 4347/4347 4346/4346 4400/4400
f 4348/4348 4347/4347 4401/4401
f 4349/4349 4348/4348 4402/4402
f 4353/4353 4454/4454 4403/4403
f 4353/4353 4403/4403 4404/4404
f 4354/4354 4404/4404 4405/4405
f 4355/4355 4405/4405 4406/4406
f 4356/4356 4406/4406 4407/4407
f 4357/4357 4407/4407 4408/4408
f 4409/4409 4410/4410 4408/4408
f 4358/4358 4410/4410 4460/4460
f 4359/4359 4411/4411 4412/4412
f 4360/4360 4412/4412 4413/4413
f 4361/4361 4413/4413 4414/4414
f 4362/4362 4414/4414 4415/4415
f 4363/4363 4415/4415 4416/4416
f 4364/4364 4416/4416 4417/4417
f 4365/4365 4417/4417 4418/4418
f 4366/4366 4418/4418 4419/4419
f 4367/4367 4419/4419 4420/4420
f 4368/4368 4420/4420 4421/4421
f 4369/4369 4421/4421 4422/4422
f 4370/4370 4422/4422 4423/4423
f 4371/4371 4424/4424 4425/4425
f 4426/4426 4425/4425 4473/4473
f 5252/5126 4374/4374 4427/4427
f 5252/5126 4375/4375 5520/5379
f 4375/4375 5462/5329 4317/4317
f 5462/5329 5167/5045 4376/4376
f 4319/4319 5167/5045 4377/4377
f 5641/5498 5866/5703 4377/4377
f 6585/6369 5866/5703 4428/4428
f 4323/4323 5767/5618 5519/5378
f 5519/5378 4430/4430 4378/4378
f 4434/4434 6500/6288 4433/4433
f 4384/4384 4383/4383 4435/4435
f 4385/4385 4384/4384 4436/4436
f 4386/4386 4385/4385 4437/4437
f 4387/4387 4386/4386 4438/4438
f 4388/4388 4387/4387 4439/4439
f 4389/4389 4388/4388 4440/4440
f 4390/4390 4389/4389 4441/4441
f 4391/4391 4390/4390 4442/4442
f 4392/4392 4391/4391 4443/4443
f 4393/4393 4392/4392 4444/4444
f 4395/4395 4446/4446 4447/4447
f 4396/4396 4447/4447 4448/4448
f 4397/4397 4396/4396 4448/4448
f 4398/4398 4397/4397 4449/4449
f 4398/4398 4450/4450 4344/4344
f 4399/4399 4344/4344 4450/4450
f 4400/4400 4399/4399 4451/4451
f 4401/4401 4400/4400 4452/4452
f 4404/4404 4455/4455 4456/4456
f 4405/4405 4456/4456 4457/4457
f 4406/4406 4457/4457 4458/4458
f 4407/4407 4458/4458 4459/4459
f 4408/4408 4459/4459 4409/4409
f 4460/4460 4411/4411 4358/4358
f 4412/4412 4461/4461 4462/4462
f 4462/4462 4413/4413 4412/4412
f 4414/4414 4463/4463 4464/4464
f 4415/4415 4464/4464 4465/4465
f 4416/4416 4465/4465 4466/4466
f 4417/4417 4466/4466 4467/4467
f 4418/4418 4467/4467 4468/4468
f 4419/4419 4468/4468 4469/4469
f 4420/4420 4469/4469 4470/4470
f 4421/4421 4470/4470 4471/4471
f 4422/4422 4471/4471 4472/4472
f 4424/4424 4472/4472 6103/5919
f 4475/4475 4373/4373 4426/4426
f 6656/6435 4427/4427 4476/4476
f 6642/6421 5559/5416 4526/4526
f 5855/5695 5641/5498 5167/5045
f 5891/5722 5660/5517 6595/6379
f 5660/5517 4429/4429 5463/5330
f 5767/5618 4480/4480 4430/4430
f 4529/4529 5959/5790 4482/4482
f 4432/4432 4433/4433 6675/6453
f 4434/4434 4433/4433 4485/4485
f 4436/4436 4435/4435 4486/4486
f 4437/4437 4436/4436 4487/4487
f 4438/4438 4437/4437 4488/4488
f 4439/4439 4438/4438 4489/4489
f 4440/4440 4439/4439 4490/4490
f 4441/4441 4440/4440 4491/4491
f 4442/4442 4441/4441 4492/4492
f 4443/4443 4442/4442 4493/4493
f 4444/4444 4443/4443 4494/4494
f 4445/4445 4444/4444 4495/4495
f 4445/4445 4496/4496 4543/4543
f 4446/4446 4395/4395 4394/4394
f 4449/4449 4448/4448 4499/4499
f 4547/4547 4449/4449 4499/4499
f 4451/4451 4450/4450 4501/4501
f 4452/4452 4451/4451 4502/4502
f 4452/4452 4504/4504 4401/4401
f 4456/4456 4505/4505 4506/4506
f 4457/4457 4506/4506 4507/4507
f 4458/4458 4507/4507 4508/4508
f 4459/4459 4508/4508 4509/4509
f 4409/4409 4509/4509 4510/4510
f 4460/4460 4510/4510 4511/4511
f 4461/4461 6263/6062 4462/4462
f 4462/4462 6263/6062 4512/4512
f 4463/4463 4512/4512 6733/6509
f 4464/4464 4513/4513 4514/4514
f 4465/4465 4514/4514 4515/4515
f 4466/4466 4515/4515 4516/4516
f 4467/4467 4516/4516 4517/4517
f 4468/4468 4517/4517 4518/4518
f 4469/4469 4518/4518 4519/4519
f 4470/4470 4519/4519 4520/4520
f 4520/4520 6386/6179 4471/4471
f 4522/4522 6386/6179 4521/4521
f 4475/4475 4525/4525 4476/4476
f 4478/4478 6595/6379 4428/4428
f 4577/4577 4527/4527 5144/5022
f 5891/5722 4479/4479 5660/5517
f 4480/4480 5208/5086 4528/4528
f 4482/4482 4431/4431 4481/4481
f 4482/4482 5537/5396 4529/4529
f 4484/4484 4531/4531 6253/6055
f 4532/4532 4485/4485 6253/6055
f 4435/4435 6830/6599 4486/4486
f 4487/4487 4486/4486 4534/4534
f 4488/4488 4487/4487 4535/4535
f 4489/4489 4488/4488 4536/4536
f 4490/4490 4489/4489 4537/4537
f 4491/4491 4490/4490 4538/4538
f 4492/4492 4491/4491 4539/4539
f 4493/4493 4492/4492 4540/4540
f 4494/4494 4493/4493 4541/4541
f 4495/4495 4494/4494 4542/4542
f 4496/4496 4495/4495 4542/4542
f 4498/4498 4546/4546 4499/4499
f 4449/4449 4547/4547 4500/4500
f 4501/4501 4500/4500 4548/4548
f 4502/4502 4501/4501 4549/4549
f 4503/4503 4502/4502 4550/4550
f 4551/4551 4505/4505 4455/4455
f 4506/4506 4552/4552 4553/4553
f 4507/4507 4553/4553 4554/4554
f 4508/4508 4554/4554 4555/4555
f 4509/4509 4555/4555 4556/4556
f 4510/4510 4556/4556 4557/4557
f 4511/4511 4557/4557 4558/4558
f 6263/6062 4558/4558 4559/4559
f 6263/6062 4461/4461 4558/4558
f 4560/4560 4512/4512 6263/6062
f 4513/4513 6733/6509 4561/4561
f 4561/4561 4562/4562 4513/4513
f 4514/4514 4562/4562 4563/4563
f 4515/4515 4563/4563 4564/4564
f 4516/4516 4564/4564 4565/4565
f 4517/4517 4565/4565 4566/4566
f 4566/4566 4518/4518 4517/4517
f 4519/4519 4568/4568 4569/4569
f 4572/4572 4571/4571 6174/5987
f 5926/5757 5437/5304 4526/4526
f 4575/4575 5141/5019 6689/6466
f 4576/4576 4575/4575 4622/4622
f 4527/4527 4577/4577 5891/5722
f 5151/5029 4578/4578 4577/4577
f 4528/4528 5257/5131 4481/4481
f 4580/4580 5257/5131 5706/5562
f 4532/4532 6253/6055 4583/4583
f 4533/4533 4532/4532 4584/4584
f 4534/4534 4533/4533 4585/4585
f 4535/4535 4534/4534 4586/4586
f 4536/4536 4535/4535 4587/4587
f 4537/4537 4536/4536 4588/4588
f 4538/4538 4537/4537 4589/4589
f 4539/4539 4538/4538 4590/4590
f 4540/4540 4591/4591 4592/4592
f 4595/4595 4496/4496 4594/4594
f 4543/4543 6492/6280 4544/4544
f 4596/4596 6228/6031 4640/4640
f 4548/4548 4547/4547 4596/4596
f 4549/4549 4548/4548 4597/4597
f 4550/4550 4549/4549 4598/4598
f 6869/6628 4552/4552 4505/4505
f 4552/4552 4599/4599 4600/4600
f 4553/4553 4600/4600 4601/4601
f 4554/4554 4601/4601 4602/4602
f 4555/4555 4602/4602 4603/4603
f 4556/4556 4603/4603 4604/4604
f 4557/4557 4604/4604 4605/4605
f 4561/4561 4607/4607 4608/4608
f 4561/4561 4608/4608 4609/4609
f 4562/4562 4609/4609 4610/4610
f 4563/4563 4610/4610 4611/4611
f 4564/4564 4611/4611 4612/4612
f 4565/4565 4612/4612 4613/4613
f 4613/4613 4567/4567 4566/4566
f 4614/4614 4615/4615 4567/4567
f 4569/4569 6668/6447 4617/4617
f 4619/4619 4574/4574 5254/5128
f 5444/5311 5206/5084 4620/4620
f 5444/5311 5926/5757 5206/5084
f 5658/5515 6801/6575 5141/5019
f 5144/5022 4576/4576 4622/4622
f 5144/5022 5151/5029 4577/4577
f 5537/5396 4624/4624 5568/5425
f 6794/6568 4581/4581 5568/5425
f 4582/4582 4627/4627 4583/4583
f 4584/4584 4583/4583 4627/4627
f 4584/4584 6834/6600 4585/4585
f 4586/4586 4585/4585 4628/4628
f 4587/4587 4586/4586 4629/4629
f 4588/4588 4587/4587 4630/4630
f 4589/4589 4588/4588 4631/4631
f 4590/4590 4589/4589 4632/4632
f 4591/4591 4590/4590 4633/4633
f 4634/4634 4592/4592 4591/4591
f 6039/5861 4593/4593 4635/4635
f 4594/4594 6039/5861 4636/4636
f 4594/4594 4637/4637 4595/4595
f 4637/4637 5986/5811 4595/4595
f 4596/4596 4597/4597 4548/4548
f 4642/4642 4598/4598 4597/4597
f 4600/4600 4643/4643 4644/4644
f 4601/4601 4644/4644 4645/4645
f 4602/4602 4645/4645 4646/4646
f 4603/4603 4646/4646 4647/4647
f 4604/4604 4647/4647 4648/4648
f 4649/4649 4648/4648 6308/6104
f 4606/4606 4649/4649 6653/6432
f 6653/6432 6230/6033 4606/4606
f 6230/6033 4650/4650 4608/4608
f 4608/4608 4650/4650 4651/4651
f 4609/4609 4651/4651 4652/4652
f 4610/4610 4652/4652 4653/4653
f 4611/4611 4653/4653 4654/4654
f 4612/4612 4654/4654 4655/4655
f 4614/4614 4656/4656 4615/4615
f 5791/5638 4616/4616 6454/6242
f 5493/5356 6405/6197 4660/4660
f 5705/5561 4619/4619 5254/5128
f 5705/5561 4620/4620 4619/4619
f 4661/4661 5444/5311 4620/4620
f 5892/5723 5640/5497 4621/4621
f 5605/5462 5439/5306 5151/5029
f 5707/5563 6854/6614 5922/5753
f 4625/4625 6059/5881 6794/6568
f 4627/4627 6240/6042 6834/6600
f 4672/4672 6834/6600 4671/4671
f 4629/4629 4628/4628 4672/4672
f 4631/4631 4630/4630 4674/4674
f 4632/4632 4631/4631 4675/4675
f 4632/4632 4633/4633 4590/4590
f 6440/6228 4633/4633 4676/4676
f 4677/4677 4634/4634 6440/6228
f 6039/5861 5838/5678 4636/4636
f 4679/4679 4637/4637 4636/4636
f 4680/4680 6182/5991 6387/6180
f 4682/4682 4639/4639 6182/5991
f 4641/4641 4640/4640 4682/4682
f 4684/4684 4641/4641 4682/4682
f 4644/4644 4685/4685 4711/4711
f 4646/4646 4686/4686 4687/4687
f 4646/4646 4687/4687 4647/4647
f 6308/6104 5588/5445 6653/6432
f 4689/4689 6308/6104 4688/4688
f 6000/5825 4650/4650 6230/6033
f 4650/4650 6491/6279 4690/4690
f 4652/4652 4690/4690 4691/4691
f 4653/4653 4691/4691 4692/4692
f 4654/4654 4692/4692 4693/4693
f 4655/4655 4693/4693 4694/4694
f 4694/4694 4656/4656 4614/4614
f 4696/4696 4657/4657 6454/6242
f 4659/4659 4698/4698 4660/4660
f 5363/5237 6245/6047 4663/4663
f 5605/5462 6759/6535 5896/5727
f 5164/5042 4665/4665 5676/5533
f 5218/5096 4665/4665 5677/5534
f 4667/4667 4624/4624 5707/5563
f 4670/4670 4669/4669 4701/4701
f 4671/4671 4702/4702 4731/4731
f 4672/4672 4671/4671 4703/4703
f 4673/4673 4672/4672 4703/4703
f 6879/6636 4705/4705 4674/4674
f 4675/4675 4674/4674 4706/4706
f 4676/4676 4675/4675 4707/4707
f 6332/6128 5586/5443 5838/5678
f 5586/5443 6219/6022 4678/4678
f 4683/4683 4682/4682 6182/5991
f 4686/4686 4711/4711 4744/4744
f 4687/4687 4712/4712 6722/6498
f 4714/4714 6491/6279 6000/5825
f 4715/4715 4716/4716 6491/6279
f 4690/4690 4716/4716 4717/4717
f 4691/4691 4717/4717 4718/4718
f 4692/4692 4718/4718 4719/4719
f 4693/4693 4719/4719 4720/4720
f 4695/4695 4720/4720 6629/6408
f 4721/4721 4723/4723 4697/4697
f 5709/5565 5940/5771 4724/4724
f 5920/5751 6373/6167 5215/5093
f 5400/5267 5643/5500 5366/5240
f 4664/4664 6247/6049 6759/6535
f 6759/6535 5873/5710 5404/5271
f 5218/5096 5677/5534 4728/4728
f 5830/5670 5494/5357 4729/4729
f 4671/4671 4731/4731 4703/4703
f 4704/4704 4703/4703 4732/4732
f 4734/4734 4705/4705 4704/4704
f 4707/4707 4735/4735 4736/4736
f 4708/4708 4736/4736 4737/4737
f 4739/4739 6332/6128 6220/6023
f 4741/4741 6108/5924 4740/4740
f 5579/5436 4679/4679 6219/6022
f 6020/5844 4781/4781 4681/4681
f 4746/4746 6691/6468 4782/4782
f 4747/4747 6302/6099 5958/5789
f 6816/6590 4714/4714 6302/6099
f 4716/4716 4748/4748 4749/4749
f 4717/4717 4749/4749 4750/4750
f 4718/4718 4750/4750 4751/4751
f 4719/4719 4751/4751 4752/4752
f 4720/4720 4752/4752 6291/6088
f 6629/6408 6291/6088 4753/4753
f 4722/4722 4754/4754 4755/4755
f 4723/4723 4755/4755 5263/5137
f 4757/4757 5163/5041 5920/5751
f 5403/5270 5643/5500 5900/5731
f 5643/5500 4760/4760 5366/5240
f 5627/5484 5096/4974 4726/4726
f 5873/5710 4764/4764 4765/4765
f 5677/5534 5160/5038 4728/4728
f 4728/4728 5451/5318 4729/4729
f 6567/6352 6400/6192 4731/4731
f 4733/4733 4770/4770 4771/4771
f 4734/4734 4704/4704 4772/4772
f 4735/4735 4734/4734 4773/4773
f 4774/4774 4735/4735 4773/4773
f 4737/4737 4776/4776 4738/4738
f 6107/5923 6104/5920 4738/4738
f 4742/4742 4779/4779 4780/4780
f 6722/6498 6691/6468 6568/6353
f 4746/4746 4782/4782 4783/4783
f 6121/5937 4784/4784 4747/4747
f 4748/4748 4785/4785 4786/4786
f 4786/4786 4749/4749 4748/4748
f 4750/4750 4787/4787 4788/4788
f 4751/4751 4788/4788 4789/4789
f 4752/4752 4790/4790 6291/6088
f 6291/6088 6086/5902 4753/4753
f 6086/5902 4754/4754 4753/4753
f 4792/4792 4755/4755 4754/4754
f 5263/5137 5731/5587 5499/5362
f 4793/4793 5700/5556 4757/4757
f 5683/5540 5316/5190 6094/5910
f 5669/5526 5898/5729 4761/4761
f 5656/5513 5898/5729 4794/4794
f 4764/4764 4763/4763 6632/6411
f 5682/5539 4727/4727 4765/4765
f 5160/5038 5451/5318 4728/4728
f 5703/5559 5451/5318 4795/4795
f 6400/6192 4797/4797 4769/4769
f 4774/4774 4773/4773 4801/4801
f 4775/4775 4774/4774 4802/4802
f 4776/4776 4803/4803 4804/4804
f 6107/5923 4776/4776 4804/4804
f 4805/4805 6216/6019 4778/4778
f 6216/6019 5587/5444 4779/4779
f 6005/5830 4809/4809 4785/4785
f 4786/4786 4809/4809 4810/4810
f 4786/4786 4810/4810 4811/4811
f 4787/4787 4786/4786 4811/4811
f 4788/4788 4813/4813 4789/4789
f 4789/4789 4813/4813 4814/4814
f 5233/5111 6703/6480 4792/4792
f 6753/6529 5316/5190 5700/5556
f 6232/6035 5310/5184 4819/4819
f 5043/4931 4794/4794 5898/5729
f 5311/5185 6632/6411 5044/4932
f 5311/5185 6244/6046 5915/5746
f 5160/5038 6756/6532 4795/4795
f 5314/5188 6756/6532 6244/6046
f 5086/4964 5703/5559 4795/4795
f 5703/5559 5386/5253 4796/4796
f 6692/6469 5052/4937 4823/4823
f 4769/4769 5259/5133 4771/4771
f 4799/4799 4827/4827 4800/4800
f 4801/4801 4800/4800 4827/4827
f 4802/4802 4801/4801 4828/4828
f 4803/4803 4802/4802 4829/4829
f 4830/4830 6475/6263 4804/4804
f 5575/5432 5814/5657 4805/4805
f 4808/4808 4831/4831 4809/4809
f 6503/6291 4810/4810 4831/4831
f 4810/4810 4832/4832 4811/4811
f 4812/4812 4832/4832 4858/4858
f 4815/4815 4834/4834 4861/4861
f 4835/4835 4815/4815 4861/4861
f 5945/5776 6677/6455 4837/4837
f 4839/4839 6018/5842 4838/4838
f 6035/5857 6094/5910 4840/4840
f 6035/5857 4819/4819 5310/5184
f 6097/5913 6251/6053 4841/4841
f 4844/4844 6724/6500 5044/4932
f 6724/6500 6130/5946 5311/5185
f 5086/4964 6093/5909 5987/5812
f 4822/4822 4823/4823 5052/4937
f 4848/4848 4823/4823 5675/5532
f 5259/5133 6676/6454 4825/4825
f 4828/4828 4827/4827 4852/4852
f 4829/4829 4828/4828 4853/4853
f 6292/6089 4854/4854 4855/4855
f 6292/6089 4855/4855 4830/4830
f 4855/4855 4856/4856 4830/4830
f 4857/4857 4832/4832 6503/6291
f 4857/4857 4858/4858 4832/4832
f 4833/4833 4858/4858 4859/4859
f 4834/4834 4859/4859 4860/4860
f 6485/6273 4835/4835 4861/4861
f 4836/4836 5945/5776 4837/4837
f 6053/5875 6677/6455 5930/5761
f 5650/5507 4839/4839 4863/4863
f 5650/5507 5878/5713 4840/4840
f 5632/5489 5878/5713 4864/4864
f 4819/4819 6251/6053 6097/5913
f 4845/4845 4843/4843 5619/5476
f 4846/4846 6724/6500 5634/5491
f 4847/4847 4870/4870 6093/5909
f 5396/5263 4872/4872 5933/5764
f 4849/4849 4848/4848 5539/5398
f 4849/4849 5539/5398 4850/4850
f 4875/4875 4851/4851 4874/4874
f 4852/4852 4826/4826 4875/4875
f 4853/4853 4852/4852 4876/4876
f 4854/4854 4853/4853 4877/4877
f 4878/4878 4854/4854 4877/4877
f 4859/4859 4879/4879 4880/4880
f 4860/4860 4880/4880 4881/4881
f 6254/6056 6485/6273 4861/4861
f 6485/6273 6254/6056 5299/5173
f 4883/4883 5945/5776 4862/4862
f 4884/4884 5680/5537 5178/5056
f 5134/5012 5383/5250 5650/5507
f 4865/4865 5620/5477 6251/6053
f 4842/4842 4866/4866 5619/5476
f 5877/5712 4869/4869 4847/4847
f 4871/4871 4891/4891 4872/4872
f 4891/4891 5933/5764 4872/4872
f 5128/5006 6705/6482 5396/5263
f 4874/4874 4895/4895 4875/4875
f 4876/4876 4895/4895 4896/4896
f 4877/4877 4876/4876 4896/4896
f 6372/6166 4900/4900 5410/5277
f 6372/6166 4884/4884 4900/4900
f 4885/4885 4902/4902 5134/5012
f 6030/5852 4887/4887 4903/4903
f 4905/4905 6363/6157 4904/4904
f 4866/4866 6363/6157 4867/4867
f 4892/4892 6643/6422 4910/4910
f 4893/4893 6465/6253 4892/4892
f 6163/5977 4900/4900 6604/6386
f 4901/4901 4913/4913 4902/4902
f 4914/4914 5648/5505 4902/4902
f 6518/6306 4903/4903 5331/5205
f 5323/5197 4904/4904 4888/4888
f 4905/4905 4906/4906 5871/5708
f 6203/6007 5108/4986 4906/4906
f 4907/4907 4908/4908 4890/4890
f 4908/4908 4909/4909 4891/4891
f 4744/4744 4711/4711 5021/6679
f 5025/6802 196/196 238/238
f 4230/4230 4350/4350 5026/6864
f 1718/1718 4962/6727 6515/6303
f 4882/4882 4990/6665 4897/4897
f 4894/4894 4998/6889 4999/6888
f 3243/3243 3170/3170 5028/4922
f 5028/4922 4971/6704 6882/6638
f 126/126 5963/6798 5030/6797
f 6121/5937 5964/6675 5031/6674
f 6395/6187 5962/6736 5032/6735
f 5983/5808 5033/6859 3870/3870
f 6673/6451 4966/6718 4967/6717
f 3/3 4945/6775 4946/6774
f 4968/6714 4969/6713 2603/2603
f 7/7 5555/6779 6/6
f 4994/6655 4915/4915 4993/6656
f 4922/6838 4923/6837 2392/2392
f 4917/4917 4996/6651 6203/6007
f 4987/6672 5034/6671 4831/4831
f 6672/6450 3005/3005 5304/5178
f 5037/4925 1464/1464 1463/1463
f 5037/4925 1530/1530 1531/1531
f 5038/4926 2405/2405 2358/2358
f 2449/2449 5306/5180 6627/6406
f 2469/2469 2470/2470 6657/6436
f 2520/2520 5308/5182 2469/2469
f 3496/3496 3572/3572 5063/4941
f 6131/5947 4794/4794 5043/4931
f 2419/2419 5305/5179 5041/4929
f 5313/5187 3007/3007 3071/3071
f 6744/6520 5320/5194 2525/2525
f 5319/5193 6744/6520 2526/2526
f 2660/2660 2599/2599 2659/2659
f 5045/6792 50/50 69/69
f 1567/1567 1426/1426 5046/6730
f 5047/6854 3535/3535 3534/3534
f 4988/6669 4879/4879 4857/4857
f 2342/2342 5317/5191 6551/6338
f 5350/5224 2704/2704 2770/2770
f 3008/3008 5313/5187 5048/4933
f 3068/3068 6449/6237 3001/3001
f 2224/2224 5050/4935 2274/2274
f 5050/4935 6013/5838 5312/5186
f 2537/2537 6516/6304 2536/2536
f 5323/5197 4888/4888 6030/5852
f 5323/5197 4916/4916 4904/4904
f 5051/4936 2435/2435 5327/5201
f 5051/4936 2487/2487 5325/5199
f 3904/3904 3841/3841 6008/5833
f 2523/2523 2473/2473 2472/2472
f 4796/4796 5052/4937 4767/4767
f 5053/6865 4402/4402 5010/6866
f 5054/6750 239/239 4952/6751
f 5055/6742 585/585 4955/6743
f 4929/6812 698/698 5057/6813
f 5058/6680 4685/4685 4985/6681
f 5059/6804 279/279 4933/6805
f 5060/4938 1314/1314 1388/1388
f 5060/4938 1463/1463 1389/1389
f 5061/4939 2500/2500 5665/5522
f 5603/5460 499/499 443/443
f 6095/5911 5380/5247 2493/2493
f 5661/5518 5663/5520 5407/5274
f 5866/5703 5382/5249 4428/4428
f 5065/4943 5884/5719 6484/6272
f 5065/4943 2518/2518 6509/6297
f 3133/3133 3203/3203 5066/4944
f 5066/4944 3279/3279 3280/3280
f 5067/4945 2443/2443 5391/5258
f 6403/6195 6145/5961 5067/4945
f 669/669 729/729 670/670
f 728/728 795/795 5340/5214
f 2445/2445 2444/2444 5068/4946
f 6034/5856 5068/4946 5352/5226
f 1683/1683 1756/1756 5334/5208
f 5653/5510 6447/6235 1755/1755
f 2451/2451 2452/2452 2407/2407
f 6357/6151 2491/2491 5629/5486
f 4261/4261 4262/4262 5928/5759
f 2476/2476 2477/2477 2428/2428
f 5071/4949 2401/2401 2494/2494
f 2495/2495 2496/2496 5071/4949
f 5924/5755 862/862 921/921
f 984/984 983/983 5342/5216
f 6249/6051 1244/1244 5765/5616
f 5072/4950 5699/5555 5317/5191
f 6203/6007 5645/5502 5108/4986
f 5075/4953 2542/2542 2490/2490
f 2456/2456 2457/2457 2411/2411
f 6397/6189 5614/5471 2151/2151
f 4025/4025 3962/3962 5202/5080
f 5077/4955 5612/5469 6479/6267
f 6298/6095 2497/2497 5903/5734
f 5079/4957 5668/5525 6037/5859
f 5079/4957 6147/5963 3780/3780
f 5080/4958 2471/2471 5347/5221
f 5081/4959 2666/2666 2604/2604
f 2735/2735 2736/2736 5081/4959
f 5623/5480 2766/2766 2698/2698
f 5082/4960 2465/2465 5626/5483
f 5082/4960 2515/2515 5346/5220
f 2372/2372 2371/2371 5611/5468
f 2462/2462 6115/5931 2512/2512
f 6483/6271 6209/6013 6819/6657
f 2534/2534 2601/2601 2535/2535
f 5344/5218 4842/4842 5620/5477
f 5084/4962 2571/2571 2634/2634
f 2463/2463 2464/2464 2415/2415
f 19/19 6716/6492 6205/6009
f 5086/4964 4795/4795 5314/5188
f 2268/2268 6227/6030 2216/2216
f 5697/5553 2404/2404 2357/2357
f 5368/5242 5345/5219 2881/2881
f 5782/5633 1608/1608 5565/5422
f 5088/4966 2544/2544 6128/5944
f 219/219 220/220 182/182
f 5090/4968 5339/5213 2488/2488
f 5090/4968 5356/5230 2606/2606
f 61/61 6521/6308 5091/4969
f 5092/4970 6137/5953 2347/2347
f 5093/4971 2536/2536 5635/5492
f 2535/2535 2601/2601 6836/6601
f 2432/2432 5357/5231 5633/5490
f 4887/4887 5344/5218 5620/5477
f 2370/2370 2413/2413 6025/5847
f 2373/2373 5607/5464 2323/2323
f 2633/2633 2569/2569 2632/2632
f 5418/5285 2450/2450 2501/2501
f 5334/5208 1607/1607 1531/1531
f 2383/2383 6511/6299 2382/2382
f 2711/2711 2581/2581 5836/5676
f 3498/3498 5094/4972 5696/5552
f 5095/4973 5335/5209 2437/2437
f 144/144 5809/5652 113/113
f 113/113 6028/5850 143/143
f 4763/4763 4726/4726 5096/4974
f 2598/2598 6360/6154 6706/6483
f 5097/4975 2430/2430 5872/5709
f 4725/4725 4761/4761 4762/4762
f 5335/5209 6572/6357 5098/4976
f 82/82 6028/5850 83/83
f 2574/2574 2636/2636 2575/2575
f 2267/2267 5102/4980 2321/2321
f 5103/4981 2568/2568 5850/5690
f 2694/2694 5103/4981 2630/2630
f 60/60 38/38 6138/5954
f 19/19 6138/5954 38/38
f 2347/2347 2348/2348 5381/5248
f 6096/5912 85/85 63/63
f 2606/2606 2605/2605 6248/6050
f 4865/4865 4864/4864 5106/4984
f 5107/4985 2344/2344 5633/5490
f 5613/5470 5362/5236 5606/5463
f 4623/4623 4664/4664 5605/5462
f 4575/4575 6689/6466 4622/4622
f 5640/5497 4663/4663 6689/6466
f 2480/2480 5613/5470 5109/4987
f 2564/2564 2565/2565 2507/2507
f 2411/2411 5111/4989 2456/2456
f 2490/2490 2544/2544 5337/5211
f 5112/4990 3074/3074 3013/3013
f 5113/4991 5618/5475 5865/5702
f 397/397 444/444 445/445
f 2397/2397 2439/2439 5114/4992
f 6865/6624 5617/5474 395/395
f 6362/6156 2879/2879 5364/5238
f 2638/2638 5982/5807 2575/2575
f 6140/5956 2826/2826 2825/2825
f 5616/5473 5659/5516 2429/2429
f 2700/2700 2768/2768 2701/2701
f 2367/2367 5370/5244 2320/2320
f 4885/4885 6372/6166 4901/4901
f 4901/4901 4912/4912 4913/4913
f 6250/6052 6760/6536 5646/5503
f 301/301 259/259 258/258
f 2545/2545 2610/2610 2546/2546
f 5630/5487 303/303 261/261
f 5672/5529 6343/6139 2187/2187
f 5881/5716 2909/2909 6378/6845
f 5120/4998 2739/2739 2740/2740
f 4664/4664 5363/5237 6247/6049
f 2597/2597 5606/5463 2657/2657
f 2851/2851 2850/2850 2910/2910
f 2158/2158 2223/2223 2224/2224
f 5121/4999 5642/5499 5872/5709
f 5643/5500 4759/4759 4760/4760
f 5874/5711 6633/6412 5367/5241
f 4147/4147 5688/5544 5318/5192
f 2647/2647 2590/2590 2589/2589
f 2550/2550 2551/2551 6145/5961
f 5390/5257 612/612 6294/6091
f 556/556 611/611 557/557
f 556/556 555/555 610/610
f 2398/2398 5315/5189 5391/5258
f 5123/5001 5349/5223 3072/3072
f 5124/5002 5742/5598 3044/3044
f 5718/5574 5394/5261 5125/5003
f 2504/2504 2505/2505 5610/5467
f 5852/5692 2505/2505 2504/2504
f 2408/2408 2454/2454 2409/2409
f 6316/6112 5126/5004 5671/5528
f 1969/1969 5609/5466 1899/1899
f 3042/3042 5127/5005 6044/5866
f 3041/3041 5395/5262 5127/5005
f 6643/6422 6465/6253 5128/5006
f 5933/5764 5128/5006 5396/5263
f 5336/5210 4320/4320 5599/5456
f 6296/6093 5762/5613 2650/2650
f 5130/5008 6148/5964 4319/4319
f 2737/2737 2738/2738 6588/6372
f 2247/2247 6536/6323 5132/5010
f 2823/2823 2764/2764 6021/5845
f 2324/2324 2325/2325 6032/5854
f 2294/2294 2184/2184 5133/5011
f 5135/5013 395/395 347/347
f 2397/2397 6368/6162 5136/5014
f 6368/6162 2350/2350 5136/5014
f 2031/2031 2092/2092 2032/2032
f 6727/6503 5392/5259 5139/5017
f 5658/5515 5141/5019 5329/5203
f 4621/4621 6801/6575 5149/5027
f 5659/5516 5328/5202 5142/5020
f 2219/2219 5841/5681 2154/2154
f 2827/2827 2769/2769 2768/2768
f 2212/2212 2266/2266 2213/2213
f 3045/3045 3044/3044 5744/5600
f 89/89 5420/5287 119/119
f 5146/5024 2879/2879 2878/2878
f 5558/5415 5147/5025 3008/3008
f 863/863 5340/5214 862/862
f 6765/6541 6258/6060 861/861
f 116/116 184/184 6539/6326
f 2741/2741 2742/2742 2669/2669
f 2189/2189 2248/2248 5910/5741
f 177/177 5894/5725 141/141
f 5444/5311 5892/5723 5149/5027
f 262/262 222/222 5427/5294
f 2744/2744 2743/2743 5433/5300
f 2301/2301 6730/6506 2398/2398
f 559/559 558/558 6294/6091
f 5457/5324 5947/5778 5153/5031
f 5153/5031 2182/2182 5385/5252
f 2272/2272 2156/2156 2221/2221
f 5156/5034 6032/5854 2325/2325
f 2091/2091 2148/2148 5598/5455
f 81/81 5158/5036 109/109
f 2188/2188 6429/6218 5159/5037
f 2791/2791 6265/6064 2792/2792
f 5700/5556 5163/5041 4757/4757
f 5164/5042 5404/5271 5899/5730
f 5402/5269 2789/2789 2728/2728
f 5906/5737 2800/2800 2740/2740
f 5455/5322 2800/2800 5906/5737
f 6715/6491 65/65 6367/6161
f 5449/5316 5900/5731 4661/4661
f 2341/2341 5401/5268 5165/5043
f 5431/5298 5880/5715 5166/5044
f 2595/2595 2594/2594 2653/2653
f 5420/5287 152/152 153/153
f 5170/5048 5427/5294 6535/6322
f 2745/2745 2611/2611 2672/2672
f 2746/2746 2745/2745 2803/2803
f 2249/2249 5172/5050 5844/5684
f 6310/6106 3202/3202 5441/5308
f 1972/1972 1973/1973 6269/6068
f 2627/2627 2628/2628 2562/2562
f 6042/5864 2627/2627 2690/2690
f 6697/6474 498/498 6594/6378
f 2674/2674 2548/2548 2613/2613
f 2361/2361 5442/5309 2407/2407
f 35/35 56/56 36/36
f 6269/6068 6442/6230 5853/5693
f 5177/5055 2122/2122 5465/5332
f 5715/5571 5178/5056 5930/5761
f 2828/2828 5597/5454 5908/5739
f 4871/4871 4890/4890 4891/4891
f 2963/2963 6379/6172 2962/2962
f 794/794 6272/6071 793/793
f 6333/6129 5182/5060 2060/2060
f 4900/4900 6163/5977 5410/5277
f 3038/3038 3092/3092 3093/3093
f 5689/5545 6731/6507 5183/5061
f 4768/4768 4730/4730 6630/6409
f 5184/5062 4964/6723 2061/2061
f 6416/6206 6428/6769 5518/6768
f 5185/5063 6450/6238 2429/2429
f 5660/5517 4479/4479 4429/4429
f 6507/6295 4145/4145 4201/4201
f 5734/5590 5188/5066 5480/5343
f 2591/2591 2592/2592 2528/2528
f 1682/1682 6764/6540 5653/5510
f 6701/6478 6452/6240 5565/5422
f 1828/1828 5191/5069 1757/1757
f 6381/6174 2560/2560 5889/5720
f 2624/2624 2687/2687 5192/5070
f 3065/3065 3066/3066 2998/2998
f 2158/2158 6651/6430 2097/2097
f 2612/2612 6418/6208 2613/2613
f 2748/2748 2747/2747 5931/5762
f 399/399 6264/6063 6371/6165
f 400/400 446/446 6815/6589
f 3352/3352 3425/3425 5407/5274
f 2421/2421 5408/5275 2422/2422
f 5194/5072 5690/5546 2251/2251
f 5194/5072 5447/5314 6368/6162
f 3353/3353 3426/3426 5604/5461
f 2385/2385 2386/2386 2333/2333
f 3842/3842 5196/5074 3905/3905
f 5458/5325 2877/2877 2822/2822
f 2090/2090 2029/2029 2089/2089
f 6377/6171 256/256 215/215
f 5197/5075 2802/2802 5433/5300
f 609/609 667/667 553/553
f 5232/5110 5199/5077 2302/2302
f 612/612 6556/6343 613/613
f 5200/5078 2551/2551 5429/5296
f 5201/5079 2426/2426 5414/5281
f 2589/2589 2590/2590 2526/2526
f 5929/5760 4026/4026 3964/3964
f 6559/6346 2063/2063 2126/2126
f 117/117 151/151 118/118
f 2801/2801 5205/5083 2853/2853
f 2788/2788 2844/2844 5860/5697
f 981/981 5466/5333 982/982
f 2289/2289 2290/2290 2241/2241
f 5206/5084 4619/4619 4620/4620
f 5207/5085 5856/5696 2725/2725
f 4480/4480 4528/4528 4481/4481
f 2554/2554 5903/5734 2496/2496
f 5209/5087 2686/2686 5416/5283
f 6337/6133 1533/1533 1532/1532
f 2712/2712 2711/2711 2773/2773
f 3574/3574 3499/3499 5210/5088
f 6808/6582 6470/6258 5211/5089
f 3493/3493 5944/5775 3422/3422
f 6317/6113 6494/6282 5508/5371
f 6771/6546 1174/1174 1175/1175
f 1173/1173 1111/1111 5772/5623
f 2180/2180 2181/2181 6401/6193
f 2181/2181 6650/6429 2242/2242
f 6757/6533 5773/5624 2621/2621
f 2338/2338 2337/2337 5480/5343
f 5480/5343 5600/5457 2338/2338
f 1901/1901 6393/6185 5694/5550
f 5481/5344 2651/2651 2650/2650
f 5217/5095 4322/4322 4263/4263
f 5217/5095 6011/5836 4321/4321
f 2845/2845 2904/2904 5869/5706
f 5860/5697 2960/2960 2845/2845
f 5763/5614 2262/2262 2315/2315
f 1897/1897 6550/6337 5450/5317
f 1897/1897 5713/5569 1967/1967
f 3641/3641 6601/6383 3709/3709
f 3779/3779 5563/5420 5483/5346
f 2643/2643 2584/2584 5475/5338
f 5221/5099 3202/3202 3201/3201
f 5602/5459 5221/5099 3278/3278
f 2379/2379 6773/6548 2380/2380
f 2641/2641 2708/2708 6318/6114
f 2708/2708 6589/6373 2707/2707
f 2120/2120 2121/2121 5732/5588
f 4724/4724 4756/4756 4757/4757
f 6046/5868 5223/5101 6275/6074
f 4729/4729 5451/5318 4766/4766
f 6240/6042 4702/4702 4671/4671
f 3037/3037 6497/6285 5224/5102
f 3041/3041 6340/6136 2963/2963
f 108/108 5158/5036 6640/6419
f 107/107 79/79 106/106
f 46/46 6156/5971 11/11
f 2910/2910 5517/6708 6136/5952
f 5229/5107 2191/2191 5729/5585
f 6049/5871 298/298 341/341
f 5230/5108 2036/2036 2035/2035
f 6552/6339 5230/5108 2095/2095
f 2821/2821 6309/6105 5231/5109
f 6870/6629 2802/2802 2914/2914
f 2780/2780 2720/2720 2719/2719
f 560/560 561/561 503/503
f 2675/2675 6157/5972 6376/6170
f 355/355 264/264 307/307
f 354/354 5504/5367 355/355
f 5474/5337 6638/6417 2974/2974
f 5232/5110 5478/5341 2301/2301
f 4791/4791 4792/4792 4754/4754
f 6380/6173 1859/1859 6563/6349
f 2006/2006 5457/5324 5234/5112
f 6555/6342 14/14 34/34
f 33/33 54/54 34/34
f 2007/2007 6490/6278 1933/1933
f 4883/4883 5715/5571 5945/5776
f 5236/5114 2209/2209 2264/2264
f 5236/5114 6168/5982 2086/2086
f 2338/2338 6682/6460 6717/6493
f 5520/5379 4375/4375 4317/4317
f 6789/6563 5846/5686 6167/5981
f 5238/5116 2303/2303 2353/2353
f 6166/5980 2679/2679 5845/5685
f 5241/6725 1863/1863 1790/1790
f 4911/4911 6777/6552 4997/6890
f 5244/5118 1758/1758 1685/1685
f 6393/6185 1829/1829 5244/5118
f 6579/6364 2688/2688 2687/2687
f 5245/5119 1824/1824 1754/1754
f 5245/5119 5723/5579 1679/1679
f 6329/6125 6165/5979 2261/2261
f 2260/2260 2313/2313 2261/2261
f 4581/4581 6059/5881 4582/4582
f 496/496 6508/6296 497/497
f 439/439 393/393 342/342
f 6569/6354 401/401 5990/5815
f 401/401 448/448 5990/5815
f 5486/5349 3136/3136 3135/3135
f 2225/2225 2276/2276 5522/5381
f 2996/2996 5528/5387 6271/6070
f 6813/6587 1978/1978 1977/1977
f 2615/2615 2677/2677 2678/2678
f 726/726 792/792 6272/6071
f 1976/1976 2036/2036 5496/5359
f 2876/2876 2933/2933 2934/2934
f 5527/5386 6480/6268 2064/2064
f 1938/1938 5939/5770 5251/5125
f 139/139 174/174 140/140
f 5253/5127 6424/6214 1242/1242
f 1246/1246 1318/1318 1247/1247
f 5254/5128 4574/4574 4573/4573
f 6068/5889 2119/2119 2057/2057
f 4624/4624 4580/4580 5707/5563
f 6692/6469 5259/5133 4769/4769
f 2709/2709 2772/2772 2710/2710
f 5491/5354 3282/3282 6047/5869
f 3351/3351 3422/3422 3423/3423
f 2277/2277 5490/5353 2327/2327
f 4698/4698 5940/5771 4660/4660
f 2004/2004 2005/2005 1930/1930
f 5262/5136 6407/6199 5500/5363
f 5263/5137 6408/6200 4723/4723
f 4755/4755 5948/5779 5263/5137
f 106/106 79/79 78/78
f 1941/1941 2065/2065 2009/2009
f 3074/3074 3209/3209 3141/3141
f 4484/4484 4530/4530 4531/4531
f 5513/5376 5267/5141 2195/2195
f 1903/1903 6279/6077 6544/6331
f 3843/3843 6409/6201 3844/3844
f 3906/3906 3842/3842 3905/3905
f 2333/2333 6671/6449 2332/2332
f 1599/1599 1459/1459 5553/5411
f 2142/2142 2205/2205 2143/2143
f 2818/2818 2760/2760 5967/5793
f 2819/2819 5548/5406 5269/5143
f 1467/1467 5797/5644 5270/5144
f 3964/3964 5272/5146 3965/3965
f 2779/2779 2718/2718 2836/2836
f 2778/2778 2717/2717 2777/2777
f 2208/2208 5741/5597 5724/5580
f 5273/5147 3960/3960 3903/3903
f 4023/4023 5736/5592 5273/5147
f 2234/2234 6782/6557 2235/2235
f 5502/5365 2334/2334 5720/5576
f 5275/5149 988/988 987/987
f 1051/1051 5534/5393 5275/5149
f 2753/2753 6256/6058 6580/6365
f 2163/2163 2164/2164 2103/2103
f 5276/5150 5595/5452 6438/6226
f 6170/5984 6411/6203 3501/3501
f 4207/4207 6289/6086 4208/4208
f 4260/4260 4200/4200 4258/4258
f 6878/6635 6788/6562 47/47
f 5277/5151 5742/5598 3097/3097
f 2682/2682 2683/2683 5773/5624
f 6303/6100 2682/2682 5535/5394
f 2160/2160 6072/5893 2099/2099
f 2226/2226 5522/5381 5278/5152
f 2888/2888 6312/6108 2887/2887
f 3207/3207 6738/6514 3208/3208
f 608/608 6745/6521 665/665
f 3782/3782 3711/3711 5280/5154
f 2714/2714 2775/2775 5998/5823
f 2331/2331 5999/5824 2279/2279
f 2860/2860 2859/2859 5552/5410
f 3421/3421 3351/3351 6241/6043
f 451/451 506/506 5282/5156
f 563/563 5547/5405 5282/5156
f 2061/2061 5119/4997 6343/6139
f 5284/5158 53/53 5554/5412
f 1932/1932 1787/1787 1860/1860
f 4835/4835 4836/4836 4817/4817
f 2028/2028 1963/1963 5957/5788
f 5285/5159 2901/2901 2838/2838
f 6575/6360 67/67 90/90
f 5546/5404 6575/6360 119/119
f 5529/5388 5288/5162 1832/1832
f 6590/6374 552/552 495/495
f 2858/2858 2857/2857 5291/5165
f 6658/6437 924/924 925/925
f 4257/4257 4199/4199 6003/5828
f 5293/5167 2839/2839 6455/6243
f 1939/1939 1869/1869 1868/1868
f 6732/6508 253/253 212/212
f 4483/4483 4381/4381 4380/4380
f 2956/2956 3090/3090 3034/3034
f 3156/3156 6306/6102 5556/5413
f 5956/5787 6739/6515 3099/3099
f 6061/5883 5296/5170 154/154
f 5728/5584 6180/5989 1719/1719
f 4431/4431 4379/4379 4378/4378
f 5298/5172 2992/2992 6837/6602
f 1753/1753 1752/1752 1822/1822
f 6069/5890 4523/4523 6506/6294
f 6695/6472 5548/5406 5800/5647
f 5300/5174 3078/3078 3020/3020
f 5301/5175 3504/3504 6077/5898
f 1722/1722 1867/1867 1793/1793
f 5547/5405 618/618 6804/6578
f 2815/2815 2816/2816 2757/2757
f 3073/3073 3139/3139 3140/3140
f 5712/5568 3138/3138 3073/3073
f 2887/2887 2939/2939 2888/2888
f 3070/3070 3006/3006 5036/4924
f 5305/5179 2466/2466 5035/4923
f 4820/4820 5656/5513 4794/4794
f 5670/5527 6734/6510 2389/2389
f 5813/5656 6734/6510 5040/4928
f 6627/6406 5038/4926 5307/5181
f 1464/1464 1465/1465 6772/6547
f 1607/1607 6680/6458 1531/1531
f 5307/5181 2404/2404 2449/2449
f 1530/1530 5037/4925 1462/1462
f 5308/5182 2582/2582 2521/2521
f 5308/5182 2520/2520 2581/2581
f 5039/4927 5902/5733 5348/5222
f 2382/2382 6657/6436 2424/2424
f 2725/2725 6540/6327 2654/2654
f 5914/5745 2389/2389 5309/5183
f 5310/5184 5913/5744 5683/5540
f 6094/5910 5310/5184 5683/5540
f 5311/5185 5044/4932 6724/6500
f 3002/3002 6449/6237 3003/3003
f 1898/1898 1899/1899 1826/1826
f 5126/5004 6316/6112 2452/2452
f 5610/5467 2452/2452 2503/2503
f 6595/6379 6585/6369 4428/4428
f 2529/2529 2479/2479 2594/2594
f 2506/2506 2454/2454 6117/5933
f 6244/6046 4821/4821 5314/5188
f 2792/2792 2793/2793 2730/2730
f 5315/5189 2398/2398 6730/6506
f 5315/5189 2441/2441 2442/2442
f 5073/4951 6094/5910 5316/5190
f 5319/5193 2528/2528 2527/2527
f 5319/5193 2526/2526 2590/2590
f 5202/5080 6873/6632 6863/6622
f 4904/4904 4916/4916 6460/6248
f 6781/6556 2536/2536 2602/2602
f 5322/5196 2485/2485 6516/6304
f 5324/5198 23/23 6029/5851
f 5325/5199 2488/2488 5051/4936
f 6652/6431 2538/2538 5325/5199
f 5/5 6223/6026 6356/6150
f 5327/5201 2435/2435 2393/2393
f 2346/2346 6673/6451 5327/5201
f 5328/5202 5659/5516 5616/5473
f 6801/6575 5658/5515 5437/5304
f 5615/5472 4575/4575 4576/4576
f 395/395 396/396 347/347
f 2439/2439 2397/2397 5136/5014
f 5608/5465 5330/5204 2391/2391
f 5331/5205 4914/4914 6483/6271
f 4917/4917 4906/4906 4905/4905
f 2734/2734 2663/2663 2733/2733
f 2297/2297 2346/2346 5105/4983
f 3/3 20/20 4/4
f 6716/6492 3/3 5747/6773
f 2538/2538 2603/2603 2604/2604
f 2665/2665 5081/4959 2603/2603
f 8/8 6334/6130 6365/6159
f 5332/5206 5639/5496 5109/4987
f 5333/5207 5640/5497 4662/4662
f 5333/5207 4700/4700 4663/4663
f 61/61 82/82 83/83
f 83/83 6028/5850 113/113
f 6572/6357 2394/2394 2349/2349
f 5335/5209 2436/2436 2437/2437
f 3203/3203 3133/3133 3132/3132
f 2460/2460 2461/2461 6417/6207
f 5431/5298 2478/2478 5880/5715
f 5337/5211 5088/4966 2438/2438
f 220/220 219/219 5089/4967
f 2532/2532 5097/4975 5628/5485
f 2483/2483 6360/6154 2533/2533
f 5627/5484 4725/4725 4762/4762
f 5338/5212 5868/5705 2464/2464
f 6662/6441 3904/3904 6008/5833
f 5076/4954 2475/2475 2524/2524
f 1175/1175 1176/1176 5078/4956
f 2508/2508 2509/2509 2457/2457
f 2322/2322 6227/6030 6810/6584
f 2393/2393 6522/6309 5092/4970
f 5339/5213 5090/4968 2489/2489
f 5091/4969 40/40 23/23
f 6521/6308 5077/4955 40/40
f 2510/2510 2459/2459 2412/2412
f 2571/2571 5084/4962 2635/2635
f 2512/2512 2513/2513 2463/2463
f 5340/5214 861/861 862/862
f 2445/2445 6358/6152 2400/2400
f 6358/6152 5654/5511 2494/2494
f 5341/5215 5905/5736 5664/5521
f 983/983 984/984 920/920
f 5088/4966 6128/5944 6361/6155
f 5343/5217 5635/5492 2485/2485
f 5344/5218 4866/4866 4842/4842
f 5365/5239 5345/5219 5116/4994
f 5346/5220 5087/4965 2465/2465
f 6249/6051 5060/4938 1315/1315
f 2499/2499 2448/2448 2403/2403
f 3709/3709 5348/5222 5902/5733
f 6283/6080 6646/6425 2830/2830
f 5050/4935 2224/2224 2273/2273
f 3068/3068 3067/3067 5775/5626
f 2427/2427 6099/5915 2476/2476
f 4262/4262 4261/4261 5070/4948
f 2444/2444 2443/2443 5352/5226
f 6479/6267 84/84 5077/4955
f 5662/5519 5065/4943 5354/5228
f 5663/5520 5661/5518 3280/3280
f 2542/2542 5075/4953 5864/5701
f 145/145 5353/5227 5809/5652
f 182/182 183/183 146/146
f 181/181 145/145 144/144
f 39/39 61/61 5091/4969
f 5356/5230 5090/4968 2539/2539
f 41/41 5870/5707 62/62
f 4887/4887 5106/4984 4903/4903
f 2433/2433 5621/5478 2485/2485
f 2370/2370 5359/5233 2412/2412
f 2414/2414 6710/6486 2373/2373
f 2635/2635 6246/6048 2699/2699
f 6257/6059 4919/4919 4907/4907
f 5645/5502 4918/4918 6257/6059
f 2295/2295 2245/2245 2185/2185
f 6586/6370 5647/5504 5330/5204
f 2797/2797 2735/2735 6177/6711
f 5614/5471 6397/6189 2093/2093
f 2507/2507 5360/5234 2456/2456
f 2566/2566 2565/2565 5779/5630
f 2365/2365 5111/4989 2411/2411
f 2187/2187 2246/2246 5895/5726
f 2/2 18/18 6205/6009
f 1/1 17/17 2/2
f 5362/5236 2530/2530 2596/2596
f 5606/5463 2531/2531 5613/5470
f 2473/2473 2523/2523 2474/2474
f 2765/2765 6362/6156 5364/5238
f 2825/2825 5101/4979 5365/5239
f 6748/6524 5365/5239 5101/4979
f 2636/2636 2574/2574 5100/4978
f 5366/5240 4725/4725 4699/4699
f 5669/5526 4760/4760 5913/5744
f 5873/5710 4765/4765 5899/5730
f 4726/4726 4763/4763 4764/4764
f 5367/5241 6530/6317 5874/5711
f 2937/2937 5116/4994 5368/5242
f 5368/5242 2881/2881 2936/2936
f 6402/6194 6499/6287 2418/2418
f 3005/3005 2936/2936 2935/2935
f 5369/5243 2298/2298 2348/2348
f 114/114 86/86 85/85
f 6513/6301 2608/2608 5099/4977
f 2667/2667 5120/4998 2607/2607
f 5371/6853 3387/3387 3535/3535
f 31/31 32/32 6281/6763
f 5373/6827 5438/5305 6233/6828
f 5375/6668 4880/4880 4879/4879
f 4895/4895 5376/6887 4896/4896
f 5377/6791 49/49 50/50
f 5378/5245 5630/5487 349/349
f 2270/2270 2271/2271 6073/5894
f 5379/5246 5607/5464 5980/5805
f 5380/5247 6095/5911 5618/5475
f 2548/2548 2549/2549 5380/5247
f 558/558 499/499 5812/5655
f 2737/2737 2799/2799 2738/2738
f 2732/2732 6482/6270 2733/2733
f 2732/2732 2795/2795 6637/6416
f 4869/4869 6352/6147 4870/4870
f 6747/6523 4889/4889 4869/4869
f 5132/5010 5651/5508 5381/5248
f 6138/5954 19/19 37/37
f 2479/2479 5064/4942 5880/5715
f 5329/5203 4477/4477 5658/5515
f 2032/2032 2093/2093 2033/2033
f 5383/5250 4864/4864 5878/5713
f 5383/5250 5648/5505 4886/4886
f 2293/2293 2345/2345 5133/5011
f 217/217 260/260 218/218
f 5110/4988 2396/2396 5646/5503
f 2544/2544 6846/6608 2545/2545
f 4892/4892 4910/4910 5515/6892
f 6136/5952 6769/6544 2910/2910
f 5124/5002 3043/3043 3097/3097
f 4793/4793 6472/6260 5384/5251
f 5072/4950 2182/2182 5699/5555
f 6016/5840 6287/6084 2961/2961
f 6275/6074 6512/6300 2905/2905
f 5386/5253 4822/4822 4796/4796
f 5086/4964 5386/5253 5703/5559
f 5136/5014 5118/4996 5069/4947
f 302/302 347/347 348/348
f 5630/5487 261/261 6027/5849
f 2610/2610 6255/6057 2546/2546
f 180/180 6314/6110 217/217
f 5657/5514 6314/6110 179/179
f 5387/5254 6846/6608 2543/2543
f 147/147 5388/5255 148/148
f 5388/5255 5649/5506 222/222
f 5390/5257 670/670 5601/5458
f 610/610 668/668 611/611
f 5392/5259 2152/2152 2153/2153
f 2565/2565 2564/2564 6345/6141
f 6689/6466 4621/4621 5640/5497
f 6366/6160 5150/5028 5673/5530
f 2319/2319 2318/2318 5854/5694
f 2214/2214 2148/2148 2213/2213
f 2768/2768 2826/2826 2827/2827
f 2695/2695 5393/5260 6021/5845
f 6033/5855 2823/2823 6021/5845
f 2878/2878 2824/2824 2823/2823
f 5146/5024 2878/2878 6542/6329
f 2376/2376 5115/4993 2377/2377
f 3044/3044 2968/2968 2967/2967
f 5395/5262 3094/3094 5127/5005
f 4848/4848 6705/6482 5539/5398
f 5398/5265 1828/1828 5652/5509
f 6634/6413 110/110 111/111
f 5899/5730 4765/4765 4727/4727
f 2729/2729 5399/5266 2791/2791
f 5161/5039 2728/2728 2790/2790
f 6090/5906 2441/2441 6730/6506
f 498/498 6697/6474 442/442
f 5400/5267 4662/4662 4661/4661
f 2291/2291 2292/2292 5162/5040
f 6374/6168 5901/5732 5121/4999
f 5402/5269 2728/2728 5644/5501
f 6373/6167 5403/5270 5900/5731
f 4758/4758 4759/4759 5403/5270
f 6328/6124 2031/2031 1969/1969
f 5405/5272 1968/1968 5173/5051
f 2364/2364 2409/2409 2410/2410
f 5671/5528 2362/2362 6206/6010
f 2519/2519 6679/6457 5062/4940
f 3497/3497 3426/3426 5406/5273
f 2421/2421 2422/2422 2381/2381
f 5354/5228 5408/5275 5662/5519
f 2494/2494 2401/2401 2400/2400
f 983/983 920/920 5409/5276
f 6333/6129 2186/2186 5182/5060
f 6829/6661 5410/5277 6163/5977
f 5411/5278 16/16 1/1
f 2964/2964 2908/2908 2963/2963
f 4908/4908 5226/5104 4909/4909
f 5672/5529 5412/5279 5175/5053
f 36/36 57/57 5131/5009
f 2850/2850 2851/2851 2798/2798
f 4026/4026 3963/3963 4025/4025
f 5413/5280 2524/2524 2588/2588
f 5202/5080 3962/3962 3961/3961
f 5414/5281 2475/2475 5076/4954
f 2184/2184 2244/2244 5133/5011
f 27/27 45/45 28/28
f 2907/2907 2848/2848 2906/2906
f 2310/2310 2358/2358 5780/5631
f 2310/2310 2309/2309 2357/2357
f 5698/5554 6674/6452 6231/6034
f 2558/2558 2623/2623 5306/5180
f 2622/2622 5209/5087 5416/5283
f 5417/5284 1391/1391 1390/1390
f 5782/5633 5417/5284 1466/1466
f 6701/6478 1607/1607 5334/5208
f 1606/1606 1683/1683 5334/5208
f 5419/5286 2450/2450 5807/5650
f 2405/2405 5038/4926 5419/5286
f 2969/2969 3045/3045 2970/2970
f 5420/5287 89/89 5456/5323
f 6073/5894 2221/2221 2219/2219
f 2212/2212 5174/5052 5145/5023
f 5421/5288 3494/3494 5984/5809
f 3569/3569 5421/5288 5212/5090
f 5861/5698 6511/6299 6615/6395
f 5422/5289 2712/2712 5768/5619
f 2999/2999 3000/3000 5701/5557
f 6651/6430 5193/5071 2097/2097
f 2884/2884 5908/5739 6185/5994
f 5139/5017 2094/2094 2034/2034
f 2692/2692 2691/2691 2763/2763
f 5425/5292 2885/2885 5996/5821
f 5426/5293 3011/3011 5123/5001
f 5649/5506 5427/5294 222/222
f 5427/5294 5170/5048 304/304
f 5156/5034 6618/6397 5918/5749
f 2377/2377 2325/2325 2324/2324
f 2550/2550 6145/5961 2493/2493
f 558/558 559/559 6208/6012
f 5430/5297 2249/2249 5152/5030
f 4376/4376 4319/4319 4318/4318
f 6697/6474 6422/6212 5432/5299
f 223/223 224/224 149/149
f 2743/2743 2671/2671 2670/2670
f 6543/6330 5433/5300 5909/5740
f 5434/5301 2249/2249 2190/2190
f 215/215 257/257 216/216
f 5894/5725 178/178 6476/6264
f 5203/5081 176/176 141/141
f 2127/2127 2126/2126 2189/2189
f 2125/2125 5435/5302 2126/2126
f 6538/6325 5185/5063 5659/5516
f 1789/1789 6233/6828 5438/5305
f 2801/2801 6543/6330 2742/2742
f 6135/5951 2727/2727 6639/6418
f 2726/2726 5856/5696 2787/2787
f 4578/4578 5439/5306 4579/4579
f 6773/6548 5884/5719 5440/5307
f 6310/6106 5441/5308 3279/3279
f 2579/2579 2640/2640 6589/6373
f 6764/6540 1826/1826 5653/5510
f 6262/6061 5190/5068 1754/1754
f 2361/2361 2407/2407 6316/6112
f 2290/2290 2289/2289 5443/5310
f 5926/5757 5444/5311 5149/5027
f 6012/5837 2387/2387 6488/6276
f 4080/4080 5446/5313 4144/4144
f 2648/2648 2720/2720 2649/2649
f 2647/2647 5849/5689 2648/2648
f 4082/4082 6864/6623 4083/4083
f 186/186 5692/5548 227/227
f 6371/6165 351/351 5170/5048
f 48/48 4936/6790 4937/6789
f 345/345 394/394 5432/5299
f 2120/2120 5708/5564 5921/5752
f 5699/5555 5921/5752 5162/5040
f 5925/5756 6650/6429 6562/6348
f 5448/5315 5925/5756 2341/2341
f 5449/5316 4620/4620 5705/5561
f 5449/5316 5215/5093 6373/6167
f 2363/2363 6742/6518 2362/2362
f 6206/6010 2361/2361 5671/5528
f 5451/5318 5160/5038 4795/4795
f 2626/2626 2627/2627 5852/5692
f 502/502 446/446 501/501
f 2674/2674 6376/6170 2549/2549
f 2124/2124 5227/5105 5678/5535
f 5453/5320 2400/2400 6686/6464
f 2353/2353 2399/2399 5453/5320
f 793/793 6765/6541 794/794
f 5923/5754 5654/5511 2553/2553
f 2615/2615 2614/2614 2677/2677
f 5454/5321 863/863 5924/5755
f 5948/5779 4792/4792 6703/6480
f 6703/6480 5233/5111 4818/4818
f 553/553 6010/5835 554/554
f 2089/2089 2147/2147 2090/2090
f 5225/5103 6266/6065 2088/2088
f 4730/4730 4669/4669 5830/5670
f 5458/5325 5231/5109 6489/6277
f 2096/2096 6552/6339 5459/5326
f 5462/5329 4376/4376 4317/4317
f 5767/5618 5463/5330 4429/4429
f 4321/4321 5168/5046 5463/5330
f 2653/2653 2724/2724 2654/2654
f 2652/2652 2724/2724 2653/2653
f 6274/6073 5702/5558 5464/5331
f 35/35 55/55 56/56
f 5465/5332 5235/5113 5716/5572
f 5937/5768 2402/2402 2354/2354
f 5183/5061 3038/3038 5689/5545
f 6392/6830 1935/1935 6276/6831
f 13/13 6161/6766 12/12
f 4970/6706 5468/6705 3169/3169
f 5469/6664 4897/4897 4990/6665
f 5470/6726 6515/6303 4962/6727
f 1243/1243 1173/1173 6424/6214
f 2355/2355 5214/5092 5471/5334
f 2621/2621 5472/5335 6757/6533
f 6495/6283 1246/1246 6277/6075
f 5593/5450 6159/5974 2820/2820
f 5863/5700 1973/1973 2094/2094
f 5237/5115 1966/1966 1965/1965
f 5474/5337 3046/3046 3101/3101
f 6370/6164 3570/3570 3569/3569
f 6601/6383 5726/5582 3779/3779
f 5696/5552 6295/6092 3642/3642
f 5695/5551 2584/2584 2583/2583
f 6456/6244 2352/2352 6019/5843
f 6556/6343 6481/6269 5477/5340
f 5477/5340 731/731 5704/5560
f 6453/6241 5478/5341 5248/5122
f 1977/1977 1978/1978 1905/1905
f 5193/5071 6813/6587 6041/5863
f 2651/2651 5481/5344 2721/2721
f 4204/4204 6864/6623 5189/5067
f 5190/5068 5723/5579 1754/1754
f 2312/2312 2359/2359 2360/2360
f 2311/2311 5239/5117 2359/2359
f 5483/5346 5563/5420 6681/6459
f 1610/1610 1684/1684 1685/1685
f 5196/5074 6141/5957 5484/5347
f 6150/5965 6778/6553 2587/2587
f 6559/6346 2127/2127 5485/5348
f 256/256 214/214 255/255
f 213/213 6564/6350 214/214
f 3136/3136 3206/3206 3137/3137
f 306/306 225/225 5198/5076
f 2914/2914 5197/5075 2913/2913
f 6297/6094 6060/5882 5561/5418
f 6696/6473 6418/6208 2748/2748
f 2857/2857 6690/6467 2856/2856
f 503/503 5487/5350 6815/6589
f 5488/5351 2250/2250 2251/2251
f 4626/4626 4670/4670 6240/6042
f 3037/3037 5224/5102 6731/6507
f 6497/6285 5246/5120 5489/5352
f 2289/2289 2179/2179 2240/2240
f 5705/5561 5254/5128 5493/5356
f 5490/5353 2277/2277 2326/2326
f 5851/5691 5490/5353 5222/5100
f 5491/5354 6047/5869 5764/5615
f 2843/2843 2844/2844 2788/2788
f 5770/5621 2786/2786 2842/2842
f 6471/6259 2786/2786 5856/5696
f 5559/5416 6881/6637 4526/4526
f 6391/6184 2288/2288 5492/5355
f 5251/5125 2063/2063 2064/2064
f 2689/2689 2626/2626 2625/2625
f 2761/2761 5725/5581 2762/2762
f 1824/1824 1825/1825 1754/1754
f 2262/2262 6329/6125 2315/2315
f 614/614 615/615 561/561
f 671/671 614/614 6556/6343
f 2750/2750 2749/2749 2807/2807
f 343/343 393/393 344/344
f 4113/4113 4178/4178 4179/4179
f 6843/6876 4781/4781 6874/6877
f 2805/2805 6598/6382 2804/2804
f 352/352 6051/5873 305/305
f 5494/5357 4668/4668 4667/4667
f 5494/5357 4666/4666 5218/5096
f 5496/5359 6041/5863 1976/1976
f 6438/6226 5497/5360 5937/5768
f 5497/5360 5238/5116 6686/6464
f 860/860 6548/6335 6258/6060
f 5498/5361 2618/2618 2617/2617
f 922/922 923/923 864/864
f 1937/1937 5714/5570 6520/6307
f 5499/5362 4724/4724 5940/5771
f 5731/5587 5263/5137 5948/5779
f 2386/2386 2385/2385 5482/5345
f 6570/6355 6088/5904 6681/6459
f 6299/6096 6796/6570 2646/2646
f 4205/4205 5217/5095 4263/4263
f 2722/2722 2783/2783 2723/2723
f 2721/2721 2782/2782 2722/2722
f 6577/6362 2759/2759 5209/5087
f 2817/2817 6763/6539 5271/5145
f 5273/5147 5934/5765 3960/3960
f 6797/6571 2205/2205 6043/5865
f 341/341 298/298 5264/5138
f 2009/2009 5729/5585 2066/2066
f 5505/5368 2065/2065 5717/5573
f 6050/5872 2803/2803 2802/2802
f 3499/3499 3574/3574 3500/3500
f 5506/5369 2773/2773 2833/2833
f 6320/6116 2164/2164 2163/2163
f 6470/6258 6320/6116 6017/5841
f 1312/1312 1313/1313 1314/1314
f 6574/6359 5253/5127 5961/5792
f 2308/2308 2356/2356 2309/2309
f 5507/5370 1246/1246 1317/1317
f 6494/6282 6317/6113 2556/2556
f 616/616 615/615 673/673
f 6062/5884 5265/5139 5509/5372
f 5510/5373 1966/1966 5713/5569
f 6404/6196 1965/1965 5510/5373
f 6127/5943 4948/6759 4949/6758
f 2875/2875 2874/2874 2932/2932
f 1279/1279 4926/6821 1141/1141
f 33/33 34/34 6054/5876
f 1934/1934 6490/6278 2008/2008
f 4085/4085 4149/4149 6267/6066
f 2282/2282 2172/2172 2235/2235
f 6466/6254 4079/4079 4078/4078
f 732/732 799/799 733/733
f 865/865 864/864 923/923
f 4531/4531 4582/4582 4583/4583
f 4530/4530 5568/5425 4581/4581
f 5530/5389 6745/6521 607/607
f 5513/5376 2194/2194 5722/5578
f 5514/5377 2303/2303 2253/2253
f 5514/5377 2252/2252 6663/6442
f 6431/6893 4910/4910 5226/5104
f 6565/6663 5516/6662 4899/4899
f 6428/6769 6416/6206 15/15
f 1859/1859 6380/6173 1931/1931
f 4791/4791 4816/4816 4817/4817
f 6602/6384 2841/2841 2785/2785
f 2286/2286 2285/2285 6717/6493
f 2772/2772 2709/2709 6318/6114
f 3354/3354 3427/3427 3428/3428
f 2327/2327 5738/5594 2277/2277
f 2831/2831 5260/5134 5521/5380
f 2771/2771 5249/5123 5521/5380
f 6348/6144 3206/3206 3282/3282
f 3200/3200 6241/6043 5591/5448
f 2277/2277 2276/2276 2326/2326
f 5725/5581 5269/5143 2873/2873
f 2961/2961 3040/3040 2962/2962
f 5967/5793 2760/2760 6791/6565
f 1603/1603 1680/1680 1604/1604
f 2977/2977 3049/3049 3050/3050
f 5977/5802 450/450 451/451
f 450/450 506/506 451/451
f 5259/5133 6692/6469 4824/4824
f 212/212 254/254 6564/6350
f 211/211 253/253 6732/6508
f 2995/2995 2996/2996 5795/5642
f 2131/2131 2194/2194 2195/2195
f 2067/2067 2193/2193 2130/2130
f 733/733 734/734 672/672
f 6658/6437 799/799 865/865
f 725/725 791/791 726/726
f 790/790 665/665 724/724
f 5531/5390 2252/2252 2196/2196
f 2067/2067 2129/2129 6353/6148
f 4373/4373 4374/4374 4315/4315
f 6204/6008 2177/2177 2238/2238
f 2856/2856 5533/5392 2857/2857
f 505/505 5292/5166 449/449
f 2841/2841 6720/6496 5297/5171
f 4379/4379 4431/4431 5959/5790
f 2619/2619 5535/5394 2682/2682
f 174/174 139/139 5536/5395
f 5536/5395 6685/6463 138/138
f 1867/1867 5737/5593 1938/1938
f 1047/1047 1110/1110 1111/1111
f 2117/2117 2055/2055 2116/2116
f 6280/6078 2002/2002 2056/2056
f 2118/2118 2119/2119 6068/5889
f 4483/4483 4529/4529 4530/4530
f 5257/5131 5537/5396 4482/4482
f 2902/2902 6066/5888 2957/2957
f 4798/4798 4825/4825 4799/4799
f 5259/5133 4798/4798 4771/4771
f 6065/5887 5538/5397 3315/3315
f 4484/4484 4432/4432 4483/4483
f 3034/3034 3091/3091 3035/3035
f 2956/2956 5294/5168 3090/3090
f 6284/6081 6787/6561 5792/5639
f 1178/1178 1179/1179 1114/1114
f 1248/1248 1247/1247 1318/1318
f 2683/2683 2756/2756 2684/2684
f 1171/1171 1172/1172 5772/5623
f 2256/2256 6270/6069 2306/2306
f 2774/2774 2713/2713 6063/5885
f 67/67 6575/6360 91/91
f 5742/5598 3098/3098 3044/3044
f 6803/6577 3640/3640 3708/3708
f 2330/2330 2331/2331 2279/2279
f 4873/4873 4850/4850 5539/5398
f 3166/3166 3240/3240 5951/5782
f 3074/3074 3141/3141 5572/5429
f 4893/4893 4911/4911 4873/4873
f 3168/3168 5014/6850 5015/6849
f 6406/6198 3095/3095 3242/3242
f 2004/2004 5262/5136 2005/2005
f 6561/6788 30/30 4937/6789
f 30/30 6878/6635 6432/6220
f 2099/2099 2226/2226 2160/2160
f 2939/2939 2886/2886 5425/5292
f 3286/3286 6698/6475 5540/5399
f 1941/1941 2009/2009 2010/2010
f 5954/5785 1941/1941 1940/1940
f 5957/5788 6413/6205 2028/2028
f 1822/1822 6404/6196 1823/1823
f 5542/5401 1821/1821 5793/5640
f 2932/2932 2873/2873 5543/5402
f 5543/5402 6695/6472 2995/2995
f 1759/1759 1903/1903 5794/5641
f 6544/6331 1904/1904 1903/1903
f 106/106 5544/5403 6685/6463
f 6554/6341 2146/2146 2145/2145
f 2980/2980 6390/6183 5283/5157
f 6394/6186 6083/5900 5549/5407
f 2808/2808 2809/2809 5266/5140
f 2860/2860 2861/2861 2808/2808
f 6851/6612 924/924 988/988
f 2198/2198 2197/2197 2253/2253
f 3277/3277 3199/3199 3198/3198
f 2858/2858 2859/2859 2807/2807
f 3429/3429 5589/5446 3355/3355
f 2831/2831 2889/2889 2890/2890
f 1467/1467 5270/5144 6217/6020
f 2928/2928 2929/2929 5796/5643
f 4027/4027 3966/3966 5272/5146
f 2234/2234 6641/6420 6477/6265
f 4023/4023 5273/5147 4022/4022
f 4815/4815 6684/6462 4814/4814
f 3566/3566 3567/3567 3491/3491
f 2236/2236 6175/5988 2174/2174
f 4835/4835 6485/6273 4836/4836
f 5555/6779 7/7 4943/6780
f 4945/6775 3/3 4/4
f 1689/1689 6197/6005 1690/1690
f 5288/5162 6197/6005 1760/1760
f 6631/6410 2994/2994 2993/2993
f 6613/6393 1895/1895 1894/1894
f 4808/4808 6005/5830 4807/4807
f 5992/5817 1208/1208 6142/5958
f 2316/2316 6286/6083 2263/2263
f 2692/2692 5140/5018 2691/2691
f 2691/2691 6207/6011 2763/2763
f 2724/2724 6602/6384 5207/5085
f 5208/5086 4429/4429 4479/4479
f 6450/6238 2340/2340 6895/6648
f 5559/5416 4375/4375 5252/5126
f 6881/6637 5559/5416 6656/6435
f 6055/5877 3001/3001 5560/5417
f 2273/2273 5918/5749 6618/6397
f 5041/4929 6560/6347 2378/2378
f 6449/6237 6339/6135 3003/3003
f 5228/5106 3011/3011 3012/3012
f 3779/3779 5281/5155 5563/5420
f 2280/2280 6770/6545 2332/2332
f 5943/5774 2385/2385 6770/6545
f 5280/5154 3843/3843 3782/3782
f 3781/3781 6141/5957 5280/5154
f 2715/2715 2645/2645 2644/2644
f 2715/2715 2644/2644 2714/2714
f 5239/5117 2405/2405 2406/2406
f 1608/1608 1466/1466 1465/1465
f 5565/5422 1609/1609 5782/5633
f 6330/6126 2224/2224 5566/5423
f 2224/2224 2274/2274 5566/5423
f 6239/6041 5567/5424 5423/5290
f 1247/1247 1178/1178 6277/6075
f 2756/2756 2757/2757 2684/2684
f 2256/2256 2257/2257 2203/2203
f 1862/1862 1789/1789 1861/1861
f 4898/4898 5299/5173 4897/4897
f 4530/4530 4581/4581 4531/4531
f 3034/3034 2958/2958 2957/2957
f 2085/2085 2027/2027 2084/2084
f 6726/6502 494/494 438/438
f 6811/6585 6169/5983 2011/2011
f 606/606 5290/5164 551/551
f 2012/2012 2068/2068 6410/6202
f 2053/2053 2114/2114 6342/6138
f 4372/4372 4314/4314 4313/4313
f 4425/4425 5569/5426 4372/4372
f 4473/4473 4425/4425 4424/4424
f 2055/2055 2054/2054 2116/2116
f 2002/2002 2001/2001 2056/2056
f 4570/4570 4522/4522 4521/4521
f 6813/6587 6457/6245 5570/5427
f 2997/2997 6271/6070 3065/3065
f 5571/5428 3197/3197 3126/3126
f 6641/6420 6505/6293 2171/2171
f 3968/3968 6425/6215 4087/4087
f 2955/2955 3032/3032 3033/3033
f 2221/2221 2220/2220 2272/2272
f 5573/5430 1396/1396 1395/1395
f 6245/6047 5363/5237 4664/4664
f 738/738 675/675 6804/6578
f 3051/3051 3108/3108 3109/3109
f 5574/5431 3743/3743 3742/3742
f 3870/3870 5997/5822 3935/3935
f 6475/6263 4805/4805 4777/4777
f 5576/5433 195/195 237/237
f 5576/5433 6111/5927 196/196
f 5818/5658 5577/5434 4231/4231
f 3677/3677 3746/3746 5578/5435
f 5578/5435 3746/3746 5989/5814
f 3932/3932 3810/3810 3809/3809
f 5579/5436 4680/4680 5820/5660
f 6220/6023 6440/6228 5835/5675
f 277/277 368/368 369/369
f 5581/5438 4054/4054 6102/5918
f 3063/3063 5298/5172 5582/5439
f 5582/5439 3120/3120 3121/3121
f 830/830 6596/6380 893/893
f 6722/6498 4712/4712 6691/6468
f 6568/6353 4746/4746 5958/5789
f 827/827 6814/6588 5583/5440
f 952/952 6510/6298 5583/5440
f 273/273 234/234 5833/5673
f 6221/6024 3748/3748 3873/3873
f 1677/1677 1752/1752 1753/1753
f 6394/6186 5834/5674 1687/1687
f 244/244 287/287 288/288
f 317/317 274/274 316/316
f 3937/3937 6221/6024 6729/6505
f 3992/3992 6842/6605 3993/3993
f 5586/5443 4678/4678 5838/5678
f 5587/5444 4780/4780 4779/4779
f 6106/5922 3997/3997 3996/3996
f 2227/2227 5843/5683 2161/2161
f 4747/4747 4784/4784 6302/6099
f 6683/6461 1012/1012 6229/6032
f 5589/5446 3354/3354 3355/3355
f 5590/5447 2772/2772 6318/6114
f 5590/5447 2831/2831 6113/5929
f 4118/4118 6502/6290 4055/4055
f 364/364 363/363 5839/5679
f 3751/3751 3680/3680 3750/3750
f 4229/4229 5592/5449 4173/4173
f 5776/5627 6495/6283 6036/5858
f 2275/2275 6297/6094 2276/2276
f 4497/4497 4394/4394 4393/4393
f 2650/2650 5762/5613 2592/2592
f 2153/2153 2218/2218 5594/5451
f 2383/2383 2330/2330 5211/5089
f 987/987 923/923 922/922
f 6438/6226 2304/2304 5497/5360
f 2355/2355 6558/6345 2306/2306
f 5779/5630 2630/2630 2566/2566
f 6523/6310 2369/2369 2370/2370
f 6758/6534 5810/5653 2608/2608
f 2507/2507 2455/2455 2506/2506
f 2573/2573 5758/5609 2572/2572
f 2840/2840 2839/2839 5293/5167
f 2237/2237 2285/2285 2238/2238
f 4263/4263 4206/4206 4205/4205
f 2453/2453 2408/2408 5126/5004
f 6822/6594 5766/5617 2640/2640
f 2353/2353 2303/2303 5514/5377
f 4374/4374 4316/4316 4315/4315
f 4842/4842 6131/5947 4841/4841
f 4378/4378 4379/4379 4325/4325
f 5596/5453 5937/5768 5497/5360
f 5596/5453 5664/5521 2402/2402
f 6379/6172 2906/2906 2961/2961
f 5219/5097 4871/4871 4872/4872
f 2495/2495 5923/5754 2617/2617
f 2617/2617 2618/2618 2554/2554
f 6524/6311 6646/6425 2706/2706
f 2265/2265 5145/5023 2211/2211
f 2637/2637 6344/6140 2638/2638
f 4908/4908 4891/4891 4890/4890
f 6382/6175 5598/5455 5138/5016
f 2148/2148 2214/2214 5598/5455
f 3963/3963 5842/5682 3904/3904
f 3962/3962 6662/6441 3961/3961
f 2475/2475 2474/2474 2524/2524
f 2857/2857 2806/2806 6690/6467
f 2826/2826 6140/5956 2882/2882
f 2883/2883 5147/5025 5558/5415
f 2595/2595 2529/2529 2594/2594
f 2595/2595 2653/2653 2654/2654
f 2823/2823 2824/2824 2764/2764
f 6011/5836 5599/5456 4320/4320
f 5599/5456 5070/4948 5336/5210
f 4318/4318 6148/5964 5187/5065
f 5431/5298 5600/5457 2428/2428
f 5188/5066 2428/2428 5600/5457
f 1969/1969 2031/2031 2032/2032
f 5883/5718 6034/5856 2552/2552
f 5601/5458 670/670 729/729
f 5601/5458 730/730 731/731
f 669/669 611/611 668/668
f 794/794 6487/6275 727/727
f 2767/2767 2700/2700 2699/2699
f 5984/5809 5602/5459 3423/3423
f 2328/2328 2327/2327 5490/5353
f 5617/5474 6865/6624 443/443
f 6594/6378 555/555 5603/5460
f 3353/3353 5604/5461 5491/5354
f 2656/2656 5606/5463 5879/5714
f 5980/5805 2374/2374 2375/2375
f 304/304 262/262 5427/5294
f 5330/5204 5608/5465 2392/2392
f 2433/2433 5608/5465 2391/2391
f 256/256 257/257 215/215
f 2663/2663 6781/6556 2602/2602
f 4/4 21/21 5326/5200
f 6716/6492 20/20 3/3
f 3002/3002 5146/5024 6542/6329
f 2937/2937 3007/3007 5147/5025
f 5039/4927 5348/5222 3571/3571
f 2521/2521 2471/2471 2470/2470
f 2413/2413 2459/2459 2460/2460
f 2571/2571 2570/2570 2634/2634
f 1969/1969 1970/1970 5609/5466
f 5610/5467 2453/2453 5126/5004
f 2541/2541 2437/2437 2436/2436
f 5612/5469 5077/4955 6521/6308
f 5613/5470 2531/2531 5109/4987
f 4576/4576 4478/4478 5615/5472
f 5382/5249 5329/5203 5615/5472
f 6498/6286 2530/2530 5328/5202
f 5616/5473 5064/4942 6498/6286
f 5617/5474 397/397 396/396
f 5617/5474 443/443 444/444
f 5618/5475 2440/2440 5114/4992
f 6628/6407 5848/5688 2414/2414
f 2541/2541 2436/2436 2489/2489
f 5363/5237 4663/4663 4700/4700
f 5335/5209 6137/5953 2436/2436
f 6521/6308 83/83 5612/5469
f 60/60 82/82 61/61
f 1463/1463 5060/4938 1388/1388
f 4867/4867 4845/4845 5619/5476
f 4842/4842 4841/4841 5620/5477
f 2432/2432 5621/5478 5357/5231
f 2479/2479 5129/5007 2594/2594
f 2568/2568 2510/2510 5850/5690
f 2464/2464 2463/2463 2513/2513
f 5622/5479 2514/2514 6129/5945
f 2765/2765 2766/2766 5623/5480
f 180/180 181/181 144/144
f 5625/5482 2396/2396 2395/2395
f 5626/5483 2417/2417 2416/2416
f 5338/5212 5626/5483 5868/5705
f 2268/2268 2215/2215 2267/2267
f 4726/4726 6247/6049 5627/5484
f 4700/4700 4699/4699 4725/4725
f 5628/5485 5872/5709 6532/6319
f 2491/2491 6357/6151 5069/4947
f 5629/5486 2546/2546 6255/6057
f 5630/5487 5378/5245 350/350
f 6144/5960 347/347 302/302
f 2516/2516 2515/2515 2575/2575
f 5631/5488 2880/2880 2881/2881
f 5105/4983 2347/2347 5381/5248
f 59/59 82/82 60/60
f 2720/2720 2781/2781 6234/6036
f 85/85 6096/5912 62/62
f 2606/2606 6513/6301 2540/2540
f 2390/2390 2344/2344 2343/2343
f 2269/2269 2217/2217 5981/5806
f 5322/5196 6516/6304 2486/2486
f 23/23 22/22 5091/4969
f 5636/5493 5102/4980 6699/6476
f 5598/5455 2214/2214 2149/2149
f 5637/5494 86/86 114/114
f 2669/2669 6758/6534 2668/2668
f 2564/2564 2563/2563 6826/6597
f 2637/2637 2636/2636 2701/2701
f 5379/5246 5638/5495 2271/2271
f 5150/5028 2388/2388 5893/5724
f 2693/2693 5143/5021 2629/2629
f 5399/5266 6633/6412 2728/2728
f 2657/2657 5644/5501 5874/5711
f 2266/2266 2212/2212 5145/5023
f 3133/3133 3204/3204 5882/5717
f 6310/6106 3131/3131 3130/3130
f 110/110 6476/6264 111/111
f 87/87 64/64 63/63
f 58/58 57/57 81/81
f 5794/5641 1903/1903 1904/1904
f 2875/2875 2932/2932 2933/2933
f 8/8 26/26 6636/6415
f 5646/5503 5430/5297 5152/5030
f 2295/2295 6746/6522 5647/5504
f 5648/5505 5134/5012 4902/4902
f 4869/4869 5877/5712 6747/6523
f 2848/2848 2795/2795 2794/2794
f 5649/5506 5388/5255 6462/6250
f 5650/5507 4840/4840 4839/4839
f 1756/1756 5652/5509 1757/1757
f 6447/6235 5653/5510 1826/1826
f 2407/2407 5807/5650 2451/2451
f 2351/2351 6368/6162 2397/2397
f 5432/5299 6422/6212 5135/5013
f 149/149 5655/5512 223/223
f 795/795 861/861 5340/5214
f 2547/2547 5113/4991 2492/2492
f 2612/2612 2613/2613 2547/2547
f 398/398 399/399 350/350
f 5096/4974 4762/4762 5656/5513
f 2533/2533 5897/5728 2483/2483
f 5434/5301 2299/2299 5152/5030
f 5397/5264 2299/2299 2248/2248
f 179/179 6314/6110 142/142
f 215/215 178/178 6377/6171
f 2418/2418 6211/6015 2466/2466
f 1971/1971 1972/1972 5853/5693
f 6727/6503 2034/2034 1972/1972
f 2562/2562 2563/2563 2505/2505
f 5171/5049 345/345 346/346
f 6255/6057 2610/2610 2672/2672
f 350/350 6371/6165 303/303
f 5186/5064 4477/4477 5855/5695
f 5437/5304 5658/5515 5186/5064
f 5120/4998 2741/2741 2668/2668
f 117/117 116/116 6539/6326
f 184/184 116/116 115/115
f 6595/6379 5168/5046 6585/6369
f 2421/2421 5440/5307 5662/5519
f 3279/3279 6766/6542 5663/5520
f 5663/5520 3352/3352 5407/5274
f 984/984 985/985 921/921
f 5342/5216 985/985 984/984
f 2496/2496 2497/2497 5341/5215
f 34/34 6416/6206 6054/5876
f 2556/2556 6317/6113 5665/5522
f 5471/5334 2447/2447 2403/2403
f 5667/5524 5905/5736 2446/2446
f 6533/6320 1175/1175 5078/4956
f 2585/2585 6664/6443 2584/2584
f 6601/6383 5916/5747 6147/5963
f 6420/6210 6623/6402 5220/5098
f 6623/6402 5080/4958 2472/2472
f 4760/4760 4761/4761 5366/5240
f 5669/5526 5913/5744 6232/6035
f 2658/2658 2598/2598 5367/5241
f 6328/6124 1899/1899 1898/1898
f 1898/1898 5450/5317 1968/1968
f 2362/2362 2408/2408 2409/2409
f 5389/5256 6145/5961 2551/2551
f 612/612 613/613 559/559
f 5177/5055 6459/6247 2122/2122
f 4863/4863 4884/4884 4885/4885
f 17/17 16/16 35/35
f 27/27 28/28 10/10
f 6366/6160 6538/6325 5142/5020
f 5437/5304 5926/5757 5149/5027
f 2725/2725 2655/2655 6540/6327
f 2656/2656 6625/6404 6135/5951
f 5674/5531 4578/4578 6702/6479
f 5676/5533 5922/5753 4579/4579
f 5439/5306 5896/5727 5676/5533
f 5218/5096 4728/4728 5494/5357
f 4727/4727 5164/5042 5899/5730
f 2517/2517 2467/2467 5305/5179
f 5163/5041 6373/6167 5920/5751
f 2290/2290 5893/5724 2341/2341
f 2822/2822 6741/6517 6761/6537
f 2222/2222 2272/2272 5156/5034
f 5908/5739 2884/2884 2828/2828
f 5227/5105 2124/2124 5452/5319
f 5678/5535 5175/5053 2123/2123
f 56/56 5158/5036 57/57
f 6504/6292 5176/5054 88/88
f 4838/4838 6780/6555 5680/5537
f 5930/5761 5178/5056 5680/5537
f 5681/5538 2243/2243 2244/2244
f 5915/5746 4765/4765 4764/4764
f 4759/4759 4758/4758 5683/5540
f 2342/2342 6374/6168 5914/5745
f 2126/2126 2127/2127 6559/6346
f 225/225 224/224 5198/5076
f 498/498 554/554 555/555
f 553/553 497/497 6508/6296
f 2029/2029 1967/1967 5473/5336
f 5799/5646 791/791 790/790
f 5857/6800 162/162 5847/5687
f 6259/6676 4783/4783 4782/4782
f 5859/6861 3997/3997 4179/4179
f 6189/5997 5684/6737 954/954
f 2211/2211 2210/2210 6527/6314
f 502/502 6208/6012 560/560
f 6548/6335 5409/5276 6258/6060
f 981/981 6548/6335 6167/5981
f 5685/5541 2911/2911 2912/2912
f 5686/5542 922/922 5924/5755
f 4080/4080 6873/6632 4024/4024
f 5687/5543 5935/5766 5502/5365
f 5320/5194 6768/6543 2525/2525
f 5503/5366 4082/4082 5936/5767
f 4025/4025 5688/5544 4026/4026
f 6630/6409 4729/4729 4766/4766
f 5223/5101 6693/6470 6463/6251
f 502/502 503/503 6815/6589
f 441/441 442/442 394/394
f 2300/2300 6453/6241 5690/5546
f 4376/4376 5216/5094 4317/4317
f 2286/2286 6717/6493 6682/6460
f 263/263 225/225 306/306
f 264/264 6576/6361 5692/5548
f 2972/2972 2913/2913 2853/2853
f 5693/5549 2427/2427 6012/5837
f 5693/5549 2527/2527 6099/5915
f 3572/3572 3496/3496 5039/4927
f 5062/4940 2520/2520 2468/2468
f 6262/6061 1898/1898 1826/1826
f 5713/5569 1824/1824 1896/1896
f 2314/2314 2313/2313 2360/2360
f 6511/6299 2383/2383 5211/5089
f 3570/3570 6614/6394 3569/3569
f 5694/5550 6158/5973 1828/1828
f 2625/2625 2561/2561 2560/2560
f 5695/5551 2582/2582 5422/5289
f 447/447 6626/6405 6264/6063
f 6598/6382 2673/2673 2746/2746
f 343/343 342/342 393/393
f 5699/5555 2182/2182 2121/2121
f 5384/5251 6753/6529 4793/4793
f 5496/5359 2096/2096 2097/2097
f 2703/2703 2702/2702 2770/2770
f 2062/2062 5464/5331 5702/5558
f 5702/5558 5184/5062 2061/2061
f 2792/2792 2905/2905 2847/2847
f 5704/5560 732/732 5477/5340
f 2787/2787 2843/2843 2788/2788
f 5257/5131 4580/4580 5537/5396
f 5706/5562 4528/4528 6702/6479
f 2289/2289 2288/2288 5927/5758
f 4624/4624 4667/4667 4625/4625
f 6854/6614 5707/5563 4580/4580
f 5860/5697 2845/2845 2789/2789
f 5708/5564 5907/5738 6571/6356
f 2242/2242 5708/5564 2181/2181
f 5710/5566 107/107 140/140
f 2063/2063 5251/5125 5711/5567
f 5939/5770 6520/6307 5711/5567
f 5426/5293 5712/5568 3012/3012
f 5509/5372 6165/5979 2209/2209
f 5713/5569 1897/1897 1824/1824
f 6555/6342 6786/6560 55/55
f 6458/6246 5465/5332 5716/5572
f 5717/5573 2128/2128 5505/5368
f 5717/5573 5485/5348 6100/5916
f 2966/2966 5124/5002 2967/2967
f 4201/4201 4145/4145 4144/4144
f 6864/6623 4147/4147 4203/4203
f 2707/2707 2771/2771 2708/2708
f 5203/5081 213/213 176/176
f 6057/5879 3201/3201 3129/3129
f 5591/5448 6057/5879 3200/3200
f 2614/2614 2676/2676 2677/2677
f 671/671 732/732 733/733
f 2305/2305 2354/2354 5941/5772
f 5276/5150 5937/5768 2354/2354
f 1050/1050 986/986 5686/5542
f 1114/1114 6775/6550 5774/5625
f 2619/2619 2620/2620 2555/2555
f 5720/5576 2334/2334 2333/2333
f 6088/5904 6570/6355 3960/3960
f 3906/3906 3965/3965 6409/6201
f 5929/5760 3964/3964 3905/3905
f 6592/6376 2830/2830 5350/5224
f 2829/2829 5460/5327 5721/5577
f 5191/5069 1685/1685 1684/1684
f 5247/5121 607/607 6508/6296
f 5248/5122 5722/5578 2193/2193
f 1390/1390 1391/1391 5507/5370
f 5723/5579 5190/5068 1680/1680
f 2312/2312 2260/2260 5724/5580
f 6168/5982 5495/5358 6396/6188
f 5244/5118 6799/6573 1758/1758
f 2762/2762 2689/2689 2761/2761
f 3641/3641 6370/6164 5726/5582
f 6721/6497 6293/6090 53/53
f 5475/5338 2713/2713 2643/2643
f 5727/5583 3643/3643 3642/3642
f 1855/1855 6839/6603 1928/1928
f 4616/4616 5791/5638 6752/6528
f 342/342 341/341 392/392
f 402/402 6051/5873 6569/6354
f 2749/2749 2750/2750 6157/5972
f 672/672 673/673 615/615
f 5499/5362 4756/4756 4724/4724
f 5948/5779 6703/6480 5731/5587
f 5500/5363 5947/5778 5262/5136
f 2239/2239 6204/6008 2287/2287
f 4475/4475 4476/4476 4427/4427
f 4430/4430 4481/4481 4431/4431
f 5733/5589 2842/2842 6471/6259
f 2193/2193 2067/2067 6353/6148
f 2336/2336 5445/5312 5734/5590
f 2649/2649 6234/6036 5481/5344
f 4324/4324 6289/6086 4264/4264
f 4264/4264 4263/4263 4323/4323
f 4316/4316 5520/5379 4259/4259
f 2240/2240 6399/6191 2178/2178
f 4524/4524 4474/4474 6069/5890
f 4524/4524 4574/4574 4525/4525
f 5272/5146 5936/5767 5735/5591
f 4697/4697 4698/4698 4658/4658
f 4659/4659 6174/5987 4618/4618
f 5736/5592 4079/4079 5778/5629
f 5935/5766 6782/6557 5274/5148
f 5542/5401 1964/1964 6404/6196
f 1867/1867 1938/1938 1868/1868
f 106/106 139/139 107/107
f 2807/2807 2749/2749 2806/2806
f 2859/2859 2858/2858 6493/6281
f 616/616 562/562 504/504
f 5278/5152 5738/5594 2161/2161
f 2999/2999 6489/6277 2934/2934
f 254/254 5264/5138 298/298
f 297/297 253/253 5955/5786
f 6469/6257 5739/5595 5954/5785
f 1386/1386 1387/1387 5961/5792
f 1753/1753 1823/1823 5523/5382
f 5740/5596 5728/5584 6515/6303
f 6180/5989 1865/1865 1791/1791
f 6799/6573 1831/1831 5549/5407
f 6883/6639 72/72 73/73
f 6199/6760 72/72 6883/6639
f 6198/6823 1353/1353 1425/1425
f 2840/2840 5293/5167 6082/5899
f 175/175 6732/6508 212/212
f 6024/5846 5536/5395 138/138
f 1869/1869 1939/1939 6469/6257
f 5295/5169 3247/3247 3172/3172
f 1794/1794 1793/1793 1868/1868
f 2819/2819 2818/2818 2872/2872
f 1602/1602 1603/1603 5969/5795
f 1678/1678 1602/1602 1601/1601
f 4668/4668 6736/6512 4625/4625
f 5742/5598 5124/5002 3097/3097
f 4893/4893 5539/5398 6465/6253
f 5539/5398 6705/6482 6465/6253
f 665/665 790/790 725/725
f 6619/6398 2196/2196 2133/2133
f 3045/3045 2968/2968 3044/3044
f 3170/3170 3171/3171 5277/5151
f 3243/3243 3244/3244 3170/3170
f 91/91 5745/5601 67/67
f 4874/4874 4894/4894 4895/4895
f 4969/6713 2665/2665 2603/2603
f 5747/6773 3/3 4946/6774
f 672/672 735/735 673/673
f 2751/2751 2809/2809 6584/6368
f 2861/2861 2862/2862 2863/2863
f 2006/2006 2005/2005 5262/5136
f 5951/5782 3241/3241 3167/3167
f 5749/5602 5258/5132 6065/5887
f 2889/2889 5751/5604 2940/2940
f 5752/5605 2834/2834 2774/2774
f 3575/3575 3644/3644 6218/6021
f 3500/3500 6821/6593 3575/3575
f 6718/6494 3568/3568 3493/3493
f 1860/1860 1931/1931 1932/1932
f 2811/2811 2812/2812 2754/2754
f 1052/1052 5275/5149 5753/5606
f 1045/1045 1109/1109 1046/1046
f 2778/2778 6468/6256 2836/2836
f 3966/3966 3907/3907 6409/6201
f 6109/5925 6581/6366 3903/3903
f 6763/6539 2758/2758 2816/2816
f 2434/2434 4967/6717 5756/6716
f 6518/6306 6795/6569 5323/5197
f 5758/5609 2573/2573 6115/5931
f 4689/4689 4713/4713 5588/5445
f 5759/5610 165/165 6114/5930
f 5759/5610 243/243 6001/5826
f 5083/4961 2569/2569 2570/2570
f 2701/2701 2768/2768 2769/2769
f 5598/5455 2149/2149 6740/6516
f 5760/5611 2572/2572 2699/2699
f 5761/5612 3004/3004 2935/2935
f 5761/5612 2935/2935 2880/2880
f 2593/2593 6296/6093 2650/2650
f 5763/5614 2316/2316 2263/2263
f 6384/6177 5221/5099 5602/5459
f 3281/3281 6743/6519 5764/5615
f 5495/5358 5236/5114 2264/2264
f 1312/1312 1314/1314 5765/5616
f 1243/1243 1312/1312 5765/5616
f 2675/2675 2674/2674 6696/6473
f 5766/5617 2705/2705 6524/6311
f 5766/5617 2706/2706 2707/2707
f 5767/5618 4430/4430 5519/5378
f 6602/6384 2724/2724 2723/2723
f 4375/4375 5559/5416 6642/6421
f 6064/5886 6370/6164 3569/3569
f 5768/5619 5695/5551 5422/5289
f 3000/3000 2999/2999 6648/6427
f 2223/2223 2157/2157 5459/5326
f 6272/6071 667/667 726/726
f 2903/2903 2843/2843 5770/5621
f 2913/2913 2971/2971 2973/2973
f 3067/3067 3068/3068 3001/3001
f 3129/3129 3128/3128 6057/5879
f 3137/3137 3207/3207 3138/3138
f 5740/5596 1790/1790 1864/1864
f 5776/5627 1317/1317 6495/6283
f 4148/4148 6855/6615 5777/5628
f 6855/6615 4148/4148 4205/4205
f 2782/2782 6234/6036 2781/2781
f 2152/2152 2218/2218 2153/2153
f 2565/2565 2566/2566 5360/5234
f 5968/5794 5239/5117 2311/2311
f 1603/1603 5564/5421 1529/1529
f 5781/5632 2624/2624 6566/6351
f 5781/5632 5967/5793 6791/6565
f 5102/4980 2369/2369 2321/2321
f 146/146 183/183 147/147
f 5783/5634 5279/5153 6745/6521
f 606/606 664/664 5783/5634
f 5784/5635 2131/2131 2132/2132
f 2068/2068 2130/2130 5784/5635
f 6270/6069 2202/2202 5785/5636
f 2201/2201 6647/6426 5785/5636
f 5786/5637 506/506 450/450
f 6774/6549 2916/2916 2915/2915
f 4425/4425 4426/4426 5569/5426
f 2054/2054 2055/2055 2000/2000
f 4522/4522 6506/6294 4523/4523
f 5532/5391 5290/5164 6590/6374
f 494/494 6191/5999 5532/5391
f 5324/5198 6/6 5/5
f 5788/6653 4916/4916 5757/6654
f 5789/6715 2487/2487 5756/6716
f 2486/2486 5790/6839 6101/5917
f 5791/5638 4618/4618 6752/6528
f 6284/6081 5792/5639 2003/2003
f 2234/2234 2235/2235 2172/2172
f 2958/2958 3035/3035 3036/3036
f 4484/4484 4483/4483 4530/4530
f 4529/4529 4483/4483 5959/5790
f 5794/5641 1832/1832 1759/1759
f 1904/1904 1905/1905 5794/5641
f 5795/5642 2932/2932 5543/5402
f 2996/2996 2995/2995 5528/5387
f 3066/3066 3126/3126 3127/3127
f 2200/2200 2136/2136 2199/2199
f 6256/6058 2864/2864 2811/2811
f 6388/6181 1052/1052 1053/1053
f 5797/5644 1394/1394 1393/1393
f 5755/5608 5797/5644 1393/1393
f 5112/4990 3140/3140 3074/3074
f 2235/2235 5798/5645 2282/2282
f 2283/2283 2282/2282 5798/5645
f 3706/3706 3839/3839 3840/3840
f 6040/5862 2168/2168 2167/2167
f 5987/5812 4870/4870 5219/5097
f 3783/3783 3845/3845 3784/3784
f 5551/5409 618/618 5975/5801
f 674/674 736/736 5551/5409
f 857/857 790/790 724/724
f 5799/5646 859/859 791/791
f 924/924 6658/6437 865/865
f 6584/6368 2863/2863 2810/2810
f 5795/5642 2933/2933 2932/2932
f 3160/3160 3161/3161 5512/5375
f 5540/5399 3356/3356 3286/3286
f 4198/4198 4141/4141 4140/4140
f 4150/4150 4209/4209 4151/4151
f 2953/2953 2901/2901 2952/2952
f 5800/5647 2931/2931 2993/2993
f 5572/5429 6307/6103 3014/3014
f 2580/2580 2641/2641 2642/2642
f 5557/5414 3122/3122 3123/3123
f 5801/6884 4878/4878 5001/6885
f 5802/6700 6861/6620 4973/6701
f 70/70 96/96 97/97
f 3608/3608 3744/3744 5804/6856
f 6419/6209 365/365 5805/5648
f 6612/6392 5806/5649 3877/3877
f 3875/3875 5806/5649 3816/3816
f 1459/1459 1599/1599 5978/5803
f 1528/1528 1598/1598 5553/5411
f 5531/5390 5267/5141 6663/6442
f 2102/2102 2103/2103 2041/2041
f 3490/3490 3419/3419 6784/6559
f 2629/2629 5393/5260 2694/2694
f 5303/5177 3107/3107 3108/3108
f 6804/6578 564/564 5547/5405
f 2594/2594 2593/2593 2653/2653
f 2450/2450 2451/2451 5807/5650
f 501/501 500/500 6208/6012
f 5135/5013 346/346 5432/5299
f 2530/2530 5890/5721 2596/2596
f 5142/5020 2481/2481 2480/2480
f 5809/5652 144/144 145/145
f 5810/5653 2543/2543 2542/2542
f 5811/5654 4327/4327 4268/4268
f 6603/6385 5811/5654 4267/4267
f 5812/5655 556/556 557/557
f 557/557 6294/6091 5812/5655
f 730/730 796/796 797/797
f 2656/2656 2657/2657 5606/5463
f 6131/5947 4842/4842 4843/4843
f 2476/2476 5188/5066 2427/2427
f 4202/4202 4261/4261 5928/5759
f 2404/2404 2448/2448 5061/4939
f 6326/6122 2639/2639 5042/4930
f 3355/3355 3428/3428 6170/5984
f 2419/2419 6582/6367 2418/2418
f 5201/5079 5720/5576 2426/2426
f 2587/2587 2588/2588 2524/2524
f 793/793 792/792 6789/6563
f 6273/6072 5454/5321 864/864
f 5814/5657 6216/6019 4805/4805
f 5815/6757 71/71 4949/6758
f 5816/6820 1141/1141 4926/6821
f 5030/6797 5817/6796 6122/5938
f 5032/6735 1082/1082 6395/6187
f 6283/6080 2830/2830 2886/2886
f 4742/4742 4780/4780 4781/4781
f 4805/4805 6475/6263 5575/5432
f 299/299 256/256 255/255
f 299/299 300/300 257/257
f 5198/5076 305/305 306/306
f 5818/5658 4052/4052 5577/5434
f 5818/5658 6102/5918 4053/4053
f 276/276 237/237 275/275
f 277/277 6111/5927 6215/6018
f 723/723 5279/5153 664/664
f 6278/6076 5425/5292 5996/5821
f 6387/6180 5986/5811 5820/5660
f 5820/5660 4679/4679 5579/5436
f 5580/5437 4175/4175 4176/4176
f 5822/5662 3746/3746 6110/5926
f 3872/3872 5822/5662 6110/5926
f 1014/1014 1084/1084 6132/5948
f 1210/1210 1211/1211 6807/6581
f 3813/3813 3933/3933 3993/3993
f 4635/4635 4634/4634 4677/4677
f 6492/6280 4543/4543 4595/4595
f 2083/2083 2145/2145 2146/2146
f 194/194 162/162 127/127
f 5823/5663 4000/4000 6120/5936
f 4056/4056 4121/4121 4122/4122
f 6119/5935 577/577 5995/5820
f 2308/2308 2256/2256 2307/2307
f 3872/3872 3936/3936 3873/3873
f 1676/1676 1752/1752 1677/1677
f 2197/2197 2196/2196 2252/2252
f 2197/2197 2198/2198 2134/2134
f 173/173 209/209 138/138
f 1867/1867 1722/1722 1792/1792
f 5826/5666 1140/1140 1277/1277
f 4112/4112 4111/4111 5580/5437
f 5827/5667 5718/5574 5176/5054
f 5827/5667 5394/5261 5718/5574
f 160/160 159/159 5828/5668
f 2204/2204 2142/2142 2141/2141
f 131/131 166/166 132/132
f 3995/3995 3935/3935 5997/5822
f 3575/3575 6707/6484 6411/6203
f 2082/2082 2145/2145 2083/2083
f 2207/2207 2208/2208 6346/6142
f 2871/2871 2872/2872 2818/2818
f 1869/1869 1795/1795 1794/1794
f 252/252 211/211 210/210
f 4446/4446 4498/4498 4447/4447
f 6020/5844 4681/4681 4680/4680
f 5997/5822 5574/5431 5832/5672
f 5832/5672 3741/3741 5994/5819
f 192/192 5833/5673 234/234
f 5834/5674 1688/1688 1687/1687
f 5228/5106 3012/3012 2938/2938
f 4657/4657 4696/4696 4721/4721
f 5516/6662 6163/5977 4899/4899
f 4899/4899 4898/4898 6565/6663
f 4117/4117 5581/5438 4116/4116
f 4677/4677 6220/6023 6332/6128
f 3812/3812 3740/3740 3739/3739
f 1386/1386 5961/5792 1311/1311
f 2279/2279 5999/5824 2229/2229
f 3640/3640 3639/3639 3708/3708
f 2642/2642 2709/2709 5836/5676
f 1079/1079 6683/6461 1206/1206
f 4173/4173 4049/4049 4109/4109
f 1017/1017 956/956 6678/6456
f 5837/5677 1018/1018 957/957
f 4649/4649 4606/4606 4559/4559
f 6605/6387 3991/3991 3992/3992
f 4678/4678 4636/4636 5838/5678
f 363/363 364/364 315/315
f 460/460 5839/5679 411/411
f 6534/6321 3751/3751 3752/3752
f 1896/1896 5523/5382 1823/1823
f 5145/5023 5174/5052 2211/2211
f 5979/5804 2265/2265 2318/2318
f 3814/3814 3743/3743 5574/5431
f 4119/4119 4236/4236 4120/4120
f 4607/4607 4606/4606 6230/6033
f 2238/2238 2176/2176 2237/2237
f 5842/5682 5196/5074 5484/5347
f 4027/4027 6089/5905 3967/3967
f 3966/3966 3965/3965 5272/5146
f 2777/2777 2717/2717 6796/6570
f 6671/6449 2334/2334 2281/2281
f 5843/5683 2162/2162 2161/2161
f 2519/2519 6509/6297 2580/2580
f 4172/4172 4171/4171 4284/4284
f 2327/2327 2328/2328 2278/2278
f 2752/2752 2679/2679 2678/2678
f 5550/5408 5845/5685 2810/2810
f 6789/6563 859/859 5846/5686
f 5846/5686 919/919 6282/6079
f 6805/6579 2198/2198 2253/2253
f 1828/1828 6158/5973 5191/5069
f 180/180 143/143 142/142
f 2395/2395 2394/2394 5355/5229
f 5847/5687 195/195 5576/5433
f 5848/5688 5611/5468 6417/6207
f 2647/2647 2646/2646 5849/5689
f 5849/5689 2718/2718 2719/2719
f 5850/5690 2510/2510 2458/2458
f 5850/5690 2567/2567 5103/4981
f 199/199 164/164 128/128
f 4229/4229 4173/4173 4109/4109
f 6592/6376 5721/5577 2885/2885
f 5851/5691 2421/2421 2381/2381
f 6186/5995 2878/2878 2823/2823
f 6814/6588 892/892 950/950
f 1013/1013 6814/6588 950/950
f 5295/5169 3100/3100 3099/3099
f 5852/5692 2504/2504 2561/2561
f 5852/5692 2627/2627 2562/2562
f 5853/5693 1972/1972 6269/6068
f 2317/2317 2318/2318 6286/6083
f 2364/2364 2365/2365 5854/5694
f 1175/1175 1174/1174 1244/1244
f 5306/5180 6146/5962 2558/2558
f 6701/6478 1756/1756 1757/1757
f 5462/5329 6642/6421 5855/5695
f 5855/5695 4477/4477 5641/5498
f 5166/5044 5461/5328 5691/5547
f 5856/5696 2786/2786 2787/2787
f 2547/2547 2613/2613 2548/2548
f 2548/2548 2674/2674 2549/2549
f 2240/2240 2178/2178 5492/5355
f 5537/5396 4580/4580 4624/4624
f 400/400 6264/6063 399/399
f 6841/6678 4745/4745 4744/4744
f 5858/6753 128/128 4951/6754
f 6519/6862 4178/4178 5011/6863
f 829/829 764/764 4957/6739
f 2789/2789 2727/2727 5860/5697
f 6286/6083 2316/2316 2317/2317
f 2766/2766 6889/6642 6748/6524
f 3495/3495 3425/3425 3494/3494
f 5862/5699 3426/3426 3497/3497
f 5862/5699 3497/3497 5094/4972
f 2545/2545 6128/5944 2544/2544
f 6139/5955 221/221 5624/5481
f 6760/6536 6250/6052 5118/4996
f 218/218 219/219 181/181
f 6359/6153 218/218 260/260
f 1973/1973 5863/5700 1974/1974
f 5863/5700 5841/5681 2095/2095
f 6025/5847 6523/6310 2370/2370
f 5848/5688 6417/6207 2462/2462
f 2570/2570 2511/2511 2461/2461
f 3010/3010 3009/3009 5349/5223
f 5864/5701 5355/5229 5095/4973
f 5865/5702 5114/4992 2439/2439
f 2482/2482 5109/4987 2531/2531
f 5866/5703 5336/5210 4377/4377
f 2269/2269 2322/2322 2323/2323
f 2323/2323 2372/2372 2373/2373
f 6617/6396 2367/2367 6441/6229
f 2514/2514 2513/2513 2573/2573
f 5867/5704 2697/2697 5623/5480
f 6588/6372 2667/2667 6248/6050
f 6447/6235 5609/5466 1827/1827
f 110/110 6634/6413 81/81
f 5868/5705 2374/2374 2415/2415
f 5869/5706 2904/2904 6048/5870
f 2540/2540 2541/2541 2489/2489
f 5870/5707 84/84 114/114
f 6806/6580 2574/2574 2515/2515
f 4844/4844 5634/5491 6724/6500
f 4843/4843 4845/4845 4844/4844
f 2180/2180 5255/5129 6562/6348
f 2465/2465 5115/4993 2417/2417
f 2215/2215 2214/2214 6699/6476
f 4886/4886 4903/4903 5106/4984
f 4867/4867 5871/5708 4868/4868
f 42/42 24/24 6029/5851
f 5400/5267 4699/4699 4662/4662
f 5400/5267 5366/5240 4699/4699
f 6247/6049 5873/5710 6759/6535
f 3004/3004 3005/3005 2935/2935
f 5036/4924 2936/2936 3005/3005
f 5017/6846 2909/2909 2965/2965
f 4991/6660 4912/4912 5410/5277
f 2850/2850 6600/6710 5876/6709
f 6096/5912 43/43 25/25
f 63/63 86/86 87/87
f 4819/4819 6035/5857 5632/5489
f 2731/2731 2794/2794 2795/2795
f 4847/4847 4869/4869 4870/4870
f 4846/4846 5634/5491 5877/5712
f 2348/2348 2247/2247 5381/5248
f 5383/5250 5878/5713 5650/5507
f 5361/5235 2297/2297 2246/2246
f 2123/2123 2124/2124 5678/5535
f 2243/2243 5681/5538 2183/2183
f 1941/1941 2010/2010 1942/1942
f 5880/5715 2478/2478 2479/2479
f 5299/5173 4898/4898 4862/4862
f 184/184 115/115 148/148
f 2518/2518 2579/2579 6509/6297
f 2733/2733 6482/6270 2796/2796
f 6257/6059 6352/6147 4889/4889
f 3070/3070 3071/3071 3006/3006
f 3069/3069 3131/3131 5304/5178
f 3132/3132 5304/5178 3131/3131
f 5883/5718 2552/2552 2553/2553
f 5453/5320 2445/2445 2400/2400
f 2444/2444 5181/5059 2443/2443
f 2659/2659 2658/2658 2729/2729
f 3205/3205 3281/3281 5764/5615
f 3204/3204 3133/3133 5066/4944
f 4953/6749 280/280 281/281
f 5886/6811 526/526 584/584
f 5887/6872 4642/4642 4684/4684
f 5888/6688 4454/4454 4351/4351
f 5889/5720 2451/2451 2450/2450
f 2560/2560 6381/6174 5192/5070
f 6770/6545 2280/2280 2331/2331
f 3063/3063 2992/2992 5298/5172
f 2125/2125 5711/5567 5452/5319
f 2525/2525 5413/5280 2526/2526
f 2525/2525 5414/5281 5076/4954
f 4146/4146 6863/6622 5321/5195
f 2655/2655 2596/2596 5890/5721
f 4527/4527 4478/4478 4576/4576
f 5891/5722 4577/4577 4479/4479
f 43/43 44/44 26/26
f 5892/5723 4621/4621 5149/5027
f 5892/5723 4661/4661 4662/4662
f 5893/5724 2290/2290 5443/5310
f 2388/2388 5150/5028 5639/5496
f 110/110 5894/5725 6476/6264
f 5895/5726 5132/5010 5412/5279
f 19/19 6205/6009 37/37
f 5040/4928 2600/2600 2534/2534
f 5096/4974 5656/5513 6226/6029
f 5439/5306 5605/5462 5896/5727
f 5897/5728 2430/2430 2483/2483
f 5898/5729 4762/4762 4761/4761
f 5043/4931 5669/5526 6232/6035
f 5164/5042 4727/4727 5677/5534
f 2242/2242 5448/5315 2291/2291
f 5165/5043 5642/5499 5901/5732
f 5094/4972 3571/3571 5696/5552
f 6623/6402 2424/2424 2471/2471
f 2470/2470 2471/2471 2424/2424
f 3495/3495 5039/4927 3496/3496
f 2497/2497 6298/6095 2446/2446
f 985/985 5342/5216 5904/5735
f 5078/4956 1112/1112 5904/5735
f 5905/5736 5667/5524 5214/5092
f 2402/2402 5664/5521 5905/5736
f 6026/5848 2008/2008 2060/2060
f 5158/5036 56/56 6640/6419
f 1314/1314 5060/4938 6249/6051
f 5415/5282 5679/5536 5906/5737
f 88/88 45/45 65/65
f 5907/5738 2058/2058 6571/6356
f 5907/5738 2120/2120 5500/5363
f 5597/5454 2828/2828 5179/5057
f 5213/5091 2404/2404 5697/5553
f 5909/5740 6143/5959 2669/2669
f 5198/5076 223/223 262/262
f 2248/2248 5434/5301 5910/5741
f 177/177 6377/6171 178/178
f 2577/2577 2576/2576 5042/4930
f 2576/2576 6211/6015 5912/5743
f 5913/5744 4760/4760 4759/4759
f 5670/5527 5121/4999 2430/2430
f 5682/5539 5915/5746 6244/6046
f 2800/2800 5685/5541 2801/2801
f 118/118 6715/6491 117/117
f 6539/6326 150/150 117/117
f 2523/2523 2586/2586 6150/5965
f 5916/5747 6601/6383 3779/3779
f 5916/5747 5483/5346 6008/5833
f 5917/5748 6186/5995 5155/5033
f 5155/5033 5560/5417 5917/5748
f 5918/5749 2223/2223 2222/2222
f 5538/5397 3314/3314 5302/5176
f 6624/6403 5538/5397 5258/5132
f 4799/4799 6660/6439 4798/4798
f 3808/3808 3738/3738 3737/3737
f 1604/1604 1605/1605 5564/5421
f 5565/5422 1607/1607 6701/6478
f 2623/2623 6566/6351 2559/2559
f 6343/6139 5175/5053 2062/2062
f 2851/2851 2852/2852 2798/2798
f 6769/6544 2851/2851 2910/2910
f 28/28 5176/5054 46/46
f 343/343 299/299 6049/5871
f 2854/2854 6870/6629 2974/2974
f 5706/5562 6702/6479 4579/4579
f 5709/5565 5215/5093 5493/5356
f 5922/5753 4666/4666 5707/5563
f 5922/5753 5676/5533 4665/4665
f 5923/5754 2616/2616 6712/6488
f 922/922 5454/5321 5924/5755
f 5924/5755 921/921 5686/5542
f 5925/5756 6562/6348 2241/2241
f 6391/6184 5436/5303 5927/5758
f 108/108 141/141 109/109
f 5451/5318 5703/5559 4766/4766
f 5160/5038 5682/5539 6756/6532
f 6265/6064 2791/2791 5161/5039
f 4758/4758 5700/5556 5316/5190
f 2159/2159 2225/2225 2226/2226
f 5567/5424 6239/6041 3128/3128
f 5318/5192 4203/4203 4147/4147
f 4202/4202 5321/5195 4145/4145
f 2900/2900 5285/5159 6007/5832
f 5929/5760 5842/5682 3963/3963
f 6786/6560 6640/6419 55/55
f 6786/6560 54/54 79/79
f 6520/6307 5714/5570 5227/5105
f 5227/5105 5714/5570 5464/5331
f 2183/2183 5177/5055 6458/6246
f 2779/2779 2780/2780 2719/2719
f 4023/4023 4078/4078 4079/4079
f 5203/5081 175/175 213/213
f 447/447 6264/6063 400/400
f 2747/2747 2748/2748 6418/6208
f 5932/5763 394/394 345/345
f 5932/5763 393/393 440/440
f 5016/6848 6155/5970 6044/5866
f 6156/5971 4939/6786 6610/6785
f 1902/1902 6279/6077 1829/1829
f 1902/1902 1974/1974 1975/1975
f 2762/2762 6159/5974 2690/2690
f 5725/5581 2820/2820 2762/2762
f 6472/6260 4756/4756 5731/5587
f 2121/2121 5921/5752 5699/5555
f 2592/2592 2649/2649 5481/5344
f 5934/5765 5736/5592 5446/5313
f 6782/6557 5935/5766 2335/2335
f 5935/5766 5687/5543 2387/2387
f 5936/5767 4083/4083 5735/5591
f 4082/4082 5503/5366 5688/5544
f 1937/1937 1936/1936 5714/5570
f 1865/1865 1866/1866 1791/1791
f 6438/6226 5937/5768 5276/5150
f 986/986 987/987 922/922
f 2618/2618 2555/2555 2554/2554
f 2680/2680 2681/2681 2618/2618
f 6405/6197 5254/5128 4573/4573
f 5939/5770 5737/5593 1937/1937
f 6408/6200 5499/5362 5940/5771
f 6443/6231 2306/2306 6270/6069
f 2305/2305 5276/5150 2354/2354
f 6574/6359 6674/6452 5698/5554
f 5942/5773 5237/5115 1965/1965
f 5942/5773 1964/1964 5526/5385
f 5943/5774 6770/6545 2331/2331
f 5943/5774 2384/2384 5220/5098
f 2969/2969 2970/2970 2912/2912
f 4379/4379 6133/5949 4325/4325
f 2710/2710 2773/2773 2711/2711
f 5985/5810 6268/6067 3427/3427
f 5944/5775 3423/3423 3422/3422
f 6350/6765 12/12 6161/6766
f 2065/2065 5739/5595 5250/5124
f 2007/2007 5716/5572 6490/6278
f 505/505 504/504 562/562
f 2857/2857 2858/2858 2806/2806
f 4702/4702 4701/4701 6567/6352
f 5946/5777 6573/6358 5526/5385
f 5946/5777 2028/2028 6413/6205
f 5273/5147 3903/3903 6581/6366
f 2839/2839 2782/2782 2781/2781
f 2757/2757 2685/2685 5508/5371
f 1319/1319 1392/1392 1393/1393
f 341/341 340/340 391/391
f 6798/6572 5689/5545 3038/3038
f 1861/1861 1933/1933 1934/1934
f 6731/6507 6463/6251 3037/3037
f 2959/2959 5949/5780 2960/2960
f 2715/2715 2776/2776 2716/2716
f 5950/5781 5281/5155 3778/3778
f 5268/5142 6578/6363 6109/5925
f 4172/4172 4108/4108 4171/4171
f 3098/3098 5742/5598 3171/3171
f 3094/3094 3167/3167 3095/3095
f 3043/3043 3096/3096 3097/3097
f 3038/3038 3093/3093 3039/3039
f 3241/3241 3240/3240 3316/3316
f 5954/5785 1940/1940 1871/1871
f 1871/1871 1870/1870 5954/5785
f 253/253 297/297 254/254
f 2970/2970 3045/3045 5956/5787
f 6151/5966 6432/6220 5745/5601
f 1638/1638 1713/1713 1714/1714
f 4790/4790 4789/4789 4814/4814
f 4747/4747 4746/4746 4783/4783
f 5958/5789 4713/4713 4689/4689
f 5959/5790 4431/4431 4482/4482
f 5960/5791 2660/2660 6243/6045
f 5960/5791 6528/6315 2661/2661
f 6382/6175 2030/2030 2091/2091
f 5138/5016 5405/5272 6382/6175
f 3573/3573 5210/5088 3498/3498
f 3573/3573 3643/3643 3574/3574
f 6044/5866 5015/6849 5016/6848
f 5253/5127 6574/6359 1312/1312
f 2028/2028 1895/1895 1963/1963
f 2509/2509 2567/2567 5850/5690
f 5962/6736 954/954 5684/6737
f 5963/6798 127/127 6149/6799
f 5964/6675 4783/4783 6259/6676
f 5965/6756 129/129 98/98
f 953/953 6142/5958 5966/6819
f 276/276 318/318 6236/6038
f 4054/4054 3937/3937 6729/6505
f 1610/1610 1533/1533 6337/6133
f 5967/5793 5781/5632 2686/2686
f 2759/2759 2818/2818 5967/5793
f 1930/1930 1856/1856 1929/1929
f 4721/4721 4697/4697 4657/4657
f 5968/5794 2311/2311 5741/5597
f 5969/5795 1603/1603 1529/1529
f 6762/6538 5969/5795 1461/1461
f 2174/2174 2113/2113 2112/2112
f 5293/5167 2954/2954 6082/5899
f 5751/5604 3015/3015 3016/3016
f 5970/5796 2939/2939 6322/6118
f 5971/5797 2169/2169 2168/2168
f 3901/3901 3902/3902 5972/5798
f 6324/6120 2776/2776 6224/6027
f 6435/6223 3907/3907 6467/6255
f 5973/5799 77/77 76/76
f 5973/5799 105/105 6285/6082
f 1644/1644 1721/1721 1645/1645
f 857/857 789/789 856/856
f 1115/1115 1180/1180 1181/1181
f 1943/1943 1873/1873 6288/6085
f 5974/5800 390/390 437/437
f 563/563 5292/5166 5975/5801
f 5551/5409 5975/5801 617/617
f 5976/6870 4598/4598 5006/6871
f 404/404 5504/5367 5977/5802
f 5977/5802 451/451 452/452
f 5458/5325 5701/5557 2877/2877
f 1535/1535 1612/1612 6800/6574
f 5271/5145 2929/2929 2930/2930
f 3502/3502 6461/6249 3503/3503
f 3501/3501 3430/3430 3429/3429
f 3314/3314 3458/3458 5302/5176
f 6660/6439 4772/4772 4733/4733
f 4784/4784 6121/5937 4807/4807
f 6150/5965 2474/2474 2523/2523
f 6868/6627 5283/5157 3106/3106
f 564/564 6804/6578 619/619
f 3279/3279 5441/5308 6766/6542
f 2153/2153 5139/5017 5392/5259
f 5979/5804 2266/2266 5145/5023
f 5979/5804 2319/2319 2320/2320
f 6675/6453 4326/4326 4381/4381
f 5607/5464 5379/5246 5104/4982
f 6632/6411 5311/5185 5915/5746
f 4844/4844 4845/4845 5634/5491
f 6183/5992 5981/5806 2217/2217
f 2217/2217 5104/4982 2270/2270
f 2374/2374 6710/6486 2415/2415
f 146/146 6448/6236 5353/5227
f 2463/2463 2415/2415 2414/2414
f 6074/5895 6617/6396 2458/2458
f 5760/5611 5100/4978 5622/5479
f 6359/6153 219/219 218/218
f 2344/2344 5107/4985 2345/2345
f 2671/2671 2609/2609 2670/2670
f 2391/2391 6529/6316 5107/4985
f 2346/2346 2393/2393 5105/4983
f 38/38 20/20 19/19
f 2662/2662 2663/2663 2602/2602
f 796/796 729/729 728/728
f 6365/6159 24/24 42/42
f 2516/2516 2575/2575 5982/5807
f 5982/5807 5912/5743 2516/2516
f 6363/6157 4866/4866 4888/4888
f 1389/1389 1464/1464 6772/6547
f 2468/2468 2422/2422 5408/5275
f 3208/3208 3073/3073 3207/3207
f 3935/3935 6862/6621 5983/5808
f 6495/6283 6277/6075 1177/1177
f 2643/2643 2644/2644 2585/2585
f 1962/1962 6688/6465 2027/2027
f 5984/5809 3424/3424 5602/5459
f 5985/5810 3426/3426 5862/5699
f 5862/5699 3498/3498 5985/5810
f 792/792 793/793 6272/6071
f 2615/2615 2616/2616 2553/2553
f 5777/5628 4084/4084 5735/5591
f 5521/5380 2887/2887 6312/6108
f 4815/4815 4835/4835 4816/4816
f 4638/4638 6492/6280 5986/5811
f 5986/5811 4637/4637 5820/5660
f 6635/6414 4288/4288 4230/4230
f 6171/5985 4051/4051 6184/5993
f 6332/6128 5838/5678 4677/4677
f 5524/5383 5987/5812 5219/5097
f 6620/6399 4115/4115 4231/4231
f 2177/2177 2176/2176 2238/2238
f 3576/3576 6707/6484 3645/3645
f 5988/5813 3994/3994 3993/3993
f 5988/5813 4112/4112 4113/4113
f 4176/4176 4287/4287 5831/5671
f 1978/1978 5529/5388 1905/1905
f 4777/4777 4778/4778 6104/5920
f 131/131 99/99 71/71
f 956/956 955/955 6678/6456
f 6434/6222 5989/5814 5829/5669
f 6336/6132 4111/4111 4110/4110
f 5755/5608 6665/6444 1534/1534
f 5990/5815 448/448 449/449
f 5990/5815 5786/5637 402/402
f 2805/2805 2856/2856 5931/5762
f 5991/5816 161/161 5819/5659
f 957/957 1018/1018 1019/1019
f 379/379 330/330 286/286
f 3497/3497 5406/5273 5063/4941
f 466/466 467/467 415/415
f 1081/1081 6349/6145 5992/5817
f 1208/1208 5992/5817 5826/5666
f 5993/5818 192/192 5828/5668
f 3242/3242 3317/3317 6406/6198
f 5994/5819 3740/3740 3812/3812
f 4121/4121 4237/4237 6125/5941
f 577/577 6119/5935 5824/5664
f 275/275 237/237 236/236
f 4052/4052 4114/4114 5577/5434
f 4779/4779 4742/4742 4741/4741
f 5176/5054 6504/6292 5827/5667
f 5996/5821 2885/2885 5721/5577
f 5996/5821 5228/5106 2938/2938
f 5997/5822 5832/5672 3934/3934
f 5997/5822 3870/3870 5574/5431
f 6224/6027 2835/2835 2896/2896
f 6116/5932 3708/3708 3707/3707
f 5999/5824 2230/2230 2229/2229
f 5999/5824 2331/2331 2280/2280
f 5205/5083 5771/5622 2972/2972
f 5771/5622 5169/5047 2971/2971
f 955/955 893/893 5808/5651
f 2082/2082 6346/6142 2145/2145
f 4713/4713 4714/4714 6000/5825
f 2307/2307 6076/5897 2356/2356
f 287/287 243/243 286/286
f 2528/2528 2592/2592 5762/5613
f 6002/5827 3811/3811 3739/3739
f 4208/4208 4209/4209 4150/4150
f 6004/5829 4325/4325 6421/6211
f 5138/5016 2092/2092 2031/2031
f 1278/1278 1208/1208 5826/5666
f 5196/5074 3842/3842 6141/5957
f 6005/5830 4784/4784 4807/4807
f 4785/4785 6816/6590 6005/5830
f 4078/4078 4022/4022 6006/5831
f 2837/2837 2779/2779 6007/5832
f 1932/1932 5234/5112 2007/2007
f 4818/4818 5233/5111 4837/4837
f 6300/6097 2906/2906 2848/2848
f 6008/5833 5483/5346 5195/5073
f 2473/2473 5482/5345 2425/2425
f 5199/5077 5476/5339 2302/2302
f 5824/5664 632/632 633/633
f 4056/4056 5823/5663 4121/4121
f 6010/5835 727/727 668/668
f 6507/6295 5216/5094 4318/4318
f 6148/5964 4318/4318 4319/4319
f 5461/5328 2339/2339 6682/6460
f 6012/5837 5445/5312 2387/2387
f 2095/2095 2035/2035 5863/5700
f 3427/3427 5261/5135 5604/5461
f 3423/3423 3278/3278 3351/3351
f 3002/3002 6542/6329 6124/5940
f 5761/5612 3003/3003 3004/3004
f 6582/6367 5312/5186 6013/5838
f 5729/5585 2191/2191 6172/5986
f 5027/4921 6350/6765 6014/6764
f 5625/5482 5355/5229 5075/4953
f 2781/2781 2780/2780 2838/2838
f 6015/5839 2510/2510 2568/2568
f 2635/2635 5758/5609 2571/2571
f 6016/5840 6512/6300 6287/6084
f 6615/6395 2278/2278 2328/2328
f 2517/2517 2577/2577 2578/2578
f 6018/5842 5384/5251 6780/6555
f 6018/5842 4839/4839 5073/4951
f 6019/5843 2352/2352 2353/2353
f 199/199 200/200 164/164
f 2583/2583 5347/5221 2521/2521
f 4741/4741 6020/5844 5579/5436
f 6020/5844 4680/4680 5579/5436
f 3000/3000 5567/5424 3067/3067
f 2696/2696 2764/2764 6526/6313
f 3814/3814 6709/6858 6022/6857
f 6023/6795 6809/6583 5817/6796
f 4472/4472 4424/4424 4423/4423
f 1925/1925 1999/1999 2054/2054
f 2821/2821 2763/2763 6309/6105
f 1793/1793 1794/1794 1724/1724
f 6732/6508 5536/5395 6024/5846
f 6024/5846 210/210 211/211
f 5842/5682 5484/5347 3841/3841
f 2190/2190 2128/2128 6100/5916
f 6276/6831 1935/1935 6026/5848
f 6026/5848 5182/5060 6085/6832
f 4729/4729 6630/6409 5830/5670
f 2697/2697 2696/2696 6526/6313
f 1642/1642 1719/1719 1643/1643
f 6254/6056 4860/4860 4881/4881
f 3041/3041 2963/2963 2962/2962
f 2313/2313 2312/2312 2360/2360
f 5473/5336 5237/5115 2088/2088
f 2284/2284 2336/2336 2337/2337
f 112/112 6737/6513 6028/5850
f 2539/2539 5325/5199 2538/2538
f 6029/5851 23/23 40/40
f 6029/5851 41/41 42/42
f 2536/2536 5093/4971 2602/2602
f 6030/5852 5344/5218 4887/4887
f 6030/5852 6518/6306 5323/5197
f 6499/6287 6402/6194 5115/4993
f 6499/6287 5115/4993 2465/2465
f 6522/6309 2393/2393 2435/2435
f 6031/5853 5802/6700 4974/6699
f 6097/5913 4841/4841 5043/4931
f 2390/2390 5309/5183 2389/2389
f 3744/3744 3608/3608 3676/3676
f 6022/6857 5804/6856 3744/3744
f 6779/6554 2128/2128 2190/2190
f 4521/4521 4617/4617 4570/4570
f 1926/1926 1853/1853 1852/1852
f 4886/4886 5331/5205 4903/4903
f 2666/2666 2737/2737 2605/2605
f 2937/2937 2882/2882 5116/4994
f 2324/2324 5638/5495 2375/2375
f 6032/5854 2272/2272 2220/2220
f 216/216 217/217 6314/6110
f 6314/6110 5657/5514 216/216
f 2279/2279 6808/6582 2330/2330
f 6680/6458 1607/1607 1608/1608
f 502/502 560/560 503/503
f 6033/5855 5393/5260 5143/5021
f 6034/5856 5919/5750 2552/2552
f 6034/5856 5883/5718 5068/4946
f 6244/6046 6130/5946 4821/4821
f 5772/5623 6424/6214 1173/1173
f 6035/5857 5310/5184 6094/5910
f 6035/5857 4840/4840 5878/5713
f 6036/5858 1112/1112 1176/1176
f 6036/5858 1245/1245 5776/5627
f 6496/6284 2499/2499 2447/2447
f 1319/1319 1248/1248 1318/1318
f 1311/1311 1242/1242 1241/1241
f 6295/6092 3710/3710 3642/3642
f 6038/5860 5489/5352 5246/5120
f 6038/5860 3161/3161 3162/3162
f 3931/3931 3991/3991 3932/3932
f 3715/3715 3647/3647 3646/3646
f 1894/1894 5793/5640 1751/1751
f 2864/2864 6256/6058 5550/5408
f 5839/5679 460/460 461/461
f 412/412 5839/5679 461/461
f 3644/3644 3713/3713 6218/6021
f 2997/2997 2933/2933 5795/5642
f 2628/2628 6042/5864 2691/2691
f 2204/2204 2257/2257 6043/5865
f 5127/5005 3042/3042 3041/3041
f 6202/6006 6731/6507 5224/5102
f 800/800 6658/6437 866/866
f 6733/6509 4512/4512 4560/4560
f 6793/6567 2172/2172 2236/2236
f 803/803 739/739 738/738
f 3109/3109 3052/3052 3051/3051
f 6455/6243 2953/2953 5293/5167
f 5825/5665 1146/1146 1019/1019
f 2853/2853 6543/6330 2801/2801
f 5205/5083 2972/2972 2853/2853
f 6444/6232 4028/4028 3968/3968
f 152/152 5456/5323 118/118
f 5715/5571 6604/6386 5178/5056
f 2846/2846 6693/6470 6046/5868
f 3069/3069 3130/3130 3131/3131
f 3134/3134 3135/3135 5313/5187
f 299/299 343/343 300/300
f 6049/5871 299/299 255/255
f 2855/2855 2804/2804 6050/5872
f 2854/2854 2855/2855 6050/5872
f 6051/5873 352/352 6569/6354
f 4473/4473 4474/4474 4426/4426
f 2115/2115 2117/2117 2116/2116
f 6052/5874 5153/5031 5385/5252
f 5154/5032 6053/5875 6780/6555
f 5240/6767 13/13 6054/5876
f 4797/4797 4767/4767 5052/4937
f 2957/2957 2958/2958 2902/2902
f 2080/2080 2024/2024 6751/6527
f 3425/3425 3495/3495 3496/3496
f 4891/4891 4909/4909 5933/5764
f 5701/5557 6055/5877 2877/2877
f 2966/2966 6769/6544 3043/3043
f 46/46 5718/5574 6056/5878
f 3128/3128 3129/3129 5775/5626
f 4529/4529 5537/5396 5568/5425
f 5256/5130 2958/2958 3036/3036
f 1832/1832 5834/5674 1759/1759
f 5289/5163 6695/6472 2994/2994
f 2067/2067 2130/2130 2068/2068
f 4266/4266 6603/6385 4267/4267
f 2860/2860 5552/5410 2917/2917
f 4626/4626 6059/5881 6736/6512
f 6059/5881 4581/4581 6794/6568
f 4897/4897 5299/5173 4882/4882
f 6060/5882 2275/2275 2274/2274
f 6060/5882 5050/4935 5312/5186
f 5049/4934 3129/3129 5911/5742
f 5546/5404 187/187 6061/5883
f 6290/6087 3245/3245 6739/6515
f 6739/6515 3247/3247 5295/5169
f 4143/4143 4144/4144 5446/5313
f 4143/4143 5479/5342 4201/4201
f 5474/5337 3101/3101 3047/3047
f 439/439 392/392 438/438
f 6062/5884 2086/2086 6413/6205
f 2085/2085 2084/2084 6062/5884
f 6473/6261 5296/5170 187/187
f 3568/3568 6064/5886 5212/5090
f 12/12 6293/6090 13/13
f 2758/2758 6577/6362 2685/2685
f 4668/4668 4669/4669 6736/6512
f 6676/6454 5259/5133 4824/4824
f 6066/5888 2902/2902 2842/2842
f 6066/5888 5733/5589 5297/5171
f 4497/4497 4446/4446 4394/4394
f 6261/6659 4913/4913 4912/4912
f 6176/6835 6067/6834 2245/2245
f 6636/6415 4941/6783 6583/6782
f 263/263 306/306 307/307
f 307/307 353/353 354/354
f 2974/2974 6638/6417 2854/2854
f 1821/1821 1751/1751 5793/5640
f 4618/4618 6174/5987 4571/4571
f 4618/4618 4658/4658 4659/4659
f 6068/5889 2003/2003 2002/2002
f 6069/5890 4474/4474 4473/4473
f 6070/5891 2056/2056 2055/2055
f 6070/5891 2117/2117 2178/2178
f 2364/2364 5854/5694 2317/2317
f 1605/1605 1682/1682 1606/1606
f 6787/6561 1929/1929 1928/1928
f 4657/4657 4658/4658 5791/5638
f 4723/4723 6408/6200 4697/4697
f 414/414 368/368 367/367
f 4117/4117 4055/4055 5581/5438
f 6282/6079 6812/6586 981/981
f 980/980 6723/6499 1045/1045
f 2099/2099 2038/2038 2037/2037
f 3198/3198 6607/6389 3276/3276
f 2099/2099 2098/2098 2159/2159
f 2159/2159 6330/6126 5566/5423
f 3066/3066 3127/3127 5423/5290
f 1079/1079 951/951 1013/1013
f 5806/5649 6612/6392 3752/3752
f 412/412 6419/6209 5805/5648
f 5851/5691 2328/2328 5490/5353
f 2270/2270 2218/2218 2217/2217
f 2271/2271 2220/2220 6073/5894
f 6074/5895 5359/5233 2368/2368
f 6074/5895 2458/2458 2412/2412
f 2349/2349 6840/6604 5369/5243
f 5763/5614 2209/2209 2262/2262
f 6075/5896 2794/2794 6528/6315
f 2403/2403 6558/6345 5471/5334
f 5213/5091 2356/2356 6076/5897
f 3503/3503 6461/6249 6077/5898
f 6078/6810 525/525 526/526
f 6858/6618 6079/6747 6884/6640
f 5960/5791 6335/6131 2660/2660
f 6081/6880 5814/5657 6212/6881
f 5546/5404 6649/6428 5286/5160
f 1600/1600 1678/1678 1601/1601
f 1611/1611 1612/1612 6217/6020
f 6083/5900 1686/1686 5549/5407
f 6084/5901 2101/2101 2100/2100
f 5278/5152 6084/5901 2160/2160
f 1858/1858 1714/1714 1785/1785
f 6086/5902 6684/6462 4816/4816
f 2260/2260 2261/2261 6554/6341
f 1896/1896 5245/5119 5523/5382
f 4834/4834 4815/4815 4814/4814
f 403/403 402/402 5786/5637
f 4151/4151 4087/4087 4086/4086
f 4152/4152 4151/4151 4209/4209
f 6553/6340 1833/1833 1761/1761
f 5528/5387 5289/5163 3123/3123
f 2024/2024 2144/2144 2081/2081
f 1926/1926 1854/1854 1853/1853
f 6668/6447 4568/4568 4567/4567
f 6087/5903 4485/4485 4433/4433
f 4024/4024 3961/3961 6088/5904
f 1282/1282 6807/6581 1211/1211
f 2752/2752 2678/2678 2751/2751
f 6339/6135 3130/3130 3069/3069
f 859/859 792/792 791/791
f 3204/3204 3134/3134 5882/5717
f 6089/5905 4027/4027 4084/4084
f 6089/5905 4028/4028 3967/3967
f 1756/1756 6701/6478 5334/5208
f 6090/5906 2300/2300 5690/5546
f 6090/5906 6225/6028 2441/2441
f 2841/2841 5297/5171 5733/5589
f 6066/5888 5297/5171 2956/2956
f 555/555 554/554 610/610
f 5438/5305 6235/6037 6091/5907
f 6091/5907 1788/1788 1861/1861
f 6092/5908 1140/1140 6349/6145
f 6093/5909 5086/4964 5314/5188
f 6093/5909 4870/4870 5987/5812
f 4844/4844 5044/4932 4820/4820
f 2461/2461 2460/2460 5083/4961
f 5625/5482 2438/2438 2396/2396
f 2532/2532 2482/2482 5074/4952
f 6245/6047 4664/4664 4623/4623
f 2442/2442 2440/2440 6095/5911
f 2695/2695 2694/2694 5393/5260
f 6096/5912 42/42 62/62
f 6096/5912 63/63 43/43
f 6097/5913 5043/4931 6232/6035
f 6543/6330 5197/5075 5433/5300
f 6098/5914 5542/5401 5793/5640
f 5842/5682 5929/5760 5196/5074
f 5525/5384 6817/6591 3040/3040
f 2527/2527 5693/5549 5320/5194
f 6099/5915 5351/5225 2476/2476
f 6556/6343 612/612 6481/6269
f 5485/5348 5717/5573 5250/5124
f 2127/2127 5910/5741 6100/5916
f 3051/3051 3052/3052 2981/2981
f 6804/6578 6606/6388 738/738
f 4665/4665 5218/5096 4666/4666
f 2089/2089 2029/2029 5473/5336
f 3285/3285 3139/3139 3208/3208
f 2875/2875 5593/5450 2820/2820
f 2110/2110 2049/2049 2048/2048
f 2128/2128 6779/6554 5229/5107
f 1854/1854 1926/1926 1927/1927
f 4616/4616 6668/6447 4615/4615
f 4617/4617 4521/4521 4569/4569
f 2486/2486 6101/5917 5322/5196
f 6101/5917 2392/2392 5608/5465
f 608/608 666/666 609/609
f 6725/6501 5511/5374 4142/4142
f 6102/5918 5818/5658 4115/4115
f 6102/5918 4116/4116 5581/5438
f 2007/2007 1933/1933 1932/1932
f 2973/2973 2974/2974 2914/2914
f 6763/6539 6577/6362 2758/2758
f 1999/1999 1925/1925 1850/1850
f 4472/4472 6386/6179 6103/5919
f 6103/5919 4473/4473 4424/4424
f 2886/2886 2939/2939 2887/2887
f 4739/4739 6104/5920 4709/4709
f 6583/6782 4942/6781 9/9
f 3810/3810 3811/3811 6002/5827
f 3933/3933 6605/6387 3992/3992
f 4592/4592 4635/4635 4593/4593
f 6220/6023 4677/4677 6440/6228
f 6105/5921 1998/1998 1997/1997
f 6105/5921 2053/2053 2116/2116
f 6106/5922 4113/4113 4179/4179
f 6107/5923 4777/4777 6104/5920
f 6107/5923 4804/4804 6475/6263
f 5585/5442 1145/1145 1017/1017
f 4709/4709 4740/4740 6108/5924
f 6108/5924 5586/5443 4709/4709
f 275/275 236/236 235/235
f 237/237 276/276 6215/6018
f 6109/5925 3840/3840 5972/5798
f 6109/5925 3903/3903 5268/5142
f 4084/4084 4149/4149 4085/4085
f 2952/2952 2951/2951 3028/3028
f 6111/5927 277/277 320/320
f 4115/4115 5818/5658 4231/4231
f 2131/2131 5743/5599 2132/2132
f 5829/5669 3747/3747 3748/3748
f 3747/3747 3872/3872 3873/3873
f 192/192 193/193 5991/5816
f 234/234 235/235 193/193
f 3350/3350 6241/6043 3277/3277
f 6621/6400 3418/3418 3565/3565
f 2012/2012 1944/1944 6112/5928
f 1943/1943 6811/6585 6112/5928
f 164/164 200/200 6114/5930
f 165/165 5759/5610 201/201
f 1015/1015 6596/6380 6189/5997
f 2701/2701 5100/4978 2700/2700
f 4054/4054 3998/3998 3937/3937
f 276/276 6236/6038 319/319
f 318/318 276/276 275/275
f 6172/5986 2191/2191 2192/2192
f 6791/6565 2624/2624 5781/5632
f 2687/2687 2624/2624 6791/6565
f 6336/6132 5821/5661 4111/4111
f 6115/5931 2511/2511 5758/5609
f 2513/2513 6115/5931 2573/2573
f 5692/5548 263/263 264/264
f 2506/2506 2455/2455 2454/2454
f 2453/2453 2505/2505 6117/5933
f 4180/4180 4117/4117 4234/4234
f 6000/5825 6230/6033 6653/6432
f 2480/2480 5639/5496 6366/6160
f 5968/5794 6531/6318 2259/2259
f 4679/4679 5820/5660 4637/4637
f 244/244 6001/5826 287/287
f 288/288 287/287 330/330
f 465/465 466/466 414/414
f 6119/5935 520/520 5824/5664
f 6120/5936 4000/4000 6502/6290
f 6120/5936 4119/4119 4120/4120
f 6608/6390 4315/4315 4316/4316
f 4738/4738 4776/4776 6107/5923
f 3672/3672 3673/3673 3603/3603
f 4325/4325 4324/4324 4378/4378
f 4028/4028 6425/6215 3968/3968
f 5479/5342 4200/4200 4260/4260
f 1204/1204 6708/6485 1078/1078
f 365/365 366/366 6236/6038
f 4498/4498 4544/4544 4545/4545
f 4870/4870 4871/4871 5219/5097
f 5031/6674 4807/4807 6121/5937
f 4020/4020 4076/4076 4021/4021
f 160/160 6809/6583 125/125
f 5476/5339 5199/5077 6123/5939
f 6123/5939 2398/2398 5391/5258
f 4374/4374 5252/5126 5520/5379
f 1873/1873 1942/1942 6288/6085
f 6124/5940 5917/5748 5560/5417
f 6125/5941 4122/4122 4121/4121
f 577/577 578/578 5995/5820
f 6126/5942 633/633 690/690
f 5437/5304 5186/5064 4526/4526
f 77/77 5554/5412 52/52
f 6590/6374 5290/5164 552/552
f 5370/5244 2367/2367 2368/2368
f 6127/5943 4949/6758 71/71
f 763/763 6893/6646 5022/6815
f 4745/4745 6841/6678 4986/6677
f 300/300 343/343 344/344
f 351/351 304/304 5170/5048
f 5246/5120 6754/6530 3036/3036
f 5013/6851 6406/6198 3317/3317
f 2491/2491 2546/2546 5629/5486
f 6129/5945 2573/2573 2572/2572
f 2572/2572 5760/5611 6129/5945
f 4592/4592 4541/4541 4540/4540
f 3932/3932 3869/3869 3931/3931
f 5229/5107 5729/5585 5505/5368
f 145/145 181/181 182/182
f 2484/2484 2432/2432 5813/5656
f 5689/5545 6798/6572 5223/5101
f 6244/6046 5311/5185 6130/5946
f 6130/5946 4846/4846 4821/4821
f 2914/2914 2802/2802 5197/5075
f 6131/5947 5043/4931 4841/4841
f 6131/5947 4843/4843 4820/4820
f 6132/5948 1015/1015 1014/1014
f 6660/6439 4733/4733 4771/4771
f 3384/3384 3313/3313 3382/3382
f 4889/4889 5645/5502 6257/6059
f 5285/5159 2951/2951 2901/2901
f 2630/2630 5779/5630 2629/2629
f 2567/2567 2630/2630 5103/4981
f 4715/4715 6816/6590 4785/4785
f 6052/5874 5385/5252 2183/2183
f 4838/4838 6018/5842 6780/6555
f 1859/1859 1931/1931 1860/1860
f 1792/1792 1791/1791 1866/1866
f 2379/2379 6560/6347 2420/2420
f 5222/5100 6773/6548 5440/5307
f 1044/1044 979/979 1043/1043
f 6388/6181 989/989 6213/6016
f 6272/6071 794/794 727/727
f 797/797 5704/5560 731/731
f 6133/5949 4379/4379 4380/4380
f 6133/5949 4380/4380 4381/4381
f 6374/6168 6551/6338 2292/2292
f 6134/5950 5309/5183 2343/2343
f 5702/5558 6274/6073 1863/1863
f 5385/5252 5072/4950 2243/2243
f 5316/5190 6753/6529 5073/4951
f 1315/1315 1245/1245 6249/6051
f 1681/1681 1605/1605 1604/1604
f 2896/2896 2835/2835 6474/6262
f 3784/3784 6181/5990 3783/3783
f 494/494 5532/5391 438/438
f 6625/6404 2656/2656 5879/5714
f 5674/5531 4577/4577 4578/4578
f 2459/2459 5083/4961 2460/2460
f 2463/2463 2414/2414 2512/2512
f 2154/2154 5139/5017 2153/2153
f 6136/5952 5242/6707 3096/3096
f 5544/5403 78/78 5284/5158
f 6695/6472 5289/5163 2995/2995
f 3045/3045 2969/2969 2968/2968
f 6137/5953 5335/5209 5098/4976
f 2223/2223 2158/2158 2157/2157
f 3317/3317 3386/3386 3387/3387
f 4894/4894 4874/4874 4873/4873
f 5205/5083 2912/2912 5771/5622
f 38/38 60/60 39/39
f 6138/5954 37/37 58/58
f 5521/5380 5249/5123 6283/6080
f 391/391 392/392 341/341
f 6139/5955 6027/5849 261/261
f 5108/4986 6747/6523 4868/4868
f 5189/5067 6011/5836 4204/4204
f 3710/3710 6593/6377 3781/3781
f 6141/5957 3842/3842 5280/5154
f 5816/6820 5966/6819 6142/5958
f 6758/6534 2543/2543 5810/5653
f 1014/1014 954/954 6395/6187
f 5815/6757 5965/6756 98/98
f 260/260 6514/6302 302/302
f 6514/6302 301/301 6144/5960
f 5524/5383 5386/5253 5987/5812
f 6006/5831 4021/4021 4077/4077
f 5807/5650 2407/2407 5442/5309
f 2557/2557 2558/2558 6146/5962
f 6146/5962 2449/2449 5061/4939
f 2501/2501 2559/2559 5418/5285
f 6147/5963 5916/5747 3780/3780
f 5768/5619 5475/5338 5695/5551
f 6887/6818 6510/6298 953/953
f 162/162 5857/6800 6149/6799
f 6211/6015 2418/2418 6499/6287
f 2871/2871 2818/2818 2817/2817
f 6151/5966 48/48 6432/6220
f 2976/2976 2915/2915 2975/2975
f 6287/6084 6512/6300 6152/5967
f 6512/6300 6275/6074 6152/5967
f 2427/2427 5734/5590 6012/5837
f 2102/2102 2163/2163 2103/2103
f 5674/5531 4479/4479 4577/4577
f 5566/5423 2275/2275 2225/2225
f 1973/1973 1974/1974 1901/1901
f 6154/5969 5194/5072 2251/2251
f 6154/5969 5844/5684 5447/5314
f 6315/6111 5573/5430 1468/1468
f 35/35 16/16 14/14
f 2580/2580 2642/2642 2519/2519
f 2902/2902 5256/5130 2903/2903
f 5459/5326 2157/2157 2096/2096
f 5459/5326 2222/2222 2223/2223
f 5154/5032 6703/6480 4818/4818
f 5830/5670 4669/4669 4668/4668
f 6155/5970 5016/6848 6611/6847
f 2965/2965 6340/6136 6155/5970
f 29/29 4939/6786 6156/5971
f 6156/5971 6056/5878 29/29
f 3015/3015 5751/5604 5970/5796
f 5429/5296 6157/5972 5200/5078
f 2675/2675 6853/6613 2749/2749
f 1825/1825 5450/5317 1898/1898
f 5198/5076 262/262 305/305
f 6609/6391 3076/3076 3144/3144
f 6160/5975 6426/6216 1460/1460
f 6866/6625 1385/1385 6661/6440
f 2899/2899 6007/5832 2836/2836
f 4747/4747 4783/4783 6121/5937
f 6162/5976 2966/2966 2967/2967
f 6164/5978 2894/2894 6474/6262
f 6164/5978 5752/5605 2893/2893
f 5349/5223 3136/3136 3072/3072
f 5558/5415 3009/3009 5180/5058
f 5180/5058 3010/3010 5562/5419
f 6165/5979 5509/5372 5265/5139
f 4259/4259 5216/5094 4260/4260
f 2285/2285 2286/2286 2238/2238
f 2087/2087 5942/5773 6573/6358
f 2239/2239 6398/6190 6204/6008
f 5486/5349 6047/5869 3282/3282
f 2321/2321 6810/6584 2268/2268
f 6699/6476 5102/4980 2267/2267
f 6712/6488 5498/5361 2617/2617
f 6167/5981 5846/5686 6282/6079
f 5489/5352 3162/3162 3163/3163
f 2959/2959 2903/2903 5256/5130
f 6240/6042 4671/4671 6834/6600
f 6720/6496 3033/3033 5297/5171
f 6811/6585 6288/6085 6169/5983
f 6170/5984 3428/3428 3499/3499
f 6170/5984 3500/3500 6411/6203
f 5029/6696 3871/3871 4976/6697
f 6171/5985 5029/6696 6616/6695
f 5730/5586 2807/2807 2859/2859
f 5750/5603 390/390 5974/5800
f 3901/3901 3959/3959 3902/3902
f 4768/4768 6400/6192 6567/6352
f 6546/6333 2135/2135 2072/2072
f 5292/5166 563/563 506/506
f 3246/3246 6739/6515 3245/3245
f 1758/1758 1610/1610 1685/1685
f 2129/2129 2011/2011 6172/5986
f 2066/2066 5729/5585 6172/5986
f 5144/5022 4527/4527 4576/4576
f 2779/2779 2837/2837 2780/2780
f 5281/5155 5726/5582 6803/6577
f 3013/3013 3014/3014 6322/6118
f 3198/3198 3199/3199 3127/3127
f 6750/6526 6285/6082 105/105
f 173/173 6750/6526 105/105
f 2282/2282 2283/2283 2236/2236
f 2177/2177 6398/6190 2115/2115
f 4571/4571 4572/4572 6506/6294
f 4721/4721 4722/4722 4723/4723
f 2004/2004 6071/5892 6407/6199
f 6175/5988 2175/2175 2174/2174
f 6175/5988 2236/2236 2283/2283
f 6818/6836 2296/2296 6586/6370
f 6177/6711 2735/2735 5746/6712
f 5748/6897 4918/4918 6203/6007
f 5085/4963 6179/6772 2/2
f 6409/6201 3907/3907 3844/3844
f 5754/5607 2716/2716 2776/2776
f 6180/5989 1791/1791 1720/1720
f 6180/5989 5728/5584 5740/5596
f 5956/5787 3099/3099 2970/2970
f 2537/2537 2664/2664 5020/6841
f 507/507 564/564 6547/6334
f 3782/3782 6557/6344 6181/5990
f 6181/5990 3784/3784 3713/3713
f 4639/4639 6387/6180 6182/5991
f 6182/5991 4681/4681 4710/4710
f 6397/6189 6183/5992 2152/2152
f 6183/5992 2217/2217 2218/2218
f 6184/5993 4051/4051 5584/5441
f 3872/3872 6110/5926 6184/5993
f 6185/5994 2827/2827 5424/5291
f 3163/3163 3162/3162 3235/3235
f 2509/2509 2458/2458 6617/6396
f 5535/5394 6580/6365 2754/2754
f 2030/2030 2029/2029 2090/2090
f 6186/5995 6542/6329 2878/2878
f 5213/5091 2448/2448 2404/2404
f 3166/3166 5951/5782 6817/6591
f 6187/5996 1786/1786 1860/1860
f 6187/5996 1787/1787 1788/1788
f 3681/3681 6704/6481 3680/3680
f 4963/6724 5184/5062 1863/1863
f 1049/1049 6775/6550 1050/1050
f 5119/4997 2061/2061 6767/6722
f 6596/6380 1015/1015 5808/5651
f 2258/2258 6797/6571 6043/5865
f 2258/2258 2259/2259 6797/6571
f 272/272 273/273 5833/5673
f 4722/4722 4753/4753 4754/4754
f 6563/6349 1930/1930 2005/2005
f 6190/5998 1858/1858 1785/1785
f 3639/3639 3567/3567 3638/3638
f 2165/2165 2228/2228 2229/2229
f 92/92 120/120 121/121
f 2651/2651 2652/2652 2593/2593
f 2796/2796 5019/6843 2734/2734
f 494/494 493/493 6191/5999
f 6191/5999 551/551 5532/5391
f 4851/4851 6676/6454 4850/4850
f 6192/6000 2942/2942 2943/2943
f 6192/6000 2894/2894 6164/5978
f 6193/6001 3029/3029 3030/3030
f 2953/2953 2954/2954 5293/5167
f 6426/6216 6762/6538 1460/1460
f 2072/2072 2135/2135 2073/2073
f 5151/5029 4623/4623 5605/5462
f 6194/6002 3076/3076 3077/3077
f 3077/3077 5300/5174 6194/6002
f 5428/5295 2377/2377 6402/6194
f 1648/1648 1724/1724 6195/6003
f 6195/6003 1725/1725 1649/1649
f 210/210 251/251 252/252
f 3160/3160 3091/3091 3159/3159
f 6196/6004 2243/2243 6313/6109
f 2343/2343 2293/2293 6196/6004
f 5461/5328 6682/6460 5691/5547
f 1688/1688 6197/6005 1689/1689
f 1761/1761 1690/1690 6197/6005
f 6198/6823 1425/1425 4924/6824
f 6199/6760 6883/6639 4947/6761
f 1354/1354 1280/1280 6354/6733
f 4857/4857 6503/6291 6201/6670
f 1386/1386 1385/1385 6160/5975
f 3163/3163 3237/3237 6202/6006
f 4923/6837 6586/6370 2392/2392
f 4917/4917 6203/6007 4906/4906
f 5570/5427 6301/6098 1979/1979
f 2479/2479 2529/2529 5064/4942
f 5153/5031 5947/5778 5732/5588
f 5457/5324 5153/5031 6052/5874
f 1017/1017 6678/6456 5585/5442
f 1143/1143 1144/1144 5585/5442
f 5759/5610 6114/5930 200/200
f 2372/2372 2322/2322 2371/2371
f 5541/5400 3143/3143 3075/3075
f 2543/2543 2490/2490 2542/2542
f 5329/5203 5382/5249 4477/4477
f 2636/2636 2638/2638 2575/2575
f 4261/4261 5187/5065 6148/5964
f 6063/5885 2713/2713 5768/5619
f 2428/2428 2477/2477 2478/2478
f 5647/5504 2296/2296 2295/2295
f 2493/2493 2549/2549 2550/2550
f 6205/6009 18/18 37/37
f 5914/5745 5670/5527 2389/2389
f 5900/5731 5400/5267 4661/4661
f 6536/6323 5159/5037 2123/2123
f 6585/6369 4320/4320 5336/5210
f 5651/5508 5132/5010 5895/5726
f 3280/3280 5661/5518 6743/6519
f 216/216 258/258 259/259
f 6206/6010 2362/2362 6742/6518
f 6207/6011 6042/5864 6159/5974
f 5593/5450 6309/6105 6207/6011
f 5258/5132 5538/5397 6065/5887
f 3239/3239 6624/6403 5258/5132
f 1468/1468 1394/1394 5797/5644
f 1395/1395 1468/1468 5573/5430
f 5447/5314 5172/5050 6369/6163
f 6208/6012 559/559 560/560
f 2522/2522 2586/2586 2523/2523
f 2715/2715 5998/5823 2776/2776
f 5408/5275 5062/4940 2468/2468
f 6209/6013 4914/4914 4902/4902
f 1599/1599 1600/1600 5978/5803
f 6210/6014 1676/1676 1677/1677
f 5222/5100 5440/5307 5851/5691
f 2620/2620 5903/5734 2555/2555
f 151/151 150/150 5204/5082
f 6211/6015 2576/2576 2466/2466
f 5435/5302 2189/2189 2126/2126
f 5462/5329 4375/4375 6642/6421
f 922/922 864/864 5454/5321
f 6212/6881 5575/5432 5003/6882
f 5737/5593 5939/5770 1938/1938
f 2651/2651 2722/2722 2652/2652
f 2676/2676 2614/2614 5200/5078
f 4660/4660 5709/5565 5493/5356
f 5907/5738 5708/5564 2120/2120
f 3504/3504 5301/5175 3577/3577
f 174/174 175/175 140/140
f 2818/2818 2819/2819 2760/2760
f 6115/5931 2513/2513 2512/2512
f 5274/5148 5502/5365 5935/5766
f 6388/6181 1053/1053 1054/1054
f 6723/6499 979/979 1044/1044
f 5248/5122 6353/6148 5488/5351
f 6092/5908 1206/1206 1207/1207
f 3816/3816 5806/5649 3752/3752
f 130/130 129/129 6214/6017
f 6214/6017 164/164 6114/5930
f 52/52 32/32 51/51
f 5143/5021 2693/2693 5840/5680
f 4177/4177 4112/4112 5580/5437
f 2079/2079 2141/2141 2142/2142
f 4482/4482 4481/4481 5257/5131
f 950/950 1012/1012 1013/1013
f 4340/4340 4395/4395 4341/4341
f 4341/4341 4395/4395 4396/4396
f 4740/4740 6216/6019 4779/4779
f 6216/6019 5814/5657 4806/4806
f 5402/5269 2727/2727 2789/2789
f 505/505 5487/5350 504/504
f 6218/6021 3645/3645 6707/6484
f 194/194 161/161 193/193
f 3706/3706 6116/5932 3707/3707
f 4498/4498 4545/4545 4546/4546
f 6219/6022 4741/4741 5579/5436
f 4738/4738 5835/5675 4737/4737
f 3812/3812 3739/3739 3811/3811
f 3813/3813 5994/5819 3812/3812
f 6221/6024 3937/3937 3875/3875
f 6729/6505 3873/3873 3936/3936
f 4053/4053 6729/6505 6222/6025
f 6222/6025 4052/4052 4053/4053
f 2399/2399 2352/2352 5181/5059
f 4944/6776 4945/6775 4/4
f 6223/6026 4/4 5326/5200
f 2255/2255 6537/6324 5276/5150
f 4286/4286 4174/4174 4173/4173
f 4287/4287 4176/4176 4175/4175
f 2093/2093 2092/2092 5614/5471
f 2440/2440 6225/6028 5114/4992
f 2441/2441 6225/6028 2440/2440
f 6226/6029 5044/4932 6632/6411
f 6226/6029 4763/4763 5096/4974
f 6227/6030 2322/2322 5981/5806
f 6227/6030 2268/2268 6810/6584
f 6228/6031 4545/4545 4638/4638
f 4831/4831 4810/4810 4809/4809
f 5361/5235 6541/6328 2297/2297
f 4606/4606 4607/4607 4560/4560
f 3490/3490 6784/6559 3418/3418
f 6554/6341 5724/5580 2260/2260
f 5741/5597 2311/2311 5724/5580
f 4024/4024 3960/3960 5934/5765
f 1173/1173 6771/6546 1111/1111
f 6231/6034 1462/1462 5698/5554
f 6231/6034 1529/1529 5564/5421
f 6133/5949 4381/4381 4326/4326
f 66/66 47/47 5125/5003
f 6232/6035 5913/5744 5310/5184
f 5669/5526 5043/4931 5898/5729
f 90/90 66/66 5394/5261
f 277/277 369/369 320/320
f 3642/3642 3573/3573 5696/5552
f 5186/5064 5658/5515 4477/4477
f 2220/2220 5638/5495 6032/5854
f 2425/2425 2472/2472 2473/2473
f 2746/2746 2673/2673 2611/2611
f 6145/5961 6403/6195 2493/2493
f 5389/5256 5067/4945 6145/5961
f 2907/2907 2849/2849 6637/6416
f 2465/2465 2417/2417 5626/5483
f 6233/6828 1789/1789 5467/6829
f 4868/4868 4845/4845 4867/4867
f 6724/6500 4846/4846 6130/5946
f 6/6 24/24 7/7
f 6041/5863 5496/5359 2097/2097
f 6321/6117 2772/2772 6113/5929
f 2781/2781 2720/2720 2780/2780
f 6377/6171 214/214 256/256
f 6235/6037 1717/1717 6091/5907
f 6236/6038 318/318 317/317
f 6236/6038 366/366 319/319
f 3998/3998 3876/3876 3937/3937
f 2528/2528 5762/5613 5351/5225
f 4770/4770 4733/4733 4732/4732
f 506/506 5786/5637 449/449
f 4714/4714 4713/4713 6302/6099
f 2948/2948 6319/6115 2897/2897
f 6622/6401 3908/3908 3846/3846
f 6238/6040 3247/3247 3322/3322
f 6846/6608 5387/5254 2609/2609
f 5290/5164 5530/5389 552/552
f 1016/1016 955/955 5808/5651
f 6678/6456 1016/1016 5585/5442
f 6239/6041 5423/5290 3127/3127
f 2125/2125 2063/2063 5711/5567
f 2556/2556 2499/2499 6496/6284
f 1313/1313 1388/1388 1314/1314
f 5455/5322 5685/5541 2800/2800
f 6240/6042 4627/4627 4626/4626
f 226/226 186/186 5769/5620
f 2705/2705 2639/2639 2704/2704
f 6241/6043 3200/3200 3277/3277
f 6241/6043 3351/3351 5591/5448
f 5902/5733 3495/3495 3570/3570
f 6840/6604 2349/2349 5397/5264
f 5288/5162 5529/5388 6553/6340
f 5289/5163 5528/5387 2995/2995
f 2094/2094 2154/2154 5841/5681
f 6242/6044 5359/5233 2369/2369
f 6242/6044 5102/4980 5636/5493
f 4445/4445 4543/4543 4497/4497
f 6243/6045 2730/2730 6075/5896
f 6243/6045 2659/2659 2729/2729
f 2409/2409 2364/2364 2363/2363
f 2364/2364 5111/4989 2365/2365
f 3205/3205 5764/5615 6047/5869
f 6245/6047 4623/4623 4622/4622
f 2369/2369 5359/5233 2370/2370
f 2635/2635 2699/2699 2572/2572
f 6246/6048 2635/2635 5084/4962
f 4087/4087 4088/4088 3968/3968
f 2323/2323 5607/5464 5104/4982
f 6227/6030 5981/5806 2151/2151
f 3028/3028 2950/2950 3027/3027
f 2696/2696 2695/2695 2764/2764
f 2632/2632 2631/2631 2696/2696
f 6247/6049 4726/4726 5873/5710
f 6247/6049 5363/5237 5627/5484
f 2605/2605 2606/2606 5356/5230
f 1245/1245 1315/1315 5776/5627
f 6250/6052 5646/5503 2396/2396
f 6251/6053 4819/4819 5632/5489
f 6251/6053 5632/5489 4865/4865
f 2675/2675 6376/6170 2674/2674
f 1536/1536 6315/6111 6252/6054
f 5106/4984 4887/4887 4865/4865
f 4878/4878 5801/6884 4855/4855
f 4855/4855 5002/6883 4856/4856
f 2319/2319 2365/2365 2366/2366
f 26/26 27/27 6636/6415
f 1940/1940 1872/1872 1871/1871
f 6253/6055 4485/4485 6087/5903
f 6253/6055 4531/4531 4583/4583
f 1964/1964 5542/5401 6098/5914
f 6254/6056 4861/4861 4860/4860
f 5629/5486 5137/5015 2492/2492
f 6255/6057 2672/2672 2611/2611
f 3132/3132 3131/3131 3203/3203
f 1900/1900 5853/5693 5398/5265
f 1970/1970 1971/1971 1900/1900
f 5835/5675 4738/4738 4739/4739
f 1611/1611 1686/1686 6083/5900
f 5906/5737 2739/2739 2738/2738
f 6779/6554 6792/6566 5229/5107
f 6826/6597 5140/5018 6345/6141
f 5550/5408 2753/2753 5845/5685
f 6256/6058 2811/2811 2754/2754
f 6257/6059 4907/4907 4890/4890
f 501/501 398/398 445/445
f 65/65 45/45 44/44
f 46/46 5176/5054 5718/5574
f 391/391 5750/5603 5974/5800
f 1644/1644 1643/1643 1720/1720
f 6258/6060 920/920 861/861
f 6548/6335 860/860 6167/5981
f 2589/2589 5413/5280 2588/2588
f 4977/6694 4114/4114 4051/4051
f 6259/6676 4782/4782 4986/6677
f 2975/2975 3103/3103 2976/2976
f 5953/5784 120/120 92/92
f 2210/2210 2264/2264 6527/6314
f 6260/6833 2186/2186 6067/6834
f 6261/6659 4912/4912 4991/6660
f 3007/3007 3008/3008 5147/5025
f 4791/4791 5233/5111 4792/4792
f 5181/5059 6123/5939 2443/2443
f 6132/5948 1143/1143 1016/1016
f 6262/6061 1826/1826 6764/6540
f 6262/6061 1754/1754 1825/1825
f 5419/5286 2501/2501 2450/2450
f 1460/1460 1386/1386 6160/5975
f 2792/2792 6265/6064 2905/2905
f 6266/6065 2147/2147 2089/2089
f 6266/6065 5225/5103 2210/2210
f 2130/2130 2131/2131 5784/5635
f 6534/6321 3752/3752 3817/3817
f 5911/5742 3201/3201 3202/3202
f 6267/6066 4086/4086 4085/4085
f 6267/6066 4150/4150 4086/4086
f 5343/5217 2484/2484 2535/2535
f 4862/4862 5945/5776 4836/4836
f 2426/2426 5720/5576 2386/2386
f 4322/4322 5463/5330 5767/5618
f 6268/6067 3498/3498 5210/5088
f 6268/6067 3499/3499 3428/3428
f 6270/6069 2256/2256 2202/2202
f 5503/5366 4026/4026 5688/5544
f 3125/3125 3065/3065 6271/6070
f 6271/6070 2997/2997 2996/2996
f 6772/6547 1465/1465 1466/1466
f 6772/6547 1390/1390 1316/1316
f 6604/6386 5715/5571 4883/4883
f 3209/3209 6698/6475 3210/3210
f 1719/1719 1642/1642 1718/1718
f 6272/6071 727/727 667/667
f 666/666 667/667 609/609
f 80/80 5710/5566 108/108
f 3502/3502 3501/3501 6411/6203
f 497/497 498/498 442/442
f 6508/6296 496/496 5247/5121
f 6273/6072 798/798 5704/5560
f 6223/6026 6687/6777 4944/6776
f 5/5 6/6 5787/6778
f 2162/2162 6084/5901 2161/2161
f 1944/1944 2012/2012 6410/6202
f 6274/6073 5714/5570 1936/1936
f 2905/2905 6046/5868 6275/6074
f 5460/5327 2884/2884 5562/5419
f 3871/3871 3746/3746 3815/3815
f 2379/2379 6297/6094 5561/5418
f 4872/4872 5524/5383 5219/5097
f 1609/1609 6452/6240 1684/1684
f 6276/6831 6026/5848 6085/6832
f 3497/3497 5063/4941 3572/3572
f 2423/2423 2468/2468 2469/2469
f 2422/2422 2423/2423 5861/5698
f 4373/4373 4475/4475 4427/4427
f 6277/6075 1246/1246 1247/1247
f 6277/6075 1178/1178 5774/5625
f 2938/2938 6278/6076 5996/5821
f 6279/6077 1830/1830 1829/1829
f 5445/5312 5798/5645 2335/2335
f 48/48 4937/6789 30/30
f 5260/5134 2771/2771 5521/5380
f 2454/2454 2408/2408 2453/2453
f 5340/5214 863/863 796/796
f 2175/2175 2113/2113 2174/2174
f 2219/2219 2221/2221 2155/2155
f 6280/6078 2056/2056 6070/5891
f 2456/2456 2455/2455 2507/2507
f 5847/5687 4934/6801 5857/6800
f 5518/6768 6054/5876 6416/6206
f 3100/3100 5169/5047 3099/3099
f 1679/1679 5523/5382 5245/5119
f 1678/1678 1753/1753 1679/1679
f 1686/1686 1758/1758 5549/5407
f 6728/6504 1727/1727 1726/1726
f 338/338 295/295 337/337
f 4078/4078 4023/4023 4022/4022
f 6014/6764 32/32 5027/4921
f 5548/5406 2873/2873 5269/5143
f 4573/4573 4524/4524 4572/4572
f 4523/4523 6069/5890 4473/4473
f 6646/6425 6283/6080 5249/5123
f 2057/2057 2003/2003 6068/5889
f 6821/6593 3712/3712 3644/3644
f 5727/5583 3712/3712 3643/3643
f 6285/6082 5284/5158 5554/5412
f 4172/4172 4229/4229 4109/4109
f 6527/6314 2263/2263 6286/6083
f 6016/5840 2961/2961 2906/2906
f 6512/6300 6016/5840 2847/2847
f 6288/6085 2010/2010 6169/5983
f 6725/6501 4199/4199 4257/4257
f 2231/2231 2232/2232 6040/5862
f 4265/4265 4208/4208 6289/6086
f 6289/6086 4207/4207 4206/4206
f 2225/2225 2159/2159 5566/5423
f 5744/5600 5956/5787 3045/3045
f 5287/5161 3245/3245 6290/6087
f 3840/3840 3839/3839 5972/5798
f 4849/4849 4824/4824 4848/4848
f 3420/3420 3421/3421 3350/3350
f 1927/1927 2003/2003 5792/5639
f 6684/6462 6291/6088 4790/4790
f 6292/6089 4830/4830 4804/4804
f 5027/4921 53/53 6293/6090
f 6293/6090 33/33 13/13
f 3745/3745 3677/3677 6031/5853
f 124/124 96/96 95/95
f 617/617 674/674 5551/5409
f 2859/2859 2860/2860 2808/2808
f 1999/1999 1998/1998 6105/5921
f 618/618 6606/6388 6804/6578
f 4481/4481 4430/4430 4480/4480
f 3780/3780 5668/5525 5079/4957
f 5589/5446 3429/3429 3284/3284
f 6294/6091 557/557 5390/5257
f 558/558 5812/5655 6294/6091
f 6295/6092 5696/5552 3571/3571
f 6295/6092 6037/5859 3710/3710
f 5515/6892 5243/6891 4892/4892
f 5879/5714 5362/5236 2596/2596
f 2150/2150 2216/2216 2151/2151
f 145/145 146/146 5353/5227
f 6296/6093 5351/5225 5762/5613
f 2478/2478 5129/5007 2479/2479
f 3064/3064 3122/3122 5557/5414
f 6297/6094 2275/2275 6060/5882
f 2662/2662 2733/2733 2663/2663
f 6298/6095 5903/5734 2620/2620
f 2594/2594 5129/5007 2593/2593
f 2284/2284 6175/5988 2283/2283
f 6299/6096 2587/2587 6778/6553
f 2646/2646 2588/2588 6299/6096
f 1393/1393 1392/1392 5755/5608
f 2967/2967 2968/2968 6162/5976
f 4180/4180 4118/4118 4117/4117
f 3713/3713 3784/3784 3714/3714
f 2997/2997 2998/2998 2934/2934
f 6300/6097 2848/2848 2794/2794
f 4260/4260 4258/4258 4259/4259
f 6725/6501 4200/4200 5511/5374
f 5535/5394 2619/2619 2681/2681
f 1684/1684 6337/6133 1609/1609
f 1790/1790 1863/1863 1864/1864
f 6301/6098 2038/2038 1980/1980
f 6301/6098 1980/1980 1907/1907
f 2349/2349 5117/4995 5397/5264
f 2349/2349 2394/2394 5117/4995
f 6302/6099 4713/4713 5958/5789
f 6303/6100 2755/2755 2682/2682
f 6303/6100 2812/2812 2813/2813
f 1179/1179 5753/5606 5534/5393
f 6304/6842 2664/2664 2734/2734
f 4902/4902 4913/4913 6209/6013
f 2486/2486 4921/6840 5790/6839
f 606/606 663/663 664/664
f 6305/6101 2068/2068 5784/5635
f 5784/5635 2069/2069 6305/6101
f 3092/3092 3239/3239 3165/3165
f 5294/5168 3033/3033 3032/3032
f 6306/6102 3032/3032 5556/5413
f 6307/6103 5541/5400 3015/3015
f 6307/6103 5572/5429 3142/3142
f 1893/1893 1962/1962 6613/6393
f 3212/3212 3142/3142 3211/3211
f 3749/3749 3678/3678 5829/5669
f 6308/6104 4648/4648 4688/4688
f 5588/5445 6308/6104 4689/4689
f 6309/6105 5593/5450 5231/5109
f 5765/5616 1244/1244 1174/1174
f 47/47 6788/6562 29/29
f 5811/5654 4382/4382 4327/4327
f 6310/6106 3130/3130 3202/3202
f 4804/4804 4803/4803 6292/6089
f 2146/2146 5265/5139 2084/2084
f 2104/2104 6058/5880 6311/6107
f 2164/2164 2165/2165 6311/6107
f 6312/6108 2831/2831 5521/5380
f 6440/6228 4634/4634 4633/4633
f 3670/3670 6002/5827 3671/3671
f 3102/3102 3103/3103 3048/3048
f 5543/5402 5548/5406 6695/6472
f 6313/6109 5072/4950 5317/5191
f 6313/6109 6134/5950 6196/6004
f 2514/2514 6806/6580 5338/5212
f 5096/4974 5627/5484 4762/4762
f 5036/4924 6802/6576 2936/2936
f 349/349 396/396 397/397
f 6028/5850 82/82 112/112
f 2505/2505 5852/5692 2562/2562
f 611/611 669/669 670/670
f 6314/6110 180/180 142/142
f 4863/4863 5134/5012 5650/5507
f 3003/3003 5761/5612 3002/3002
f 6315/6111 1535/1535 6252/6054
f 6315/6111 1536/1536 5573/5430
f 45/45 27/27 44/44
f 6316/6112 2407/2407 2452/2452
f 6316/6112 5671/5528 2361/2361
f 2059/2059 2007/2007 5234/5112
f 5215/5093 5705/5561 5493/5356
f 5167/5045 5462/5329 5855/5695
f 4376/4376 4318/4318 5216/5094
f 5443/5310 5927/5758 5673/5530
f 6317/6113 2557/2557 5665/5522
f 2552/2552 2614/2614 2615/2615
f 57/57 36/36 56/56
f 1751/1751 6478/6266 1750/1750
f 224/224 225/225 185/185
f 2123/2123 5159/5037 2124/2124
f 4883/4883 4862/4862 4898/4898
f 2584/2584 2643/2643 2585/2585
f 6420/6210 5220/5098 2384/2384
f 2311/2311 2312/2312 5724/5580
f 5859/6861 6188/6860 3997/3997
f 6318/6114 5260/5134 5590/5447
f 5268/5142 5950/5781 6578/6363
f 2831/2831 5590/5447 5260/5134
f 6319/6115 2898/2898 2897/2897
f 6319/6115 2948/2948 2949/2949
f 5232/5110 5513/5376 5722/5578
f 6321/6117 2773/2773 2710/2710
f 4667/4667 4668/4668 4625/4625
f 607/607 5247/5121 552/552
f 317/317 5805/5648 365/365
f 2943/2943 2942/2942 3019/3019
f 130/130 131/131 98/98
f 166/166 165/165 201/201
f 3197/3197 5571/5428 3125/3125
f 6322/6118 2939/2939 5425/5292
f 6323/6119 3430/3430 3503/3503
f 4525/4525 4574/4574 5938/5769
f 1017/1017 5837/5677 956/956
f 6324/6120 6224/6027 2896/2896
f 4338/4338 4339/4339 4280/4280
f 4856/4856 5003/6882 5575/5432
f 6009/5834 2475/2475 2426/2426
f 2785/2785 2841/2841 5733/5589
f 723/723 789/789 724/724
f 6325/6121 858/858 6451/6239
f 1277/1277 1349/1349 1350/1350
f 2751/2751 5266/5140 2809/2809
f 6326/6122 5982/5807 6549/6336
f 3782/3782 6423/6213 3711/3711
f 2079/2079 2080/2080 2023/2023
f 6327/6123 5881/5716 2849/2849
f 6327/6123 2964/2964 2909/2909
f 6704/6481 3681/3681 3542/3542
f 6328/6124 1898/1898 1968/1968
f 6328/6124 5405/5272 2031/2031
f 5524/5383 5675/5532 4822/4822
f 4822/4822 5675/5532 4823/4823
f 6329/6125 2262/2262 6165/5979
f 6329/6125 2261/2261 2313/2313
f 3813/3813 3994/3994 3995/3995
f 3933/3933 3992/3992 3993/3993
f 2098/2098 6651/6430 6330/6126
f 5428/5295 6013/5838 6618/6397
f 5918/5749 2273/2273 2223/2223
f 1796/1796 1726/1726 1725/1725
f 295/295 296/296 252/252
f 800/800 733/733 799/799
f 76/76 104/104 5973/5799
f 4000/4000 5823/5663 6331/6127
f 6042/5864 2690/2690 6159/5974
f 6605/6387 3933/3933 3811/3811
f 6332/6128 4709/4709 5586/5443
f 5296/5170 228/228 229/229
f 2010/2010 2009/2009 2066/2066
f 2293/2293 2343/2343 2344/2344
f 2621/2621 2683/2683 2684/2684
f 6333/6129 2060/2060 2122/2122
f 6333/6129 2185/2185 2186/2186
f 1116/1116 1181/1181 1182/1182
f 3576/3576 5301/5175 6077/5898
f 3646/3646 3647/3647 5301/5175
f 3248/3248 3172/3172 6238/6040
f 267/267 229/229 266/266
f 1798/1798 1874/1874 1799/1799
f 6334/6130 8/8 9/9
f 6334/6130 4943/6780 7/7
f 6335/6131 2600/2600 2660/2660
f 6335/6131 2661/2661 2601/2601
f 4049/4049 4174/4174 6336/6132
f 2671/2671 2744/2744 2745/2745
f 2029/2029 2030/2030 6550/6337
f 71/71 99/99 6127/5943
f 6337/6133 5782/5633 1609/1609
f 5720/5576 5201/5079 5502/5365
f 4055/4055 3999/3999 3877/3877
f 5284/5158 78/78 6721/6497
f 78/78 54/54 6721/6497
f 6338/6134 4077/4077 4076/4076
f 6338/6134 4140/4140 4141/4141
f 616/616 561/561 615/615
f 5238/5116 5497/5360 2304/2304
f 2218/2218 2152/2152 6183/5992
f 6339/6135 3069/3069 3003/3003
f 242/242 285/285 243/243
f 3048/3048 6790/6564 3102/3102
f 6340/6136 3042/3042 6155/5970
f 6340/6136 2964/2964 2963/2963
f 1962/1962 2027/2027 5957/5788
f 2827/2827 2883/2883 5424/5291
f 4605/4605 4559/4559 4558/4558
f 4649/4649 4559/4559 4605/4605
f 3031/3031 3030/3030 6341/6137
f 6341/6137 3088/3088 3089/3089
f 6342/6138 2177/2177 2115/2115
f 6342/6138 2114/2114 2176/2176
f 3967/3967 3966/3966 4027/4027
f 5754/5607 2778/2778 2777/2777
f 6343/6139 5119/4997 2187/2187
f 2254/2254 2199/2199 6546/6333
f 5445/5312 2336/2336 5798/5645
f 2336/2336 5480/5343 2337/2337
f 2703/2703 6549/6336 6344/6140
f 6344/6140 2702/2702 2703/2703
f 6793/6567 2236/2236 2174/2174
f 4199/4199 4141/4141 4198/4198
f 6118/5934 245/245 202/202
f 445/445 500/500 501/501
f 2144/2144 2206/2206 6346/6142
f 5439/5306 5676/5533 4579/4579
f 6347/6143 5953/5784 92/92
f 5850/5690 2458/2458 2509/2509
f 2611/2611 2673/2673 2612/2612
f 2410/2410 2455/2455 5111/4989
f 68/68 49/49 6151/5966
f 2431/2431 2389/2389 6734/6510
f 6734/6510 5670/5527 5897/5728
f 5389/5256 6034/5856 5352/5226
f 2563/2563 2506/2506 6117/5933
f 983/983 6533/6320 5342/5216
f 2508/2508 2567/2567 2509/2509
f 2632/2632 2568/2568 2631/2631
f 6348/6144 5261/5135 3354/3354
f 2744/2744 2803/2803 2745/2745
f 2442/2442 2493/2493 6403/6195
f 5355/5229 5625/5482 2395/2395
f 5867/5704 2698/2698 5084/4962
f 6287/6084 5525/5384 3040/3040
f 6513/6301 5099/4977 2540/2540
f 6450/6238 5166/5044 2429/2429
f 2248/2248 5148/5026 5397/5264
f 6116/5932 6578/6363 3778/3778
f 6811/6585 1943/1943 6288/6085
f 5912/5743 6211/6015 5087/4965
f 3431/3431 6077/5898 3504/3504
f 5683/5540 4758/4758 5316/5190
f 5282/5156 506/506 563/563
f 2280/2280 2332/2332 2232/2232
f 1531/1531 1606/1606 5334/5208
f 1080/1080 1079/1079 6092/5908
f 6349/6145 1140/1140 5992/5817
f 6350/6765 5027/4921 12/12
f 4850/4850 4873/4873 4874/4874
f 6665/6444 1392/1392 1391/1391
f 415/415 414/414 466/466
f 6875/6879 5587/5444 4806/4806
f 6351/6146 5979/5804 2320/2320
f 5636/5493 2266/2266 6351/6146
f 3708/3708 6116/5932 3778/3778
f 5292/5166 505/505 562/562
f 4820/4820 6226/6029 5656/5513
f 2810/2810 2752/2752 6584/6368
f 5250/5124 5739/5595 5527/5386
f 2375/2375 5638/5495 5980/5805
f 2376/2376 2324/2324 2375/2375
f 1172/1172 1171/1171 1170/1170
f 317/317 318/318 274/274
f 5171/5049 346/346 301/301
f 6352/6147 4890/4890 4871/4871
f 6352/6147 4869/4869 4889/4889
f 6353/6148 2129/2129 2192/2192
f 6353/6148 2192/2192 5488/5351
f 4925/6822 1279/1279 1353/1353
f 5915/5746 5682/5539 4765/4765
f 2610/2610 2545/2545 2609/2609
f 4760/4760 5669/5526 4761/4761
f 258/258 300/300 5171/5049
f 6355/6149 4266/4266 4210/4210
f 6355/6149 4209/4209 6004/5829
f 6356/6150 6223/6026 5326/5200
f 6356/6150 23/23 5324/5198
f 5097/4975 2532/2532 2483/2483
f 2730/2730 2793/2793 6075/5896
f 2730/2730 2791/2791 2792/2792
f 2089/2089 2088/2088 6266/6065
f 1833/1833 1762/1762 1691/1691
f 5382/5249 5866/5703 5641/5498
f 4428/4428 5382/5249 5615/5472
f 4699/4699 4700/4700 5333/5207
f 2448/2448 5213/5091 2403/2403
f 6357/6151 5865/5702 2439/2439
f 6357/6151 5629/5486 2492/2492
f 4918/4918 5645/5502 6203/6007
f 5688/5544 4147/4147 4082/4082
f 6359/6153 260/260 302/302
f 302/302 6856/6616 6359/6153
f 2356/2356 5213/5091 5697/5553
f 6360/6154 2598/2598 2599/2599
f 6360/6154 2532/2532 6706/6483
f 6361/6155 5118/4996 6250/6052
f 6362/6156 2824/2824 2879/2879
f 2654/2654 5207/5085 2725/2725
f 6363/6157 4888/4888 4904/4904
f 6363/6157 4905/4905 5871/5708
f 221/221 6462/6250 5624/5481
f 221/221 6139/5955 261/261
f 2952/2952 6193/6001 2953/2953
f 5943/5774 5482/5345 2385/2385
f 6364/6158 2012/2012 6112/5928
f 2247/2247 2298/2298 5122/5000
f 6747/6523 5645/5502 4889/4889
f 5651/5508 5105/4983 5381/5248
f 25/25 42/42 6096/5912
f 3010/3010 5349/5223 5123/5001
f 3639/3639 6718/6494 3567/3567
f 6143/5959 2670/2670 5387/5254
f 6143/5959 5909/5740 2743/2743
f 2306/2306 2307/2307 2256/2256
f 2481/2481 5142/5020 5328/5202
f 5899/5730 5404/5271 5873/5710
f 6367/6161 65/65 64/64
f 6368/6162 6369/6163 2350/2350
f 2992/2992 3063/3063 6631/6410
f 5321/5195 4080/4080 4144/4144
f 5184/5062 4963/6724 4964/6723
f 5184/5062 5702/5558 1863/1863
f 5028/4922 6882/6638 3243/3243
f 1208/1208 1278/1278 1279/1279
f 2033/2033 6727/6503 1971/1971
f 6370/6164 6064/5886 6803/6577
f 5073/4951 4839/4839 4840/4840
f 5969/5795 6762/6538 1601/1601
f 1601/1601 1602/1602 5969/5795
f 303/303 5170/5048 6535/6322
f 6372/6166 4885/4885 4884/4884
f 6372/6166 5410/5277 4912/4912
f 6711/6487 2741/2741 2740/2740
f 6711/6487 2800/2800 2801/2801
f 2786/2786 5770/5621 2843/2843
f 5440/5307 2421/2421 5851/5691
f 5884/5719 5662/5519 5440/5307
f 5900/5731 5449/5316 6373/6167
f 1687/1687 1612/1612 6083/5900
f 4382/4382 6500/6288 4328/4328
f 2495/2495 2617/2617 2554/2554
f 6374/6168 2342/2342 6551/6338
f 5121/4999 5914/5745 6374/6168
f 1015/1015 954/954 1014/1014
f 4543/4543 4544/4544 4497/4497
f 6376/6170 2550/2550 2549/2549
f 985/985 5904/5735 1049/1049
f 178/178 215/215 5657/5514
f 177/177 176/176 6377/6171
f 6020/5844 4741/4741 4742/4742
f 6585/6369 5168/5046 4320/4320
f 6378/6845 2909/2909 5017/6846
f 2155/2155 2095/2095 5841/5681
f 2822/2822 2821/2821 5458/5325
f 6379/6172 2907/2907 2906/2906
f 6379/6172 2963/2963 2908/2908
f 6380/6173 6563/6349 2005/2005
f 6380/6173 5234/5112 1931/1931
f 5919/5750 2551/2551 5200/5078
f 2727/2727 6135/5951 2788/2788
f 6381/6174 5889/5720 5418/5285
f 6381/6174 2624/2624 5192/5070
f 4150/4150 4207/4207 4208/4208
f 2560/2560 2561/2561 2502/2502
f 5192/5070 2625/2625 2560/2560
f 6382/6175 2091/2091 5598/5455
f 6383/6176 379/379 427/427
f 2250/2250 6154/5969 2251/2251
f 6384/6177 3352/3352 6766/6542
f 305/305 304/304 352/352
f 6385/6178 1925/1925 2000/2000
f 6386/6179 4520/4520 4521/4521
f 6386/6179 4522/4522 6103/5919
f 6182/5991 4680/4680 4681/4681
f 6387/6180 4639/4639 4638/4638
f 6389/6182 2852/2852 2851/2851
f 2851/2851 6769/6544 6389/6182
f 2558/2558 5416/5283 2623/2623
f 1247/1247 1248/1248 6713/6489
f 6390/6183 2979/2979 5283/5157
f 6391/6184 5492/5355 2287/2287
f 5531/5390 2195/2195 5267/5141
f 6392/6830 1862/1862 1935/1935
f 6158/5973 5244/5118 1685/1685
f 1901/1901 5694/5550 6269/6068
f 4833/4833 4834/4834 4813/4813
f 6394/6186 1687/1687 6083/5900
f 6774/6549 2915/2915 2976/2976
f 1724/1724 1648/1648 1647/1647
f 5939/5770 5711/5567 5251/5125
f 2286/2286 2339/2339 6501/6289
f 5361/5235 4965/6719 6541/6328
f 3105/3105 3049/3049 3104/3104
f 1083/1083 1082/1082 1209/1209
f 2087/2087 5225/5103 2088/2088
f 6573/6358 6168/5982 6396/6188
f 175/175 5203/5081 140/140
f 5392/5259 2093/2093 6397/6189
f 6397/6189 2151/2151 6183/5992
f 6057/5879 3278/3278 3201/3201
f 1461/1461 1387/1387 1460/1460
f 4478/4478 4527/4527 5891/5722
f 4428/4428 5615/5472 4478/4478
f 4291/4291 4234/4234 4233/4233
f 2117/2117 2115/2115 6398/6190
f 6398/6190 2178/2178 2117/2117
f 5539/5398 4893/4893 4873/4873
f 2229/2229 2230/2230 2166/2166
f 5182/5060 6026/5848 2060/2060
f 6197/6005 1688/1688 1760/1760
f 6210/6014 1675/1675 1676/1676
f 6399/6191 2118/2118 6070/5891
f 6399/6191 2240/2240 2179/2179
f 6400/6192 4732/4732 4731/4731
f 2057/2057 2058/2058 6284/6081
f 6401/6193 2119/2119 2180/2180
f 3016/3016 3015/3015 5541/5400
f 6402/6194 2377/2377 5115/4993
f 6402/6194 6582/6367 5428/5295
f 6065/5887 3316/3316 3240/3240
f 2782/2782 2839/2839 2783/2783
f 2366/2366 2367/2367 2320/2320
f 6441/6229 2366/2366 2411/2411
f 4569/4569 4521/4521 4520/4520
f 1823/1823 5510/5373 1896/1896
f 6404/6196 1822/1822 5542/5401
f 727/727 6010/5835 667/667
f 3501/3501 3429/3429 3355/3355
f 3498/3498 5862/5699 5094/4972
f 6405/6197 4573/4573 6174/5987
f 6406/6198 3168/3168 3095/3095
f 5297/5171 3033/3033 2956/2956
f 6071/5892 2004/2004 1929/1929
f 6407/6199 2058/2058 5907/5738
f 6408/6200 4698/4698 4697/4697
f 3096/3096 5242/6707 4970/6706
f 2874/2874 2875/2875 2820/2820
f 5278/5152 2161/2161 6084/5901
f 5522/5381 2277/2277 5738/5594
f 4837/4837 5233/5111 4817/4817
f 3965/3965 3906/3906 3905/3905
f 6410/6202 1945/1945 1944/1944
f 2331/2331 2330/2330 2384/2384
f 6411/6203 3500/3500 3575/3575
f 3241/3241 5951/5782 3240/3240
f 6412/6204 1721/1721 1644/1644
f 2134/2134 2072/2072 2071/2071
f 5822/5662 3872/3872 3747/3747
f 6413/6205 2086/2086 5946/5777
f 5957/5788 2085/2085 6413/6205
f 5397/5264 5148/5026 6840/6604
f 859/859 5799/5646 858/858
f 1/1 6179/6772 6414/6771
f 4918/4918 4919/4919 6257/6059
f 4848/4848 4824/4824 4823/4823
f 6416/6206 14/14 15/15
f 4232/4232 6620/6399 4231/4231
f 4423/4423 4371/4371 4311/4311
f 4567/4567 4615/4615 6668/6447
f 5748/6897 6178/6896 4918/4918
f 2160/2160 2100/2100 6072/5893
f 2893/2893 2833/2833 2892/2892
f 2893/2893 5752/5605 5506/5369
f 2163/2163 2102/2102 2162/2162
f 6417/6207 5611/5468 6025/5847
f 2343/2343 5309/5183 2390/2390
f 6419/6209 413/413 365/365
f 6419/6209 412/412 462/462
f 6420/6210 2382/2382 2424/2424
f 2424/2424 6623/6402 6420/6210
f 5569/5426 4426/4426 4373/4373
f 2216/2216 2149/2149 2215/2215
f 2480/2480 5109/4987 5639/5496
f 6421/6211 4325/4325 6133/5949
f 6421/6211 4266/4266 6355/6149
f 5876/6709 5517/6708 2910/2910
f 5319/5193 2591/2591 2528/2528
f 4228/4228 4171/4171 4170/4170
f 6422/6212 395/395 5135/5013
f 6697/6474 6594/6378 6422/6212
f 5612/5469 113/113 5809/5652
f 2916/2916 2856/2856 2805/2805
f 6423/6213 3712/3712 3711/3711
f 6423/6213 3782/3782 6181/5990
f 1722/1722 1793/1793 1723/1723
f 2688/2688 2689/2689 2625/2625
f 6424/6214 1172/1172 1242/1242
f 1243/1243 5253/5127 1312/1312
f 6115/5931 2462/2462 2511/2511
f 924/924 865/865 923/923
f 6425/6215 4028/4028 6089/5905
f 6425/6215 4086/4086 4087/4087
f 6426/6216 6160/5975 6866/6625
f 6427/6217 3785/3785 3715/3715
f 6427/6217 3714/3714 3784/3784
f 1109/1109 1171/1171 1110/1110
f 4791/4791 6086/5902 4816/4816
f 3200/3200 3128/3128 6239/6041
f 6785/6770 15/15 5411/5278
f 6429/6218 2124/2124 5159/5037
f 3101/3101 3100/3100 6430/6219
f 6430/6219 3172/3172 3248/3248
f 6431/6893 5226/5104 6599/6894
f 6432/6220 48/48 30/30
f 296/296 339/339 5955/5786
f 6433/6221 6045/5867 2810/2810
f 6433/6221 2920/2920 2921/2921
f 920/920 921/921 862/862
f 6271/6070 3124/3124 3125/3125
f 6434/6222 3611/3611 3610/3610
f 6434/6222 5578/5435 5989/5814
f 6435/6223 3845/3845 3783/3783
f 6435/6223 3844/3844 3907/3907
f 6436/6224 3638/3638 3637/3637
f 6436/6224 3705/3705 3706/3706
f 4109/4109 4049/4049 4048/4048
f 2026/2026 6688/6465 6437/6225
f 6437/6225 1960/1960 2025/2025
f 6438/6226 5595/5452 2304/2304
f 6439/6227 3177/3177 3105/3105
f 6439/6227 3252/3252 3253/3253
f 3051/3051 6755/6531 5303/5177
f 4074/4074 6776/6551 4019/4019
f 6440/6228 4676/4676 4708/4708
f 3739/3739 6749/6525 3671/3671
f 6441/6229 2411/2411 2457/2457
f 2457/2457 6617/6396 6441/6229
f 6442/6230 1828/1828 5398/5265
f 6442/6230 6269/6068 5694/5550
f 100/100 6127/5943 99/99
f 2941/2941 2890/2890 2889/2889
f 4834/4834 4833/4833 4859/4859
f 5785/5636 2305/2305 6443/6231
f 6444/6232 3969/3969 3909/3909
f 6467/6255 3846/3846 3908/3908
f 4902/4902 4885/4885 4901/4901
f 5134/5012 5648/5505 5383/5250
f 2544/2544 5088/4966 5337/5211
f 2830/2830 6592/6376 2885/2885
f 4845/4845 4868/4868 5634/5491
f 6445/6233 4292/4292 4293/4293
f 6445/6233 4235/4235 4180/4180
f 5868/5705 2416/2416 2374/2374
f 6446/6234 3347/3347 3346/3346
f 6446/6234 3417/3417 3489/3489
f 6447/6235 1826/1826 1899/1899
f 6447/6235 1827/1827 1755/1755
f 6448/6236 147/147 5637/5494
f 6448/6236 114/114 84/84
f 2497/2497 2496/2496 5903/5734
f 5903/5734 2554/2554 2555/2555
f 6449/6237 3002/3002 6124/5940
f 6449/6237 5049/4934 6339/6135
f 5348/5222 3709/3709 5079/4957
f 3049/3049 3103/3103 3104/3104
f 2272/2272 2222/2222 2156/2156
f 16/16 17/17 1/1
f 1053/1053 1116/1116 1054/1054
f 108/108 109/109 5158/5036
f 2080/2080 2142/2142 2143/2143
f 6450/6238 5461/5328 5166/5044
f 6450/6238 5185/5063 2340/2340
f 6451/6239 5799/5646 857/857
f 6451/6239 918/918 6325/6121
f 4807/4807 5031/6674 6669/6673
f 1607/1607 5565/5422 1608/1608
f 6452/6240 5191/5069 1684/1684
f 2598/2598 2658/2658 2659/2659
f 3072/3072 5426/5293 5123/5001
f 6453/6241 2300/2300 5478/5341
f 6453/6241 2251/2251 5690/5546
f 6454/6242 4657/4657 5791/5638
f 3747/3747 5829/5669 5989/5814
f 6455/6243 2838/2838 2901/2901
f 493/493 494/494 5974/5800
f 6456/6244 2302/2302 5476/5339
f 6456/6244 6019/5843 6663/6442
f 3169/3169 3170/3170 5277/5151
f 6410/6202 6305/6101 1946/1946
f 6062/5884 5509/5372 2086/2086
f 2719/2719 2720/2720 2648/2648
f 732/732 798/798 799/799
f 5750/5603 391/391 340/340
f 2177/2177 6204/6008 6398/6190
f 5692/5548 186/186 226/226
f 6457/6245 6813/6587 5193/5071
f 6457/6245 2037/2037 5570/5427
f 4818/4818 6677/6455 6053/5875
f 6458/6246 5716/5572 2059/2059
f 5722/5578 5248/5122 5478/5341
f 3242/3242 3167/3167 3241/3241
f 6459/6247 2185/2185 6333/6129
f 6459/6247 2184/2184 2294/2294
f 6460/6248 4916/4916 5788/6653
f 6460/6248 4995/6652 4917/4917
f 3287/3287 3210/3210 3286/3286
f 2751/2751 2677/2677 5266/5140
f 3502/3502 3503/3503 3430/3430
f 6461/6249 3502/3502 6707/6484
f 220/220 183/183 182/182
f 6462/6250 221/221 5649/5506
f 5272/5146 5503/5366 5936/5767
f 5494/5357 4728/4728 4729/4729
f 562/562 5975/5801 5292/5166
f 4740/4740 4709/4709 4778/4778
f 2832/2832 2833/2833 6321/6117
f 2891/2891 2892/2892 2832/2832
f 5506/5369 6063/5885 2712/2712
f 6463/6251 6048/5870 3037/3037
f 6463/6251 5689/5545 5223/5101
f 6464/6252 5540/5399 3285/3285
f 6464/6252 3429/3429 3430/3430
f 2735/2735 2665/2665 5746/6712
f 2684/2684 5508/5371 6494/6282
f 6466/6254 4142/4142 5511/5374
f 6466/6254 4078/4078 4077/4077
f 6467/6255 3908/3908 6435/6223
f 6468/6256 2898/2898 6319/6115
f 4743/4743 6843/6876 5023/6875
f 148/148 5388/5255 5655/5512
f 3640/3640 3568/3568 3639/3639
f 4052/4052 5584/5441 4114/4114
f 6469/6257 5527/5386 5739/5595
f 6469/6257 1870/1870 1869/1869
f 6800/6574 1689/1689 6252/6054
f 6808/6582 6320/6116 6470/6258
f 6470/6258 2329/2329 5211/5089
f 1896/1896 5510/5373 5713/5569
f 368/368 277/277 6714/6490
f 1691/1691 1761/1761 1833/1833
f 6472/6260 4793/4793 4756/4756
f 6472/6260 5154/5032 5384/5251
f 2968/2968 2911/2911 6162/5976
f 6364/6158 2129/2129 2067/2067
f 2398/2398 5199/5077 2301/2301
f 4752/4752 4789/4789 4790/4790
f 4769/4769 4770/4770 6400/6192
f 6473/6261 227/227 228/228
f 6473/6261 187/187 153/153
f 2835/2835 2834/2834 6474/6262
f 6474/6262 2894/2894 6667/6446
f 5499/5362 5731/5587 4756/4756
f 5500/5363 5732/5588 5947/5778
f 1974/1974 5863/5700 2035/2035
f 2230/2230 6040/5862 2167/2167
f 5566/5423 2274/2274 2275/2275
f 1081/1081 1080/1080 6349/6145
f 6475/6263 4856/4856 5575/5432
f 6475/6263 4777/4777 6107/5923
f 2403/2403 6076/5897 6558/6345
f 6476/6264 178/178 5657/5514
f 5129/5007 2478/2478 2477/2477
f 2718/2718 2779/2779 2719/2719
f 1876/1876 1945/1945 1802/1802
f 5274/5148 2281/2281 2334/2334
f 6782/6557 2234/2234 6477/6265
f 2610/2610 2609/2609 2671/2671
f 6478/6266 1751/1751 1676/1676
f 5386/5253 5524/5383 4822/4822
f 4737/4737 4775/4775 4776/4776
f 3603/3603 3673/3673 3604/3604
f 2700/2700 2767/2767 2768/2768
f 5196/5074 5929/5760 3905/3905
f 2922/2922 6045/5867 2921/2921
f 6008/5833 3841/3841 3780/3780
f 6479/6267 5612/5469 5809/5652
f 6479/6267 5353/5227 84/84
f 6480/6268 5251/5125 2064/2064
f 6480/6268 1939/1939 1868/1868
f 1686/1686 1533/1533 1610/1610
f 1534/1534 1611/1611 6217/6020
f 6481/6269 5390/5257 5601/5458
f 180/180 144/144 143/143
f 6482/6270 5881/5716 2796/2796
f 6483/6271 4914/4914 6209/6013
f 6483/6271 4993/6656 4915/4915
f 5695/5551 2583/2583 2582/2582
f 2537/2537 6781/6556 2664/2664
f 3959/3959 4021/4021 6006/5831
f 5430/5297 5646/5503 6760/6536
f 5156/5034 2272/2272 6032/5854
f 6484/6272 2467/2467 2517/2517
f 2518/2518 2517/2517 2578/2578
f 6485/6273 5299/5173 4862/4862
f 6486/6274 1536/1536 1537/1537
f 4694/4694 4614/4614 4655/4655
f 4115/4115 4233/4233 4116/4116
f 6487/6275 668/668 727/727
f 6487/6275 795/795 728/728
f 6488/6276 5687/5543 6768/6543
f 3051/3051 5303/5177 3108/3108
f 6489/6277 2876/2876 2934/2934
f 6489/6277 5701/5557 5458/5325
f 6490/6278 5235/5113 2008/2008
f 4593/4593 6039/5861 4542/4542
f 6684/6462 6086/5902 6291/6088
f 6491/6279 4714/4714 4715/4715
f 3283/3283 3206/3206 6348/6144
f 2753/2753 5550/5408 6256/6058
f 2709/2709 2642/2642 2641/2641
f 13/13 5240/6767 6161/6766
f 5491/5354 5261/5135 3282/3282
f 2817/2817 2818/2818 2759/2759
f 6492/6280 4638/4638 4545/4545
f 6492/6280 4595/4595 5986/5811
f 5408/5275 2421/2421 5662/5519
f 1929/1929 1856/1856 1928/1928
f 6493/6281 2858/2858 5291/5165
f 6493/6281 5552/5410 2859/2859
f 2977/2977 2979/2979 2978/2978
f 4578/4578 5151/5029 5439/5306
f 6135/5951 2787/2787 2788/2788
f 2556/2556 5472/5335 6494/6282
f 6494/6282 5472/5335 2621/2621
f 6495/6283 1177/1177 6036/5858
f 1317/1317 5776/5627 1316/1316
f 6496/6284 2498/2498 5666/5523
f 6496/6284 5472/5335 2556/2556
f 2879/2879 2824/2824 2878/2878
f 6151/5966 6347/6143 68/68
f 6881/6637 4476/4476 5938/5769
f 4181/4181 6125/5941 4238/4238
f 1864/1864 1865/1865 5740/5596
f 3136/3136 5486/5349 3206/3206
f 2367/2367 6074/5895 2368/2368
f 6497/6285 5949/5780 6754/6530
f 6497/6285 5489/5352 5224/5102
f 5064/4942 5616/5473 2429/2429
f 6498/6286 2529/2529 5890/5721
f 5614/5471 2150/2150 2151/2151
f 1466/1466 1608/1608 5782/5633
f 5089/4967 6027/5849 6139/5955
f 6356/6150 5324/5198 5/5
f 25/25 8/8 6365/6159
f 6499/6287 5087/4965 6211/6015
f 4382/4382 6675/6453 6500/6288
f 4328/4328 6500/6288 4383/4383
f 6501/6289 6204/6008 2238/2238
f 4899/4899 6604/6386 4883/4883
f 2042/2042 2104/2104 2043/2043
f 1083/1083 1014/1014 6395/6187
f 58/58 37/37 5131/5009
f 6502/6290 3999/3999 4055/4055
f 5148/5026 2188/2188 6840/6604
f 1079/1079 1080/1080 951/951
f 6503/6291 5034/6671 6201/6670
f 4178/4178 4113/4113 6635/6414
f 6504/6292 88/88 6715/6491
f 4429/4429 5208/5086 4480/4480
f 6416/6206 34/34 14/14
f 2110/2110 2173/2173 2111/2111
f 6506/6294 4522/4522 4570/4570
f 6069/5890 6506/6294 4572/4572
f 1942/1942 1940/1940 1941/1941
f 6507/6295 4201/4201 5479/5342
f 2852/2852 6153/5968 5415/5282
f 6508/6296 608/608 609/609
f 1946/1946 6305/6101 2013/2013
f 4139/4139 4198/4198 4140/4140
f 4907/4907 4920/4920 4908/4908
f 6509/6297 2519/2519 5354/5228
f 6268/6067 5985/5810 3498/3498
f 6510/6298 828/828 5583/5440
f 6510/6298 952/952 953/953
f 3642/3642 3643/3643 3573/3573
f 3031/3031 2955/2955 2954/2954
f 6089/5905 4084/4084 4085/4085
f 2419/2419 2466/2466 5305/5179
f 737/737 6606/6388 736/736
f 2965/2965 2964/2964 6340/6136
f 4146/4146 4081/4081 6863/6622
f 5077/4955 41/41 40/40
f 3066/3066 3065/3065 5571/5428
f 6648/6427 3066/3066 5423/5290
f 6511/6299 5861/5698 2382/2382
f 2329/2329 6615/6395 6511/6299
f 6512/6300 2847/2847 2905/2905
f 6513/6301 2607/2607 2608/2608
f 6513/6301 2606/2606 6248/6050
f 2522/2522 2472/2472 5080/4958
f 6278/6076 3013/3013 6322/6118
f 5430/5297 5172/5050 2249/2249
f 500/500 445/445 444/444
f 5147/5025 2883/2883 2882/2882
f 6514/6302 6144/5960 302/302
f 2731/2731 2662/2662 5358/5232
f 2732/2732 2662/2662 2731/2731
f 6515/6303 1790/1790 5740/5596
f 6515/6303 5470/6726 1790/1790
f 330/330 287/287 286/286
f 668/668 610/610 6010/5835
f 6516/6304 2485/2485 5635/5492
f 6517/6305 369/369 415/415
f 6517/6305 415/415 467/467
f 6518/6306 6030/5852 4903/4903
f 6518/6306 4915/4915 6795/6569
f 6519/6862 4179/4179 4178/4178
f 6520/6307 5939/5770 1937/1937
f 5452/5319 6520/6307 5227/5105
f 6521/6308 61/61 83/83
f 6522/6309 6137/5953 5092/4970
f 6522/6309 5339/5213 2436/2436
f 5441/5308 5221/5099 6384/6177
f 2347/2347 5105/4983 5092/4970
f 5721/5577 5228/5106 5996/5821
f 5495/5358 5225/5103 6396/6188
f 6523/6310 2321/2321 2369/2369
f 6025/5847 2371/2371 6523/6310
f 6524/6311 2705/2705 2704/2704
f 6524/6311 2706/2706 5766/5617
f 5620/5477 4865/4865 4887/4887
f 5104/4982 2269/2269 2323/2323
f 6525/6312 1984/1984 1983/1983
f 1983/1983 2041/2041 6525/6312
f 2696/2696 2697/2697 2633/2633
f 6526/6313 6362/6156 2765/2765
f 2151/2151 5981/5806 6183/5992
f 6527/6314 2265/2265 2211/2211
f 6528/6315 2731/2731 5358/5232
f 5188/5066 5734/5590 2427/2427
f 6529/6316 2345/2345 5107/4985
f 6529/6316 2391/2391 5330/5204
f 21/21 39/39 22/22
f 6706/6483 5367/5241 2598/2598
f 5074/4952 2597/2597 6530/6317
f 2666/2666 2605/2605 2604/2604
f 3142/3142 5541/5400 6307/6103
f 2206/2206 6797/6571 6531/6318
f 6531/6318 5968/5794 5741/5597
f 4847/4847 4846/4846 5877/5712
f 5061/4939 2449/2449 2404/2404
f 5665/5522 6146/5962 5061/4939
f 5401/5268 5642/5499 5165/5043
f 6532/6319 5332/5206 5628/5485
f 2669/2669 2668/2668 2741/2741
f 5085/4963 5747/6773 6179/6772
f 6533/6320 1048/1048 6771/6546
f 2492/2492 5113/4991 5865/5702
f 5137/5015 2547/2547 2492/2492
f 397/397 445/445 5378/5245
f 5641/5498 4477/4477 5382/5249
f 2324/2324 2376/2376 2377/2377
f 3681/3681 3615/3615 3542/3542
f 6535/6322 5649/5506 221/221
f 261/261 303/303 6535/6322
f 6536/6323 5412/5279 5132/5010
f 363/363 314/314 362/362
f 6537/6324 2200/2200 2199/2199
f 6537/6324 2254/2254 5595/5452
f 4895/4895 4999/6888 5376/6887
f 18/18 5131/5009 37/37
f 36/36 17/17 35/35
f 3160/3160 3233/3233 3161/3161
f 6538/6325 5673/5530 5436/5303
f 6538/6325 5659/5516 5142/5020
f 32/32 31/31 51/51
f 116/116 117/117 6367/6161
f 6539/6326 184/184 149/149
f 2815/2815 2756/2756 2814/2814
f 6540/6327 2595/2595 2654/2654
f 6540/6327 2655/2655 5890/5721
f 81/81 57/57 5158/5036
f 6368/6162 5447/5314 6369/6163
f 4817/4817 4836/4836 4837/4837
f 5214/5092 2402/2402 5905/5736
f 6543/6330 5909/5740 2742/2742
f 6279/6077 1903/1903 1830/1830
f 1975/1975 2036/2036 6544/6331
f 6545/6332 734/734 800/800
f 5678/5535 2062/2062 5175/5053
f 6206/6010 2314/2314 2361/2361
f 6546/6333 2072/2072 2134/2134
f 6546/6333 2198/2198 2254/2254
f 6547/6334 619/619 620/620
f 6548/6335 982/982 5409/5276
f 6265/6064 6046/5868 2905/2905
f 6265/6064 2846/2846 6046/5868
f 96/96 70/70 95/95
f 97/97 5803/6794 70/70
f 6549/6336 2638/2638 6344/6140
f 6549/6336 2639/2639 6326/6122
f 6550/6337 1967/1967 2029/2029
f 6550/6337 2030/2030 5173/5051
f 5700/5556 4758/4758 5163/5041
f 6552/6339 2096/2096 5230/5108
f 6552/6339 2155/2155 2156/2156
f 450/450 403/403 5786/5637
f 6553/6340 5529/5388 1979/1979
f 2576/2576 5912/5743 6326/6122
f 6554/6341 2208/2208 5724/5580
f 5379/5246 2270/2270 5104/4982
f 6555/6342 55/55 14/14
f 3156/3156 3157/3157 6306/6102
f 394/394 442/442 6697/6474
f 5932/5763 441/441 394/394
f 5352/5226 5067/4945 5389/5256
f 6059/5881 4625/4625 6736/6512
f 2337/2337 2338/2338 6717/6493
f 259/259 301/301 6514/6302
f 2590/2590 2647/2647 2648/2648
f 2209/2209 2263/2263 2264/2264
f 2262/2262 2209/2209 6165/5979
f 447/447 401/401 6626/6405
f 6556/6343 614/614 613/613
f 6556/6343 5477/5340 671/671
f 1050/1050 5686/5542 985/985
f 985/985 1049/1049 1050/1050
f 226/226 5204/5082 185/185
f 6557/6344 3782/3782 3843/3843
f 3844/3844 3783/3783 6557/6344
f 1612/1612 1535/1535 6217/6020
f 2592/2592 2591/2591 2649/2649
f 6558/6345 6076/5897 2307/2307
f 6558/6345 2355/2355 5471/5334
f 5719/5575 5485/5348 5250/5124
f 6560/6347 5041/4929 2467/2467
f 6560/6347 2379/2379 5561/5418
f 4712/4712 4745/4745 6691/6468
f 4200/4200 4143/4143 5778/5629
f 4323/4323 4322/4322 5767/5618
f 46/46 6056/5878 6156/5971
f 2678/2678 2616/2616 2615/2615
f 1852/1852 6385/6178 1926/1926
f 4471/4471 6386/6179 4472/4472
f 5255/5129 2180/2180 2119/2119
f 6563/6349 1858/1858 6190/5998
f 2085/2085 5957/5788 2027/2027
f 6564/6350 255/255 214/214
f 6565/6663 4898/4898 5469/6664
f 3571/3571 5094/4972 3572/3572
f 6566/6351 5418/5285 2559/2559
f 6566/6351 2623/2623 5781/5632
f 4029/4029 4089/4089 4030/4030
f 5744/5600 5287/5161 6290/6087
f 6567/6352 4731/4731 4702/4702
f 4701/4701 4730/4730 6567/6352
f 1831/1831 1759/1759 6394/6186
f 6568/6353 5958/5789 4689/4689
f 4688/4688 6722/6498 6568/6353
f 6051/5873 353/353 306/306
f 6569/6354 5990/5815 402/402
f 5291/5165 5533/5392 2978/2978
f 3781/3781 5727/5583 3710/3710
f 5280/5154 3711/3711 3781/3781
f 6570/6355 5501/5364 5268/5142
f 4659/4659 4660/4660 6405/6197
f 6572/6357 2349/2349 5369/5243
f 6572/6357 5335/5209 5095/4973
f 3638/3638 6436/6224 3707/3707
f 3639/3639 3638/3638 3707/3707
f 5942/5773 2087/2087 5237/5115
f 6574/6359 1313/1313 1312/1312
f 6574/6359 5961/5792 1387/1387
f 2895/2895 2946/2946 6591/6375
f 6575/6360 90/90 119/119
f 6575/6360 5286/5160 91/91
f 3043/3043 5124/5002 2966/2966
f 6576/6361 227/227 5692/5548
f 6576/6361 308/308 265/265
f 5800/5647 5548/5406 2872/2872
f 2685/2685 5209/5087 2622/2622
f 5355/5229 2394/2394 5095/4973
f 6578/6363 5950/5781 3778/3778
f 6579/6364 2819/2819 5269/5143
f 6579/6364 2687/2687 2760/2760
f 2397/2397 6225/6028 2351/2351
f 5234/5112 1932/1932 1931/1931
f 6580/6365 2681/2681 2680/2680
f 6580/6365 6256/6058 2754/2754
f 5273/5147 6581/6366 4022/4022
f 6581/6366 6109/5925 5972/5798
f 6388/6181 1054/1054 989/989
f 6317/6113 5508/5371 2622/2622
f 4057/4057 4122/4122 4058/4058
f 5259/5133 4825/4825 4798/4798
f 6582/6367 6402/6194 2418/2418
f 2419/2419 2378/2378 6582/6367
f 4941/6783 6636/6415 10/10
f 6584/6368 2809/2809 2863/2863
f 6584/6368 2752/2752 2751/2751
f 1107/1107 1044/1044 1043/1043
f 6585/6369 5336/5210 5866/5703
f 499/499 558/558 500/500
f 5288/5162 1760/1760 1832/1832
f 2890/2890 2832/2832 6113/5929
f 2159/2159 2098/2098 6330/6126
f 1933/1933 1787/1787 1932/1932
f 6586/6370 5330/5204 2392/2392
f 2296/2296 6818/6836 6176/6835
f 3678/3678 3679/3679 3613/3613
f 4056/4056 4001/4001 6331/6127
f 5429/5296 2550/2550 6376/6170
f 5420/5287 187/187 119/119
f 1634/1634 1782/1782 6587/6371
f 2083/2083 2084/2084 2027/2027
f 2534/2534 2484/2484 5813/5656
f 6588/6372 2738/2738 2739/2739
f 6588/6372 6248/6050 2605/2605
f 6589/6373 2640/2640 2707/2707
f 6589/6373 2641/2641 2580/2580
f 2951/2951 2952/2952 2901/2901
f 1873/1873 1943/1943 1874/1874
f 6590/6374 439/439 438/438
f 6590/6374 495/495 440/440
f 6591/6375 2897/2897 6324/6120
f 6591/6375 2946/2946 2947/2947
f 6592/6376 2829/2829 5721/5577
f 6592/6376 2770/2770 5179/5057
f 6593/6377 3710/3710 5668/5525
f 6593/6377 5484/5347 6141/5957
f 183/183 5624/5481 6462/6250
f 2900/2900 2949/2949 2950/2950
f 6865/6624 5603/5460 443/443
f 6594/6378 6865/6624 6422/6212
f 6595/6379 4478/4478 5891/5722
f 5399/5266 2729/2729 2658/2658
f 6596/6380 829/829 6189/5997
f 6596/6380 5808/5651 893/893
f 6597/6381 5995/5820 578/578
f 6598/6382 2746/2746 2804/2804
f 6598/6382 2805/2805 5931/5762
f 5593/5450 2875/2875 2876/2876
f 5910/5741 2127/2127 2189/2189
f 5434/5301 2190/2190 5910/5741
f 6599/6894 4920/4920 6415/6895
f 6600/6710 2850/2850 2797/2797
f 2327/2327 2227/2227 5738/5594
f 227/227 265/265 228/228
f 3641/3641 5726/5582 6601/6383
f 726/726 666/666 725/725
f 6602/6384 2785/2785 5207/5085
f 6602/6384 2723/2723 2784/2784
f 6603/6385 4266/4266 6421/6211
f 6603/6385 4326/4326 5811/5654
f 6604/6386 4899/4899 6163/5977
f 6604/6386 4900/4900 5178/5056
f 2456/2456 5360/5234 2508/2508
f 6605/6387 3932/3932 3991/3991
f 6605/6387 3811/3811 3810/3810
f 6606/6388 5551/5409 736/736
f 6606/6388 737/737 738/738
f 6607/6389 3198/3198 3126/3126
f 6607/6389 3275/3275 6828/6598
f 6608/6390 4314/4314 4315/4315
f 6608/6390 4257/4257 6003/5828
f 6609/6391 3215/3215 3145/3145
f 6609/6391 3144/3144 3214/3214
f 6610/6785 11/11 6156/5971
f 6611/6847 2965/2965 6155/5970
f 6612/6392 3877/3877 3999/3999
f 6612/6392 3817/3817 3752/3752
f 3493/3493 5212/5090 5944/5775
f 6613/6393 1963/1963 1895/1895
f 6613/6393 1820/1820 1893/1893
f 6614/6394 5421/5288 3569/3569
f 6614/6394 3570/3570 3495/3495
f 6615/6395 2329/2329 2278/2278
f 5328/5202 2530/2530 2481/2481
f 6616/6695 4051/4051 6171/5985
f 6617/6396 2457/2457 2509/2509
f 6617/6396 6074/5895 2367/2367
f 6618/6397 5156/5034 2325/2325
f 6619/6398 2133/2133 2070/2070
f 6619/6398 2069/2069 2132/2132
f 2078/2078 2141/2141 2079/2079
f 6434/6222 3678/3678 3612/3612
f 2133/2133 2197/2197 2134/2134
f 6620/6399 4289/4289 4290/4290
f 6620/6399 4233/4233 4115/4115
f 199/199 242/242 200/200
f 6621/6400 3566/3566 3490/3490
f 6621/6400 3636/3636 3637/3637
f 4117/4117 4118/4118 4055/4055
f 6622/6401 3847/3847 3786/3786
f 6622/6401 3785/3785 3845/3845
f 3610/3610 5578/5435 6434/6222
f 3356/3356 3357/3357 3286/3286
f 3356/3356 3431/3431 3432/3432
f 6623/6402 2425/2425 5220/5098
f 6624/6403 3314/3314 5538/5397
f 6624/6403 3313/3313 3384/3384
f 492/492 549/549 437/437
f 4345/4345 4285/4285 4344/4344
f 6443/6231 2355/2355 2306/2306
f 5955/5786 252/252 296/296
f 336/336 388/388 337/337
f 6073/5894 2219/2219 5594/5451
f 6625/6404 2726/2726 6135/5951
f 6625/6404 5879/5714 2596/2596
f 2938/2938 5112/4990 6278/6076
f 6626/6405 351/351 6264/6063
f 6626/6405 401/401 6569/6354
f 6627/6406 2559/2559 2501/2501
f 4866/4866 5344/5218 4888/4888
f 6628/6407 5611/5468 5848/5688
f 6628/6407 2372/2372 5611/5468
f 6629/6408 4721/4721 4695/4695
f 6629/6408 4753/4753 4722/4722
f 342/342 343/343 6049/5871
f 444/444 397/397 5617/5474
f 132/132 167/167 133/133
f 2597/2597 2531/2531 5606/5463
f 6630/6409 4730/4730 5830/5670
f 4766/4766 4767/4767 6630/6409
f 260/260 217/217 259/259
f 6631/6410 2993/2993 2992/2992
f 6631/6410 3063/3063 3064/3064
f 6632/6411 5915/5746 4764/4764
f 6632/6411 4763/4763 6226/6029
f 5357/5231 5107/4985 5633/5490
f 2433/2433 2391/2391 5357/5231
f 5105/4983 2393/2393 5092/4970
f 6633/6412 5644/5501 2728/2728
f 6633/6412 2658/2658 5367/5241
f 6634/6413 111/111 112/112
f 6634/6413 59/59 58/58
f 1048/1048 982/982 5466/5333
f 983/983 5409/5276 1048/1048
f 6635/6414 4177/4177 4288/4288
f 6635/6414 4230/4230 4178/4178
f 6636/6415 9/9 8/8
f 6219/6022 5586/5443 6108/5924
f 6219/6022 4679/4679 4678/4678
f 6637/6416 2795/2795 2848/2848
f 6637/6416 6482/6270 2732/2732
f 6638/6417 2975/2975 2854/2854
f 6638/6417 3047/3047 3048/3048
f 6639/6418 2727/2727 5402/5269
f 6639/6418 2657/2657 2656/2656
f 6640/6419 80/80 108/108
f 6641/6420 2171/2171 2170/2170
f 6641/6420 2233/2233 6477/6265
f 6642/6421 5186/5064 5855/5695
f 6643/6422 5933/5764 4909/4909
f 6643/6422 4892/4892 6465/6253
f 6644/6423 1833/1833 1906/1906
f 6645/6424 1385/1385 1386/1386
f 6645/6424 1311/1311 1241/1241
f 1113/1113 1112/1112 1177/1177
f 1049/1049 5904/5735 1113/1113
f 6646/6425 5350/5224 2830/2830
f 3276/3276 3350/3350 3277/3277
f 6647/6426 2255/2255 5785/5636
f 153/153 5769/5620 186/186
f 4024/4024 5934/5765 4080/4080
f 3072/3072 3138/3138 5426/5293
f 6648/6427 2999/2999 2998/2998
f 2041/2041 6058/5880 6525/6312
f 192/192 5993/5818 5833/5673
f 6649/6428 120/120 5286/5160
f 6649/6428 5546/5404 6061/5883
f 6650/6429 2181/2181 2180/2180
f 6650/6429 5448/5315 2242/2242
f 6651/6430 2098/2098 6457/6245
f 6651/6430 2158/2158 6330/6126
f 4596/4596 4546/4546 6228/6031
f 5264/5138 254/254 297/297
f 6377/6171 176/176 214/214
f 6398/6190 2239/2239 2178/2178
f 6652/6431 5325/5199 2487/2487
f 6652/6431 4968/6714 2603/2603
f 6653/6432 4649/4649 6308/6104
f 1939/1939 6480/6268 5527/5386
f 6654/6433 2039/2039 2100/2100
f 2040/2040 2101/2101 2102/2102
f 366/366 367/367 319/319
f 6655/6434 413/413 464/464
f 495/495 496/496 441/441
f 1602/1602 1680/1680 1603/1603
f 6656/6435 4476/4476 6881/6637
f 6656/6435 5559/5416 5252/5126
f 5157/5035 2212/2212 2148/2148
f 2212/2212 2147/2147 5174/5052
f 6657/6436 2470/2470 2424/2424
f 6657/6436 5861/5698 2423/2423
f 4238/4238 4296/4296 4357/4357
f 6658/6437 925/925 866/866
f 6658/6437 800/800 799/799
f 6659/6438 1077/1077 1078/1078
f 6229/6032 6659/6438 1078/1078
f 5454/5321 6273/6072 797/797
f 797/797 731/731 730/730
f 6660/6439 4771/4771 4798/4798
f 6660/6439 4799/4799 4800/4800
f 6661/6440 1385/1385 1310/1310
f 1459/1459 6866/6625 1458/1458
f 6662/6441 6008/5833 5195/5073
f 6662/6441 3962/3962 3904/3904
f 4176/4176 4177/4177 5580/5437
f 6663/6442 6019/5843 5514/5377
f 2628/2628 2691/2691 5140/5018
f 5140/5018 2692/2692 6345/6141
f 6664/6443 2522/2522 5080/4958
f 6664/6443 2583/2583 2584/2584
f 6665/6444 1391/1391 5417/5284
f 1534/1534 6665/6444 1532/1532
f 6666/6445 2104/2104 6311/6107
f 6666/6445 2166/2166 2105/2105
f 6667/6446 2895/2895 6474/6262
f 6667/6446 2944/2944 2945/2945
f 6668/6447 4616/4616 4617/4617
f 6668/6447 4569/4569 4568/4568
f 3750/3750 3874/3874 3816/3816
f 6669/6673 4808/4808 4807/4807
f 1713/1713 1638/1638 1562/1562
f 6670/6448 5099/4977 5810/5653
f 6670/6448 2542/2542 5864/5701
f 2232/2232 2332/2332 6671/6449
f 565/565 508/508 6547/6334
f 6672/6450 5036/4924 3005/3005
f 6672/6450 3133/3133 3070/3070
f 6673/6451 2346/2346 6541/6328
f 6673/6451 2434/2434 5327/5201
f 6674/6452 1529/1529 6231/6034
f 6574/6359 5698/5554 1313/1313
f 2974/2974 2973/2973 5474/5337
f 6675/6453 4382/4382 4326/4326
f 6675/6453 4433/4433 6500/6288
f 1212/1212 1283/1283 1144/1144
f 4851/4851 4825/4825 6676/6454
f 6676/6454 4824/4824 4849/4849
f 3157/3157 3230/3230 3158/3158
f 6677/6455 4818/4818 4837/4837
f 6677/6455 5715/5571 5930/5761
f 2689/2689 2762/2762 2690/2690
f 6679/6457 2520/2520 5062/4940
f 6679/6457 2519/2519 2642/2642
f 2676/2676 2750/2750 5266/5140
f 3494/3494 3424/3424 5984/5809
f 6344/6140 2637/2637 5597/5454
f 6680/6458 1464/1464 5037/4925
f 6681/6459 5501/5364 6570/6355
f 6681/6459 5195/5073 5483/5346
f 4281/4281 4340/4340 4282/4282
f 6682/6460 2338/2338 5691/5547
f 6682/6460 2339/2339 2286/2286
f 6683/6461 1205/1205 1206/1206
f 6683/6461 1079/1079 1013/1013
f 6684/6462 4790/4790 4814/4814
f 6684/6462 4815/4815 4816/4816
f 3093/3093 3092/3092 3165/3165
f 4318/4318 5187/5065 6507/6295
f 6685/6463 5536/5395 139/139
f 5117/4995 5110/4988 2299/2299
f 6686/6464 2401/2401 5596/5453
f 3535/3535 3461/3461 3533/3533
f 6687/6777 5/5 5787/6778
f 4702/4702 4670/4670 4701/4701
f 6688/6465 1961/1961 6437/6225
f 6688/6465 2026/2026 2027/2027
f 6689/6466 6245/6047 4622/4622
f 6690/6467 5931/5762 2856/2856
f 6691/6468 4746/4746 6568/6353
f 6691/6468 4745/4745 4782/4782
f 3877/3877 3998/3998 4055/4055
f 6692/6469 4823/4823 4824/4824
f 6692/6469 4769/4769 4797/4797
f 1642/1642 4961/6728 1718/1718
f 6693/6470 5223/5101 6046/5868
f 6693/6470 6048/5870 6463/6251
f 6694/6471 2187/2187 5119/4997
f 6694/6471 5875/6721 5545/6720
f 461/461 517/517 462/462
f 5295/5169 6430/6219 3100/3100
f 5512/5375 5246/5120 3036/3036
f 5512/5375 3161/3161 6038/5860
f 6695/6472 5800/5647 2994/2994
f 6696/6473 2674/2674 2613/2613
f 6696/6473 2748/2748 6853/6613
f 1246/1246 5507/5370 1318/1318
f 2301/2301 5199/5077 5232/5110
f 4352/4352 4292/4292 4291/4291
f 856/856 6451/6239 857/857
f 917/917 918/918 856/856
f 3571/3571 3572/3572 5039/4927
f 2890/2890 2941/2941 2891/2891
f 6697/6474 5432/5299 394/394
f 1904/1904 1977/1977 1905/1905
f 2655/2655 2725/2725 2726/2726
f 3002/3002 5761/5612 5146/5024
f 2164/2164 2228/2228 2165/2165
f 6698/6475 3286/3286 3210/3210
f 6698/6475 3285/3285 5540/5399
f 6117/5933 2505/2505 2563/2563
f 6699/6476 2214/2214 2213/2213
f 5771/5622 2970/2970 5169/5047
f 6352/6147 4871/4871 4870/4870
f 2843/2843 2903/2903 2844/2844
f 2060/2060 2008/2008 5235/5113
f 6700/6477 1876/1876 1875/1875
f 6700/6477 1944/1944 1876/1876
f 6701/6478 1757/1757 6452/6240
f 6702/6479 4578/4578 4579/4579
f 6702/6479 4528/4528 5208/5086
f 5079/4957 3709/3709 6147/5963
f 4230/4230 5026/6864 5011/6863
f 4139/4139 4255/4255 4198/4198
f 6703/6480 5154/5032 6472/6260
f 6484/6272 2420/2420 2467/2467
f 6704/6481 3468/3468 3541/3541
f 6704/6481 3614/3614 3680/3680
f 6705/6482 5128/5006 6465/6253
f 6705/6482 4848/4848 5675/5532
f 2/2 17/17 18/18
f 6706/6483 2532/2532 5074/4952
f 5074/4952 6530/6317 6706/6483
f 6707/6484 3575/3575 6218/6021
f 6707/6484 3576/3576 6461/6249
f 4544/4544 6492/6280 4545/4545
f 6373/6167 5163/5041 5403/5270
f 2461/2461 2511/2511 2462/2462
f 6708/6485 1204/1204 1274/1274
f 6708/6485 1205/1205 6229/6032
f 3814/3814 3870/3870 6709/6858
f 6361/6155 2438/2438 5088/4966
f 4050/4050 4110/4110 3991/3991
f 6710/6486 2414/2414 2415/2415
f 6710/6486 2374/2374 5980/5805
f 2118/2118 5255/5129 2119/2119
f 6711/6487 2801/2801 2742/2742
f 2143/2143 2144/2144 2024/2024
f 6712/6488 2616/2616 2679/2679
f 6712/6488 6166/5980 5498/5361
f 6713/6489 1180/1180 1179/1179
f 6713/6489 1248/1248 1249/1249
f 6714/6490 6215/6018 319/319
f 6714/6490 367/367 368/368
f 5356/5230 2538/2538 2604/2604
f 6715/6491 6367/6161 117/117
f 6715/6491 118/118 6504/6292
f 6056/5878 5125/5003 47/47
f 6716/6492 5085/4963 6205/6009
f 6716/6492 19/19 20/20
f 6717/6493 2284/2284 2337/2337
f 6718/6494 3491/3491 3567/3567
f 6718/6494 3639/3639 3568/3568
f 2451/2451 5889/5720 2502/2502
f 1827/1827 5398/5265 5652/5509
f 5609/5466 1900/1900 1827/1827
f 2097/2097 2096/2096 2157/2157
f 612/612 5390/5257 6481/6269
f 6719/6495 4951/6754 128/128
f 6719/6495 164/164 6214/6017
f 6720/6496 2841/2841 2784/2784
f 6720/6496 6082/5899 2955/2955
f 6721/6497 33/33 6293/6090
f 6722/6498 4688/4688 4647/4647
f 6405/6197 5493/5356 5254/5128
f 6723/6499 1044/1044 1045/1045
f 6723/6499 980/980 6325/6121
f 5479/5342 4143/4143 4200/4200
f 3783/3783 3844/3844 6435/6223
f 1675/1675 1599/1599 5553/5411
f 6582/6367 6013/5838 5428/5295
f 2849/2849 6482/6270 6637/6416
f 2849/2849 5881/5716 6482/6270
f 2966/2966 6162/5976 6153/5968
f 5681/5538 2184/2184 5177/5055
f 6725/6501 4257/4257 4258/4258
f 3171/3171 3170/3170 3244/3244
f 6726/6502 391/391 5974/5800
f 5974/5800 494/494 6726/6502
f 2308/2308 2257/2257 2256/2256
f 2036/2036 1975/1975 2035/2035
f 4208/4208 4265/4265 6004/5829
f 6727/6503 5139/5017 2034/2034
f 1469/1469 1397/1397 6486/6274
f 1458/1458 5553/5411 1459/1459
f 6728/6504 1796/1796 1871/1871
f 6729/6505 3936/3936 6222/6025
f 6729/6505 4053/4053 4054/4054
f 6730/6506 2301/2301 2300/2300
f 6730/6506 2441/2441 5315/5189
f 6731/6507 6202/6006 5183/5061
f 6731/6507 5689/5545 6463/6251
f 2612/2612 2673/2673 6418/6208
f 5436/5303 6391/6184 2340/2340
f 5436/5303 5673/5530 5927/5758
f 605/605 662/662 663/663
f 6732/6508 174/174 5536/5395
f 6733/6509 4513/4513 4463/4463
f 6733/6509 4607/4607 4561/4561
f 6734/6510 5897/5728 5040/4928
f 2633/2633 2634/2634 2569/2569
f 2634/2634 2570/2570 2569/2569
f 2600/2600 2533/2533 2599/2599
f 3142/3142 3212/3212 3143/3143
f 6735/6511 3124/3124 3123/3123
f 6735/6511 3194/3194 3195/3195
f 6736/6512 4670/4670 4626/4626
f 6737/6513 111/111 179/179
f 6737/6513 143/143 6028/5850
f 4666/4666 5494/5357 4667/4667
f 3208/3208 3284/3284 3285/3285
f 6739/6515 5956/5787 6290/6087
f 6739/6515 5295/5169 3099/3099
f 6740/6516 5138/5016 5598/5455
f 6740/6516 2150/2150 5614/5471
f 6189/5997 4958/6738 5684/6737
f 6741/6517 5155/5033 6186/5995
f 6741/6517 2823/2823 6033/5855
f 6742/6518 2315/2315 6206/6010
f 6742/6518 2316/2316 5763/5614
f 5954/5785 5739/5595 1941/1941
f 6743/6519 3281/3281 3280/3280
f 6743/6519 3353/3353 5764/5615
f 6744/6520 2525/2525 2526/2526
f 6745/6521 5279/5153 665/665
f 6745/6521 608/608 607/607
f 6746/6522 2295/2295 2294/2294
f 6746/6522 2345/2345 6529/6316
f 6747/6523 5108/4986 5645/5502
f 1173/1173 1243/1243 1174/1174
f 6424/6214 5772/5623 1172/1172
f 6748/6524 2698/2698 2766/2766
f 6748/6524 5101/4979 6246/6048
f 6749/6525 3602/3602 3671/3671
f 6749/6525 3739/3739 3740/3740
f 4708/4708 5835/5675 6440/6228
f 6750/6526 138/138 6685/6463
f 6750/6526 5544/5403 6285/6082
f 6751/6527 2025/2025 1959/1959
f 6751/6527 1958/1958 2023/2023
f 195/195 194/194 236/236
f 6752/6528 4570/4570 4617/4617
f 6752/6528 4618/4618 4571/4571
f 6753/6529 5384/5251 6018/5842
f 6753/6529 5700/5556 4793/4793
f 2297/2297 5651/5508 2246/2246
f 6754/6530 2959/2959 5256/5130
f 4864/4864 4865/4865 5632/5489
f 4864/4864 4886/4886 5106/4984
f 6755/6531 2980/2980 5303/5177
f 6755/6531 3051/3051 2981/2981
f 5633/5490 2431/2431 2432/2432
f 5633/5490 2344/2344 2390/2390
f 2357/2357 5307/5181 2358/2358
f 5101/4979 2825/2825 2767/2767
f 5130/5008 5070/4948 6148/5964
f 5883/5718 6358/6152 5068/4946
f 4202/4202 5928/5759 4146/4146
f 2607/2607 5120/4998 2668/2668
f 6756/6532 5314/5188 4795/4795
f 6756/6532 5682/5539 6244/6046
f 2376/2376 2417/2417 5115/4993
f 4206/4206 4263/4263 4264/4264
f 43/43 63/63 64/64
f 6757/6533 5472/5335 5666/5523
f 6757/6533 2620/2620 5773/5624
f 5890/5721 2529/2529 2595/2595
f 6758/6534 5387/5254 2543/2543
f 6758/6534 2669/2669 6143/5959
f 5151/5029 5144/5022 4623/4623
f 6759/6535 5404/5271 5896/5727
f 6759/6535 5605/5462 4664/4664
f 6760/6536 5118/4996 2350/2350
f 2399/2399 5181/5059 2444/2444
f 796/796 730/730 729/729
f 788/788 723/723 6237/6039
f 1999/1999 1924/1924 1998/1998
f 6761/6537 6741/6517 6033/5855
f 6761/6537 5143/5021 5840/5680
f 6762/6538 1461/1461 1460/1460
f 6762/6538 5978/5803 1601/1601
f 4447/4447 4498/4498 4499/4499
f 6763/6539 2817/2817 6577/6362
f 1682/1682 5653/5510 1683/1683
f 6764/6540 1682/1682 1681/1681
f 4796/4796 4766/4766 5703/5559
f 6765/6541 861/861 795/795
f 2653/2653 2593/2593 2652/2652
f 5185/5063 2429/2429 5659/5516
f 5164/5042 5677/5534 4665/4665
f 6310/6106 3279/3279 3203/3203
f 6766/6542 3352/3352 5663/5520
f 3809/3809 3810/3810 6002/5827
f 5825/5665 1214/1214 1215/1215
f 6768/6543 5687/5543 5201/5079
f 6768/6543 5414/5281 2525/2525
f 6769/6544 2966/2966 6389/6182
f 6769/6544 6136/5952 3043/3043
f 6301/6098 5570/5427 2037/2037
f 3013/3013 5572/5429 3014/3014
f 6300/6097 2794/2794 2793/2793
f 6771/6546 1175/1175 6533/6320
f 6771/6546 1048/1048 5466/5333
f 1534/1534 1532/1532 1533/1533
f 4343/4343 4284/4284 4228/4228
f 1389/1389 1316/1316 1315/1315
f 6773/6548 2420/2420 5884/5719
f 6773/6548 5222/5100 2380/2380
f 354/354 353/353 402/402
f 6774/6549 5533/5392 2916/2916
f 6774/6549 2976/2976 2977/2977
f 4076/4076 4020/4020 4075/4075
f 6775/6550 1114/1114 1051/1051
f 6775/6550 1113/1113 5774/5625
f 2351/2351 5690/5546 5194/5072
f 2790/2790 5869/5706 2846/2846
f 2789/2789 2845/2845 2790/2790
f 6776/6551 4074/4074 4138/4138
f 6776/6551 4075/4075 4019/4019
f 5949/5780 6497/6285 3037/3037
f 1319/1319 1318/1318 1392/1392
f 2001/2001 1926/1926 6385/6178
f 2002/2002 1927/1927 2001/2001
f 6777/6552 5243/6891 4997/6890
f 6777/6552 4893/4893 4892/4892
f 5926/5757 6881/6637 5206/5084
f 6778/6553 2645/2645 6299/6096
f 6778/6553 2586/2586 2644/2644
f 6491/6279 4650/4650 6000/5825
f 2249/2249 5844/5684 6779/6554
f 6779/6554 2190/2190 2249/2249
f 4724/4724 5920/5751 5709/5565
f 5463/5330 4322/4322 4321/4321
f 5930/5761 5680/5537 6780/6555
f 7/7 24/24 6365/6159
f 497/497 554/554 498/498
f 6195/6003 1794/1794 1795/1795
f 2775/2775 2835/2835 5998/5823
f 2498/2498 2446/2446 6298/6095
f 2447/2447 5667/5524 2498/2498
f 2537/2537 2536/2536 6781/6556
f 92/92 93/93 6347/6143
f 6782/6557 2335/2335 2235/2235
f 6782/6557 6477/6265 5274/5148
f 6783/6558 1645/1645 1499/1499
f 6783/6558 1643/1643 1644/1644
f 2315/2315 6329/6125 2314/2314
f 6784/6559 3347/3347 6446/6234
f 3902/3902 6006/5831 4022/4022
f 5983/5808 6188/6860 5033/6859
f 5411/5278 6414/6771 6785/6770
f 6341/6137 3032/3032 3031/3031
f 3089/3089 5556/5413 6341/6137
f 2555/2555 2618/2618 2681/2681
f 6786/6560 80/80 6640/6419
f 6555/6342 54/54 6786/6560
f 2173/2173 6505/6293 2172/2172
f 2259/2259 2310/2310 5968/5794
f 2258/2258 2309/2309 2259/2259
f 4658/4658 4657/4657 4697/4697
f 6787/6561 6284/6081 6071/5892
f 6787/6561 1928/1928 6839/6603
f 5452/5319 5711/5567 6520/6307
f 6788/6562 30/30 6561/6788
f 29/29 4938/6787 4939/6786
f 1350/1350 1278/1278 5826/5666
f 6789/6563 860/860 793/793
f 3068/3068 5775/5626 5049/4934
f 2960/2960 2844/2844 2959/2959
f 3315/3315 3316/3316 6065/5887
f 2786/2786 2843/2843 2787/2787
f 6790/6564 3175/3175 3102/3102
f 6790/6564 3047/3047 3173/3173
f 6192/6000 2892/2892 2942/2942
f 451/451 507/507 452/452
f 6791/6565 2760/2760 2687/2687
f 6792/6566 2250/2250 2191/2191
f 5844/5684 6154/5969 6792/6566
f 6793/6567 2112/2112 2111/2111
f 6793/6567 2173/2173 2172/2172
f 5300/5174 3077/3077 3145/3145
f 3019/3019 3018/3018 6194/6002
f 671/671 615/615 614/614
f 1863/1863 6274/6073 1864/1864
f 5568/5425 4624/4624 6794/6568
f 1353/1353 1352/1352 1424/1424
f 4639/4639 4682/4682 4640/4640
f 5552/5410 2980/2980 2917/2917
f 6493/6281 6390/6183 5552/5410
f 5456/5323 5827/5667 6504/6292
f 6852/6691 6891/6644 4979/6692
f 6795/6569 4915/4915 4994/6655
f 6795/6569 5757/6654 4916/4916
f 6796/6570 2717/2717 2646/2646
f 6796/6570 2645/2645 2716/2716
f 6412/6204 1792/1792 1722/1722
f 6797/6571 2206/2206 2205/2205
f 6797/6571 2259/2259 6531/6318
f 4574/4574 4524/4524 4573/4573
f 4593/4593 4542/4542 4541/4541
f 6061/5883 187/187 5296/5170
f 1728/1728 1799/1799 1653/1653
f 6798/6572 3039/3039 6152/5967
f 6798/6572 6275/6074 5223/5101
f 6799/6573 5549/5407 1758/1758
f 6799/6573 1829/1829 1830/1830
f 6800/6574 1612/1612 1687/1687
f 6801/6575 4621/4621 5141/5019
f 5437/5304 5149/5027 6801/6575
f 2694/2694 2630/2630 2629/2629
f 2694/2694 2631/2631 5103/4981
f 6802/6576 2937/2937 5368/5242
f 6802/6576 3006/3006 3007/3007
f 6803/6577 3708/3708 3778/3778
f 6804/6578 675/675 619/619
f 6062/5884 2084/2084 5265/5139
f 6805/6579 2304/2304 5595/5452
f 6805/6579 2253/2253 2303/2303
f 2862/2862 2920/2920 6433/6221
f 5082/4960 5338/5212 6806/6580
f 6806/6580 5622/5479 2574/2574
f 2028/2028 6098/5914 1895/1895
f 2743/2743 2744/2744 2671/2671
f 6807/6581 1084/1084 1083/1083
f 1210/1210 6807/6581 1083/1083
f 6808/6582 5211/5089 2330/2330
f 6375/6169 6047/5869 5486/5349
f 6809/6583 97/97 125/125
f 6809/6583 160/160 5819/5659
f 4395/4395 4340/4340 4394/4394
f 5344/5218 6030/5852 4888/4888
f 2577/2577 5035/4923 2576/2576
f 2321/2321 2268/2268 2267/2267
f 6810/6584 2321/2321 6523/6310
f 2011/2011 6364/6158 6811/6585
f 6812/6586 1047/1047 981/981
f 6812/6586 980/980 1046/1046
f 5298/5172 3062/3062 5582/5439
f 6813/6587 1977/1977 6041/5863
f 86/86 5637/5494 115/115
f 3094/3094 5951/5782 3167/3167
f 6814/6588 827/827 892/892
f 6814/6588 951/951 5583/5440
f 6815/6589 446/446 502/502
f 6815/6589 5487/5350 447/447
f 6816/6590 4784/4784 6005/5830
f 4785/4785 4748/4748 4715/4715
f 3166/3166 5525/5384 3093/3093
f 6818/6836 6586/6370 4923/6837
f 6819/6657 6209/6013 4992/6658
f 6820/6592 369/369 6517/6305
f 5253/5127 1243/1243 6424/6214
f 5275/5149 1052/1052 988/988
f 5534/5393 5753/5606 5275/5149
f 6821/6593 3644/3644 3575/3575
f 6821/6593 3574/3574 3643/3643
f 3240/3240 3166/3166 5749/5602
f 6060/5882 5312/5186 5561/5418
f 6822/6594 2578/2578 2577/2577
f 6823/6595 4287/4287 4175/4175
f 6823/6595 4346/4346 4347/4347
f 2769/2769 2827/2827 6185/5994
f 3236/3236 3312/3312 3237/3237
f 2931/2931 2872/2872 2871/2871
f 1566/1566 6848/6826 6824/6825
f 6825/6596 390/390 5750/5603
f 6825/6596 338/338 389/389
f 1240/1240 6645/6424 1241/1241
f 6826/6597 2628/2628 5140/5018
f 6826/6597 2563/2563 2562/2562
f 1244/1244 1245/1245 1176/1176
f 6827/6852 3387/3387 5371/6853
f 4656/4656 4694/4694 4695/4695
f 6828/6598 3276/3276 6607/6389
f 6828/6598 3348/3348 3419/3419
f 6829/6661 6163/5977 5516/6662
f 3100/3100 3101/3101 3046/3046
f 4632/4632 4676/4676 4633/4633
f 6830/6599 4533/4533 4486/4486
f 6830/6599 4434/4434 4485/4485
f 2853/2853 5197/5075 6543/6330
f 4599/4599 6869/6628 6831/6683
f 6832/6806 323/323 4932/6807
f 4954/6745 6833/6744 472/472
f 1456/1456 1528/1528 1457/1457
f 6186/5995 5917/5748 6542/6329
f 2797/2797 2736/2736 2735/2735
f 6834/6600 4628/4628 4585/4585
f 6834/6600 4584/4584 4627/4627
f 159/159 160/160 125/125
f 331/331 290/290 289/289
f 31/31 6835/6762 6890/6643
f 4733/4733 4772/4772 4704/4704
f 4566/4566 4568/4568 4518/4518
f 721/721 787/787 722/722
f 4996/6651 4917/4917 4995/6652
f 5838/5678 6039/5861 4635/4635
f 6743/6519 5406/5273 3353/3353
f 3321/3321 3389/3389 3390/3390
f 6836/6601 2602/2602 5093/4971
f 6836/6601 2601/2601 5358/5232
f 201/201 6001/5826 6118/5934
f 548/548 604/604 549/549
f 868/868 926/926 927/927
f 268/268 231/231 230/230
f 4316/4316 4374/4374 5520/5379
f 5751/5604 2889/2889 6312/6108
f 5161/5039 2790/2790 2846/2846
f 6837/6602 2929/2929 2928/2928
f 6837/6602 2991/2991 5298/5172
f 4787/4787 4811/4811 4812/4812
f 6838/6803 278/278 5059/6804
f 6806/6580 2514/2514 5622/5479
f 6839/6603 5792/5639 6787/6561
f 6839/6603 1855/1855 1783/1783
f 6840/6604 5122/5000 2298/2298
f 6841/6678 4744/4744 5021/6679
f 6842/6605 5988/5813 3993/3993
f 6842/6605 3992/3992 4110/4110
f 3381/3381 3457/3457 3382/3382
f 6844/6606 4285/4285 4345/4345
f 6844/6606 5592/5449 4229/4229
f 4382/4382 4328/4328 4327/4327
f 1351/1351 1424/1424 1352/1352
f 1494/1494 1495/1495 1351/1351
f 1633/1633 1710/1710 1711/1711
f 6845/6607 1309/1309 1384/1384
f 6846/6608 2609/2609 2545/2545
f 6846/6608 2544/2544 2490/2490
f 4744/4744 4687/4687 4686/4686
f 2884/2884 5180/5058 5562/5419
f 405/405 356/356 404/404
f 380/380 288/288 330/330
f 3492/3492 3420/3420 3491/3491
f 3878/3878 3938/3938 3939/3939
f 2973/2973 2971/2971 3046/3046
f 1922/1922 1995/1995 1996/1996
f 6847/6609 767/767 832/832
f 6847/6609 895/895 896/896
f 6223/6026 5/5 6687/6777
f 1454/1454 1455/1455 1383/1383
f 6848/6826 1566/1566 5373/6827
f 6849/6610 867/867 926/926
f 4568/4568 4566/4566 4567/4567
f 3106/3106 2979/2979 3050/3050
f 6850/6611 2047/2047 2109/2109
f 6850/6611 1991/1991 1990/1990
f 3495/3495 5902/5733 5039/4927
f 29/29 6788/6562 4938/6787
f 6851/6612 925/925 924/924
f 6851/6612 1052/1052 6388/6181
f 2227/2227 2327/2327 2278/2278
f 332/332 290/290 331/331
f 2061/2061 4964/6723 6767/6722
f 6853/6613 2748/2748 6690/6467
f 4886/4886 4914/4914 5331/5205
f 6834/6600 4672/4672 4628/4628
f 6854/6614 4580/4580 5706/5562
f 6854/6614 4579/4579 5922/5753
f 1493/1493 1561/1561 1562/1562
f 3075/3075 3017/3017 3016/3016
f 6845/6607 1457/1457 6661/6440
f 2637/2637 5908/5739 5597/5454
f 5712/5568 5426/5293 3138/3138
f 6855/6615 4149/4149 5777/5628
f 6855/6615 4205/4205 4206/4206
f 6856/6616 5089/4967 6359/6153
f 6856/6616 348/348 6027/5849
f 4972/6702 6882/6638 5372/6703
f 6857/6617 4972/6702 3462/3462
f 3069/3069 3004/3004 3003/3003
f 5782/5633 1532/1532 5417/5284
f 3156/3156 3230/3230 3157/3157
f 605/605 550/550 604/604
f 802/802 6877/6634 6849/6610
f 5881/5716 5018/6844 2796/2796
f 6858/6618 5885/6748 6079/6747
f 6858/6618 324/324 373/373
f 4947/6761 6890/6643 6835/6762
f 6859/6619 6587/6371 1855/1855
f 6859/6619 1636/1636 1635/1635
f 4567/4567 4613/4613 4614/4614
f 6860/6667 4880/4880 5375/6668
f 6861/6620 3462/3462 4973/6701
f 3032/3032 2955/2955 3031/3031
f 5877/5712 4868/4868 6747/6523
f 6862/6621 6188/6860 5983/5808
f 6862/6621 3996/3996 3997/3997
f 5589/5446 6738/6514 3283/3283
f 488/488 545/545 489/489
f 2884/2884 5424/5291 5180/5058
f 3532/3532 3607/3607 3533/3533
f 3304/3304 3227/3227 3303/3303
f 6863/6622 4081/4081 5202/5080
f 6863/6622 4080/4080 5321/5195
f 2577/2577 2517/2517 5035/4923
f 3256/3256 3329/3329 3330/3330
f 4596/4596 4641/4641 4597/4597
f 2354/2354 5214/5092 5941/5772
f 356/356 405/405 357/357
f 6864/6623 4203/4203 5189/5067
f 6864/6623 4204/4204 4148/4148
f 3135/3135 3134/3134 6375/6169
f 6865/6624 395/395 6422/6212
f 6865/6624 6594/6378 5603/5460
f 2994/2994 6631/6410 5557/5414
f 5306/5180 2449/2449 6146/5962
f 6866/6625 6661/6440 1458/1458
f 6866/6625 1459/1459 6426/6216
f 2581/2581 2711/2711 5422/5289
f 134/134 169/169 135/135
f 6142/5958 953/953 1081/1081
f 3536/3536 6031/5853 3609/3609
f 6861/6620 6031/5853 3536/3536
f 4270/4270 4329/4329 4271/4271
f 4629/4629 6879/6636 4630/4630
f 6867/6626 1712/1712 1637/1637
f 6867/6626 6859/6619 1784/1784
f 6868/6627 3107/3107 5283/5157
f 6868/6627 3177/3177 3178/3178
f 6869/6628 4983/6684 6831/6683
f 6869/6628 4599/4599 4552/4552
f 6870/6629 2854/2854 6050/5872
f 6870/6629 2914/2914 2974/2974
f 4786/4786 4787/4787 4749/4749
f 6390/6183 2978/2978 2979/2979
f 6871/6630 157/157 158/158
f 6871/6630 123/123 122/122
f 3870/3870 3814/3814 5574/5431
f 3870/3870 5033/6859 6709/6858
f 1280/1280 1354/1354 1355/1355
f 1354/1354 6354/6733 6200/6732
f 5176/5054 28/28 45/45
f 6872/6631 3490/3490 3566/3566
f 6872/6631 3420/3420 3349/3349
f 6873/6632 4080/4080 6863/6622
f 6873/6632 5202/5080 3961/3961
f 551/551 663/663 606/606
f 697/697 760/760 761/761
f 4619/4619 5938/5769 4574/4574
f 3430/3430 3501/3501 3502/3502
f 3009/3009 3008/3008 5048/4933
f 6875/6879 4806/4806 6081/6880
f 6876/6633 1354/1354 6200/6732
f 6876/6633 1426/1426 1427/1427
f 5345/5219 6889/6642 5631/5488
f 6877/6634 801/801 6849/6610
f 6877/6634 802/802 737/737
f 3226/3226 3089/3089 3155/3155
f 6878/6635 67/67 6432/6220
f 6878/6635 47/47 66/66
f 1486/1486 1554/1554 1555/1555
f 141/141 108/108 5710/5566
f 6031/5853 6861/6620 5802/6700
f 74/74 6888/6641 75/75
f 6879/6636 4674/4674 4630/4630
f 6879/6636 4629/4629 4673/4673
f 1455/1455 1526/1526 1456/1456
f 1454/1454 1525/1525 1455/1455
f 783/783 851/851 784/784
f 4070/4070 4133/4133 4134/4134
f 4403/4403 6080/6687 6880/6686
f 6881/6637 5938/5769 5206/5084
f 6881/6637 5926/5757 4526/4526
f 6882/6638 6857/6617 3243/3243
f 6882/6638 4971/6704 5372/6703
f 2880/2880 5631/5488 5364/5238
f 75/75 6890/6643 6883/6639
f 6884/6640 420/420 324/324
f 655/655 717/717 656/656
f 6885/6816 828/828 4927/6817
f 6891/6644 4232/4232 4231/4231
f 5577/5434 6891/6644 4231/4231
f 6886/6746 6884/6640 6079/6747
f 2287/2287 2340/2340 6391/6184
f 6887/6818 953/953 5966/6819
f 6888/6641 76/76 51/51
f 6888/6641 74/74 102/102
f 4781/4781 6843/6876 4743/4743
f 4781/4781 4780/4780 6874/6877
f 6889/6642 2766/2766 5631/5488
f 6889/6642 5345/5219 5365/5239
f 6835/6762 31/31 6281/6763
f 6890/6643 4947/6761 6883/6639
f 4404/4404 6894/6647 4455/4455
f 2339/2339 6895/6648 6501/6289
f 6891/6644 6852/6691 4232/4232
f 6891/6644 5577/5434 4978/6693
f 4982/6685 6894/6647 6880/6686
f 6892/6645 1066/1066 1065/1065
f 6892/6645 1128/1128 1129/1129
f 2287/2287 6895/6648 2340/2340
f 1067/1067 1129/1129 1130/1130
f 6080/6687 4403/4403 4454/4454
f 6893/6646 6885/6816 5022/6815
f 6893/6646 763/763 827/827
f 6894/6647 4403/4403 6880/6686
f 6894/6647 4982/6685 4551/4551
f 6895/6648 2339/2339 6450/6238
f 6895/6648 2287/2287 6501/6289
f 6896/6649 3978/3978 4038/4038
f 6896/6649 3979/3979 3921/3921
f 6897/6650 4006/4006 4005/4005
f 6897/6650 4061/4061 4062/4062
