Time,Displacement,Force
(s),(mm),(kN)
"0.0000","0.0000","0.0000"
"0.0200","-0.0001","0.0000"
"0.0400","-0.0008","0.0000"
"0.0600","-0.0038","0.0000"
"0.0800","-0.0102","0.0000"
"0.1000","-0.0193","-0.0001"
"0.1200","-0.0292","-0.0001"
"0.1400","-0.0396","-0.0002"
"0.1600","-0.0510","-0.0002"
"0.1800","-0.0626","-0.0002"
"0.2000","-0.0727","-0.0002"
"0.2200","-0.0816","-0.0003"
"0.2400","-0.0904","-0.0003"
"0.2600","-0.0998","-0.0004"
"0.2800","-0.1101","-0.0004"
"0.3000","-0.1201","-0.0004"
"0.3200","-0.1292","-0.0004"
"0.3400","-0.1386","-0.0004"
"0.3600","-0.1486","-0.0005"
"0.3800","-0.1594","-0.0005"
"0.4000","-0.1699","-0.0006"
"0.4200","-0.1797","-0.0006"
"0.4400","-0.1891","-0.0006"
"0.4600","-0.1987","-0.0007"
"0.4800","-0.2088","-0.0007"
"0.5000","-0.2195","-0.0007"
"0.5200","-0.2295","-0.0007"
"0.5400","-0.2387","-0.0008"
"0.5600","-0.2478","-0.0008"
"0.5800","-0.2573","-0.0008"
"0.6000","-0.2675","-0.0009"
"0.6200","-0.2779","-0.0009"
"0.6400","-0.2880","-0.0009"
"0.6600","-0.2981","-0.0009"
"0.6800","-0.3086","-0.0010"
"0.7000","-0.3199","-0.0010"
"0.7200","-0.3313","-0.0010"
"0.7400","-0.3413","-0.0011"
"0.7600","-0.3506","-0.0011"
"0.7800","-0.3598","-0.0011"
"0.8000","-0.3697","-0.0011"
"0.8200","-0.3803","-0.0012"
"0.8400","-0.3903","-0.0012"
"0.8600","-0.3997","-0.0012"
"0.8800","-0.4092","-0.0012"
"0.9000","-0.4191","-0.0013"
"0.9200","-0.4297","-0.0013"
"0.9400","-0.4404","-0.0013"
"0.9600","-0.4501","-0.0014"
"0.9800","-0.4593","-0.0014"
"1.0000","-0.4687","-0.0014"
"1.0200","-0.4790","-0.0014"
"1.0400","-0.4899","-0.0015"
"1.0600","-0.5002","-0.0015"
"1.0800","-0.5096","-0.0015"
"1.1000","-0.5189","-0.0016"
"1.1200","-0.5290","-0.0016"
"1.1400","-0.5398","-0.0016"
"1.1600","-0.5502","-0.0016"
"1.1800","-0.5596","-0.0017"
"1.2000","-0.5685","-0.0017"
"1.2200","-0.5781","-0.0017"
"1.2400","-0.5888","-0.0017"
"1.2600","-0.5998","-0.0018"
"1.2800","-0.6100","-0.0018"
"1.3000","-0.6196","-0.0018"
"1.3200","-0.6293","-0.0018"
"1.3400","-0.6396","-0.0019"
"1.3600","-0.6505","-0.0019"
"1.3800","-0.6608","-0.0019"
"1.4000","-0.6703","-0.0019"
"1.4200","-0.6795","-0.0020"
"1.4400","-0.6891","-0.0020"
"1.4600","-0.6998","-0.0020"
"1.4800","-0.7107","-0.0020"
"1.5000","-0.7207","-0.0021"
"1.5200","-0.7299","-0.0021"
"1.5400","-0.7392","-0.0021"
"1.5600","-0.7493","-0.0021"
"1.5800","-0.7599","-0.0022"
"1.6000","-0.7698","-0.0022"
"1.6200","-0.7790","-0.0022"
"1.6400","-0.7884","-0.0022"
"1.6600","-0.7986","-0.0023"
"1.6800","-0.8097","-0.0023"
"1.7000","-0.8206","-0.0023"
"1.7200","-0.8306","-0.0023"
"1.7400","-0.8401","-0.0024"
"1.7600","-0.8498","-0.0024"
"1.7800","-0.8600","-0.0024"
"1.8000","-0.8705","-0.0024"
"1.8200","-0.8803","-0.0024"
"1.8400","-0.8895","-0.0025"
"1.8600","-0.8987","-0.0025"
"1.8800","-0.9087","-0.0025"
"1.9000","-0.9198","-0.0025"
"1.9200","-0.9303","-0.0026"
"1.9400","-0.9398","-0.0026"
"1.9600","-0.9490","-0.0026"
"1.9800","-0.9590","-0.0026"
"2.0000","-0.9701","-0.0027"
"2.0200","-0.9811","-0.0027"
"2.0400","-0.9908","-0.0027"
"2.0600","-1.0000","-0.0027"
"2.0800","-1.0096","-0.0027"
"2.1000","-1.0201","-0.0028"
"2.1200","-1.0310","-0.0028"
"2.1400","-1.0409","-0.0028"
"2.1600","-1.0501","-0.0028"
"2.1800","-1.0593","-0.0029"
"2.2000","-1.0689","-0.0029"
"2.2200","-1.0793","-0.0029"
"2.2400","-1.0898","-0.0029"
"2.2600","-1.0995","-0.0030"
"2.2800","-1.1090","-0.0030"
"2.3000","-1.1189","-0.0030"
"2.3200","-1.1298","-0.0031"
"2.3400","-1.1408","-0.0031"
"2.3600","-1.1506","-0.0031"
"2.3800","-1.1597","-0.0031"
"2.4000","-1.1690","-0.0031"
"2.4200","-1.1792","-0.0032"
"2.4400","-1.1900","-0.0032"
"2.4600","-1.2003","-0.0032"
"2.4800","-1.2098","-0.0032"
"2.5000","-1.2192","-0.0033"
"2.5200","-1.2294","-0.0033"
"2.5400","-1.2401","-0.0033"
"2.5600","-1.2505","-0.0034"
"2.5800","-1.2600","-0.0034"
"2.6000","-1.2693","-0.0034"
"2.6200","-1.2789","-0.0034"
"2.6400","-1.2893","-0.0034"
"2.6600","-1.3002","-0.0034"
"2.6800","-1.3106","-0.0035"
"2.7000","-1.3202","-0.0035"
"2.7200","-1.3296","-0.0035"
"2.7400","-1.3395","-0.0035"
"2.7600","-1.3503","-0.0035"
"2.7800","-1.3606","-0.0036"
"2.8000","-1.3700","-0.0036"
"2.8200","-1.3790","-0.0036"
"2.8400","-1.3887","-0.0036"
"2.8600","-1.3993","-0.0036"
"2.8800","-1.4102","-0.0037"
"2.9000","-1.4201","-0.0037"
"2.9200","-1.4293","-0.0037"
"2.9400","-1.4389","-0.0037"
"2.9600","-1.4493","-0.0038"
"2.9800","-1.4603","-0.0038"
"3.0000","-1.4705","-0.0038"
"3.0200","-1.4800","-0.0038"
"3.0400","-1.4893","-0.0039"
"3.0600","-1.4991","-0.0039"
"3.0800","-1.5097","-0.0039"
"3.1000","-1.5204","-0.0039"
"3.1200","-1.5302","-0.0039"
"3.1400","-1.5393","-0.0040"
"3.1600","-1.5486","-0.0040"
"3.1800","-1.5589","-0.0040"
"3.2000","-1.5697","-0.0040"
"3.2200","-1.5798","-0.0041"
"3.2400","-1.5891","-0.0041"
"3.2600","-1.5984","-0.0041"
"3.2800","-1.6087","-0.0041"
"3.3000","-1.6199","-0.0042"
"3.3200","-1.6306","-0.0042"
"3.3400","-1.6401","-0.0042"
"3.3600","-1.6495","-0.0042"
"3.3800","-1.6594","-0.0042"
"3.4000","-1.6701","-0.0043"
"3.4200","-1.6805","-0.0043"
"3.4400","-1.6901","-0.0043"
"3.4600","-1.6994","-0.0043"
"3.4800","-1.7091","-0.0043"
"3.5000","-1.7194","-0.0044"
"3.5200","-1.7302","-0.0044"
"3.5400","-1.7403","-0.0044"
"3.5600","-1.7494","-0.0044"
"3.5800","-1.7585","-0.0044"
"3.6000","-1.7682","-0.0045"
"3.6200","-1.7790","-0.0045"
"3.6400","-1.7898","-0.0045"
"3.6600","-1.7997","-0.0045"
"3.6800","-1.8093","-0.0046"
"3.7000","-1.8194","-0.0046"
"3.7200","-1.8303","-0.0046"
"3.7400","-1.8411","-0.0046"
"3.7600","-1.8506","-0.0047"
"3.7800","-1.8594","-0.0047"
"3.8000","-1.8685","-0.0047"
"3.8200","-1.8785","-0.0047"
"3.8400","-1.8893","-0.0047"
"3.8600","-1.8997","-0.0047"
"3.8800","-1.9093","-0.0048"
"3.9000","-1.9190","-0.0048"
"3.9200","-1.9291","-0.0048"
"3.9400","-1.9399","-0.0048"
"3.9600","-1.9507","-0.0049"
"3.9800","-1.9605","-0.0049"
"4.0000","-1.9698","-0.0049"
"4.0200","-1.9794","-0.0049"
"4.0400","-1.9898","-0.0049"
"4.0600","-2.0007","-0.0049"
"4.0800","-2.0108","-0.0050"
"4.1000","-2.0200","-0.0050"
"4.1200","-2.0290","-0.0050"
"4.1400","-2.0387","-0.0050"
"4.1600","-2.0493","-0.0050"
"4.1800","-2.0596","-0.0051"
"4.2000","-2.0691","-0.0051"
"4.2200","-2.0785","-0.0051"
"4.2400","-2.0885","-0.0051"
"4.2600","-2.0995","-0.0051"
"4.2800","-2.1105","-0.0052"
"4.3000","-2.1207","-0.0052"
"4.3200","-2.1302","-0.0052"
"4.3400","-2.1397","-0.0052"
"4.3600","-2.1497","-0.0052"
"4.3800","-2.1603","-0.0052"
"4.4000","-2.1703","-0.0053"
"4.4200","-2.1797","-0.0053"
"4.4400","-2.1888","-0.0053"
"4.4600","-2.1984","-0.0053"
"4.4800","-2.2090","-0.0053"
"4.5000","-2.2198","-0.0054"
"4.5200","-2.2296","-0.0054"
"4.5400","-2.2388","-0.0054"
"4.5600","-2.2483","-0.0054"
"4.5800","-2.2589","-0.0054"
"4.6000","-2.2700","-0.0055"
"4.6200","-2.2803","-0.0055"
"4.6400","-2.2898","-0.0055"
"4.6600","-2.2994","-0.0055"
"4.6800","-2.3097","-0.0055"
"4.7000","-2.3206","-0.0056"
"4.7200","-2.3309","-0.0056"
"4.7400","-2.3402","-0.0056"
"4.7600","-2.3492","-0.0056"
"4.7800","-2.3587","-0.0056"
"4.8000","-2.3691","-0.0056"
"4.8200","-2.3798","-0.0057"
"4.8400","-2.3898","-0.0057"
"4.8600","-2.3993","-0.0057"
"4.8800","-2.4089","-0.0057"
"4.9000","-2.4192","-0.0057"
"4.9200","-2.4304","-0.0057"
"4.9400","-2.4409","-0.0058"
"4.9600","-2.4504","-0.0058"
"4.9800","-2.4596","-0.0058"
"5.0000","-2.4694","-0.0058"
"5.0200","-2.4801","-0.0058"
"5.0400","-2.4906","-0.0059"
"5.0600","-2.5001","-0.0059"
"5.0800","-2.5092","-0.0059"
"5.1000","-2.5189","-0.0059"
"5.1200","-2.5295","-0.0059"
"5.1400","-2.5402","-0.0060"
"5.1600","-2.5501","-0.0060"
"5.1800","-2.5594","-0.0060"
"5.2000","-2.5689","-0.0060"
"5.2200","-2.5791","-0.0060"
"5.2400","-2.5901","-0.0060"
"5.2600","-2.6008","-0.0061"
"5.2800","-2.6108","-0.0061"
"5.3000","-2.6204","-0.0061"
"5.3200","-2.6300","-0.0061"
"5.3400","-2.6404","-0.0061"
"5.3600","-2.6507","-0.0061"
"5.3800","-2.6601","-0.0062"
"5.4000","-2.6690","-0.0062"
"5.4200","-2.6783","-0.0062"
"5.4400","-2.6886","-0.0062"
"5.4600","-2.6997","-0.0062"
"5.4800","-2.7100","-0.0062"
"5.5000","-2.7194","-0.0062"
"5.5200","-2.7289","-0.0063"
"5.5400","-2.7390","-0.0063"
"5.5600","-2.7500","-0.0063"
"5.5800","-2.7607","-0.0063"
"5.6000","-2.7704","-0.0064"
"5.6200","-2.7798","-0.0064"
"5.6400","-2.7896","-0.0064"
"5.6600","-2.8000","-0.0064"
"5.6800","-2.8107","-0.0064"
"5.7000","-2.8206","-0.0064"
"5.7200","-2.8297","-0.0064"
"5.7400","-2.8388","-0.0064"
"5.7600","-2.8487","-0.0065"
"5.7800","-2.8594","-0.0065"
"5.8000","-2.8699","-0.0065"
"5.8200","-2.8796","-0.0065"
"5.8400","-2.8889","-0.0065"
"5.8600","-2.8988","-0.0066"
"5.8800","-2.9097","-0.0066"
"5.9000","-2.9207","-0.0066"
"5.9200","-2.9305","-0.0066"
"5.9400","-2.9398","-0.0066"
"5.9600","-2.9494","-0.0066"
"5.9800","-2.9598","-0.0066"
"6.0000","-2.9705","-0.0067"
"6.0200","-2.9805","-0.0067"
"6.0400","-2.9897","-0.0067"
"6.0600","-2.9990","-0.0067"
"6.0800","-3.0088","-0.0067"
"6.1000","-3.0196","-0.0067"
"6.1200","-3.0303","-0.0068"
"6.1400","-3.0400","-0.0068"
"6.1600","-3.0493","-0.0068"
"6.1800","-3.0588","-0.0068"
"6.2000","-3.0693","-0.0068"
"6.2200","-3.0803","-0.0068"
"6.2400","-3.0905","-0.0069"
"6.2600","-3.0999","-0.0069"
"6.2800","-3.1094","-0.0069"
"6.3000","-3.1197","-0.0069"
"6.3200","-3.1306","-0.0069"
"6.3400","-3.1406","-0.0069"
"6.3600","-3.1497","-0.0069"
"6.3800","-3.1586","-0.0069"
"6.4000","-3.1684","-0.0069"
"6.4200","-3.1791","-0.0070"
"6.4400","-3.1899","-0.0070"
"6.4600","-3.1998","-0.0070"
"6.4800","-3.2094","-0.0070"
"6.5000","-3.2193","-0.0070"
"6.5200","-3.2299","-0.0070"
"6.5400","-3.2406","-0.0071"
"6.5600","-3.2506","-0.0071"
"6.5800","-3.2599","-0.0071"
"6.6000","-3.2692","-0.0071"
"6.6200","-3.2791","-0.0071"
"6.6400","-3.2899","-0.0071"
"6.6600","-3.3005","-0.0071"
"6.6800","-3.3101","-0.0072"
"6.7000","-3.3194","-0.0072"
"6.7200","-3.3290","-0.0072"
"6.7400","-3.3396","-0.0072"
"6.7600","-3.3504","-0.0072"
"6.7800","-3.3602","-0.0072"
"6.8000","-3.3694","-0.0072"
"6.8200","-3.3790","-0.0072"
"6.8400","-3.3894","-0.0073"
"6.8600","-3.4002","-0.0073"
"6.8800","-3.4104","-0.0073"
"6.9000","-3.4200","-0.0073"
"6.9200","-3.4295","-0.0073"
"6.9400","-3.4395","-0.0073"
"6.9600","-3.4501","-0.0074"
"6.9800","-3.4607","-0.0074"
"7.0000","-3.4704","-0.0074"
"7.0200","-3.4796","-0.0074"
"7.0400","-3.4889","-0.0074"
"7.0600","-3.4990","-0.0074"
"7.0800","-3.5099","-0.0074"
"7.1000","-3.5202","-0.0074"
"7.1200","-3.5296","-0.0075"
"7.1400","-3.5390","-0.0075"
"7.1600","-3.5490","-0.0075"
"7.1800","-3.5600","-0.0075"
"7.2000","-3.5705","-0.0075"
"7.2200","-3.5800","-0.0075"
"7.2400","-3.5893","-0.0075"
"7.2600","-3.5992","-0.0075"
"7.2800","-3.6101","-0.0076"
"7.3000","-3.6210","-0.0076"
"7.3200","-3.6309","-0.0076"
"7.3400","-3.6401","-0.0076"
"7.3600","-3.6492","-0.0076"
"7.3800","-3.6589","-0.0076"
"7.4000","-3.6695","-0.0076"
"7.4200","-3.6799","-0.0076"
"7.4400","-3.6896","-0.0077"
"7.4600","-3.6990","-0.0077"
"7.4800","-3.7088","-0.0077"
"7.5000","-3.7197","-0.0077"
"7.5200","-3.7308","-0.0077"
"7.5400","-3.7406","-0.0077"
"7.5600","-3.7496","-0.0077"
"7.5800","-3.7589","-0.0077"
"7.6000","-3.7692","-0.0077"
"7.6200","-3.7802","-0.0078"
"7.6400","-3.7904","-0.0078"
"7.6600","-3.7997","-0.0078"
"7.6800","-3.8091","-0.0078"
"7.7000","-3.8193","-0.0078"
"7.7200","-3.8300","-0.0078"
"7.7400","-3.8401","-0.0078"
"7.7600","-3.8493","-0.0078"
"7.7800","-3.8586","-0.0078"
"7.8000","-3.8684","-0.0079"
"7.8200","-3.8791","-0.0079"
"7.8400","-3.8903","-0.0079"
"7.8600","-3.9006","-0.0079"
"7.8800","-3.9103","-0.0079"
"7.9000","-3.9199","-0.0079"
"7.9200","-3.9301","-0.0079"
"7.9400","-3.9408","-0.0079"
"7.9600","-3.9509","-0.0080"
"7.9800","-3.9600","-0.0080"
"8.0000","-3.9690","-0.0080"
"8.0200","-3.9788","-0.0080"
"8.0400","-3.9896","-0.0080"
"8.0600","-4.0003","-0.0080"
"8.0800","-4.0100","-0.0080"
"8.1000","-4.0193","-0.0080"
"8.1200","-4.0289","-0.0080"
"8.1400","-4.0395","-0.0080"
"8.1600","-4.0503","-0.0081"
"8.1800","-4.0603","-0.0081"
"8.2000","-4.0698","-0.0081"
"8.2200","-4.0795","-0.0081"
"8.2400","-4.0896","-0.0081"
"8.2600","-4.1004","-0.0081"
"8.2800","-4.1106","-0.0081"
"8.3000","-4.1200","-0.0081"
"8.3200","-4.1292","-0.0081"
"8.3400","-4.1387","-0.0081"
"8.3600","-4.1491","-0.0082"
"8.3800","-4.1598","-0.0082"
"8.4000","-4.1697","-0.0082"
"8.4200","-4.1789","-0.0082"
"8.4400","-4.1884","-0.0082"
"8.4600","-4.1987","-0.0082"
"8.4800","-4.2098","-0.0082"
"8.5000","-4.2204","-0.0082"
"8.5200","-4.2300","-0.0082"
"8.5400","-4.2396","-0.0082"
"8.5600","-4.2497","-0.0082"
"8.5800","-4.2605","-0.0083"
"8.6000","-4.2708","-0.0083"
"8.6200","-4.2802","-0.0083"
"8.6400","-4.2894","-0.0083"
"8.6600","-4.2989","-0.0083"
"8.6800","-4.3091","-0.0083"
"8.7000","-4.3198","-0.0083"
"8.7200","-4.3298","-0.0083"
"8.7400","-4.3392","-0.0083"
"8.7600","-4.3485","-0.0083"
"8.7800","-4.3585","-0.0083"
"8.8000","-4.3696","-0.0084"
"8.8200","-4.3804","-0.0084"
"8.8400","-4.3901","-0.0084"
"8.8600","-4.3994","-0.0084"
"8.8800","-4.4093","-0.0084"
"8.9000","-4.4201","-0.0084"
"8.9200","-4.4307","-0.0084"
"8.9400","-4.4403","-0.0084"
"8.9600","-4.4492","-0.0084"
"8.9800","-4.4584","-0.0084"
"9.0000","-4.4686","-0.0084"
"9.0200","-4.4793","-0.0085"
"9.0400","-4.4895","-0.0085"
"9.0600","-4.4991","-0.0085"
"9.0800","-4.5088","-0.0085"
"9.1000","-4.5191","-0.0085"
"9.1200","-4.5301","-0.0085"
"9.1400","-4.5406","-0.0085"
"9.1600","-4.5502","-0.0085"
"9.1800","-4.5595","-0.0085"
"9.2000","-4.5691","-0.0085"
"9.2200","-4.5798","-0.0085"
"9.2400","-4.5907","-0.0085"
"9.2600","-4.6006","-0.0086"
"9.2800","-4.6099","-0.0086"
"9.3000","-4.6192","-0.0086"
"9.3200","-4.6291","-0.0086"
"9.3400","-4.6396","-0.0086"
"9.3600","-4.6495","-0.0086"
"9.3800","-4.6588","-0.0086"
"9.4000","-4.6682","-0.0086"
"9.4200","-4.6783","-0.0086"
"9.4400","-4.6895","-0.0086"
"9.4600","-4.7005","-0.0086"
"9.4800","-4.7105","-0.0087"
"9.5000","-4.7200","-0.0087"
"9.5200","-4.7297","-0.0087"
"9.5400","-4.7401","-0.0087"
"9.5600","-4.7507","-0.0087"
"9.5800","-4.7607","-0.0087"
"9.6000","-4.7699","-0.0087"
"9.6200","-4.7790","-0.0087"
"9.6400","-4.7888","-0.0087"
"9.6600","-4.7995","-0.0087"
"9.6800","-4.8101","-0.0087"
"9.7000","-4.8198","-0.0087"
"9.7200","-4.8291","-0.0087"
"9.7400","-4.8388","-0.0087"
"9.7600","-4.8496","-0.0087"
"9.7800","-4.8607","-0.0088"
"9.8000","-4.8707","-0.0088"
"9.8200","-4.8801","-0.0088"
"9.8400","-4.8897","-0.0088"
"9.8600","-4.9001","-0.0088"
"9.8800","-4.9109","-0.0088"
"9.9000","-4.9209","-0.0088"
"9.9200","-4.9301","-0.0088"
"9.9400","-4.9393","-0.0088"
"9.9600","-4.9489","-0.0088"
"9.9800","-4.9592","-0.0088"
"10.0000","-4.9698","-0.0088"
"10.0200","-4.9797","-0.0088"
"10.0400","-4.9891","-0.0088"
"10.0600","-4.9987","-0.0088"
"10.0800","-5.0092","-0.0089"
"10.1000","-5.0205","-0.0089"
"10.1200","-5.0308","-0.0089"
"10.1400","-5.0402","-0.0089"
"10.1600","-5.0494","-0.0089"
"10.1800","-5.0594","-0.0089"
"10.2000","-5.0701","-0.0089"
"10.2200","-5.0804","-0.0089"
"10.2400","-5.0897","-0.0089"
"10.2600","-5.0989","-0.0089"
"10.2800","-5.1087","-0.0089"
"10.3000","-5.1195","-0.0089"
"10.3200","-5.1303","-0.0089"
"10.3400","-5.1401","-0.0089"
"10.3600","-5.1493","-0.0089"
"10.3800","-5.1588","-0.0089"
"10.4000","-5.1691","-0.0090"
"10.4200","-5.1801","-0.0090"
"10.4400","-5.1906","-0.0090"
"10.4600","-5.2003","-0.0090"
"10.4800","-5.2098","-0.0090"
"10.5000","-5.2197","-0.0090"
"10.5200","-5.2304","-0.0090"
"10.5400","-5.2409","-0.0090"
"10.5600","-5.2503","-0.0090"
"10.5800","-5.2593","-0.0090"
"10.6000","-5.2686","-0.0090"
"10.6200","-5.2790","-0.0090"
"10.6400","-5.2900","-0.0090"
"10.6600","-5.3001","-0.0090"
"10.6800","-5.3093","-0.0090"
"10.7000","-5.3189","-0.0090"
"10.7200","-5.3291","-0.0090"
"10.7400","-5.3400","-0.0091"
"10.7600","-5.3504","-0.0091"
"10.7800","-5.3599","-0.0091"
"10.8000","-5.3693","-0.0091"
"10.8200","-5.3791","-0.0091"
"10.8400","-5.3898","-0.0091"
"10.8600","-5.4006","-0.0091"
"10.8800","-5.4105","-0.0091"
"10.9000","-5.4198","-0.0091"
"10.9200","-5.4290","-0.0091"
"10.9400","-5.4389","-0.0091"
"10.9600","-5.4496","-0.0091"
"10.9800","-5.4598","-0.0091"
"11.0000","-5.4692","-0.0091"
"11.0200","-5.4787","-0.0091"
"11.0400","-5.4889","-0.0091"
"11.0600","-5.5001","-0.0091"
"11.0800","-5.5110","-0.0091"
"11.1000","-5.5208","-0.0092"
"11.1200","-5.5301","-0.0091"
"11.1400","-5.5397","-0.0092"
"11.1600","-5.5500","-0.0092"
"11.1800","-5.5605","-0.0092"
"11.2000","-5.5702","-0.0092"
"11.2200","-5.5795","-0.0092"
"11.2400","-5.5889","-0.0092"
"11.2600","-5.5989","-0.0092"
"11.2800","-5.6097","-0.0092"
"11.3000","-5.6203","-0.0092"
"11.3200","-5.6300","-0.0092"
"11.3400","-5.6392","-0.0092"
"11.3600","-5.6488","-0.0092"
"11.3800","-5.6593","-0.0092"
"11.4000","-5.6701","-0.0092"
"11.4200","-5.6799","-0.0092"
"11.4400","-5.6891","-0.0092"
"11.4600","-5.6986","-0.0092"
"11.4800","-5.7092","-0.0092"
"11.5000","-5.7203","-0.0092"
"11.5200","-5.7305","-0.0093"
"11.5400","-5.7397","-0.0092"
"11.5600","-5.7488","-0.0093"
"11.5800","-5.7585","-0.0093"
"11.6000","-5.7692","-0.0093"
"11.6200","-5.7798","-0.0093"
"11.6400","-5.7896","-0.0093"
"11.6600","-5.7992","-0.0093"
"11.6800","-5.8091","-0.0093"
"11.7000","-5.8198","-0.0093"
"11.7200","-5.8306","-0.0093"
"11.7400","-5.8405","-0.0093"
"11.7600","-5.8499","-0.0093"
"11.7800","-5.8592","-0.0093"
"11.8000","-5.8692","-0.0093"
"11.8200","-5.8801","-0.0093"
"11.8400","-5.8905","-0.0093"
"11.8600","-5.8999","-0.0093"
"11.8800","-5.9090","-0.0093"
"11.9000","-5.9187","-0.0093"
"11.9200","-5.9294","-0.0094"
"11.9400","-5.9402","-0.0094"
"11.9600","-5.9499","-0.0094"
"11.9800","-5.9590","-0.0094"
"12.0000","-5.9684","-0.0094"
"12.0200","-5.9788","-0.0094"
"12.0400","-5.9899","-0.0094"
"12.0600","-6.0002","-0.0094"
"12.0800","-6.0100","-0.0094"
"12.1000","-6.0197","-0.0094"
"12.1200","-6.0299","-0.0094"
"12.1400","-6.0405","-0.0094"
"12.1600","-6.0509","-0.0094"
"12.1800","-6.0602","-0.0094"
"12.2000","-6.0691","-0.0094"
"12.2200","-6.0783","-0.0094"
"12.2400","-6.0887","-0.0094"
"12.2600","-6.0996","-0.0094"
"12.2800","-6.1099","-0.0094"
"12.3000","-6.1194","-0.0094"
"12.3200","-6.1290","-0.0094"
"12.3400","-6.1394","-0.0095"
"12.3600","-6.1505","-0.0095"
"12.3800","-6.1607","-0.0095"
"12.4000","-6.1701","-0.0095"
"12.4200","-6.1795","-0.0095"
"12.4400","-6.1897","-0.0095"
"12.4600","-6.2006","-0.0095"
"12.4800","-6.2110","-0.0095"
"12.5000","-6.2204","-0.0095"
"12.5200","-6.2296","-0.0095"
"12.5400","-6.2390","-0.0095"
"12.5600","-6.2492","-0.0095"
"12.5800","-6.2599","-0.0095"
"12.6000","-6.2700","-0.0095"
"12.6200","-6.2794","-0.0095"
"12.6400","-6.2888","-0.0095"
"12.6600","-6.2989","-0.0095"
"12.6800","-6.3100","-0.0095"
"12.7000","-6.3207","-0.0096"
"12.7200","-6.3304","-0.0096"
"12.7400","-6.3397","-0.0096"
"12.7600","-6.3493","-0.0096"
"12.7800","-6.3598","-0.0096"
"12.8000","-6.3705","-0.0096"
"12.8200","-6.3803","-0.0096"
"12.8400","-6.3894","-0.0096"
"12.8600","-6.3988","-0.0096"
"12.8800","-6.4091","-0.0096"
"12.9000","-6.4199","-0.0096"
"12.9200","-6.4301","-0.0096"
"12.9400","-6.4397","-0.0096"
"12.9600","-6.4491","-0.0096"
"12.9800","-6.4589","-0.0096"
"13.0000","-6.4696","-0.0096"
"13.0200","-6.4804","-0.0096"
"13.0400","-6.4905","-0.0096"
"13.0600","-6.5001","-0.0096"
"13.0800","-6.5098","-0.0097"
"13.1000","-6.5202","-0.0097"
"13.1200","-6.5309","-0.0097"
"13.1400","-6.5407","-0.0097"
"13.1600","-6.5497","-0.0097"
"13.1800","-6.5588","-0.0097"
"13.2000","-6.5686","-0.0097"
"13.2200","-6.5795","-0.0097"
"13.2400","-6.5900","-0.0097"
"13.2600","-6.5994","-0.0097"
"13.2800","-6.6088","-0.0097"
"13.3000","-6.6189","-0.0097"
"13.3200","-6.6298","-0.0097"
"13.3400","-6.6407","-0.0097"
"13.3600","-6.6505","-0.0097"
"13.3800","-6.6599","-0.0097"
"13.4000","-6.6695","-0.0097"
"13.4200","-6.6798","-0.0097"
"13.4400","-6.6904","-0.0098"
"13.4600","-6.7005","-0.0098"
"13.4800","-6.7099","-0.0098"
"13.5000","-6.7192","-0.0098"
"13.5200","-6.7290","-0.0098"
"13.5400","-6.7397","-0.0098"
"13.5600","-6.7502","-0.0098"
"13.5800","-6.7597","-0.0098"
"13.6000","-6.7687","-0.0098"
"13.6200","-6.7783","-0.0098"
"13.6400","-6.7891","-0.0098"
"13.6600","-6.8004","-0.0098"
"13.6800","-6.8107","-0.0098"
"13.7000","-6.8202","-0.0098"
"13.7200","-6.8298","-0.0098"
"13.7400","-6.8399","-0.0098"
"13.7600","-6.8507","-0.0098"
"13.7800","-6.8607","-0.0099"
"13.8000","-6.8699","-0.0099"
"13.8200","-6.8791","-0.0099"
"13.8400","-6.8887","-0.0099"
"13.8600","-6.8992","-0.0099"
"13.8800","-6.9100","-0.0099"
"13.9000","-6.9200","-0.0099"
"13.9200","-6.9293","-0.0099"
"13.9400","-6.9388","-0.0099"
"13.9600","-6.9491","-0.0099"
"13.9800","-6.9601","-0.0099"
"14.0000","-6.9705","-0.0099"
"14.0200","-6.9799","-0.0099"
"14.0400","-6.9893","-0.0099"
"14.0600","-6.9993","-0.0099"
"14.0800","-7.0102","-0.0099"
"14.1000","-7.0208","-0.0100"
"14.1200","-7.0301","-0.0100"
"14.1400","-7.0391","-0.0100"
"14.1600","-7.0486","-0.0100"
"14.1800","-7.0591","-0.0100"
"14.2000","-7.0698","-0.0100"
"14.2200","-7.0798","-0.0100"
"14.2400","-7.0892","-0.0100"
"14.2600","-7.0988","-0.0100"
"14.2800","-7.1091","-0.0100"
"14.3000","-7.1201","-0.0100"
"14.3200","-7.1308","-0.0100"
"14.3400","-7.1406","-0.0100"
"14.3600","-7.1499","-0.0100"
"14.3800","-7.1596","-0.0100"
"14.4000","-7.1701","-0.0100"
"14.4200","-7.1807","-0.0100"
"14.4400","-7.1903","-0.0100"
"14.4600","-7.1993","-0.0100"
"14.4800","-7.2085","-0.0101"
"14.5000","-7.2188","-0.0101"
"14.5200","-7.2297","-0.0101"
"14.5400","-7.2398","-0.0101"
"14.5600","-7.2491","-0.0101"
"14.5800","-7.2584","-0.0101"
"14.6000","-7.2686","-0.0101"
"14.6200","-7.2797","-0.0101"
"14.6400","-7.2904","-0.0101"
"14.6600","-7.3001","-0.0101"
"14.6800","-7.3097","-0.0101"
"14.7000","-7.3195","-0.0101"
"14.7200","-7.3300","-0.0101"
"14.7400","-7.3406","-0.0101"
"14.7600","-7.3503","-0.0101"
"14.7800","-7.3594","-0.0101"
"14.8000","-7.3684","-0.0101"
"14.8200","-7.3783","-0.0101"
"14.8400","-7.3892","-0.0102"
"14.8600","-7.3998","-0.0102"
"14.8800","-7.4095","-0.0102"
"14.9000","-7.4189","-0.0102"
"14.9200","-7.4289","-0.0102"
"14.9400","-7.4399","-0.0102"
"14.9600","-7.4507","-0.0102"
"14.9800","-7.4603","-0.0102"
"15.0000","-7.4694","-0.0102"
"15.0200","-7.4790","-0.0102"
"15.0400","-7.4895","-0.0102"
"15.0600","-7.5004","-0.0102"
"15.0800","-7.5106","-0.0102"
"15.1000","-7.5200","-0.0102"
"15.1200","-7.5294","-0.0102"
"15.1400","-7.5392","-0.0102"
"15.1600","-7.5497","-0.0102"
"15.1800","-7.5600","-0.0103"
"15.2000","-7.5696","-0.0103"
"15.2200","-7.5789","-0.0103"
"15.2400","-7.5886","-0.0103"
"15.2600","-7.5992","-0.0103"
"15.2800","-7.6104","-0.0103"
"15.3000","-7.6207","-0.0103"
"15.3200","-7.6300","-0.0103"
"15.3400","-7.6393","-0.0103"
"15.3600","-7.6495","-0.0103"
"15.3800","-7.6602","-0.0103"
"15.4000","-7.6702","-0.0103"
"15.4200","-7.6793","-0.0103"
"15.4400","-7.6884","-0.0103"
"15.4600","-7.6983","-0.0103"
"15.4800","-7.7092","-0.0103"
"15.5000","-7.7200","-0.0103"
"15.5200","-7.7300","-0.0104"
"15.5400","-7.7395","-0.0104"
"15.5600","-7.7491","-0.0104"
"15.5800","-7.7594","-0.0104"
"15.6000","-7.7702","-0.0104"
"15.6200","-7.7805","-0.0104"
"15.6400","-7.7901","-0.0104"
"15.6600","-7.7995","-0.0104"
"15.6800","-7.8095","-0.0104"
"15.7000","-7.8205","-0.0104"
"15.7200","-7.8310","-0.0104"
"15.7400","-7.8404","-0.0104"
"15.7600","-7.8494","-0.0104"
"15.7800","-7.8588","-0.0104"
"15.8000","-7.8692","-0.0104"
"15.8200","-7.8799","-0.0104"
"15.8400","-7.8897","-0.0104"
"15.8600","-7.8989","-0.0104"
"15.8800","-7.9085","-0.0105"
"15.9000","-7.9192","-0.0105"
"15.9200","-7.9304","-0.0105"
"15.9400","-7.9408","-0.0105"
"15.9600","-7.9502","-0.0105"
"15.9800","-7.9594","-0.0105"
"16.0000","-7.9692","-0.0105"
"16.0200","-7.9797","-0.0105"
"16.0400","-7.9903","-0.0105"
"16.0600","-8.0001","-0.0105"
"16.0800","-8.0094","-0.0105"
"16.1000","-8.0189","-0.0105"
"16.1200","-8.0293","-0.0105"
"16.1400","-8.0402","-0.0105"
"16.1600","-8.0502","-0.0105"
"16.1800","-8.0593","-0.0105"
"16.2000","-8.0685","-0.0105"
"16.2200","-8.0786","-0.0105"
"16.2400","-8.0897","-0.0105"
"16.2600","-8.1004","-0.0106"
"16.2800","-8.1101","-0.0106"
"16.3000","-8.1196","-0.0106"
"16.3200","-8.1297","-0.0106"
"16.3400","-8.1404","-0.0106"
"16.3600","-8.1509","-0.0106"
"16.3800","-8.1605","-0.0106"
"16.4000","-8.1697","-0.0106"
"16.4200","-8.1791","-0.0106"
"16.4400","-8.1892","-0.0106"
"16.4600","-8.1999","-0.0106"
"16.4800","-8.2102","-0.0106"
"16.5000","-8.2197","-0.0106"
"16.5200","-8.2290","-0.0106"
"16.5400","-8.2387","-0.0106"
"16.5600","-8.2495","-0.0106"
"16.5800","-8.2604","-0.0106"
"16.6000","-8.2702","-0.0107"
"16.6200","-8.2794","-0.0106"
"16.6400","-8.2891","-0.0107"
"16.6600","-8.2997","-0.0107"
"16.6800","-8.3107","-0.0107"
"16.7000","-8.3206","-0.0107"
"16.7200","-8.3296","-0.0107"
"16.7400","-8.3387","-0.0107"
"16.7600","-8.3487","-0.0107"
"16.7800","-8.3594","-0.0107"
"16.8000","-8.3697","-0.0107"
"16.8200","-8.3793","-0.0107"
"16.8400","-8.3887","-0.0107"
"16.8600","-8.3986","-0.0107"
"16.8800","-8.4093","-0.0107"
"16.9000","-8.4202","-0.0107"
"16.9200","-8.4305","-0.0107"
"16.9400","-8.4400","-0.0107"
"16.9600","-8.4495","-0.0107"
"16.9800","-8.4596","-0.0107"
"17.0000","-8.4705","-0.0107"
"17.0200","-8.4806","-0.0107"
"17.0400","-8.4899","-0.0107"
"17.0600","-8.4991","-0.0107"
"17.0800","-8.5089","-0.0107"
"17.1000","-8.5197","-0.0107"
"17.1200","-8.5303","-0.0107"
"17.1400","-8.5398","-0.0107"
"17.1600","-8.5489","-0.0107"
"17.1800","-8.5586","-0.0107"
"17.2000","-8.5692","-0.0107"
"17.2200","-8.5802","-0.0107"
"17.2400","-8.5903","-0.0108"
"17.2600","-8.5998","-0.0107"
"17.2800","-8.6095","-0.0107"
"17.3000","-8.6199","-0.0108"
"17.3200","-8.6308","-0.0108"
"17.3400","-8.6410","-0.0108"
"17.3600","-8.6503","-0.0108"
"17.3800","-8.6591","-0.0108"
"17.4000","-8.6684","-0.0108"
"17.4200","-8.6790","-0.0108"
"17.4400","-8.6900","-0.0108"
"17.4600","-8.7000","-0.0108"
"17.4800","-8.7093","-0.0108"
"17.5000","-8.7188","-0.0108"
"17.5200","-8.7293","-0.0108"
"17.5400","-8.7404","-0.0108"
"17.5600","-8.7506","-0.0108"
"17.5800","-8.7600","-0.0108"
"17.6000","-8.7694","-0.0107"
"17.6200","-8.7796","-0.0108"
"17.6400","-8.7905","-0.0107"
"17.6600","-8.8009","-0.0107"
"17.6800","-8.8104","-0.0107"
"17.7000","-8.8198","-0.0107"
"17.7200","-8.8294","-0.0107"
"17.7400","-8.8397","-0.0107"
"17.7600","-8.8500","-0.0107"
"17.7800","-8.8597","-0.0107"
"17.8000","-8.8690","-0.0107"
"17.8200","-8.8785","-0.0107"
"17.8400","-8.8890","-0.0107"
"17.8600","-8.9003","-0.0106"
"17.8800","-8.9110","-0.0106"
"17.9000","-8.9205","-0.0106"
"17.9200","-8.9297","-0.0106"
"17.9400","-8.9395","-0.0105"
"17.9600","-8.9501","-0.0105"
"17.9800","-8.9606","-0.0104"
"18.0000","-8.9700","-0.0103"
"18.0200","-8.9789","-0.0102"
"18.0400","-8.9883","-0.0101"
"18.0600","-8.9987","-0.0101"
"18.0800","-9.0097","-0.0100"
"18.1000","-9.0200","-0.0100"
"18.1200","-9.0296","-0.0099"
"18.1400","-9.0392","-0.0099"
"18.1600","-9.0493","-0.0099"
"18.1800","-9.0602","-0.0099"
"18.2000","-9.0708","-0.0099"
"18.2200","-9.0805","-0.0099"
"18.2400","-9.0898","-0.0099"
"18.2600","-9.0994","-0.0099"
"18.2800","-9.1099","-0.0099"
"18.3000","-9.1207","-0.0099"
"18.3200","-9.1305","-0.0099"
"18.3400","-9.1397","-0.0099"
"18.3600","-9.1490","-0.0099"
"18.3800","-9.1591","-0.0099"
"18.4000","-9.1699","-0.0099"
"18.4200","-9.1800","-0.0099"
"18.4400","-9.1893","-0.0099"
"18.4600","-9.1986","-0.0099"
"18.4800","-9.2087","-0.0099"
"18.5000","-9.2198","-0.0099"
"18.5200","-9.2306","-0.0099"
"18.5400","-9.2404","-0.0100"
"18.5600","-9.2496","-0.0100"
"18.5800","-9.2591","-0.0100"
"18.6000","-9.2695","-0.0100"
"18.6200","-9.2803","-0.0100"
"18.6400","-9.2904","-0.0100"
"18.6600","-9.2997","-0.0100"
"18.6800","-9.3089","-0.0100"
"18.7000","-9.3188","-0.0100"
"18.7200","-9.3296","-0.0100"
"18.7400","-9.3401","-0.0100"
"18.7600","-9.3495","-0.0100"
"18.7800","-9.3587","-0.0100"
"18.8000","-9.3686","-0.0100"
"18.8200","-9.3795","-0.0101"
"18.8400","-9.3906","-0.0101"
"18.8600","-9.4006","-0.0101"
"18.8800","-9.4099","-0.0101"
"18.9000","-9.4196","-0.0101"
"18.9200","-9.4299","-0.0101"
"18.9400","-9.4407","-0.0101"
"18.9600","-9.4507","-0.0101"
"18.9800","-9.4598","-0.0101"
"19.0000","-9.4689","-0.0101"
"19.0200","-9.4785","-0.0101"
"19.0400","-9.4890","-0.0101"
"19.0600","-9.4995","-0.0101"
"19.0800","-9.5094","-0.0102"
"19.1000","-9.5189","-0.0102"
"19.1200","-9.5286","-0.0102"
"19.1400","-9.5391","-0.0102"
"19.1600","-9.5502","-0.0102"
"19.1800","-9.5605","-0.0102"
"19.2000","-9.5698","-0.0102"
"19.2200","-9.5792","-0.0102"
"19.2400","-9.5892","-0.0102"
"19.2600","-9.6000","-0.0102"
"19.2800","-9.6104","-0.0102"
"19.3000","-9.6198","-0.0102"
"19.3200","-9.6289","-0.0102"
"19.3400","-9.6386","-0.0102"
"19.3600","-9.6491","-0.0102"
"19.3800","-9.6597","-0.0103"
"19.4000","-9.6695","-0.0103"
"19.4200","-9.6789","-0.0103"
"19.4400","-9.6884","-0.0103"
"19.4600","-9.6987","-0.0103"
"19.4800","-9.7100","-0.0103"
"19.5000","-9.7208","-0.0103"
"19.5200","-9.7306","-0.0103"
"19.5400","-9.7400","-0.0103"
"19.5600","-9.7497","-0.0103"
"19.5800","-9.7603","-0.0103"
"19.6000","-9.7706","-0.0103"
"19.6200","-9.7801","-0.0103"
"19.6400","-9.7892","-0.0103"
"19.6600","-9.7986","-0.0104"
"19.6800","-9.8092","-0.0104"
"19.7000","-9.8202","-0.0104"
"19.7200","-9.8302","-0.0104"
"19.7400","-9.8394","-0.0104"
"19.7600","-9.8488","-0.0104"
"19.7800","-9.8590","-0.0104"
"19.8000","-9.8701","-0.0104"
"19.8200","-9.8806","-0.0104"
"19.8400","-9.8902","-0.0104"
"19.8600","-9.8995","-0.0104"
"19.8800","-9.9093","-0.0104"
"19.9000","-9.9200","-0.0104"
"19.9200","-9.9308","-0.0104"
"19.9400","-9.9405","-0.0105"
"19.9600","-9.9494","-0.0105"
"19.9800","-9.9583","-0.0105"
"20.0000","-9.9681","-0.0105"
"20.0200","-9.9790","-0.0105"
"20.0400","-9.9896","-0.0105"
"20.0600","-9.9993","-0.0105"
"20.0800","-10.0089","-0.0105"
"20.1000","-10.0191","-0.0105"
"20.1200","-10.0303","-0.0105"
"20.1400","-10.0409","-0.0105"
"20.1600","-10.0503","-0.0105"
"20.1800","-10.0596","-0.0105"
"20.2000","-10.0694","-0.0105"
"20.2200","-10.0801","-0.0105"
"20.2400","-10.0908","-0.0106"
"20.2600","-10.1006","-0.0106"
"20.2800","-10.1099","-0.0106"
"20.3000","-10.1193","-0.0106"
"20.3200","-10.1292","-0.0106"
"20.3400","-10.1397","-0.0106"
"20.3600","-10.1499","-0.0106"
"20.3800","-10.1594","-0.0106"
"20.4000","-10.1687","-0.0106"
"20.4200","-10.1786","-0.0106"
"20.4400","-10.1896","-0.0106"
"20.4600","-10.2006","-0.0106"
"20.4800","-10.2106","-0.0106"
"20.5000","-10.2199","-0.0106"
"20.5200","-10.2294","-0.0107"
"20.5400","-10.2397","-0.0107"
"20.5600","-10.2503","-0.0107"
"20.5800","-10.2602","-0.0107"
"20.6000","-10.2693","-0.0107"
"20.6200","-10.2785","-0.0107"
"20.6400","-10.2886","-0.0107"
"20.6600","-10.2996","-0.0107"
"20.6800","-10.3103","-0.0107"
"20.7000","-10.3201","-0.0107"
"20.7200","-10.3296","-0.0107"
"20.7400","-10.3393","-0.0107"
"20.7600","-10.3498","-0.0107"
"20.7800","-10.3605","-0.0107"
"20.8000","-10.3706","-0.0107"
"20.8200","-10.3800","-0.0107"
"20.8400","-10.3893","-0.0108"
"20.8600","-10.3993","-0.0108"
"20.8800","-10.4103","-0.0108"
"20.9000","-10.4208","-0.0108"
"20.9200","-10.4303","-0.0108"
"20.9400","-10.4394","-0.0108"
"20.9600","-10.4489","-0.0108"
"20.9800","-10.4595","-0.0108"
"21.0000","-10.4700","-0.0108"
"21.0200","-10.4796","-0.0108"
"21.0400","-10.4888","-0.0108"
"21.0600","-10.4986","-0.0108"
"21.0800","-10.5094","-0.0108"
"21.1000","-10.5205","-0.0108"
"21.1200","-10.5306","-0.0108"
"21.1400","-10.5400","-0.0108"
"21.1600","-10.5493","-0.0108"
"21.1800","-10.5593","-0.0109"
"21.2000","-10.5701","-0.0109"
"21.2200","-10.5806","-0.0109"
"21.2400","-10.5903","-0.0109"
"21.2600","-10.5994","-0.0109"
"21.2800","-10.6087","-0.0109"
"21.3000","-10.6192","-0.0109"
"21.3200","-10.6300","-0.0109"
"21.3400","-10.6400","-0.0109"
"21.3600","-10.6492","-0.0109"
"21.3800","-10.6586","-0.0109"
"21.4000","-10.6690","-0.0109"
"21.4200","-10.6803","-0.0109"
"21.4400","-10.6906","-0.0109"
"21.4600","-10.7001","-0.0109"
"21.4800","-10.7096","-0.0109"
"21.5000","-10.7197","-0.0109"
"21.5200","-10.7306","-0.0109"
"21.5400","-10.7410","-0.0109"
"21.5600","-10.7503","-0.0110"
"21.5800","-10.7594","-0.0110"
"21.6000","-10.7688","-0.0110"
"21.6200","-10.7790","-0.0110"
"21.6400","-10.7897","-0.0110"
"21.6600","-10.7999","-0.0110"
"21.6800","-10.8095","-0.0110"
"21.7000","-10.8191","-0.0110"
"21.7200","-10.8292","-0.0110"
"21.7400","-10.8401","-0.0110"
"21.7600","-10.8507","-0.0110"
"21.7800","-10.8603","-0.0110"
"21.8000","-10.8695","-0.0110"
"21.8200","-10.8792","-0.0110"
"21.8400","-10.8900","-0.0110"
"21.8600","-10.9007","-0.0110"
"21.8800","-10.9104","-0.0110"
"21.9000","-10.9196","-0.0110"
"21.9200","-10.9291","-0.0110"
"21.9400","-10.9392","-0.0110"
"21.9600","-10.9497","-0.0110"
"21.9800","-10.9596","-0.0110"
"22.0000","-10.9691","-0.0111"
"22.0200","-10.9787","-0.0111"
"22.0400","-10.9890","-0.0111"
"22.0600","-11.0000","-0.0111"
"22.0800","-11.0107","-0.0111"
"22.1000","-11.0206","-0.0111"
"22.1200","-11.0301","-0.0111"
"22.1400","-11.0396","-0.0111"
"22.1600","-11.0499","-0.0111"
"22.1800","-11.0606","-0.0111"
"22.2000","-11.0704","-0.0111"
"22.2200","-11.0796","-0.0111"
"22.2400","-11.0889","-0.0111"
"22.2600","-11.0989","-0.0111"
"22.2800","-11.1098","-0.0111"
"22.3000","-11.1202","-0.0111"
"22.3200","-11.1296","-0.0111"
"22.3400","-11.1388","-0.0111"
"22.3600","-11.1486","-0.0111"
"22.3800","-11.1594","-0.0111"
"22.4000","-11.1703","-0.0111"
"22.4200","-11.1802","-0.0111"
"22.4400","-11.1898","-0.0111"
"22.4600","-11.1996","-0.0111"
"22.4800","-11.2099","-0.0112"
"22.5000","-11.2206","-0.0112"
"22.5200","-11.2307","-0.0112"
"22.5400","-11.2400","-0.0112"
"22.5600","-11.2490","-0.0112"
"22.5800","-11.2587","-0.0112"
"22.6000","-11.2693","-0.0112"
"22.6200","-11.2799","-0.0112"
"22.6400","-11.2896","-0.0112"
"22.6600","-11.2990","-0.0112"
"22.6800","-11.3088","-0.0112"
"22.7000","-11.3197","-0.0112"
"22.7200","-11.3308","-0.0112"
"22.7400","-11.3407","-0.0112"
"22.7600","-11.3499","-0.0112"
"22.7800","-11.3594","-0.0112"
"22.8000","-11.3697","-0.0112"
"22.8200","-11.3806","-0.0112"
"22.8400","-11.3907","-0.0112"
"22.8600","-11.4001","-0.0112"
"22.8800","-11.4092","-0.0112"
"22.9000","-11.4189","-0.0112"
"22.9200","-11.4293","-0.0112"
"22.9400","-11.4399","-0.0112"
"22.9600","-11.4497","-0.0112"
"22.9800","-11.4590","-0.0112"
"23.0000","-11.4686","-0.0112"
"23.0200","-11.4791","-0.0112"
"23.0400","-11.4903","-0.0112"
"23.0600","-11.5007","-0.0113"
"23.0800","-11.5100","-0.0113"
"23.1000","-11.5193","-0.0113"
"23.1200","-11.5294","-0.0113"
"23.1400","-11.5403","-0.0113"
"23.1600","-11.5506","-0.0113"
"23.1800","-11.5599","-0.0113"
"23.2000","-11.5688","-0.0113"
"23.2200","-11.5783","-0.0113"
"23.2400","-11.5888","-0.0113"
"23.2600","-11.5997","-0.0113"
"23.2800","-11.6098","-0.0113"
"23.3000","-11.6193","-0.0113"
"23.3200","-11.6290","-0.0113"
"23.3400","-11.6393","-0.0113"
"23.3600","-11.6502","-0.0113"
"23.3800","-11.6606","-0.0113"
"23.4000","-11.6703","-0.0113"
"23.4200","-11.6797","-0.0113"
"23.4400","-11.6894","-0.0113"
"23.4600","-11.6999","-0.0113"
"23.4800","-11.7106","-0.0113"
"23.5000","-11.7204","-0.0113"
"23.5200","-11.7296","-0.0113"
"23.5400","-11.7389","-0.0113"
"23.5600","-11.7490","-0.0113"
"23.5800","-11.7596","-0.0113"
"23.6000","-11.7695","-0.0113"
"23.6200","-11.7787","-0.0113"
"23.6400","-11.7883","-0.0113"
"23.6600","-11.7988","-0.0113"
"23.6800","-11.8101","-0.0113"
"23.7000","-11.8208","-0.0113"
"23.7200","-11.8304","-0.0114"
"23.7400","-11.8397","-0.0113"
"23.7600","-11.8493","-0.0114"
"23.7800","-11.8598","-0.0114"
"23.8000","-11.8704","-0.0114"
"23.8200","-11.8802","-0.0114"
"23.8400","-11.8894","-0.0114"
"23.8600","-11.8986","-0.0114"
"23.8800","-11.9086","-0.0114"
"23.9000","-11.9196","-0.0114"
"23.9200","-11.9302","-0.0114"
"23.9400","-11.9397","-0.0114"
"23.9600","-11.9489","-0.0114"
"23.9800","-11.9587","-0.0114"
"24.0000","-11.9696","-0.0114"
"24.0200","-11.9804","-0.0114"
"24.0400","-11.9901","-0.0114"
"24.0600","-11.9994","-0.0114"
"24.0800","-12.0092","-0.0114"
"24.1000","-12.0199","-0.0114"
"24.1200","-12.0308","-0.0114"
"24.1400","-12.0406","-0.0114"
"24.1600","-12.0497","-0.0114"
"24.1800","-12.0588","-0.0114"
"24.2000","-12.0686","-0.0114"
"24.2200","-12.0792","-0.0114"
"24.2400","-12.0897","-0.0114"
"24.2600","-12.0994","-0.0114"
"24.2800","-12.1088","-0.0114"
"24.3000","-12.1187","-0.0114"
"24.3200","-12.1296","-0.0114"
"24.3400","-12.1408","-0.0114"
"24.3600","-12.1507","-0.0114"
"24.3800","-12.1598","-0.0114"
"24.4000","-12.1690","-0.0114"
"24.4200","-12.1791","-0.0114"
"24.4400","-12.1901","-0.0114"
"24.4600","-12.2003","-0.0114"
"24.4800","-12.2095","-0.0114"
"24.5000","-12.2188","-0.0114"
"24.5200","-12.2286","-0.0114"
"24.5400","-12.2393","-0.0114"
"24.5600","-12.2497","-0.0114"
"24.5800","-12.2594","-0.0114"
"24.6000","-12.2689","-0.0114"
"24.6200","-12.2787","-0.0114"
"24.6400","-12.2894","-0.0114"
"24.6600","-12.3003","-0.0114"
"24.6800","-12.3106","-0.0114"
"24.7000","-12.3202","-0.0114"
"24.7200","-12.3297","-0.0114"
"24.7400","-12.3397","-0.0114"
"24.7600","-12.3504","-0.0114"
"24.7800","-12.3607","-0.0115"
"24.8000","-12.3700","-0.0115"
"24.8200","-12.3791","-0.0114"
"24.8400","-12.3887","-0.0115"
"24.8600","-12.3993","-0.0115"
"24.8800","-12.4101","-0.0115"
"24.9000","-12.4198","-0.0115"
"24.9200","-12.4290","-0.0115"
"24.9400","-12.4386","-0.0115"
"24.9600","-12.4490","-0.0115"
"24.9800","-12.4600","-0.0115"
"25.0000","-12.4703","-0.0115"
"25.0200","-12.4799","-0.0115"
"25.0400","-12.4895","-0.0115"
"25.0600","-12.4995","-0.0115"
"25.0800","-12.5102","-0.0115"
"25.1000","-12.5207","-0.0115"
"25.1200","-12.5304","-0.0115"
"25.1400","-12.5394","-0.0115"
"25.1600","-12.5487","-0.0115"
"25.1800","-12.5589","-0.0115"
"25.2000","-12.5697","-0.0115"
"25.2200","-12.5799","-0.0115"
"25.2400","-12.5892","-0.0115"
"25.2600","-12.5986","-0.0115"
"25.2800","-12.6089","-0.0115"
"25.3000","-12.6202","-0.0115"
"25.3200","-12.6308","-0.0115"
"25.3400","-12.6403","-0.0115"
"25.3600","-12.6495","-0.0115"
"25.3800","-12.6593","-0.0115"
"25.4000","-12.6700","-0.0115"
"25.4200","-12.6806","-0.0115"
"25.4400","-12.6903","-0.0115"
"25.4600","-12.6996","-0.0115"
"25.4800","-12.7091","-0.0115"
"25.5000","-12.7193","-0.0115"
"25.5200","-12.7301","-0.0115"
"25.5400","-12.7403","-0.0115"
"25.5600","-12.7496","-0.0115"
"25.5800","-12.7588","-0.0115"
"25.6000","-12.7686","-0.0115"
"25.6200","-12.7796","-0.0115"
"25.6400","-12.7906","-0.0115"
"25.6600","-12.8004","-0.0115"
"25.6800","-12.8098","-0.0115"
"25.7000","-12.8196","-0.0115"
"25.7200","-12.8303","-0.0115"
"25.7400","-12.8410","-0.0115"
"25.7600","-12.8507","-0.0115"
"25.7800","-12.8596","-0.0115"
"25.8000","-12.8688","-0.0115"
"25.8200","-12.8790","-0.0115"
"25.8400","-12.8897","-0.0115"
"25.8600","-12.9000","-0.0115"
"25.8800","-12.9096","-0.0115"
"25.9000","-12.9191","-0.0115"
"25.9200","-12.9290","-0.0115"
"25.9400","-12.9396","-0.0115"
"25.9600","-12.9503","-0.0115"
"25.9800","-12.9602","-0.0115"
"26.0000","-12.9697","-0.0115"
"26.0200","-12.9792","-0.0115"
"26.0400","-12.9898","-0.0115"
"26.0600","-13.0008","-0.0115"
"26.0800","-13.0110","-0.0115"
"26.1000","-13.0202","-0.0115"
"26.1200","-13.0293","-0.0115"
"26.1400","-13.0391","-0.0115"
"26.1600","-13.0499","-0.0115"
"26.1800","-13.0603","-0.0115"
"26.2000","-13.0697","-0.0115"
"26.2200","-13.0789","-0.0115"
"26.2400","-13.0887","-0.0115"
"26.2600","-13.0994","-0.0115"
"26.2800","-13.1102","-0.0115"
"26.3000","-13.1203","-0.0115"
"26.3200","-13.1298","-0.0115"
"26.3400","-13.1395","-0.0115"
"26.3600","-13.1497","-0.0115"
"26.3800","-13.1604","-0.0115"
"26.4000","-13.1705","-0.0115"
"26.4200","-13.1798","-0.0115"
"26.4400","-13.1889","-0.0115"
"26.4600","-13.1985","-0.0115"
"26.4800","-13.2092","-0.0115"
"26.5000","-13.2200","-0.0115"
"26.5200","-13.2300","-0.0115"
"26.5400","-13.2392","-0.0115"
"26.5600","-13.2486","-0.0115"
"26.5800","-13.2591","-0.0115"
"26.6000","-13.2702","-0.0115"
"26.6200","-13.2805","-0.0115"
"26.6400","-13.2901","-0.0115"
"26.6600","-13.2997","-0.0115"
"26.6800","-13.3099","-0.0115"
"26.7000","-13.3207","-0.0115"
"26.7200","-13.3309","-0.0115"
"26.7400","-13.3403","-0.0116"
"26.7600","-13.3494","-0.0115"
"26.7800","-13.3589","-0.0115"
"26.8000","-13.3693","-0.0116"
"26.8200","-13.3799","-0.0116"
"26.8400","-13.3897","-0.0116"
"26.8600","-13.3990","-0.0116"
"26.8800","-13.4085","-0.0116"
"26.9000","-13.4189","-0.0116"
"26.9200","-13.4300","-0.0116"
"26.9400","-13.4405","-0.0116"
"26.9600","-13.4499","-0.0116"
"26.9800","-13.4592","-0.0116"
"27.0000","-13.4692","-0.0116"
"27.0200","-13.4801","-0.0116"
"27.0400","-13.4907","-0.0116"
"27.0600","-13.5002","-0.0116"
"27.0800","-13.5092","-0.0116"
"27.1000","-13.5187","-0.0116"
"27.1200","-13.5291","-0.0116"
"27.1400","-13.5398","-0.0116"
"27.1600","-13.5497","-0.0116"
"27.1800","-13.5590","-0.0116"
"27.2000","-13.5685","-0.0116"
"27.2200","-13.5787","-0.0116"
"27.2400","-13.5899","-0.0116"
"27.2600","-13.6008","-0.0116"
"27.2800","-13.6107","-0.0116"
"27.3000","-13.6200","-0.0116"
"27.3200","-13.6296","-0.0116"
"27.3400","-13.6401","-0.0116"
"27.3600","-13.6507","-0.0116"
"27.3800","-13.6603","-0.0116"
"27.4000","-13.6693","-0.0116"
"27.4200","-13.6785","-0.0116"
"27.4400","-13.6887","-0.0116"
"27.4600","-13.6997","-0.0116"
"27.4800","-13.7101","-0.0116"
"27.5000","-13.7195","-0.0116"
"27.5200","-13.7289","-0.0116"
"27.5400","-13.7389","-0.0116"
"27.5600","-13.7497","-0.0116"
"27.5800","-13.7603","-0.0116"
"27.6000","-13.7701","-0.0116"
"27.6200","-13.7797","-0.0116"
"27.6400","-13.7895","-0.0116"
"27.6600","-13.8000","-0.0116"
"27.6800","-13.8107","-0.0116"
"27.7000","-13.8206","-0.0116"
"27.7200","-13.8297","-0.0116"
"27.7400","-13.8387","-0.0116"
"27.7600","-13.8484","-0.0116"
"27.7800","-13.8591","-0.0116"
"27.8000","-13.8698","-0.0116"
"27.8200","-13.8795","-0.0116"
"27.8400","-13.8889","-0.0116"
"27.8600","-13.8988","-0.0116"
"27.8800","-13.9098","-0.0116"
"27.9000","-13.9208","-0.0116"
"27.9200","-13.9308","-0.0116"
"27.9400","-13.9401","-0.0116"
"27.9600","-13.9495","-0.0116"
"27.9800","-13.9598","-0.0116"
"28.0000","-13.9704","-0.0116"
"28.0200","-13.9803","-0.0116"
"28.0400","-13.9897","-0.0116"
"28.0600","-13.9991","-0.0116"
"28.0800","-14.0091","-0.0116"
"28.1000","-14.0198","-0.0116"
"28.1200","-14.0303","-0.0116"
"28.1400","-14.0399","-0.0116"
"28.1600","-14.0490","-0.0116"
"28.1800","-14.0584","-0.0116"
"28.2000","-14.0689","-0.0116"
"28.2200","-14.0802","-0.0116"
"28.2400","-14.0907","-0.0116"
"28.2600","-14.1003","-0.0116"
"28.2800","-14.1097","-0.0116"
"28.3000","-14.1199","-0.0116"
"28.3200","-14.1307","-0.0116"
"28.3400","-14.1407","-0.0116"
"28.3600","-14.1496","-0.0116"
"28.3800","-14.1585","-0.0116"
"28.4000","-14.1682","-0.0116"
"28.4200","-14.1789","-0.0116"
"28.4400","-14.1897","-0.0116"
"28.4600","-14.1996","-0.0116"
"28.4800","-14.2090","-0.0116"
"28.5000","-14.2188","-0.0116"
"28.5200","-14.2292","-0.0116"
"28.5400","-14.2401","-0.0116"
"28.5600","-14.2505","-0.0116"
"28.5800","-14.2602","-0.0116"
"28.6000","-14.2696","-0.0116"
"28.6200","-14.2795","-0.0116"
"28.6400","-14.2904","-0.0116"
"28.6600","-14.3009","-0.0116"
"28.6800","-14.3103","-0.0116"
"28.7000","-14.3193","-0.0116"
"28.7200","-14.3287","-0.0116"
"28.7400","-14.3392","-0.0116"
"28.7600","-14.3500","-0.0116"
"28.7800","-14.3598","-0.0116"
"28.8000","-14.3690","-0.0116"
"28.8200","-14.3785","-0.0116"
"28.8400","-14.3889","-0.0116"
"28.8600","-14.3998","-0.0116"
"28.8800","-14.4103","-0.0116"
"28.9000","-14.4200","-0.0116"
"28.9200","-14.4295","-0.0116"
"28.9400","-14.4395","-0.0116"
"28.9600","-14.4501","-0.0116"
"28.9800","-14.4605","-0.0116"
"29.0000","-14.4701","-0.0116"
"29.0200","-14.4790","-0.0116"
"29.0400","-14.4882","-0.0116"
"29.0600","-14.4984","-0.0116"
"29.0800","-14.5095","-0.0116"
"29.1000","-14.5200","-0.0116"
"29.1200","-14.5294","-0.0116"
"29.1400","-14.5387","-0.0116"
"29.1600","-14.5487","-0.0116"
"29.1800","-14.5597","-0.0116"
"29.2000","-14.5705","-0.0116"
"29.2200","-14.5802","-0.0116"
"29.2400","-14.5897","-0.0116"
"29.2600","-14.5996","-0.0116"
"29.2800","-14.6103","-0.0116"
"29.3000","-14.6209","-0.0116"
"29.3200","-14.6306","-0.0116"
"29.3400","-14.6398","-0.0116"
"29.3600","-14.6492","-0.0116"
"29.3800","-14.6592","-0.0116"
"29.4000","-14.6697","-0.0116"
"29.4200","-14.6798","-0.0116"
"29.4400","-14.6893","-0.0116"
"29.4600","-14.6987","-0.0116"
"29.4800","-14.7087","-0.0116"
"29.5000","-14.7198","-0.0116"
"29.5200","-14.7309","-0.0116"
"29.5400","-14.7408","-0.0116"
"29.5600","-14.7499","-0.0116"
"29.5800","-14.7592","-0.0116"
"29.6000","-14.7694","-0.0116"
"29.6200","-14.7802","-0.0116"
"29.6400","-14.7902","-0.0116"
"29.6600","-14.7994","-0.0116"
"29.6800","-14.8089","-0.0115"
"29.7000","-14.8190","-0.0115"
"29.7200","-14.8298","-0.0115"
"29.7400","-14.8402","-0.0115"
"29.7600","-14.8497","-0.0115"
"29.7800","-14.8591","-0.0115"
"29.8000","-14.8690","-0.0115"
"29.8200","-14.8798","-0.0115"
"29.8400","-14.8908","-0.0115"
"29.8600","-14.9009","-0.0115"
"29.8800","-14.9104","-0.0115"
"29.9000","-14.9198","-0.0115"
"29.9200","-14.9299","-0.0115"
"29.9400","-14.9408","-0.0115"
"29.9600","-14.9508","-0.0115"
"29.9800","-14.9598","-0.0115"
"30.0000","-14.9689","-0.0115"
"30.0200","-14.9787","-0.0115"
"30.0400","-14.9895","-0.0115"
"30.0600","-15.0003","-0.0115"
"30.0800","-15.0100","-0.0115"
"30.1000","-15.0193","-0.0115"
"30.1200","-15.0290","-0.0115"
"30.1400","-15.0395","-0.0115"
"30.1600","-15.0502","-0.0115"
"30.1800","-15.0602","-0.0115"
"30.2000","-15.0697","-0.0115"
"30.2200","-15.0793","-0.0115"
"30.2400","-15.0895","-0.0115"
"30.2600","-15.1004","-0.0115"
"30.2800","-15.1108","-0.0115"
"30.3000","-15.1204","-0.0115"
"30.3200","-15.1295","-0.0115"
"30.3400","-15.1389","-0.0115"
"30.3600","-15.1493","-0.0115"
"30.3800","-15.1599","-0.0115"
"30.4000","-15.1698","-0.0115"
"30.4200","-15.1792","-0.0114"
"30.4400","-15.1887","-0.0114"
"30.4600","-15.1993","-0.0114"
"30.4800","-15.2106","-0.0114"
"30.5000","-15.2210","-0.0114"
"30.5200","-15.2304","-0.0114"
"30.5400","-15.2398","-0.0114"
"30.5600","-15.2497","-0.0114"
"30.5800","-15.2604","-0.0114"
"30.6000","-15.2706","-0.0114"
"30.6200","-15.2800","-0.0114"
"30.6400","-15.2894","-0.0114"
"30.6600","-15.2991","-0.0114"
"30.6800","-15.3096","-0.0114"
"30.7000","-15.3204","-0.0114"
"30.7200","-15.3303","-0.0114"
"30.7400","-15.3394","-0.0114"
"30.7600","-15.3486","-0.0114"
"30.7800","-15.3584","-0.0114"
"30.8000","-15.3693","-0.0114"
"30.8200","-15.3801","-0.0114"
"30.8400","-15.3899","-0.0114"
"30.8600","-15.3994","-0.0113"
"30.8800","-15.4095","-0.0113"
"30.9000","-15.4204","-0.0113"
"30.9200","-15.4310","-0.0113"
"30.9400","-15.4404","-0.0113"
"30.9600","-15.4492","-0.0113"
"30.9800","-15.4584","-0.0113"
"31.0000","-15.4686","-0.0113"
"31.0200","-15.4794","-0.0113"
"31.0400","-15.4897","-0.0113"
"31.0600","-15.4994","-0.0113"
"31.0800","-15.5091","-0.0113"
"31.1000","-15.5194","-0.0113"
"31.1200","-15.5303","-0.0113"
"31.1400","-15.5408","-0.0113"
"31.1600","-15.5504","-0.0113"
"31.1800","-15.5596","-0.0113"
"31.2000","-15.5692","-0.0113"
"31.2200","-15.5799","-0.0113"
"31.2400","-15.5907","-0.0113"
"31.2600","-15.6005","-0.0113"
"31.2800","-15.6096","-0.0112"
"31.3000","-15.6188","-0.0112"
"31.3200","-15.6290","-0.0112"
"31.3400","-15.6399","-0.0112"
"31.3600","-15.6500","-0.0112"
"31.3800","-15.6592","-0.0112"
"31.4000","-15.6685","-0.0112"
"31.4200","-15.6785","-0.0112"
"31.4400","-15.6895","-0.0112"
"31.4600","-15.7004","-0.0112"
"31.4800","-15.7103","-0.0112"
"31.5000","-15.7199","-0.0112"
"31.5200","-15.7296","-0.0112"
"31.5400","-15.7400","-0.0112"
"31.5600","-15.7506","-0.0111"
"31.5800","-15.7605","-0.0111"
"31.6000","-15.7695","-0.0111"
"31.6200","-15.7785","-0.0111"
"31.6400","-15.7881","-0.0111"
"31.6600","-15.7989","-0.0111"
"31.6800","-15.8099","-0.0111"
"31.7000","-15.8199","-0.0111"
"31.7200","-15.8293","-0.0111"
"31.7400","-15.8390","-0.0111"
"31.7600","-15.8496","-0.0111"
"31.7800","-15.8604","-0.0111"
"31.8000","-15.8702","-0.0110"
"31.8200","-15.8796","-0.0110"
"31.8400","-15.8893","-0.0110"
"31.8600","-15.8997","-0.0110"
"31.8800","-15.9107","-0.0110"
"31.9000","-15.9209","-0.0110"
"31.9200","-15.9303","-0.0110"
"31.9400","-15.9394","-0.0110"
"31.9600","-15.9489","-0.0110"
"31.9800","-15.9591","-0.0109"
"32.0000","-15.9696","-0.0109"
"32.0200","-15.9793","-0.0109"
"32.0400","-15.9887","-0.0109"
"32.0600","-15.9982","-0.0109"
"32.0800","-16.0088","-0.0109"
"32.1000","-16.0202","-0.0109"
"32.1200","-16.0307","-0.0109"
"32.1400","-16.0399","-0.0108"
"32.1600","-16.0490","-0.0108"
"32.1800","-16.0590","-0.0108"
"32.2000","-16.0698","-0.0108"
"32.2200","-16.0803","-0.0108"
"32.2400","-16.0896","-0.0108"
"32.2600","-16.0988","-0.0107"
"32.2800","-16.1085","-0.0107"
"32.3000","-16.1193","-0.0107"
"32.3200","-16.1301","-0.0107"
"32.3400","-16.1399","-0.0107"
"32.3600","-16.1491","-0.0106"
"32.3800","-16.1587","-0.0106"
"32.4000","-16.1691","-0.0106"
"32.4200","-16.1802","-0.0106"
"32.4400","-16.1907","-0.0105"
"32.4600","-16.2004","-0.0105"
"32.4800","-16.2098","-0.0105"
"32.5000","-16.2197","-0.0104"
"32.5200","-16.2305","-0.0104"
"32.5400","-16.2411","-0.0104"
"32.5600","-16.2506","-0.0103"
"32.5800","-16.2595","-0.0103"
"32.6000","-16.2687","-0.0102"
"32.6200","-16.2789","-0.0102"
"32.6400","-16.2897","-0.0101"
"32.6600","-16.2997","-0.0100"
"32.6800","-16.3090","-0.0099"
"32.7000","-16.3186","-0.0097"
"32.7200","-16.3291","-0.0096"
"32.7400","-16.3403","-0.0094"
"32.7600","-16.3508","-0.0092"
"32.7800","-16.3604","-0.0091"
"32.8000","-16.3697","-0.0091"
"32.8200","-16.3795","-0.0091"
"32.8400","-16.3900","-0.0091"
"32.8600","-16.4007","-0.0091"
"32.8800","-16.4105","-0.0091"
"32.9000","-16.4197","-0.0091"
"32.9200","-16.4288","-0.0091"
"32.9400","-16.4389","-0.0092"
"32.9600","-16.4497","-0.0092"
"32.9800","-16.4600","-0.0092"
"33.0000","-16.4693","-0.0092"
"33.0200","-16.4785","-0.0092"
"33.0400","-16.4886","-0.0092"
"33.0600","-16.4999","-0.0092"
"33.0800","-16.5108","-0.0092"
"33.1000","-16.5206","-0.0092"
"33.1200","-16.5299","-0.0092"
"33.1400","-16.5394","-0.0092"
"33.1600","-16.5497","-0.0092"
"33.1800","-16.5603","-0.0092"
"33.2000","-16.5700","-0.0092"
"33.2200","-16.5792","-0.0092"
"33.2400","-16.5886","-0.0092"
"33.2600","-16.5986","-0.0092"
"33.2800","-16.6095","-0.0092"
"33.3000","-16.6201","-0.0093"
"33.3200","-16.6298","-0.0093"
"33.3400","-16.6391","-0.0093"
"33.3600","-16.6488","-0.0093"
"33.3800","-16.6595","-0.0093"
"33.4000","-16.6706","-0.0093"
"33.4200","-16.6807","-0.0093"
"33.4400","-16.6899","-0.0093"
"33.4600","-16.6992","-0.0093"
"33.4800","-16.7097","-0.0093"
"33.5000","-16.7207","-0.0093"
"33.5200","-16.7308","-0.0093"
"33.5400","-16.7400","-0.0093"
"33.5600","-16.7490","-0.0093"
"33.5800","-16.7587","-0.0093"
"33.6000","-16.7694","-0.0093"
"33.6200","-16.7798","-0.0093"
"33.6400","-16.7895","-0.0093"
"33.6600","-16.7990","-0.0093"
"33.6800","-16.8089","-0.0093"
"33.7000","-16.8198","-0.0093"
"33.7200","-16.8309","-0.0093"
"33.7400","-16.8410","-0.0093"
"33.7600","-16.8502","-0.0093"
"33.7800","-16.8594","-0.0093"
"33.8000","-16.8694","-0.0093"
"33.8200","-16.8804","-0.0093"
"33.8400","-16.8908","-0.0093"
"33.8600","-16.9001","-0.0093"
"33.8800","-16.9091","-0.0093"
"33.9000","-16.9189","-0.0093"
"33.9200","-16.9298","-0.0093"
"33.9400","-16.9406","-0.0093"
"33.9600","-16.9502","-0.0094"
"33.9800","-16.9592","-0.0093"
"34.0000","-16.9687","-0.0094"
"34.0200","-16.9792","-0.0094"
"34.0400","-16.9901","-0.0094"
"34.0600","-17.0004","-0.0094"
"34.0800","-17.0100","-0.0094"
"34.1000","-17.0197","-0.0094"
"34.1200","-17.0298","-0.0094"
"34.1400","-17.0404","-0.0094"
"34.1600","-17.0506","-0.0094"
"34.1800","-17.0600","-0.0094"
"34.2000","-17.0690","-0.0094"
"34.2200","-17.0783","-0.0094"
"34.2400","-17.0887","-0.0094"
"34.2600","-17.0997","-0.0094"
"34.2800","-17.1100","-0.0094"
"34.3000","-17.1194","-0.0094"
"34.3200","-17.1289","-0.0094"
"34.3400","-17.1392","-0.0094"
"34.3600","-17.1502","-0.0094"
"34.3800","-17.1606","-0.0094"
"34.4000","-17.1700","-0.0094"
"34.4200","-17.1794","-0.0094"
"34.4400","-17.1893","-0.0094"
"34.4600","-17.2000","-0.0094"
"34.4800","-17.2105","-0.0094"
"34.5000","-17.2201","-0.0094"
"34.5200","-17.2294","-0.0094"
"34.5400","-17.2389","-0.0094"
"34.5600","-17.2490","-0.0094"
"34.5800","-17.2596","-0.0094"
"34.6000","-17.2697","-0.0094"
"34.6200","-17.2792","-0.0094"
"34.6400","-17.2886","-0.0094"
"34.6600","-17.2986","-0.0094"
"34.6800","-17.3097","-0.0094"
"34.7000","-17.3207","-0.0094"
"34.7200","-17.3305","-0.0094"
"34.7400","-17.3397","-0.0094"
"34.7600","-17.3492","-0.0094"
"34.7800","-17.3599","-0.0094"
"34.8000","-17.3706","-0.0094"
"34.8200","-17.3802","-0.0094"
"34.8400","-17.3892","-0.0094"
"34.8600","-17.3986","-0.0094"
"34.8800","-17.4089","-0.0094"
"34.9000","-17.4199","-0.0094"
"34.9200","-17.4302","-0.0094"
"34.9400","-17.4397","-0.0094"
"34.9600","-17.4490","-0.0094"
"34.9800","-17.4589","-0.0094"
"35.0000","-17.4696","-0.0094"
"35.0200","-17.4804","-0.0094"
"35.0400","-17.4903","-0.0094"
"35.0600","-17.4997","-0.0094"
"35.0800","-17.5093","-0.0094"
"35.1000","-17.5198","-0.0094"
"35.1200","-17.5307","-0.0094"
"35.1400","-17.5408","-0.0094"
"35.1600","-17.5500","-0.0094"
"35.1800","-17.5589","-0.0094"
"35.2000","-17.5686","-0.0094"
"35.2200","-17.5793","-0.0094"
"35.2400","-17.5897","-0.0094"
"35.2600","-17.5993","-0.0094"
"35.2800","-17.6087","-0.0094"
"35.3000","-17.6188","-0.0094"
"35.3200","-17.6298","-0.0094"
"35.3400","-17.6406","-0.0094"
"35.3600","-17.6503","-0.0094"
"35.3800","-17.6597","-0.0094"
"35.4000","-17.6692","-0.0094"
"35.4200","-17.6793","-0.0094"
"35.4400","-17.6902","-0.0094"
"35.4600","-17.7005","-0.0094"
"35.4800","-17.7099","-0.0094"
"35.5000","-17.7191","-0.0094"
"35.5200","-17.7288","-0.0094"
"35.5400","-17.7394","-0.0094"
"35.5600","-17.7499","-0.0094"
"35.5800","-17.7596","-0.0094"
"35.6000","-17.7687","-0.0094"
"35.6200","-17.7784","-0.0094"
"35.6400","-17.7891","-0.0094"
"35.6600","-17.8004","-0.0094"
"35.6800","-17.8107","-0.0094"
"35.7000","-17.8202","-0.0094"
"35.7200","-17.8297","-0.0094"
"35.7400","-17.8398","-0.0094"
"35.7600","-17.8505","-0.0094"
"35.7800","-17.8606","-0.0094"
"35.8000","-17.8699","-0.0094"
"35.8200","-17.8791","-0.0094"
"35.8400","-17.8888","-0.0094"
"35.8600","-17.8994","-0.0094"
"35.8800","-17.9102","-0.0094"
"35.9000","-17.9202","-0.0094"
"35.9200","-17.9295","-0.0094"
"35.9400","-17.9388","-0.0094"
"35.9600","-17.9488","-0.0094"
"35.9800","-17.9598","-0.0094"
"36.0000","-17.9704","-0.0094"
"36.0200","-17.9800","-0.0094"
"36.0400","-17.9895","-0.0094"
"36.0600","-17.9994","-0.0094"
"36.0800","-18.0102","-0.0094"
"36.1000","-18.0206","-0.0094"
"36.1200","-18.0300","-0.0094"
"36.1400","-18.0391","-0.0094"
"36.1600","-18.0486","-0.0094"
"36.1800","-18.0590","-0.0094"
"36.2000","-18.0698","-0.0094"
"36.2200","-18.0798","-0.0094"
"36.2400","-18.0891","-0.0094"
"36.2600","-18.0987","-0.0094"
"36.2800","-18.1090","-0.0094"
"36.3000","-18.1200","-0.0094"
"36.3200","-18.1306","-0.0094"
"36.3400","-18.1402","-0.0094"
"36.3600","-18.1496","-0.0094"
"36.3800","-18.1594","-0.0094"
"36.4000","-18.1701","-0.0094"
"36.4200","-18.1809","-0.0094"
"36.4400","-18.1905","-0.0094"
"36.4600","-18.1995","-0.0094"
"36.4800","-18.2089","-0.0094"
"36.5000","-18.2193","-0.0094"
"36.5200","-18.2302","-0.0094"
"36.5400","-18.2403","-0.0094"
"36.5600","-18.2493","-0.0094"
"36.5800","-18.2585","-0.0094"
"36.6000","-18.2686","-0.0094"
"36.6200","-18.2796","-0.0093"
"36.6400","-18.2904","-0.0093"
"36.6600","-18.3004","-0.0093"
"36.6800","-18.3100","-0.0093"
"36.7000","-18.3198","-0.0093"
"36.7200","-18.3302","-0.0093"
"36.7400","-18.3407","-0.0093"
"36.7600","-18.3503","-0.0094"
"36.7800","-18.3593","-0.0093"
"36.8000","-18.3683","-0.0093"
"36.8200","-18.3782","-0.0093"
"36.8400","-18.3892","-0.0093"
"36.8600","-18.3999","-0.0093"
"36.8800","-18.4096","-0.0093"
"36.9000","-18.4190","-0.0093"
"36.9200","-18.4289","-0.0093"
"36.9400","-18.4398","-0.0093"
"36.9600","-18.4506","-0.0093"
"36.9800","-18.4602","-0.0093"
"37.0000","-18.4695","-0.0093"
"37.0200","-18.4793","-0.0093"
"37.0400","-18.4900","-0.0093"
"37.0600","-18.5008","-0.0093"
"37.0800","-18.5107","-0.0093"
"37.1000","-18.5200","-0.0093"
"37.1200","-18.5293","-0.0093"
"37.1400","-18.5390","-0.0093"
"37.1600","-18.5495","-0.0093"
"37.1800","-18.5600","-0.0093"
"37.2000","-18.5696","-0.0093"
"37.2200","-18.5790","-0.0093"
"37.2400","-18.5888","-0.0093"
"37.2600","-18.5995","-0.0093"
"37.2800","-18.6106","-0.0093"
"37.3000","-18.6206","-0.0093"
"37.3200","-18.6299","-0.0093"
"37.3400","-18.6393","-0.0093"
"37.3600","-18.6495","-0.0093"
"37.3800","-18.6604","-0.0093"
"37.4000","-18.6706","-0.0093"
"37.4200","-18.6798","-0.0092"
"37.4400","-18.6888","-0.0092"
"37.4600","-18.6985","-0.0092"
"37.4800","-18.7092","-0.0092"
"37.5000","-18.7199","-0.0092"
"37.5200","-18.7297","-0.0092"
"37.5400","-18.7392","-0.0092"
"37.5600","-18.7489","-0.0092"
"37.5800","-18.7594","-0.0092"
"37.6000","-18.7704","-0.0092"
"37.6200","-18.7807","-0.0092"
"37.6400","-18.7902","-0.0092"
"37.6600","-18.7997","-0.0092"
"37.6800","-18.8097","-0.0092"
"37.7000","-18.8207","-0.0092"
"37.7200","-18.8312","-0.0092"
"37.7400","-18.8405","-0.0092"
"37.7600","-18.8493","-0.0092"
"37.7800","-18.8587","-0.0092"
"37.8000","-18.8692","-0.0092"
"37.8200","-18.8801","-0.0092"
"37.8400","-18.8900","-0.0092"
"37.8600","-18.8993","-0.0092"
"37.8800","-18.9089","-0.0091"
"37.9000","-18.9195","-0.0091"
"37.9200","-18.9306","-0.0091"
"37.9400","-18.9410","-0.0091"
"37.9600","-18.9504","-0.0091"
"37.9800","-18.9598","-0.0091"
"38.0000","-18.9696","-0.0091"
"38.0200","-18.9802","-0.0091"
"38.0400","-18.9907","-0.0091"
"38.0600","-19.0004","-0.0091"
"38.0800","-19.0096","-0.0091"
"38.1000","-19.0190","-0.0091"
"38.1200","-19.0294","-0.0091"
"38.1400","-19.0402","-0.0091"
"38.1600","-19.0503","-0.0091"
"38.1800","-19.0595","-0.0091"
"38.2000","-19.0687","-0.0091"
"38.2200","-19.0789","-0.0091"
"38.2400","-19.0901","-0.0090"
"38.2600","-19.1008","-0.0090"
"38.2800","-19.1105","-0.0090"
"38.3000","-19.1200","-0.0090"
"38.3200","-19.1300","-0.0090"
"38.3400","-19.1406","-0.0090"
"38.3600","-19.1509","-0.0090"
"38.3800","-19.1603","-0.0090"
"38.4000","-19.1695","-0.0090"
"38.4200","-19.1790","-0.0090"
"38.4400","-19.1892","-0.0090"
"38.4600","-19.2000","-0.0090"
"38.4800","-19.2104","-0.0090"
"38.5000","-19.2199","-0.0090"
"38.5200","-19.2292","-0.0089"
"38.5400","-19.2387","-0.0089"
"38.5600","-19.2493","-0.0089"
"38.5800","-19.2602","-0.0089"
"38.6000","-19.2702","-0.0089"
"38.6200","-19.2798","-0.0089"
"38.6400","-19.2895","-0.0089"
"38.6600","-19.2999","-0.0089"
"38.6800","-19.3105","-0.0089"
"38.7000","-19.3202","-0.0089"
"38.7200","-19.3293","-0.0089"
"38.7400","-19.3385","-0.0089"
"38.7600","-19.3486","-0.0089"
"38.7800","-19.3594","-0.0088"
"38.8000","-19.3699","-0.0088"
"38.8200","-19.3795","-0.0088"
"38.8400","-19.3890","-0.0088"
"38.8600","-19.3991","-0.0088"
"38.8800","-19.4100","-0.0088"
"38.9000","-19.4210","-0.0088"
"38.9200","-19.4309","-0.0088"
"38.9400","-19.4401","-0.0088"
"38.9600","-19.4494","-0.0088"
"38.9800","-19.4596","-0.0087"
"39.0000","-19.4705","-0.0087"
"39.0200","-19.4804","-0.0087"
"39.0400","-19.4895","-0.0087"
"39.0600","-19.4986","-0.0087"
"39.0800","-19.5085","-0.0087"
"39.1000","-19.5195","-0.0087"
"39.1200","-19.5302","-0.0087"
"39.1400","-19.5397","-0.0087"
"39.1600","-19.5489","-0.0086"
"39.1800","-19.5586","-0.0086"
"39.2000","-19.5693","-0.0086"
"39.2200","-19.5802","-0.0086"
"39.2400","-19.5902","-0.0086"
"39.2600","-19.5997","-0.0086"
"39.2800","-19.6092","-0.0086"
"39.3000","-19.6194","-0.0086"
"39.3200","-19.6302","-0.0086"
"39.3400","-19.6404","-0.0085"
"39.3600","-19.6497","-0.0085"
"39.3800","-19.6587","-0.0085"
"39.4000","-19.6682","-0.0085"
"39.4200","-19.6788","-0.0085"
"39.4400","-19.6897","-0.0085"
"39.4600","-19.6997","-0.0085"
"39.4800","-19.7092","-0.0085"
"39.5000","-19.7190","-0.0085"
"39.5200","-19.7297","-0.0085"
"39.5400","-19.7406","-0.0084"
"39.5600","-19.7505","-0.0084"
"39.5800","-19.7596","-0.0084"
"39.6000","-19.7690","-0.0084"
"39.6200","-19.7793","-0.0084"
"39.6400","-19.7903","-0.0084"
"39.6600","-19.8008","-0.0084"
"39.6800","-19.8103","-0.0084"
"39.7000","-19.8195","-0.0084"
"39.7200","-19.8290","-0.0084"
"39.7400","-19.8392","-0.0084"
"39.7600","-19.8498","-0.0083"
"39.7800","-19.8597","-0.0083"
"39.8000","-19.8691","-0.0083"
"39.8200","-19.8786","-0.0083"
"39.8400","-19.8888","-0.0083"
"39.8600","-19.8999","-0.0083"
"39.8800","-19.9105","-0.0083"
"39.9000","-19.9201","-0.0083"
"39.9200","-19.9295","-0.0083"
"39.9400","-19.9393","-0.0082"
"39.9600","-19.9500","-0.0082"
"39.9800","-19.9606","-0.0082"
"40.0000","-19.9700","-0.0082"
"40.0200","-19.9790","-0.0082"
"40.0400","-19.9884","-0.0082"
"40.0600","-19.9986","-0.0082"
"40.0800","-20.0095","-0.0082"
"40.1000","-20.0198","-0.0082"
"40.1200","-20.0293","-0.0082"
"40.1400","-20.0388","-0.0081"
"40.1600","-20.0489","-0.0081"
"40.1800","-20.0598","-0.0081"
"40.2000","-20.0705","-0.0081"
"40.2200","-20.0803","-0.0081"
"40.2400","-20.0896","-0.0081"
"40.2600","-20.0993","-0.0081"
"40.2800","-20.1100","-0.0081"
"40.3000","-20.1210","-0.0081"
"40.3200","-20.1309","-0.0081"
"40.3400","-20.1398","-0.0081"
"40.3600","-20.1488","-0.0081"
"40.3800","-20.1587","-0.0081"
"40.4000","-20.1694","-0.0080"
"40.4200","-20.1797","-0.0080"
"40.4400","-20.1891","-0.0080"
"40.4600","-20.1986","-0.0080"
"40.4800","-20.2089","-0.0080"
"40.5000","-20.2201","-0.0080"
"40.5200","-20.2309","-0.0080"
"40.5400","-20.2406","-0.0080"
"40.5600","-20.2497","-0.0080"
"40.5800","-20.2591","-0.0080"
"40.6000","-20.2694","-0.0080"
"40.6200","-20.2802","-0.0079"
"40.6400","-20.2904","-0.0079"
"40.6600","-20.2997","-0.0079"
"40.6800","-20.3088","-0.0079"
"40.7000","-20.3187","-0.0079"
"40.7200","-20.3295","-0.0079"
"40.7400","-20.3401","-0.0079"
"40.7600","-20.3497","-0.0079"
"40.7800","-20.3589","-0.0079"
"40.8000","-20.3687","-0.0079"
"40.8200","-20.3796","-0.0079"
"40.8400","-20.3905","-0.0079"
"40.8600","-20.4004","-0.0078"
"40.8800","-20.4098","-0.0078"
"40.9000","-20.4196","-0.0078"
"40.9200","-20.4302","-0.0078"
"40.9400","-20.4409","-0.0078"
"40.9600","-20.4508","-0.0078"
"40.9800","-20.4600","-0.0078"
"41.0000","-20.4691","-0.0078"
"41.0200","-20.4787","-0.0078"
"41.0400","-20.4891","-0.0078"
"41.0600","-20.4998","-0.0078"
"41.0800","-20.5097","-0.0078"
"41.1000","-20.5192","-0.0077"
"41.1200","-20.5289","-0.0077"
"41.1400","-20.5394","-0.0077"
"41.1600","-20.5505","-0.0077"
"41.1800","-20.5607","-0.0077"
"41.2000","-20.5700","-0.0077"
"41.2200","-20.5793","-0.0077"
"41.2400","-20.5895","-0.0077"
"41.2600","-20.6005","-0.0077"
"41.2800","-20.6109","-0.0077"
"41.3000","-20.6203","-0.0077"
"41.3200","-20.6294","-0.0077"
"41.3400","-20.6389","-0.0077"
"41.3600","-20.6493","-0.0077"
"41.3800","-20.6597","-0.0077"
"41.4000","-20.6696","-0.0076"
"41.4200","-20.6791","-0.0076"
"41.4400","-20.6888","-0.0076"
"41.4600","-20.6992","-0.0076"
"41.4800","-20.7104","-0.0076"
"41.5000","-20.7209","-0.0076"
"41.5200","-20.7306","-0.0076"
"41.5400","-20.7399","-0.0076"
"41.5600","-20.7496","-0.0076"
"41.5800","-20.7604","-0.0076"
"41.6000","-20.7709","-0.0076"
"41.6200","-20.7805","-0.0076"
"41.6400","-20.7897","-0.0076"
"41.6600","-20.7991","-0.0076"
"41.6800","-20.8095","-0.0076"
"41.7000","-20.8202","-0.0076"
"41.7200","-20.8299","-0.0076"
"41.7400","-20.8390","-0.0075"
"41.7600","-20.8484","-0.0075"
"41.7800","-20.8587","-0.0075"
"41.8000","-20.8699","-0.0075"
"41.8200","-20.8806","-0.0075"
"41.8400","-20.8904","-0.0075"
"41.8600","-20.8998","-0.0075"
"41.8800","-20.9096","-0.0075"
"41.9000","-20.9202","-0.0075"
"41.9200","-20.9307","-0.0075"
"41.9400","-20.9404","-0.0075"
"41.9600","-20.9495","-0.0075"
"41.9800","-20.9588","-0.0075"
"42.0000","-20.9689","-0.0075"
"42.0200","-20.9797","-0.0075"
"42.0400","-20.9900","-0.0075"
"42.0600","-20.9994","-0.0075"
"42.0800","-21.0088","-0.0074"
"42.1000","-21.0191","-0.0074"
"42.1200","-21.0304","-0.0074"
"42.1400","-21.0411","-0.0074"
"42.1600","-21.0506","-0.0074"
"42.1800","-21.0597","-0.0074"
"42.2000","-21.0693","-0.0074"
"42.2200","-21.0798","-0.0074"
"42.2400","-21.0906","-0.0074"
"42.2600","-21.1005","-0.0074"
"42.2800","-21.1098","-0.0074"
"42.3000","-21.1192","-0.0074"
"42.3200","-21.1293","-0.0074"
"42.3400","-21.1399","-0.0074"
"42.3600","-21.1501","-0.0074"
"42.3800","-21.1594","-0.0073"
"42.4000","-21.1685","-0.0073"
"42.4200","-21.1783","-0.0073"
"42.4400","-21.1893","-0.0073"
"42.4600","-21.2005","-0.0073"
"42.4800","-21.2107","-0.0073"
"42.5000","-21.2200","-0.0073"
"42.5200","-21.2295","-0.0073"
"42.5400","-21.2398","-0.0073"
"42.5600","-21.2506","-0.0073"
"42.5800","-21.2604","-0.0073"
"42.6000","-21.2695","-0.0073"
"42.6200","-21.2786","-0.0073"
"42.6400","-21.2886","-0.0073"
"42.6600","-21.2994","-0.0073"
"42.6800","-21.3100","-0.0073"
"42.7000","-21.3198","-0.0073"
"42.7200","-21.3293","-0.0073"
"42.7400","-21.3390","-0.0073"
"42.7600","-21.3495","-0.0073"
"42.7800","-21.3603","-0.0073"
"42.8000","-21.3704","-0.0073"
"42.8200","-21.3800","-0.0073"
"42.8400","-21.3896","-0.0073"
"42.8600","-21.3997","-0.0073"
"42.8800","-21.4105","-0.0073"
"42.9000","-21.4206","-0.0073"
"42.9200","-21.4298","-0.0073"
"42.9400","-21.4388","-0.0073"
"42.9600","-21.4485","-0.0073"
"42.9800","-21.4594","-0.0073"
"43.0000","-21.4702","-0.0073"
"43.0200","-21.4798","-0.0072"
"43.0400","-21.4890","-0.0072"
"43.0600","-21.4986","-0.0072"
"43.0800","-21.5091","-0.0072"
"43.1000","-21.5202","-0.0072"
"43.1200","-21.5305","-0.0072"
"43.1400","-21.5400","-0.0072"
"43.1600","-21.5494","-0.0072"
"43.1800","-21.5593","-0.0072"
"43.2000","-21.5698","-0.0073"
"43.2200","-21.5802","-0.0073"
"43.2400","-21.5898","-0.0073"
"43.2600","-21.5990","-0.0072"
"43.2800","-21.6085","-0.0072"
"43.3000","-21.6191","-0.0072"
"43.3200","-21.6301","-0.0072"
"43.3400","-21.6401","-0.0072"
"43.3600","-21.6493","-0.0072"
"43.3800","-21.6586","-0.0072"
"43.4000","-21.6689","-0.0072"
"43.4200","-21.6801","-0.0072"
"43.4400","-21.6905","-0.0072"
"43.4600","-21.7000","-0.0072"
"43.4800","-21.7096","-0.0072"
"43.5000","-21.7199","-0.0072"
"43.5200","-21.7307","-0.0073"
"43.5400","-21.7409","-0.0073"
"43.5600","-21.7502","-0.0073"
"43.5800","-21.7592","-0.0073"
"43.6000","-21.7686","-0.0073"
"43.6200","-21.7788","-0.0073"
"43.6400","-21.7895","-0.0073"
"43.6600","-21.7997","-0.0073"
"43.6800","-21.8092","-0.0073"
"43.7000","-21.8187","-0.0073"
"43.7200","-21.8290","-0.0073"
"43.7400","-21.8401","-0.0073"
"43.7600","-21.8509","-0.0073"
"43.7800","-21.8604","-0.0073"
"43.8000","-21.8694","-0.0073"
"43.8200","-21.8790","-0.0073"
"43.8400","-21.8897","-0.0073"
"43.8600","-21.9006","-0.0073"
"43.8800","-21.9104","-0.0073"
"43.9000","-21.9195","-0.0073"
"43.9200","-21.9289","-0.0073"
"43.9400","-21.9390","-0.0073"
"43.9600","-21.9496","-0.0073"
"43.9800","-21.9596","-0.0073"
"44.0000","-21.9690","-0.0073"
"44.0200","-21.9787","-0.0073"
"44.0400","-21.9888","-0.0073"
"44.0600","-21.9998","-0.0073"
"44.0800","-22.0107","-0.0073"
"44.1000","-22.0207","-0.0073"
"44.1200","-22.0302","-0.0073"
"44.1400","-22.0398","-0.0073"
"44.1600","-22.0501","-0.0073"
"44.1800","-22.0607","-0.0073"
"44.2000","-22.0705","-0.0073"
"44.2200","-22.0797","-0.0073"
"44.2400","-22.0889","-0.0073"
"44.2600","-22.0989","-0.0073"
"44.2800","-22.1097","-0.0073"
"44.3000","-22.1201","-0.0073"
"44.3200","-22.1296","-0.0073"
"44.3400","-22.1389","-0.0073"
"44.3600","-22.1488","-0.0073"
"44.3800","-22.1595","-0.0073"
"44.4000","-22.1702","-0.0073"
"44.4200","-22.1801","-0.0073"
"44.4400","-22.1896","-0.0073"
"44.4600","-22.1993","-0.0073"
"44.4800","-22.2096","-0.0073"
"44.5000","-22.2204","-0.0073"
"44.5200","-22.2305","-0.0073"
"44.5400","-22.2397","-0.0073"
"44.5600","-22.2487","-0.0073"
"44.5800","-22.2583","-0.0073"
"44.6000","-22.2689","-0.0073"
"44.6200","-22.2797","-0.0073"
"44.6400","-22.2896","-0.0073"
"44.6600","-22.2989","-0.0073"
"44.6800","-22.3087","-0.0073"
"44.7000","-22.3196","-0.0073"
"44.7200","-22.3306","-0.0073"
"44.7400","-22.3405","-0.0073"
"44.7600","-22.3497","-0.0073"
"44.7800","-22.3591","-0.0073"
"44.8000","-22.3694","-0.0072"
"44.8200","-22.3803","-0.0072"
"44.8400","-22.3905","-0.0072"
"44.8600","-22.4000","-0.0072"
"44.8800","-22.4093","-0.0072"
"44.9000","-22.4191","-0.0072"
"44.9200","-22.4297","-0.0072"
"44.9400","-22.4403","-0.0073"
"44.9600","-22.4499","-0.0073"
"44.9800","-22.4590","-0.0073"
"45.0000","-22.4685","-0.0073"
"45.0200","-22.4790","-0.0073"
"45.0400","-22.4901","-0.0073"
"45.0600","-22.5006","-0.0073"
"45.0800","-22.5101","-0.0073"
"45.1000","-22.5195","-0.0073"
"45.1200","-22.5296","-0.0073"
"45.1400","-22.5404","-0.0073"
"45.1600","-22.5506","-0.0073"
"45.1800","-22.5598","-0.0073"
"45.2000","-22.5688","-0.0073"
"45.2200","-22.5784","-0.0073"
"45.2400","-22.5891","-0.0073"
"45.2600","-22.6000","-0.0073"
"45.2800","-22.6100","-0.0073"
"45.3000","-22.6194","-0.0073"
"45.3200","-22.6289","-0.0073"
"45.3400","-22.6391","-0.0073"
"45.3600","-22.6501","-0.0073"
"45.3800","-22.6605","-0.0073"
"45.4000","-22.6701","-0.0073"
"45.4200","-22.6794","-0.0073"
"45.4400","-22.6891","-0.0073"
"45.4600","-22.6997","-0.0073"
"45.4800","-22.7105","-0.0073"
"45.5000","-22.7204","-0.0073"
"45.5200","-22.7295","-0.0073"
"45.5400","-22.7389","-0.0073"
"45.5600","-22.7492","-0.0073"
"45.5800","-22.7600","-0.0073"
"45.6000","-22.7700","-0.0073"
"45.6200","-22.7792","-0.0073"
"45.6400","-22.7886","-0.0073"
"45.6600","-22.7990","-0.0073"
"45.6800","-22.8101","-0.0073"
"45.7000","-22.8208","-0.0073"
"45.7200","-22.8305","-0.0073"
"45.7400","-22.8399","-0.0073"
"45.7600","-22.8496","-0.0073"
"45.7800","-22.8600","-0.0073"
"45.8000","-22.8706","-0.0073"
"45.8200","-22.8802","-0.0073"
"45.8400","-22.8893","-0.0073"
"45.8600","-22.8985","-0.0073"
"45.8800","-22.9087","-0.0073"
"45.9000","-22.9198","-0.0073"
"45.9200","-22.9303","-0.0073"
"45.9400","-22.9398","-0.0073"
"45.9600","-22.9489","-0.0073"
"45.9800","-22.9587","-0.0073"
"46.0000","-22.9697","-0.0073"
"46.0200","-22.9805","-0.0073"
"46.0400","-22.9903","-0.0073"
"46.0600","-22.9997","-0.0073"
"46.0800","-23.0095","-0.0073"
"46.1000","-23.0202","-0.0073"
"46.1200","-23.0311","-0.0073"
"46.1400","-23.0409","-0.0073"
"46.1600","-23.0501","-0.0073"
"46.1800","-23.0592","-0.0073"
"46.2000","-23.0689","-0.0073"
"46.2200","-23.0794","-0.0073"
"46.2400","-23.0899","-0.0073"
"46.2600","-23.0996","-0.0073"
"46.2800","-23.1090","-0.0073"
"46.3000","-23.1188","-0.0073"
"46.3200","-23.1297","-0.0073"
"46.3400","-23.1407","-0.0073"
"46.3600","-23.1505","-0.0073"
"46.3800","-23.1596","-0.0073"
"46.4000","-23.1689","-0.0073"
"46.4200","-23.1793","-0.0073"
"46.4400","-23.1903","-0.0073"
"46.4600","-23.2005","-0.0073"
"46.4800","-23.2098","-0.0073"
"46.5000","-23.2191","-0.0073"
"46.5200","-23.2290","-0.0073"
"46.5400","-23.2396","-0.0073"
"46.5600","-23.2500","-0.0073"
"46.5800","-23.2596","-0.0073"
"46.6000","-23.2690","-0.0073"
"46.6200","-23.2787","-0.0073"
"46.6400","-23.2893","-0.0073"
"46.6600","-23.3004","-0.0073"
"46.6800","-23.3108","-0.0073"
"46.7000","-23.3204","-0.0073"
"46.7200","-23.3298","-0.0073"
"46.7400","-23.3398","-0.0073"
"46.7600","-23.3506","-0.0073"
"46.7800","-23.3607","-0.0073"
"46.8000","-23.3700","-0.0073"
"46.8200","-23.3790","-0.0073"
"46.8400","-23.3886","-0.0073"
"46.8600","-23.3993","-0.0073"
"46.8800","-23.4101","-0.0073"
"46.9000","-23.4199","-0.0073"
"46.9200","-23.4291","-0.0073"
"46.9400","-23.4387","-0.0073"
"46.9600","-23.4491","-0.0073"
"46.9800","-23.4601","-0.0073"
"47.0000","-23.4705","-0.0073"
"47.0200","-23.4801","-0.0073"
"47.0400","-23.4898","-0.0073"
"47.0600","-23.4998","-0.0073"
"47.0800","-23.5103","-0.0073"
"47.1000","-23.5206","-0.0073"
"47.1200","-23.5301","-0.0073"
"47.1400","-23.5392","-0.0073"
"47.1600","-23.5485","-0.0073"
"47.1800","-23.5586","-0.0073"
"47.2000","-23.5695","-0.0073"
"47.2200","-23.5798","-0.0073"
"47.2400","-23.5893","-0.0073"
"47.2600","-23.5987","-0.0073"
"47.2800","-23.6090","-0.0073"
"47.3000","-23.6203","-0.0073"
"47.3200","-23.6310","-0.0073"
"47.3400","-23.6405","-0.0073"
"47.3600","-23.6498","-0.0073"
"47.3800","-23.6594","-0.0073"
"47.4000","-23.6698","-0.0073"
"47.4200","-23.6803","-0.0073"
"47.4400","-23.6900","-0.0073"
"47.4600","-23.6994","-0.0073"
"47.4800","-23.7091","-0.0073"
"47.5000","-23.7194","-0.0073"
"47.5200","-23.7302","-0.0073"
"47.5400","-23.7403","-0.0073"
"47.5600","-23.7496","-0.0073"
"47.5800","-23.7587","-0.0073"
"47.6000","-23.7684","-0.0073"
"47.6200","-23.7793","-0.0073"
"47.6400","-23.7903","-0.0073"
"47.6600","-23.8003","-0.0073"
"47.6800","-23.8097","-0.0072"
"47.7000","-23.8195","-0.0072"
"47.7200","-23.8301","-0.0072"
"47.7400","-23.8407","-0.0072"
"47.7600","-23.8502","-0.0072"
"47.7800","-23.8591","-0.0072"
"47.8000","-23.8683","-0.0072"
"47.8200","-23.8784","-0.0072"
"47.8400","-23.8893","-0.0072"
"47.8600","-23.8999","-0.0072"
"47.8800","-23.9095","-0.0072"
"47.9000","-23.9191","-0.0072"
"47.9200","-23.9290","-0.0072"
"47.9400","-23.9397","-0.0072"
"47.9600","-23.9505","-0.0072"
"47.9800","-23.9605","-0.0072"
"48.0000","-23.9700","-0.0072"
"48.0200","-23.9796","-0.0072"
"48.0400","-23.9899","-0.0072"
"48.0600","-24.0008","-0.0072"
"48.0800","-24.0109","-0.0072"
"48.1000","-24.0201","-0.0072"
"48.1200","-24.0292","-0.0072"
"48.1400","-24.0390","-0.0072"
"48.1600","-24.0497","-0.0072"
"48.1800","-24.0601","-0.0072"
"48.2000","-24.0696","-0.0072"
"48.2200","-24.0789","-0.0072"
"48.2400","-24.0886","-0.0072"
"48.2600","-24.0993","-0.0072"
"48.2800","-24.1102","-0.0072"
"48.3000","-24.1204","-0.0072"
"48.3200","-24.1301","-0.0072"
"48.3400","-24.1397","-0.0072"
"48.3600","-24.1498","-0.0071"
"48.3800","-24.1602","-0.0071"
"48.4000","-24.1703","-0.0071"
"48.4200","-24.1795","-0.0071"
"48.4400","-24.1886","-0.0071"
"48.4600","-24.1981","-0.0071"
"48.4800","-24.2088","-0.0071"
"48.5000","-24.2198","-0.0071"
"48.5200","-24.2298","-0.0071"
"48.5400","-24.2392","-0.0071"
"48.5600","-24.2487","-0.0071"
"48.5800","-24.2591","-0.0071"
"48.6000","-24.2701","-0.0071"
"48.6200","-24.2803","-0.0071"
"48.6400","-24.2898","-0.0071"
"48.6600","-24.2995","-0.0071"
"48.6800","-24.3098","-0.0071"
"48.7000","-24.3208","-0.0071"
"48.7200","-24.3311","-0.0071"
"48.7400","-24.3403","-0.0071"
"48.7600","-24.3494","-0.0071"
"48.7800","-24.3588","-0.0071"
"48.8000","-24.3690","-0.0071"
"48.8200","-24.3797","-0.0071"
"48.8400","-24.3896","-0.0071"
"48.8600","-24.3991","-0.0071"
"48.8800","-24.4087","-0.0071"
"48.9000","-24.4191","-0.0071"
"48.9200","-24.4304","-0.0071"
"48.9400","-24.4409","-0.0071"
"48.9600","-24.4502","-0.0070"
"48.9800","-24.4593","-0.0070"
"49.0000","-24.4691","-0.0070"
"49.0200","-24.4798","-0.0070"
"49.0400","-24.4904","-0.0070"
"49.0600","-24.4999","-0.0070"
"49.0800","-24.5089","-0.0070"
"49.1000","-24.5184","-0.0070"
"49.1200","-24.5289","-0.0070"
"49.1400","-24.5397","-0.0070"
"49.1600","-24.5497","-0.0070"
"49.1800","-24.5591","-0.0070"
"49.2000","-24.5687","-0.0070"
"49.2200","-24.5790","-0.0070"
"49.2400","-24.5900","-0.0070"
"49.2600","-24.6005","-0.0070"
"49.2800","-24.6102","-0.0070"
"49.3000","-24.6196","-0.0070"
"49.3200","-24.6294","-0.0070"
"49.3400","-24.6402","-0.0070"
"49.3600","-24.6509","-0.0070"
"49.3800","-24.6605","-0.0070"
"49.4000","-24.6694","-0.0070"
"49.4200","-24.6787","-0.0070"
"49.4400","-24.6889","-0.0070"
"49.4600","-24.6999","-0.0070"
"49.4800","-24.7102","-0.0070"
"49.5000","-24.7196","-0.0069"
"49.5200","-24.7291","-0.0069"
"49.5400","-24.7392","-0.0069"
"49.5600","-24.7500","-0.0069"
"49.5800","-24.7605","-0.0069"
"49.6000","-24.7702","-0.0069"
"49.6200","-24.7797","-0.0069"
"49.6400","-24.7895","-0.0069"
"49.6600","-24.8000","-0.0069"
"49.6800","-24.8108","-0.0068"
"49.7000","-24.8207","-0.0068"
"49.7200","-24.8298","-0.0068"
"49.7400","-24.8389","-0.0068"
"49.7600","-24.8487","-0.0068"
"49.7800","-24.8596","-0.0068"
"49.8000","-24.8701","-0.0068"
"49.8200","-24.8798","-0.0068"
"49.8400","-24.8891","-0.0068"
"49.8600","-24.8990","-0.0068"
"49.8800","-24.9099","-0.0068"
"49.9000","-24.9209","-0.0068"
"49.9200","-24.9308","-0.0068"
"49.9400","-24.9401","-0.0068"
"49.9600","-24.9495","-0.0068"
"49.9800","-24.9596","-0.0068"
"50.0000","-24.9703","-0.0068"
"50.0200","-24.9803","-0.0068"
"50.0400","-24.9897","-0.0068"
"50.0600","-24.9990","-0.0068"
"50.0800","-25.0088","-0.0067"
"50.1000","-25.0194","-0.0067"
"50.1200","-25.0300","-0.0067"
"50.1400","-25.0397","-0.0067"
"50.1600","-25.0489","-0.0067"
"50.1800","-25.0585","-0.0067"
"50.2000","-25.0691","-0.0067"
"50.2200","-25.0803","-0.0067"
"50.2400","-25.0905","-0.0067"
"50.2600","-25.0998","-0.0067"
"50.2800","-25.1091","-0.0066"
"50.3000","-25.1195","-0.0066"
"50.3200","-25.1305","-0.0066"
"50.3400","-25.1408","-0.0066"
"50.3600","-25.1501","-0.0066"
"50.3800","-25.1590","-0.0066"
"50.4000","-25.1686","-0.0066"
"50.4200","-25.1791","-0.0066"
"50.4400","-25.1896","-0.0066"
"50.4600","-25.1994","-0.0066"
"50.4800","-25.2090","-0.0066"
"50.5000","-25.2189","-0.0066"
"50.5200","-25.2295","-0.0066"
"50.5400","-25.2406","-0.0066"
"50.5600","-25.2509","-0.0066"
"50.5800","-25.2603","-0.0066"
"50.6000","-25.2696","-0.0066"
"50.6200","-25.2794","-0.0066"
"50.6400","-25.2902","-0.0066"
"50.6600","-25.3007","-0.0066"
"50.6800","-25.3103","-0.0066"
"50.7000","-25.3195","-0.0065"
"50.7200","-25.3293","-0.0065"
"50.7400","-25.3398","-0.0065"
"50.7600","-25.3504","-0.0065"
"50.7800","-25.3598","-0.0065"
"50.8000","-25.3687","-0.0065"
"50.8200","-25.3781","-0.0065"
"50.8400","-25.3886","-0.0065"
"50.8600","-25.3999","-0.0065"
"50.8800","-25.4107","-0.0065"
"50.9000","-25.4206","-0.0065"
"50.9200","-25.4302","-0.0064"
"50.9400","-25.4399","-0.0064"
"50.9600","-25.4502","-0.0064"
"50.9800","-25.4604","-0.0064"
"51.0000","-25.4700","-0.0064"
"51.0200","-25.4792","-0.0064"
"51.0400","-25.4885","-0.0064"
"51.0600","-25.4989","-0.0064"
"51.0800","-25.5099","-0.0064"
"51.1000","-25.5203","-0.0064"
"51.1200","-25.5297","-0.0063"
"51.1400","-25.5390","-0.0063"
"51.1600","-25.5491","-0.0063"
"51.1800","-25.5600","-0.0063"
"51.2000","-25.5706","-0.0063"
"51.2200","-25.5801","-0.0063"
"51.2400","-25.5895","-0.0063"
"51.2600","-25.5994","-0.0063"
"51.2800","-25.6103","-0.0062"
"51.3000","-25.6211","-0.0062"
"51.3200","-25.6307","-0.0062"
"51.3400","-25.6398","-0.0062"
"51.3600","-25.6491","-0.0062"
"51.3800","-25.6590","-0.0062"
"51.4000","-25.6695","-0.0062"
"51.4200","-25.6798","-0.0061"
"51.4400","-25.6893","-0.0061"
"51.4600","-25.6986","-0.0061"
"51.4800","-25.7086","-0.0061"
"51.5000","-25.7196","-0.0061"
"51.5200","-25.7307","-0.0061"
"51.5400","-25.7405","-0.0061"
"51.5600","-25.7496","-0.0060"
"51.5800","-25.7591","-0.0060"
"51.6000","-25.7696","-0.0060"
"51.6200","-25.7806","-0.0060"
"51.6400","-25.7905","-0.0060"
"51.6600","-25.7995","-0.0060"
"51.6800","-25.8087","-0.0060"
"51.7000","-25.8188","-0.0059"
"51.7200","-25.8297","-0.0059"
"51.7400","-25.8402","-0.0059"
"51.7600","-25.8497","-0.0059"
"51.7800","-25.8590","-0.0059"
"51.8000","-25.8687","-0.0059"
"51.8200","-25.8795","-0.0058"
"51.8400","-25.8905","-0.0058"
"51.8600","-25.9007","-0.0058"
"51.8800","-25.9101","-0.0057"
"51.9000","-25.9195","-0.0057"
"51.9200","-25.9296","-0.0057"
"51.9400","-25.9405","-0.0057"
"51.9600","-25.9506","-0.0056"
"51.9800","-25.9597","-0.0056"
"52.0000","-25.9688","-0.0056"
"52.0200","-25.9786","-0.0056"
"52.0400","-25.9895","-0.0055"
"52.0600","-26.0002","-0.0055"
"52.0800","-26.0098","-0.0055"
"52.1000","-26.0190","-0.0054"
"52.1200","-26.0288","-0.0054"
"52.1400","-26.0396","-0.0053"
"52.1600","-26.0505","-0.0053"
"52.1800","-26.0604","-0.0052"
"52.2000","-26.0697","-0.0052"
"52.2200","-26.0791","-0.0051"
"52.2400","-26.0892","-0.0051"
"52.2600","-26.1001","-0.0050"
"52.2800","-26.1106","-0.0050"
"52.3000","-26.1202","-0.0049"
"52.3200","-26.1294","-0.0048"
"52.3400","-26.1388","-0.0048"
"52.3600","-26.1493","-0.0047"
"52.3800","-26.1600","-0.0047"
"52.4000","-26.1698","-0.0046"
"52.4200","-26.1788","-0.0046"
"52.4400","-26.1884","-0.0045"
"52.4600","-26.1991","-0.0045"
"52.4800","-26.2105","-0.0045"
"52.5000","-26.2210","-0.0045"
"52.5200","-26.2305","-0.0044"
"52.5400","-26.2397","-0.0044"
"52.5600","-26.2496","-0.0044"
"52.5800","-26.2602","-0.0044"
"52.6000","-26.2706","-0.0044"
"52.6200","-26.2801","-0.0044"
"52.6400","-26.2895","-0.0043"
"52.6600","-26.2991","-0.0043"
"52.6800","-26.3095","-0.0043"
"52.7000","-26.3202","-0.0043"
"52.7200","-26.3302","-0.0043"
"52.7400","-26.3394","-0.0043"
"52.7600","-26.3487","-0.0043"
"52.7800","-26.3586","-0.0043"
"52.8000","-26.3697","-0.0043"
"52.8200","-26.3804","-0.0043"
"52.8400","-26.3901","-0.0043"
"52.8600","-26.3995","-0.0043"
"52.8800","-26.4094","-0.0043"
"52.9000","-26.4201","-0.0043"
"52.9200","-26.4306","-0.0042"
"52.9400","-26.4401","-0.0042"
"52.9600","-26.4491","-0.0042"
"52.9800","-26.4584","-0.0042"
"53.0000","-26.4687","-0.0042"
"53.0200","-26.4796","-0.0042"
"53.0400","-26.4897","-0.0042"
"53.0600","-26.4992","-0.0042"
"53.0800","-26.5089","-0.0042"
"53.1000","-26.5191","-0.0042"
"53.1200","-26.5301","-0.0042"
"53.1400","-26.5408","-0.0042"
"53.1600","-26.5504","-0.0042"
"53.1800","-26.5597","-0.0042"
"53.2000","-26.5692","-0.0042"
"53.2200","-26.5796","-0.0042"
"53.2400","-26.5905","-0.0042"
"53.2600","-26.6005","-0.0042"
"53.2800","-26.6096","-0.0042"
"53.3000","-26.6188","-0.0042"
"53.3200","-26.6288","-0.0042"
"53.3400","-26.6397","-0.0042"
"53.3600","-26.6501","-0.0042"
"53.3800","-26.6595","-0.0042"
"53.4000","-26.6688","-0.0041"
"53.4200","-26.6789","-0.0041"
"53.4400","-26.6898","-0.0041"
"53.4600","-26.7006","-0.0041"
"53.4800","-26.7105","-0.0041"
"53.5000","-26.7200","-0.0041"
"53.5200","-26.7297","-0.0041"
"53.5400","-26.7400","-0.0041"
"53.5600","-26.7506","-0.0041"
"53.5800","-26.7606","-0.0041"
"53.6000","-26.7697","-0.0041"
"53.6200","-26.7787","-0.0041"
"53.6400","-26.7884","-0.0041"
"53.6600","-26.7991","-0.0041"
"53.6800","-26.8099","-0.0041"
"53.7000","-26.8198","-0.0041"
"53.7200","-26.8292","-0.0041"
"53.7400","-26.8389","-0.0041"
"53.7600","-26.8497","-0.0041"
"53.7800","-26.8606","-0.0041"
"53.8000","-26.8703","-0.0041"
"53.8200","-26.8795","-0.0040"
"53.8400","-26.8891","-0.0040"
"53.8600","-26.8996","-0.0040"
"53.8800","-26.9106","-0.0040"
"53.9000","-26.9208","-0.0040"
"53.9200","-26.9301","-0.0040"
"53.9400","-26.9394","-0.0040"
"53.9600","-26.9490","-0.0040"
"53.9800","-26.9594","-0.0040"
"54.0000","-26.9700","-0.0040"
"54.0200","-26.9798","-0.0040"
"54.0400","-26.9891","-0.0040"
"54.0600","-26.9987","-0.0040"
"54.0800","-27.0092","-0.0040"
"54.1000","-27.0205","-0.0040"
"54.1200","-27.0311","-0.0040"
"54.1400","-27.0406","-0.0040"
"54.1600","-27.0498","-0.0039"
"54.1800","-27.0595","-0.0039"
"54.2000","-27.0699","-0.0039"
"54.2200","-27.0801","-0.0039"
"54.2400","-27.0896","-0.0039"
"54.2600","-27.0988","-0.0039"
"54.2800","-27.1087","-0.0039"
"54.3000","-27.1195","-0.0039"
"54.3200","-27.1303","-0.0039"
"54.3400","-27.1401","-0.0039"
"54.3600","-27.1494","-0.0039"
"54.3800","-27.1589","-0.0039"
"54.4000","-27.1691","-0.0038"
"54.4200","-27.1800","-0.0038"
"54.4400","-27.1905","-0.0038"
"54.4600","-27.2002","-0.0038"
"54.4800","-27.2096","-0.0038"
"54.5000","-27.2194","-0.0038"
"54.5200","-27.2300","-0.0038"
"54.5400","-27.2405","-0.0038"
"54.5600","-27.2500","-0.0037"
"54.5800","-27.2590","-0.0037"
"54.6000","-27.2684","-0.0037"
"54.6200","-27.2789","-0.0037"
"54.6400","-27.2899","-0.0037"
"54.6600","-27.3000","-0.0037"
"54.6800","-27.3093","-0.0037"
"54.7000","-27.3187","-0.0037"
"54.7200","-27.3290","-0.0037"
"54.7400","-27.3401","-0.0036"
"54.7600","-27.3506","-0.0036"
"54.7800","-27.3601","-0.0036"
"54.8000","-27.3695","-0.0036"
"54.8200","-27.3793","-0.0036"
"54.8400","-27.3898","-0.0036"
"54.8600","-27.4005","-0.0036"
"54.8800","-27.4104","-0.0035"
"54.9000","-27.4196","-0.0035"
"54.9200","-27.4289","-0.0035"
"54.9400","-27.4389","-0.0035"
"54.9600","-27.4497","-0.0035"
"54.9800","-27.4600","-0.0035"
"55.0000","-27.4694","-0.0034"
"55.0200","-27.4787","-0.0034"
"55.0400","-27.4888","-0.0034"
"55.0600","-27.4999","-0.0034"
"55.0800","-27.5108","-0.0034"
"55.1000","-27.5206","-0.0033"
"55.1200","-27.5300","-0.0033"
"55.1400","-27.5397","-0.0033"
"55.1600","-27.5501","-0.0033"
"55.1800","-27.5607","-0.0033"
"55.2000","-27.5703","-0.0032"
"55.2200","-27.5795","-0.0032"
"55.2400","-27.5888","-0.0032"
"55.2600","-27.5989","-0.0031"
"55.2800","-27.6096","-0.0031"
"55.3000","-27.6201","-0.0031"
"55.3200","-27.6296","-0.0031"
"55.3400","-27.6389","-0.0030"
"55.3600","-27.6484","-0.0030"
"55.3800","-27.6591","-0.0029"
"55.4000","-27.6700","-0.0029"
"55.4200","-27.6802","-0.0028"
"55.4400","-27.6896","-0.0028"
"55.4600","-27.6991","-0.0027"
"55.4800","-27.7096","-0.0027"
"55.5000","-27.7206","-0.0026"
"55.5200","-27.7306","-0.0026"
"55.5400","-27.7397","-0.0025"
"55.5600","-27.7486","-0.0025"
"55.5800","-27.7582","-0.0024"
"55.6000","-27.7689","-0.0023"
"55.6200","-27.7796","-0.0021"
"55.6400","-27.7895","-0.0019"
"55.6600","-27.7991","-0.0016"
"55.6800","-27.8090","-0.0013"
"55.7000","-27.8197","-0.0009"
"55.7200","-27.8307","-0.0006"
"55.7400","-27.8408","-0.0004"
"55.7600","-27.8502","-0.0004"
"55.7800","-27.8596","-0.0003"
"55.8000","-27.8696","-0.0004"
"55.8200","-27.8804","-0.0004"
"55.8400","-27.8907","-0.0004"
"55.8600","-27.9000","-0.0004"
"55.8800","-27.9091","-0.0004"
"55.9000","-27.9187","-0.0004"
"55.9200","-27.9295","-0.0004"
"55.9400","-27.9401","-0.0004"
"55.9600","-27.9496","-0.0004"
"55.9800","-27.9587","-0.0004"
"56.0000","-27.9684","-0.0004"
"56.0200","-27.9790","-0.0004"
"56.0400","-27.9902","-0.0004"
"56.0600","-28.0004","-0.0005"
"56.0800","-28.0100","-0.0005"
"56.1000","-28.0196","-0.0005"
"56.1200","-28.0298","-0.0005"
"56.1400","-28.0405","-0.0005"
"56.1600","-28.0507","-0.0005"
"56.1800","-28.0601","-0.0005"
"56.2000","-28.0690","-0.0005"
"56.2200","-28.0784","-0.0006"
"56.2400","-28.0887","-0.0006"
"56.2600","-28.0996","-0.0006"
"56.2800","-28.1098","-0.0006"
"56.3000","-28.1192","-0.0006"
"56.3200","-28.1287","-0.0006"
"56.3400","-28.1391","-0.0006"
"56.3600","-28.1502","-0.0006"
"56.3800","-28.1605","-0.0006"
"56.4000","-28.1700","-0.0005"
"56.4200","-28.1795","-0.0005"
"56.4400","-28.1895","-0.0005"
"56.4600","-28.2003","-0.0005"
"56.4800","-28.2108","-0.0005"
"56.5000","-28.2204","-0.0006"
"56.5200","-28.2295","-0.0005"
"56.5400","-28.2388","-0.0005"
"56.5600","-28.2490","-0.0005"
"56.5800","-28.2599","-0.0005"
"56.6000","-28.2701","-0.0005"
"56.6200","-28.2795","-0.0005"
"56.6400","-28.2887","-0.0005"
"56.6600","-28.2986","-0.0005"
"56.6800","-28.3097","-0.0005"
"56.7000","-28.3207","-0.0005"
"56.7200","-28.3305","-0.0005"
"56.7400","-28.3398","-0.0005"
"56.7600","-28.3495","-0.0005"
"56.7800","-28.3600","-0.0005"
"56.8000","-28.3706","-0.0005"
"56.8200","-28.3801","-0.0005"
"56.8400","-28.3891","-0.0005"
"56.8600","-28.3983","-0.0005"
"56.8800","-28.4086","-0.0005"
"56.9000","-28.4197","-0.0005"
"56.9200","-28.4301","-0.0005"
"56.9400","-28.4397","-0.0005"
"56.9600","-28.4491","-0.0005"
"56.9800","-28.4590","-0.0005"
"57.0000","-28.4698","-0.0005"
"57.0200","-28.4806","-0.0005"
"57.0400","-28.4905","-0.0005"
"57.0600","-28.5000","-0.0005"
"57.0800","-28.5096","-0.0005"
"57.1000","-28.5202","-0.0005"
"57.1200","-28.5312","-0.0005"
"57.1400","-28.5410","-0.0005"
"57.1600","-28.5499","-0.0005"
"57.1800","-28.5589","-0.0005"
"57.2000","-28.5687","-0.0005"
"57.2200","-28.5796","-0.0005"
"57.2400","-28.5903","-0.0005"
"57.2600","-28.5999","-0.0006"
"57.2800","-28.6092","-0.0006"
"57.3000","-28.6190","-0.0006"
"57.3200","-28.6296","-0.0006"
"57.3400","-28.6403","-0.0005"
"57.3600","-28.6501","-0.0006"
"57.3800","-28.6595","-0.0006"
"57.4000","-28.6692","-0.0006"
"57.4200","-28.6796","-0.0006"
"57.4400","-28.6905","-0.0006"
"57.4600","-28.7007","-0.0006"
"57.4800","-28.7100","-0.0006"
"57.5000","-28.7190","-0.0006"
"57.5200","-28.7286","-0.0006"
"57.5400","-28.7393","-0.0006"
"57.5600","-28.7500","-0.0007"
"57.5800","-28.7598","-0.0007"
"57.6000","-28.7691","-0.0007"
"57.6200","-28.7787","-0.0007"
"57.6400","-28.7894","-0.0007"
"57.6600","-28.8004","-0.0007"
"57.6800","-28.8106","-0.0007"
"57.7000","-28.8201","-0.0007"
"57.7200","-28.8298","-0.0007"
"57.7400","-28.8400","-0.0007"
"57.7600","-28.8506","-0.0007"
"57.7800","-28.8607","-0.0008"
"57.8000","-28.8701","-0.0008"
"57.8200","-28.8794","-0.0008"
"57.8400","-28.8890","-0.0008"
"57.8600","-28.8995","-0.0008"
"57.8800","-28.9102","-0.0008"
"57.9000","-28.9202","-0.0008"
"57.9200","-28.9296","-0.0008"
"57.9400","-28.9390","-0.0008"
"57.9600","-28.9492","-0.0008"
"57.9800","-28.9603","-0.0008"
"58.0000","-28.9706","-0.0008"
"58.0200","-28.9801","-0.0009"
"58.0400","-28.9894","-0.0009"
"58.0600","-28.9994","-0.0009"
"58.0800","-29.0103","-0.0009"
"58.1000","-29.0209","-0.0009"
"58.1200","-29.0303","-0.0009"
"58.1400","-29.0394","-0.0009"
"58.1600","-29.0488","-0.0009"
"58.1800","-29.0591","-0.0009"
"58.2000","-29.0698","-0.0009"
"58.2200","-29.0799","-0.0009"
"58.2400","-29.0894","-0.0009"
"58.2600","-29.0991","-0.0009"
"58.2800","-29.1095","-0.0010"
"58.3000","-29.1204","-0.0010"
"58.3200","-29.1309","-0.0010"
"58.3400","-29.1403","-0.0010"
"58.3600","-29.1494","-0.0010"
"58.3800","-29.1590","-0.0010"
"58.4000","-29.1696","-0.0010"
"58.4200","-29.1806","-0.0010"
"58.4400","-29.1904","-0.0010"
"58.4600","-29.1996","-0.0010"
"58.4800","-29.2089","-0.0010"
"58.5000","-29.2191","-0.0011"
"58.5200","-29.2298","-0.0011"
"58.5400","-29.2399","-0.0011"
"58.5600","-29.2492","-0.0011"
"58.5800","-29.2585","-0.0011"
"58.6000","-29.2688","-0.0011"
"58.6200","-29.2799","-0.0011"
"58.6400","-29.2907","-0.0011"
"58.6600","-29.3004","-0.0012"
"58.6800","-29.3097","-0.0012"
"58.7000","-29.3195","-0.0012"
"58.7200","-29.3300","-0.0012"
"58.7400","-29.3405","-0.0012"
"58.7600","-29.3503","-0.0012"
"58.7800","-29.3594","-0.0012"
"58.8000","-29.3686","-0.0012"
"58.8200","-29.3786","-0.0012"
"58.8400","-29.3896","-0.0012"
"58.8600","-29.4001","-0.0012"
"58.8800","-29.4096","-0.0012"
"58.9000","-29.4188","-0.0012"
"58.9200","-29.4287","-0.0012"
"58.9400","-29.4397","-0.0012"
"58.9600","-29.4505","-0.0013"
"58.9800","-29.4602","-0.0013"
"59.0000","-29.4694","-0.0013"
"59.0200","-29.4791","-0.0013"
"59.0400","-29.4896","-0.0013"
"59.0600","-29.5004","-0.0013"
"59.0800","-29.5104","-0.0013"
"59.1000","-29.5198","-0.0013"
"59.1200","-29.5291","-0.0014"
"59.1400","-29.5389","-0.0014"
"59.1600","-29.5494","-0.0014"
"59.1800","-29.5597","-0.0014"
"59.2000","-29.5692","-0.0014"
"59.2200","-29.5786","-0.0014"
"59.2400","-29.5883","-0.0014"
"59.2600","-29.5990","-0.0015"
"59.2800","-29.6103","-0.0015"
"59.3000","-29.6206","-0.0015"
"59.3200","-29.6300","-0.0015"
"59.3400","-29.6393","-0.0015"
"59.3600","-29.6495","-0.0015"
"59.3800","-29.6603","-0.0015"
"59.4000","-29.6703","-0.0016"
"59.4200","-29.6794","-0.0016"
"59.4400","-29.6886","-0.0016"
"59.4600","-29.6984","-0.0016"
"59.4800","-29.7093","-0.0016"
"59.5000","-29.7201","-0.0016"
"59.5200","-29.7298","-0.0017"
"59.5400","-29.7390","-0.0017"
"59.5600","-29.7486","-0.0017"
"59.5800","-29.7590","-0.0017"
"59.6000","-29.7701","-0.0017"
"59.6200","-29.7805","-0.0017"
"59.6400","-29.7902","-0.0017"
"59.6600","-29.7997","-0.0018"
"59.6800","-29.8098","-0.0018"
"59.7000","-29.8207","-0.0018"
"59.7200","-29.8310","-0.0018"
"59.7400","-29.8404","-0.0018"
"59.7600","-29.8493","-0.0018"
"59.7800","-29.8588","-0.0018"
"59.8000","-29.8693","-0.0019"
"59.8200","-29.8800","-0.0019"
"59.8400","-29.8897","-0.0019"
"59.8600","-29.8988","-0.0019"
"59.8800","-29.9084","-0.0019"
"59.9000","-29.9191","-0.0019"
"59.9200","-29.9304","-0.0019"
"59.9400","-29.9408","-0.0019"
"59.9600","-29.9501","-0.0020"
"59.9800","-29.9594","-0.0020"
"60.0000","-29.9692","-0.0020"
"60.0200","-29.9798","-0.0020"
"60.0400","-29.9904","-0.0020"
"60.0600","-30.0001","-0.0020"
"60.0800","-30.0093","-0.0020"
"60.1000","-30.0186","-0.0021"
"60.1200","-30.0288","-0.0021"
"60.1400","-30.0397","-0.0021"
"60.1600","-30.0500","-0.0021"
"60.1800","-30.0593","-0.0021"
"60.2000","-30.0687","-0.0021"
"60.2200","-30.0788","-0.0022"
"60.2400","-30.0899","-0.0022"
"60.2600","-30.1005","-0.0022"
"60.2800","-30.1101","-0.0022"
"60.3000","-30.1196","-0.0022"
"60.3200","-30.1296","-0.0022"
"60.3400","-30.1404","-0.0023"
"60.3600","-30.1509","-0.0023"
"60.3800","-30.1605","-0.0023"
"60.4000","-30.1696","-0.0023"
"60.4200","-30.1789","-0.0023"
"60.4400","-30.1888","-0.0023"
"60.4600","-30.1996","-0.0023"
"60.4800","-30.2099","-0.0024"
"60.5000","-30.2194","-0.0024"
"60.5200","-30.2289","-0.0024"
"60.5400","-30.2390","-0.0024"
"60.5600","-30.2499","-0.0024"
"60.5800","-30.2605","-0.0024"
"60.6000","-30.2702","-0.0024"
"60.6200","-30.2793","-0.0024"
"60.6400","-30.2889","-0.0025"
"60.6600","-30.2995","-0.0025"
"60.6800","-30.3106","-0.0025"
"60.7000","-30.3207","-0.0025"
"60.7200","-30.3298","-0.0025"
"60.7400","-30.3391","-0.0025"
"60.7600","-30.3491","-0.0025"
"60.7800","-30.3597","-0.0026"
"60.8000","-30.3698","-0.0026"
"60.8200","-30.3792","-0.0026"
"60.8400","-30.3887","-0.0026"
"60.8600","-30.3988","-0.0026"
"60.8800","-30.4097","-0.0026"
"60.9000","-30.4208","-0.0026"
"60.9200","-30.4310","-0.0027"
"60.9400","-30.4405","-0.0027"
"60.9600","-30.4498","-0.0027"
"60.9800","-30.4598","-0.0027"
"61.0000","-30.4705","-0.0027"
"61.0200","-30.4806","-0.0027"
"61.0400","-30.4898","-0.0027"
"61.0600","-30.4990","-0.0028"
"61.0800","-30.5089","-0.0028"
"61.1000","-30.5198","-0.0028"
"61.1200","-30.5304","-0.0028"
"61.1400","-30.5399","-0.0028"
"61.1600","-30.5490","-0.0028"
"61.1800","-30.5587","-0.0028"
"61.2000","-30.5694","-0.0029"
"61.2200","-30.5805","-0.0029"
"61.2400","-30.5907","-0.0029"
"61.2600","-30.6002","-0.0029"
"61.2800","-30.6098","-0.0029"
"61.3000","-30.6199","-0.0029"
"61.3200","-30.6306","-0.0030"
"61.3400","-30.6408","-0.0030"
"61.3600","-30.6500","-0.0030"
"61.3800","-30.6589","-0.0030"
"61.4000","-30.6683","-0.0030"
"61.4200","-30.6791","-0.0030"
"61.4400","-30.6900","-0.0031"
"61.4600","-30.6999","-0.0031"
"61.4800","-30.7092","-0.0031"
"61.5000","-30.7188","-0.0031"
"61.5200","-30.7294","-0.0031"
"61.5400","-30.7407","-0.0031"
"61.5600","-30.7508","-0.0032"
"61.5800","-30.7601","-0.0032"
"61.6000","-30.7695","-0.0032"
"61.6200","-30.7795","-0.0032"
"61.6400","-30.7903","-0.0032"
"61.6600","-30.8007","-0.0032"
"61.6800","-30.8102","-0.0032"
"61.7000","-30.8196","-0.0033"
"61.7200","-30.8293","-0.0033"
"61.7400","-30.8396","-0.0033"
"61.7600","-30.8502","-0.0033"
"61.7800","-30.8600","-0.0033"
"61.8000","-30.8692","-0.0033"
"61.8200","-30.8786","-0.0033"
"61.8400","-30.8889","-0.0034"
"61.8600","-30.9002","-0.0034"
"61.8800","-30.9110","-0.0034"
"61.9000","-30.9206","-0.0034"
"61.9200","-30.9298","-0.0034"
"61.9400","-30.9395","-0.0034"
"61.9600","-30.9501","-0.0034"
"61.9800","-30.9606","-0.0035"
"62.0000","-30.9701","-0.0035"
"62.0200","-30.9792","-0.0035"
"62.0400","-30.9888","-0.0035"
"62.0600","-30.9993","-0.0035"
"62.0800","-31.0102","-0.0035"
"62.1000","-31.0203","-0.0035"
"62.1200","-31.0297","-0.0035"
"62.1400","-31.0390","-0.0035"
"62.1600","-31.0489","-0.0035"
"62.1800","-31.0596","-0.0036"
"62.2000","-31.0702","-0.0036"
"62.2200","-31.0801","-0.0036"
"62.2400","-31.0897","-0.0036"
"62.2600","-31.0996","-0.0036"
"62.2800","-31.1102","-0.0036"
"62.3000","-31.1211","-0.0037"
"62.3200","-31.1309","-0.0037"
"62.3400","-31.1400","-0.0037"
"62.3600","-31.1491","-0.0037"
"62.3800","-31.1591","-0.0037"
"62.4000","-31.1698","-0.0037"
"62.4200","-31.1799","-0.0037"
"62.4400","-31.1893","-0.0038"
"62.4600","-31.1987","-0.0038"
"62.4800","-31.2089","-0.0038"
"62.5000","-31.2200","-0.0038"
"62.5200","-31.2309","-0.0038"
"62.5400","-31.2406","-0.0038"
"62.5600","-31.2498","-0.0039"
"62.5800","-31.2593","-0.0039"
"62.6000","-31.2695","-0.0039"
"62.6200","-31.2802","-0.0039"
"62.6400","-31.2903","-0.0039"
"62.6600","-31.2997","-0.0039"
"62.6800","-31.3090","-0.0040"
"62.7000","-31.3189","-0.0040"
"62.7200","-31.3297","-0.0040"
"62.7400","-31.3402","-0.0040"
"62.7600","-31.3496","-0.0040"
"62.7800","-31.3587","-0.0040"
"62.8000","-31.3684","-0.0041"
"62.8200","-31.3793","-0.0041"
"62.8400","-31.3905","-0.0041"
"62.8600","-31.4005","-0.0041"
"62.8800","-31.4098","-0.0041"
"62.9000","-31.4194","-0.0041"
"62.9200","-31.4297","-0.0041"
"62.9400","-31.4405","-0.0042"
"62.9600","-31.4505","-0.0042"
"62.9800","-31.4597","-0.0042"
"63.0000","-31.4689","-0.0042"
"63.0200","-31.4786","-0.0042"
"63.0400","-31.4891","-0.0042"
"63.0600","-31.4997","-0.0042"
"63.0800","-31.5095","-0.0043"
"63.1000","-31.5188","-0.0043"
"63.1200","-31.5284","-0.0043"
"63.1400","-31.5389","-0.0043"
"63.1600","-31.5499","-0.0043"
"63.1800","-31.5601","-0.0043"
"63.2000","-31.5694","-0.0043"
"63.2200","-31.5789","-0.0044"
"63.2400","-31.5891","-0.0044"
"63.2600","-31.6000","-0.0044"
"63.2800","-31.6104","-0.0044"
"63.3000","-31.6197","-0.0044"
"63.3200","-31.6288","-0.0044"
"63.3400","-31.6384","-0.0044"
"63.3600","-31.6490","-0.0045"
"63.3800","-31.6596","-0.0045"
"63.4000","-31.6695","-0.0045"
"63.4200","-31.6789","-0.0045"
"63.4400","-31.6886","-0.0045"
"63.4600","-31.6991","-0.0046"
"63.4800","-31.7103","-0.0046"
"63.5000","-31.7208","-0.0046"
"63.5200","-31.7304","-0.0046"
"63.5400","-31.7397","-0.0046"
"63.5600","-31.7494","-0.0047"
"63.5800","-31.7600","-0.0047"
"63.6000","-31.7705","-0.0047"
"63.6200","-31.7800","-0.0047"
"63.6400","-31.7890","-0.0047"
"63.6600","-31.7984","-0.0048"
"63.6800","-31.8090","-0.0048"
"63.7000","-31.8200","-0.0048"
"63.7200","-31.8300","-0.0048"
"63.7400","-31.8393","-0.0049"
"63.7600","-31.8487","-0.0049"
"63.7800","-31.8590","-0.0049"
"63.8000","-31.8699","-0.0049"
"63.8200","-31.8803","-0.0049"
"63.8400","-31.8899","-0.0050"
"63.8600","-31.8994","-0.0050"
"63.8800","-31.9094","-0.0050"
"63.9000","-31.9200","-0.0050"
"63.9200","-31.9305","-0.0050"
"63.9400","-31.9402","-0.0051"
"63.9600","-31.9492","-0.0051"
"63.9800","-31.9584","-0.0051"
"64.0000","-31.9684","-0.0051"
"64.0200","-31.9795","-0.0051"
"64.0400","-31.9899","-0.0052"
"64.0600","-31.9994","-0.0052"
"64.0800","-32.0087","-0.0052"
"64.1000","-32.0188","-0.0052"
"64.1200","-32.0299","-0.0053"
"64.1400","-32.0407","-0.0053"
"64.1600","-32.0502","-0.0053"
"64.1800","-32.0595","-0.0053"
"64.2000","-32.0692","-0.0053"
"64.2200","-32.0798","-0.0054"
"64.2400","-32.0906","-0.0054"
"64.2600","-32.1003","-0.0054"
"64.2800","-32.1096","-0.0054"
"64.3000","-32.1190","-0.0054"
"64.3200","-32.1291","-0.0055"
"64.3400","-32.1398","-0.0055"
"64.3600","-32.1501","-0.0055"
"64.3800","-32.1594","-0.0055"
"64.4000","-32.1685","-0.0055"
"64.4200","-32.1781","-0.0056"
"64.4400","-32.1889","-0.0056"
"64.4600","-32.2001","-0.0056"
"64.4800","-32.2103","-0.0056"
"64.5000","-32.2198","-0.0056"
"64.5200","-32.2294","-0.0057"
"64.5400","-32.2397","-0.0057"
"64.5600","-32.2505","-0.0057"
"64.5800","-32.2604","-0.0057"
"64.6000","-32.2695","-0.0057"
"64.6200","-32.2786","-0.0058"
"64.6400","-32.2885","-0.0058"
"64.6600","-32.2992","-0.0058"
"64.6800","-32.3097","-0.0058"
"64.7000","-32.3195","-0.0058"
"64.7200","-32.3289","-0.0059"
"64.7400","-32.3388","-0.0059"
"64.7600","-32.3495","-0.0059"
"64.7800","-32.3606","-0.0059"
"64.8000","-32.3707","-0.0059"
"64.8200","-32.3801","-0.0060"
"64.8400","-32.3894","-0.0060"
"64.8600","-32.3996","-0.0060"
"64.8800","-32.4107","-0.0060"
"64.9000","-32.4211","-0.0060"
"64.9200","-32.4304","-0.0061"
"64.9400","-32.4394","-0.0061"
"64.9600","-32.4489","-0.0061"
"64.9800","-32.4595","-0.0061"
"65.0000","-32.4701","-0.0061"
"65.0200","-32.4796","-0.0061"
"65.0400","-32.4888","-0.0062"
"65.0600","-32.4986","-0.0062"
"65.0800","-32.5094","-0.0062"
"65.1000","-32.5207","-0.0062"
"65.1200","-32.5309","-0.0062"
"65.1400","-32.5403","-0.0063"
"65.1600","-32.5497","-0.0063"
"65.1800","-32.5597","-0.0063"
"65.2000","-32.5702","-0.0063"
"65.2200","-32.5804","-0.0063"
"65.2400","-32.5898","-0.0063"
"65.2600","-32.5989","-0.0063"
"65.2800","-32.6085","-0.0064"
"65.3000","-32.6192","-0.0064"
"65.3200","-32.6301","-0.0064"
"65.3400","-32.6400","-0.0064"
"65.3600","-32.6491","-0.0065"
"65.3800","-32.6583","-0.0065"
"65.4000","-32.6687","-0.0065"
"65.4200","-32.6800","-0.0065"
"65.4400","-32.6906","-0.0065"
"65.4600","-32.7002","-0.0066"
"65.4800","-32.7097","-0.0066"
"65.5000","-32.7198","-0.0066"
"65.5200","-32.7306","-0.0066"
"65.5400","-32.7410","-0.0066"
"65.5600","-32.7503","-0.0067"
"65.5800","-32.7594","-0.0067"
"65.6000","-32.7687","-0.0067"
"65.6200","-32.7788","-0.0067"
"65.6400","-32.7897","-0.0067"
"65.6600","-32.8001","-0.0068"
"65.6800","-32.8097","-0.0068"
"65.7000","-32.8191","-0.0068"
"65.7200","-32.8292","-0.0068"
"65.7400","-32.8402","-0.0068"
"65.7600","-32.8508","-0.0069"
"65.7800","-32.8602","-0.0069"
"65.8000","-32.8694","-0.0069"
"65.8200","-32.8793","-0.0069"
"65.8400","-32.8903","-0.0069"
"65.8600","-32.9011","-0.0069"
"65.8800","-32.9106","-0.0070"
"65.9000","-32.9194","-0.0070"
"65.9200","-32.9286","-0.0070"
"65.9400","-32.9387","-0.0070"
"65.9600","-32.9495","-0.0070"
"65.9800","-32.9597","-0.0071"
"66.0000","-32.9692","-0.0071"
"66.0200","-32.9787","-0.0071"
"66.0400","-32.9889","-0.0071"
"66.0600","-33.0000","-0.0071"
"66.0800","-33.0109","-0.0072"
"66.1000","-33.0209","-0.0072"
"66.1200","-33.0303","-0.0072"
"66.1400","-33.0398","-0.0072"
"66.1600","-33.0501","-0.0072"
"66.1800","-33.0607","-0.0073"
"66.2000","-33.0705","-0.0073"
"66.2200","-33.0796","-0.0073"
"66.2400","-33.0888","-0.0073"
"66.2600","-33.0988","-0.0073"
"66.2800","-33.1098","-0.0073"
"66.3000","-33.1204","-0.0074"
"66.3200","-33.1298","-0.0074"
"66.3400","-33.1390","-0.0074"
"66.3600","-33.1488","-0.0074"
"66.3800","-33.1595","-0.0074"
"66.4000","-33.1704","-0.0075"
"66.4200","-33.1803","-0.0075"
"66.4400","-33.1898","-0.0075"
"66.4600","-33.1994","-0.0075"
"66.4800","-33.2097","-0.0075"
"66.5000","-33.2205","-0.0076"
"66.5200","-33.2307","-0.0076"
"66.5400","-33.2399","-0.0076"
"66.5600","-33.2488","-0.0076"
"66.5800","-33.2583","-0.0076"
"66.6000","-33.2690","-0.0076"
"66.6200","-33.2798","-0.0077"
"66.6400","-33.2896","-0.0077"
"66.6600","-33.2989","-0.0077"
"66.6800","-33.3086","-0.0077"
"66.7000","-33.3194","-0.0076"
"66.7200","-33.3306","-0.0075"
"66.7400","-33.3407","-0.0074"
"66.7600","-33.3500","-0.0074"
"66.7800","-33.3594","-0.0074"
"66.8000","-33.3697","-0.0074"
"66.8200","-33.3806","-0.0073"
"66.8400","-33.3907","-0.0073"
"66.8600","-33.4001","-0.0073"
"66.8800","-33.4093","-0.0074"
"66.9000","-33.4189","-0.0074"
"66.9200","-33.4294","-0.0074"
"66.9400","-33.4400","-0.0075"
"66.9600","-33.4498","-0.0075"
"66.9800","-33.4591","-0.0075"
"67.0000","-33.4686","-0.0075"
"67.0200","-33.4789","-0.0076"
"67.0400","-33.4900","-0.0076"
"67.0600","-33.5005","-0.0076"
"67.0800","-33.5100","-0.0076"
"67.1000","-33.5195","-0.0076"
"67.1200","-33.5296","-0.0077"
"67.1400","-33.5404","-0.0077"
"67.1600","-33.5507","-0.0077"
"67.1800","-33.5599","-0.0077"
"67.2000","-33.5688","-0.0078"
"67.2200","-33.5784","-0.0078"
"67.2400","-33.5891","-0.0078"
"67.2600","-33.6000","-0.0078"
"67.2800","-33.6100","-0.0079"
"67.3000","-33.6195","-0.0079"
"67.3200","-33.6291","-0.0079"
"67.3400","-33.6393","-0.0079"
"67.3600","-33.6501","-0.0079"
"67.3800","-33.6605","-0.0080"
"67.4000","-33.6702","-0.0080"
"67.4200","-33.6796","-0.0080"
"67.4400","-33.6894","-0.0080"
"67.4600","-33.7001","-0.0081"
"67.4800","-33.7108","-0.0081"
"67.5000","-33.7205","-0.0081"
"67.5200","-33.7295","-0.0081"
"67.5400","-33.7387","-0.0081"
"67.5600","-33.7487","-0.0082"
"67.5800","-33.7594","-0.0082"
"67.6000","-33.7695","-0.0082"
"67.6200","-33.7790","-0.0082"
"67.6400","-33.7887","-0.0082"
"67.6600","-33.7991","-0.0083"
"67.6800","-33.8102","-0.0083"
"67.7000","-33.8207","-0.0083"
"67.7200","-33.8303","-0.0084"
"67.7400","-33.8397","-0.0084"
"67.7600","-33.8493","-0.0084"
"67.7800","-33.8597","-0.0084"
"67.8000","-33.8703","-0.0084"
"67.8200","-33.8801","-0.0085"
"67.8400","-33.8893","-0.0085"
"67.8600","-33.8986","-0.0085"
"67.8800","-33.9087","-0.0085"
"67.9000","-33.9197","-0.0086"
"67.9200","-33.9302","-0.0086"
"67.9400","-33.9396","-0.0086"
"67.9600","-33.9488","-0.0086"
"67.9800","-33.9587","-0.0087"
"68.0000","-33.9698","-0.0087"
"68.0200","-33.9806","-0.0087"
"68.0400","-33.9904","-0.0087"
"68.0600","-33.9998","-0.0088"
"68.0800","-34.0096","-0.0088"
"68.1000","-34.0203","-0.0088"
"68.1200","-34.0310","-0.0088"
"68.1400","-34.0407","-0.0089"
"68.1600","-34.0498","-0.0089"
"68.1800","-34.0591","-0.0089"
"68.2000","-34.0689","-0.0089"
"68.2200","-34.0795","-0.0089"
"68.2400","-34.0900","-0.0090"
"68.2600","-34.0998","-0.0090"
"68.2800","-34.1092","-0.0090"
"68.3000","-34.1190","-0.0090"
"68.3200","-34.1297","-0.0091"
"68.3400","-34.1406","-0.0091"
"68.3600","-34.1505","-0.0091"
"68.3800","-34.1597","-0.0091"
"68.4000","-34.1692","-0.0092"
"68.4200","-34.1796","-0.0092"
"68.4400","-34.1906","-0.0092"
"68.4600","-34.2006","-0.0092"
"68.4800","-34.2097","-0.0092"
"68.5000","-34.2188","-0.0093"
"68.5200","-34.2287","-0.0093"
"68.5400","-34.2393","-0.0093"
"68.5600","-34.2496","-0.0093"
"68.5800","-34.2592","-0.0094"
"68.6000","-34.2688","-0.0094"
"68.6200","-34.2788","-0.0094"
"68.6400","-34.2895","-0.0094"
"68.6600","-34.3006","-0.0095"
"68.6800","-34.3109","-0.0095"
"68.7000","-34.3204","-0.0095"
"68.7200","-34.3298","-0.0095"
"68.7400","-34.3397","-0.0096"
"68.7600","-34.3504","-0.0096"
"68.7800","-34.3606","-0.0096"
"68.8000","-34.3698","-0.0096"
"68.8200","-34.3789","-0.0097"
"68.8400","-34.3885","-0.0097"
"68.8600","-34.3993","-0.0097"
"68.8800","-34.4101","-0.0097"
"68.9000","-34.4198","-0.0098"
"68.9200","-34.4289","-0.0098"
"68.9400","-34.4385","-0.0098"
"68.9600","-34.4490","-0.0098"
"68.9800","-34.4600","-0.0099"
"69.0000","-34.4703","-0.0099"
"69.0200","-34.4797","-0.0099"
"69.0400","-34.4891","-0.0099"
"69.0600","-34.4991","-0.0100"
"69.0800","-34.5100","-0.0100"
"69.1000","-34.5207","-0.0100"
"69.1200","-34.5303","-0.0100"
"69.1400","-34.5393","-0.0100"
"69.1600","-34.5484","-0.0101"
"69.1800","-34.5587","-0.0101"
"69.2000","-34.5696","-0.0101"
"69.2200","-34.5798","-0.0101"
"69.2400","-34.5892","-0.0102"
"69.2600","-34.5987","-0.0102"
"69.2800","-34.6093","-0.0102"
"69.3000","-34.6208","-0.0102"
"69.3200","-34.6313","-0.0103"
"69.3400","-34.6406","-0.0103"
"69.3600","-34.6496","-0.0103"
"69.3800","-34.6593","-0.0103"
"69.4000","-34.6700","-0.0104"
"69.4200","-34.6807","-0.0104"
"69.4400","-34.6903","-0.0104"
"69.4600","-34.6996","-0.0104"
"69.4800","-34.7092","-0.0105"
"69.5000","-34.7194","-0.0105"
"69.5200","-34.7302","-0.0105"
"69.5400","-34.7402","-0.0105"
"69.5600","-34.7494","-0.0106"
"69.5800","-34.7586","-0.0106"
"69.6000","-34.7686","-0.0106"
"69.6200","-34.7797","-0.0106"
"69.6400","-34.7906","-0.0107"
"69.6600","-34.8004","-0.0107"
"69.6800","-34.8097","-0.0107"
"69.7000","-34.8195","-0.0107"
"69.7200","-34.8302","-0.0108"
"69.7400","-34.8408","-0.0108"
"69.7600","-34.8504","-0.0108"
"69.7800","-34.8593","-0.0108"
"69.8000","-34.8685","-0.0109"
"69.8200","-34.8788","-0.0109"
"69.8400","-34.8898","-0.0109"
"69.8600","-34.9003","-0.0109"
"69.8800","-34.9099","-0.0110"
"69.9000","-34.9195","-0.0110"
"69.9200","-34.9294","-0.0110"
"69.9400","-34.9400","-0.0110"
"69.9600","-34.9506","-0.0111"
"69.9800","-34.9603","-0.0111"
"70.0000","-34.9696","-0.0111"
"70.0200","-34.9791","-0.0111"
"70.0400","-34.9895","-0.0112"
"70.0600","-35.0005","-0.0112"
"70.0800","-35.0107","-0.0112"
"70.1000","-35.0200","-0.0112"
"70.1200","-35.0292","-0.0113"
"70.1400","-35.0390","-0.0113"
"70.1600","-35.0498","-0.0113"
"70.1800","-35.0602","-0.0113"
"70.2000","-35.0695","-0.0114"
"70.2200","-35.0787","-0.0114"
"70.2400","-35.0886","-0.0114"
"70.2600","-35.0997","-0.0114"
"70.2800","-35.1109","-0.0115"
"70.3000","-35.1209","-0.0115"
"70.3200","-35.1302","-0.0115"
"70.3400","-35.1395","-0.0115"
"70.3600","-35.1494","-0.0116"
"70.3800","-35.1600","-0.0116"
"70.4000","-35.1703","-0.0116"
"70.4200","-35.1797","-0.0116"
"70.4400","-35.1888","-0.0116"
"70.4600","-35.1985","-0.0117"
"70.4800","-35.2092","-0.0117"
"70.5000","-35.2201","-0.0117"
"70.5200","-35.2298","-0.0117"
"70.5400","-35.2389","-0.0117"
"70.5600","-35.2484","-0.0117"
"70.5800","-35.2590","-0.0117"
"70.6000","-35.2703","-0.0117"
"70.6200","-35.2807","-0.0116"
"70.6400","-35.2901","-0.0115"
"70.6600","-35.2996","-0.0114"
"70.6800","-35.3098","-0.0114"
"70.7000","-35.3207","-0.0115"
"70.7200","-35.3310","-0.0115"
"70.7400","-35.3402","-0.0115"
"70.7600","-35.3492","-0.0115"
"70.7800","-35.3587","-0.0115"
"70.8000","-35.3691","-0.0116"
"70.8200","-35.3798","-0.0116"
"70.8400","-35.3897","-0.0116"
"70.8600","-35.3990","-0.0116"
"70.8800","-35.4085","-0.0116"
"70.9000","-35.4189","-0.0116"
"70.9200","-35.4301","-0.0116"
"70.9400","-35.4407","-0.0116"
"70.9600","-35.4502","-0.0116"
"70.9800","-35.4595","-0.0116"
"71.0000","-35.4695","-0.0116"
"71.0200","-35.4803","-0.0116"
"71.0400","-35.4906","-0.0117"
"71.0600","-35.4999","-0.0117"
"71.0800","-35.5089","-0.0117"
"71.1000","-35.5185","-0.0117"
"71.1200","-35.5292","-0.0118"
"71.1400","-35.5401","-0.0118"
"71.1600","-35.5501","-0.0118"
"71.1800","-35.5594","-0.0118"
"71.2000","-35.5688","-0.0119"
"71.2200","-35.5790","-0.0119"
"71.2400","-35.5900","-0.0119"
"71.2600","-35.6008","-0.0120"
"71.2800","-35.6107","-0.0120"
"71.3000","-35.6202","-0.0120"
"71.3200","-35.6298","-0.0121"
"71.3400","-35.6401","-0.0121"
"71.3600","-35.6505","-0.0121"
"71.3800","-35.6600","-0.0121"
"71.4000","-35.6689","-0.0122"
"71.4200","-35.6781","-0.0122"
"71.4400","-35.6882","-0.0122"
"71.4600","-35.6992","-0.0123"
"71.4800","-35.7097","-0.0123"
"71.5000","-35.7193","-0.0123"
"71.5200","-35.7289","-0.0123"
"71.5400","-35.7391","-0.0124"
"71.5600","-35.7500","-0.0124"
"71.5800","-35.7606","-0.0124"
"71.6000","-35.7703","-0.0125"
"71.6200","-35.7796","-0.0125"
"71.6400","-35.7893","-0.0125"
"71.6600","-35.7998","-0.0125"
"71.6800","-35.8107","-0.0126"
"71.7000","-35.8206","-0.0126"
"71.7200","-35.8297","-0.0126"
"71.7400","-35.8386","-0.0127"
"71.7600","-35.8483","-0.0127"
"71.7800","-35.8591","-0.0127"
"71.8000","-35.8698","-0.0128"
"71.8200","-35.8795","-0.0128"
"71.8400","-35.8889","-0.0128"
"71.8600","-35.8988","-0.0128"
"71.8800","-35.9098","-0.0129"
"71.9000","-35.9208","-0.0129"
"71.9200","-35.9306","-0.0130"
"71.9400","-35.9397","-0.0130"
"71.9600","-35.9491","-0.0130"
"71.9800","-35.9593","-0.0130"
"72.0000","-35.9703","-0.0131"
"72.0200","-35.9805","-0.0131"
"72.0400","-35.9900","-0.0131"
"72.0600","-35.9994","-0.0132"
"72.0800","-36.0092","-0.0132"
"72.1000","-36.0198","-0.0132"
"72.1200","-36.0304","-0.0132"
"72.1400","-36.0401","-0.0133"
"72.1600","-36.0493","-0.0133"
"72.1800","-36.0588","-0.0133"
"72.2000","-36.0691","-0.0134"
"72.2200","-36.0801","-0.0134"
"72.2400","-36.0904","-0.0134"
"72.2600","-36.1000","-0.0134"
"72.2800","-36.1096","-0.0135"
"72.3000","-36.1199","-0.0135"
"72.3200","-36.1308","-0.0135"
"72.3400","-36.1408","-0.0136"
"72.3600","-36.1499","-0.0136"
"72.3800","-36.1588","-0.0136"
"72.4000","-36.1684","-0.0136"
"72.4200","-36.1790","-0.0137"
"72.4400","-36.1898","-0.0137"
"72.4600","-36.1999","-0.0138"
"72.4800","-36.2094","-0.0138"
"72.5000","-36.2191","-0.0138"
"72.5200","-36.2296","-0.0138"
"72.5400","-36.2406","-0.0139"
"72.5600","-36.2510","-0.0139"
"72.5800","-36.2605","-0.0139"
"72.6000","-36.2698","-0.0140"
"72.6200","-36.2796","-0.0140"
"72.6400","-36.2902","-0.0140"
"72.6600","-36.3007","-0.0141"
"72.6800","-36.3103","-0.0141"
"72.7000","-36.3195","-0.0141"
"72.7200","-36.3290","-0.0141"
"72.7400","-36.3395","-0.0142"
"72.7600","-36.3500","-0.0142"
"72.7800","-36.3595","-0.0142"
"72.8000","-36.3685","-0.0143"
"72.8200","-36.3781","-0.0143"
"72.8400","-36.3887","-0.0143"
"72.8600","-36.4001","-0.0144"
"72.8800","-36.4108","-0.0144"
"72.9000","-36.4204","-0.0144"
"72.9200","-36.4298","-0.0144"
"72.9400","-36.4395","-0.0145"
"72.9600","-36.4500","-0.0145"
"72.9800","-36.4606","-0.0145"
"73.0000","-36.4703","-0.0146"
"73.0200","-36.4793","-0.0146"
"73.0400","-36.4885","-0.0146"
"73.0600","-36.4987","-0.0147"
"73.0800","-36.5097","-0.0147"
"73.1000","-36.5202","-0.0147"
"73.1200","-36.5298","-0.0148"
"73.1400","-36.5391","-0.0148"
"73.1600","-36.5489","-0.0148"
"73.1800","-36.5596","-0.0148"
"73.2000","-36.5701","-0.0149"
"73.2200","-36.5797","-0.0149"
"73.2400","-36.5892","-0.0149"
"73.2600","-36.5992","-0.0150"
"73.2800","-36.6102","-0.0150"
"73.3000","-36.6211","-0.0150"
"73.3200","-36.6307","-0.0151"
"73.3400","-36.6398","-0.0151"
"73.3600","-36.6490","-0.0151"
"73.3800","-36.6590","-0.0152"
"73.4000","-36.6696","-0.0152"
"73.4200","-36.6799","-0.0152"
"73.4400","-36.6894","-0.0153"
"73.4600","-36.6987","-0.0153"
"73.4800","-36.7087","-0.0153"
"73.5000","-36.7198","-0.0154"
"73.5200","-36.7309","-0.0154"
"73.5400","-36.7408","-0.0154"
"73.5600","-36.7498","-0.0155"
"73.5800","-36.7592","-0.0155"
"73.6000","-36.7695","-0.0155"
"73.6200","-36.7804","-0.0156"
"73.6400","-36.7904","-0.0156"
"73.6600","-36.7995","-0.0156"
"73.6800","-36.8086","-0.0157"
"73.7000","-36.8187","-0.0157"
"73.7200","-36.8296","-0.0157"
"73.7400","-36.8401","-0.0158"
"73.7600","-36.8496","-0.0158"
"73.7800","-36.8589","-0.0158"
"73.8000","-36.8685","-0.0159"
"73.8200","-36.8792","-0.0159"
"73.8400","-36.8903","-0.0159"
"73.8600","-36.9006","-0.0160"
"73.8800","-36.9101","-0.0160"
"73.9000","-36.9197","-0.0160"
"73.9200","-36.9299","-0.0161"
"73.9400","-36.9407","-0.0161"
"73.9600","-36.9507","-0.0161"
"73.9800","-36.9598","-0.0162"
"74.0000","-36.9689","-0.0162"
"74.0200","-36.9786","-0.0162"
"74.0400","-36.9894","-0.0162"
"74.0600","-37.0001","-0.0163"
"74.0800","-37.0097","-0.0163"
"74.1000","-37.0191","-0.0163"
"74.1200","-37.0290","-0.0164"
"74.1400","-37.0398","-0.0164"
"74.1600","-37.0507","-0.0164"
"74.1800","-37.0606","-0.0165"
"74.2000","-37.0699","-0.0165"
"74.2200","-37.0793","-0.0165"
"74.2400","-37.0894","-0.0166"
"74.2600","-37.1003","-0.0166"
"74.2800","-37.1107","-0.0166"
"74.3000","-37.1202","-0.0167"
"74.3200","-37.1293","-0.0167"
"74.3400","-37.1386","-0.0167"
"74.3600","-37.1490","-0.0168"
"74.3800","-37.1598","-0.0168"
"74.4000","-37.1697","-0.0169"
"74.4200","-37.1791","-0.0169"
"74.4400","-37.1886","-0.0169"
"74.4600","-37.1991","-0.0170"
"74.4800","-37.2103","-0.0170"
"74.5000","-37.2208","-0.0170"
"74.5200","-37.2302","-0.0171"
"74.5400","-37.2395","-0.0171"
"74.5600","-37.2493","-0.0171"
"74.5800","-37.2600","-0.0172"
"74.6000","-37.2705","-0.0172"
"74.6200","-37.2801","-0.0172"
"74.6400","-37.2894","-0.0173"
"74.6600","-37.2989","-0.0173"
"74.6800","-37.3092","-0.0173"
"74.7000","-37.3200","-0.0174"
"74.7200","-37.3302","-0.0174"
"74.7400","-37.3396","-0.0174"
"74.7600","-37.3490","-0.0175"
"74.7800","-37.3591","-0.0175"
"74.8000","-37.3701","-0.0175"
"74.8200","-37.3808","-0.0176"
"74.8400","-37.3904","-0.0176"
"74.8600","-37.3997","-0.0176"
"74.8800","-37.4096","-0.0177"
"74.9000","-37.4204","-0.0177"
"74.9200","-37.4311","-0.0177"
"74.9400","-37.4404","-0.0178"
"74.9600","-37.4492","-0.0178"
"74.9800","-37.4584","-0.0178"
"75.0000","-37.4686","-0.0179"
"75.0200","-37.4794","-0.0179"
"75.0400","-37.4896","-0.0180"
"75.0600","-37.4991","-0.0180"
"75.0800","-37.5087","-0.0180"
"75.1000","-37.5189","-0.0181"
"75.1200","-37.5301","-0.0181"
"75.1400","-37.5410","-0.0182"
"75.1600","-37.5508","-0.0182"
"75.1800","-37.5601","-0.0182"
"75.2000","-37.5695","-0.0182"
"75.2200","-37.5800","-0.0183"
"75.2400","-37.5907","-0.0183"
"75.2600","-37.6006","-0.0184"
"75.2800","-37.6098","-0.0184"
"75.3000","-37.6191","-0.0184"
"75.3200","-37.6291","-0.0185"
"75.3400","-37.6399","-0.0185"
"75.3600","-37.6500","-0.0185"
"75.3800","-37.6591","-0.0186"
"75.4000","-37.6683","-0.0186"
"75.4200","-37.6784","-0.0186"
"75.4400","-37.6894","-0.0187"
"75.4600","-37.7004","-0.0187"
"75.4800","-37.7103","-0.0187"
"75.5000","-37.7198","-0.0188"
"75.5200","-37.7295","-0.0188"
"75.5400","-37.7399","-0.0188"
"75.5600","-37.7505","-0.0189"
"75.5800","-37.7603","-0.0189"
"75.6000","-37.7694","-0.0189"
"75.6200","-37.7785","-0.0190"
"75.6400","-37.7883","-0.0190"
"75.6600","-37.7993","-0.0191"
"75.6800","-37.8103","-0.0191"
"75.7000","-37.8201","-0.0191"
"75.7200","-37.8293","-0.0192"
"75.7400","-37.8389","-0.0192"
"75.7600","-37.8494","-0.0192"
"75.7800","-37.8603","-0.0193"
"75.8000","-37.8702","-0.0193"
"75.8200","-37.8795","-0.0193"
"75.8290","-37.8838","-0.0194"

