# Rhino

mtllib saddle.mtl
usemtl diffuse_ControlText
v -23.527841567993164 -31.05201530456543 93.143348693847656
v -18.221376419067383 -32.362499237060547 93.783462524414062
v -0.77019721269607544 -34.954952239990234 95.645149230957031
v 5.5722527503967285 -34.820770263671875 95.621124267578125
v 12.347744941711426 -33.866985321044922 94.942886352539062
v 18.512161254882812 -32.275619506835938 93.729843139648438
v 24.451494216918945 -30.167150497436523 92.130477905273438
v -33.237228393554688 -25.915477752685547 88.803329467773438
v -27.433914184570312 -28.121103286743164 90.108367919921875
v -20.455728530883789 -28.72197151184082 89.095603942871094
v -14.692268371582031 -30.083257675170898 89.977508544921875
v -12.658761978149414 -33.628753662109375 94.660194396972656
v -8.920079231262207 -31.306079864501953 90.977828979492188
v 2.7514717578887939 -31.885110855102539 91.399642944335938
v 19.736618041992188 -28.713130950927734 88.911384582519531
v 36.255985260009766 -24.24635124206543 87.519783020019531
v 41.332672119140625 -21.147298812866211 85.105201721191406
v -47.206253051757812 -16.953983306884766 81.636680603027344
v -42.933429718017578 -20.420095443725586 84.774948120117188
v -38.130409240722656 -23.282573699951172 86.871147155761719
v -23.105743408203125 -25.429069519042969 84.799247741699219
v -16.122434616088867 -26.345333099365234 84.615020751953125
v -5.6045312881469727 -28.723690032958984 86.863304138183594
v 5.7102766036987305 -28.895170211791992 87.127853393554688
v 14.99161434173584 -27.17706298828125 85.689720153808594
v 19.850131988525391 -25.339138031005859 83.826492309570312
v 30.57438850402832 -24.149763107299805 85.192207336425781
v 30.753669738769531 -27.622768402099609 90.417556762695312
v 46.493740081787109 -17.902156829833984 82.754554748535156
v -42.196403503417969 -17.82316780090332 80.285820007324219
v -33.046581268310547 -19.353212356567383 78.479873657226562
v -19.876361846923828 -23.032228469848633 80.177055358886719
v -13.199706077575684 -23.503688812255859 79.546554565429688
v -6.261474609375 -23.481472015380859 78.603805541992188
v -2.5652060508728027 -25.94221305847168 82.44842529296875
v 8.2515678405761719 -23.370738983154297 78.648796081542969
v 14.338571548461914 -24.001617431640625 80.572647094726562
v 19.482278823852539 -22.163131713867188 78.611213684082031
v 29.598772048950195 -21.582784652709961 80.760612487792969
v 35.344867706298828 -20.82231330871582 81.822868347167969
v 40.862052917480469 -18.103952407836914 80.071273803710938
v 45.450214385986328 -15.564785003662109 78.36083984375
v -61.627967834472656 -4.7308611869812012 70.999588012695312
v -58.150272369384766 -8.2026157379150391 74.347099304199219
v -49.21148681640625 -13.167892456054688 76.5960693359375
v -44.003799438476562 -14.837469100952148 76.292472839355469
v -28.817180633544922 -18.351459503173828 75.075538635253906
v -22.801351547241211 -19.879871368408203 75.653495788574219
v -4.1772723197937012 -20.881166458129883 74.074821472167969
v 6.7806234359741211 -20.710298538208008 73.921493530273438
v 13.605840682983398 -20.675943374633789 74.840599060058594
v 36.269515991210938 -17.220388412475586 76.273811340332031
v 46.737495422363281 -12.740142822265625 74.301460266113281
v 55.725574493408203 -10.943917274475098 77.2606201171875
v -65.317100524902344 -1.2519484758377075 67.745582580566406
v -55.651885986328125 -6.4814801216125488 69.282485961914062
v -46.107341766357422 -11.449930191040039 71.562934875488281
v -40.351318359375 -13.429623603820801 71.708099365234375
v -25.178001403808594 -17.154621124267578 71.566650390625
v -1.9463925361633301 -18.462474822998047 69.588630676269531
v 18.24030876159668 -14.959020614624023 65.14227294921875
v 21.93040657043457 -16.31134033203125 68.955329895019531
v 27.533069610595703 -14.736342430114746 67.945884704589844
v 32.979446411132812 -12.985260009765625 66.988578796386719
v 42.503646850585938 -11.87496280670166 70.105400085449219
v 47.738758087158203 -9.6621837615966797 69.334541320800781
v 53.140857696533203 -7.3344855308532715 68.852020263671875
v 58.037948608398438 -4.8870692253112793 68.154273986816406
v 63.087326049804688 -3.5431056022644043 70.075630187988281
v -63.41534423828125 0.20691108703613281 62.974605560302734
v -58.959270477294922 -2.9516117572784424 65.157218933105469
v -53.058719635009766 -5.2948770523071289 64.790916442871094
v -42.474807739257812 -9.8245983123779297 66.119659423828125
v -36.286575317382812 -9.9904909133911133 62.666904449462891
v -24.970672607421875 -14.786982536315918 67.01123046875
v -3.7841899394989014 -14.39804744720459 61.511154174804688
v 6.5906867980957031 -15.629131317138672 64.294952392578125
v 12.831826210021973 -14.73139762878418 63.399394989013672
v 28.629459381103516 -11.978011131286621 62.885372161865234
v 34.175018310546875 -10.21163272857666 61.970455169677734
v 49.15496826171875 -6.5822367668151855 64.369796752929688
v 54.642475128173828 -4.214695930480957 63.985301971435547
v 60.777782440185547 -1.6282596588134766 64.240829467773438
v 70.471794128417969 3.8407044410705566 62.909378051757812
v -69.5867919921875 5.7565836906433105 57.725093841552734
v -64.551231384277344 2.8696792125701904 58.451580047607422
v -59.252193450927734 -0.032636150717735291 59.321708679199219
v -53.92681884765625 -2.84075927734375 60.408130645751953
v -44.879447937011719 -4.7220273017883301 57.018280029296875
v -41.231716156005859 -7.3228850364685059 60.112297058105469
v -35.554775238037109 -7.6234760284423828 57.048027038574219
v -30.440628051757812 -10.009932518005371 59.535518646240234
v -19.411727905273438 -11.866443634033203 59.041351318359375
v -8.6633787155151367 -12.836003303527832 58.670555114746094
v 7.9842982292175293 -13.007856369018555 58.935070037841797
v 18.349760055541992 -12.629538536071777 60.305767059326172
v 24.066415786743164 -10.994385719299316 58.786273956298828
v 29.803430557250977 -9.4105672836303711 57.855258941650391
v 35.582973480224609 -7.6136007308959961 57.040351867675781
v 45.270008087158203 -5.9600253105163574 60.096385955810547
v 56.055858612060547 -1.3764469623565674 59.225196838378906
v 63.122810363769531 3.3248796463012695 55.777187347412109
v 68.458953857421875 5.3673033714294434 57.281478881835938
v 73.5037841796875 7.4735498428344727 58.755535125732422
v -70.446708679199219 8.4066667556762695 52.578121185302734
v -65.463264465332031 5.6237659454345703 53.095123291015625
v -60.343994140625 2.8330881595611572 53.874298095703125
v -50.861297607421875 0.068894170224666595 50.68194580078125
v -45.316608428955078 -2.4565792083740234 51.949863433837891
v -40.217174530029297 -5.0203862190246582 54.156536102294922
v -24.215961456298828 -7.865288257598877 51.368900299072266
v -18.989334106445312 -9.6407604217529297 53.704959869384766
v 14.495708465576172 -8.783137321472168 50.088668823242188
v 19.336187362670898 -10.015052795410156 54.715991973876953
v 37.2064208984375 -5.1188106536865234 52.207122802734375
v 41.293575286865234 -5.4895715713500977 56.002971649169922
v 42.741367340087891 -2.8763468265533447 50.759048461914062
v 52.401332855224609 -0.66649365425109863 54.029243469238281
v 57.686084747314453 1.5054575204849243 54.160064697265625
v 70.975593566894531 8.8817358016967773 52.096305847167969
v 76.4549560546875 10.805231094360352 54.932666778564453
v -81.455726623535156 16.607927322387695 47.851535797119141
v -74.641326904296875 11.08726692199707 51.615261077880859
v -71.579849243164062 10.967412948608398 47.536823272705078
v -66.693710327148438 8.3375511169433594 47.666969299316406
v -61.628158569335938 5.6370453834533691 48.232761383056641
v -52.203258514404297 2.6171638965606689 45.131080627441406
v -46.382469177246094 -0.089615263044834137 46.645347595214844
v -40.120792388916016 -2.6923267841339111 48.141616821289062
v -29.203516006469727 -5.849393367767334 48.803920745849609
v -18.606405258178711 -7.6375222206115723 48.398513793945312
v -7.7749242782592773 -8.3661355972290039 47.499320983886719
v 8.4656162261962891 -8.4305658340454102 47.788860321044922
v 17.710964202880859 -6.3923845291137695 44.504188537597656
v 43.606975555419922 -0.54939001798629761 45.222450256347656
v 54.605003356933594 2.4840126037597656 48.308082580566406
v 59.757316589355469 5.9307293891906738 44.899017333984375
v 65.472015380859375 7.6876225471496582 47.737091064453125
v 69.919036865234375 10.819870948791504 45.291481018066406
v 73.60833740234375 13.705613136291504 42.800724029541016
v 83.964668273925781 19.651100158691406 43.705677032470703
v -86.297279357910156 22.926776885986328 38.048969268798828
v -73.537330627441406 13.430773735046387 43.487239837646484
v -68.636383056640625 11.09824275970459 42.508110046386719
v -63.378993988037109 8.4919805526733398 42.370689392089844
v -53.602378845214844 4.9944906234741211 39.507034301757812
v -37.315799713134766 -1.8195098638534546 43.228122711181641
v -28.273412704467773 -4.0740170478820801 43.206165313720703
v -19.835283279418945 -3.9356029033660889 37.721210479736328
v -8.2544345855712891 -6.3112993240356445 41.549633026123047
v -2.8014466762542725 -7.3289980888366699 43.904426574707031
v 2.2469429969787598 -6.0903048515319824 40.008731842041016
v 6.7967867851257324 -6.7982988357543945 42.699737548828125
v 15.425662040710449 -4.8064432144165039 38.676620483398438
v 43.980094909667969 1.4713099002838135 39.357208251953125
v 49.18524169921875 1.9316185712814331 43.733078002929688
v 59.083263397216797 7.5195937156677246 38.945690155029297
v 64.570915222167969 9.2803163528442383 41.749641418457031
v 78.536918640136719 16.357683181762695 43.428794860839844
v -81.019973754882812 19.829072952270508 37.090038299560547
v -66.255851745605469 11.676222801208496 36.576938629150391
v -54.057941436767578 6.7232604026794434 34.057903289794922
v -48.687305450439453 4.2026400566101074 35.707366943359375
v -38.278942108154297 1.426100492477417 33.039688110351562
v -32.498813629150391 -0.5646207332611084 34.739280700683594
v -21.46510124206543 -2.2921152114868164 32.564235687255859
v -15.104992866516113 -3.5156447887420654 33.905712127685547
v -3.2604453563690186 -5.3774900436401367 37.684207916259766
v 8.4180622100830078 -5.0581541061401367 37.362617492675781
v 20.260490417480469 -2.8658299446105957 34.074180603027344
v 44.985355377197266 3.4861679077148438 33.336555480957031
v 50.950004577636719 6.3065457344055176 30.801752090454102
v 57.333904266357422 8.4732608795166016 32.663906097412109
v 69.268478393554688 12.699759483337402 38.320304870605469
v 83.439483642578125 22.277820587158203 33.610782623291016
v 88.705726623535156 25.820783615112305 33.347877502441406
v -73.375694274902344 17.274694442749023 29.419742584228516
v -67.92730712890625 14.261067390441895 29.779369354248047
v -62.935321807861328 11.408838272094727 31.223066329956055
v -54.278549194335938 8.1780176162719727 28.360332489013672
v -28.785469055175781 0.76910793781280518 25.063417434692383
v -22.708139419555664 -0.81820356845855713 26.961208343505859
v -16.501352310180664 -2.0441386699676514 28.419981002807617
v -5.5412635803222656 -2.3665370941162109 25.438800811767578
v -3.999957799911499 -3.7281861305236816 31.522550582885742
v 7.1527261734008789 -3.4084365367889404 30.717643737792969
v 30.805192947387695 0.54150974750518799 28.367883682250977
v 40.897220611572266 3.0297589302062988 29.704565048217773
v 45.386936187744141 5.1075735092163086 26.88188362121582
v 61.240203857421875 11.122556686401367 29.024168014526367
v 75.270942687988281 18.590394973754883 28.205459594726562
v 80.511856079101562 21.635009765625 28.583786010742188
v 85.811988830566406 25.017438888549805 28.533735275268555
v -86.208282470703125 25.583980560302734 27.063383102416992
v -70.411376953125 16.759916305541992 23.996368408203125
v -64.567626953125 13.692944526672363 24.227218627929688
v -40.734832763671875 4.371579647064209 22.676795959472656
v -34.936069488525391 2.7220978736877441 22.503946304321289
v -17.902175903320312 -0.7850380539894104 22.848918914794922
v -11.74535083770752 -1.6777071952819824 24.059595108032227
v -7.5061335563659668 -1.171927809715271 19.096504211425781
v 12.663199424743652 -1.1045514345169067 21.059257507324219
v 21.753856658935547 -0.18820670247077942 22.924369812011719
v 39.476245880126953 3.846217155456543 23.617729187011719
v 50.209259033203125 7.5162582397460938 23.652242660522461
v 60.005092620849609 11.872303009033203 22.182685852050781
v 72.961936950683594 18.387754440307617 22.622495651245117
v 77.747329711914062 21.028877258300781 23.334672927856445
v 82.851783752441406 24.084262847900391 23.813190460205078
v 90.979850769042969 28.612607955932617 27.992275238037109
v 92.768600463867188 30.999509811401367 22.21820068359375
v -94.470703125 33.233753204345703 14.910416603088379
v -86.244125366210938 26.801332473754883 20.515726089477539
v -82.419448852539062 24.805105209350586 17.452648162841797
v -77.894645690917969 21.955696105957031 18.133052825927734
v -67.450637817382812 16.126218795776367 18.323522567749023
v -51.415092468261719 8.7447109222412109 18.925807952880859
v -39.550918579101562 4.806452751159668 17.650375366210938
v -24.880012512207031 1.4651745557785034 15.184096336364746
v -19.412714004516602 0.30360421538352966 17.268098831176758
v -1.6784820556640625 -1.6111738681793213 20.584365844726562
v 8.0775127410888672 -0.95691704750061035 17.921432495117188
v 18.14649772644043 -0.12631693482398987 18.941492080688477
v 24.210054397583008 0.8965688943862915 18.701711654663086
v 30.019224166870117 2.0815632343292236 18.813999176025391
v 35.288799285888672 3.3489618301391602 19.170169830322266
v 64.486160278320312 14.50196361541748 19.010055541992188
v 69.899055480957031 17.482070922851562 17.585378646850586
v 75.609298706054688 20.707021713256836 17.220443725585938
v 80.847999572753906 24.137039184570312 14.668091773986816
v 89.435203552246094 29.364164352416992 17.743640899658203
v 94.207008361816406 32.903858184814453 16.15107536315918
v -94.92828369140625 34.118339538574219 8.7390117645263672
v -90.563652038574219 30.831535339355469 11.512448310852051
v -80.316322326660156 24.020265579223633 12.762919425964355
v -70.066558837890625 18.137027740478516 12.748290061950684
v -48.308307647705078 8.0323410034179688 15.056583404541016
v -43.742786407470703 6.6254887580871582 13.438045501708984
v -33.062721252441406 3.8253111839294434 9.6086263656616211
v -26.717582702636719 2.4482786655426025 8.5757122039794922
v -15.269403457641602 0.62287652492523193 8.4381980895996094
v 1.8443634510040283 -0.32754075527191162 9.4183330535888672
v 7.5801692008972168 -0.28987854719161987 11.699404716491699
v 33.650127410888672 3.6592555046081543 13.313725471496582
v 44.27520751953125 6.8109464645385742 13.419414520263672
v 57.248157501220703 12.273847579956055 7.9990592002868652
v 62.814029693603516 14.807877540588379 8.2622098922729492
v 77.084442138671875 22.229619979858398 11.280326843261719
v 82.499855041503906 25.700431823730469 8.8758754730224609
v 90.696212768554688 30.874618530273438 12.20899772644043
v 95.176925659179688 34.222160339355469 9.7929830551147461
v -90.670631408691406 31.308845520019531 5.0988354682922363
v -77.882575988769531 22.971302032470703 7.4601693153381348
v -72.777000427246094 20.042545318603516 7.2722587585449219
v -67.655364990234375 17.308582305908203 7.0661859512329102
v -62.49627685546875 14.760979652404785 6.7938241958618164
v -57.848171234130859 12.662498474121094 5.998018741607666
v -48.278244018554688 8.5403413772583008 9.5650224685668945
v -37.607067108154297 5.3065056800842285 5.2971763610839844
v -26.397804260253906 2.6477060317993164 2.0250802040100098
v -21.062240600585938 1.5984874963760376 5.4846315383911133
v -4.2818288803100586 -0.16275763511657715 7.8672304153442383
v 7.3954143524169922 0.11764488369226456 4.6956872940063477
v 12.018752098083496 0.23635253310203552 8.6588468551635742
v 14.327149391174316 0.72988742589950562 3.6278786659240723
v 23.771820068359375 1.8478883504867554 8.6384382247924805
v 33.881141662597656 4.2425951957702637 6.5934514999389648
v 48.676540374755859 8.5811700820922852 11.125953674316406
v 51.371906280517578 9.9286832809448242 6.6837553977966309
v 60.484214782714844 13.947126388549805 2.4945995807647705
v 68.451248168945312 17.679607391357422 7.6081414222717285
v 73.766029357910156 20.609169006347656 6.9871268272399902
v 91.221427917480469 31.653791427612305 6.4506607055664062
v -94.902183532714844 34.395126342773438 2.4930887222290039
v -85.981796264648438 28.196462631225586 2.9135873317718506
v -60.216259002685547 13.847934722900391 1.3358691930770874
v -42.30963134765625 6.8274941444396973 1.0156455039978027
v -36.690090179443359 5.1386752128601074 -0.85212492942810059
v -31.866775512695312 3.8204755783081055 3.7652380466461182
v -21.09178352355957 1.7214277982711792 -0.46729689836502075
v -10.87702751159668 0.45885667204856873 -0.62656140327453613
v 0.79765397310256958 -0.057556178420782089 3.2554302215576172
v 11.208778381347656 0.46350136399269104 -1.4339498281478882
v 17.612255096435547 1.1538448333740234 -1.7337217330932617
v 23.730974197387695 2.1157939434051514 -1.7862037420272827
v 33.517597198486328 4.3141770362854004 0.50416380167007446
v 49.072265625 9.2063322067260742 0.78480076789855957
v 58.491615295410156 13.000191688537598 -3.2116832733154297
v 76.758163452148438 22.493404388427734 1.9252917766571045
v 85.813201904296875 28.123479843139648 -1.3082947731018066
v 95.501914978027344 34.8306884765625 -2.3249287605285645
v -95.815757751464844 34.802017211914062 -8.37200927734375
v -86.608169555664062 28.419193267822266 -7.9232139587402344
v -81.351127624511719 25.06072998046875 -7.6888279914855957
v -76.470840454101562 22.151565551757812 -7.280724048614502
v -71.908157348632812 19.391054153442383 -9.7518768310546875
v -49.829727172851562 9.2815780639648438 -7.517542839050293
v -35.916061401367188 4.7077879905700684 -7.3040704727172852
v -30.603677749633789 3.2687418460845947 -8.7218732833862305
v -6.4133553504943848 0.054201386868953705 -4.4697866439819336
v 8.7545299530029297 0.110125333070755 -7.1973848342895508
v 21.068078994750977 1.5105468034744263 -7.2667355537414551
v 26.993417739868164 2.60176682472229 -7.2109384536743164
v 32.763004302978516 3.99739670753479 -5.7451395988464355
v 47.640323638916016 8.5373868942260742 -5.6388859748840332
v 62.055419921875 14.442681312561035 -8.4154338836669922
v 72.837913513183594 20.02760124206543 -8.0047273635864258
v 78.511268615722656 23.332439422607422 -7.601409912109375
v 80.522750854492188 24.726995468139648 -2.5671367645263672
v 84.6541748046875 27.180965423583984 -7.1481280326843262
v 94.834732055664062 34.08233642578125 -8.3305749893188477
v -88.917976379394531 29.417705535888672 -14.324745178222656
v -77.629150390625 22.498435974121094 -12.060586929321289
v -68.559478759765625 17.093704223632812 -14.922162055969238
v -66.025138854980469 16.322774887084961 -9.2738370895385742
v -63.022884368896484 14.419010162353516 -14.003578186035156
v -50.985179901123047 9.2898988723754883 -13.092815399169922
v -40.43695068359375 5.7011942863464355 -12.211163520812988
v -35.074554443359375 3.964153528213501 -13.792115211486816
v -25.163516998291016 2.0358586311340332 -9.8855810165405273
v -17.184623718261719 0.17340140044689178 -15.704331398010254
v -8.4282655715942383 -0.14242750406265259 -10.463003158569336
v 0.46902114152908325 -0.72701972723007202 -13.660497665405273
v 6.3978128433227539 -0.4997154176235199 -12.96323299407959
v 12.099775314331055 -0.06866319477558136 -12.723104476928711
v 24.955417633056641 1.7196724414825439 -13.13353443145752
v 31.216201782226562 3.2155771255493164 -11.685081481933594
v 42.429702758789062 6.6420702934265137 -7.7108807563781738
v 46.737358093261719 7.7908649444580078 -12.236819267272949
v 51.650993347167969 9.804168701171875 -10.005938529968262
v 60.204868316650391 13.110810279846191 -13.88300609588623
v 65.502418518066406 15.678678512573242 -13.668972015380859
v 70.844917297363281 18.494733810424805 -13.365625381469727
v 81.472747802734375 24.814460754394531 -12.233098030090332
v 90.033721923828125 30.541736602783203 -10.330409049987793
v -93.343063354492188 31.981958389282227 -18.633533477783203
v -84.66259765625 26.05607795715332 -18.676774978637695
v -79.358734130859375 22.907398223876953 -17.408319473266602
v -73.904891967773438 19.862903594970703 -16.121850967407227
v -65.343238830566406 14.825658798217773 -19.70484733581543
v -59.940689086914062 12.456883430480957 -18.357601165771484
v -54.873931884765625 10.396900177001953 -17.100290298461914
v -50.636528015136719 8.3839635848999023 -19.297538757324219
v -39.892940521240234 4.6501646041870117 -19.393392562866211
v -33.340396881103516 2.7945566177368164 -19.555150985717773
v -20.934808731079102 0.06849198043346405 -20.503000259399414
v -5.3234329223632812 -0.80973291397094727 -15.362759590148926
v 3.8330385684967041 -1.1091501712799072 -17.664793014526367
v 9.3532476425170898 -1.0332760810852051 -19.021787643432617
v 15.446614265441895 -0.25534230470657349 -17.652603149414062
v 25.227136611938477 0.9270479679107666 -19.80242919921875
v 30.268295288085938 2.3031516075134277 -17.700273513793945
v 34.960968017578125 2.8103430271148682 -21.990951538085938
v 51.472492218017578 9.1203117370605469 -16.165143966674805
v 63.407108306884766 13.98480224609375 -18.975656509399414
v 79.541778564453125 23.004999160766602 -17.474798202514648
v 88.212921142578125 27.97645378112793 -21.399946212768555
v -93.23162841796875 30.881174087524414 -24.773273468017578
v -89.240966796875 28.702854156494141 -21.171237945556641
v -85.591537475585938 25.676582336425781 -24.616289138793945
v -80.882911682128906 23.008144378662109 -22.782743453979492
v -77.939811706542969 20.309288024902344 -27.546625137329102
v -61.851329803466797 12.464147567749023 -23.879528045654297
v -57.818801879882812 9.9058914184570312 -27.325370788574219
v -51.953998565673828 7.9013385772705078 -25.131629943847656
v -42.29119873046875 4.1283726692199707 -26.506437301635742
v -36.613445281982422 2.7011728286743164 -25.141258239746094
v -30.722312927246094 1.264693021774292 -24.757568359375
v -24.776786804199219 -0.10459864884614944 -25.285772323608398
v -19.031717300415039 -1.1870967149734497 -25.877687454223633
v -14.634247779846191 -0.88737666606903076 -21.133115768432617
v -7.85113525390625 -1.5983195304870605 -21.881687164306641
v -2.0010004043579102 -2.4441683292388916 -25.413120269775391
v 8.9317035675048828 -2.2275269031524658 -25.768487930297852
v 14.190586090087891 -1.3048267364501953 -23.393043518066406
v 18.959394454956055 -1.4652715921401978 -27.178884506225586
v 29.805334091186523 1.1595340967178345 -24.18115234375
v 43.949913024902344 5.2404298782348633 -23.810268402099609
v 52.241039276123047 8.5816879272460938 -21.891897201538086
v 61.549922943115234 12.264950752258301 -24.199308395385742
v 69.747940063476562 15.485681533813477 -28.402414321899414
v 83.183937072753906 24.605806350708008 -21.874547958374023
v 91.552413940429688 29.417646408081055 -26.06818962097168
v -85.861808776855469 24.562509536743164 -30.722408294677734
v -82.298736572265625 22.946294784545898 -27.695518493652344
v -67.456169128417969 14.843428611755371 -25.800876617431641
v -63.736160278320312 12.189352035522461 -29.541692733764648
v -59.339813232421875 9.3813018798828125 -32.565544128417969
v -53.728252410888672 7.3991641998291016 -30.807905197143555
v -48.045970916748047 5.6504716873168945 -28.767814636230469
v -44.639263153076172 3.4371242523193359 -33.049991607666016
v -38.988937377929688 2.0376999378204346 -31.441749572753906
v -33.433437347412109 0.78012233972549438 -30.327690124511719
v -23.360115051269531 -1.7136597633361816 -31.475582122802734
v -12.626863479614258 -3.5913152694702148 -33.0635986328125
v -7.3105831146240234 -2.9235162734985352 -28.600193023681641
v 8.8633613586425781 -3.6164238452911377 -32.016780853271484
v 13.853621482849121 -2.5629894733428955 -29.450105667114258
v 23.378080368041992 -1.4427742958068848 -30.410655975341797
v 29.041418075561523 -0.42025747895240784 -30.867229461669922
v 34.533782958984375 1.4971476793289185 -28.289501190185547
v 53.74896240234375 8.008234977722168 -28.095487594604492
v 59.103450775146484 10.088525772094727 -29.18745231628418
v 83.796798706054688 22.958255767822266 -31.797306060791016
v 89.535125732421875 26.862911224365234 -31.41949462890625
v -89.696319580078125 26.593994140625 -32.96868896484375
v -86.001129150390625 23.031490325927734 -36.997379302978516
v -80.115463256835938 19.030813217163086 -37.834194183349609
v -74.36895751953125 15.568873405456543 -38.081771850585938
v -64.693778991699219 11.285035133361816 -35.081596374511719
v -60.388782501220703 8.6121759414672852 -37.324874877929688
v -55.612319946289062 6.768852710723877 -36.421028137207031
v -50.249931335449219 5.0022516250610352 -34.916782379150391
v -41.367229461669922 1.1337590217590332 -37.547138214111328
v -35.403148651123047 -0.22450676560401917 -36.235862731933594
v -29.491214752197266 -1.2809606790542603 -34.669429779052734
v -25.139455795288086 -3.1356372833251953 -38.075679779052734
v -19.140293121337891 -3.4446766376495361 -35.650299072265625
v -10.235057830810547 -5.0432934761047363 -37.743297576904297
v -6.4619264602661133 -4.3825254440307617 -34.401157379150391
v -1.1167627573013306 -5.2838449478149414 -37.196575164794922
v 14.013238906860352 -4.0576877593994141 -35.549217224121094
v 19.422460556030273 -4.2420549392700195 -38.532947540283203
v 24.505880355834961 -2.461092472076416 -35.265121459960938
v 30.120822906494141 -1.9110050201416016 -37.441978454589844
v 40.684982299804688 0.8892093300819397 -37.689006805419922
v 45.503627777099609 3.2781734466552734 -34.86480712890625
v 51.163887023925781 4.6030864715576172 -37.589183807373047
v 55.999870300292969 7.4891929626464844 -34.307388305664062
v 69.842620849609375 14.308753967285156 -33.560657501220703
v 74.537246704101562 16.074695587158203 -36.699234008789062
v -84.216346740722656 20.251667022705078 -42.374565124511719
v -72.814445495605469 13.03849983215332 -43.466205596923828
v -52.900051116943359 4.2565512657165527 -41.008411407470703
v -47.179389953613281 2.5821857452392578 -39.282691955566406
v -43.959156036376953 0.13765135407447815 -43.551609039306641
v -35.478286743164062 -3.2009503841400146 -45.730403900146484
v -20.541236877441406 -4.9687771797180176 -41.584705352783203
v -15.833720207214355 -6.7933626174926758 -45.042026519775391
v -10.698797225952148 -6.5761780738830566 -42.853771209716797
v -1.0316029787063599 -6.9936709403991699 -42.796047210693359
v 9.1443214416503906 -7.1776857376098633 -44.294345855712891
v 14.32977294921875 -5.8400931358337402 -41.730644226074219
v 30.985700607299805 -3.5199015140533447 -43.356239318847656
v 35.880928039550781 -1.3625057935714722 -40.47344970703125
v 41.663703918457031 -0.69057852029800415 -43.699436187744141
v 56.504425048828125 5.8786125183105469 -40.702220916748047
v 66.107528686523438 9.9933042526245117 -41.964714050292969
v 70.313270568847656 12.959691047668457 -39.338001251220703
v 79.033004760742188 17.716892242431641 -40.083759307861328
v 86.586380004882812 22.099306106567383 -41.411479949951172
v -83.068367004394531 17.956413269042969 -46.914096832275391
v -70.871871948242188 10.347840309143066 -48.143688201904297
v -62.2322998046875 6.7151322364807129 -45.994888305664062
v -46.264671325683594 -1.1647088527679443 -49.434955596923828
v -40.676265716552734 -2.4013991355895996 -47.823459625244141
v -36.584419250488281 -4.8664450645446777 -51.071731567382812
v -31.107610702514648 -4.9313640594482422 -47.571533203125
v -26.336416244506836 -7.0709500312805176 -50.446609497070312
v -21.156076431274414 -6.8916940689086914 -47.528793334960938
v -10.709936141967773 -8.5043983459472656 -48.401573181152344
v -1.366579532623291 -8.7011852264404297 -47.795372009277344
v 21.076183319091797 -7.6688532829284668 -49.527610778808594
v 36.815822601318359 -3.0417184829711914 -46.369930267333984
v 42.768894195556641 -2.5993030071258545 -50.067955017089844
v 47.288665771484375 0.26758936047554016 -46.505359649658203
v 61.749988555908203 7.0587530136108398 -44.327625274658203
v 72.137138366699219 9.8392972946166992 -51.276165008544922
v 74.801406860351562 14.507664680480957 -42.378711700439453
v 78.878005981445312 15.992106437683105 -45.085849761962891
v 83.280448913574219 18.888303756713867 -44.650104522705078
v -72.253662109375 9.2568483352661133 -52.956443786621094
v -66.598464965820312 7.1199250221252441 -50.714618682861328
v -61.144271850585938 4.523531436920166 -50.544914245605469
v -57.565719604492188 1.6569511890411377 -53.6876220703125
v -52.220508575439453 0.3468458354473114 -51.320873260498047
v -48.505733489990234 -2.327068567276001 -54.415271759033203
v -42.592281341552734 -4.2934041023254395 -54.190547943115234
v -37.060977935791016 -6.949730396270752 -56.480628967285156
v -31.531972885131836 -7.1303067207336426 -53.520942687988281
v -21.448135375976562 -9.1248626708984375 -53.426898956298828
v -10.945021629333496 -10.548602104187012 -53.689712524414062
v -4.9377193450927734 -10.160892486572266 -51.807338714599609
v -0.51636552810668945 -12.263881683349609 -56.613948822021484
v 5.8673648834228516 -11.740402221679688 -55.691852569580078
v 14.508613586425781 -8.0924043655395508 -48.303340911865234
v 17.703449249267578 -9.8947248458862305 -53.862300872802734
v 23.001615524291992 -9.1595849990844727 -54.096492767333984
v 32.245090484619141 -7.4734978675842285 -54.748851776123047
v 37.183780670166016 -7.3081874847412109 -57.406719207763672
v 53.968521118164062 -0.054467618465423584 -54.096073150634766
v 58.125297546386719 2.4059603214263916 -52.42584228515625
v 63.068187713623047 3.2366447448730469 -55.925094604492188
v 67.876945495605469 6.5906453132629395 -53.721988677978516
v 77.516899108886719 11.882809638977051 -53.836605072021484
v -74.41180419921875 8.1760196685791016 -58.293430328369141
v -68.910682678222656 5.885749340057373 -56.603652954101562
v -63.362232208251953 3.6276068687438965 -55.332324981689453
v -59.919357299804688 0.25701838731765747 -59.369800567626953
v -51.962974548339844 -5.0299196243286133 -63.386810302734375
v -47.577495574951172 -4.6011190414428711 -58.883083343505859
v -41.960590362548828 -7.3823342323303223 -60.716075897216797
v -36.625808715820312 -9.1630096435546875 -61.117546081542969
v -31.667942047119141 -9.4825124740600586 -59.068675994873047
v -21.477170944213867 -11.636544227600098 -59.259914398193359
v -11.710039138793945 -12.558151245117188 -58.520793914794922
v -6.4972715377807617 -12.547883033752441 -57.644309997558594
v -2.701479434967041 -14.674893379211426 -62.045516967773438
v 9.9857664108276367 -13.461198806762695 -60.200519561767578
v 15.897175788879395 -12.43586254119873 -59.263359069824219
v 32.783660888671875 -10.078395843505859 -60.940105438232422
v 42.706680297851562 -6.7832417488098145 -59.982830047607422
v 51.607688903808594 -2.6417193412780762 -57.940040588378906
v 57.951396942138672 -0.15579135715961456 -58.316226959228516
v 68.223907470703125 4.4182748794555664 -59.167598724365234
v 73.66571044921875 8.131688117980957 -57.459640502929688
v -71.311721801757812 4.7504525184631348 -61.951408386230469
v -62.802566528320312 -0.92269432544708252 -64.728713989257812
v -57.431980133056641 -3.0450179576873779 -64.032989501953125
v -46.874794006347656 -7.013920783996582 -63.500957489013672
v -38.736064910888672 -10.693309783935547 -65.584701538085938
v -32.922355651855469 -11.566760063171387 -64.180160522460938
v -20.659469604492188 -14.320859909057617 -64.652900695800781
v -9.2743711471557617 -14.917590141296387 -63.198451995849609
v 1.3897137641906738 -16.750026702880859 -66.217681884765625
v 7.7980599403381348 -16.088567733764648 -65.360610961914062
v 14.430675506591797 -15.358738899230957 -65.048995971679688
v 20.521072387695312 -13.58769702911377 -63.091503143310547
v 25.273090362548828 -14.670269966125488 -66.900764465332031
v 37.057907104492188 -11.582121849060059 -66.349800109863281
v 42.873088836669922 -9.3425226211547852 -65.441459655761719
v 48.314861297607422 -6.105532169342041 -62.685329437255859
v 59.958740234375 -1.6750191450119019 -63.528255462646484
v 68.659255981445312 1.9190342426300049 -64.90093994140625
v 72.326683044433594 5.1871170997619629 -62.226657867431641
v -68.333518981933594 1.4428771734237671 -65.511543273925781
v -49.487014770507812 -8.3026390075683594 -67.990234375
v -40.083965301513672 -13.372626304626465 -71.461982727050781
v -35.342990875244141 -13.214871406555176 -68.597824096679688
v -30.188640594482422 -14.340958595275879 -68.2596435546875
v -19.296710968017578 -17.209589004516602 -69.854949951171875
v -4.7112431526184082 -17.343410491943359 -67.530357360839844
v -0.87163972854614258 -19.577217102050781 -71.567367553710938
v 5.2948856353759766 -18.701137542724609 -70.17510986328125
v 11.35246467590332 -18.232198715209961 -70.014503479003906
v 17.089015960693359 -18.021110534667969 -70.767669677734375
v 23.099283218383789 -17.47447395324707 -71.4476318359375
v 41.85107421875 -12.741332054138184 -71.275260925292969
v 47.488849639892578 -9.5098257064819336 -68.853538513183594
v 52.677547454833984 -6.6883277893066406 -67.22918701171875
v 58.487297058105469 -4.2717075347900391 -67.321243286132812
v 64.480155944824219 -1.6925979852676392 -67.8212890625
v -61.087261199951172 -4.4718632698059082 -70.058082580566406
v -58.053226470947266 -8.0836410522460938 -74.049964904785156
v -52.229183197021484 -9.8200435638427734 -72.76776123046875
v -49.165821075439453 -13.238925933837891 -76.689041137695312
v -43.487102508544922 -15.067826271057129 -76.38922119140625
v -34.066997528076172 -15.845414161682129 -72.856147766113281
v -23.416803359985352 -18.311990737915039 -73.057022094726562
v -18.977642059326172 -20.134546279907227 -75.045135498046875
v -13.190303802490234 -21.8463134765625 -76.746856689453125
v -7.1924653053283691 -20.393882751464844 -73.402023315429688
v -1.4334901571273804 -22.849082946777344 -77.34002685546875
v 3.1921846866607666 -21.109710693359375 -74.445999145507812
v 14.42050838470459 -20.740386962890625 -75.114166259765625
v 20.29701042175293 -20.308757781982422 -75.702232360839844
v 32.378173828125 -17.909801483154297 -75.761322021484375
v 43.970813751220703 -15.459433555603027 -77.333015441894531
v 47.939228057861328 -12.459712028503418 -74.557586669921875
v 53.567958831787109 -12.134230613708496 -77.747993469238281
v 57.800838470458984 -8.8935699462890625 -75.291854858398438
v 61.574005126953125 -5.3543319702148438 -72.068199157714844
v -54.792613983154297 -11.47105598449707 -77.4945068359375
v -46.791042327880859 -16.718441009521484 -81.029823303222656
v -41.30926513671875 -18.630844116210938 -81.105888366699219
v -35.843505859375 -20.863349914550781 -82.08746337890625
v -19.11546516418457 -22.92448616027832 -79.800910949707031
v -7.6940417289733887 -23.652708053588867 -79.067558288574219
v 5.2557458877563477 -23.350915908813477 -78.346435546875
v 23.47520637512207 -22.529870986938477 -80.298263549804688
v 35.646160125732422 -19.884489059448242 -80.453956604003906
v 49.438991546630859 -15.292909622192383 -80.292007446289062
v -44.730712890625 -19.8123779296875 -84.765335083007812
v -13.834819793701172 -27.818843841552734 -86.447547912597656
v -8.5933294296264648 -26.669496536254883 -84.006683349609375
v -3.0399394035339355 -26.051229476928711 -82.639991760253906
v 8.1538162231445312 -25.621875762939453 -82.292404174804688
v 13.486383438110352 -26.674104690551758 -84.65472412109375
v 26.91746711730957 -24.662834167480469 -84.769126892089844
v 29.666774749755859 -21.305000305175781 -80.339096069335938
v 39.944374084472656 -21.676345825195312 -85.258895874023438
v 45.251350402832031 -18.543926239013672 -83.0726318359375
v -34.262302398681641 -24.866268157958984 -87.654518127441406
v -23.782255172729492 -27.403139114379883 -87.929458618164062
v -9.3729791641235352 -29.357038497924805 -88.162315368652344
v -7.0222735404968262 -32.003623962402344 -91.77191162109375
v 1.0593992471694946 -28.830173492431641 -86.860984802246094
v 4.9810523986816406 -31.465225219726562 -90.883270263671875
v 11.242094993591309 -30.40510368347168 -89.926307678222656
v 23.879543304443359 -27.942644119262695 -88.759811401367188
v 26.615358352661133 -29.91557502746582 -92.418449401855469
v 30.660459518432617 -26.991273880004883 -89.454696655273438
v -17.362331390380859 -32.726604461669922 -94.154739379882812
v -4.1846976280212402 -34.978984832763672 -95.767929077148438
v 2.3994615077972412 -34.873939514160156 -95.56201171875
v 8.7254314422607422 -33.947345733642578 -94.683517456054688
v 15.231362342834473 -32.713615417480469 -93.785087585449219
v 100 38.207183837890625 0
v 99.787879943847656 37.885211944580078 6.5099668502807617
v 99.01171875 36.711147308349609 14.024273872375488
v 97.798599243164062 34.889732360839844 20.867067337036133
v 96.205223083496094 32.526760101318359 27.286520004272461
v 94.365074157714844 29.845634460449219 33.094310760498047
v 89.473320007324219 22.97105598449707 44.660102844238281
v 87.089797973632812 19.75452995300293 49.146385192871094
v 84.56365966796875 16.440341949462891 53.375904083251953
v 81.851036071777344 12.990105628967285 57.449172973632812
v 79.103874206542969 9.6105709075927734 61.176605224609375
v 76.0577392578125 5.9981236457824707 64.924728393554688
v 72.684349060058594 2.1631035804748535 68.680313110351562
v 69.063285827636719 -1.7599140405654907 72.320556640625
v 65.156097412109375 -5.7680931091308594 75.859626770019531
v 61.275951385498047 -9.5175924301147461 79.026947021484375
v 56.880863189697266 -13.486710548400879 82.246986389160156
v 52.349868774414062 -17.269449234008789 85.202651977539062
v 47.406448364257812 -21.038532257080078 88.04901123046875
v 42.378452301025391 -24.48890495300293 90.576301574707031
v 37.434871673583984 -27.504592895507812 92.728797912597656
v 33.248680114746094 -29.767297744750977 94.310791015625
v 28.875993728637695 -31.844322204589844 95.740150451660156
v 23.150703430175781 -34.121627807617188 97.2833251953125
v 16.739974975585938 -36.074367523193359 98.588912963867188
v 9.1869029998779297 -37.565761566162109 99.577110290527344
v -9.2294175146889756E-07 -38.207183837890625 100
v 86.236740112304688 22.677196502685547 38.783206939697266
v 81.446762084960938 16.46235466003418 48.225498199462891
v 79.742012023925781 13.826995849609375 52.339561462402344
v 66.832595825195312 0.15091150999069214 66.532569885253906
v 50.866458892822266 -14.071681022644043 79.178245544433594
v -4.5321950912475586 -38.051155090332031 99.897239685058594
v -10.781354904174805 -37.323570251464844 99.4171142578125
v -16.771516799926758 -36.066307067871094 98.583549499511719
v -22.596212387084961 -34.315505981445312 97.413612365722656
v -28.42353630065918 -32.042503356933594 95.875450134277344
v -33.543281555175781 -29.616786956787109 94.206413269042969
v -38.655288696289062 -26.794834136962891 92.226722717285156
v -43.623706817626953 -23.670375823974609 89.983177185058594
v -48.297866821289062 -20.386482238769531 87.563209533691406
v -52.428504943847656 -17.206474304199219 85.154281616210938
v -56.574932098388672 -13.75200080871582 82.457733154296875
v -60.422832489013672 -10.311122894287109 79.681121826171875
v -64.128379821777344 -6.7836136817932129 76.730377197265625
v -67.770362854003906 -3.1120917797088623 73.533515930175781
v -71.33709716796875 0.68009167909622192 70.078659057617188
v -74.675025939941406 4.405156135559082 66.510452270507812
v -78.08612060546875 8.3878307342529297 62.470451354980469
v -81.193214416503906 12.170351982116699 58.37518310546875
v -84.260795593261719 16.049545288085938 53.852745056152344
v -86.955551147460938 19.575948715209961 49.383518218994141
v -92.0966796875 26.611623764038086 38.964115142822266
v -94.0838623046875 29.440284729003906 33.885494232177734
v -95.953643798828125 32.157169342041016 28.15843391418457
v -97.195648193359375 33.991291046142578 23.516086578369141
v -98.29827880859375 35.637851715087891 18.369754791259766
v -99.210365295410156 37.011016845703125 12.542082786560059
v -99.801856994628906 37.906417846679688 6.2920174598693848
v -99.999908447265625 38.207050323486328 0.13256289064884186
v -99.830574035644531 37.949977874755859 -5.8186736106872559
v -99.293685913085938 37.136920928955078 -11.864404678344727
v -98.480476379394531 35.911388397216797 -17.366497039794922
v -97.4434814453125 34.359996795654297 -22.46702766418457
v -96.213294982910156 32.538631439208984 -27.258056640625
v -94.821723937988281 30.506393432617188 -31.762247085571289
v -90.138801574707031 23.884616851806641 -43.301231384277344
v -87.954727172851562 20.911703109741211 -47.581146240234375
v -85.434226989746094 17.571468353271484 -51.971080780029297
v -82.803741455078125 14.189051628112793 -56.067283630371094
v -79.94891357421875 10.637847900390625 -60.068050384521484
v -76.941871643066406 7.0320181846618652 -63.874473571777344
v -73.887893676757812 3.5113842487335205 -67.383819580078125
v -70.858299255371094 0.15973064303398132 -70.562744140625
v -63.917198181152344 -6.990288257598877 -76.906379699707031
v -60.582649230957031 -10.163313865661621 -79.559677124023438
v -57.083728790283203 -13.310007095336914 -82.1063232421875
v -53.671329498291016 -16.198633193969727 -84.37646484375
v -50.167140960693359 -18.979713439941406 -86.505828857421875
v -45.195331573486328 -22.603477478027344 -89.20416259765625
v -40.087139129638672 -25.933097839355469 -91.613433837890625
v -34.815139770507812 -28.9517822265625 -93.743827819824219
v -28.776126861572266 -31.888332366943359 -95.770217895507812
v -22.339700698852539 -34.403594970703125 -97.472755432128906
v -15.67735767364502 -36.337001800537109 -98.763458251953125
v -8.0585346221923828 -37.713726043701172 -99.674774169921875
v -3.3810426884883782E-06 -38.207183837890625 -100
v -51.8365478515625 -14.552494049072266 80.601608276367188
v -54.753208160400391 -11.493661880493164 77.504623413085938
v -79.00048828125 13.214471817016602 52.764438629150391
v -76.637336730957031 13.881117820739746 47.407386779785156
v -83.60333251953125 19.66057014465332 42.993438720703125
v -95.051727294921875 34.488262176513672 -3.2748267650604248
v -80.28216552734375 15.013174057006836 -50.167015075683594
v -77.4959716796875 11.646119117736816 -54.374897003173828
v -51.720542907714844 -14.953045845031738 -81.173110961914062
v -39.927299499511719 -22.256872177124023 -86.131607055664062
v -29.168594360351562 -28.218957901000977 -90.763946533203125
v -28.590412139892578 -25.404891967773438 -86.408897399902344
v 5.8830361366271973 -37.944255828857422 -99.826797485351562
v 19.909936904907227 -35.187797546386719 -97.997932434082031
v 25.636014938354492 -33.194633483886719 -96.658134460449219
v 31.380315780639648 -30.690805435180664 -94.948806762695312
v 36.422775268554688 -28.076025009155273 -93.130989074707031
v 41.615695953369141 -24.978572845458984 -90.929275512695312
v 46.310657501220703 -21.823432922363281 -88.630256652832031
v 50.921226501464844 -18.397087097167969 -86.064094543457031
v 55.215641021728516 -14.913410186767578 -83.374053955078125
v 59.295639038085938 -11.342521667480469 -80.523452758789062
v 63.351673126220703 -7.5403881072998047 -77.372901916503906
v 70.634757995605469 -0.082016833126544952 -70.786514282226562
v 73.995040893554688 3.6324889659881592 -67.266143798828125
v 77.29852294921875 7.4524683952331543 -63.442398071289062
v 80.190742492675781 10.933831214904785 -59.744831085205078
v 83.155662536621094 14.635443687438965 -55.543994903564453
v 86.031890869140625 18.354732513427734 -50.975612640380859
v 88.548606872558594 21.712862014770508 -46.466587066650391
v 90.976730346679688 25.044546127319336 -41.511859893798828
v 93.092674255371094 28.021474838256836 -36.520591735839844
v 95.012855529785156 30.783838272094727 -31.185846328735352
v 99.215873718261719 37.019344329833984 -12.498390197753906
v 99.843421936035156 37.969478607177734 -5.5938057899475098
v 36.337238311767578 -24.928325653076172 -88.561042785644531
v 80.838462829589844 15.477234840393066 -49.852081298828125
v 5.083073616027832 0.081362582743167877 -1.7191638946533203
v 1.0869565010070801 -23.091203689575195 77.731689453125
v -78.72869873046875 23.642160415649414 -2.6819474697113037
v 3.8351452350616455 -4.5088825225830078 -34.613601684570312
v 3.6769552230834961 -8.0917062759399414 -46.199333190917969
v 2.5822741985321045 -0.90718144178390503 15.641255378723145
v -16.257379531860352 0.93709856271743774 -4.2948136329650879
v 69.349800109863281 18.313606262207031 -2.9375207424163818
v 1.136961817741394 -2.8100838661193848 27.085357666015625
v -26.178106307983398 2.5515539646148682 -4.0749020576477051
v -41.144088745117188 6.3503150939941406 -5.4345965385437012
v 2.0287344455718994 -4.3849549293518066 33.948692321777344
v -57.453636169433594 12.553529739379883 -3.3904738426208496
v -1.9337863922119141 -9.6637554168701172 50.326164245605469
v -89.825912475585938 30.800952911376953 -1.6731349229812622
v 0.64505445957183838 -16.173250198364258 65.055145263671875
v -68.432395935058594 17.815147399902344 -4.0547819137573242
v -15.456135749816895 0.21850156784057617 13.569010734558105
v -48.439624786376953 8.9132375717163086 3.0283761024475098
v -13.002809524536133 -31.043140411376953 -91.064048767089844
v -13.749024391174316 -11.295299530029297 56.073360443115234
v 32.832431793212891 -1.607508659362793 38.717693328857422
v 13.637240409851074 -11.611205101013184 56.777980804443359
v 69.039360046386719 16.847742080688477 -18.885227203369141
v -85.733634948730469 27.345521926879883 13.773761749267578
v -11.082235336303711 -28.441492080688477 86.973487854003906
v -18.89146614074707 -26.03596305847168 -84.688194274902344
v 21.133356094360352 -7.6335225105285645 49.452960968017578
v -55.186859130859375 9.6307382583618164 22.972238540649414
v 38.506702423095703 0.94747555255889893 35.208786010742188
v -37.646839141845703 -0.21042494475841522 38.355537414550781
v 31.319389343261719 -6.9575967788696289 52.985622406005859
v -26.8177490234375 -12.333369255065918 -62.848892211914062
v -26.880893707275391 -21.905220031738281 80.385887145996094
v -76.350662231445312 20.041845321655273 24.2855224609375
v 55.648330688476562 9.1801900863647461 26.339878082275391
v 10.686683654785156 -28.887905120849609 87.599205017089844
v 64.878242492675781 12.708521842956543 -29.773818969726562
v 31.11555290222168 -13.134464263916016 -66.360427856445312
v 30.946447372436523 -18.91880989074707 76.853866577148438
v -49.291614532470703 5.8414278030395508 30.125640869140625
v 17.25547981262207 -23.372575759887695 -80.106842041015625
v 84.637596130371094 26.258274078369141 -16.985651016235352
v 27.578298568725586 -3.811837911605835 42.010910034179688
v 38.224281311035156 -2.8364570140838623 47.003776550292969
v -69.799705505371094 14.565574645996094 -32.455825805664062
v 63.189109802246094 10.447851181030273 35.509857177734375
v 46.084926605224609 -4.0200324058532715 -56.345859527587891
v 57.319534301757812 4.2498435974121094 -46.629302978515625
v -34.547550201416016 -15.932770729064941 73.236045837402344
v 86.516746520996094 25.873908996582031 -26.67558479309082
v 87.769012451171875 24.355720520019531 -36.460838317871094
v 41.378952026367188 -14.938968658447266 74.980178833007812
v 74.135238647460938 17.354209899902344 -30.872997283935547
v -77.999153137207031 16.595212936401367 41.807910919189453
v -75.845252990722656 17.193971633911133 35.432914733886719
v 4.0320682525634766 -6.1999692916870117 -40.522994995117188
v 38.146648406982422 5.5101308822631836 -3.392770528793335
v -31.322458267211914 3.712493896484375 -2.4679427146911621
v 4.0100116729736328 -9.6844520568847656 50.513694763183594
v -75.661231994628906 21.844121932983398 2.0799190998077393
v 3.645759105682373 -14.167416572570801 -61.016082763671875
v 63.912017822265625 15.543450355529785 -2.9389152526855469
v -3.241325855255127 -0.71676290035247803 14.118095397949219
v -15.740743637084961 0.92450761795043945 2.3997905254364014
v 14.791308403015137 0.66571927070617676 -7.042518138885498
v 3.6188111305236816 -3.0669999122619629 -28.629520416259766
v 28.918722152709961 3.1648626327514648 -2.0378646850585938
v 2.008744478225708 -13.795380592346191 60.140632629394531
v -11.294832229614258 0.35784399509429932 -6.0091457366943359
v 2.5889830589294434 -25.807493209838867 -82.238609313964844
v 1.2924920320510864 -20.412254333496094 73.101356506347656
v -73.447525024414062 20.551088333129883 -3.4368255138397217
v 54.890186309814453 11.49644660949707 1.8444501161575317
v 0.14413231611251831 -28.859565734863281 86.87384033203125
v 53.005233764648438 10.640646934509277 -4.0442862510681152
v 1.8030459880828857 -10.137651443481445 -51.557392120361328
v -34.313865661621094 3.5294616222381592 15.874020576477051
v 13.7978515625 -0.077531136572360992 14.450735092163086
v 27.023473739624023 2.0692360401153564 13.780362129211426
v 44.888019561767578 7.5871767997741699 6.1634917259216309
v -11.006598472595215 -34.212234497070312 -95.276657104492188
v -13.371279716491699 -0.57624691724777222 18.306934356689453
v -20.665727615356445 1.1592011451721191 11.31697940826416
v -13.30724048614502 -9.1336736679077148 50.648090362548828
v -27.073251724243164 1.2885551452636719 -19.929750442504883
v 17.044422149658203 -1.184238076210022 24.552909851074219
v 41.543308258056641 5.8049697875976562 -14.152850151062012
v 59.809028625488281 12.825886726379395 14.722787857055664
v -15.776169776916504 -13.490246772766113 -61.484714508056641
v -9.8006229400634766 -17.58050537109375 -68.556892395019531
v 94.225662231445312 33.123538970947266 -14.384761810302734
v 13.221932411193848 -3.5705451965332031 33.25079345703125
v -53.331924438476562 10.63292407989502 7.5503635406494141
v -27.568992614746094 -0.75240570306777954 30.996042251586914
v 39.889972686767578 2.2114279270172119 -31.815727233886719
v 36.010494232177734 1.6976171731948853 29.132333755493164
v -31.406709671020508 -2.65810227394104 -41.041950225830078
v -13.926364898681641 -18.721057891845703 71.374343872070312
v -72.858268737792969 19.000024795532227 18.471187591552734
v 44.627506256103516 4.3770527839660645 -29.173244476318359
v -75.81396484375 20.109006881713867 -21.965433120727539
v 26.654476165771484 -2.3545749187469482 36.496852874755859
v -19.446039199829102 1.0351355075836182 -10.270878791809082
v 93.12518310546875 31.548759460449219 -20.372261047363281
v -23.732158660888672 -6.0128364562988281 46.183071136474609
v -49.983268737792969 7.3012394905090332 24.369783401489258
v 9.6134777069091797 -26.23130989074707 83.420761108398438
v 33.341297149658203 -4.8642563819885254 48.859485626220703
v 57.364082336425781 11.188930511474609 -19.066659927368164
v 64.961593627929688 13.644468307495117 25.437641143798828
v 25.461179733276367 -8.4778499603271484 53.576595306396484
v 74.326026916503906 19.825405120849609 -18.370439529418945
v 61.311187744140625 10.057303428649902 -33.560134887695312
v -33.773674011230469 -3.7240898609161377 46.013206481933594
v -39.214988708496094 2.9783079624176025 27.535829544067383
v -25.000068664550781 -12.251031875610352 61.873996734619141
v -59.460544586181641 10.756311416625977 26.750438690185547
v 38.422161102294922 -0.89661151170730591 41.443206787109375
v -81.249526977539062 22.351753234863281 27.358745574951172
v -19.607227325439453 -14.401604652404785 64.4788818359375
v -28.367061614990234 -17.406005859375 -73.216957092285156
v 49.4742431640625 8.2469892501831055 17.048452377319336
v -30.161222457885742 -22.490339279174805 -82.396965026855469
v 23.218421936035156 -13.549649238586426 63.936641693115234
v -63.850086212158203 9.2304115295410156 -40.716804504394531
v -89.8594970703125 27.909507751464844 -27.658935546875
v 52.879726409912109 1.4758316278457642 -49.044910430908203
v -42.226608276367188 -0.12053941935300827 42.580204010009766
v 20.310827255249023 -25.768037796020508 -84.628776550292969
v 20.172561645507812 -19.182516098022461 73.690689086914062
v -70.637222290039062 17.371850967407227 -20.970512390136719
v 87.854270935058594 27.440690994262695 23.238319396972656
v 48.597686767578125 6.5185551643371582 -25.569572448730469
v 27.066585540771484 -7.4014077186584473 -51.69366455078125
v 38.42138671875 -9.0832509994506836 -62.084556579589844
v -30.225515365600586 -15.152763366699219 69.842926025390625
v -70.9744873046875 14.829187393188477 33.983020782470703
v 78.924018859863281 19.311159133911133 -34.2427978515625
v 37.217052459716797 -14.010554313659668 71.074287414550781
v -68.992103576660156 12.392256736755371 -38.869514465332031
v -81.3634033203125 21.214191436767578 -32.632476806640625
v -1.1034890413284302 -32.003055572509766 -91.503730773925781
v 90.877052307128906 31.561628341674805 0.81852227449417114
v -32.869251251220703 -22.535762786865234 83.5491943359375
v -47.801254272460938 2.251124382019043 41.166393280029297
v 3.6736686229705811 -25.953397750854492 82.510955810546875
v -75.2093505859375 20.987794876098633 12.778983116149902
v 43.543285369873047 7.2504086494445801 -0.94610220193862915
v -84.100143432617188 26.984615325927734 -2.5217351913452148
v 3.3872740268707275 -1.6852209568023682 21.304937362670898
v 65.964347839355469 16.595743179321289 2.4740481376647949
v 2.5022091865539551 -8.0113334655761719 45.889553070068359
v -54.581367492675781 11.363306045532227 1.911382794380188
v -2.9100222587585449 -12.073315620422363 56.298450469970703
v -9.2266101837158203 -26.007072448730469 83.023475646972656
v 2.8704886436462402 -0.18949934840202332 -7.8257489204406738
v -45.408943176269531 6.8844928741455078 -16.124078750610352
v -1.5024048089981079 -1.4607753753662109 -19.617658615112305
v 20.845281600952148 1.6115773916244507 3.4933013916015625
v -58.690532684326172 12.634671211242676 11.668749809265137
v -65.437736511230469 16.350406646728516 1.4314378499984741
v 67.383621215820312 17.092086791992188 -8.2302455902099609
v 8.8940439224243164 -10.524898529052734 53.296218872070312
v -54.663089752197266 11.160343170166016 -8.1661005020141602
v -29.484567642211914 1.9026253223419189 19.221426010131836
v -87.136062622070312 28.745546340942383 8.2883329391479492
v 11.990639686584473 -10.803930282592773 -54.462623596191406
v 56.816070556640625 12.040227890014648 -8.7197284698486328
v -56.181056976318359 10.209246635437012 -22.01561164855957
v 66.939208984375 14.94483470916748 -24.032737731933594
v 8.5144119262695312 -31.609724044799805 91.364349365234375
v 10.209268569946289 -17.885433197021484 69.215240478515625
v -23.383068084716797 -30.718353271484375 -92.637161254882812
v -13.554312705993652 -24.77857780456543 -81.661590576171875
v -29.91436767578125 -7.8070740699768066 54.16192626953125
v 54.926753997802734 10.083598136901855 19.47711181640625
v 23.167078018188477 -5.6487469673156738 44.848278045654297
v -55.233432769775391 -6.3754410743713379 -68.719459533691406
v -58.380935668945312 6.3714065551757812 -41.745365142822266
v 8.6896419525146484 -20.917591094970703 -74.537834167480469
v 14.331406593322754 -30.511455535888672 90.531990051269531
v 26.697822570800781 -12.027303695678711 -62.141216278076172
v -90.198127746582031 29.889795303344727 17.640146255493164
v 35.134162902832031 -14.594505310058594 -71.076896667480469
v -24.271965026855469 -24.0885009765625 -82.991958618164062
v 51.916603088378906 3.0788304805755615 -43.447803497314453
v 41.268260955810547 -5.0426664352416992 -54.940227508544922
v -13.734338760375977 -18.996679306030273 -71.834983825683594
v 21.657205581665039 -4.2815647125244141 39.879993438720703
v -64.698760986328125 15.413875579833984 12.38846492767334
v -14.224846839904785 -13.671721458435059 61.489814758300781
v -67.505821228027344 9.7880964279174805 -44.651947021484375
v 43.770175933837891 -8.8766603469848633 65.130767822265625
v 54.371726989746094 4.5938601493835449 41.9378662109375
v 8.0481195449829102 -9.3467178344726562 -50.102569580078125
v 39.526294708251953 3.404829740524292 -25.924531936645508
v 48.859531402587891 -1.2987804412841797 -52.234291076660156
v 62.566333770751953 5.3322606086730957 -50.179039001464844
v -68.818008422851562 2.6144638061523438 63.658836364746094
v 39.271453857421875 5.5263557434082031 9.812556266784668
v 17.597311019897461 0.86215782165527344 8.8418006896972656
v 26.921297073364258 0.50188010931015015 24.486001968383789
v 33.205539703369141 -23.237678527832031 -84.80230712890625
v 25.204734802246094 -26.647180557250977 87.220870971679688
v -0.86087608337402344 -0.050650857388973236 -2.9343502521514893
v 21.812858581542969 -11.187454223632812 -58.396827697753906
v -52.154552459716797 -9.8055343627929688 72.690681457519531
v 60.526569366455078 0.67384433746337891 59.092800140380859
v 80.183837890625 23.105876922607422 19.46275520324707
v -4.4583992958068848 -29.153924942016602 -87.464187622070312
v 86.551231384277344 28.54755973815918 4.2826533317565918
v 78.43792724609375 23.370594024658203 6.4023284912109375
v -70.524795532226562 18.984689712524414 1.6709597110748291
v 31.904632568359375 -15.92018985748291 72.007133483886719
v 46.421077728271484 6.8652820587158203 -18.965175628662109
v 7.3058123588562012 -2.0658390522003174 24.4256591796875
v -49.713760375976562 -2.6492819786071777 56.254993438720703
v 18.22943115234375 0.69694024324417114 -12.254533767700195
v 26.213388442993164 -1.0212900638580322 30.947473526000977
v 46.369907379150391 1.9037772417068481 -40.649818420410156
v -60.320262908935547 13.610666275024414 -8.6557807922363281
v 17.431818008422852 -29.169347763061523 -89.0867919921875
v 66.837875366210938 13.219990730285645 31.752927780151367
v 98.17572021484375 35.454071044921875 -19.013887405395508
v -49.910213470458984 1.6588549613952637 -45.350807189941406
v 72.932090759277344 18.067678451538086 -24.404687881469727
v 31.734350204467773 -5.3088617324829102 -48.972816467285156
v 50.080570220947266 5.7306418418884277 -31.752408981323242
v -58.252590179443359 9.0847282409667969 31.79844856262207
v -19.639505386352539 -17.399589538574219 70.295494079589844
v -30.61650276184082 -12.441038131713867 64.754440307617188
v -37.997318267822266 -1.1454815864562988 -41.844345092773438
v 38.388927459716797 -11.029285430908203 66.043296813964844
v 12.025876998901367 -6.7016959190368652 43.501186370849609
v -57.881877899169922 5.5618138313293457 43.498283386230469
v 60.824676513671875 4.4411106109619141 50.365898132324219
v 50.734504699707031 -3.620081901550293 59.375270843505859
v 35.861854553222656 3.9208393096923828 -15.874613761901855
v 65.156379699707031 1.8881427049636841 61.202186584472656
v -78.541732788085938 16.267066955566406 -43.707553863525391
v -28.267969131469727 -0.22658984363079071 -29.376552581787109
v 33.171607971191406 2.0515472888946533 23.90843391418457
v 71.410240173339844 19.460657119750977 2.1346926689147949
v -8.4131689071655273 -18.236858367919922 69.643806457519531
v 29.323949813842773 2.9464974403381348 9.1183233261108398
v -46.377151489257812 8.1579608917236328 -3.3123109340667725
v 39.048641204833984 5.7840480804443359 3.2133336067199707
v 51.992591857910156 -10.385299682617188 73.628753662109375
v -31.87446403503418 -19.157693862915039 -77.654685974121094
v 65.941146850585938 15.952167510986328 13.227116584777832
v 25.970701217651367 -5.6259264945983887 -46.350517272949219
v -81.675514221191406 23.54432487487793 22.564006805419922
v 87.277450561523438 28.789556503295898 9.0257987976074219
v -56.336521148681641 2.8232152462005615 49.351634979248047
v -65.722824096679688 2.4829721450805664 -60.551094055175781
v 15.925244331359863 -17.386589050292969 69.360504150390625
v -75.201347351074219 9.298579216003418 56.758056640625
v 27.541423797607422 -9.5844745635986328 -57.172706604003906
v -43.155643463134766 1.8568516969680786 37.106819152832031
v 70.145332336425781 15.888344764709473 27.505603790283203
v -25.261787414550781 -20.752449035644531 -77.898597717285156
v -43.772163391113281 -9.8104400634765625 -66.954910278320312
v 46.875267028808594 -3.1262383460998535 54.884162902832031
v 38.290824890136719 -16.325817108154297 -75.780601501464844
v -26.550172805786133 -2.545889139175415 37.072685241699219
v 54.598461151123047 -3.6261780261993408 -62.691066741943359
v 68.418418884277344 15.964001655578613 22.403690338134766
v 80.969276428222656 19.368371963500977 38.541297912597656
v 83.155342102050781 20.921876907348633 -37.994503021240234
v -45.549942016601562 7.5578117370605469 -9.7960138320922852
v -53.014987945556641 10.050649642944336 13.240079879760742
v -16.442647933959961 -10.996380805969238 -56.10516357421875
v -45.495708465576172 6.4128246307373047 19.803869247436523
v 95.721000671386719 34.975521087646484 3.3087947368621826
v -72.785331726074219 17.434408187866211 -27.079750061035156
v 52.447948455810547 -9.5639820098876953 -72.455314636230469
v 7.0721859931945801 -28.259628295898438 -86.276985168457031
v -83.275154113769531 25.856054306030273 -13.058491706848145
v -78.480697631835938 19.886253356933594 30.933370590209961
v -43.931987762451172 3.5462384223937988 31.664117813110352
v 86.040252685546875 27.719028472900391 -12.360816955566406
v -88.73712158203125 25.841182708740234 33.348728179931641
v -32.424095153808594 -2.1733624935150146 40.273181915283203
v -18.585580825805664 -5.7787117958068848 43.058513641357422
v -10.081473350524902 0.28680902719497681 5.5768074989318848
v 9.0728816986083984 -5.2527718544006348 -38.172622680664062
v 27.678245544433594 2.875295877456665 3.5205788612365723
v -9.1835365295410156 -15.324466705322266 64.052001953125
v -14.76141357421875 -16.063798904418945 -66.507072448730469
v 84.617439270019531 26.01824951171875 18.72511100769043
v -23.455596923828125 -4.4182372093200684 41.315505981445312
v 44.696773529052734 6.0616493225097656 20.305032730102539
v 53.857204437255859 10.440676689147949 12.951519966125488
v -94.175743103027344 32.166179656982422 21.158847808837891
v -34.921207427978516 -5.4389190673828125 51.389915466308594
v 25.09466552734375 -20.481697082519531 77.37646484375
v 26.265085220336914 -17.61186408996582 72.802566528320312
v -10.35927677154541 -20.987514495849609 74.870010375976562
v -72.182929992675781 14.127054214477539 38.883396148681641
v -46.102470397949219 6.1916937828063965 -22.450887680053711
v 20.829183578491211 0.59152299165725708 -16.784143447875977
v 77.960792541503906 18.948188781738281 33.424041748046875
v 48.427253723144531 -0.38413435220718384 49.418540954589844
v -37.802772521972656 -17.12049674987793 -76.878746032714844
v -63.047718048095703 15.115528106689453 -3.8539779186248779
v 58.406581878662109 -7.4446268081665039 73.174018859863281
v -21.510002136230469 1.6620281934738159 -5.7151908874511719
v -2.8916695117950439 -0.28204908967018127 -9.1178874969482422
v 75.612510681152344 12.840500831604004 48.529804229736328
v -37.802684783935547 -20.140331268310547 81.839828491210938
v 39.744644165039062 -8.1997909545898438 61.040172576904297
v -53.747768402099609 -1.7883760929107666 -57.936130523681641
v -51.812572479248047 10.216104507446289 -2.6574900150299072
v -49.206912994384766 -8.2125711441040039 67.607490539550781
v 63.756099700927734 1.0038607120513916 -61.616844177246094
v 37.027107238769531 4.8600244522094727 -9.8188657760620117
v -82.889694213867188 26.013416290283203 7.926243782043457
v 81.875579833984375 25.575029373168945 2.8114538192749023
v 67.204734802246094 -3.6956019401550293 -74.050811767578125
v 49.486423492431641 3.9799890518188477 37.515144348144531
v 78.0986328125 21.326332092285156 -22.776268005371094
v 31.998870849609375 -0.34994944930076599 33.393779754638672
v -28.599891662597656 -24.757625579833984 85.448982238769531
v -46.259544372558594 -11.649235725402832 -72.019195556640625
v -14.256318092346191 -16.297443389892578 66.85284423828125
v 21.17253303527832 -31.386285781860352 -93.07781982421875
v -73.134346008300781 6.0533413887023926 61.369216918945312
v -83.749610900878906 22.776130676269531 32.417564392089844
v 61.110523223876953 8.5859413146972656 -38.556961059570312
v -56.180511474609375 3.5977048873901367 -47.116378784179688
v -36.020652770996094 -12.694535255432129 67.926765441894531
v -75.878898620605469 17.897836685180664 -32.714244842529297
v 56.596054077148438 -6.9576115608215332 -70.8809814453125
v 66.905799865722656 8.3761806488037109 -47.862289428710938
v -43.194431304931641 6.9407339096069336 7.1300911903381348
v 65.973915100097656 6.075803279876709 52.600971221923828
v -24.863069534301758 -15.527670860290527 -68.413490295410156
v -56.75177001953125 11.158591270446777 17.43292236328125
v -14.041762351989746 0.33274105191230774 -10.551497459411621
v 16.882575988769531 -2.2646646499633789 29.690908432006836
v 78.223365783691406 20.282228469848633 -28.476762771606445
v -91.453941345214844 31.703826904296875 -8.0815715789794922
v -75.55438232421875 12.745449066162109 -48.702938079833984
v 13.148515701293945 -36.892391204833984 -99.131813049316406
v 75.340599060058594 16.096166610717773 38.189380645751953
v 72.35992431640625 15.814762115478516 33.101619720458984
v 26.36640739440918 -19.317256927490234 -75.855690002441406
v -5.8123688697814941 -6.0378761291503906 -40.110572814941406
v 20.61338996887207 0.89707177877426147 13.827277183532715
v -7.9402446746826172 -10.536114692687988 53.169052124023438
v 37.022735595703125 -5.0393409729003906 -51.860603332519531
v 71.724174499511719 19.091890335083008 12.383729934692383
v -92.485488891601562 27.160150527954102 -38.032016754150391
v -12.883316040039062 -2.1031875610351562 -26.684368133544922
v 2.9082145690917969 -11.509873390197754 54.983467102050781
v -29.19795036315918 2.4312150478363037 -14.563665390014648
v 4.2232584953308105 -18.180671691894531 69.156272888183594
v -9.6327190399169922 -0.21190473437309265 12.440395355224609
v 96.74462890625 33.322547912597656 -25.307636260986328
v 70.957511901855469 11.406658172607422 -45.244533538818359
v 39.514560699462891 4.9221796989440918 16.559940338134766
v 34.912174224853516 0.12826859951019287 -34.402011871337891
v 32.955299377441406 -3.316103458404541 44.21441650390625
v 27.726110458374023 -5.8707399368286133 48.060291290283203
v 76.187110900878906 21.55927848815918 -12.827134132385254
v 24.580469131469727 -0.23151062428951263 -25.70338249206543
v 54.146915435791016 6.1897077560424805 36.264392852783203
v 40.639759063720703 -18.419450759887695 -80.457466125488281
v 3.7852287292480469 -1.914233922958374 -22.780094146728516
v -90.573272705078125 29.149810791015625 24.028457641601562
v 90.2518310546875 31.017488479614258 -4.8136582374572754
v 25.157419204711914 -3.96573805809021 -40.883277893066406
v -5.2062134742736816 0.084813162684440613 1.6134192943572998
v -94.242156982421875 33.270744323730469 -13.208640098571777
v -38.532718658447266 -16.855541229248047 76.792144775390625
v -6.7508230209350586 -34.525402069091797 95.297966003417969
v 29.019964218139648 -16.179328918457031 -71.235076904296875
v -26.546745300292969 -9.5175256729125977 -56.538410186767578
v 11.456774711608887 -23.513511657714844 -79.278579711914062
v -44.874923706054688 5.0989933013916016 26.066135406494141
v 21.722070693969727 -1.1951456069946289 28.018766403198242
v 75.772926330566406 13.07841968536377 -48.182914733886719
v 12.109549522399902 -2.3241887092590332 27.320043563842773
v -23.18864631652832 1.1549739837646484 -15.198101997375488
v 65.666496276855469 11.514298439025879 -36.109607696533203
v 89.579437255859375 29.658306121826172 -16.053674697875977
v 19.816217422485352 -0.32320624589920044 -21.822158813476562
v 19.910795211791992 -15.832415580749512 -67.376319885253906
v -24.709234237670898 -9.9343252182006836 56.623588562011719
v -16.15770149230957 -8.8008136749267578 -50.645317077636719
v -23.879552841186523 0.42476347088813782 21.248983383178711
v -26.069816589355469 -4.8832879066467285 -44.239189147949219
v -1.5976636409759521 -3.7436916828155518 -31.35127067565918
v -38.556388854980469 5.1995081901550293 11.448485374450684
v -5.8973274230957031 -7.8951010704040527 -45.771003723144531
v -80.874534606933594 24.951690673828125 2.4307401180267334
v -4.656890869140625 -16.577266693115234 66.031181335449219
v -10.225007057189941 -2.9776606559753418 29.836856842041016
v 92.030853271484375 26.518989562988281 39.119331359863281
v -33.494132995605469 1.1030951738357544 28.918495178222656
v -57.278598785400391 11.884544372558594 -13.123519897460938
v 55.485591888427734 11.048931121826172 -13.720483779907227
v 74.894844055175781 21.366024017333984 -2.9359016418457031
v -13.889568328857422 -5.2130217552185059 39.453659057617188
v -59.701957702636719 8.3245725631713867 37.209312438964844
v -67.296150207519531 -3.6016263961791992 -73.967750549316406
v 85.813713073730469 27.426485061645508 13.562756538391113
v -59.859466552734375 11.866275787353516 21.79136848449707
v 56.799030303955078 10.074142456054688 -24.392391204833984
v -16.762197494506836 -20.64997673034668 75.418006896972656
v -47.634006500244141 -5.9990677833557129 61.909378051757812
v 18.879617691040039 -2.7819428443908691 -32.854141235351562
v -11.155853271484375 -0.5261186957359314 -16.090194702148438
v -18.498775482177734 -29.353593826293945 -89.570381164550781
v 19.898368835449219 -5.9813604354858398 -44.273750305175781
v -3.1100325584411621 -31.782142639160156 91.26605224609375
v -89.651992797851562 23.215671539306641 44.300338745117188
v -55.067562103271484 0.042151983827352524 54.968898773193359
v 81.982467651367188 22.997097015380859 -26.481349945068359
v -15.046640396118164 -5.0057063102722168 -39.20562744140625
v -29.605384826660156 2.6237649917602539 13.610834121704102
v -62.150016784667969 13.599098205566406 17.528938293457031
v 24.896326065063477 -23.480047225952148 82.230064392089844
v -9.0290069580078125 -4.5113558769226074 35.624401092529297
v 40.358272552490234 4.6966614723205566 -19.963357925415039
v -17.428628921508789 -2.4066507816314697 -30.563106536865234
v -13.272162437438965 -7.1112551689147949 45.111408233642578
v -65.727767944335938 -1.55455482006073 -68.753273010253906
v -91.038017272949219 28.394168853759766 29.242458343505859
vn -0.14599336683750153 -0.80413872003555298 -0.57623505592346191
vn -0.11170803755521774 -0.8068462610244751 -0.58010381460189819
vn -0.0054572867229580879 -0.80731546878814697 -0.59009486436843872
vn 0.033922441303730011 -0.80800634622573853 -0.58819645643234253
vn 0.074564635753631592 -0.80687934160232544 -0.58599132299423218
vn 0.112370565533638 -0.80736052989959717 -0.57925975322723389
vn 0.15091584622859955 -0.80768191814422607 -0.56997746229171753
vn -0.20342652499675751 -0.81052649021148682 -0.5492398738861084
vn -0.16921733319759369 -0.81063830852508545 -0.56056314706802368
vn -0.12866620719432831 -0.81725001335144043 -0.56173610687255859
vn -0.090830981731414795 -0.820046067237854 -0.56504356861114502
vn -0.076511263847351074 -0.80701327323913574 -0.58555585145950317
vn -0.057414643466472626 -0.82061988115310669 -0.56858295202255249
vn 0.017346626147627831 -0.82077056169509888 -0.57099449634552002
vn 0.12056043744087219 -0.82041656970977783 -0.55891132354736328
vn 0.22415272891521454 -0.81044882535934448 -0.54122847318649292
vn 0.25693279504776001 -0.8096691370010376 -0.52765649557113647
vn -0.29288774728775024 -0.81146734952926636 -0.50570499897003174
vn -0.26498863101005554 -0.80936276912689209 -0.52413070201873779
vn -0.23570629954338074 -0.80970871448516846 -0.53741455078125
vn -0.14599694311618805 -0.82972258329391479 -0.53874421119689941
vn -0.10271655023097992 -0.83450931310653687 -0.54133492708206177
vn -0.037578389048576355 -0.83252561092376709 -0.55271053314208984
vn 0.038183163851499557 -0.83162593841552734 -0.55402201414108276
vn 0.094660289585590363 -0.83225446939468384 -0.54625266790390015
vn 0.12402071803808212 -0.83572584390640259 -0.53495907783508301
vn 0.19116406142711639 -0.82346969842910767 -0.53418534994125366
vn 0.1913054883480072 -0.80627375841140747 -0.55975425243377686
vn 0.28583094477653503 -0.80993407964706421 -0.51215958595275879
vn -0.26469290256500244 -0.8217347264289856 -0.50466793775558472
vn -0.21065084636211395 -0.83878237009048462 -0.50206607580184937
vn -0.12874490022659302 -0.84633731842041016 -0.51685380935668945
vn -0.086701564490795135 -0.85150629281997681 -0.51712656021118164
vn -0.042281348258256912 -0.85589081048965454 -0.51542526483535767
vn -0.017369536682963371 -0.8453514575958252 -0.53392815589904785
vn 0.054651636630296707 -0.85543173551559448 -0.51502400636672974
vn 0.092299841344356537 -0.84750610589981079 -0.52269893884658813
vn 0.12526814639568329 -0.84974491596221924 -0.51209515333175659
vn 0.18843355774879456 -0.83658075332641602 -0.51441758871078491
vn 0.22296679019927979 -0.82754695415496826 -0.51522016525268555
vn 0.2598491907119751 -0.82470697164535522 -0.50233131647109985
vn 0.28449288010597229 -0.82304751873016357 -0.49158576130867004
vn -0.38122820854187012 -0.81277269124984741 -0.44052878022193909
vn -0.36009007692337036 -0.81008315086364746 -0.46270990371704102
vn -0.31027397513389587 -0.82034993171691895 -0.48037073016166687
vn -0.27720907330513 -0.82995575666427612 -0.48407498002052307
vn -0.18768846988677979 -0.85357511043548584 -0.48598623275756836
vn -0.15003190934658051 -0.85748356580734253 -0.49215078353881836
vn -0.028548438102006912 -0.86897122859954834 -0.49403843283653259
vn 0.045041643083095551 -0.86988818645477295 -0.49118813872337341
vn 0.090505316853523254 -0.86423313617706299 -0.49488371610641479
vn 0.23415286839008331 -0.83999276161193848 -0.48947378993034363
vn 0.29533645510673523 -0.83109939098358154 -0.47122198343276978
vn 0.34409138560295105 -0.80869871377944946 -0.47708222270011902
vn -0.40441074967384338 -0.81250864267349243 -0.41985905170440674
vn -0.35150754451751709 -0.8277239203453064 -0.43739640712738037
vn -0.29607805609703064 -0.8376273512840271 -0.45904055237770081
vn -0.26051071286201477 -0.84693920612335205 -0.46349555253982544
vn -0.16669774055480957 -0.86560070514678955 -0.47217291593551636
vn -0.013495540246367455 -0.88364923000335693 -0.46795502305030823
vn 0.12570464611053467 -0.88945043087005615 -0.43940448760986328
vn 0.14602626860141754 -0.87634038925170898 -0.45902493596076965
vn 0.18225367367267609 -0.87284404039382935 -0.4526885449886322
vn 0.21868334710597992 -0.86867028474807739 -0.44451045989990234
vn 0.2753528356552124 -0.8472059965133667 -0.4543377161026001
vn 0.30640068650245667 -0.84078115224838257 -0.4463246762752533
vn 0.33753296732902527 -0.83267176151275635 -0.43900933861732483
vn 0.36672294139862061 -0.82362300157546997 -0.43261930346488953
vn 0.39168837666511536 -0.81091654300689697 -0.43473508954048157
vn -0.40067452192306519 -0.82536345720291138 -0.39778777956962585
vn -0.37364047765731812 -0.8314366340637207 -0.41122487187385559
vn -0.34261414408683777 -0.84292221069335938 -0.41484659910202026
vn -0.27820909023284912 -0.85735613107681274 -0.43305909633636475
vn -0.24083292484283447 -0.87584573030471802 -0.41820305585861206
vn -0.16683599352836609 -0.87748241424560547 -0.44965583086013794
vn -0.028570553287863731 -0.90388333797454834 -0.42682388424873352
vn 0.043803099542856216 -0.8968389630317688 -0.44018310308456421
vn 0.086713574826717377 -0.89701730012893677 -0.43340593576431274
vn 0.1930060088634491 -0.88495820760726929 -0.4237896203994751
vn 0.23023496568202972 -0.88029634952545166 -0.41481339931488037
vn 0.31939324736595154 -0.84954273700714111 -0.41983935236930847
vn 0.35165819525718689 -0.8397061824798584 -0.41379958391189575
vn 0.38276410102844238 -0.82944637537002563 -0.40682965517044067
vn 0.4377988874912262 -0.81028729677200317 -0.38957235217094421
vn -0.43783962726593018 -0.82215535640716553 -0.36380904912948608
vn -0.40923613309860229 -0.83278536796569824 -0.3728194534778595
vn -0.38232836127281189 -0.84097087383270264 -0.38287466764450073
vn -0.35020428895950317 -0.85046249628067017 -0.39251819252967834
vn -0.29883819818496704 -0.87424468994140625 -0.38261204957962036
vn -0.27585732936859131 -0.87366253137588501 -0.4007699191570282
vn -0.24194666743278503 -0.88939040899276733 -0.38787427544593811
vn -0.20635810494422913 -0.89127624034881592 -0.40378579497337341
vn -0.13283912837505341 -0.90382212400436401 -0.40676695108413696
vn -0.059660352766513824 -0.91083282232284546 -0.40844118595123291
vn 0.053482227027416229 -0.91023993492126465 -0.41061285138130188
vn 0.12817329168319702 -0.90061849355697632 -0.41528058052062988
vn 0.16610051691532135 -0.89931666851043701 -0.40452456474304199
vn 0.20339760184288025 -0.89490115642547607 -0.39721700549125671
vn 0.24099722504615784 -0.88928139209747314 -0.38871446251869202
vn 0.30135497450828552 -0.86745136976242065 -0.39587035775184631
vn 0.36408898234367371 -0.84976798295974731 -0.38122645020484924
vn 0.40484783053398132 -0.84085321426391602 -0.35925495624542236
vn 0.43157613277435303 -0.82570749521255493 -0.36324810981750488
vn 0.45706883072853088 -0.81115704774856567 -0.3648456335067749
vn -0.44511806964874268 -0.83080011606216431 -0.33412736654281616
vn -0.42007142305374146 -0.84037423133850098 -0.34250712394714355
vn -0.39316242933273315 -0.84994739294052124 -0.35073164105415344
vn -0.34001880884170532 -0.87709301710128784 -0.33925661444664001
vn -0.30555292963981628 -0.88443225622177124 -0.35272789001464844
vn -0.27507272362709045 -0.88739168643951416 -0.36996078491210938
vn -0.16887308657169342 -0.91764825582504272 -0.35972699522972107
vn -0.1319604218006134 -0.91771280765533447 -0.37468609213829041
vn 0.1010688990354538 -0.92991387844085693 -0.35361742973327637
vn 0.13741029798984528 -0.91293966770172119 -0.38426491618156433
vn 0.25211977958679199 -0.89814633131027222 -0.36023434996604919
vn 0.27835053205490112 -0.88331538438796997 -0.37719348073005676
vn 0.28849577903747559 -0.89197999238967896 -0.34805446863174438
vn 0.34764590859413147 -0.86689400672912598 -0.35726329684257507
vn 0.37822654843330383 -0.85528963804244995 -0.35415294766426086
vn 0.44807955622673035 -0.83078771829605103 -0.33017638325691223
vn 0.47504061460494995 -0.81173872947692871 -0.33973032236099243
vn -0.50335913896560669 -0.81091976165771484 -0.29839366674423218
vn -0.46788212656974792 -0.8214951753616333 -0.32593247294425964
vn -0.45760321617126465 -0.83559125661849976 -0.30395159125328064
vn -0.43283173441886902 -0.84729570150375366 -0.30780953168869019
vn -0.40586307644844055 -0.85785669088363647 -0.31520950794219971
vn -0.3519720733165741 -0.8852924108505249 -0.30392923951148987
vn -0.31565806269645691 -0.89439690113067627 -0.31688186526298523
vn -0.27599790692329407 -0.90254902839660645 -0.33050030469894409
vn -0.20581084489822388 -0.91652017831802368 -0.3429761528968811
vn -0.13165730237960815 -0.93019348382949829 -0.34264624118804932
vn -0.055629517883062363 -0.93883466720581055 -0.33984532952308655
vn 0.057099923491477966 -0.93895608186721802 -0.33926549553871155
vn 0.13007786870002747 -0.93891006708145142 -0.31863400340080261
vn 0.2972247302532196 -0.901988685131073 -0.31316742300987244
vn 0.36495280265808105 -0.87301892042160034 -0.32349255681037903
vn 0.3970111608505249 -0.86871457099914551 -0.29617074131965637
vn 0.42415061593055725 -0.85123085975646973 -0.30903446674346924
vn 0.45002719759941101 -0.84459316730499268 -0.29006534814834595
vn 0.47341886162757874 -0.83731019496917725 -0.27347075939178467
vn 0.52009326219558716 -0.81009620428085327 -0.27064207196235657
vn -0.53539097309112549 -0.8112339973449707 -0.23506566882133484
vn -0.47155830264091492 -0.83713287115097046 -0.27720269560813904
vn -0.44728460907936096 -0.85074615478515625 -0.27598455548286438
vn -0.41971012949943542 -0.86338537931442261 -0.28001627326011658
vn -0.36306551098823547 -0.891632080078125 -0.27051007747650146
vn -0.25968834757804871 -0.91761088371276855 -0.30091890692710876
vn -0.20176345109939575 -0.92971527576446533 -0.30809253454208374
vn -0.14550666511058807 -0.94987016916275024 -0.27672088146209717
vn -0.059549443423748016 -0.95126622915267944 -0.30256637930870056
vn -0.021594207733869553 -0.94783604145050049 -0.31802594661712646
vn 0.016202082857489586 -0.95554351806640625 -0.29440459609031677
vn 0.046017102897167206 -0.94990354776382446 -0.30913689732551575
vn 0.11270420998334885 -0.95215469598770142 -0.2840760350227356
vn 0.30457505583763123 -0.91202282905578613 -0.27467873692512512
vn 0.33614709973335266 -0.8933178186416626 -0.29830917716026306
vn 0.39563950896263123 -0.88061445951461792 -0.26074418425559998
vn 0.4243570864200592 -0.86286419630050659 -0.27456587553024292
vn 0.49613267183303833 -0.82449901103973389 -0.27212822437286377
vn -0.51101022958755493 -0.82766658067703247 -0.23202700912952423
vn -0.43919655680656433 -0.86535656452178955 -0.24138011038303375
vn -0.36854398250579834 -0.90005987882614136 -0.23252423107624054
vn -0.33652928471565247 -0.90812760591506958 -0.2491028904914856
vn -0.27223387360572815 -0.93290901184082031 -0.2357318103313446
vn -0.23276849091053009 -0.93990784883499146 -0.24978406727313995
vn -0.15695200860500336 -0.95872038602828979 -0.23711018264293671
vn -0.10934960842132568 -0.96194911003112793 -0.25039276480674744
vn -0.026020284742116928 -0.9605061411857605 -0.27703952789306641
vn 0.0600731261074543 -0.95944017171859741 -0.27543747425079346
vn 0.14903044700622559 -0.95733386278152466 -0.24759207665920258
vn 0.31414183974266052 -0.92023772001266479 -0.23340402543544769
vn 0.35485881567001343 -0.90979427099227905 -0.21528950333595276
vn 0.39024004340171814 -0.89287424087524414 -0.22469606995582581
vn 0.45265361666679382 -0.85554361343383789 -0.25129634141921997
vn 0.52586746215820312 -0.82411617040634155 -0.21046598255634308
vn 0.54929244518280029 -0.81001925468444824 -0.20529642701148987
vn -0.47875434160232544 -0.85592210292816162 -0.19542673230171204
vn -0.45337054133415222 -0.8686864972114563 -0.19959704577922821
vn -0.42509430646896362 -0.88088417053222656 -0.20817761123180389
vn -0.37293395400047302 -0.90640109777450562 -0.19838669896125793
vn -0.21219590306282043 -0.96026843786239624 -0.18126602470874786
vn -0.16816678643226624 -0.96610814332962036 -0.19584442675113678
vn -0.12023020535707474 -0.97052139043807983 -0.20888502895832062
vn -0.043894760310649872 -0.98103731870651245 -0.18878288567066193
vn -0.03302391991019249 -0.97194933891296387 -0.23286016285419464
vn 0.052670300006866455 -0.97250854969024658 -0.2268325537443161
vn 0.22291365265846252 -0.95206773281097412 -0.2094673216342926
vn 0.29251894354820251 -0.93269497156143188 -0.21098041534423828
vn 0.32018387317657471 -0.92778497934341431 -0.19156539440155029
vn 0.41627871990203857 -0.88791877031326294 -0.19573520123958588
vn 0.49106189608573914 -0.85150247812271118 -0.18385261297225952
vn 0.51577329635620117 -0.83665680885314941 -0.18434551358222961
vn 0.53851616382598877 -0.82305312156677246 -0.18051016330718994
vn -0.54252773523330688 -0.8225434422492981 -0.17054611444473267
vn -0.46826028823852539 -0.86892539262771606 -0.16031508147716522
vn -0.43776839971542358 -0.88397139310836792 -0.16417494416236877
vn -0.29319137334823608 -0.94167745113372803 -0.1651739627122879
vn -0.25536248087882996 -0.95302635431289673 -0.16288256645202637
vn -0.13096505403518677 -0.97663664817810059 -0.17037917673587799
vn -0.088392607867717743 -0.97979933023452759 -0.17938779294490814
vn -0.05859772115945816 -0.98752599954605103 -0.14614604413509369
vn 0.093947984278202057 -0.98261988162994385 -0.1600998193025589
vn 0.16236360371112823 -0.97227132320404053 -0.16830475628376007
vn 0.28283417224884033 -0.94400703907012939 -0.16986903548240662
vn 0.35287585854530334 -0.92084312438964844 -0.16591140627861023
vn 0.41218426823616028 -0.89841079711914062 -0.15153290331363678
vn 0.48162704706192017 -0.86326533555984497 -0.15102419257164001
vn 0.50687295198440552 -0.8486640453338623 -0.1511593759059906
vn 0.52862614393234253 -0.83531463146209717 -0.15100951492786407
vn 0.56202870607376099 -0.80884122848510742 -0.17291510105133057
vn 0.57235771417617798 -0.8084101676940918 -0.13740326464176178
vn -0.58356094360351562 -0.80683940649032593 -0.092015489935874939
vn -0.54446017742156982 -0.8288339376449585 -0.12883095443248749
vn -0.52649188041687012 -0.8427654504776001 -0.11203905194997787
vn -0.50826936960220337 -0.85330146551132202 -0.11635632812976837
vn -0.45541098713874817 -0.88186627626419067 -0.12211772054433823
vn -0.36298006772994995 -0.92282265424728394 -0.12901091575622559
vn -0.28871554136276245 -0.94880044460296631 -0.12814456224441528
vn -0.18358923494815826 -0.9762914776802063 -0.11467299610376358
vn -0.14134520292282104 -0.98136162757873535 -0.13019575178623199
vn -0.012295753695070744 -0.98767185211181641 -0.15605497360229492
vn 0.057982910424470901 -0.98867762088775635 -0.13839998841285706
vn 0.13951587677001953 -0.97978568077087402 -0.14337129890918732
vn 0.17870759963989258 -0.97404658794403076 -0.13891299068927765
vn 0.22167745232582092 -0.9653702974319458 -0.13754744827747345
vn 0.25752168893814087 -0.95644575357437134 -0.13745594024658203
vn 0.44095501303672791 -0.88782030344009399 -0.13165795803070068
vn 0.46766391396522522 -0.87567687034606934 -0.12033474445343018
vn 0.49661937355995178 -0.86034584045410156 -0.11477892845869064
vn 0.52261233329772949 -0.84716194868087769 -0.095879971981048584
vn 0.56015807390213013 -0.82094717025756836 -0.1107640340924263
vn 0.58022409677505493 -0.808452308177948 -0.098716206848621368
vn -0.5864112377166748 -0.80813181400299072 -0.055180132389068604
vn -0.56641280651092529 -0.82101011276245117 -0.071546256542205811
vn -0.52100366353988647 -0.84960490465164185 -0.082016512751579285
vn -0.46982809901237488 -0.87872433662414551 -0.084291689097881317
vn -0.34444764256477356 -0.93296343088150024 -0.10457067936658859
vn -0.3126806914806366 -0.94488376379013062 -0.097084775567054749
vn -0.24538254737854004 -0.96663016080856323 -0.073576636612415314
vn -0.19870136678218842 -0.97778266668319702 -0.066774800419807434
vn -0.11677489429712296 -0.9911763072013855 -0.062714695930480957
vn 0.013872232288122177 -0.99736356735229492 -0.071228563785552979
vn 0.05660521611571312 -0.99471831321716309 -0.085623346269130707
vn 0.24758195877075195 -0.96381163597106934 -0.098845042288303375
vn 0.31961482763290405 -0.9425199031829834 -0.097481004893779755
vn 0.3978651762008667 -0.91575944423675537 -0.055568892508745193
vn 0.43386390805244446 -0.89926391839981079 -0.055555973201990128
vn 0.50527656078338623 -0.85967957973480225 -0.075143910944461823
vn 0.53103291988372803 -0.84539520740509033 -0.057541698217391968
vn 0.56631976366043091 -0.82065010070800781 -0.07625851035118103
vn 0.58525210618972778 -0.80852359533309937 -0.061397004872560501
vn -0.56882834434509277 -0.82179373502731323 -0.033005259931087494
vn -0.51060181856155396 -0.85845518112182617 -0.048378381878137589
vn -0.48549392819404602 -0.87293273210525513 -0.047791730612516403
vn -0.45804449915885925 -0.88768184185028076 -0.047076854854822159
vn -0.4301716685295105 -0.90160167217254639 -0.045460965484380722
vn -0.40560272336006165 -0.9130902886390686 -0.041864044964313507
vn -0.3435625433921814 -0.9365384578704834 -0.069717034697532654
vn -0.27630782127380371 -0.96033209562301636 -0.03763357549905777
vn -0.19460825622081757 -0.98078459501266479 -0.013757075183093548
vn -0.15806862711906433 -0.98660105466842651 -0.040405929088592529
vn -0.034689813852310181 -0.99775499105453491 -0.05728524923324585
vn 0.057314556092023849 -0.99769854545593262 -0.036231260746717453
vn 0.089830093085765839 -0.99376285076141357 -0.06607501208782196
vn 0.10877735912799835 -0.99363046884536743 -0.029426615685224533
vn 0.17826336622238159 -0.98183727264404297 -0.064944423735141754
vn 0.2505258321762085 -0.96674859523773193 -0.051321912556886673
vn 0.34735992550849915 -0.93411606550216675 -0.082269579172134399
vn 0.36241963505744934 -0.93072652816772461 -0.048991482704877853
vn 0.41928809881210327 -0.90773248672485352 -0.014805925078690052
vn 0.46435284614562988 -0.88427233695983887 -0.049385342746973038
vn 0.49220943450927734 -0.8693544864654541 -0.044188298285007477
vn 0.57027089595794678 -0.82036924362182617 -0.042254224419593811
vn -0.58815091848373413 -0.80856376886367798 -0.017410142347216606
vn -0.54880064725875854 -0.83573883771896362 -0.018933199346065521
vn -0.4169260561466217 -0.9089089035987854 -0.0075663765892386436
vn -0.30598342418670654 -0.95202267169952393 -0.0051890918985009193
vn -0.27069282531738281 -0.96263056993484497 0.0082332631573081017
vn -0.23777574300765991 -0.9709707498550415 -0.026048095896840096
vn -0.15988107025623322 -0.98712509870529175 0.0046929526142776012
vn -0.084001228213310242 -0.99644178152084351 0.0069013419561088085
vn 0.0055810129269957542 -0.99973219633102417 -0.022459741681814194
vn 0.086312107741832733 -0.9962192177772522 0.0098707443103194237
vn 0.13240739703178406 -0.99113065004348755 0.011325785890221596
vn 0.17854578793048859 -0.98385095596313477 0.012597390450537205
vn 0.24778193235397339 -0.9688153862953186 -0.0008995195385068655
vn 0.3502662181854248 -0.93664950132369995 -0.0011285698274150491
vn 0.40778285264968872 -0.91280364990234375 0.022418780252337456
vn 0.50666815042495728 -0.86208122968673706 -0.010166547261178493
vn 0.54910999536514282 -0.83571010828018188 0.0081711867824196815
vn 0.58889490365982056 -0.80804628133773804 0.016248166561126709
vn -0.59051638841629028 -0.80534821748733521 0.05200548842549324
vn -0.54928410053253174 -0.83418488502502441 0.049219664186239243
vn -0.52542537450790405 -0.84956705570220947 0.046518977731466293
vn -0.50539666414260864 -0.86180824041366577 0.043136198073625565
vn -0.48297449946403503 -0.87332791090011597 0.063513822853565216
vn -0.35621523857116699 -0.93303507566452026 0.050559107214212418
vn -0.26606655120849609 -0.96249240636825562 0.053075429052114487
vn -0.22545804083347321 -0.97211700677871704 0.064476706087589264
vn -0.05227569118142128 -0.99804419279098511 0.034278985112905502
vn 0.067032113671302795 -0.99618774652481079 0.055827025324106216
vn 0.15757985413074493 -0.98613393306732178 0.052042394876480103
vn 0.20411671698093414 -0.97767168283462524 0.049944180995225906
vn 0.24072654545307159 -0.96972662210464478 0.040999781340360641
vn 0.34081059694290161 -0.93924975395202637 0.040718592703342438
vn 0.42813223600387573 -0.90199851989746094 0.055690683424472809
vn 0.48624643683433533 -0.87237322330474854 0.050292812287807465
vn 0.51439106464385986 -0.85630786418914795 0.04624611884355545
vn 0.52407258749008179 -0.85153520107269287 0.01535351574420929
vn 0.54178309440612793 -0.83935391902923584 0.044227927923202515
vn 0.58686035871505737 -0.80801141262054443 0.05208190530538559
vn -0.55985593795776367 -0.8236386775970459 0.09044685959815979
vn -0.50940489768981934 -0.85689020156860352 0.079030878841876984
vn -0.46050944924354553 -0.88184726238250732 0.10137257725000381
vn -0.44875258207321167 -0.8914724588394165 0.062434002757072449
vn -0.42945194244384766 -0.89804655313491821 0.095306910574436188
vn -0.36294552683830261 -0.92722159624099731 0.092361442744731903
vn -0.29540237784385681 -0.95143342018127441 0.086671233177185059
vn -0.25807517766952515 -0.96111214160919189 0.098288886249065399
vn -0.18511885404586792 -0.97987067699432373 0.074729368090629578
vn -0.12908865511417389 -0.98468261957168579 0.11720164865255356
vn -0.066378884017467499 -0.99469691514968872 0.078561089932918549
vn 0.0059782322496175766 -0.99458223581314087 0.10378056764602661
vn 0.046054504811763763 -0.99412256479263306 0.097976356744766235
vn 0.094326518476009369 -0.99088186025619507 0.096206523478031158
vn 0.18535780906677246 -0.97750866413116455 0.10059443116188049
vn 0.22947138547897339 -0.9693027138710022 0.088289737701416016
vn 0.30865374207496643 -0.94949859380722046 0.056438382714986801
vn 0.33642330765724182 -0.93776530027389526 0.086113668978214264
vn 0.36701145768165588 -0.92762899398803711 0.069332398474216461
vn 0.4154701828956604 -0.90465366840362549 0.094796046614646912
vn 0.44566422700881958 -0.89036822319030762 0.092886015772819519
vn 0.47495710849761963 -0.87546271085739136 0.08933558315038681
vn 0.52675086259841919 -0.84619098901748657 0.080587476491928101
vn 0.56362885236740112 -0.82338690757751465 0.066003784537315369
vn -0.57904547452926636 -0.80696409940719604 0.11625504493713379
vn -0.53749537467956543 -0.83450686931610107 0.12123125791549683
vn -0.51568764448165894 -0.84896242618560791 0.11545171588659286
vn -0.49124220013618469 -0.86426770687103271 0.10827022790908813
vn -0.43956020474433899 -0.88849753141403198 0.1317535787820816
vn -0.41156879067420959 -0.90278172492980957 0.12488523125648499
vn -0.38493436574935913 -0.91501164436340332 0.12074439227581024
vn -0.35942158102989197 -0.92316144704818726 0.13634189963340759
vn -0.28833967447280884 -0.94696784019470215 0.14181724190711975
vn -0.24300485849380493 -0.95946329832077026 0.14275430142879486
vn -0.15652616322040558 -0.9758378267288208 0.1524469405412674
vn -0.039572153240442276 -0.99249625205993652 0.11569482088088989
vn 0.029574709013104439 -0.99114400148391724 0.12945640087127686
vn 0.069948166608810425 -0.9874727725982666 0.14143821597099304
vn 0.11725135147571564 -0.98438781499862671 0.13127352297306061
vn 0.18523158133029938 -0.97154241800308228 0.14762979745864868
vn 0.22269415855407715 -0.9658246636390686 0.1326272189617157
vn 0.25521326065063477 -0.95373111963272095 0.15894374251365662
vn 0.3643481433391571 -0.92443376779556274 0.11257293820381165
vn 0.43218687176704407 -0.89286601543426514 0.12650996446609497
vn 0.51561224460601807 -0.84910142421722412 0.11476432532072067
vn 0.55336469411849976 -0.82212841510772705 0.13376238942146301
vn -0.57622891664505005 -0.80259513854980469 0.1542765349149704
vn -0.55936026573181152 -0.81800681352615356 0.13409309089183807
vn -0.538715660572052 -0.82777327299118042 0.15677012503147125
vn -0.52074474096298218 -0.84084618091583252 0.14765693247318268
vn -0.50440448522567749 -0.84497201442718506 0.17775925993919373
vn -0.42095097899436951 -0.89227074384689331 0.16325812041759491
vn -0.3975280225276947 -0.89777863025665283 0.189644455909729
vn -0.36374294757843018 -0.91458779573440552 0.17669263482093811
vn -0.30228802561759949 -0.9341089129447937 0.18990124762058258
vn -0.26146405935287476 -0.94777888059616089 0.18262453377246857
vn -0.22350881993770599 -0.95773524045944214 0.18107184767723083
vn -0.1859973818063736 -0.96449249982833862 0.18750783801078796
vn -0.13980291783809662 -0.97128355503082275 0.1925186961889267
vn -0.11075730621814728 -0.98117905855178833 0.15817849338054657
vn -0.058208055794239044 -0.98482561111450195 0.1634940505027771
vn -0.012176672928035259 -0.9814637303352356 0.19126076996326447
vn 0.067005477845668793 -0.97879433631896973 0.19357670843601227
vn 0.10607027262449265 -0.97848260402679443 0.17697720229625702
vn 0.13965807855129242 -0.96919399499893188 0.20287585258483887
vn 0.2188294529914856 -0.95961987972259521 0.1767580509185791
vn 0.31256330013275146 -0.93463939428329468 0.16956828534603119
vn 0.36819308996200562 -0.9165605902671814 0.15604665875434875
vn 0.42000734806060791 -0.89233142137527466 0.16534331440925598
vn 0.46017023921012878 -0.86662507057189941 0.19288411736488342
vn 0.53021937608718872 -0.83624422550201416 0.1398676335811615
vn 0.56605809926986694 -0.80862826108932495 0.16030785441398621
vn -0.53810960054397583 -0.82097673416137695 0.19088028371334076
vn -0.52437233924865723 -0.83297628164291382 0.17659053206443787
vn -0.44835048913955688 -0.87705481052398682 0.17250137031078339
vn -0.42787167429924011 -0.88126456737518311 0.20074509084224701
vn -0.40241104364395142 -0.88854104280471802 0.2203637957572937
vn -0.37055310606956482 -0.90441137552261353 0.2114957720041275
vn -0.33933612704277039 -0.91882520914077759 0.2015223354101181
vn -0.31480735540390015 -0.92012381553649902 0.23295606672763824
vn -0.27578520774841309 -0.93471765518188477 0.22415487468242645
vn -0.24007613956928253 -0.94579398632049561 0.21871708333492279
vn -0.17098715901374817 -0.9582669734954834 0.22910214960575104
vn -0.094201132655143738 -0.96529483795166016 0.243581622838974
vn -0.051389947533607483 -0.9753454327583313 0.21461687982082367
vn 0.066230431199073792 -0.96917831897735596 0.23729085922241211
vn 0.10152167081832886 -0.97054958343505859 0.21846473217010498
vn 0.17222066223621368 -0.95974040031433105 0.22189739346504211
vn 0.20993761718273163 -0.95164948701858521 0.22425307333469391
vn 0.25080904364585876 -0.94646233320236206 0.20323358476161957
vn 0.37432101368904114 -0.90694773197174072 0.19320859014987946
vn 0.40495169162750244 -0.89213013648986816 0.20029459893703461
vn 0.52814149856567383 -0.8253936767578125 0.19947881996631622
vn 0.55430036783218384 -0.80956292152404785 0.1932847648859024
vn -0.55426853895187378 -0.80759000778198242 0.20145668089389801
vn -0.53623902797698975 -0.81270462274551392 0.22794488072395325
vn -0.50864344835281372 -0.82732939720153809 0.23834413290023804
vn -0.47928205132484436 -0.84286105632781982 0.24469156563282013
vn -0.42800822854042053 -0.87244772911071777 0.23588956892490387
vn -0.40375903248786926 -0.88009357452392578 0.24982783198356628
vn -0.37901148200035095 -0.89171797037124634 0.24736477434635162
vn -0.34990748763084412 -0.90493124723434448 0.24220699071884155
vn -0.28798091411590576 -0.92078709602355957 0.26309344172477722
vn -0.25237345695495605 -0.9328727126121521 0.2570139467716217
vn -0.21426315605640411 -0.94394952058792114 0.25109872221946716
vn -0.17914488911628723 -0.94525671005249023 0.27275785803794861
vn -0.13846792280673981 -0.95587420463562012 0.25909680128097534
vn -0.075568296015262604 -0.95839357376098633 0.27526563405990601
vn -0.04720441997051239 -0.96542549133300781 0.25636950135231018
vn -0.0054563488811254501 -0.96168214082717896 0.27411246299743652
vn 0.10181205719709396 -0.96041536331176758 0.25930029153823853
vn 0.1390431672334671 -0.95051974058151245 0.27781146764755249
vn 0.1764528900384903 -0.95043087005615234 0.25601863861083984
vn 0.21472707390785217 -0.93902027606964111 0.26857632398605347
vn 0.2878473699092865 -0.91969889402389526 0.26701647043228149
vn 0.3185003399848938 -0.91582167148590088 0.2445981353521347
vn 0.35095179080963135 -0.89980697631835938 0.25919154286384583
vn 0.38293957710266113 -0.89403426647186279 0.23250813782215118
vn 0.45782625675201416 -0.86115723848342896 0.22091472148895264
vn 0.48152166604995728 -0.84377241134643555 0.23703384399414062
vn -0.52265632152557373 -0.81090617179870605 0.26317590475082397
vn -0.46607258915901184 -0.84000247716903687 0.27779874205589294
vn -0.36208897829055786 -0.88965952396392822 0.27820411324501038
vn -0.32706090807914734 -0.90513426065444946 0.27159374952316284
vn -0.3009471595287323 -0.90556842088699341 0.29895925521850586
vn -0.24926307797431946 -0.91315370798110962 0.32251852750778198
vn -0.1466878205537796 -0.94307875633239746 0.29847133159637451
vn -0.11506971716880798 -0.93946993350982666 0.32273083925247192
vn -0.079067535698413849 -0.94769346714019775 0.30923351645469666
vn -0.0045585804618895054 -0.95078271627426147 0.30982491374015808
vn 0.065727695822715759 -0.94537746906280518 0.3192824125289917
vn 0.10336671769618988 -0.94793558120727539 0.30121985077857971
vn 0.21768952906131744 -0.92720329761505127 0.3048037588596344
vn 0.25291606783866882 -0.92436492443084717 0.28562730550765991
vn 0.28938114643096924 -0.90791910886764526 0.30321839451789856
vn 0.38121670484542847 -0.88269811868667603 0.27480509877204895
vn 0.43254190683364868 -0.85879087448120117 0.27456468343734741
vn 0.45522189140319824 -0.85297894477844238 0.2553427517414093
vn 0.5004885196685791 -0.82765907049179077 0.25395211577415466
vn 0.53361129760742188 -0.80633729696273804 0.25510606169700623
vn -0.51395887136459351 -0.80680346488952637 0.29140084981918335
vn -0.45395120978355408 -0.83709478378295898 0.30528774857521057
vn -0.40742799639701843 -0.86214995384216309 0.30116412043571472
vn -0.31390348076820374 -0.88818424940109253 0.33554932475090027
vn -0.28010678291320801 -0.90140187740325928 0.33017399907112122
vn -0.25012636184692383 -0.90252834558486938 0.3505416214466095
vn -0.21689723432064056 -0.91791427135467529 0.33224830031394958
vn -0.18348568677902222 -0.91732561588287354 0.35333654284477234
vn -0.14948737621307373 -0.92935407161712646 0.33757153153419495
vn -0.078151345252990723 -0.93585610389709473 0.34360700845718384
vn -0.0061821136623620987 -0.94015127420425415 0.34070128202438354
vn 0.15050770342350006 -0.92393124103546143 0.35170799493789673
vn 0.25395256280899048 -0.91247361898422241 0.32078030705451965
vn 0.29105424880981445 -0.89344680309295654 0.34211140871047974
vn 0.32353642582893372 -0.89167577028274536 0.31660470366477966
vn 0.40927225351333618 -0.86409497261047363 0.29297792911529541
vn 0.45563390851020813 -0.82947397232055664 0.32306447625160217
vn 0.47842863202095032 -0.83551925420761108 0.27021032571792603
vn 0.49498063325881958 -0.8220716118812561 0.28141149878501892
vn 0.51723068952560425 -0.81012749671936035 0.27598166465759277
vn -0.45535069704055786 -0.82513928413391113 0.33436650037765503
vn -0.43014296889305115 -0.84180223941802979 0.3261074423789978
vn -0.39855292439460754 -0.85493052005767822 0.3320382833480835
vn -0.3783700168132782 -0.85665953159332275 0.35067158937454224
vn -0.34763240814208984 -0.87241172790527344 0.34358328580856323
vn -0.32294672727584839 -0.8745037317276001 0.36186829209327698
vn -0.28862157464027405 -0.88428270816802979 0.36707177758216858
vn -0.24754911661148071 -0.88916093111038208 0.38485357165336609
vn -0.21683907508850098 -0.90380972623825073 0.36892932653427124
vn -0.14956516027450562 -0.91520696878433228 0.37420105934143066
vn -0.078262150287628174 -0.92162001132965088 0.38012057542800903
vn -0.03408706933259964 -0.92943072319030762 0.3674187958240509
vn -0.002895561745390296 -0.91774743795394897 0.39715397357940674
vn 0.04023810476064682 -0.91970181465148926 0.39055025577545166
vn 0.10433901846408844 -0.932334303855896 0.34621688723564148
vn 0.1275811642408371 -0.9172016978263855 0.37744414806365967
vn 0.16115684807300568 -0.91248190402984619 0.37603887915611267
vn 0.22070933878421783 -0.89969909191131592 0.37660181522369385
vn 0.25210881233215332 -0.88685941696166992 0.38719695806503296
vn 0.35539168119430542 -0.86491686105728149 0.354422926902771
vn 0.38056567311286926 -0.85847306251525879 0.34379318356513977
vn 0.40588131546974182 -0.84028398990631104 0.35942059755325317
vn 0.43309125304222107 -0.83395826816558838 0.34197306632995605
vn 0.48050549626350403 -0.81139397621154785 0.33279767632484436
vn -0.46142980456352234 -0.80988258123397827 0.36217781901359558
vn -0.43676340579986572 -0.82491445541381836 0.35882285237312317
vn -0.40512463450431824 -0.84208256006240845 0.35604920983314514
vn -0.38456419110298157 -0.84117633104324341 0.38017460703849792
vn -0.3362174928188324 -0.84755653142929077 0.41061621904373169
vn -0.31639871001243591 -0.86467438936233521 0.39016672968864441
vn -0.27921086549758911 -0.87067550420761108 0.40492647886276245
vn -0.2413267195224762 -0.88004142045974731 0.40900918841362
vn -0.21540513634681702 -0.89029979705810547 0.40120682120323181
vn -0.14718455076217651 -0.90159517526626587 0.40677130222320557
vn -0.082806609570980072 -0.91028177738189697 0.40562310814857483
vn -0.047539219260215759 -0.91440486907958984 0.40199971199035645
vn -0.018733225762844086 -0.90401959419250488 0.42708039283752441
vn 0.069542936980724335 -0.9074934720993042 0.41426965594291687
vn 0.11293132603168488 -0.90606963634490967 0.40777969360351562
vn 0.22135967016220093 -0.88392448425292969 0.41191917657852173
vn 0.28178855776786804 -0.87290430068969727 0.39828792214393616
vn 0.34142717719078064 -0.85989344120025635 0.379487544298172
vn 0.37323722243309021 -0.84786319732666016 0.37659257650375366
vn 0.43031778931617737 -0.82127088308334351 0.37462085485458374
vn 0.45699870586395264 -0.814098060131073 0.35832470655441284
vn -0.44260391592979431 -0.81066030263900757 0.38331663608551025
vn -0.39524412155151367 -0.82372379302978516 0.40652328729629517
vn -0.36761775612831116 -0.83577060699462891 0.40785369277000427
vn -0.30905795097351074 -0.85560917854309082 0.41523021459579468
vn -0.25139296054840088 -0.86567544937133789 0.43290603160858154
vn -0.22109203040599823 -0.87485396862030029 0.43098589777946472
vn -0.13924984633922577 -0.88724809885025024 0.43977302312850952
vn -0.065502464771270752 -0.89901566505432129 0.43298986554145813
vn 0.010496397502720356 -0.89172875881195068 0.45244848728179932
vn 0.053235258907079697 -0.89317631721496582 0.44654461741447449
vn 0.099335841834545135 -0.89020150899887085 0.44460511207580566
vn 0.1394447535276413 -0.89095103740692139 0.43215897679328918
vn 0.16775842010974884 -0.8769415020942688 0.45036730170249939
vn 0.24497120082378387 -0.86446177959442139 0.43897032737731934
vn 0.27942767739295959 -0.85871553421020508 0.42956700921058655
vn 0.31599754095077515 -0.85536020994186401 0.41049298644065857
vn 0.37929153442382812 -0.83204877376556396 0.40476265549659729
vn 0.42724955081939697 -0.81039750576019287 0.40089109539985657
vn 0.44591030478477478 -0.80768167972564697 0.38576456904411316
vn -0.42200756072998047 -0.81089448928833008 0.40541303157806396
vn -0.3181689977645874 -0.84122747182846069 0.43715542554855347
vn -0.25876834988594055 -0.84838736057281494 0.4618200957775116
vn -0.2327105700969696 -0.86078613996505737 0.45265105366706848
vn -0.20242492854595184 -0.86735814809799194 0.45465806126594543
vn -0.12848593294620514 -0.87414562702178955 0.46835964918136597
vn -0.032617427408695221 -0.88742649555206299 0.45979377627372742
vn -0.0020921844989061356 -0.87783694267272949 0.47895500063896179
vn 0.036029849201440811 -0.88136309385299683 0.47106364369392395
vn 0.074987210333347321 -0.87947618961334229 0.46999841928482056
vn 0.11448314785957336 -0.87454485893249512 0.47123759984970093
vn 0.15191996097564697 -0.86874812841415405 0.47137778997421265
vn 0.2698759138584137 -0.84598362445831299 0.45986807346343994
vn 0.30581194162368774 -0.84282302856445312 0.44286385178565979
vn 0.33900433778762817 -0.83600538969039917 0.43147546052932739
vn 0.36951303482055664 -0.82596945762634277 0.4257165789604187
vn 0.40024736523628235 -0.81422585248947144 0.42052149772644043
vn -0.38140484690666199 -0.81447130441665649 0.43722635507583618
vn -0.35978847742080688 -0.81121730804443359 0.46095412969589233
vn -0.32917127013206482 -0.824931800365448 0.45949298143386841
vn -0.30860033631324768 -0.82085901498794556 0.48057916760444641
vn -0.2762264609336853 -0.82958638668060303 0.48526832461357117
vn -0.22252710163593292 -0.85266757011413574 0.47269412875175476
vn -0.1523226797580719 -0.86340272426605225 0.48097145557403564
vn -0.12434735149145126 -0.86198931932449341 0.49143883585929871
vn -0.088165216147899628 -0.85928797721862793 0.50383639335632324
vn -0.049850385636091232 -0.87183314561843872 0.48725956678390503
vn -0.0068494151346385479 -0.86111646890640259 0.5083615779876709
vn 0.024460703134536743 -0.86916226148605347 0.4939216673374176
vn 0.094577476382255554 -0.86367189884185791 0.49510198831558228
vn 0.13252638280391693 -0.85872948169708252 0.49499541521072388
vn 0.20917040109634399 -0.84635782241821289 0.48982259631156921
vn 0.27674782276153564 -0.82723993062973022 0.48896288871765137
vn 0.30401599407196045 -0.82813352346420288 0.47092369198799133
vn 0.33240571618080139 -0.81113708019256592 0.48120999336242676
vn 0.35802727937698364 -0.80950099229812622 0.46532204747200012
vn 0.38006040453910828 -0.81084197759628296 0.44507238268852234
vn -0.338835209608078 -0.80955272912979126 0.47939035296440125
vn -0.29038754105567932 -0.81331896781921387 0.50416988134384155
vn -0.26111814379692078 -0.81987488269805908 0.50953167676925659
vn -0.22674012184143066 -0.8251800537109375 0.51736527681350708
vn -0.1226004958152771 -0.84655302762985229 0.51799339056015015
vn -0.050691094249486923 -0.8549344539642334 0.51625335216522217
vn 0.034769792109727859 -0.85630267858505249 0.51530259847640991
vn 0.15055349469184875 -0.84332096576690674 0.51589089632034302
vn 0.22548492252826691 -0.83037018775939941 0.50955069065093994
vn 0.30627712607383728 -0.81140434741973877 0.49781247973442078
vn -0.27631831169128418 -0.80706799030303955 0.52181357145309448
vn -0.086144715547561646 -0.83053725957870483 0.55026078224182129
vn -0.055500630289316177 -0.83959603309631348 0.54036855697631836
vn -0.020887112244963646 -0.84477484226226807 0.53471410274505615
vn 0.052104920148849487 -0.84605073928833008 0.53054994344711304
vn 0.08640655130147934 -0.83708560466766357 0.54020512104034424
vn 0.16982631385326385 -0.82693630456924438 0.53603667020797729
vn 0.1893320232629776 -0.83745783567428589 0.5126575231552124
vn 0.24641050398349762 -0.81181514263153076 0.52937519550323486
vn 0.27956414222717285 -0.81116569042205811 0.51366734504699707
vn -0.21174913644790649 -0.81330913305282593 0.54193222522735596
vn -0.14971074461936951 -0.82121950387954712 0.55062258243560791
vn -0.059723030775785446 -0.82697916030883789 0.559051513671875
vn -0.046191882342100143 -0.818717360496521 0.57233572006225586
vn 0.0067122909240424633 -0.83251142501831055 0.5539671778678894
vn 0.032918393611907959 -0.82162463665008545 0.56907761096954346
vn 0.070219874382019043 -0.82273060083389282 0.56407761573791504
vn 0.14993220567703247 -0.81721144914627075 0.55649417638778687
vn 0.16302835941314697 -0.80589967966079712 0.56916379928588867
vn 0.18909013271331787 -0.80939453840255737 0.55599045753479004
vn -0.10554122924804688 -0.80777782201766968 0.57996207475662231
vn -0.026637604460120201 -0.80824577808380127 0.58824241161346436
vn 0.015503671020269394 -0.8081965446472168 0.58870875835418701
vn 0.054683100432157516 -0.80867254734039307 0.58571195602416992
vn 0.093102522194385529 -0.80900835990905762 0.58037692308425903
vn 0.596108078956604 -0.80290186405181885 -0.0019492293940857053
vn 0.59598922729492188 -0.80187875032424927 -0.042276594787836075
vn 0.59293830394744873 -0.80100381374359131 -0.082565255463123322
vn 0.58517718315124512 -0.80135655403137207 -0.12407803535461426
vn 0.57710355520248413 -0.80018055438995361 -0.16328680515289307
vn 0.56524550914764404 -0.80096602439880371 -0.19736002385616302
vn 0.53529495000839233 -0.8013041615486145 -0.26715344190597534
vn 0.52134692668914795 -0.80046701431274414 -0.29571929574012756
vn 0.50782644748687744 -0.79953324794769287 -0.32071629166603088
vn 0.49203348159790039 -0.80003279447555542 -0.34329366683959961
vn 0.4739537239074707 -0.80114543437957764 -0.3654228150844574
vn 0.457264244556427 -0.7994808554649353 -0.38953790068626404
vn 0.43640598654747009 -0.80051589012145996 -0.41076040267944336
vn 0.41281995177268982 -0.80069428682327271 -0.43412941694259644
vn 0.39007231593132019 -0.79987418651580811 -0.45611941814422607
vn 0.36670824885368347 -0.80074000358581543 -0.47364595532417297
vn 0.34089764952659607 -0.79983699321746826 -0.49401375651359558
vn 0.31273633241653442 -0.80075240135192871 -0.51087331771850586
vn 0.28309550881385803 -0.79985719919204712 -0.52923089265823364
vn 0.25244995951652527 -0.80031394958496094 -0.54384428262710571
vn 0.22069147229194641 -0.79903626441955566 -0.55931770801544189
vn 0.20362910628318787 -0.79654133319854736 -0.56926017999649048
vn 0.17539964616298676 -0.80115640163421631 -0.57217425107955933
vn 0.13940627872943878 -0.80265897512435913 -0.57991760969161987
vn 0.099480383098125458 -0.80320429801940918 -0.58733844757080078
vn 0.054606806486845016 -0.80405694246292114 -0.59203928709030151
vn 0.0099833039566874504 -0.80371057987213135 -0.59493666887283325
vn 0.53469914197921753 -0.81040620803833008 -0.23945483565330505
vn 0.50468862056732178 -0.80967932939529419 -0.29951426386833191
vn 0.49376982450485229 -0.80706512928009033 -0.32378578186035156
vn 0.41287100315093994 -0.81254559755325317 -0.41146951913833618
vn 0.31488567590713501 -0.81246191263198853 -0.49066555500030518
vn -0.028191190212965012 -0.80167245864868164 -0.59709841012954712
vn -0.063750408589839935 -0.80212211608886719 -0.59374743700027466
vn -0.1000966802239418 -0.80274021625518799 -0.58786797523498535
vn -0.13732944428920746 -0.80194079875946045 -0.58140486478805542
vn -0.16924232244491577 -0.80044454336166382 -0.57501792907714844
vn -0.19807890057563782 -0.80055797100067139 -0.56557196378707886
vn -0.23158085346221924 -0.80070018768310547 -0.55249392986297607
vn -0.2612745463848114 -0.8003469705581665 -0.53961127996444702
vn -0.28957629203796387 -0.80084055662155151 -0.52421367168426514
vn -0.31588965654373169 -0.79910087585449219 -0.51151883602142334
vn -0.33866861462593079 -0.79936361312866211 -0.49630779027938843
vn -0.36080572009086609 -0.80012881755828857 -0.47917959094047546
vn -0.38313719630241394 -0.79975301027297974 -0.46216991543769836
vn -0.40450593829154968 -0.80148899555206299 -0.44044330716133118
vn -0.42893829941749573 -0.80018800497055054 -0.41917908191680908
vn -0.44817975163459778 -0.79979062080383301 -0.39933678507804871
vn -0.46845856308937073 -0.79987490177154541 -0.37516221404075623
vn -0.48670417070388794 -0.80022776126861572 -0.35036349296569824
vn -0.50570201873779297 -0.80007076263427734 -0.32272627949714661
vn -0.52114373445510864 -0.80075490474700928 -0.29529774188995361
vn -0.55144566297531128 -0.80102497339248657 -0.23295202851295471
vn -0.56345641613006592 -0.80112278461456299 -0.20178981125354767
vn -0.57653146982192993 -0.80036282539367676 -0.16441039741039276
vn -0.59056359529495239 -0.79450047016143799 -0.14143425226211548
vn -0.59095519781112671 -0.79895311594009399 -0.11156132817268372
vn -0.59498345851898193 -0.80023550987243652 -0.074951760470867157
vn -0.59611999988555908 -0.80195009708404541 -0.038949038833379745
vn -0.59511822462081909 -0.80363816022872925 9.9010685516986996E-05
vn -0.59581619501113892 -0.8022228479385376 0.037967953830957413
vn -0.59361147880554199 -0.80181789398193359 0.068655207753181458
vn -0.58778649568557739 -0.80239599943161011 0.10328467935323715
vn -0.58223229646682739 -0.80116540193557739 0.13834564387798309
vn -0.58134675025939941 -0.79647684097290039 0.16631463170051575
vn -0.56992644071578979 -0.8001706600189209 0.18684422969818115
vn -0.53875899314880371 -0.80187118053436279 0.25834336876869202
vn -0.5270916223526001 -0.79977768659591675 0.28728052973747253
vn -0.51310926675796509 -0.80003201961517334 0.31091421842575073
vn -0.49807047843933105 -0.79978770017623901 0.33506035804748535
vn -0.47995531558990479 -0.80026715993881226 0.35946539044380188
vn -0.46260225772857666 -0.79960381984710693 0.38292676210403442
vn -0.44336587190628052 -0.80041909217834473 0.40343031287193298
vn -0.4248020350933075 -0.79969519376754761 0.42430037260055542
vn -0.38328218460083008 -0.80032056570053101 0.46106588840484619
vn -0.36150896549224854 -0.80040675401687622 0.47818434238433838
vn -0.33981010317802429 -0.79845565557479858 0.49698862433433533
vn -0.32822689414024353 -0.79557883739471436 0.50923609733581543
vn -0.30157908797264099 -0.80114459991455078 0.51693075895309448
vn -0.27134239673614502 -0.79963588714599609 0.5356825590133667
vn -0.24012677371501923 -0.80070757865905762 0.54882282018661499
vn -0.20642170310020447 -0.80119144916534424 0.56167811155319214
vn -0.17269307374954224 -0.80063939094543457 0.57371914386749268
vn -0.13345983624458313 -0.80204212665557861 0.58216571807861328
vn -0.091938674449920654 -0.8018677830696106 0.59038573503494263
vn -0.048800308257341385 -0.80257123708724976 0.59455692768096924
vn -0.0044185277074575424 -0.80317097902297974 0.59573221206665039
vn -0.32070612907409668 -0.80636370182037354 -0.49691566824913025
vn -0.33824428915977478 -0.80945634841918945 -0.47997003793716431
vn -0.48892170190811157 -0.80912625789642334 -0.3259911835193634
vn -0.48077577352523804 -0.82387512922286987 -0.30014070868492126
vn -0.51847070455551147 -0.81235581636428833 -0.26695713400840759
vn -0.58894997835159302 -0.80786162614822388 0.022304346784949303
vn -0.49865835905075073 -0.80946898460388184 0.30999970436096191
vn -0.47897067666053772 -0.8107680082321167 0.33651494979858398
vn -0.32033666968345642 -0.8042261004447937 0.50060445070266724
vn -0.24868223071098328 -0.81031703948974609 0.53060668706893921
vn -0.18028560280799866 -0.80830001831054688 0.56048929691314697
vn -0.18037714064121246 -0.82227998971939087 0.53974044322967529
vn 0.037195589393377304 -0.8021811842918396 0.59592097997665405
vn 0.11832412332296371 -0.80125784873962402 0.5865025520324707
vn 0.15461701154708862 -0.79913479089736938 0.58092778921127319
vn 0.18519917130470276 -0.80115711688995361 0.56907695531845093
vn 0.21850977838039398 -0.79995948076248169 0.55885446071624756
vn 0.24814620614051819 -0.80054932832717896 0.54547613859176636
vn 0.27599775791168213 -0.80037426948547363 0.53219008445739746
vn 0.30457082390785217 -0.80058026313781738 0.51605027914047241
vn 0.3304697573184967 -0.80053001642227173 0.49994143843650818
vn 0.3553931713104248 -0.79985743761062622 0.48365664482116699
vn 0.37938031554222107 -0.79968357086181641 0.46537813544273376
vn 0.42400297522544861 -0.80039572715759277 0.42377841472625732
vn 0.44480937719345093 -0.7998272180557251 0.40301498770713806
vn 0.4639551043510437 -0.79933881759643555 0.38184171915054321
vn 0.47941750288009644 -0.80140703916549683 0.35763898491859436
vn 0.49932834506034851 -0.8000834584236145 0.33247199654579163
vn 0.51707291603088379 -0.79995048046112061 0.30449104309082031
vn 0.53153067827224731 -0.80017513036727905 0.27783963084220886
vn 0.545978844165802 -0.79972559213638306 0.24969202280044556
vn 0.55731445550918579 -0.80077123641967773 0.21946768462657928
vn 0.56907659769058228 -0.80107825994491577 0.18554076552391052
vn 0.59338420629501343 -0.80151975154876709 0.073900014162063599
vn 0.5962909460067749 -0.80197757482528687 0.035623494535684586
vn 0.2228597104549408 -0.80597305297851562 0.54839855432510376
vn 0.49919843673706055 -0.81020033359527588 0.30720731616020203
vn 0.039513785392045975 -0.99914562702178955 0.012112908996641636
vn 0.0070364261046051979 -0.8600313663482666 -0.5101926326751709
vn -0.51464509963989258 -0.8572533130645752 0.016037723049521446
vn 0.028089357540011406 -0.96625596284866333 0.25604772567749023
vn 0.024098498746752739 -0.94269615411758423 0.33278104662895203
vn 0.02207079716026783 -0.99258702993392944 -0.11951511353254318
vn -0.12411639094352722 -0.99165362119674683 0.034903239458799362
vn 0.46852999925613403 -0.88324218988418579 0.019049396738409996
vn 0.010474612936377525 -0.97953611612319946 -0.20099575817584991
vn -0.19142274558544159 -0.98096299171447754 0.032694660127162933
vn -0.29970717430114746 -0.95326077938079834 0.03833400085568428
vn 0.014350383542478085 -0.96822595596313477 -0.24966494739055634
vn -0.40179336071014404 -0.91542631387710571 0.023595191538333893
vn -0.013904673978686333 -0.93340909481048584 -0.35854449868202209
vn -0.56691193580627441 -0.82371741533279419 0.010024072602391243
vn 0.0036860343534499407 -0.89602386951446533 -0.44399058818817139
vn -0.46241858601570129 -0.88627618551254272 0.026144864037632942
vn -0.11627930402755737 -0.98790693283081055 -0.10256245732307434
vn -0.34698423743247986 -0.9376339316368103 -0.021083267405629158
vn -0.080090805888175964 -0.81890356540679932 0.56831538677215576
vn -0.09447595477104187 -0.91541314125061035 -0.39127111434936523
vn 0.23269860446453094 -0.93249791860580444 -0.27622273564338684
vn 0.092196725308895111 -0.91308283805847168 -0.39721474051475525
vn 0.46247363090515137 -0.87793511152267456 0.12388727813959122
vn -0.54496926069259644 -0.83382499217987061 -0.088002055883407593
vn -0.072015896439552307 -0.83055508136749268 -0.55226075649261475
vn -0.11819230765104294 -0.83290576934814453 0.54064643383026123
vn 0.1525445431470871 -0.92547124624252319 -0.34674656391143799
vn -0.38120660185813904 -0.9104149341583252 -0.1607050895690918
vn 0.27373287081718445 -0.92946946620941162 -0.24729909002780914
vn -0.26489704847335815 -0.92507266998291016 -0.27215823531150818
vn 0.21694059669971466 -0.90403836965560913 -0.3683089017868042
vn -0.18185016512870789 -0.88573193550109863 0.42709413170814514
vn -0.17278434336185455 -0.83931899070739746 -0.51545047760009766
vn -0.49705380201339722 -0.85277688503265381 -0.16034053266048431
vn 0.38449579477310181 -0.90506404638290405 -0.18171969056129456
vn 0.07031518965959549 -0.82923108339309692 -0.55446511507034302
vn 0.43337872624397278 -0.87830245494842529 0.20191015303134918
vn 0.20635533332824707 -0.87216603755950928 0.4435582160949707
vn 0.1972137987613678 -0.84507524967193604 -0.49694520235061646
vn -0.34373021125793457 -0.91522932052612305 -0.21024952828884125
vn 0.11242904514074326 -0.84803956747055054 0.51786935329437256
vn 0.53910630941390991 -0.83501976728439331 0.11002906411886215
vn 0.19672837853431702 -0.93288499116897583 -0.30170100927352905
vn 0.26297050714492798 -0.90724432468414307 -0.32825943827629089
vn -0.45814910531044006 -0.86246573925018311 0.21506330370903015
vn 0.42231485247612 -0.87476354837417603 -0.23756870627403259
vn 0.30872640013694763 -0.87362545728683472 0.37612038850784302
vn 0.38173496723175049 -0.87030047178268433 0.31121614575386047
vn -0.22382460534572601 -0.85122036933898926 -0.47468560934066772
vn 0.54348945617675781 -0.82273757457733154 0.16649957001209259
vn 0.54260677099227905 -0.80890285968780518 0.22639361023902893
vn 0.26657748222351074 -0.83621054887771606 -0.47925809025764465
vn 0.4837365448474884 -0.8515084981918335 0.20231711864471436
vn -0.49326020479202271 -0.82854193449020386 -0.26497673988342285
vn -0.48829051852226257 -0.84262341260910034 -0.22706413269042969
vn 0.02877751924097538 -0.95488870143890381 0.29556635022163391
vn 0.2771344780921936 -0.96047312021255493 0.026226270943880081
vn -0.23191298544406891 -0.97252821922302246 0.020131800323724747
vn 0.031182711943984032 -0.93261116743087769 -0.35953307151794434
vn -0.50049066543579102 -0.86565613746643066 -0.012188347987830639
vn 0.025478143244981766 -0.90674245357513428 0.42091450095176697
vn 0.4391741156578064 -0.89818626642227173 0.019685724750161171
vn -0.025731248781085014 -0.99375295639038086 -0.10859549045562744
vn -0.12019349634647369 -0.9926115870475769 -0.01660776324570179
vn 0.11289426684379578 -0.9921950101852417 0.052951917052268982
vn 0.026700379326939583 -0.97637093067169189 0.21444565057754517
vn 0.22001013159751892 -0.97539651393890381 0.014042505994439125
vn 0.014153356663882732 -0.90800637006759644 -0.41871720552444458
vn -0.087331123650074005 -0.99511289596557617 0.046082664281129837
vn 0.017787108197808266 -0.84624737501144409 0.5324932336807251
vn 0.0064408257603645325 -0.87195855379104614 -0.48953735828399658
vn -0.49139627814292908 -0.87066566944122314 0.021703062579035759
vn 0.38497251272201538 -0.92287611961364746 -0.0097885606810450554
vn 0.00076590006938204169 -0.83292245864868164 -0.55338919162750244
vn 0.37458959221839905 -0.92671835422515869 0.029592966660857201
vn 0.010963774286210537 -0.92978793382644653 0.36793237924575806
vn -0.25380268692970276 -0.96030133962631226 -0.1157824844121933
vn 0.10257352888584137 -0.98879188299179077 -0.10848623514175415
vn 0.20147222280502319 -0.97430115938186646 -0.10072825103998184
vn 0.3258821964263916 -0.94430398941040039 -0.045725587755441666
vn -0.06740899384021759 -0.80757761001586914 0.58589625358581543
vn -0.10181242227554321 -0.98508429527282715 -0.13871967792510986
vn -0.15280389785766602 -0.98428827524185181 -0.088473796844482422
vn -0.092434518039226532 -0.92893421649932861 -0.35852062702178955
vn -0.20092345774173737 -0.96856945753097534 0.14663876593112946
vn 0.13120484352111816 -0.97464209794998169 -0.18126809597015381
vn 0.30256021022796631 -0.94771260023117065 0.10147964209318161
vn 0.41391345858573914 -0.90461093187332153 -0.10175810009241104
vn -0.10857972502708435 -0.90071684122085571 0.42061811685562134
vn -0.068086177110671997 -0.8834686279296875 0.46351641416549683
vn 0.58295339345932007 -0.80772429704666138 0.088015779852867126
vn 0.10037033259868622 -0.96523851156234741 -0.24133042991161346
vn -0.37945032119750977 -0.92364192008972168 -0.053880378603935242
vn -0.20220090448856354 -0.95332938432693481 -0.224227175116539
vn 0.28598001599311829 -0.93103319406509399 0.22669927775859833
vn 0.25851887464523315 -0.94269883632659912 -0.21091921627521515
vn -0.22508281469345093 -0.92944914102554321 0.29233884811401367
vn -0.091308727860450745 -0.87428879737854004 -0.47674083709716797
vn -0.48287564516067505 -0.86740332841873169 -0.12017723172903061
vn 0.31496325135231018 -0.92653495073318481 0.20574526488780975
vn -0.49731570482254028 -0.85561901330947876 0.14350341260433197
vn 0.19285735487937927 -0.94529986381530762 -0.26308584213256836
vn -0.14822070300579071 -0.98577427864074707 0.079244568943977356
vn 0.57583022117614746 -0.80794686079025269 0.12506584823131561
vn -0.16930180788040161 -0.9291309118270874 -0.32871368527412415
vn -0.35227248072624207 -0.92003881931304932 -0.17155958712100983
vn 0.063466660678386688 -0.84018582105636597 -0.53857195377349854
vn 0.23230943083763123 -0.91127556562423706 -0.34001350402832031
vn 0.39803305268287659 -0.90802353620529175 0.13062514364719391
vn 0.43829971551895142 -0.8826410174369812 -0.16981798410415649
vn 0.17801478505134583 -0.9098392128944397 -0.37483769655227661
vn 0.49084356427192688 -0.86289584636688232 0.12034700810909271
vn 0.41411581635475159 -0.8816789984703064 0.22616423666477203
vn -0.2373259961605072 -0.91683542728424072 -0.32107508182525635
vn -0.28251799941062927 -0.93888640403747559 -0.19666185975074768
vn -0.16853898763656616 -0.8913312554359436 -0.42086005210876465
vn -0.40498489141464233 -0.89554125070571899 -0.18437226116657257
vn 0.26861485838890076 -0.91820329427719116 -0.29111644625663757
vn -0.51748949289321899 -0.83726352453231812 -0.1766192615032196
vn -0.13201719522476196 -0.88907778263092041 -0.43830603361129761
vn -0.18689824640750885 -0.85834914445877075 0.47781354188919067
vn 0.35051852464675903 -0.92895931005477905 -0.11904355883598328
vn -0.18994605541229248 -0.83085834980010986 0.52306300401687622
vn 0.15859770774841309 -0.88757097721099854 -0.43250960111618042
vn -0.41972669959068298 -0.86703687906265259 0.26847073435783386
vn -0.55768412351608276 -0.81251132488250732 0.1697462797164917
vn 0.35442671179771423 -0.87559068202972412 0.32821127772331238
vn -0.29307496547698975 -0.90953153371810913 -0.29471927881240845
vn 0.12953448295593262 -0.83198815584182739 0.53945952653884888
vn 0.13252684473991394 -0.86295723915100098 -0.48758742213249207
vn -0.46984642744064331 -0.87179255485534668 0.13864357769489288
vn 0.54981547594070435 -0.82229351997375488 -0.14675261080265045
vn 0.33866888284683228 -0.92361271381378174 0.1795632392168045
vn 0.18800920248031616 -0.91288518905639648 0.36234402656555176
vn 0.25613650679588318 -0.87323552370071411 0.41455250978469849
vn -0.1985737532377243 -0.86468505859375 -0.46139812469482422
vn -0.46496173739433289 -0.85681670904159546 -0.22288046777248383
vn 0.50404059886932373 -0.83533579111099243 0.21944740414619446
vn 0.24265274405479431 -0.8519170880317688 -0.46406564116477966
vn -0.44954338669776917 -0.8564339280128479 0.25383397936820984
vn -0.51743394136428833 -0.8305351734161377 0.20609076321125031
vn -0.0070383059792220592 -0.81995701789855957 0.57238179445266724
vn 0.57100129127502441 -0.82093912363052368 -0.0040585626848042011
vn -0.20520749688148499 -0.82410198450088501 -0.52796381711959839
vn -0.32774195075035095 -0.90095210075378418 -0.28437742590904236
vn 0.024499943479895592 -0.84430646896362305 -0.53530025482177734
vn -0.4969957172870636 -0.86376041173934937 -0.08314591646194458
vn 0.3160456120967865 -0.94869077205657959 0.010051782242953777
vn -0.53959685564041138 -0.84179562330245972 0.014672916382551193
vn 0.029160181060433388 -0.9865264892578125 -0.16098177433013916
vn 0.45084783434867859 -0.89248263835906982 -0.01452307216823101
vn 0.020995400846004486 -0.94396644830703735 -0.32937291264533997
vn -0.3876577615737915 -0.92171370983123779 -0.012856201268732548
vn -0.022294703871011734 -0.9183272123336792 -0.39519372582435608
vn -0.060743201524019241 -0.84241950511932373 -0.53538733720779419
vn 0.022582614794373512 -0.99791163206100464 0.060517352074384689
vn -0.32636493444442749 -0.93815124034881592 0.1155775785446167
vn -0.0069578615948557854 -0.9894946813583374 0.14440158009529114
vn 0.15704111754894257 -0.98723125457763672 -0.026694359257817268
vn -0.40878170728683472 -0.90904784202575684 -0.080805808305740356
vn -0.44618701934814453 -0.89490461349487305 -0.0079321712255477905
vn 0.4575573205947876 -0.88757723569869995 0.053366165608167648
vn 0.060074213892221451 -0.92470526695251465 -0.37591391801834106
vn -0.38428947329521179 -0.92161107063293457 0.054356496781110764
vn -0.21858012676239014 -0.96591860055923462 -0.13865052163600922
vn -0.55400687456130981 -0.83087706565856934 -0.052150677889585495
vn 0.085145652294158936 -0.91985201835632324 0.38291317224502563
vn 0.39751431345939636 -0.91570574045181274 0.058867380023002625
vn -0.39063039422035217 -0.9076572060585022 0.15351317822933197
vn 0.44897732138633728 -0.87866592407226562 0.16237479448318481
vn 0.054908480495214462 -0.81961995363235474 -0.57027029991149902
vn 0.067511275410652161 -0.88244932889938354 -0.46553778648376465
vn -0.1443791389465332 -0.80814820528030396 0.57100886106491089
vn -0.087242588400840759 -0.84490638971328735 0.52775180339813232
vn -0.20665000379085541 -0.90407687425613403 -0.37408667802810669
vn 0.38082513213157654 -0.91461771726608276 -0.13581855595111847
vn 0.16873498260974884 -0.93264865875244141 -0.31889653205871582
vn -0.3503551185131073 -0.82855051755905151 0.43675544857978821
vn -0.39192235469818115 -0.87702089548110962 0.27790513634681702
vn 0.056335221976041794 -0.86717516183853149 0.49480664730072021
vn 0.088352799415588379 -0.81907963752746582 -0.56683534383773804
vn 0.17890127003192902 -0.88800728321075439 0.4236004650592804
vn -0.56431257724761963 -0.81817197799682617 -0.11020887643098831
vn 0.22885073721408844 -0.85622894763946533 0.46314069628715515
vn -0.15338489413261414 -0.83363372087478638 0.53059208393096924
vn 0.35307466983795166 -0.8874436616897583 0.29628035426139832
vn 0.27716997265815735 -0.88588154315948486 0.37200900912284851
vn -0.092337816953659058 -0.87333548069000244 0.47828736901283264
vn 0.15993008017539978 -0.94330894947052002 -0.2908446192741394
vn -0.44147533178329468 -0.89334315061569214 -0.083889812231063843
vn -0.096131414175033569 -0.90097784996032715 -0.42308109998703003
vn -0.43985685706138611 -0.8504602313041687 0.28851911425590515
vn 0.28735369443893433 -0.85719889402389526 -0.42736154794692993
vn 0.36712184548377991 -0.88626992702484131 -0.28239551186561584
vn 0.055721793323755264 -0.93168449401855469 0.35896944999694824
vn 0.28784403204917908 -0.93968600034713745 0.18475951254367828
vn 0.32852759957313538 -0.87740820646286011 0.34960606694221497
vn 0.40859991312026978 -0.85197597742080688 0.32738819718360901
vn -0.42840573191642761 -0.81284451484680176 -0.39465469121932983
vn 0.28641706705093384 -0.95534610748291016 -0.072657018899917603
vn 0.13408717513084412 -0.98876053094863892 -0.066130340099334717
vn 0.1984717845916748 -0.963401198387146 -0.18018622696399689
vn 0.20784911513328552 -0.82080602645874023 0.53204905986785889
vn 0.15765494108200073 -0.82170826196670532 -0.5476682186126709
vn -0.0054373354651033878 -0.99975305795669556 0.021546699106693268
vn 0.1509244441986084 -0.90366917848587036 0.40075412392616272
vn -0.32998624444007874 -0.82443338632583618 -0.45980286598205566
vn 0.38614264130592346 -0.84194493293762207 -0.37685883045196533
vn 0.51915222406387329 -0.84570640325546265 -0.12353809922933578
vn -0.030361611396074295 -0.82993471622467041 0.5570337176322937
vn 0.55334097146987915 -0.83250612020492554 -0.027336645871400833
vn 0.51262623071670532 -0.85767281055450439 -0.040145546197891235
vn -0.47410863637924194 -0.88041484355926514 -0.0095212515443563461
vn 0.20754325389862061 -0.85655593872070312 -0.47248044610023499
vn 0.33007222414016724 -0.93416875600814819 0.13557685911655426
vn 0.052451230585575104 -0.98171907663345337 -0.18296585977077484
vn -0.32887032628059387 -0.8671383261680603 -0.3740527331829071
vn 0.13840244710445404 -0.98595792055130005 0.093443550169467926
vn 0.19172470271587372 -0.95585763454437256 -0.22266082465648651
vn 0.32128193974494934 -0.90376156568527222 0.28283017873764038
vn -0.41680637001991272 -0.90711361169815063 0.058457978069782257
vn 0.10905067622661591 -0.82103425264358521 0.56036657094955444
vn 0.44281601905822754 -0.87174707651138306 -0.20969279110431671
vn 0.58753269910812378 -0.80124998092651367 0.11315374076366425
vn -0.33950784802436829 -0.88930749893188477 0.30637654662132263
vn 0.47966179251670837 -0.86223405599594116 0.16271765530109406
vn 0.22024638950824738 -0.91359156370162964 0.34182149171829224
vn 0.3465009331703186 -0.91218262910842896 0.21876920759677887
vn -0.3961912989616394 -0.89259272813796997 -0.21519912779331207
vn -0.12995530664920807 -0.87317752838134766 -0.46975806355476379
vn -0.20401418209075928 -0.87731266021728516 -0.434396892786026
vn -0.26567339897155762 -0.91798537969589233 0.294483482837677
vn 0.25372076034545898 -0.86347860097885132 -0.43592485785484314
vn 0.08406868577003479 -0.94566351175308228 -0.31409072875976562
vn -0.38788828253746033 -0.87489622831344604 -0.28999873995780945
vn 0.39956724643707275 -0.85475444793701172 -0.33127158880233765
vn 0.33376741409301758 -0.85923618078231812 -0.38770157098770142
vn 0.26093167066574097 -0.95827442407608032 0.11672531813383102
vn 0.40850642323493958 -0.82792603969573975 -0.38426676392555237
vn -0.49584808945655823 -0.82357478141784668 0.27542567253112793
vn -0.20910723507404327 -0.95420247316360474 0.21394340693950653
vn 0.24139568209648132 -0.95450210571289062 -0.17508243024349213
vn 0.47975561022758484 -0.87732279300689697 -0.011799808591604233
vn -0.055316902697086334 -0.88195902109146118 -0.46806874871253967
vn 0.22054560482501984 -0.97306108474731445 -0.067169681191444397
vn -0.33494389057159424 -0.94193261861801147 0.02398972399532795
vn 0.28451693058013916 -0.95842462778091431 -0.02173396572470665
vn 0.32728937268257141 -0.82338672876358032 -0.46359032392501831
vn -0.2046491950750351 -0.84109240770339966 0.50068175792694092
vn 0.45057320594787598 -0.88818717002868652 -0.090041033923625946
vn 0.1838381290435791 -0.92673605680465698 0.32766422629356384
vn -0.52147871255874634 -0.840720534324646 -0.14577001333236694
vn 0.55566084384918213 -0.82941430807113647 -0.057558357715606689
vn -0.37459006905555725 -0.86789518594741821 -0.32625171542167664
vn -0.41362062096595764 -0.82700878381729126 0.38075509667396545
vn 0.10886318981647491 -0.87982463836669922 -0.4626634418964386
vn -0.46622896194458008 -0.81200695037841797 -0.35110577940940857
vn 0.18691740930080414 -0.90111285448074341 0.391225665807724
vn -0.30305022001266479 -0.91656273603439331 -0.26090866327285767
vn 0.4636041522026062 -0.8672947883605957 -0.1813034862279892
vn -0.16197937726974487 -0.84798789024353027 0.5046575665473938
vn -0.28719118237495422 -0.85364329814910889 0.4345276951789856
vn 0.31447052955627441 -0.87601441144943237 -0.36565974354743958
vn 0.24442535638809204 -0.83887177705764771 0.4863644540309906
vn -0.19149200618267059 -0.94378232955932617 -0.26945438981056213
vn 0.35278642177581787 -0.84241914749145508 0.40727347135543823
vn 0.45870384573936462 -0.87559926509857178 -0.1513826996088028
vn 0.51144731044769287 -0.82456785440444946 -0.24188734591007233
vn 0.52215689420700073 -0.81886196136474609 0.23836377263069153
vn -0.32888862490653992 -0.94198310375213623 0.067082740366458893
vn -0.374235600233078 -0.92271900177001953 -0.092397816479206085
vn -0.11482332646846771 -0.91273629665374756 0.39208167791366577
vn -0.32554903626441956 -0.93503683805465698 -0.14044177532196045
vn 0.5882420539855957 -0.80836540460586548 -0.022729802876710892
vn -0.47926852107048035 -0.85955512523651123 0.17738842964172363
vn 0.33266779780387878 -0.82585084438323975 0.45530486106872559
vn 0.045921076089143753 -0.83399492502212524 0.54985791444778442
vn -0.53268909454345703 -0.84214824438095093 0.083837248384952545
vn -0.50334227085113525 -0.84099632501602173 -0.19842319190502167
vn -0.31179022789001465 -0.92365038394927979 -0.22283822298049927
vn 0.54523181915283203 -0.83446699380874634 0.079919576644897461
vn -0.55092072486877441 -0.80915898084640503 -0.20432348549365997
vn -0.2307453453540802 -0.92935490608215332 -0.28819450736045837
vn -0.13488972187042236 -0.94107455015182495 -0.31013455986976624
vn -0.077691994607448578 -0.99616163969039917 -0.04032294824719429
vn 0.067245230078697205 -0.95795494318008423 0.27892729640007019
vn 0.21009020507335663 -0.97731941938400269 -0.0266248919069767
vn -0.062329091131687164 -0.89603912830352783 -0.43957820534706116
vn -0.1005132794380188 -0.88614821434020996 0.45236983895301819
vn 0.5398065447807312 -0.8335723876953125 -0.11732860654592514
vn -0.16904735565185547 -0.93893861770629883 -0.29969531297683716
vn 0.31999251246452332 -0.93643128871917725 -0.14387921988964081
vn 0.37661454081535339 -0.92194187641143799 -0.090469256043434143
vn -0.58093070983886719 -0.80362951755523682 -0.12922483682632446
vn -0.24160449206829071 -0.90233892202377319 -0.35694786906242371
vn 0.16271856427192688 -0.84824049472808838 -0.50399476289749146
vn 0.1712334007024765 -0.86038655042648315 -0.48001471161842346
vn -0.069326959550380707 -0.86557561159133911 -0.49595624208450317
vn -0.46804603934288025 -0.84698504209518433 -0.25208970904350281
vn -0.33025708794593811 -0.92993444204330444 0.16171635687351227
vn 0.15274941921234131 -0.98002499341964722 0.12735232710838318
vn 0.50020807981491089 -0.8391004204750061 -0.21378099918365479
vn 0.32697415351867676 -0.88361251354217529 -0.33513706922531128
vn -0.24103878438472748 -0.8358948826789856 0.49313291907310486
vn -0.43303400278091431 -0.9009939432144165 0.026295874267816544
vn 0.36268183588981628 -0.81329536437988281 -0.45498627424240112
vn -0.16212567687034607 -0.98568534851074219 0.046256247907876968
vn -0.021179843693971634 -0.9973946213722229 0.068959422409534454
vn 0.47787973284721375 -0.82367867231369019 -0.30526122450828552
vn -0.23797087371349335 -0.82359838485717773 -0.5148354172706604
vn 0.26651358604431152 -0.87444406747817993 -0.40536165237426758
vn -0.3514372706413269 -0.8567730188369751 0.37740147113800049
vn -0.36873036623001099 -0.92934465408325195 0.018880581483244896
vn -0.3196336030960083 -0.84232634305953979 -0.43395927548408508
vn 0.40259158611297607 -0.82789844274520874 0.39051789045333862
vn 0.26822096109390259 -0.96053743362426758 0.073657043278217316
vn -0.53339028358459473 -0.84435510635375977 -0.050589326769113541
vn 0.52867072820663452 -0.84864228963851929 -0.017706550657749176
vn 0.4024200439453125 -0.80062103271484375 0.44391897320747375
vn 0.34290111064910889 -0.90303921699523926 -0.25872582197189331
vn 0.50668931007385254 -0.84934014081954956 0.14794333279132843
vn 0.2287018746137619 -0.94421917200088501 -0.23695054650306702
vn -0.17956215143203735 -0.82351338863372803 -0.53812932968139648
vn -0.29587671160697937 -0.83682852983474731 0.4606245756149292
vn -0.09459695965051651 -0.88676732778549194 -0.45243242383003235
vn 0.13186545670032501 -0.80805414915084839 0.57416027784347534
vn -0.45224675536155701 -0.80788689851760864 -0.37787780165672302
vn -0.52655571699142456 -0.8256494402885437 -0.2025885134935379
vn 0.41070473194122314 -0.87458270788192749 0.2577337920665741
vn -0.37588506937026978 -0.87182050943374634 0.31406918168067932
vn -0.23557524383068085 -0.86244142055511475 -0.44799456000328064
vn -0.49121963977813721 -0.84484541416168213 0.21198929846286774
vn 0.35703554749488831 -0.8222847580909729 0.44314038753509521
vn 0.43269264698028564 -0.84682637453079224 0.3092930018901825
vn -0.31014561653137207 -0.94926542043685913 -0.052008692175149918
vn 0.42343825101852417 -0.83953124284744263 -0.34042227268218994
vn -0.16268949210643768 -0.87338465452194214 0.45905488729476929
vn -0.39475944638252258 -0.91068589687347412 -0.12172190099954605
vn -0.10379571467638016 -0.99134922027587891 0.080331802368164062
vn 0.1274724155664444 -0.96766597032546997 -0.21765413880348206
vn 0.50400006771087646 -0.84385085105895996 0.18411856889724731
vn -0.57397007942199707 -0.81731778383255005 0.05049770325422287
vn -0.47362777590751648 -0.82558703422546387 0.30672913789749146
vn 0.077597051858901978 -0.80205786228179932 0.59218400716781616
vn 0.48400798439979553 -0.84008258581161499 -0.24494391679763794
vn 0.4730059802532196 -0.85442894697189331 -0.21498037874698639
vn 0.17139841616153717 -0.85284918546676636 0.49322491884231567
vn -0.043357409536838531 -0.95529669523239136 0.2924523651599884
vn 0.1557302325963974 -0.9824407696723938 -0.10275346040725708
vn -0.056048590689897537 -0.92505407333374023 -0.37567746639251709
vn 0.2527046799659729 -0.89879542589187622 0.3581998348236084
vn 0.47915178537368774 -0.87384939193725586 -0.082467198371887207
vn -0.55204510688781738 -0.8021996021270752 0.22742459177970886
vn -0.098500609397888184 -0.97453802824020386 0.20142818987369537
vn 0.023233674466609955 -0.92195659875869751 -0.38659572601318359
vn -0.21581491827964783 -0.97072374820709229 0.10544829070568085
vn 0.026417458429932594 -0.88360977172851562 -0.46747824549674988
vn -0.074874497950077057 -0.99269253015518188 -0.09463249146938324
vn 0.57989108562469482 -0.80053728818893433 0.15121625363826752
vn 0.4546230137348175 -0.84246528148651123 0.28908506035804749
vn 0.28653329610824585 -0.95039826631546021 -0.12100337445735931
vn 0.2510121762752533 -0.93569749593734741 0.24791751801967621
vn 0.23285795748233795 -0.92136943340301514 -0.31121626496315002
vn 0.19620943069458008 -0.92095416784286499 -0.33666786551475525
vn 0.50238758325576782 -0.86049705743789673 0.084566593170166016
vn 0.17942468822002411 -0.96551817655563354 0.18863050639629364
vn 0.36929738521575928 -0.89555037021636963 -0.24821165204048157
vn 0.2559552788734436 -0.82328736782073975 0.50664067268371582
vn 0.027997573837637901 -0.98466086387634277 0.17221839725971222
vn -0.56345248222351074 -0.81293082237243652 -0.14718957245349884
vn 0.56747645139694214 -0.82277804613113403 0.031728971749544144
vn 0.18002815544605255 -0.93938064575195312 0.29181128740310669
vn -0.042856018990278244 -0.99904203414916992 -0.0088530527427792549
vn -0.58400768041610718 -0.8078763484954834 0.079188898205757141
vn -0.24650712311267853 -0.83538681268692017 -0.49128720164299011
vn -0.041848774999380112 -0.80723196268081665 -0.58874893188476562
vn 0.19097356498241425 -0.86307245492935181 0.4675842821598053
vn -0.18265317380428314 -0.9028249979019165 0.38928768038749695
vn 0.073714904487133026 -0.85231781005859375 0.51780349016189575
vn -0.31991463899612427 -0.92949718236923218 -0.18354736268520355
vn 0.15951012074947357 -0.96521961688995361 -0.20714165270328522
vn 0.47822645306587219 -0.82503199577331543 0.30103439092636108
vn 0.092909626662731171 -0.97482067346572876 -0.20271261036396027
vn -0.17334537208080292 -0.97845762968063354 0.112124964594841
vn 0.43359610438346863 -0.86906838417053223 0.23814812302589417
vn 0.56017714738845825 -0.82230114936828613 0.10011198371648788
vn 0.14560212194919586 -0.97553783655166626 0.16469961404800415
vn 0.13344071805477142 -0.8799249529838562 0.45598864555358887
vn -0.1688770055770874 -0.90517944097518921 -0.39003938436508179
vn -0.11549115926027298 -0.92622321844100952 0.35884860157966614
vn -0.17715297639369965 -0.97171419858932495 -0.15616761147975922
vn -0.18333818018436432 -0.93131142854690552 0.31471601128578186
vn -0.0095040788874030113 -0.97195762395858765 0.23496401309967041
vn -0.28226634860038757 -0.95564240217208862 -0.084102734923362732
vn -0.041112300008535385 -0.94377297163009644 0.32802796363830566
vn -0.52489310503005981 -0.85103720426559448 -0.014928434044122696
vn -0.032841391861438751 -0.89339834451675415 -0.44806337356567383
vn -0.076651126146316528 -0.97250658273696899 -0.21989892423152924
vn 0.5501556396484375 -0.80152809619903564 -0.23426792025566101
vn -0.24129372835159302 -0.94782638549804688 -0.20833250880241394
vn -0.39764559268951416 -0.91304206848144531 0.090731069445610046
vn 0.38874313235282898 -0.91649234294891357 0.094448558986186981
vn 0.49727341532707214 -0.86739498376846313 0.018575558438897133
vn -0.09913848340511322 -0.95213073492050171 -0.28916880488395691
vn -0.40212070941925049 -0.88101184368133545 -0.24923290312290192
vn -0.402568519115448 -0.80062383413314819 0.44377925992012024
vn 0.54822260141372681 -0.83190459012985229 -0.085946023464202881
vn -0.40964287519454956 -0.89956837892532349 -0.15155674517154694
vn 0.39550173282623291 -0.90257883071899414 0.17008765041828156
vn -0.10829068720340729 -0.86216044425964355 -0.49492675065994263
vn -0.31316050887107849 -0.85863792896270752 -0.40579727292060852
vn 0.13785859942436218 -0.96097934246063232 0.23982022702693939
vn -0.085797883570194244 -0.98899543285369873 0.12052704393863678
vn -0.11380790919065475 -0.81984108686447144 0.56116694211959839
vn 0.14247649908065796 -0.93817567825317383 0.31547877192497253
vn -0.020730426535010338 -0.82106798887252808 -0.57045382261276245
vn -0.53601557016372681 -0.80178296566009521 -0.26425635814666748
vn -0.36205783486366272 -0.85918819904327393 -0.36153805255889893
vn 0.5221593976020813 -0.8359643816947937 0.16885817050933838
vn -0.11074189841747284 -0.95237195491790771 0.28411957621574402
vn -0.22143246233463287 -0.96975284814834595 -0.10269910097122192
vn -0.42560020089149475 -0.8967316746711731 -0.12139519304037094
vn 0.15930330753326416 -0.83663302659988403 -0.52408742904663086
vn -0.06663057953119278 -0.96253311634063721 -0.26285043358802795
vn 0.2949775755405426 -0.94482141733169556 0.14248043298721313
vn -0.12998583912849426 -0.9659850001335144 0.2235545814037323
vn -0.093005076050758362 -0.94132792949676514 -0.32442528009414673
vn -0.40562668442726135 -0.80897444486618042 0.42547312378883362
vn -0.56289470195770264 -0.80643028020858765 -0.18116237223148346
f 10//10 1//1 9//9
f 10//10 2//2 1//1
f 1108//1108 13//13 1148//1148
f 14//14 3//3 1148//1148
f 15//15 6//6 913//913
f 876//876 8//8 20//20
f 21//21 10//10 9//9
f 10//10 22//22 11//11
f 13//13 757//757 23//23
f 806//806 24//24 14//14
f 26//26 25//25 37//37
f 1155//1155 936//936 26//26
f 16//16 17//17 627//627
f 650//650 696//696 695//695
f 30//30 19//19 18//18
f 1107//1107 1042//1042 30//30
f 32//32 21//21 765//765
f 887//887 22//22 33//33
f 23//23 757//757 887//887
f 23//23 35//35 806//806
f 878//878 839//839 24//24
f 26//26 37//37 38//38
f 27//27 40//40 16//16
f 17//17 41//41 29//29
f 695//695 696//696 45//45
f 939//939 696//696 44//44
f 45//45 696//696 939//939
f 18//18 46//46 30//30
f 46//46 18//18 45//45
f 765//765 31//31 47//47
f 803//803 733//733 49//49
f 862//862 51//51 988//988
f 1028//1028 862//862 1029//1029
f 980//980 54//54 639//639
f 980//980 639//639 53//53
f 55//55 71//71 43//43
f 45//45 57//57 46//46
f 1030//1030 830//830 976//976
f 60//60 1089//1089 803//803
f 63//63 1029//1029 62//62
f 965//965 871//871 64//64
f 980//980 66//66 67//67
f 68//68 1038//1038 67//67
f 962//962 75//75 852//852
f 800//800 747//747 76//76
f 988//988 62//62 862//862
f 79//79 64//64 63//63
f 965//965 80//80 1043//1043
f 620//620 638//638 84//84
f 83//83 638//638 69//69
f 70//70 931//931 86//86
f 71//71 70//70 87//87
f 72//72 71//71 88//88
f 91//91 74//74 90//90
f 852//852 848//848 93//93
f 76//76 1020//1020 94//94
f 97//97 96//96 114//114
f 99//99 98//98 763//763
f 101//101 83//83 82//82
f 940//940 971//971 83//83
f 638//638 971//971 84//84
f 103//103 971//971 102//102
f 104//104 120//120 121//121
f 103//103 104//104 84//84
f 698//698 697//697 122//122
f 85//85 1059//1059 989//989
f 86//86 85//85 106//106
f 87//87 86//86 107//107
f 949//949 1150//1150 108//108
f 110//110 89//89 109//109
f 93//93 1121//1121 112//112
f 752//752 94//94 923//923
f 791//791 1087//1087 745//745
f 895//895 133//133 113//113
f 843//843 1096//1096 763//763
f 763//763 840//840 115//115
f 100//100 116//116 995//995
f 100//100 995//995 969//969
f 1035//1035 995//995 117//117
f 119//119 101//101 118//118
f 103//103 1068//1068 120//120
f 637//637 121//121 1041//1041
f 697//697 698//698 123//123
f 989//989 123//123 105//105
f 105//105 125//125 106//106
f 107//107 106//106 126//126
f 128//128 108//108 127//127
f 129//129 110//110 109//109
f 112//112 111//111 131//131
f 884//884 791//791 745//745
f 134//134 909//909 759//759
f 840//840 776//776 115//115
f 776//776 850//850 135//135
f 156//156 1035//1035 135//135
f 136//136 119//119 118//118
f 138//138 120//120 1068//1068
f 120//120 1041//1041 121//121
f 1041//1041 120//120 139//139
f 1041//1041 159//159 636//636
f 699//699 786//786 122//122
f 698//698 786//786 143//143
f 146//146 967//967 1137//1137
f 127//127 986//986 967//967
f 128//128 860//860 129//129
f 130//130 148//148 837//837
f 837//837 1016//1016 131//131
f 131//131 1159//1159 816//816
f 169//169 152//152 743//743
f 139//139 158//158 174//174
f 159//159 141//141 636//636
f 160//160 699//699 142//142
f 787//787 1031//1031 786//786
f 143//143 144//144 124//124
f 163//163 146//146 162//162
f 762//762 991//991 164//164
f 1015//1015 147//147 762//762
f 132//132 1159//1159 150//150
f 151//151 168//168 152//152
f 170//170 921//921 154//154
f 834//834 1054//1054 753//753
f 828//828 1054//1054 187//187
f 172//172 1052//1052 171//171
f 778//778 157//157 173//173
f 1077//1077 1034//1034 1000//1000
f 1000//1000 175//175 635//635
f 175//175 1000//1000 1034//1034
f 660//660 1014//1014 142//142
f 194//194 1161//1161 1102//1102
f 194//194 1060//1060 1014//1014
f 787//787 786//786 160//160
f 179//179 161//161 178//178
f 961//961 180//180 162//162
f 1112//1112 1012//1012 772//772
f 164//164 165//165 762//762
f 166//166 183//183 167//167
f 740//740 743//743 185//185
f 169//169 186//186 824//824
f 828//828 761//761 1054//1054
f 171//171 189//189 172//172
f 955//955 1078//1078 174//174
f 193//193 175//175 192//192
f 635//635 175//175 176//176
f 851//851 194//194 984//984
f 766//766 851//851 984//984
f 760//760 838//838 180//180
f 1012//1012 1112//1112 847//847
f 1112//1112 838//838 1005//1005
f 199//199 183//183 182//182
f 200//200 1130//1130 183//183
f 184//184 201//201 221//221
f 202//202 818//818 1115//1115
f 951//951 934//934 187//187
f 767//767 908//908 206//206
f 209//209 193//193 192//192
f 194//194 213//213 984//984
f 984//984 215//215 766//766
f 177//177 195//195 178//178
f 1154//1154 196//196 216//216
f 1005//1005 217//217 237//237
f 1123//1123 182//182 181//181
f 222//222 948//948 882//882
f 204//204 226//226 1093//1093
f 204//204 1093//1093 1024//1024
f 842//842 227//227 999//999
f 228//228 207//207 999//999
f 209//209 1022//1022 864//864
f 215//215 879//879 831//831
f 1126//1126 809//809 218//218
f 897//897 1153//1153 219//219
f 219//219 240//240 815//815
f 749//749 1090//1090 814//814
f 795//795 737//737 221//221
f 737//737 243//243 222//222
f 933//933 1081//1081 810//810
f 932//932 1093//1093 244//244
f 854//854 1025//1025 908//908
f 820//820 246//246 247//247
f 982//982 1084//1084 228//228
f 1139//1139 985//985 250//250
f 250//250 251//251 232//232
f 234//234 252//252 898//898
f 756//756 235//235 214//214
f 922//922 255//255 256//256
f 258//258 238//238 237//237
f 239//239 279//279 240//240
f 240//240 260//260 261//261
f 240//240 261//261 815//815
f 267//267 932//932 244//244
f 287//287 812//812 880//880
f 246//246 269//269 805//805
f 270//270 247//247 246//246
f 271//271 247//247 883//883
f 975//975 272//272 271//271
f 251//251 273//273 1006//1006
f 274//274 746//746 252//252
f 233//233 252//252 234//234
f 1049//1049 253//253 235//235
f 257//257 276//276 885//885
f 239//239 259//259 279//279
f 279//279 259//259 278//278
f 260//260 741//741 280//280
f 280//280 261//261 260//260
f 1105//1105 262//262 1017//1017
f 732//732 263//263 282//282
f 284//284 283//283 797//797
f 891//891 284//284 285//285
f 285//285 799//799 1019//1019
f 789//789 979//979 286//286
f 270//270 883//883 247//247
f 310//310 1103//1103 290//290
f 1006//1006 273//273 875//875
f 1074//1074 746//746 700//700
f 734//734 294//294 295//295
f 804//804 295//295 296//296
f 748//748 296//296 315//315
f 1037//1037 953//953 744//744
f 299//299 790//790 298//298
f 320//320 741//741 299//299
f 1039//1039 835//835 738//738
f 283//283 301//301 797//797
f 302//302 797//797 950//950
f 304//304 789//789 286//286
f 305//305 287//287 880//880
f 807//807 288//288 805//805
f 272//272 289//289 944//944
f 309//309 1050//1050 289//289
f 875//875 291//291 1006//1006
f 1010//1010 294//294 293//293
f 339//339 313//313 338//338
f 953//953 315//315 316//316
f 1133//1133 317//317 896//896
f 318//318 319//319 298//298
f 1088//1088 299//299 319//319
f 801//801 1071//1071 322//322
f 1040//1040 300//300 322//322
f 330//330 305//305 329//329
f 900//900 331//331 306//306
f 894//894 306//306 332//332
f 894//894 333//333 307//307
f 310//310 308//308 334//334
f 335//335 823//823 311//311
f 316//316 340//340 341//341
f 342//342 343//343 317//317
f 889//889 318//318 1002//1002
f 344//344 318//318 889//889
f 817//817 1088//1088 345//345
f 324//324 323//323 348//348
f 325//325 350//350 950//950
f 326//326 351//351 352//352
f 970//970 819//819 1048//1048
f 332//332 355//355 755//755
f 755//755 844//844 333//333
f 833//833 338//338 361//361
f 833//833 361//361 362//362
f 833//833 1007//1007 863//863
f 386//386 340//340 863//863
f 901//901 363//363 364//364
f 390//390 1032//1032 365//365
f 369//369 368//368 973//973
f 370//370 346//346 369//369
f 371//371 370//370 1086//1086
f 890//890 372//372 373//373
f 349//349 1101//1101 374//374
f 375//375 350//350 349//349
f 1157//1157 947//947 819//819
f 355//355 841//841 380//380
f 958//958 902//902 381//381
f 1053//1053 844//844 958//958
f 357//357 383//383 836//836
f 358//358 858//858 359//359
f 387//387 386//386 777//777
f 387//387 388//388 364//364
f 412//412 388//388 411//411
f 390//390 389//389 413//413
f 391//391 366//366 390//390
f 366//366 392//392 367//367
f 393//393 368//368 367//367
f 798//798 397//397 374//374
f 376//376 1098//1098 1119//1119
f 377//377 1098//1098 400//400
f 402//402 379//379 865//865
f 958//958 1073//1073 1053//1053
f 383//383 782//782 405//405
f 406//406 384//384 858//858
f 873//873 408//408 1064//1064
f 409//409 408//408 972//972
f 1007//1007 777//777 386//386
f 388//388 410//410 411//411
f 412//412 411//411 911//911
f 391//391 413//413 435//435
f 414//414 392//392 391//391
f 415//415 393//393 392//392
f 829//829 417//417 416//416
f 395//395 1158//1158 418//418
f 1152//1152 395//395 418//418
f 399//399 424//424 400//400
f 1094//1094 401//401 400//400
f 827//827 832//832 928//928
f 832//832 427//427 960//960
f 960//960 428//428 429//429
f 403//403 429//429 845//845
f 769//769 845//845 1117//1117
f 785//785 431//431 870//870
f 432//432 408//408 407//407
f 408//408 432//432 972//972
f 433//433 409//409 972//972
f 872//872 857//857 410//410
f 435//435 434//434 957//957
f 414//414 436//436 964//964
f 964//964 437//437 829//829
f 419//419 1080//1080 420//420
f 1018//1018 788//788 442//442
f 443//443 1018//1018 442//442
f 424//424 425//425 400//400
f 446//446 445//445 464//464
f 426//426 446//446 952//952
f 845//845 1061//1061 1117//1117
f 449//449 430//430 1117//1117
f 783//783 404//404 1001//1001
f 701//701 972//972 452//452
f 473//473 924//924 453//453
f 437//437 457//457 458//458
f 458//458 1124//1124 829//829
f 460//460 1122//1122 439//439
f 983//983 1147//1147 463//463
f 464//464 444//444 959//959
f 446//446 464//464 465//465
f 466//466 952//952 446//446
f 1061//1061 448//448 1117//1117
f 1066//1066 1092//1092 448//448
f 449//449 1092//1092 469//469
f 471//471 450//450 470//470
f 1001//1001 471//471 451//451
f 451//451 471//471 724//724
f 1075//1075 972//972 701//701
f 433//433 453//453 924//924
f 454//454 473//473 474//474
f 1062//1062 474//474 475//475
f 475//475 476//476 1062//1062
f 455//455 476//476 477//477
f 478//478 455//455 477//477
f 480//480 457//457 479//479
f 459//459 481//481 460//460
f 1004//1004 481//481 505//505
f 483//483 461//461 482//482
f 808//808 483//483 484//484
f 487//487 463//463 486//486
f 959//959 866//866 489//489
f 959//959 1083//1083 464//464
f 929//929 859//859 466//466
f 493//493 930//930 492//492
f 468//468 1066//1066 494//494
f 731//731 1114//1114 495//495
f 470//470 469//469 1114//1114
f 1114//1114 731//731 470//470
f 470//470 731//731 471//471
f 496//496 472//472 702//702
f 472//472 496//496 497//497
f 498//498 499//499 475//475
f 478//478 501//501 502//502
f 1004//1004 821//821 506//506
f 899//899 510//510 487//487
f 919//919 512//512 779//779
f 929//929 513//513 491//491
f 514//514 491//491 513//513
f 493//493 515//515 494//494
f 468//468 516//516 495//495
f 497//497 496//496 517//517
f 499//499 987//987 518//518
f 536//536 518//518 987//987
f 910//910 519//519 553//553
f 500//500 537//537 520//520
f 521//521 522//522 503//503
f 764//764 504//504 522//522
f 821//821 1021//1021 524//524
f 508//508 524//524 542//542
f 793//793 509//509 485//485
f 511//511 530//530 867//867
f 534//534 1047//1047 552//552
f 1047//1047 534//534 515//515
f 515//515 534//534 535//535
f 518//518 519//519 499//499
f 537//537 994//994 520//520
f 1056//1056 994//994 537//537
f 521//521 538//538 539//539
f 540//540 539//539 558//558
f 1069//1069 540//540 853//853
f 523//523 821//821 505//505
f 542//542 525//525 508//508
f 526//526 525//525 544//544
f 545//545 527//527 526//526
f 528//528 1120//1120 529//529
f 770//770 529//529 1109//1109
f 530//530 770//770 916//916
f 531//531 530//530 548//548
f 532//532 549//549 550//550
f 533//533 551//551 552//552
f 553//553 1160//1160 1138//1138
f 554//554 910//910 553//553
f 555//555 910//910 554//554
f 538//538 1056//1056 557//557
f 538//538 558//558 539//539
f 540//540 558//558 853//853
f 560//560 559//559 993//993
f 560//560 561//561 920//920
f 578//578 561//561 906//906
f 544//544 545//545 526//526
f 569//569 549//549 548//548
f 571//571 1008//1008 570//570
f 1008//1008 1065//1065 550//550
f 1065//1065 572//572 551//551
f 552//552 551//551 572//572
f 556//556 573//573 703//703
f 556//556 555//555 573//573
f 554//554 573//573 555//555
f 556//556 574//574 557//557
f 576//576 1036//1036 575//575
f 563//563 586//586 802//802
f 566//566 565//565 773//773
f 1079//1079 590//590 567//567
f 590//590 1079//1079 580//580
f 568//568 996//996 1100//1100
f 569//569 568//568 582//582
f 582//582 570//570 569//569
f 574//574 703//703 686//686
f 583//583 575//575 574//574
f 593//593 576//576 704//704
f 704//704 575//575 583//583
f 575//575 704//704 576//576
f 855//855 981//981 576//576
f 706//706 917//917 855//855
f 906//906 585//585 578//578
f 586//586 585//585 942//942
f 1111//1111 587//587 588//588
f 590//590 580//580 589//589
f 581//581 935//935 591//591
f 592//592 1100//1100 591//591
f 568//568 592//592 582//582
f 714//714 582//582 592//592
f 704//704 688//688 593//593
f 1146//1146 594//594 905//905
f 584//584 751//751 595//595
f 596//596 595//595 751//751
f 602//602 589//589 600//600
f 591//591 935//935 730//730
f 935//935 602//602 730//730
f 602//602 935//935 589//589
f 593//593 705//705 706//706
f 813//813 603//603 692//692
f 813//813 604//604 596//596
f 605//605 874//874 604//604
f 942//942 874//874 597//597
f 597//597 874//874 598//598
f 607//607 1058//1058 954//954
f 649//649 650//650 695//695
f 695//695 18//18 649//649
f 696//696 650//650 651//651
f 19//19 647//647 648//648
f 19//19 648//648 18//18
f 648//648 649//649 18//18
f 43//43 652//652 653//653
f 43//43 653//653 55//55
f 55//55 653//653 654//654
f 44//44 652//652 43//43
f 651//651 44//44 696//696
f 651//651 652//652 44//44
f 2//2 642//642 643//643
f 641//641 642//642 12//12
f 643//643 1//1 2//2
f 645//645 9//9 644//644
f 1//1 644//644 9//9
f 644//644 1//1 643//643
f 634//634 640//640 3//3
f 1108//1108 641//641 12//12
f 20//20 646//646 647//647
f 8//8 646//646 20//20
f 647//647 19//19 20//20
f 646//646 8//8 645//645
f 8//8 1055//1055 9//9
f 9//9 645//645 8//8
f 660//660 661//661 1014//1014
f 662//662 1161//1161 661//661
f 662//662 663//663 1026//1026
f 664//664 665//665 212//212
f 666//666 233//233 665//665
f 666//666 667//667 274//274
f 1026//1026 212//212 915//915
f 664//664 1026//1026 663//663
f 666//666 274//274 233//233
f 700//700 667//667 668//668
f 667//667 700//700 274//274
f 989//989 657//657 697//697
f 657//657 989//989 656//656
f 654//654 655//655 931//931
f 654//654 931//931 55//55
f 655//655 1059//1059 931//931
f 1059//1059 655//655 656//656
f 1059//1059 656//656 989//989
f 658//658 659//659 122//122
f 122//122 697//697 658//658
f 659//659 699//699 122//122
f 142//142 1149//1149 660//660
f 142//142 699//699 1149//1149
f 657//657 658//658 697//697
f 632//632 633//633 5//5
f 3//3 4//4 634//634
f 4//4 5//5 633//633
f 5//5 6//6 632//632
f 630//630 631//631 7//7
f 6//6 631//631 632//632
f 28//28 630//630 7//7
f 628//628 629//629 28//28
f 628//628 28//28 16//16
f 630//630 28//28 629//629
f 627//627 628//628 16//16
f 17//17 16//16 40//40
f 17//17 626//626 627//627
f 626//626 17//17 29//29
f 625//625 626//626 29//29
f 639//639 625//625 29//29
f 624//624 625//625 639//639
f 54//54 624//624 639//639
f 623//623 624//624 54//54
f 623//623 54//54 1038//1038
f 1038//1038 622//622 623//623
f 621//621 622//622 69//69
f 638//638 621//621 69//69
f 620//620 621//621 638//638
f 619//619 620//620 84//84
f 619//619 84//84 104//104
f 618//618 104//104 121//121
f 104//104 618//618 619//619
f 617//617 121//121 637//637
f 617//617 618//618 121//121
f 616//616 617//617 637//637
f 616//616 636//636 615//615
f 615//615 636//636 141//141
f 636//636 616//616 637//637
f 614//614 615//615 141//141
f 614//614 141//141 635//635
f 635//635 1131//1131 614//614
f 1131//1131 176//176 613//613
f 211//211 611//611 612//612
f 211//211 232//232 611//611
f 210//210 612//612 613//613
f 232//232 610//610 611//611
f 609//609 610//610 251//251
f 291//291 729//729 608//608
f 668//668 292//292 700//700
f 670//670 671//671 336//336
f 669//669 670//670 1106//1106
f 358//358 671//671 672//672
f 358//358 673//673 858//858
f 673//673 406//406 858//858
f 1085//1085 407//407 406//406
f 407//407 674//674 432//432
f 1085//1085 406//406 673//673
f 432//432 675//675 452//452
f 675//675 432//432 674//674
f 675//675 676//676 452//452
f 701//701 452//452 676//676
f 701//701 677//677 702//702
f 677//677 701//701 676//676
f 677//677 678//678 702//702
f 678//678 496//496 702//702
f 678//678 679//679 496//496
f 679//679 517//517 496//496
f 680//680 681//681 536//536
f 679//679 680//680 517//517
f 553//553 1138//1138 682//682
f 554//554 682//682 683//683
f 554//554 683//683 573//573
f 684//684 573//573 683//683
f 573//573 684//684 703//703
f 574//574 686//686 583//583
f 685//685 686//686 703//703
f 684//684 685//685 703//703
f 686//686 687//687 583//583
f 704//704 687//687 688//688
f 687//687 704//704 583//583
f 688//688 689//689 593//593
f 594//594 706//706 705//705
f 689//689 690//690 705//705
f 690//690 691//691 905//905
f 603//603 813//813 751//751
f 905//905 691//691 603//603
f 705//705 905//905 594//594
f 692//692 693//693 813//813
f 603//603 691//691 692//692
f 694//694 707//707 605//605
f 604//604 694//694 605//605
f 723//723 724//724 471//471
f 723//723 471//471 731//731
f 722//722 731//731 495//495
f 722//722 723//723 731//731
f 534//534 719//719 535//535
f 718//718 719//719 534//534
f 516//516 721//721 495//495
f 495//495 721//721 722//722
f 535//535 719//719 720//720
f 535//535 720//720 516//516
f 720//720 721//721 516//516
f 727//727 383//383 405//405
f 1091//1091 383//383 727//727
f 1091//1091 956//956 836//836
f 311//311 729//729 291//291
f 728//728 823//823 956//956
f 726//726 405//405 783//783
f 724//724 725//725 451//451
f 726//726 727//727 405//405
f 725//725 783//783 451//451
f 783//783 725//725 726//726
f 602//602 711//711 730//730
f 711//711 712//712 730//730
f 713//713 592//592 591//591
f 713//713 714//714 592//592
f 712//712 591//591 730//730
f 712//712 713//713 591//591
f 606//606 599//599 598//598
f 708//708 1058//1058 607//607
f 1076//1076 607//607 606//606
f 707//707 606//606 605//605
f 710//710 711//711 602//602
f 710//710 602//602 601//601
f 1058//1058 601//601 600//600
f 1058//1058 708//708 709//709
f 552//552 572//572 1051//1051
f 571//571 716//716 717//717
f 571//571 717//717 572//572
f 716//716 571//571 570//570
f 534//534 552//552 718//718
f 1051//1051 718//718 552//552
f 714//714 715//715 582//582
f 582//582 715//715 570//570
f 715//715 716//716 570//570
f 12//12 2//2 11//11
f 4//4 903//903 5//5
f 6//6 7//7 631//631
f 903//903 24//24 768//768
f 27//27 16//16 28//28
f 876//876 1042//1042 31//31
f 21//21 32//32 22//22
f 887//887 33//33 34//34
f 878//878 806//806 35//35
f 37//37 25//25 839//839
f 25//25 26//26 15//15
f 40//40 39//39 771//771
f 29//29 42//42 639//639
f 58//58 1107//1107 46//46
f 48//48 32//32 765//765
f 1142//1142 1030//1030 33//33
f 52//52 771//771 946//946
f 41//41 784//784 42//42
f 58//58 46//46 57//57
f 962//962 48//48 59//59
f 49//49 1030//1030 976//976
f 60//60 976//976 1129//1129
f 50//50 36//36 733//733
f 51//51 38//38 37//37
f 1028//1028 1029//1029 771//771
f 52//52 871//871 784//784
f 53//53 65//65 66//66
f 72//72 1046//1046 56//56
f 1063//1063 963//963 868//868
f 58//58 1063//1063 781//781
f 852//852 1057//1057 962//962
f 1020//1020 1057//1057 923//923
f 1129//1129 1020//1020 76//76
f 1089//1089 60//60 747//747
f 51//51 904//904 988//988
f 61//61 856//856 62//62
f 62//62 856//856 63//63
f 871//871 965//965 65//65
f 925//925 65//65 965//965
f 81//81 67//67 66//66
f 82//82 68//68 67//67
f 70//70 86//86 87//87
f 71//71 87//87 88//88
f 949//949 1143//1143 88//88
f 90//90 73//73 1143//1143
f 92//92 963//963 74//74
f 848//848 852//852 75//75
f 94//94 752//752 1082//1082
f 800//800 77//77 747//747
f 81//81 82//82 67//67
f 85//85 105//105 106//106
f 86//86 106//106 107//107
f 107//107 1150//1150 87//87
f 1027//1027 907//907 91//91
f 1121//1121 848//848 92//92
f 886//886 94//94 1082//1082
f 800//800 1087//1087 95//95
f 95//95 754//754 78//78
f 78//78 754//754 96//96
f 97//97 843//843 98//98
f 98//98 99//99 80//80
f 969//969 995//995 118//118
f 119//119 940//940 101//101
f 105//105 124//124 125//125
f 106//106 125//125 126//126
f 986//986 107//107 126//126
f 108//108 109//109 949//949
f 131//131 816//816 112//112
f 132//132 1082//1082 816//816
f 113//113 114//114 754//754
f 759//759 843//843 114//114
f 117//117 115//115 776//776
f 995//995 1035//1035 118//118
f 124//124 698//698 143//143
f 126//126 145//145 967//967
f 967//967 146//146 127//127
f 877//877 128//128 127//127
f 147//147 846//846 129//129
f 148//148 130//130 846//846
f 1023//1023 837//837 148//148
f 1159//1159 131//131 1016//1016
f 133//133 884//884 153//153
f 133//133 153//153 966//966
f 156//156 136//136 1035//1035
f 137//137 136//136 926//926
f 158//158 138//138 137//137
f 1041//1041 636//636 637//637
f 1137//1137 967//967 145//145
f 163//163 162//162 772//772
f 997//997 1015//1015 165//165
f 149//149 1023//1023 997//997
f 168//168 151//151 150//150
f 152//152 153//153 884//884
f 154//154 966//966 169//169
f 909//909 921//921 775//775
f 775//775 834//834 753//753
f 753//753 1095//1095 775//775
f 753//753 761//761 850//850
f 155//155 156//156 135//135
f 157//157 778//778 158//158
f 140//140 1077//1077 159//159
f 1060//1060 160//160 142//142
f 1011//1011 177//177 787//787
f 179//179 961//961 1137//1137
f 180//180 772//772 162//162
f 1132//1132 826//826 165//165
f 183//183 166//166 182//182
f 168//168 1156//1156 185//185
f 154//154 824//824 170//170
f 171//171 761//761 188//188
f 1034//1034 1078//1078 191//191
f 851//851 766//766 1011//1011
f 760//760 180//180 849//849
f 1112//1112 1005//1005 197//197
f 847//847 198//198 1132//1132
f 743//743 740//740 186//186
f 948//948 1115//1115 186//186
f 818//818 1072//1072 1115//1115
f 1113//1113 170//170 1072//1072
f 170//170 1113//1113 951//951
f 173//173 767//767 190//190
f 190//190 778//778 173//173
f 1102//1102 915//915 213//213
f 213//213 915//915 756//756
f 195//195 831//831 216//216
f 831//831 195//195 766//766
f 892//892 1154//1154 922//922
f 217//217 760//760 1070//1070
f 809//809 198//198 218//218
f 1123//1123 897//897 219//219
f 220//220 814//814 199//199
f 221//221 882//882 740//740
f 223//223 818//818 202//202
f 205//205 1024//1024 854//854
f 908//908 767//767 205//205
f 206//206 908//908 820//820
f 207//207 191//191 992//992
f 229//229 941//941 208//208
f 193//193 864//864 210//210
f 211//211 864//864 231//231
f 212//212 665//665 233//233
f 756//756 214//214 213//213
f 879//879 215//215 235//235
f 216//216 831//831 236//236
f 1003//1003 1070//1070 892//892
f 1126//1126 218//218 238//238
f 1153//1153 897//897 809//809
f 815//815 749//749 220//220
f 737//737 882//882 221//221
f 202//202 810//810 223//223
f 223//223 224//224 203//203
f 224//224 811//811 225//225
f 245//245 854//854 1024//1024
f 206//206 820//820 227//227
f 227//227 842//842 206//206
f 1022//1022 231//231 864//864
f 231//231 232//232 211//211
f 253//253 879//879 235//235
f 237//237 1003//1003 258//258
f 261//261 241//241 815//815
f 266//266 811//811 1081//1081
f 932//932 267//267 979//979
f 245//245 932//932 812//812
f 249//249 1139//1139 230//230
f 985//985 273//273 250//250
f 1128//1128 253//253 1049//1049
f 256//256 893//893 276//276
f 257//257 885//885 825//825
f 259//259 1067//1067 277//277
f 278//278 277//277 742//742
f 796//796 261//261 280//280
f 796//796 1017//1017 241//241
f 242//242 263//263 243//243
f 266//266 933//933 891//891
f 932//932 979//979 812//812
f 812//812 269//269 268//268
f 246//246 805//805 270//270
f 944//944 249//249 248//248
f 943//943 249//249 1050//1050
f 985//985 943//943 273//273
f 275//275 881//881 1128//1128
f 978//978 1045//1045 297//297
f 1045//1045 978//978 750//750
f 277//277 278//278 259//259
f 738//738 281//281 796//796
f 937//937 732//732 282//282
f 732//732 301//301 283//283
f 302//302 285//285 284//284
f 799//799 286//286 1019//1019
f 328//328 880//880 789//789
f 807//807 287//287 305//305
f 288//288 306//306 794//794
f 794//794 739//739 883//883
f 1050//1050 290//290 943//943
f 1074//1074 1106//1106 312//312
f 1074//1074 312//312 293//293
f 276//276 1037//1037 744//744
f 1045//1045 896//896 297//297
f 801//801 322//322 300//300
f 1040//1040 322//322 347//347
f 325//325 950//950 797//797
f 326//326 327//327 303//303
f 303//303 304//304 799//799
f 789//789 1048//1048 328//328
f 305//305 330//330 807//807
f 900//900 807//807 330//330
f 306//306 894//894 794//794
f 1106//1106 1074//1074 292//292
f 313//313 296//296 295//295
f 339//339 314//314 296//296
f 317//317 1133//1133 342//342
f 835//835 1116//1116 321//321
f 321//321 1145//1145 1071//1071
f 1040//1040 347//347 323//323
f 348//348 349//349 324//324
f 970//970 1048//1048 327//327
f 331//331 332//332 306//306
f 356//356 334//334 1097//1097
f 1118//1118 1013//1013 774//774
f 1013//1013 1118//1118 335//335
f 336//336 671//671 358//358
f 337//337 360//360 361//361
f 342//342 341//341 901//901
f 371//371 321//321 346//346
f 1101//1101 349//349 348//348
f 375//375 1119//1119 350//350
f 1098//1098 351//351 1119//1119
f 377//377 351//351 1098//1098
f 947//947 1157//1157 378//378
f 379//379 947//947 865//865
f 902//902 380//380 769//769
f 902//902 958//958 755//755
f 958//958 844//844 755//755
f 1064//1064 1007//1007 362//362
f 366//366 367//367 344//344
f 369//369 394//394 370//370
f 372//372 371//371 1086//1086
f 374//374 375//375 349//349
f 399//399 1098//1098 376//376
f 378//378 928//928 832//832
f 378//378 865//865 947//947
f 403//403 1141//1141 402//402
f 403//403 380//380 1141//1141
f 381//381 902//902 769//769
f 1073//1073 785//785 870//870
f 1151//1151 782//782 382//382
f 362//362 385//385 873//873
f 777//777 409//409 872//872
f 386//386 387//387 363//363
f 388//388 389//389 364//364
f 389//389 390//390 365//365
f 1086//1086 396//396 372//372
f 422//422 398//398 397//397
f 1144//1144 399//399 376//376
f 403//403 402//402 429//429
f 430//430 381//381 769//769
f 431//431 785//785 430//430
f 872//872 410//410 777//777
f 410//410 857//857 411//411
f 394//394 416//416 417//417
f 420//420 421//421 1125//1125
f 422//422 397//397 1018//1018
f 425//425 1104//1104 444//444
f 952//952 918//918 428//428
f 428//428 447//447 429//429
f 430//430 449//449 431//431
f 431//431 469//469 450//450
f 872//872 924//924 857//857
f 434//434 435//435 413//413
f 438//438 460//460 439//439
f 441//441 736//736 788//788
f 927//927 442//442 736//736
f 1147//1147 443//443 486//486
f 467//467 780//780 930//930
f 1062//1062 957//957 434//434
f 957//957 476//476 455//455
f 455//455 456//456 436//436
f 480//480 459//459 458//458
f 439//439 461//461 440//440
f 461//461 1122//1122 482//482
f 483//483 808//808 462//462
f 899//899 927//927 485//485
f 983//983 959//959 444//444
f 919//919 1083//1083 490//490
f 929//929 466//466 465//465
f 780//780 492//492 930//930
f 930//930 494//494 1066//1066
f 498//498 497//497 987//987
f 1044//1044 476//476 475//475
f 478//478 477//477 501//501
f 478//478 479//479 457//457
f 479//479 504//504 480//480
f 1110//1110 459//459 480//480
f 481//481 1004//1004 1122//1122
f 486//486 899//899 487//487
f 938//938 488//488 487//487
f 489//489 511//511 490//490
f 512//512 919//919 490//490
f 779//779 929//929 465//465
f 491//491 514//514 492//492
f 514//514 493//493 492//492
f 520//520 502//502 501//501
f 502//502 503//503 479//479
f 1110//1110 505//505 481//481
f 821//821 1004//1004 505//505
f 507//507 508//508 484//484
f 527//527 509//509 526//526
f 914//914 511//511 990//990
f 512//512 531//531 532//532
f 532//532 998//998 513//513
f 514//514 1047//1047 493//493
f 536//536 987//987 517//517
f 537//537 500//500 910//910
f 505//505 764//764 523//523
f 1069//1069 523//523 764//764
f 529//529 770//770 914//914
f 532//532 531//531 549//549
f 1036//1036 538//538 557//557
f 540//540 1069//1069 764//764
f 1021//1021 920//920 822//822
f 912//912 544//544 564//564
f 565//565 545//545 912//912
f 546//546 566//566 547//547
f 567//567 916//916 1109//1109
f 548//548 568//568 569//569
f 1008//1008 569//569 570//570
f 910//910 555//555 537//537
f 981//981 853//853 558//558
f 853//853 993//993 559//559
f 559//559 560//560 541//541
f 578//578 562//562 561//561
f 579//579 564//564 563//563
f 592//592 568//568 1100//1100
f 561//561 577//577 906//906
f 585//585 584//584 595//595
f 587//587 802//802 1009//1009
f 588//588 773//773 1111//1111
f 581//581 590//590 935//935
f 594//594 758//758 917//917
f 598//598 1009//1009 597//597
f 588//588 599//599 954//954
f 861//861 588//588 954//954
f 861//861 589//589 580//580
f 606//606 598//598 605//605
f 1038//1038 69//69 622//622
f 680//680 536//536 517//517
f 15//15 936//936 7//7
f 732//732 283//283 263//263
f 937//937 888//888 732//732
f 34//34 733//733 35//35
f 734//734 295//295 804//804
f 275//275 1128//1128 1049//1049
f 735//735 397//397 798//798
f 735//735 421//421 788//788
f 799//799 304//304 286//286
f 736//736 462//462 808//808
f 243//243 737//737 242//242
f 737//737 795//795 242//242
f 525//525 526//526 793//793
f 1135//1135 739//739 307//307
f 739//739 894//894 307//307
f 740//740 948//948 186//186
f 298//298 278//278 742//742
f 742//742 277//277 978//978
f 152//152 169//169 153//153
f 744//744 1045//1045 885//885
f 886//886 745//745 1087//1087
f 597//597 802//802 586//586
f 288//288 900//900 306//306
f 484//484 485//485 808//808
f 509//509 793//793 526//526
f 890//890 348//348 323//323
f 1101//1101 373//373 798//798
f 293//293 746//746 1074//1074
f 77//77 1089//1089 747//747
f 747//747 60//60 1129//1129
f 315//315 1037//1037 748//748
f 748//748 804//804 296//296
f 226//226 244//244 1093//1093
f 811//811 244//244 225//225
f 563//563 802//802 579//579
f 262//262 795//795 1090//1090
f 262//262 282//282 242//242
f 1130//1130 200//200 184//184
f 200//200 199//199 814//814
f 1081//1081 223//223 810//810
f 1156//1156 167//167 1130//1130
f 830//830 1142//1142 962//962
f 232//232 251//251 610//610
f 231//231 1139//1139 250//250
f 400//400 425//425 1094//1094
f 970//970 352//352 353//353
f 752//752 112//112 816//816
f 982//982 820//820 247//247
f 1072//1072 818//818 1113//1113
f 948//948 202//202 1115//1115
f 443//443 423//423 422//422
f 820//820 1025//1025 246//246
f 950//950 326//326 302//302
f 1119//1119 351//351 1033//1033
f 824//824 154//154 169//169
f 204//204 188//188 828//828
f 427//427 426//426 952//952
f 393//393 415//415 416//416
f 338//338 313//313 1010//1010
f 37//37 36//36 51//51
f 607//607 954//954 599//599
f 708//708 607//607 1076//1076
f 1118//1118 823//823 335//335
f 198//198 197//197 218//218
f 997//997 165//165 826//826
f 754//754 114//114 96//96
f 113//113 754//754 895//895
f 755//755 333//333 332//332
f 755//755 355//355 902//902
f 545//545 546//546 527//527
f 757//757 11//11 22//22
f 243//243 810//810 222//222
f 12//12 13//13 1108//1108
f 233//233 234//234 212//212
f 233//233 274//274 252//252
f 906//906 584//584 585//585
f 577//577 917//917 758//758
f 900//900 1134//1134 331//331
f 889//889 1032//1032 344//344
f 343//343 901//901 365//365
f 759//759 909//909 1096//1096
f 759//759 113//113 134//134
f 907//907 130//130 111//111
f 156//156 1052//1052 926//926
f 456//456 964//964 436//436
f 860//860 147//147 129//129
f 465//465 466//466 446//446
f 413//413 389//389 412//412
f 763//763 115//115 99//99
f 98//98 843//843 763//763
f 191//191 207//207 208//208
f 764//764 522//522 540//540
f 48//48 47//47 59//59
f 177//177 1011//1011 766//766
f 206//206 190//190 767//767
f 504//504 1110//1110 480//480
f 770//770 530//530 511//511
f 1064//1064 409//409 777//777
f 1027//1027 846//846 130//130
f 877//877 163//163 991//991
f 772//772 180//180 838//838
f 774//774 1013//1013 334//334
f 1096//1096 775//775 1095//1095
f 1032//1032 390//390 366//366
f 776//776 135//135 117//117
f 391//391 435//435 414//414
f 413//413 412//412 434//434
f 963//963 848//848 75//75
f 196//196 178//178 195//195
f 210//210 176//176 193//193
f 193//193 209//209 864//864
f 758//758 594//594 1146//1146
f 79//79 63//63 856//856
f 479//479 503//503 504//504
f 478//478 502//502 479//479
f 174//174 778//778 955//955
f 994//994 521//521 502//502
f 918//918 447//447 428//428
f 580//580 1079//1079 566//566
f 844//844 356//356 1097//1097
f 356//356 1053//1053 382//382
f 1042//1042 1107//1107 31//31
f 531//531 548//548 549//549
f 467//467 1066//1066 448//448
f 600//600 601//601 602//602
f 384//384 360//360 858//858
f 936//936 1155//1155 27//27
f 935//935 590//590 589//589
f 1137//1137 961//961 162//162
f 42//42 53//53 639//639
f 784//784 41//41 52//52
f 877//877 127//127 146//146
f 917//917 706//706 594//594
f 1075//1075 702//702 472//472
f 122//122 786//786 698//698
f 408//408 409//409 1064//1064
f 52//52 41//41 40//40
f 68//68 82//82 83//83
f 1060//1060 1011//1011 160//160
f 14//14 903//903 4//4
f 242//242 282//282 263//263
f 10//10 21//21 22//22
f 441//441 462//462 736//736
f 789//789 880//880 979//979
f 741//741 790//790 299//299
f 278//278 298//298 790//790
f 987//987 499//499 498//498
f 884//884 133//133 791//791
f 254//254 792//792 945//945
f 792//792 1128//1128 734//734
f 793//793 485//485 484//484
f 794//794 883//883 270//270
f 1125//1125 421//421 735//735
f 1019//1019 286//286 267//267
f 795//795 262//262 242//242
f 796//796 280//280 738//738
f 323//323 324//324 888//888
f 797//797 301//301 325//325
f 373//373 1101//1101 890//890
f 1125//1125 735//735 798//798
f 1037//1037 893//893 748//748
f 1105//1105 300//300 937//937
f 260//260 240//240 279//279
f 184//184 221//221 740//740
f 290//290 1050//1050 309//309
f 308//308 310//310 309//309
f 802//802 597//597 1009//1009
f 804//804 748//748 945//945
f 804//804 792//792 734//734
f 288//288 270//270 805//805
f 484//484 508//508 793//793
f 484//484 483//483 507//507
f 14//14 1148//1148 806//806
f 287//287 805//805 269//269
f 809//809 897//897 198//198
f 239//239 1126//1126 259//259
f 321//321 371//371 1145//1145
f 810//810 202//202 222//222
f 811//811 224//224 1081//1081
f 421//421 1080//1080 441//441
f 596//596 751//751 813//813
f 814//814 220//220 749//749
f 815//815 220//220 219//219
f 353//353 401//401 928//928
f 934//934 1113//1113 203//203
f 422//422 423//423 1144//1144
f 227//227 982//982 228//228
f 821//821 524//524 506//506
f 822//822 542//542 524//524
f 272//272 1084//1084 271//271
f 247//247 271//271 982//982
f 1009//1009 598//598 599//599
f 1116//1116 1088//1088 817//817
f 826//826 1132//1132 181//181
f 166//166 997//997 826//826
f 181//181 182//182 826//826
f 427//427 827//827 426//426
f 426//426 1094//1094 445//445
f 188//188 204//204 189//189
f 417//417 438//438 418//418
f 584//584 758//758 1146//1146
f 1090//1090 1017//1017 262//262
f 2//2 12//12 642//642
f 113//113 759//759 114//114
f 317//317 343//343 889//889
f 879//879 236//236 831//831
f 865//865 378//378 832//832
f 1007//1007 833//833 362//362
f 1120//1120 527//527 546//546
f 921//921 834//834 775//775
f 835//835 321//321 1071//1071
f 1039//1039 320//320 835//835
f 948//948 222//222 202//202
f 111//111 1121//1121 907//907
f 1005//1005 838//838 217//217
f 324//324 325//325 301//301
f 294//294 313//313 295//295
f 839//839 878//878 36//36
f 776//776 840//840 1095//1095
f 487//487 510//510 938//938
f 1141//1141 379//379 402//402
f 1133//1133 341//341 342//342
f 316//316 314//314 340//340
f 78//78 96//96 61//61
f 229//229 230//230 941//941
f 560//560 577//577 561//561
f 913//913 903//903 768//768
f 190//190 206//206 842//842
f 97//97 114//114 843//843
f 990//990 511//511 489//489
f 511//511 914//914 770//770
f 845//845 429//429 1061//1061
f 846//846 1027//1027 129//129
f 991//991 1012//1012 164//164
f 868//868 75//75 59//59
f 849//849 961//961 179//179
f 547//547 529//529 1120//1120
f 767//767 173//173 172//172
f 436//436 414//414 435//435
f 781//781 31//31 1107//1107
f 913//913 25//25 15//15
f 1043//1043 116//116 100//100
f 1062//1062 434//434 911//911
f 447//447 918//918 780//780
f 490//490 867//867 512//512
f 851//851 1060//1060 194//194
f 75//75 962//962 59//59
f 216//216 196//196 195//195
f 541//541 1069//1069 559//559
f 192//192 191//191 208//208
f 386//386 363//363 340//340
f 63//63 64//64 946//946
f 965//965 1043//1043 925//925
f 857//857 911//911 411//411
f 457//457 456//456 478//478
f 926//926 1052//1052 1099//1099
f 171//171 155//155 761//761
f 360//360 385//385 361//361
f 919//919 779//779 465//465
f 859//859 918//918 466//466
f 128//128 129//129 109//109
f 361//361 338//338 337//337
f 761//761 828//828 188//188
f 829//829 415//415 964//964
f 1016//1016 837//837 1023//1023
f 589//589 861//861 600//600
f 382//382 782//782 357//357
f 862//862 62//62 1029//1029
f 862//862 38//38 51//51
f 863//863 340//340 314//314
f 864//864 211//211 210//210
f 208//208 209//209 192//192
f 207//207 229//229 208//208
f 541//541 920//920 1021//1021
f 522//522 504//504 503//503
f 521//521 503//503 502//502
f 955//955 190//190 842//842
f 832//832 960//960 865//865
f 990//990 866//866 488//488
f 1061//1061 467//467 448//448
f 47//47 781//781 868//868
f 868//868 963//963 75//75
f 869//869 161//161 1031//1031
f 1073//1073 870//870 404//404
f 431//431 450//450 870//870
f 1143//1143 949//949 89//89
f 65//65 784//784 871//871
f 52//52 946//946 871//871
f 73//73 57//57 1046//1046
f 937//937 1040//1040 888//888
f 873//873 385//385 384//384
f 407//407 873//873 384//384
f 39//39 27//27 1155//1155
f 596//596 874//874 942//942
f 875//875 943//943 290//290
f 211//211 612//612 210//210
f 876//876 20//20 1042//1042
f 175//175 193//193 176//176
f 192//192 175//175 1034//1034
f 601//601 1058//1058 709//709
f 482//482 507//507 483//483
f 507//507 506//506 524//524
f 96//96 97//97 856//856
f 24//24 806//806 878//878
f 878//878 733//733 36//36
f 566//566 1079//1079 547//547
f 329//329 947//947 354//354
f 189//189 1024//1024 205//205
f 253//253 254//254 879//879
f 881//881 294//294 734//734
f 746//746 881//881 275//275
f 882//882 948//948 740//740
f 882//882 737//737 222//222
f 525//525 543//543 544//544
f 542//542 543//543 525//525
f 886//886 1082//1082 745//745
f 743//743 168//168 185//185
f 1039//1039 738//738 280//280
f 885//885 276//276 744//744
f 886//886 800//800 76//76
f 887//887 757//757 22//22
f 301//301 888//888 324//324
f 889//889 343//343 1032//1032
f 890//890 347//347 372//372
f 891//891 1019//1019 266//266
f 891//891 265//265 284//284
f 966//966 134//134 113//113
f 1057//1057 1020//1020 976//976
f 825//825 892//892 257//257
f 893//893 255//255 945//945
f 893//893 945//945 748//748
f 578//578 585//585 586//586
f 249//249 944//944 1050//1050
f 225//225 934//934 224//224
f 320//320 1039//1039 741//741
f 1116//1116 320//320 1088//1088
f 1090//1090 795//795 201//201
f 749//749 815//815 241//241
f 241//241 261//261 796//796
f 267//267 977//977 1019//1019
f 420//420 395//395 419//419
f 1153//1153 239//239 240//240
f 735//735 1018//1018 397//397
f 304//304 327//327 1048//1048
f 269//269 1025//1025 268//268
f 1157//1157 928//928 378//378
f 1104//1104 424//424 423//423
f 824//824 1072//1072 170//170
f 368//368 345//345 367//367
f 344//344 345//345 319//319
f 264//264 933//933 810//810
f 424//424 1104//1104 425//425
f 743//743 186//186 169//169
f 544//544 912//912 545//545
f 894//894 739//739 794//794
f 894//894 332//332 333//333
f 1087//1087 791//791 895//895
f 896//896 317//317 297//297
f 744//744 953//953 896//896
f 285//285 303//303 799//799
f 350//350 1033//1033 950//950
f 404//404 405//405 782//782
f 346//346 1116//1116 817//817
f 818//818 223//223 203//203
f 438//438 1152//1152 418//418
f 417//417 829//829 1124//1124
f 181//181 198//198 897//897
f 182//182 166//166 826//826
f 898//898 756//756 234//234
f 898//898 252//252 275//275
f 899//899 486//486 927//927
f 900//900 288//288 807//807
f 900//900 330//330 1134//1134
f 901//901 343//343 342//342
f 528//528 529//529 914//914
f 547//547 1120//1120 546//546
f 1103//1103 310//310 335//335
f 1009//1009 588//588 587//587
f 5//5 913//913 6//6
f 392//392 414//414 415//415
f 1003//1003 217//217 1070//1070
f 988//988 78//78 61//61
f 50//50 1089//1089 904//904
f 215//215 214//214 235//235
f 48//48 962//962 1142//1142
f 751//751 1146//1146 603//603
f 578//578 563//563 562//562
f 91//91 92//92 74//74
f 205//205 854//854 908//908
f 365//365 364//364 389//389
f 909//909 775//775 1096//1096
f 911//911 434//434 412//412
f 388//388 412//412 389//389
f 387//387 777//777 410//410
f 80//80 79//79 98//98
f 1135//1135 309//309 289//289
f 110//110 90//90 89//89
f 15//15 7//7 6//6
f 155//155 135//135 850//850
f 436//436 435//435 957//957
f 914//914 990//990 938//938
f 769//769 403//403 845//845
f 10//10 11//11 2//2
f 916//916 770//770 1109//1109
f 993//993 855//855 917//917
f 427//427 428//428 960//960
f 238//238 258//258 1067//1067
f 238//238 1005//1005 237//237
f 231//231 250//250 232//232
f 562//562 920//920 561//561
f 229//229 248//248 230//230
f 344//344 367//367 345//345
f 1140//1140 849//849 196//196
f 922//922 236//236 255//255
f 93//93 752//752 923//923
f 32//32 33//33 22//22
f 984//984 213//213 214//214
f 437//437 458//458 829//829
f 856//856 97//97 79//79
f 61//61 96//96 856//856
f 363//363 901//901 341//341
f 381//381 430//430 785//785
f 986//986 108//108 1150//1150
f 470//470 450//450 469//469
f 454//454 857//857 924//924
f 453//453 433//433 1075//1075
f 66//66 925//925 81//81
f 926//926 157//157 137//137
f 506//506 507//507 482//482
f 74//74 73//73 90//90
f 330//330 354//354 1134//1134
f 500//500 520//520 501//501
f 125//125 144//144 145//145
f 70//70 55//55 931//931
f 245//245 1093//1093 932//932
f 377//377 400//400 401//401
f 510//510 899//899 509//509
f 841//841 354//354 379//379
f 933//933 265//265 891//891
f 811//811 266//266 977//977
f 1158//1158 394//394 418//418
f 905//905 705//705 690//690
f 854//854 268//268 1025//1025
f 1148//1148 23//23 806//806
f 897//897 1123//1123 181//181
f 768//768 24//24 839//839
f 541//541 1021//1021 523//523
f 998//998 550//550 551//551
f 256//256 892//892 922//922
f 197//197 847//847 1112//1112
f 45//45 18//18 695//695
f 774//774 357//357 1118//1118
f 1136//1136 1016//1016 149//149
f 317//317 889//889 1002//1002
f 742//742 318//318 298//298
f 188//188 189//189 171//171
f 384//384 406//406 407//407
f 40//40 27//27 39//39
f 936//936 15//15 26//26
f 359//359 337//337 312//312
f 360//360 359//359 858//858
f 168//168 743//743 152//152
f 60//60 49//49 976//976
f 803//803 49//49 60//60
f 282//282 1105//1105 937//937
f 352//352 377//377 353//353
f 841//841 331//331 1134//1134
f 380//380 902//902 355//355
f 510//510 528//528 938//938
f 528//528 914//914 938//938
f 329//329 305//305 328//328
f 939//939 56//56 1046//1046
f 1127//1127 462//462 441//441
f 102//102 971//971 940//940
f 35//35 887//887 34//34
f 275//275 1049//1049 898//898
f 557//557 575//575 1036//1036
f 208//208 941//941 209//209
f 317//317 1002//1002 297//297
f 488//488 463//463 487//487
f 866//866 983//983 463//463
f 884//884 745//745 151//151
f 416//416 415//415 829//829
f 942//942 597//597 586//586
f 595//595 942//942 585//585
f 943//943 875//875 273//273
f 508//508 525//525 793//793
f 524//524 508//508 507//507
f 248//248 272//272 944//944
f 944//944 289//289 1050//1050
f 543//543 564//564 544//544
f 563//563 578//578 586//586
f 1006//1006 609//609 251//251
f 1125//1125 798//798 373//373
f 396//396 1125//1125 373//373
f 94//94 886//886 76//76
f 516//516 494//494 515//515
f 224//224 223//223 1081//1081
f 147//147 1015//1015 846//846
f 201//201 795//795 221//221
f 185//185 184//184 740//740
f 945//945 255//255 254//254
f 945//945 792//792 804//804
f 565//565 546//546 545//545
f 946//946 64//64 871//871
f 641//641 1108//1108 640//640
f 59//59 47//47 868//868
f 326//326 303//303 302//302
f 596//596 604//604 874//874
f 339//339 863//863 314//314
f 199//199 1123//1123 220//220
f 127//127 108//108 986//986
f 1055//1055 765//765 21//21
f 1119//1119 375//375 376//376
f 398//398 1144//1144 376//376
f 460//460 1124//1124 459//459
f 346//346 370//370 371//371
f 346//346 817//817 369//369
f 974//974 204//204 828//828
f 1063//1063 73//73 74//74
f 1054//1054 951//951 187//187
f 368//368 393//393 973//973
f 393//393 367//367 392//392
f 426//426 445//445 446//446
f 465//465 464//464 1083//1083
f 827//827 427//427 832//832
f 316//316 1133//1133 953//953
f 178//178 161//161 869//869
f 69//69 68//68 83//83
f 312//312 337//337 1010//1010
f 336//336 1106//1106 670//670
f 217//217 838//838 760//760
f 739//739 1135//1135 975//975
f 333//333 1097//1097 307//307
f 904//904 51//51 50//50
f 296//296 314//314 315//315
f 1028//1028 771//771 39//39
f 42//42 784//784 53//53
f 955//955 992//992 1078//1078
f 522//522 521//521 539//539
f 291//291 1103//1103 311//311
f 599//599 606//606 607//607
f 598//598 874//874 605//605
f 957//957 455//455 436//436
f 117//117 116//116 115//115
f 958//958 381//381 785//785
f 444//444 464//464 445//445
f 960//960 429//429 402//402
f 428//428 427//427 952//952
f 530//530 531//531 867//867
f 548//548 530//530 916//916
f 769//769 1117//1117 430//430
f 177//177 178//178 869//869
f 961//961 849//849 180//180
f 1063//1063 868//868 781//781
f 512//512 532//532 779//779
f 584//584 906//906 758//758
f 443//443 442//442 486//486
f 457//457 480//480 458//458
f 476//476 1044//1044 477//477
f 965//965 64//64 80//80
f 966//966 153//153 169//169
f 134//134 966//966 154//154
f 145//145 126//126 125//125
f 138//138 1068//1068 968//968
f 968//968 119//119 136//136
f 859//859 780//780 918//918
f 600//600 954//954 1058//1058
f 913//913 768//768 25//25
f 474//474 1062//1062 454//454
f 969//969 101//101 82//82
f 81//81 100//100 969//969
f 970//970 327//327 352//352
f 353//353 1157//1157 970//970
f 258//258 825//825 750//750
f 1108//1108 1148//1148 3//3
f 1048//1048 819//819 328//328
f 1140//1140 760//760 849//849
f 326//326 352//352 327//327
f 453//453 472//472 473//473
f 860//860 128//128 877//877
f 1022//1022 941//941 230//230
f 915//915 234//234 756//756
f 861//861 580//580 773//773
f 79//79 97//97 98//98
f 971//971 103//103 84//84
f 971//971 638//638 83//83
f 972//972 432//432 452//452
f 368//368 369//369 817//817
f 973//973 416//416 394//394
f 974//974 828//828 187//187
f 271//271 883//883 975//975
f 562//562 563//563 543//543
f 562//562 542//542 822//822
f 892//892 825//825 1003//1003
f 976//976 830//830 1057//1057
f 977//977 266//266 1019//1019
f 277//277 750//750 978//978
f 978//978 297//297 1002//1002
f 979//979 880//880 812//812
f 979//979 267//267 286//286
f 421//421 441//441 788//788
f 1080//1080 419//419 440//440
f 1049//1049 235//235 756//756
f 354//354 947//947 379//379
f 354//354 841//841 1134//1134
f 980//980 67//67 1038//1038
f 399//399 400//400 1098//1098
f 236//236 254//254 255//255
f 298//298 319//319 299//299
f 318//318 742//742 1002//1002
f 892//892 256//256 257//257
f 256//256 276//276 257//257
f 733//733 878//878 35//35
f 981//981 993//993 853//853
f 981//981 558//558 1036//1036
f 997//997 1023//1023 148//148
f 1030//1030 34//34 33//33
f 982//982 271//271 1084//1084
f 982//982 227//227 820//820
f 1126//1126 239//239 809//809
f 150//150 1136//1136 1156//1156
f 184//184 185//185 1130//1130
f 852//852 93//93 923//923
f 345//345 1088//1088 319//319
f 423//423 1147//1147 1104//1104
f 866//866 463//463 488//488
f 425//425 444//444 445//445
f 214//214 215//215 984//984
f 949//949 109//109 89//89
f 200//200 201//201 184//184
f 519//519 1044//1044 499//499
f 161//161 145//145 144//144
f 375//375 374//374 398//398
f 374//374 397//397 398//398
f 986//986 126//126 967//967
f 111//111 112//112 1121//1121
f 1111//1111 579//579 587//587
f 433//433 924//924 872//872
f 988//988 61//61 62//62
f 574//574 575//575 557//557
f 56//56 939//939 44//44
f 989//989 105//105 85//85
f 136//136 156//156 926//926
f 340//340 363//363 341//341
f 386//386 863//863 1007//1007
f 866//866 990//990 489//489
f 991//991 860//860 877//877
f 991//991 163//163 1012//1012
f 492//492 859//859 491//491
f 992//992 999//999 207//207
f 565//565 566//566 546//546
f 773//773 565//565 1111//1111
f 1097//1097 334//334 308//308
f 669//669 292//292 668//668
f 873//873 1064//1064 362//362
f 993//993 577//577 560//560
f 65//65 53//53 784//784
f 994//994 538//538 521//521
f 1062//1062 476//476 957//957
f 548//548 996//996 568//568
f 996//996 581//581 1100//1100
f 387//387 364//364 363//363
f 997//997 166//166 149//149
f 998//998 514//514 513//513
f 998//998 532//532 550//550
f 1122//1122 460//460 481//481
f 999//999 992//992 842//842
f 999//999 227//227 228//228
f 1047//1047 514//514 533//533
f 302//302 284//284 797//797
f 951//951 834//834 170//170
f 933//933 266//266 1081//1081
f 398//398 376//376 375//375
f 928//928 401//401 827//827
f 419//419 1152//1152 440//440
f 395//395 420//420 396//396
f 489//489 490//490 1083//1083
f 498//498 475//475 474//474
f 934//934 974//974 187//187
f 839//839 25//25 768//768
f 37//37 839//839 36//36
f 416//416 973//973 393//393
f 137//137 138//138 968//968
f 137//137 157//157 158//158
f 1022//1022 230//230 1139//1139
f 230//230 248//248 249//249
f 801//801 300//300 281//281
f 82//82 81//81 969//969
f 581//581 567//567 590//590
f 539//539 540//540 522//522
f 71//71 55//55 70//70
f 762//762 860//860 991//991
f 593//593 855//855 576//576
f 981//981 855//855 993//993
f 1000//1000 635//635 141//141
f 309//309 1135//1135 308//308
f 198//198 181//181 1132//1132
f 1001//1001 450//450 471//471
f 451//451 783//783 1001//1001
f 933//933 264//264 265//265
f 579//579 1111//1111 912//912
f 517//517 987//987 497//497
f 150//150 151//151 132//132
f 301//301 732//732 888//888
f 812//812 268//268 245//245
f 494//494 516//516 468//468
f 244//244 811//811 977//977
f 1002//1002 742//742 978//978
f 236//236 922//922 216//216
f 1003//1003 825//825 258//258
f 237//237 217//217 1003//1003
f 324//324 349//349 325//325
f 808//808 927//927 736//736
f 1102//1102 213//213 194//194
f 1004//1004 506//506 482//482
f 908//908 1025//1025 820//820
f 197//197 198//198 847//847
f 344//344 319//319 318//318
f 519//519 500//500 1044//1044
f 1005//1005 218//218 197//197
f 1029//1029 946//946 771//771
f 52//52 40//40 771//771
f 43//43 56//56 44//44
f 339//339 296//296 313//313
f 774//774 356//356 382//382
f 875//875 1103//1103 291//291
f 992//992 955//955 842//842
f 93//93 848//848 1121//1121
f 385//385 360//360 384//384
f 736//736 442//442 788//788
f 351//351 377//377 352//352
f 516//516 515//515 535//535
f 553//553 519//519 518//518
f 519//519 910//910 500//500
f 940//940 119//119 102//102
f 118//118 101//101 969//969
f 599//599 588//588 1009//1009
f 1008//1008 550//550 549//549
f 1008//1008 571//571 1065//1065
f 510//510 527//527 528//528
f 825//825 885//885 750//750
f 802//802 587//587 579//579
f 304//304 303//303 327//327
f 1010//1010 313//313 294//294
f 1010//1010 337//337 338//338
f 132//132 745//745 1082//1082
f 132//132 151//151 745//745
f 272//272 975//975 289//289
f 29//29 41//41 42//42
f 1011//1011 1060//1060 851//851
f 1011//1011 787//787 160//160
f 64//64 79//79 80//80
f 161//161 1137//1137 145//145
f 147//147 860//860 762//762
f 139//139 140//140 1041//1041
f 949//949 88//88 1150//1150
f 73//73 58//58 57//57
f 753//753 850//850 1095//1095
f 753//753 1054//1054 761//761
f 1044//1044 501//501 477//477
f 930//930 493//493 494//494
f 399//399 1144//1144 424//424
f 1012//1012 163//163 772//772
f 254//254 253//253 792//792
f 473//473 454//454 924//924
f 474//474 473//473 498//498
f 774//774 382//382 357//357
f 1013//1013 310//310 334//334
f 174//174 158//158 778//778
f 200//200 183//183 199//199
f 881//881 293//293 294//294
f 358//358 359//359 336//336
f 358//358 672//672 673//673
f 53//53 66//66 980//980
f 870//870 450//450 1001//1001
f 849//849 179//179 196//196
f 966//966 113//113 133//133
f 931//931 1059//1059 85//85
f 1015//1015 148//148 846//846
f 1015//1015 762//762 165//165
f 1159//1159 1136//1136 150//150
f 1016//1016 1023//1023 149//149
f 1000//1000 141//141 159//159
f 281//281 1105//1105 1017//1017
f 1017//1017 796//796 281//281
f 1018//1018 443//443 422//422
f 1018//1018 735//735 788//788
f 11//11 757//757 13//13
f 977//977 267//267 244//244
f 350//350 325//325 349//349
f 1020//1020 923//923 94//94
f 1021//1021 822//822 524//524
f 1021//1021 821//821 523//523
f 819//819 329//329 328//328
f 409//409 433//433 872//872
f 209//209 941//941 1022//1022
f 394//394 369//369 973//973
f 243//243 264//264 810//810
f 1071//1071 801//801 738//738
f 13//13 12//12 11//11
f 149//149 166//166 167//167
f 81//81 925//925 100//100
f 830//830 962//962 1057//1057
f 1024//1024 189//189 204//204
f 1025//1025 269//269 246//246
f 365//365 901//901 364//364
f 1026//1026 664//664 212//212
f 533//533 514//514 998//998
f 909//909 134//134 921//921
f 442//442 927//927 486//486
f 841//841 1141//1141 380//380
f 110//110 91//91 90//90
f 129//129 1027//1027 110//110
f 996//996 548//548 916//916
f 859//859 929//929 491//491
f 556//556 703//703 574//574
f 1028//1028 1155//1155 38//38
f 47//47 48//48 765//765
f 228//228 229//229 207//207
f 377//377 401//401 353//353
f 1029//1029 63//63 946//946
f 862//862 1028//1028 38//38
f 1030//1030 1142//1142 830//830
f 1030//1030 49//49 34//34
f 1031//1031 143//143 786//786
f 1031//1031 787//787 869//869
f 1017//1017 1090//1090 241//241
f 1032//1032 366//366 344//344
f 1032//1032 343//343 365//365
f 1127//1127 483//483 462//462
f 1033//1033 326//326 950//950
f 1077//1077 1078//1078 1034//1034
f 426//426 827//827 1094//1094
f 1035//1035 136//136 118//118
f 1035//1035 117//117 135//135
f 28//28 936//936 27//27
f 1036//1036 576//576 981//981
f 130//130 907//907 1027//1027
f 837//837 111//111 130//130
f 270//270 288//288 794//794
f 1037//1037 276//276 893//893
f 1037//1037 315//315 953//953
f 54//54 980//980 1038//1038
f 693//693 604//604 813//813
f 280//280 741//741 1039//1039
f 912//912 564//564 579//579
f 1040//1040 323//323 888//888
f 1040//1040 937//937 300//300
f 760//760 1140//1140 1070//1070
f 57//57 45//45 939//939
f 1107//1107 58//58 781//781
f 1041//1041 140//140 159//159
f 158//158 139//139 138//138
f 226//226 225//225 244//244
f 396//396 420//420 1125//1125
f 927//927 808//808 485//485
f 1055//1055 876//876 765//765
f 20//20 19//19 1042//1042
f 1136//1136 149//149 167//167
f 790//790 260//260 279//279
f 513//513 929//929 779//779
f 104//104 103//103 120//120
f 1043//1043 100//100 925//925
f 1043//1043 80//80 99//99
f 311//311 728//728 729//729
f 1067//1067 750//750 277//277
f 238//238 218//218 1005//1005
f 833//833 863//863 339//339
f 1044//1044 500//500 501//501
f 1044//1044 475//475 499//499
f 1045//1045 750//750 885//885
f 1045//1045 744//744 896//896
f 78//78 988//988 904//904
f 486//486 463//463 1147//1147
f 975//975 883//883 739//739
f 485//485 509//509 899//899
f 1046//1046 57//57 939//939
f 1046//1046 1143//1143 73//73
f 855//855 593//593 706//706
f 1047//1047 533//533 552//552
f 1047//1047 515//515 493//493
f 283//283 284//284 265//265
f 263//263 265//265 264//264
f 91//91 110//110 1027//1027
f 812//812 287//287 269//269
f 880//880 328//328 305//305
f 134//134 154//154 921//921
f 1049//1049 756//756 898//898
f 787//787 177//177 869//869
f 249//249 943//943 985//985
f 1152//1152 438//438 439//439
f 837//837 131//131 111//111
f 119//119 968//968 102//102
f 312//312 1010//1010 293//293
f 996//996 567//567 581//581
f 847//847 164//164 1012//1012
f 1051//1051 572//572 717//717
f 926//926 1099//1099 157//157
f 155//155 1052//1052 156//156
f 279//279 278//278 790//790
f 1053//1053 356//356 844//844
f 1073//1073 1151//1151 1053//1053
f 834//834 951//951 1054//1054
f 95//95 895//895 754//754
f 8//8 876//876 1055//1055
f 1056//1056 555//555 556//556
f 906//906 577//577 758//758
f 1057//1057 852//852 923//923
f 600//600 861//861 954//954
f 24//24 903//903 14//14
f 316//316 315//315 314//314
f 390//390 413//413 391//391
f 1060//1060 142//142 1014//1014
f 931//931 85//85 86//86
f 236//236 879//879 254//254
f 1061//1061 447//447 467//467
f 1061//1061 429//429 447//447
f 1110//1110 764//764 505//505
f 357//357 782//782 383//383
f 456//456 437//437 964//964
f 172//172 205//205 767//767
f 189//189 205//205 172//172
f 144//144 125//125 124//124
f 234//234 915//915 212//212
f 101//101 940//940 83//83
f 466//466 918//918 952//952
f 777//777 1007//1007 1064//1064
f 467//467 447//447 780//780
f 1077//1077 140//140 174//174
f 77//77 800//800 95//95
f 74//74 963//963 1063//1063
f 1063//1063 58//58 73//73
f 385//385 362//362 361//361
f 1065//1065 551//551 550//550
f 1065//1065 571//571 572//572
f 287//287 807//807 805//805
f 1066//1066 467//467 930//930
f 1066//1066 468//468 1092//1092
f 136//136 137//137 968//968
f 71//71 56//56 43//43
f 859//859 492//492 780//780
f 1067//1067 258//258 750//750
f 1067//1067 259//259 1126//1126
f 1068//1068 102//102 968//968
f 120//120 138//138 139//139
f 1069//1069 541//541 523//523
f 1069//1069 853//853 559//559
f 782//782 1151//1151 404//404
f 398//398 422//422 1144//1144
f 1154//1154 892//892 1070//1070
f 1071//1071 738//738 835//835
f 1071//1071 1145//1145 322//322
f 1072//1072 824//824 1115//1115
f 699//699 160//160 786//786
f 893//893 256//256 255//255
f 133//133 895//895 791//791
f 1073//1073 958//958 785//785
f 200//200 814//814 201//201
f 1074//1074 700//700 292//292
f 746//746 293//293 881//881
f 1075//1075 472//472 453//453
f 1075//1075 433//433 972//972
f 1076//1076 606//606 707//707
f 1077//1077 1000//1000 159//159
f 161//161 144//144 1031//1031
f 1078//1078 992//992 191//191
f 1078//1078 1077//1077 174//174
f 925//925 66//66 65//65
f 124//124 105//105 123//123
f 351//351 326//326 1033//1033
f 537//537 555//555 1056//1056
f 498//498 473//473 497//497
f 155//155 171//171 1052//1052
f 312//312 336//336 359//359
f 580//580 566//566 773//773
f 567//567 1109//1109 1079//1079
f 1056//1056 538//538 994//994
f 556//556 557//557 1056//1056
f 848//848 963//963 92//92
f 1080//1080 421//421 420//420
f 440//440 1127//1127 1080//1080
f 335//335 310//310 1013//1013
f 178//178 196//196 179//179
f 1082//1082 752//752 816//816
f 1083//1083 919//919 465//465
f 1083//1083 959//959 489//489
f 789//789 304//304 1048//1048
f 920//920 541//541 560//560
f 360//360 337//337 359//359
f 469//469 431//431 449//449
f 1084//1084 229//229 228//228
f 733//733 34//34 49//49
f 674//674 407//407 1085//1085
f 1086//1086 395//395 396//396
f 370//370 1158//1158 1086//1086
f 1087//1087 800//800 886//886
f 1088//1088 320//320 299//299
f 1089//1089 50//50 803//803
f 1089//1089 77//77 904//904
f 355//355 331//331 841//841
f 415//415 414//414 964//964
f 850//850 761//761 155//155
f 1019//1019 891//891 285//285
f 461//461 483//483 1127//1127
f 347//347 1145//1145 372//372
f 1090//1090 201//201 814//814
f 1090//1090 749//749 241//241
f 1091//1091 836//836 383//383
f 781//781 47//47 31//31
f 1092//1092 449//449 448//448
f 468//468 1114//1114 1092//1092
f 1093//1093 245//245 1024//1024
f 191//191 192//192 1034//1034
f 1094//1094 425//425 445//445
f 1094//1094 827//827 401//401
f 273//273 251//251 250//250
f 108//108 128//128 109//109
f 148//148 1015//1015 997//997
f 203//203 224//224 934//934
f 934//934 225//225 974//974
f 1124//1124 460//460 438//438
f 472//472 497//497 473//473
f 1095//1095 850//850 776//776
f 1095//1095 840//840 1096//1096
f 1096//1096 840//840 763//763
f 1096//1096 843//843 759//759
f 601//601 709//709 710//710
f 1097//1097 308//308 307//307
f 333//333 844//844 1097//1097
f 1143//1143 1046//1046 72//72
f 89//89 90//90 1143//1143
f 531//531 512//512 867//867
f 682//682 554//554 553//553
f 488//488 938//938 990//990
f 388//388 387//387 410//410
f 146//146 163//163 877//877
f 538//538 1036//1036 558//558
f 564//564 543//543 563//563
f 1055//1055 21//21 9//9
f 831//831 766//766 215//215
f 1099//1099 173//173 157//157
f 1099//1099 1052//1052 172//172
f 1100//1100 581//581 591//591
f 596//596 942//942 595//595
f 1101//1101 348//348 890//890
f 1101//1101 798//798 374//374
f 1103//1103 335//335 311//311
f 1103//1103 875//875 290//290
f 993//993 917//917 577//577
f 437//437 456//456 457//457
f 613//613 176//176 210//210
f 454//454 911//911 857//857
f 454//454 1062//1062 911//911
f 520//520 994//994 502//502
f 1104//1104 983//983 444//444
f 702//702 1075//1075 701//701
f 959//959 983//983 866//866
f 1105//1105 281//281 300//300
f 1105//1105 282//282 262//262
f 1106//1106 292//292 669//669
f 1106//1106 336//336 312//312
f 19//19 30//30 1042//1042
f 356//356 774//774 334//334
f 549//549 569//569 1008//1008
f 790//790 741//741 260//260
f 1107//1107 30//30 46//46
f 1108//1108 3//3 640//640
f 551//551 533//533 998//998
f 407//407 408//408 873//873
f 455//455 478//478 456//456
f 1109//1109 547//547 1079//1079
f 1110//1110 481//481 459//459
f 1110//1110 504//504 764//764
f 36//36 50//50 51//51
f 733//733 803//803 50//50
f 823//823 728//728 311//311
f 836//836 956//956 823//823
f 272//272 248//248 1084//1084
f 1111//1111 565//565 912//912
f 527//527 510//510 509//509
f 1068//1068 103//103 102//102
f 1112//1112 772//772 838//838
f 1113//1113 818//818 203//203
f 1113//1113 934//934 951//951
f 1114//1114 468//468 495//495
f 1114//1114 469//469 1092//1092
f 144//144 143//143 1031//1031
f 698//698 124//124 123//123
f 562//562 543//543 542//542
f 1115//1115 824//824 186//186
f 1116//1116 346//346 321//321
f 1116//1116 835//835 320//320
f 449//449 1117//1117 448//448
f 290//290 309//309 310//310
f 366//366 391//391 392//392
f 338//338 833//833 339//339
f 174//174 140//140 139//139
f 72//72 56//56 71//71
f 1118//1118 357//357 836//836
f 836//836 823//823 1118//1118
f 92//92 91//91 907//907
f 766//766 195//195 177//177
f 368//368 817//817 345//345
f 190//190 955//955 778//778
f 1026//1026 1102//1102 662//662
f 116//116 1043//1043 99//99
f 115//115 116//116 99//99
f 1119//1119 1033//1033 350//350
f 1120//1120 528//528 527//527
f 529//529 547//547 1109//1109
f 281//281 738//738 801//801
f 1121//1121 92//92 907//907
f 194//194 1014//1014 1161//1161
f 890//890 323//323 347//347
f 884//884 151//151 152//152
f 1122//1122 461//461 439//439
f 1122//1122 1004//1004 482//482
f 69//69 1038//1038 68//68
f 1123//1123 199//199 182//182
f 1123//1123 219//219 220//220
f 1124//1124 458//458 459//459
f 1124//1124 438//438 417//417
f 396//396 373//373 372//372
f 1126//1126 238//238 1067//1067
f 225//225 226//226 974//974
f 1127//1127 441//441 1080//1080
f 1127//1127 440//440 461//461
f 77//77 78//78 904//904
f 95//95 78//78 77//77
f 1128//1128 792//792 253//253
f 1128//1128 881//881 734//734
f 263//263 264//264 243//243
f 263//263 283//283 265//265
f 1129//1129 976//976 1020//1020
f 747//747 1129//1129 76//76
f 1130//1130 167//167 183//183
f 870//870 1001//1001 404//404
f 404//404 783//783 405//405
f 1131//1131 635//635 176//176
f 1132//1132 164//164 847//847
f 1132//1132 165//165 164//164
f 418//418 394//394 417//417
f 1133//1133 896//896 953//953
f 1133//1133 316//316 341//341
f 285//285 302//302 303//303
f 17//17 40//40 41//41
f 995//995 116//116 117//117
f 354//354 330//330 329//329
f 245//245 268//268 854//854
f 1135//1135 307//307 308//308
f 1135//1135 289//289 975//975
f 167//167 1156//1156 1136//1136
f 752//752 93//93 112//112
f 146//146 1137//1137 162//162
f 1137//1137 161//161 179//179
f 681//681 1138//1138 1160//1160
f 1139//1139 249//249 985//985
f 1139//1139 231//231 1022//1022
f 513//513 779//779 532//532
f 35//35 23//23 887//887
f 196//196 1154//1154 1140//1140
f 490//490 511//511 867//867
f 170//170 834//834 921//921
f 895//895 95//95 1087//1087
f 380//380 403//403 769//769
f 1141//1141 841//841 379//379
f 913//913 5//5 903//903
f 1006//1006 608//608 609//609
f 1006//1006 291//291 608//608
f 1142//1142 33//33 32//32
f 48//48 1142//1142 32//32
f 920//920 562//562 822//822
f 172//172 173//173 1099//1099
f 1143//1143 72//72 88//88
f 960//960 402//402 865//865
f 331//331 355//355 332//332
f 1144//1144 423//423 424//424
f 1145//1145 371//371 372//372
f 1145//1145 347//347 322//322
f 31//31 765//765 876//876
f 1146//1146 905//905 603//603
f 1146//1146 751//751 584//584
f 1147//1147 423//423 443//443
f 1147//1147 983//983 1104//1104
f 229//229 1084//1084 248//248
f 1148//1148 13//13 23//23
f 3//3 14//14 4//4
f 567//567 996//996 916//916
f 1149//1149 699//699 659//659
f 1150//1150 88//88 87//87
f 1150//1150 107//107 986//986
f 204//204 974//974 226//226
f 1151//1151 382//382 1053//1053
f 1151//1151 1073//1073 404//404
f 1152//1152 439//439 440//440
f 1152//1152 419//419 395//395
f 252//252 746//746 275//275
f 329//329 819//819 947//947
f 1153//1153 809//809 239//239
f 1153//1153 240//240 219//219
f 28//28 7//7 936//936
f 588//588 861//861 773//773
f 1154//1154 216//216 922//922
f 1154//1154 1070//1070 1140//1140
f 1155//1155 26//26 38//38
f 1155//1155 1028//1028 39//39
f 1156//1156 168//168 150//150
f 1156//1156 1130//1130 185//185
f 1157//1157 353//353 928//928
f 1157//1157 819//819 970//970
f 536//536 1160//1160 518//518
f 1158//1158 370//370 394//394
f 1158//1158 395//395 1086//1086
f 989//989 697//697 123//123
f 915//915 1102//1102 1026//1026
f 1159//1159 132//132 816//816
f 1159//1159 1016//1016 1136//1136
f 746//746 274//274 700//700
f 705//705 593//593 689//689
f 1160//1160 553//553 518//518
f 1160//1160 536//536 681//681
f 1161//1161 662//662 1102//1102
f 1161//1161 1014//1014 661//661
f 634//634 4//4 633//633
f 604//604 693//693 694//694
