v -23.527842 -31.052015 93.143349
v -18.221376 -32.362499 93.783463
v -0.770197 -34.954952 95.645149
v 5.572253 -34.820770 95.621124
v 12.347745 -33.866985 94.942886
v 18.512161 -32.275620 93.729843
v 24.451494 -30.167150 92.130478
v -33.237228 -25.915478 88.803329
v -27.433914 -28.121103 90.108368
v -20.455729 -28.721972 89.095604
v -14.692268 -30.083258 89.977509
v -12.658762 -33.628754 94.660194
v -8.920079 -31.306080 90.977829
v 2.751472 -31.885111 91.399643
v 19.736618 -28.713131 88.911385
v 36.255985 -24.246351 87.519783
v 41.332672 -21.147299 85.105202
v -47.206253 -16.953983 81.636681
v -42.933430 -20.420095 84.774948
v -38.130409 -23.282574 86.871147
v -23.105743 -25.429070 84.799248
v -16.122435 -26.345333 84.615021
v -5.604531 -28.723690 86.863304
v 5.710277 -28.895170 87.127853
v 14.991614 -27.177063 85.689720
v 19.850132 -25.339138 83.826492
v 30.574389 -24.149763 85.192207
v 30.753670 -27.622768 90.417557
v 46.493740 -17.902157 82.754555
v -42.196404 -17.823168 80.285820
v -33.046581 -19.353212 78.479874
v -19.876362 -23.032228 80.177055
v -13.199706 -23.503689 79.546555
v -6.261475 -23.481472 78.603806
v -2.565206 -25.942213 82.448425
v 8.251568 -23.370739 78.648796
v 14.338572 -24.001617 80.572647
v 19.482279 -22.163132 78.611214
v 29.598772 -21.582785 80.760612
v 35.344868 -20.822313 81.822868
v 40.862053 -18.103952 80.071274
v 45.450214 -15.564785 78.360840
v -61.627968 -4.730861 70.999588
v -58.150272 -8.202616 74.347099
v -49.211487 -13.167892 76.596069
v -44.003799 -14.837469 76.292473
v -28.817181 -18.351460 75.075539
v -22.801352 -19.879871 75.653496
v -4.177272 -20.881166 74.074821
v 6.780623 -20.710299 73.921494
v 13.605841 -20.675943 74.840599
v 36.269516 -17.220388 76.273811
v 46.737495 -12.740143 74.301460
v 55.725574 -10.943917 77.260620
v -65.317101 -1.251948 67.745583
v -55.651886 -6.481480 69.282486
v -46.107342 -11.449930 71.562935
v -40.351318 -13.429624 71.708099
v -25.178001 -17.154621 71.566650
v -1.946393 -18.462475 69.588631
v 18.240309 -14.959021 65.142273
v 21.930407 -16.311340 68.955330
v 27.533070 -14.736342 67.945885
v 32.979446 -12.985260 66.988579
v 42.503647 -11.874963 70.105400
v 47.738758 -9.662184 69.334541
v 53.140858 -7.334486 68.852020
v 58.037949 -4.887069 68.154274
v 63.087326 -3.543106 70.075630
v -63.415344 0.206911 62.974606
v -58.959270 -2.951612 65.157219
v -53.058720 -5.294877 64.790916
v -42.474808 -9.824598 66.119659
v -36.286575 -9.990491 62.666904
v -24.970673 -14.786983 67.011230
v -3.784190 -14.398047 61.511154
v 6.590687 -15.629131 64.294952
v 12.831826 -14.731398 63.399395
v 28.629459 -11.978011 62.885372
v 34.175018 -10.211633 61.970455
v 49.154968 -6.582237 64.369797
v 54.642475 -4.214696 63.985302
v 60.777782 -1.628260 64.240829
v 70.471794 3.840704 62.909378
v -69.586792 5.756584 57.725094
v -64.551231 2.869679 58.451580
v -59.252193 -0.032636 59.321709
v -53.926819 -2.840759 60.408131
v -44.879448 -4.722027 57.018280
v -41.231716 -7.322885 60.112297
v -35.554775 -7.623476 57.048027
v -30.440628 -10.009933 59.535519
v -19.411728 -11.866444 59.041351
v -8.663379 -12.836003 58.670555
v 7.984298 -13.007856 58.935070
v 18.349760 -12.629539 60.305767
v 24.066416 -10.994386 58.786274
v 29.803431 -9.410567 57.855259
v 35.582973 -7.613601 57.040352
v 45.270008 -5.960025 60.096386
v 56.055859 -1.376447 59.225197
v 63.122810 3.324880 55.777187
v 68.458954 5.367303 57.281479
v 73.503784 7.473550 58.755535
v -70.446709 8.406667 52.578121
v -65.463264 5.623766 53.095123
v -60.343994 2.833088 53.874298
v -50.861298 0.068894 50.681946
v -45.316608 -2.456579 51.949863
v -40.217175 -5.020386 54.156536
v -24.215961 -7.865288 51.368900
v -18.989334 -9.640760 53.704960
v 14.495708 -8.783137 50.088669
v 19.336187 -10.015053 54.715992
v 37.206421 -5.118811 52.207123
v 41.293575 -5.489572 56.002972
v 42.741367 -2.876347 50.759048
v 52.401333 -0.666494 54.029243
v 57.686085 1.505458 54.160065
v 70.975594 8.881736 52.096306
v 76.454956 10.805231 54.932667
v -81.455727 16.607927 47.851536
v -74.641327 11.087267 51.615261
v -71.579849 10.967413 47.536823
v -66.693710 8.337551 47.666969
v -61.628159 5.637045 48.232761
v -52.203259 2.617164 45.131081
v -46.382469 -0.089615 46.645348
v -40.120792 -2.692327 48.141617
v -29.203516 -5.849393 48.803921
v -18.606405 -7.637522 48.398514
v -7.774924 -8.366136 47.499321
v 8.465616 -8.430566 47.788860
v 17.710964 -6.392385 44.504189
v 43.606976 -0.549390 45.222450
v 54.605003 2.484013 48.308083
v 59.757317 5.930729 44.899017
v 65.472015 7.687623 47.737091
v 69.919037 10.819871 45.291481
v 73.608337 13.705613 42.800724
v 83.964668 19.651100 43.705677
v -86.297279 22.926777 38.048969
v -73.537331 13.430774 43.487240
v -68.636383 11.098243 42.508110
v -63.378994 8.491981 42.370689
v -53.602379 4.994491 39.507034
v -37.315800 -1.819510 43.228123
v -28.273413 -4.074017 43.206165
v -19.835283 -3.935603 37.721210
v -8.254435 -6.311299 41.549633
v -2.801447 -7.328998 43.904427
v 2.246943 -6.090305 40.008732
v 6.796787 -6.798299 42.699738
v 15.425662 -4.806443 38.676620
v 43.980095 1.471310 39.357208
v 49.185242 1.931619 43.733078
v 59.083263 7.519594 38.945690
v 64.570915 9.280316 41.749641
v 78.536919 16.357683 43.428795
v -81.019974 19.829073 37.090038
v -66.255852 11.676223 36.576939
v -54.057941 6.723260 34.057903
v -48.687305 4.202640 35.707367
v -38.278942 1.426100 33.039688
v -32.498814 -0.564621 34.739281
v -21.465101 -2.292115 32.564236
v -15.104993 -3.515645 33.905712
v -3.260445 -5.377490 37.684208
v 8.418062 -5.058154 37.362617
v 20.260490 -2.865830 34.074181
v 44.985355 3.486168 33.336555
v 50.950005 6.306546 30.801752
v 57.333904 8.473261 32.663906
v 69.268478 12.699759 38.320305
v 83.439484 22.277821 33.610783
v 88.705727 25.820784 33.347878
v -73.375694 17.274694 29.419743
v -67.927307 14.261067 29.779369
v -62.935322 11.408838 31.223066
v -54.278549 8.178018 28.360332
v -28.785469 0.769108 25.063417
v -22.708139 -0.818204 26.961208
v -16.501352 -2.044139 28.419981
v -5.541264 -2.366537 25.438801
v -3.999958 -3.728186 31.522551
v 7.152726 -3.408437 30.717644
v 30.805193 0.541510 28.367884
v 40.897221 3.029759 29.704565
v 45.386936 5.107574 26.881884
v 61.240204 11.122557 29.024168
v 75.270943 18.590395 28.205460
v 80.511856 21.635010 28.583786
v 85.811989 25.017439 28.533735
v -86.208282 25.583981 27.063383
v -70.411377 16.759916 23.996368
v -64.567627 13.692945 24.227219
v -40.734833 4.371580 22.676796
v -34.936069 2.722098 22.503946
v -17.902176 -0.785038 22.848919
v -11.745351 -1.677707 24.059595
v -7.506134 -1.171928 19.096504
v 12.663199 -1.104551 21.059258
v 21.753857 -0.188207 22.924370
v 39.476246 3.846217 23.617729
v 50.209259 7.516258 23.652243
v 60.005093 11.872303 22.182686
v 72.961937 18.387754 22.622496
v 77.747330 21.028877 23.334673
v 82.851784 24.084263 23.813190
v 90.979851 28.612608 27.992275
v 92.768600 30.999510 22.218201
v -94.470703 33.233753 14.910417
v -86.244125 26.801332 20.515726
v -82.419449 24.805105 17.452648
v -77.894646 21.955696 18.133053
v -67.450638 16.126219 18.323523
v -51.415092 8.744711 18.925808
v -39.550919 4.806453 17.650375
v -24.880013 1.465175 15.184096
v -19.412714 0.303604 17.268099
v -1.678482 -1.611174 20.584366
v 8.077513 -0.956917 17.921432
v 18.146498 -0.126317 18.941492
v 24.210054 0.896569 18.701712
v 30.019224 2.081563 18.813999
v 35.288799 3.348962 19.170170
v 64.486160 14.501964 19.010056
v 69.899055 17.482071 17.585379
v 75.609299 20.707022 17.220444
v 80.848000 24.137039 14.668092
v 89.435204 29.364164 17.743641
v 94.207008 32.903858 16.151075
v -94.928284 34.118340 8.739012
v -90.563652 30.831535 11.512448
v -80.316322 24.020266 12.762919
v -70.066559 18.137028 12.748290
v -48.308308 8.032341 15.056583
v -43.742786 6.625489 13.438046
v -33.062721 3.825311 9.608626
v -26.717583 2.448279 8.575712
v -15.269403 0.622877 8.438198
v 1.844363 -0.327541 9.418333
v 7.580169 -0.289879 11.699405
v 33.650127 3.659256 13.313725
v 44.275208 6.810946 13.419415
v 57.248158 12.273848 7.999059
v 62.814030 14.807878 8.262210
v 77.084442 22.229620 11.280327
v 82.499855 25.700432 8.875875
v 90.696213 30.874619 12.208998
v 95.176926 34.222160 9.792983
v -90.670631 31.308846 5.098835
v -77.882576 22.971302 7.460169
v -72.777000 20.042545 7.272259
v -67.655365 17.308582 7.066186
v -62.496277 14.760980 6.793824
v -57.848171 12.662498 5.998019
v -48.278244 8.540341 9.565022
v -37.607067 5.306506 5.297176
v -26.397804 2.647706 2.025080
v -21.062241 1.598487 5.484632
v -4.281829 -0.162758 7.867230
v 7.395414 0.117645 4.695687
v 12.018752 0.236353 8.658847
v 14.327149 0.729887 3.627879
v 23.771820 1.847888 8.638438
v 33.881142 4.242595 6.593451
v 48.676540 8.581170 11.125954
v 51.371906 9.928683 6.683755
v 60.484215 13.947126 2.494600
v 68.451248 17.679607 7.608141
v 73.766029 20.609169 6.987127
v 91.221428 31.653791 6.450661
v -94.902184 34.395126 2.493089
v -85.981796 28.196463 2.913587
v -60.216259 13.847935 1.335869
v -42.309631 6.827494 1.015646
v -36.690090 5.138675 -0.852125
v -31.866776 3.820476 3.765238
v -21.091784 1.721428 -0.467297
v -10.877028 0.458857 -0.626561
v 0.797654 -0.057556 3.255430
v 11.208778 0.463501 -1.433950
v 17.612255 1.153845 -1.733722
v 23.730974 2.115794 -1.786204
v 33.517597 4.314177 0.504164
v 49.072266 9.206332 0.784801
v 58.491615 13.000192 -3.211683
v 76.758163 22.493404 1.925292
v 85.813202 28.123480 -1.308295
v 95.501915 34.830688 -2.324929
v -95.815758 34.802017 -8.372009
v -86.608170 28.419193 -7.923214
v -81.351128 25.060730 -7.688828
v -76.470840 22.151566 -7.280724
v -71.908157 19.391054 -9.751877
v -49.829727 9.281578 -7.517543
v -35.916061 4.707788 -7.304070
v -30.603678 3.268742 -8.721873
v -6.413355 0.054201 -4.469787
v 8.754530 0.110125 -7.197385
v 21.068079 1.510547 -7.266736
v 26.993418 2.601767 -7.210938
v 32.763004 3.997397 -5.745140
v 47.640324 8.537387 -5.638886
v 62.055420 14.442681 -8.415434
v 72.837914 20.027601 -8.004727
v 78.511269 23.332439 -7.601410
v 80.522751 24.726995 -2.567137
v 84.654175 27.180965 -7.148128
v 94.834732 34.082336 -8.330575
v -88.917976 29.417706 -14.324745
v -77.629150 22.498436 -12.060587
v -68.559479 17.093704 -14.922162
v -66.025139 16.322775 -9.273837
v -63.022884 14.419010 -14.003578
v -50.985180 9.289899 -13.092815
v -40.436951 5.701194 -12.211164
v -35.074554 3.964154 -13.792115
v -25.163517 2.035859 -9.885581
v -17.184624 0.173401 -15.704331
v -8.428266 -0.142428 -10.463003
v 0.469021 -0.727020 -13.660498
v 6.397813 -0.499715 -12.963233
v 12.099775 -0.068663 -12.723104
v 24.955418 1.719672 -13.133534
v 31.216202 3.215577 -11.685081
v 42.429703 6.642070 -7.710881
v 46.737358 7.790865 -12.236819
v 51.650993 9.804169 -10.005939
v 60.204868 13.110810 -13.883006
v 65.502419 15.678679 -13.668972
v 70.844917 18.494734 -13.365625
v 81.472748 24.814461 -12.233098
v 90.033722 30.541737 -10.330409
v -93.343063 31.981958 -18.633533
v -84.662598 26.056078 -18.676775
v -79.358734 22.907398 -17.408319
v -73.904892 19.862904 -16.121851
v -65.343239 14.825659 -19.704847
v -59.940689 12.456883 -18.357601
v -54.873932 10.396900 -17.100290
v -50.636528 8.383964 -19.297539
v -39.892941 4.650165 -19.393393
v -33.340397 2.794557 -19.555151
v -20.934809 0.068492 -20.503000
v -5.323433 -0.809733 -15.362760
v 3.833039 -1.109150 -17.664793
v 9.353248 -1.033276 -19.021788
v 15.446614 -0.255342 -17.652603
v 25.227137 0.927048 -19.802429
v 30.268295 2.303152 -17.700274
v 34.960968 2.810343 -21.990952
v 51.472492 9.120312 -16.165144
v 63.407108 13.984802 -18.975657
v 79.541779 23.004999 -17.474798
v 88.212921 27.976454 -21.399946
v -93.231628 30.881174 -24.773273
v -89.240967 28.702854 -21.171238
v -85.591537 25.676582 -24.616289
v -80.882912 23.008144 -22.782743
v -77.939812 20.309288 -27.546625
v -61.851330 12.464148 -23.879528
v -57.818802 9.905891 -27.325371
v -51.953999 7.901339 -25.131630
v -42.291199 4.128373 -26.506437
v -36.613445 2.701173 -25.141258
v -30.722313 1.264693 -24.757568
v -24.776787 -0.104599 -25.285772
v -19.031717 -1.187097 -25.877687
v -14.634248 -0.887377 -21.133116
v -7.851135 -1.598320 -21.881687
v -2.001000 -2.444168 -25.413120
v 8.931704 -2.227527 -25.768488
v 14.190586 -1.304827 -23.393044
v 18.959394 -1.465272 -27.178885
v 29.805334 1.159534 -24.181152
v 43.949913 5.240430 -23.810268
v 52.241039 8.581688 -21.891897
v 61.549923 12.264951 -24.199308
v 69.747940 15.485682 -28.402414
v 83.183937 24.605806 -21.874548
v 91.552414 29.417646 -26.068190
v -85.861809 24.562510 -30.722408
v -82.298737 22.946295 -27.695518
v -67.456169 14.843429 -25.800877
v -63.736160 12.189352 -29.541693
v -59.339813 9.381302 -32.565544
v -53.728252 7.399164 -30.807905
v -48.045971 5.650472 -28.767815
v -44.639263 3.437124 -33.049992
v -38.988937 2.037700 -31.441750
v -33.433437 0.780122 -30.327690
v -23.360115 -1.713660 -31.475582
v -12.626863 -3.591315 -33.063599
v -7.310583 -2.923516 -28.600193
v 8.863361 -3.616424 -32.016781
v 13.853621 -2.562989 -29.450106
v 23.378080 -1.442774 -30.410656
v 29.041418 -0.420257 -30.867229
v 34.533783 1.497148 -28.289501
v 53.748962 8.008235 -28.095488
v 59.103451 10.088526 -29.187452
v 83.796799 22.958256 -31.797306
v 89.535126 26.862911 -31.419495
v -89.696320 26.593994 -32.968689
v -86.001129 23.031490 -36.997379
v -80.115463 19.030813 -37.834194
v -74.368958 15.568873 -38.081772
v -64.693779 11.285035 -35.081596
v -60.388783 8.612176 -37.324875
v -55.612320 6.768853 -36.421028
v -50.249931 5.002252 -34.916782
v -41.367229 1.133759 -37.547138
v -35.403149 -0.224507 -36.235863
v -29.491215 -1.280961 -34.669430
v -25.139456 -3.135637 -38.075680
v -19.140293 -3.444677 -35.650299
v -10.235058 -5.043293 -37.743298
v -6.461926 -4.382525 -34.401157
v -1.116763 -5.283845 -37.196575
v 14.013239 -4.057688 -35.549217
v 19.422461 -4.242055 -38.532948
v 24.505880 -2.461092 -35.265121
v 30.120823 -1.911005 -37.441978
v 40.684982 0.889209 -37.689007
v 45.503628 3.278173 -34.864807
v 51.163887 4.603086 -37.589184
v 55.999870 7.489193 -34.307388
v 69.842621 14.308754 -33.560658
v 74.537247 16.074696 -36.699234
v -84.216347 20.251667 -42.374565
v -72.814445 13.038500 -43.466206
v -52.900051 4.256551 -41.008411
v -47.179390 2.582186 -39.282692
v -43.959156 0.137651 -43.551609
v -35.478287 -3.200950 -45.730404
v -20.541237 -4.968777 -41.584705
v -15.833720 -6.793363 -45.042027
v -10.698797 -6.576178 -42.853771
v -1.031603 -6.993671 -42.796047
v 9.144321 -7.177686 -44.294346
v 14.329773 -5.840093 -41.730644
v 30.985701 -3.519902 -43.356239
v 35.880928 -1.362506 -40.473450
v 41.663704 -0.690579 -43.699436
v 56.504425 5.878613 -40.702221
v 66.107529 9.993304 -41.964714
v 70.313271 12.959691 -39.338001
v 79.033005 17.716892 -40.083759
v 86.586380 22.099306 -41.411480
v -83.068367 17.956413 -46.914097
v -70.871872 10.347840 -48.143688
v -62.232300 6.715132 -45.994888
v -46.264671 -1.164709 -49.434956
v -40.676266 -2.401399 -47.823460
v -36.584419 -4.866445 -51.071732
v -31.107611 -4.931364 -47.571533
v -26.336416 -7.070950 -50.446609
v -21.156076 -6.891694 -47.528793
v -10.709936 -8.504398 -48.401573
v -1.366580 -8.701185 -47.795372
v 21.076183 -7.668853 -49.527611
v 36.815823 -3.041718 -46.369930
v 42.768894 -2.599303 -50.067955
v 47.288666 0.267589 -46.505360
v 61.749989 7.058753 -44.327625
v 72.137138 9.839297 -51.276165
v 74.801407 14.507665 -42.378712
v 78.878006 15.992106 -45.085850
v 83.280449 18.888304 -44.650105
v -72.253662 9.256848 -52.956444
v -66.598465 7.119925 -50.714619
v -61.144272 4.523531 -50.544914
v -57.565720 1.656951 -53.687622
v -52.220509 0.346846 -51.320873
v -48.505733 -2.327069 -54.415272
v -42.592281 -4.293404 -54.190548
v -37.060978 -6.949730 -56.480629
v -31.531973 -7.130307 -53.520943
v -21.448135 -9.124863 -53.426899
v -10.945022 -10.548602 -53.689713
v -4.937719 -10.160892 -51.807339
v -0.516366 -12.263882 -56.613949
v 5.867365 -11.740402 -55.691853
v 14.508614 -8.092404 -48.303341
v 17.703449 -9.894725 -53.862301
v 23.001616 -9.159585 -54.096493
v 32.245090 -7.473498 -54.748852
v 37.183781 -7.308187 -57.406719
v 53.968521 -0.054468 -54.096073
v 58.125298 2.405960 -52.425842
v 63.068188 3.236645 -55.925095
v 67.876945 6.590645 -53.721989
v 77.516899 11.882810 -53.836605
v -74.411804 8.176020 -58.293430
v -68.910683 5.885749 -56.603653
v -63.362232 3.627607 -55.332325
v -59.919357 0.257018 -59.369801
v -51.962975 -5.029920 -63.386810
v -47.577496 -4.601119 -58.883083
v -41.960590 -7.382334 -60.716076
v -36.625809 -9.163010 -61.117546
v -31.667942 -9.482512 -59.068676
v -21.477171 -11.636544 -59.259914
v -11.710039 -12.558151 -58.520794
v -6.497272 -12.547883 -57.644310
v -2.701479 -14.674893 -62.045517
v 9.985766 -13.461199 -60.200520
v 15.897176 -12.435863 -59.263359
v 32.783661 -10.078396 -60.940105
v 42.706680 -6.783242 -59.982830
v 51.607689 -2.641719 -57.940041
v 57.951397 -0.155791 -58.316227
v 68.223907 4.418275 -59.167599
v 73.665710 8.131688 -57.459641
v -71.311722 4.750453 -61.951408
v -62.802567 -0.922694 -64.728714
v -57.431980 -3.045018 -64.032990
v -46.874794 -7.013921 -63.500957
v -38.736065 -10.693310 -65.584702
v -32.922356 -11.566760 -64.180161
v -20.659470 -14.320860 -64.652901
v -9.274371 -14.917590 -63.198452
v 1.389714 -16.750027 -66.217682
v 7.798060 -16.088568 -65.360611
v 14.430676 -15.358739 -65.048996
v 20.521072 -13.587697 -63.091503
v 25.273090 -14.670270 -66.900764
v 37.057907 -11.582122 -66.349800
v 42.873089 -9.342523 -65.441460
v 48.314861 -6.105532 -62.685329
v 59.958740 -1.675019 -63.528255
v 68.659256 1.919034 -64.900940
v 72.326683 5.187117 -62.226658
v -68.333519 1.442877 -65.511543
v -49.487015 -8.302639 -67.990234
v -40.083965 -13.372626 -71.461983
v -35.342991 -13.214871 -68.597824
v -30.188641 -14.340959 -68.259644
v -19.296711 -17.209589 -69.854950
v -4.711243 -17.343410 -67.530357
v -0.871640 -19.577217 -71.567368
v 5.294886 -18.701138 -70.175110
v 11.352465 -18.232199 -70.014503
v 17.089016 -18.021111 -70.767670
v 23.099283 -17.474474 -71.447632
v 41.851074 -12.741332 -71.275261
v 47.488850 -9.509826 -68.853539
v 52.677547 -6.688328 -67.229187
v 58.487297 -4.271708 -67.321243
v 64.480156 -1.692598 -67.821289
v -61.087261 -4.471863 -70.058083
v -58.053226 -8.083641 -74.049965
v -52.229183 -9.820044 -72.767761
v -49.165821 -13.238926 -76.689041
v -43.487103 -15.067826 -76.389221
v -34.066998 -15.845414 -72.856148
v -23.416803 -18.311991 -73.057022
v -18.977642 -20.134546 -75.045135
v -13.190304 -21.846313 -76.746857
v -7.192465 -20.393883 -73.402023
v -1.433490 -22.849083 -77.340027
v 3.192185 -21.109711 -74.445999
v 14.420508 -20.740387 -75.114166
v 20.297010 -20.308758 -75.702232
v 32.378174 -17.909801 -75.761322
v 43.970814 -15.459434 -77.333015
v 47.939228 -12.459712 -74.557587
v 53.567959 -12.134231 -77.747993
v 57.800838 -8.893570 -75.291855
v 61.574005 -5.354332 -72.068199
v -54.792614 -11.471056 -77.494507
v -46.791042 -16.718441 -81.029823
v -41.309265 -18.630844 -81.105888
v -35.843506 -20.863350 -82.087463
v -19.115465 -22.924486 -79.800911
v -7.694042 -23.652708 -79.067558
v 5.255746 -23.350916 -78.346436
v 23.475206 -22.529871 -80.298264
v 35.646160 -19.884489 -80.453957
v 49.438992 -15.292910 -80.292007
v -44.730713 -19.812378 -84.765335
v -13.834820 -27.818844 -86.447548
v -8.593329 -26.669497 -84.006683
v -3.039939 -26.051229 -82.639992
v 8.153816 -25.621876 -82.292404
v 13.486383 -26.674105 -84.654724
v 26.917467 -24.662834 -84.769127
v 29.666775 -21.305000 -80.339096
v 39.944374 -21.676346 -85.258896
v 45.251350 -18.543926 -83.072632
v -34.262302 -24.866268 -87.654518
v -23.782255 -27.403139 -87.929459
v -9.372979 -29.357038 -88.162315
v -7.022274 -32.003624 -91.771912
v 1.059399 -28.830173 -86.860985
v 4.981052 -31.465225 -90.883270
v 11.242095 -30.405104 -89.926308
v 23.879543 -27.942644 -88.759811
v 26.615358 -29.915575 -92.418449
v 30.660460 -26.991274 -89.454697
v -17.362331 -32.726604 -94.154739
v -4.184698 -34.978985 -95.767929
v 2.399462 -34.873940 -95.562012
v 8.725431 -33.947346 -94.683517
v 15.231362 -32.713615 -93.785088
v 100.000000 38.207184 0.000000
v 99.787880 37.885212 6.509967
v 99.011719 36.711147 14.024274
v 97.798599 34.889732 20.867067
v 96.205223 32.526760 27.286520
v 94.365074 29.845634 33.094311
v 89.473320 22.971056 44.660103
v 87.089798 19.754530 49.146385
v 84.563660 16.440342 53.375904
v 81.851036 12.990106 57.449173
v 79.103874 9.610571 61.176605
v 76.057739 5.998124 64.924728
v 72.684349 2.163104 68.680313
v 69.063286 -1.759914 72.320557
v 65.156097 -5.768093 75.859627
v 61.275951 -9.517592 79.026947
v 56.880863 -13.486711 82.246986
v 52.349869 -17.269449 85.202652
v 47.406448 -21.038532 88.049011
v 42.378452 -24.488905 90.576302
v 37.434872 -27.504593 92.728798
v 33.248680 -29.767298 94.310791
v 28.875994 -31.844322 95.740150
v 23.150703 -34.121628 97.283325
v 16.739975 -36.074368 98.588913
v 9.186903 -37.565762 99.577110
v -0.000001 -38.207184 100.000000
v 86.236740 22.677197 38.783207
v 81.446762 16.462355 48.225498
v 79.742012 13.826996 52.339561
v 66.832596 0.150912 66.532570
v 50.866459 -14.071681 79.178246
v -4.532195 -38.051155 99.897240
v -10.781355 -37.323570 99.417114
v -16.771517 -36.066307 98.583549
v -22.596212 -34.315506 97.413612
v -28.423536 -32.042503 95.875450
v -33.543282 -29.616787 94.206413
v -38.655289 -26.794834 92.226723
v -43.623707 -23.670376 89.983177
v -48.297867 -20.386482 87.563210
v -52.428505 -17.206474 85.154282
v -56.574932 -13.752001 82.457733
v -60.422832 -10.311123 79.681122
v -64.128380 -6.783614 76.730377
v -67.770363 -3.112092 73.533516
v -71.337097 0.680092 70.078659
v -74.675026 4.405156 66.510452
v -78.086121 8.387831 62.470451
v -81.193214 12.170352 58.375183
v -84.260796 16.049545 53.852745
v -86.955551 19.575949 49.383518
v -92.096680 26.611624 38.964115
v -94.083862 29.440285 33.885494
v -95.953644 32.157169 28.158434
v -97.195648 33.991291 23.516087
v -98.298279 35.637852 18.369755
v -99.210365 37.011017 12.542083
v -99.801857 37.906418 6.292017
v -99.999908 38.207050 0.132563
v -99.830574 37.949978 -5.818674
v -99.293686 37.136921 -11.864405
v -98.480476 35.911388 -17.366497
v -97.443481 34.359997 -22.467028
v -96.213295 32.538631 -27.258057
v -94.821724 30.506393 -31.762247
v -90.138802 23.884617 -43.301231
v -87.954727 20.911703 -47.581146
v -85.434227 17.571468 -51.971081
v -82.803741 14.189052 -56.067284
v -79.948914 10.637848 -60.068050
v -76.941872 7.032018 -63.874474
v -73.887894 3.511384 -67.383820
v -70.858299 0.159731 -70.562744
v -63.917198 -6.990288 -76.906380
v -60.582649 -10.163314 -79.559677
v -57.083729 -13.310007 -82.106323
v -53.671329 -16.198633 -84.376465
v -50.167141 -18.979713 -86.505829
v -45.195332 -22.603477 -89.204163
v -40.087139 -25.933098 -91.613434
v -34.815140 -28.951782 -93.743828
v -28.776127 -31.888332 -95.770218
v -22.339701 -34.403595 -97.472755
v -15.677358 -36.337002 -98.763458
v -8.058535 -37.713726 -99.674774
v -0.000003 -38.207184 -100.000000
v -51.836548 -14.552494 80.601608
v -54.753208 -11.493662 77.504623
v -79.000488 13.214472 52.764439
v -76.637337 13.881118 47.407387
v -83.603333 19.660570 42.993439
v -95.051727 34.488262 -3.274827
v -80.282166 15.013174 -50.167015
v -77.495972 11.646119 -54.374897
v -51.720543 -14.953046 -81.173111
v -39.927299 -22.256872 -86.131607
v -29.168594 -28.218958 -90.763947
v -28.590412 -25.404892 -86.408897
v 5.883036 -37.944256 -99.826797
v 19.909937 -35.187798 -97.997932
v 25.636015 -33.194633 -96.658134
v 31.380316 -30.690805 -94.948807
v 36.422775 -28.076025 -93.130989
v 41.615696 -24.978573 -90.929276
v 46.310658 -21.823433 -88.630257
v 50.921227 -18.397087 -86.064095
v 55.215641 -14.913410 -83.374054
v 59.295639 -11.342522 -80.523453
v 63.351673 -7.540388 -77.372902
v 70.634758 -0.082017 -70.786514
v 73.995041 3.632489 -67.266144
v 77.298523 7.452468 -63.442398
v 80.190742 10.933831 -59.744831
v 83.155663 14.635444 -55.543995
v 86.031891 18.354733 -50.975613
v 88.548607 21.712862 -46.466587
v 90.976730 25.044546 -41.511860
v 93.092674 28.021475 -36.520592
v 95.012856 30.783838 -31.185846
v 99.215874 37.019344 -12.498390
v 99.843422 37.969479 -5.593806
v 36.337238 -24.928326 -88.561043
v 80.838463 15.477235 -49.852081
v 5.083074 0.081363 -1.719164
v 1.086957 -23.091204 77.731689
v -78.728699 23.642160 -2.681947
v 3.835145 -4.508883 -34.613602
v 3.676955 -8.091706 -46.199333
v 2.582274 -0.907181 15.641255
v -16.257380 0.937099 -4.294814
v 69.349800 18.313606 -2.937521
v 1.136962 -2.810084 27.085358
v -26.178106 2.551554 -4.074902
v -41.144089 6.350315 -5.434597
v 2.028734 -4.384955 33.948692
v -57.453636 12.553530 -3.390474
v -1.933786 -9.663755 50.326164
v -89.825912 30.800953 -1.673135
v 0.645054 -16.173250 65.055145
v -68.432396 17.815147 -4.054782
v -15.456136 0.218502 13.569011
v -48.439625 8.913238 3.028376
v -13.002810 -31.043140 -91.064049
v -13.749024 -11.295300 56.073360
v 32.832432 -1.607509 38.717693
v 13.637240 -11.611205 56.777981
v 69.039360 16.847742 -18.885227
v -85.733635 27.345522 13.773762
v -11.082235 -28.441492 86.973488
v -18.891466 -26.035963 -84.688194
v 21.133356 -7.633523 49.452961
v -55.186859 9.630738 22.972239
v 38.506702 0.947476 35.208786
v -37.646839 -0.210425 38.355537
v 31.319389 -6.957597 52.985622
v -26.817749 -12.333369 -62.848892
v -26.880894 -21.905220 80.385887
v -76.350662 20.041845 24.285522
v 55.648331 9.180190 26.339878
v 10.686684 -28.887905 87.599205
v 64.878242 12.708522 -29.773819
v 31.115553 -13.134464 -66.360428
v 30.946447 -18.918810 76.853867
v -49.291615 5.841428 30.125641
v 17.255480 -23.372576 -80.106842
v 84.637596 26.258274 -16.985651
v 27.578299 -3.811838 42.010910
v 38.224281 -2.836457 47.003777
v -69.799706 14.565575 -32.455826
v 63.189110 10.447851 35.509857
v 46.084927 -4.020032 -56.345860
v 57.319534 4.249844 -46.629303
v -34.547550 -15.932771 73.236046
v 86.516747 25.873909 -26.675585
v 87.769012 24.355721 -36.460838
v 41.378952 -14.938969 74.980179
v 74.135239 17.354210 -30.872997
v -77.999153 16.595213 41.807911
v -75.845253 17.193972 35.432915
v 4.032068 -6.199969 -40.522995
v 38.146648 5.510131 -3.392771
v -31.322458 3.712494 -2.467943
v 4.010012 -9.684452 50.513695
v -75.661232 21.844122 2.079919
v 3.645759 -14.167417 -61.016083
v 63.912018 15.543450 -2.938915
v -3.241326 -0.716763 14.118095
v -15.740744 0.924508 2.399791
v 14.791308 0.665719 -7.042518
v 3.618811 -3.067000 -28.629520
v 28.918722 3.164863 -2.037865
v 2.008744 -13.795381 60.140633
v -11.294832 0.357844 -6.009146
v 2.588983 -25.807493 -82.238609
v 1.292492 -20.412254 73.101357
v -73.447525 20.551088 -3.436826
v 54.890186 11.496447 1.844450
v 0.144132 -28.859566 86.873840
v 53.005234 10.640647 -4.044286
v 1.803046 -10.137651 -51.557392
v -34.313866 3.529462 15.874021
v 13.797852 -0.077531 14.450735
v 27.023474 2.069236 13.780362
v 44.888020 7.587177 6.163492
v -11.006598 -34.212234 -95.276657
v -13.371280 -0.576247 18.306934
v -20.665728 1.159201 11.316979
v -13.307240 -9.133674 50.648090
v -27.073252 1.288555 -19.929750
v 17.044422 -1.184238 24.552910
v 41.543308 5.804970 -14.152850
v 59.809029 12.825887 14.722788
v -15.776170 -13.490247 -61.484715
v -9.800623 -17.580505 -68.556892
v 94.225662 33.123539 -14.384762
v 13.221932 -3.570545 33.250793
v -53.331924 10.632924 7.550364
v -27.568993 -0.752406 30.996042
v 39.889973 2.211428 -31.815727
v 36.010494 1.697617 29.132334
v -31.406710 -2.658102 -41.041950
v -13.926365 -18.721058 71.374344
v -72.858269 19.000025 18.471188
v 44.627506 4.377053 -29.173244
v -75.813965 20.109007 -21.965433
v 26.654476 -2.354575 36.496853
v -19.446039 1.035136 -10.270879
v 93.125183 31.548759 -20.372261
v -23.732159 -6.012836 46.183071
v -49.983269 7.301239 24.369783
v 9.613478 -26.231310 83.420761
v 33.341297 -4.864256 48.859486
v 57.364082 11.188931 -19.066660
v 64.961594 13.644468 25.437641
v 25.461180 -8.477850 53.576595
v 74.326027 19.825405 -18.370440
v 61.311188 10.057303 -33.560135
v -33.773674 -3.724090 46.013206
v -39.214989 2.978308 27.535830
v -25.000069 -12.251032 61.873997
v -59.460545 10.756311 26.750439
v 38.422161 -0.896612 41.443207
v -81.249527 22.351753 27.358746
v -19.607227 -14.401605 64.478882
v -28.367062 -17.406006 -73.216957
v 49.474243 8.246989 17.048452
v -30.161222 -22.490339 -82.396965
v 23.218422 -13.549649 63.936642
v -63.850086 9.230412 -40.716805
v -89.859497 27.909508 -27.658936
v 52.879726 1.475832 -49.044910
v -42.226608 -0.120539 42.580204
v 20.310827 -25.768038 -84.628777
v 20.172562 -19.182516 73.690689
v -70.637222 17.371851 -20.970512
v 87.854271 27.440691 23.238319
v 48.597687 6.518555 -25.569572
v 27.066586 -7.401408 -51.693665
v 38.421387 -9.083251 -62.084557
v -30.225515 -15.152763 69.842926
v -70.974487 14.829187 33.983021
v 78.924019 19.311159 -34.242798
v 37.217052 -14.010554 71.074287
v -68.992104 12.392257 -38.869514
v -81.363403 21.214191 -32.632477
v -1.103489 -32.003056 -91.503731
v 90.877052 31.561628 0.818522
v -32.869251 -22.535763 83.549194
v -47.801254 2.251124 41.166393
v 3.673669 -25.953398 82.510956
v -75.209351 20.987795 12.778983
v 43.543285 7.250409 -0.946102
v -84.100143 26.984615 -2.521735
v 3.387274 -1.685221 21.304937
v 65.964348 16.595743 2.474048
v 2.502209 -8.011333 45.889553
v -54.581367 11.363306 1.911383
v -2.910022 -12.073316 56.298450
v -9.226610 -26.007072 83.023476
v 2.870489 -0.189499 -7.825749
v -45.408943 6.884493 -16.124079
v -1.502405 -1.460775 -19.617659
v 20.845282 1.611577 3.493301
v -58.690533 12.634671 11.668750
v -65.437737 16.350407 1.431438
v 67.383621 17.092087 -8.230246
v 8.894044 -10.524899 53.296219
v -54.663090 11.160343 -8.166101
v -29.484568 1.902625 19.221426
v -87.136063 28.745546 8.288333
v 11.990640 -10.803930 -54.462624
v 56.816071 12.040228 -8.719728
v -56.181057 10.209247 -22.015612
v 66.939209 14.944835 -24.032738
v 8.514412 -31.609724 91.364349
v 10.209269 -17.885433 69.215240
v -23.383068 -30.718353 -92.637161
v -13.554313 -24.778578 -81.661591
v -29.914368 -7.807074 54.161926
v 54.926754 10.083598 19.477112
v 23.167078 -5.648747 44.848278
v -55.233433 -6.375441 -68.719460
v -58.380936 6.371407 -41.745365
v 8.689642 -20.917591 -74.537834
v 14.331407 -30.511456 90.531990
v 26.697823 -12.027304 -62.141216
v -90.198128 29.889795 17.640146
v 35.134163 -14.594505 -71.076897
v -24.271965 -24.088501 -82.991959
v 51.916603 3.078830 -43.447803
v 41.268261 -5.042666 -54.940228
v -13.734339 -18.996679 -71.834984
v 21.657206 -4.281565 39.879993
v -64.698761 15.413876 12.388465
v -14.224847 -13.671721 61.489815
v -67.505821 9.788096 -44.651947
v 43.770176 -8.876660 65.130768
v 54.371727 4.593860 41.937866
v 8.048120 -9.346718 -50.102570
v 39.526295 3.404830 -25.924532
v 48.859531 -1.298780 -52.234291
v 62.566334 5.332261 -50.179039
v -68.818008 2.614464 63.658836
v 39.271454 5.526356 9.812556
v 17.597311 0.862158 8.841801
v 26.921297 0.501880 24.486002
v 33.205540 -23.237679 -84.802307
v 25.204735 -26.647181 87.220871
v -0.860876 -0.050651 -2.934350
v 21.812859 -11.187454 -58.396828
v -52.154552 -9.805534 72.690681
v 60.526569 0.673844 59.092800
v 80.183838 23.105877 19.462755
v -4.458399 -29.153925 -87.464188
v 86.551231 28.547560 4.282653
v 78.437927 23.370594 6.402328
v -70.524796 18.984690 1.670960
v 31.904633 -15.920190 72.007133
v 46.421078 6.865282 -18.965176
v 7.305812 -2.065839 24.425659
v -49.713760 -2.649282 56.254993
v 18.229431 0.696940 -12.254534
v 26.213388 -1.021290 30.947474
v 46.369907 1.903777 -40.649818
v -60.320263 13.610666 -8.655781
v 17.431818 -29.169348 -89.086792
v 66.837875 13.219991 31.752928
v 98.175720 35.454071 -19.013887
v -49.910213 1.658855 -45.350807
v 72.932091 18.067678 -24.404688
v 31.734350 -5.308862 -48.972816
v 50.080570 5.730642 -31.752409
v -58.252590 9.084728 31.798449
v -19.639505 -17.399590 70.295494
v -30.616503 -12.441038 64.754440
v -37.997318 -1.145482 -41.844345
v 38.388927 -11.029285 66.043297
v 12.025877 -6.701696 43.501186
v -57.881878 5.561814 43.498283
v 60.824677 4.441111 50.365898
v 50.734505 -3.620082 59.375271
v 35.861855 3.920839 -15.874614
v 65.156380 1.888143 61.202187
v -78.541733 16.267067 -43.707554
v -28.267969 -0.226590 -29.376553
v 33.171608 2.051547 23.908434
v 71.410240 19.460657 2.134693
v -8.413169 -18.236858 69.643806
v 29.323950 2.946497 9.118323
v -46.377151 8.157961 -3.312311
v 39.048641 5.784048 3.213334
v 51.992592 -10.385300 73.628754
v -31.874464 -19.157694 -77.654686
v 65.941147 15.952168 13.227117
v 25.970701 -5.625926 -46.350517
v -81.675514 23.544325 22.564007
v 87.277451 28.789557 9.025799
v -56.336521 2.823215 49.351635
v -65.722824 2.482972 -60.551094
v 15.925244 -17.386589 69.360504
v -75.201347 9.298579 56.758057
v 27.541424 -9.584475 -57.172707
v -43.155643 1.856852 37.106819
v 70.145332 15.888345 27.505604
v -25.261787 -20.752449 -77.898598
v -43.772163 -9.810440 -66.954910
v 46.875267 -3.126238 54.884163
v 38.290825 -16.325817 -75.780602
v -26.550173 -2.545889 37.072685
v 54.598461 -3.626178 -62.691067
v 68.418419 15.964002 22.403690
v 80.969276 19.368372 38.541298
v 83.155342 20.921877 -37.994503
v -45.549942 7.557812 -9.796014
v -53.014988 10.050650 13.240080
v -16.442648 -10.996381 -56.105164
v -45.495708 6.412825 19.803869
v 95.721001 34.975521 3.308795
v -72.785332 17.434408 -27.079750
v 52.447948 -9.563982 -72.455315
v 7.072186 -28.259628 -86.276985
v -83.275154 25.856054 -13.058492
v -78.480698 19.886253 30.933371
v -43.931988 3.546238 31.664118
v 86.040253 27.719028 -12.360817
v -88.737122 25.841183 33.348728
v -32.424095 -2.173362 40.273182
v -18.585581 -5.778712 43.058514
v -10.081473 0.286809 5.576807
v 9.072882 -5.252772 -38.172623
v 27.678246 2.875296 3.520579
v -9.183537 -15.324467 64.052002
v -14.761414 -16.063799 -66.507072
v 84.617439 26.018250 18.725111
v -23.455597 -4.418237 41.315506
v 44.696774 6.061649 20.305033
v 53.857204 10.440677 12.951520
v -94.175743 32.166180 21.158848
v -34.921207 -5.438919 51.389915
v 25.094666 -20.481697 77.376465
v 26.265085 -17.611864 72.802567
v -10.359277 -20.987514 74.870010
v -72.182930 14.127054 38.883396
v -46.102470 6.191694 -22.450888
v 20.829184 0.591523 -16.784143
v 77.960793 18.948189 33.424042
v 48.427254 -0.384134 49.418541
v -37.802773 -17.120497 -76.878746
v -63.047718 15.115528 -3.853978
v 58.406582 -7.444627 73.174019
v -21.510002 1.662028 -5.715191
v -2.891670 -0.282049 -9.117887
v 75.612511 12.840501 48.529804
v -37.802685 -20.140331 81.839828
v 39.744644 -8.199791 61.040173
v -53.747768 -1.788376 -57.936131
v -51.812572 10.216105 -2.657490
v -49.206913 -8.212571 67.607491
v 63.756100 1.003861 -61.616844
v 37.027107 4.860024 -9.818866
v -82.889694 26.013416 7.926244
v 81.875580 25.575029 2.811454
v 67.204735 -3.695602 -74.050812
v 49.486423 3.979989 37.515144
v 78.098633 21.326332 -22.776268
v 31.998871 -0.349949 33.393780
v -28.599892 -24.757626 85.448982
v -46.259544 -11.649236 -72.019196
v -14.256318 -16.297443 66.852844
v 21.172533 -31.386286 -93.077820
v -73.134346 6.053341 61.369217
v -83.749611 22.776131 32.417564
v 61.110523 8.585941 -38.556961
v -56.180511 3.597705 -47.116379
v -36.020653 -12.694535 67.926765
v -75.878899 17.897837 -32.714245
v 56.596054 -6.957612 -70.880981
v 66.905800 8.376181 -47.862289
v -43.194431 6.940734 7.130091
v 65.973915 6.075803 52.600971
v -24.863070 -15.527671 -68.413490
v -56.751770 11.158591 17.432922
v -14.041762 0.332741 -10.551497
v 16.882576 -2.264665 29.690908
v 78.223366 20.282228 -28.476763
v -91.453941 31.703827 -8.081572
v -75.554382 12.745449 -48.702938
v 13.148516 -36.892391 -99.131813
v 75.340599 16.096167 38.189381
v 72.359924 15.814762 33.101620
v 26.366407 -19.317257 -75.855690
v -5.812369 -6.037876 -40.110573
v 20.613390 0.897072 13.827277
v -7.940245 -10.536115 53.169052
v 37.022736 -5.039341 -51.860603
v 71.724174 19.091890 12.383730
v -92.485489 27.160151 -38.032017
v -12.883316 -2.103188 -26.684368
v 2.908215 -11.509873 54.983467
v -29.197950 2.431215 -14.563665
v 4.223258 -18.180672 69.156273
v -9.632719 -0.211905 12.440395
v 96.744629 33.322548 -25.307636
v 70.957512 11.406658 -45.244534
v 39.514561 4.922180 16.559940
v 34.912174 0.128269 -34.402012
v 32.955299 -3.316103 44.214417
v 27.726110 -5.870740 48.060291
v 76.187111 21.559278 -12.827134
v 24.580469 -0.231511 -25.703382
v 54.146915 6.189708 36.264393
v 40.639759 -18.419451 -80.457466
v 3.785229 -1.914234 -22.780094
v -90.573273 29.149811 24.028458
v 90.251831 31.017488 -4.813658
v 25.157419 -3.965738 -40.883278
v -5.206213 0.084813 1.613419
v -94.242157 33.270744 -13.208640
v -38.532719 -16.855541 76.792145
v -6.750823 -34.525402 95.297966
v 29.019964 -16.179329 -71.235077
v -26.546745 -9.517526 -56.538410
v 11.456775 -23.513512 -79.278580
v -44.874924 5.098993 26.066135
v 21.722071 -1.195146 28.018766
v 75.772926 13.078420 -48.182915
v 12.109550 -2.324189 27.320044
v -23.188646 1.154974 -15.198102
v 65.666496 11.514298 -36.109608
v 89.579437 29.658306 -16.053675
v 19.816217 -0.323206 -21.822159
v 19.910795 -15.832416 -67.376320
v -24.709234 -9.934325 56.623589
v -16.157701 -8.800814 -50.645317
v -23.879553 0.424763 21.248983
v -26.069817 -4.883288 -44.239189
v -1.597664 -3.743692 -31.351271
v -38.556389 5.199508 11.448485
v -5.897327 -7.895101 -45.771004
v -80.874535 24.951691 2.430740
v -4.656891 -16.577267 66.031181
v -10.225007 -2.977661 29.836857
v 92.030853 26.518990 39.119331
v -33.494133 1.103095 28.918495
v -57.278599 11.884544 -13.123520
v 55.485592 11.048931 -13.720484
v 74.894844 21.366024 -2.935902
v -13.889568 -5.213022 39.453659
v -59.701958 8.324573 37.209312
v -67.296150 -3.601626 -73.967751
v 85.813713 27.426485 13.562757
v -59.859467 11.866276 21.791368
v 56.799030 10.074142 -24.392391
v -16.762197 -20.649977 75.418007
v -47.634007 -5.999068 61.909378
v 18.879618 -2.781943 -32.854141
v -11.155853 -0.526119 -16.090195
v -18.498775 -29.353594 -89.570381
v 19.898369 -5.981360 -44.273750
v -3.110033 -31.782143 91.266052
v -89.651993 23.215672 44.300339
v -55.067562 0.042152 54.968899
v 81.982468 22.997097 -26.481350
v -15.046640 -5.005706 -39.205627
v -29.605385 2.623765 13.610834
v -62.150017 13.599098 17.528938
v 24.896326 -23.480047 82.230064
v -9.029007 -4.511356 35.624401
v 40.358273 4.696661 -19.963358
v -17.428629 -2.406651 -30.563107
v -13.272162 -7.111255 45.111408
v -65.727768 -1.554555 -68.753273
v -91.038017 28.394169 29.242458
vt 207.787175 89.756617
vt 206.487335 85.347005
vt 202.782771 71.662487
vt 201.113327 66.998129
vt 198.811480 62.063851
vt 196.188516 57.503822
vt 193.190703 52.932460
vt 207.545460 100.164085
vt 206.480124 94.562865
vt 203.012384 89.428212
vt 201.846832 84.439375
vt 205.415804 80.778365
vt 200.911246 79.536276
vt 197.904601 70.426089
vt 191.023363 57.509878
vt 185.297479 43.155313
vt 181.122562 38.632505
vt 206.286017 117.672197
vt 207.646909 111.453026
vt 207.696712 105.665429
vt 199.961530 93.793494
vt 197.337901 88.071332
vt 196.070728 78.587195
vt 193.001163 69.454101
vt 188.990324 62.252164
vt 185.748424 58.582747
vt 184.252429 48.788939
vt 189.878290 47.762457
vt 176.760859 33.811501
vt 202.893377 113.570972
vt 197.552163 105.954409
vt 194.393992 93.341779
vt 191.501356 87.913676
vt 188.309867 82.405436
vt 190.885942 77.819473
vt 183.817514 70.033745
vt 183.957695 64.204972
vt 180.410720 60.235255
vt 179.709573 50.568058
vt 179.177696 44.966992
vt 175.453790 39.936926
vt 171.922631 35.646127
vt 200.546296 140.027576
vt 202.952361 134.000942
vt 201.912497 122.908999
vt 199.567412 117.773002
vt 192.625515 103.873506
vt 191.030988 98.114105
vt 183.143888 82.399730
vt 179.485569 72.869241
vt 178.272723 66.537839
vt 172.662800 45.215782
vt 166.689695 35.158487
vt 166.694120 25.008707
vt 198.190213 146.221537
vt 196.585363 134.239722
vt 195.509259 122.673667
vt 193.517608 116.743321
vt 187.838291 102.276474
vt 177.903533 82.167530
vt 166.629203 65.295776
vt 169.410600 60.700316
vt 166.432766 55.703379
vt 163.474226 50.715500
vt 163.454964 40.460079
vt 160.522454 35.285766
vt 157.692096 29.734196
vt 154.646989 24.656452
vt 154.483575 18.582133
vt 192.348919 146.557184
vt 193.291941 140.249573
vt 190.910023 133.856765
vt 188.566407 121.917851
vt 182.823533 117.416430
vt 183.209841 104.281336
vt 170.338098 86.953192
vt 169.673052 76.356223
vt 166.639650 70.895387
vt 160.576134 56.099051
vt 157.535476 50.947369
vt 154.211176 35.108840
vt 151.331001 29.444135
vt 148.672981 22.784453
vt 141.869414 12.585930
vt 188.384299 156.452610
vt 187.781339 150.160122
vt 187.124841 143.627949
vt 186.567179 137.109915
vt 179.997057 129.060875
vt 181.938735 123.724475
vt 176.829047 119.408079
vt 177.576257 113.122043
vt 173.219361 102.652257
vt 169.116044 92.638298
vt 163.652675 76.953182
vt 161.491749 66.730116
vt 157.835493 61.748032
vt 154.728387 56.465691
vt 151.631374 51.008459
vt 151.045678 40.325633
vt 145.219980 29.345711
vt 137.803974 22.943749
vt 136.561090 16.711568
vt 135.233422 10.729073
vt 183.061495 159.773939
vt 182.311741 153.725932
vt 181.676323 147.496371
vt 175.419994 138.459769
vt 174.915204 131.935590
vt 175.467838 125.559974
vt 167.116912 110.668576
vt 167.664150 104.554941
vt 152.163153 73.842337
vt 155.245943 67.611719
vt 145.749959 50.870035
vt 148.202341 45.589450
vt 141.898871 45.741123
vt 141.164167 34.788679
vt 138.777835 29.221241
vt 129.384416 15.885318
vt 129.145752 9.009115
vt 180.374115 174.721933
vt 183.019669 165.145818
vt 178.040590 163.184632
vt 176.954102 157.481725
vt 176.153810 151.475537
vt 170.145242 142.383604
vt 169.828387 135.471296
vt 169.279796 128.218861
vt 166.234701 116.760039
vt 162.144395 106.421872
vt 157.425407 96.249011
vt 151.949539 80.473260
vt 145.176829 72.652347
vt 135.607842 46.639954
vt 133.905904 34.344335
vt 127.771141 30.158846
vt 127.794788 23.225959
vt 122.809391 19.499256
vt 118.167593 16.622974
vt 112.754488 5.821422
vt 171.358170 183.389617
vt 174.342011 166.981482
vt 172.170764 161.745996
vt 170.635973 155.875017
vt 164.874444 146.270750
vt 163.341423 127.459904
vt 160.230263 118.233984
vt 151.738685 112.024369
vt 151.530877 99.052407
vt 152.000826 92.817571
vt 146.202281 89.368161
vt 147.319402 83.934606
vt 139.990037 76.935605
vt 129.291617 48.204190
vt 131.567929 41.440941
vt 121.936286 32.916876
vt 122.030379 26.282496
vt 115.884901 11.371234
vt 169.544145 177.697092
vt 165.612308 161.323286
vt 159.559737 148.955038
vt 159.503946 142.562118
vt 153.394585 132.703596
vt 153.128108 126.055024
vt 147.098305 115.725714
vt 146.204676 108.823539
vt 145.812872 95.641069
vt 141.237910 84.293050
vt 133.418733 73.781450
vt 122.651255 49.221439
vt 117.457228 44.024653
vt 116.417974 36.885758
vt 116.099388 22.717307
vt 103.707429 10.392177
vt 100.364486 5.496987
vt 160.526927 171.666906
vt 159.430919 165.609842
vt 159.424048 159.648454
vt 154.002903 151.395953
vt 142.134680 126.107998
vt 141.895248 119.186413
vt 141.157166 112.365647
vt 134.200037 102.547323
vt 139.807303 98.713253
vt 134.910019 87.970110
vt 123.459021 65.247386
vt 120.690727 54.607636
vt 115.947949 51.033737
vt 110.966808 34.181578
vt 103.257259 20.398878
vt 100.840739 15.128108
vt 97.904070 10.077601
vt 161.236640 186.251715
vt 154.637240 170.257783
vt 153.162963 163.913756
vt 143.920484 139.331759
vt 141.738705 133.403313
vt 136.049259 115.924596
vt 135.050539 109.276560
vt 128.506069 106.907381
vt 123.037057 86.013618
vt 121.463790 76.242381
vt 115.133163 58.150659
vt 110.655282 47.250380
vt 104.916565 37.832683
vt 99.296122 24.677992
vt 97.593843 19.716369
vt 95.424786 14.613309
vt 94.559852 5.502618
vt 88.981519 6.020648
vt 152.790245 197.697101
vt 155.538954 188.030378
vt 151.975074 184.935974
vt 151.356822 180.039694
vt 148.486195 169.001634
vt 143.880961 151.896755
vt 138.552060 140.025060
vt 130.880758 125.913459
vt 130.989161 119.584318
vt 127.877040 100.514464
vt 121.570235 91.746340
vt 118.816845 81.290513
vt 116.251100 75.287565
vt 114.104605 69.399288
vt 112.377098 63.950091
vt 99.895994 34.411139
vt 96.144342 29.478357
vt 93.210912 23.957165
vt 88.619655 19.737623
vt 87.138899 10.602178
vt 83.637085 6.847101
vt 148.165550 199.613457
vt 149.158850 194.731888
vt 147.347247 184.127705
vt 144.190451 173.564026
vt 139.071732 150.058751
vt 135.898828 145.923774
vt 128.306023 136.356727
vt 124.966092 130.268034
vt 120.630657 118.720149
vt 115.308538 101.133853
vt 115.475795 94.532024
vt 107.175536 67.678278
vt 103.068980 56.855821
vt 92.622936 45.544218
vt 90.618061 39.803092
vt 87.371200 24.519502
vt 83.052513 20.064283
vt 82.223523 11.283597
vt 78.496369 8.026305
vt 144.146354 196.521525
vt 142.028229 183.251281
vt 140.171714 178.120434
vt 138.238103 172.938412
vt 136.184513 167.715901
vt 133.788123 163.191711
vt 133.754199 152.023053
vt 125.722491 142.599119
vt 118.335535 132.365277
vt 119.808611 125.679695
vt 116.011860 107.865458
vt 108.495642 97.299578
vt 110.762226 91.191492
vt 104.843165 90.713566
vt 106.316626 79.357148
vt 100.417714 69.843645
vt 99.063308 53.181553
vt 93.706681 51.983893
vt 86.194365 44.141990
vt 87.731486 34.333149
vt 85.023086 29.225548
vt 77.583105 12.598926
vt 143.491948 201.194803
vt 140.897405 192.626335
vt 130.296576 167.229193
vt 123.283407 148.962253
vt 119.340588 143.892578
vt 122.090646 137.290230
vt 113.876971 127.907912
vt 109.916691 117.653624
vt 109.493904 104.467057
vt 100.922241 95.725295
vt 98.248910 89.377439
vt 95.925523 83.206618
vt 94.537608 72.413393
vt 88.936192 56.413197
vt 81.625701 48.151520
vt 79.461405 27.901248
vt 73.482869 20.015638
vt 69.482616 11.168729
vt 135.840404 205.066253
vt 132.445553 196.493678
vt 130.490731 191.400139
vt 128.851465 186.507328
vt 124.800203 182.799914
vt 117.915646 159.685502
vt 112.686991 145.421116
vt 109.237240 140.536417
vt 104.395358 114.578002
vt 96.041360 100.333907
vt 91.440317 87.926966
vt 89.319348 81.890655
vt 88.650656 75.467460
vt 83.292858 60.175140
vt 75.497270 46.247901
vt 72.188642 35.003044
vt 70.675265 29.107305
vt 74.281133 25.578622
vt 69.103222 22.835839
vt 65.194440 13.326772
vt 128.354323 200.714351
vt 125.225067 189.236747
vt 118.714677 181.209600
vt 122.792245 176.742947
vt 117.167798 175.333104
vt 113.007683 162.814933
vt 109.620542 151.772341
vt 105.932113 146.882388
vt 105.996759 135.452281
vt 97.116288 129.521910
vt 99.114620 118.814119
vt 92.588251 111.067571
vt 91.108066 104.856368
vt 89.260061 99.031087
vt 84.167218 86.180711
vt 83.340789 79.252338
vt 83.183021 66.288013
vt 77.239789 63.480507
vt 77.653147 57.589634
vt 71.021363 50.053003
vt 69.469913 44.445544
vt 68.033788 38.778038
vt 65.801724 27.484032
vt 64.945162 18.443882
vt 127.106644 206.192164
vt 122.838839 198.228420
vt 121.395902 192.719635
vt 120.011334 186.935027
vt 112.869243 179.642867
vt 111.743861 173.733462
vt 110.760807 168.160069
vt 106.830799 164.620875
vt 102.284834 153.744900
vt 99.495090 147.171316
vt 93.700805 135.018454
vt 93.014351 117.504297
vt 87.315419 109.184252
vt 83.927276 104.160216
vt 83.091783 97.511651
vt 77.414673 88.437741
vt 77.711574 82.493166
vt 71.792256 79.324452
vt 71.795413 59.992902
vt 65.190127 48.449825
vt 61.806543 31.012522
vt 56.303470 23.113489
vt 122.308894 208.274003
vt 123.056921 203.353233
vt 118.336660 201.213692
vt 117.490218 196.072407
vt 111.765393 194.938414
vt 107.332632 177.593977
vt 102.125550 174.701684
vt 101.664083 167.985174
vt 96.145772 158.645642
vt 95.184777 152.431715
vt 93.207821 146.360097
vt 90.333501 140.573925
vt 87.515520 135.038007
vt 90.665472 128.934988
vt 87.361557 122.431162
vt 81.616108 117.903434
vt 77.268548 107.141318
vt 77.770286 100.963089
vt 72.244938 97.633866
vt 71.418342 85.458407
vt 66.897367 70.695052
vt 65.999120 61.291146
vt 60.805889 52.243980
vt 54.420638 44.906731
vt 57.017900 28.476436
vt 51.699979 20.796941
vt 113.274082 203.754946
vt 113.940053 199.220823
vt 108.128211 183.905855
vt 102.747548 181.484055
vt 97.657446 178.075638
vt 96.810548 171.753915
vt 96.331206 165.269072
vt 90.519016 163.280947
vt 89.771299 157.011679
vt 88.636354 151.030998
vt 83.465197 141.339635
vt 77.751697 131.249863
vt 80.334164 124.358552
vt 70.965159 109.601813
vt 71.779827 103.633705
vt 67.430406 94.438656
vt 64.988460 88.872343
vt 65.668464 82.217863
vt 59.458540 62.021534
vt 56.726863 56.691965
vt 47.964772 30.599883
vt 47.334455 24.225685
vt 113.590287 208.227910
vt 107.800048 206.368117
vt 103.482483 200.961008
vt 99.947755 195.314990
vt 97.782369 184.418404
vt 93.394674 180.817088
vt 92.025367 175.620730
vt 91.089616 169.628174
vt 84.487908 161.488566
vt 83.364385 155.033338
vt 82.590682 148.569523
vt 77.361125 145.403362
vt 77.564446 138.613871
vt 72.067771 130.579041
vt 74.095561 125.647911
vt 69.291693 121.424169
vt 65.550956 105.856010
vt 60.614553 101.666505
vt 62.141296 95.242384
vt 57.993171 90.442916
vt 54.158844 79.647949
vt 55.404791 73.421077
vt 50.853506 68.512829
vt 52.631738 61.991470
vt 49.432640 46.588495
vt 45.231001 42.435436
vt 101.708083 206.838781
vt 93.733095 195.772564
vt 86.018787 174.403791
vt 85.207324 167.971807
vt 79.338583 166.122242
vt 73.466511 158.273193
vt 71.968645 142.066333
vt 66.605234 138.651260
vt 66.979374 132.872223
vt 63.533386 123.439504
vt 58.381135 114.107670
vt 59.168578 107.996538
vt 51.717639 92.034726
vt 52.962571 85.805604
vt 47.752941 81.178986
vt 46.075709 64.000139
vt 42.074424 53.842309
vt 43.631506 48.127742
vt 40.948239 38.471945
vt 38.390261 30.173177
vt 96.541915 207.567756
vt 87.800236 195.512167
vt 85.364885 185.742931
vt 74.081614 170.381891
vt 73.411530 164.188092
vt 68.236334 161.097578
vt 69.784370 154.517755
vt 64.888567 150.742246
vt 66.008480 144.700685
vt 61.250486 134.860420
vt 58.532220 125.636706
vt 48.886916 104.573056
vt 46.671187 87.373462
vt 40.895625 82.840676
vt 43.051833 76.456514
vt 40.860240 59.699378
vt 30.950624 50.632431
vt 39.539269 44.113926
vt 35.961774 40.337140
vt 35.653821 35.010736
vt 83.469950 198.749820
vt 82.658217 191.957148
vt 79.943712 186.168512
vt 74.714980 183.454991
vt 74.736848 177.114239
vt 69.665556 174.248148
vt 67.351146 168.129746
vt 62.592943 163.246741
vt 63.622438 156.843188
vt 59.921733 146.951764
vt 55.850299 136.951458
vt 55.664868 130.547164
vt 49.165967 128.140430
vt 47.896489 121.766178
vt 52.421815 110.486643
vt 45.649762 109.706855
vt 43.574586 104.656571
vt 39.702950 95.794075
vt 35.279892 92.050505
vt 33.083702 72.686532
vt 33.542236 67.290055
vt 28.385577 63.307724
vt 29.412036 56.694693
vt 27.049494 45.211894
vt 78.864340 203.037280
vt 77.476015 196.484771
vt 75.842599 190.119308
vt 69.529544 187.757675
vt 61.161084 180.506317
vt 64.314036 174.639365
vt 59.904177 169.427603
vt 57.353559 164.182793
vt 57.705114 158.680563
vt 53.766114 148.863954
vt 51.092378 139.352367
vt 50.180641 134.143082
vt 44.355480 132.196735
vt 41.895806 119.696711
vt 40.807965 113.735442
vt 33.208233 98.171197
vt 30.719866 87.629240
vt 29.829520 77.130157
vt 27.390127 70.290819
vt 23.451662 58.791378
vt 23.943305 51.439614
vt 72.770552 200.962422
vt 64.804290 192.521498
vt 62.953256 186.499031
vt 58.823412 175.235337
vt 53.234477 167.537354
vt 52.622393 161.401169
vt 47.759325 149.769347
vt 45.403297 138.681079
vt 38.710481 130.006239
vt 37.420874 123.827764
vt 35.470169 117.598081
vt 35.336040 111.040939
vt 29.825044 108.322197
vt 26.180677 96.622409
vt 25.026514 90.256949
vt 25.972030 83.103769
vt 21.182052 70.674773
vt 17.009964 61.149902
vt 18.994516 55.312199
vt 66.851174 198.856363
vt 54.778708 179.145756
vt 47.125540 170.384457
vt 48.617757 164.972153
vt 47.158605 159.876254
vt 41.786543 150.068738
vt 39.400164 136.020387
vt 34.034521 134.040688
vt 33.416038 128.020005
vt 31.539700 122.531762
vt 28.824663 117.685967
vt 26.049278 112.528987
vt 19.398196 94.466436
vt 19.826415 87.305170
vt 19.672940 80.846780
vt 17.563316 74.437698
vt 15.037493 67.753210
vt 57.579803 192.147564
vt 51.266606 189.788511
vt 50.304399 183.198045
vt 44.424056 180.815935
vt 42.706838 174.912616
vt 43.450183 164.800750
vt 39.710219 154.786222
vt 36.212437 151.281172
vt 32.651136 146.621159
vt 34.207037 140.269714
vt 28.415687 136.617591
vt 29.840393 131.542704
vt 25.447867 122.008250
vt 22.838735 117.090945
vt 18.419349 106.121053
vt 12.420790 95.826523
vt 13.735618 90.117627
vt 8.211475 86.142264
vt 9.195094 79.926189
vt 11.328836 73.627582
vt 45.659447 186.972335
vt 38.416462 179.164130
vt 36.501570 173.638677
vt 33.690428 168.504148
vt 31.267577 152.697277
vt 28.619389 142.572228
vt 25.304074 131.289352
vt 17.234436 116.547710
vt 12.542337 105.698129
vt 7.217214 92.130886
vt 33.318670 177.644953
vt 22.951906 149.928284
vt 23.935700 144.878544
vt 23.656890 139.831532
vt 20.528713 130.442577
vt 16.536368 127.063663
vt 11.715810 115.891504
vt 14.927451 111.093778
vt 6.155739 104.601981
vt 6.112502 98.146460
vt 27.054060 167.964201
vt 24.040526 158.669915
vt 20.040328 146.749634
vt 15.914024 145.934346
vt 18.337527 137.973966
vt 13.395687 136.393815
vt 12.344370 131.171461
vt 9.092262 120.583570
vt 4.758763 120.348259
vt 5.898795 115.347140
vt 16.158990 154.612177
vt 11.437101 144.959783
vt 9.873389 140.052462
vt 8.822763 135.072670
vt 7.558032 129.843508
vt 106.695597 5.635202
vt 118.864153 6.485841
vt 124.240429 6.569149
vt 148.232086 15.447368
vt 170.942133 29.857039
vt 207.117605 123.106902
vt 205.033185 128.244833
vt 185.121117 169.975184
vt 179.018456 169.169846
vt 175.779238 178.847738
vt 139.283354 202.910708
vt 91.418930 206.062569
vt 85.149163 204.836866
vt 39.970388 184.346436
vt 30.310386 173.096957
vt 22.400105 163.842382
vt 26.918782 162.595422
vt 4.468246 109.937004
vt 30.682609 39.666300
vt 102.903847 101.997723
vt 185.107976 76.481619
vt 133.665146 187.241051
vt 70.139059 115.572457
vt 58.374110 120.161738
vt 121.309839 98.089393
vt 108.238240 124.426323
vt 77.920925 36.937427
vt 133.431775 95.280418
vt 112.181782 134.372441
vt 116.544492 150.079661
vt 140.087664 91.839753
vt 124.825654 166.023171
vt 158.267139 89.521755
vt 138.604409 197.622347
vt 172.452609 81.525601
vt 128.486240 177.404644
vt 125.843138 116.986815
vt 127.519037 154.530629
vt 18.141096 150.439425
vt 168.249213 98.512984
vt 133.281571 59.658302
vt 159.450442 72.367641
vt 63.542286 42.472898
vt 149.727079 189.325391
vt 197.894832 82.911450
vt 26.121447 153.745378
vt 149.051610 67.624866
vt 149.042255 154.378882
vt 127.316532 55.138546
vt 158.525889 129.864404
vt 148.911790 56.484857
vt 51.841163 155.090938
vt 197.104749 99.353217
vt 156.497824 176.526498
vt 110.915940 40.797911
vt 192.082457 65.290400
vt 54.458207 50.661926
vt 28.295040 102.468565
vt 175.018462 50.179925
vt 154.142127 145.426856
vt 19.605728 121.827272
vt 60.886043 25.616966
vt 138.791363 63.782038
vt 139.764586 51.501420
vt 102.941187 188.637254
vt 116.424196 29.912494
vt 33.324790 82.287370
vt 39.792258 65.601607
vt 192.905652 110.232903
vt 52.081773 26.263423
vt 42.966500 27.471161
vt 169.440917 40.458913
vt 50.942447 40.937699
vt 173.593504 172.734518
vt 166.868255 172.412721
vt 64.046177 117.634825
vt 88.977042 69.110904
vt 115.718701 139.008083
vt 156.358043 83.762614
vt 136.619398 182.680802
vt 43.243197 125.929328
vt 79.892971 42.493461
vt 121.922642 104.494076
vt 114.755219 121.438662
vt 93.973431 94.190182
vt 76.298745 113.519050
vt 93.745339 78.030454
vt 166.954255 82.095674
vt 104.665831 120.058304
vt 22.335799 135.022895
vt 180.402655 77.978191
vt 130.990700 182.236771
vt 87.732800 50.083585
vt 194.357987 73.998911
vt 82.855413 54.088495
vt 53.552181 124.021634
vt 134.948615 135.292281
vt 115.925828 87.283490
vt 110.215787 74.213197
vt 95.739030 58.782108
vt 13.588876 149.935256
vt 129.843400 113.099206
vt 125.488324 123.101798
vt 162.581441 100.330346
vt 96.653297 140.982788
vt 124.918177 80.370217
vt 77.209718 69.573604
vt 97.905992 40.624231
vt 49.408493 144.169939
vt 40.028946 140.981605
vt 60.700602 15.369380
vt 135.242713 81.045194
vt 133.635679 157.968840
vt 147.656271 122.531273
vt 60.318302 78.077455
vt 122.138351 59.745566
vt 76.756500 152.651916
vt 183.720193 92.137811
vt 150.237469 174.648256
vt 61.366165 72.068437
vt 115.704597 190.849147
vt 133.432354 66.581318
vt 103.439812 129.824299
vt 56.164910 17.849977
vt 161.680876 112.415789
vt 148.703961 148.367440
vt 188.217733 67.393920
vt 143.724587 55.795214
vt 67.039622 54.854446
vt 105.749789 31.686322
vt 151.779048 62.049417
vt 62.464218 36.732429
vt 51.785252 55.940110
vt 164.964382 122.615405
vt 148.217461 135.868925
vt 178.041723 106.724894
vt 154.050223 157.532135
vt 133.820718 53.126616
vt 160.479298 180.849394
vt 178.778567 100.419511
vt 41.150464 159.449566
vt 104.490727 50.298910
vt 31.692197 163.243885
vt 163.622326 60.973335
vt 91.676293 185.558383
vt 118.109129 206.303188
vt 38.661736 71.559118
vt 164.328509 132.850750
vt 14.235062 121.408540
vt 175.011045 60.966882
vt 114.132610 185.378937
vt 92.358477 10.121377
vt 63.609245 66.510858
vt 44.606662 99.588308
vt 30.058361 93.080006
vt 187.926384 107.874812
vt 164.302322 167.479855
vt 46.640387 36.722712
vt 166.493583 45.503372
vt 96.236788 190.155825
vt 109.015397 200.175595
vt 14.564738 141.285582
vt 73.393399 14.577661
vt 202.417467 102.939185
vt 164.717357 139.350678
vt 189.053565 72.631734
vt 145.829368 178.879398
vt 89.350782 62.696204
vt 135.822531 192.429855
vt 126.738381 95.187285
vt 84.065143 38.571799
vt 152.138044 86.927765
vt 128.735897 161.244901
vt 164.718199 88.156886
vt 193.540661 83.086266
vt 97.580733 106.487100
vt 107.767335 158.198171
vt 87.302108 115.253645
vt 102.271319 84.184467
vt 139.416423 162.088131
vt 132.319700 172.536670
vt 73.828215 40.680009
vt 157.493542 78.094178
vt 119.215603 164.835339
vt 136.553563 129.074826
vt 145.610768 192.233298
vt 47.021658 115.451939
vt 77.048771 51.779725
vt 106.573967 171.195009
vt 59.354206 46.417307
vt 196.327826 65.965802
vt 173.543401 71.375197
vt 19.067444 159.212642
vt 27.720830 148.374420
vt 171.931251 115.081060
vt 104.539277 43.915967
vt 143.472713 67.184807
vt 56.426194 185.422233
vt 87.877577 180.293245
vt 27.940724 126.783274
vt 194.016851 61.574604
vt 34.130124 104.704328
vt 154.024364 192.811924
vt 22.083685 100.994879
vt 29.372708 158.043178
vt 44.696143 70.149607
vt 36.400068 86.677761
vt 37.905180 145.596154
vt 138.874682 70.373180
vt 142.114782 168.102951
vt 173.901982 96.680065
vt 89.561817 190.737317
vt 157.311854 40.452586
vt 127.277125 36.716748
vt 52.845555 117.470451
vt 66.309804 76.125240
vt 36.660773 77.365154
vt 34.589126 61.269635
vt 194.689223 152.638026
vt 101.509178 63.219376
vt 108.853203 85.510208
vt 121.038728 70.504824
vt 9.293989 110.431312
vt 187.865827 53.188460
vt 103.881846 108.426429
vt 39.634878 107.701151
vt 198.946044 128.397476
vt 142.866246 24.630911
vt 93.023356 18.730174
vt 19.355718 142.590208
vt 77.697688 17.634698
vt 82.633692 24.797517
vt 134.404782 177.631116
vt 169.370762 50.441462
vt 70.805967 66.293670
vt 128.449559 90.129270
vt 180.825790 134.588713
vt 87.491888 92.667600
vt 127.902615 68.946777
vt 49.302699 74.900166
vt 121.031702 170.759269
vt 11.065693 125.930128
vt 110.902518 27.548007
vt 80.081487 172.791228
vt 57.321153 40.127617
vt 45.760439 93.706238
vt 57.022327 67.333211
vt 158.610208 154.348890
vt 184.620845 97.794126
vt 182.932022 110.787592
vt 78.611582 159.531119
vt 160.434707 45.635566
vt 146.242506 78.549728
vt 170.208894 149.296439
vt 133.054113 27.181619
vt 147.859688 34.887545
vt 77.530797 76.075181
vt 142.877695 18.975378
vt 96.869027 201.699109
vt 87.542223 145.514239
vt 117.978445 64.416148
vt 81.674173 33.180786
vt 180.117994 87.928178
vt 104.677987 73.567715
vt 120.624854 154.665724
vt 95.113548 65.802553
vt 163.837000 29.802684
vt 37.421937 163.823549
vt 93.890657 34.938818
vt 50.412509 98.364999
vt 156.269827 182.696199
vt 81.192796 15.472681
vt 175.754447 145.063285
vt 71.209794 194.382674
vt 171.819716 66.124381
vt 188.681230 163.688852
vt 38.873462 101.580794
vt 159.106969 136.133677
vt 105.200620 25.747848
vt 35.111787 157.734788
vt 53.641177 172.980655
vt 144.598722 40.236783
vt 16.177742 100.507305
vt 153.425587 119.043875
vt 23.831552 76.271341
vt 101.260948 29.278351
vt 109.699409 10.869982
vt 42.241941 33.100689
vt 114.009866 156.117444
vt 138.952490 155.617218
vt 55.283484 143.025729
vt 142.728338 145.376584
vt 73.539220 9.435344
vt 109.551792 189.684811
vt 14.228578 84.091910
vt 17.064937 132.945398
vt 126.852948 195.010956
vt 163.168538 176.768139
vt 153.914010 139.158084
vt 64.396831 22.916330
vt 167.326207 187.362687
vt 158.685970 123.689292
vt 156.715865 108.609251
vt 115.849780 114.554485
vt 64.638426 111.777741
vt 99.729654 77.256578
vt 174.751910 90.930060
vt 43.801152 144.853140
vt 90.260971 14.750735
vt 156.644905 114.179540
vt 109.680088 54.017004
vt 98.712193 47.273928
vt 157.696340 195.971613
vt 170.833102 121.390955
vt 177.412149 55.493497
vt 172.109664 55.582937
vt 185.972262 87.482727
vt 169.414413 167.104322
vt 101.806586 161.109713
vt 82.014133 91.746123
vt 106.638690 15.807087
vt 137.969278 40.360835
vt 40.195955 169.358413
vt 126.568591 171.882888
vt 160.530173 22.984928
vt 108.787746 130.251012
vt 98.411566 112.756621
vt 122.844359 12.369403
vt 202.694064 108.440221
vt 154.357060 45.665936
vt 68.153175 180.779310
vt 123.341656 160.000249
vt 192.517912 128.158851
vt 22.061512 65.301313
vt 83.079605 72.614161
vt 144.020597 188.133567
vt 78.283794 22.590585
vt 124.952170 43.221521
vt 57.463561 34.105100
vt 128.119114 62.308606
vt 202.593991 98.122099
vt 48.798899 176.778059
vt 179.313810 94.404257
vt 6.153034 124.974662
vt 193.286992 159.054945
vt 165.632402 182.122841
vt 46.878105 58.085553
vt 81.160256 179.848303
vt 188.090105 114.468652
vt 105.910760 194.818034
vt 14.393084 78.594206
vt 35.824696 55.305603
vt 129.560105 147.666911
vt 132.750926 20.989459
vt 45.168774 154.845162
vt 144.227595 158.038253
vt 101.124640 124.487355
vt 130.213054 78.689741
vt 52.211170 35.710807
vt 134.293955 201.045629
vt 89.971526 200.590254
vt 112.637537 16.616670
vt 109.361046 21.498539
vt 20.528227 111.714738
vt 68.008383 127.108460
vt 112.717754 80.658160
vt 163.265261 94.161587
vt 41.004990 89.620801
vt 90.643237 29.436298
vt 84.362194 129.198749
vt 161.342703 83.160017
vt 102.866856 141.209170
vt 175.435433 76.794760
vt 122.579673 111.544122
vt 37.506166 49.610449
vt 108.082132 60.587377
vt 59.413792 84.281924
vt 138.974268 57.698181
vt 145.081315 61.621818
vt 66.859927 33.074350
vt 71.734534 91.376113
vt 121.535406 38.886829
vt 10.590235 100.982159
vt 82.163858 111.150776
vt 159.432803 191.636959
vt 69.237871 16.748395
vt 56.236379 96.882868
vt 110.064932 111.114582
vt 131.611568 205.183897
vt 197.968084 112.090582
vt 204.167258 76.168896
vt 24.146655 106.919200
vt 58.498625 152.899335
vt 22.363338 126.398137
vt 148.673238 142.343604
vt 126.658659 74.463695
vt 33.393096 45.103585
vt 129.608079 84.291205
vt 99.912490 135.375717
vt 48.048032 52.104483
vt 60.451133 20.364874
vt 77.326730 94.696480
vt 31.233840 113.560944
vt 172.621882 108.834129
vt 60.892828 140.902331
vt 136.583301 122.583215
vt 71.311385 148.421502
vt 75.430105 119.714145
vt 132.103715 141.315020
vt 62.218213 129.266627
vt 138.755725 187.765582
vt 175.226315 85.984907
vt 140.338654 105.545089
vt 147.630703 129.416752
vt 115.575289 169.220758
vt 72.770042 54.920151
vt 75.941235 31.320881
vt 151.401810 105.419998
vt 164.401123 153.848194
vt 85.470737 15.374861
vt 149.399306 159.751527
vt 62.100770 57.375443
vt 188.686158 92.853361
vt 186.023242 129.512229
vt 66.547817 99.941064
vt 94.455949 123.614793
vt 21.016520 154.553575
vt 54.628747 103.538429
vt 199.433775 74.970456
vt 181.212268 141.062626
vt 53.193011 31.057552
vt 72.351270 135.830088
vt 131.019023 131.322444
vt 146.083274 163.677571
vt 182.657680 54.515746
vt 145.779275 102.122176
vt 71.919221 72.971936
vt 82.128316 135.114130
vt 156.936255 102.545727
vt 61.513639 196.939903
vt 163.997103 190.868484
vt 212.070849 120.620349
vt 212.691131 114.765358
vt 212.992136 108.640533
vt 212.946672 102.688490
vt 212.601960 97.117479
vt 212.030572 92.037625
vt 211.175798 86.775911
vt 210.155178 81.967591
vt 208.961364 77.378556
vt 207.567145 72.855332
vt 206.453792 69.677943
vt 203.868514 63.300808
vt 201.309798 57.940421
vt 198.712754 53.172298
vt 195.958601 48.670240
vt 193.510986 45.048641
vt 190.832839 41.421573
vt 187.174078 36.937318
vt 182.806689 32.172401
vt 177.774008 27.333541
vt 172.431151 22.831701
vt 166.513541 18.490673
vt 160.646768 14.764830
vt 154.108391 11.207941
vt 147.477911 8.174780
vt 140.816426 5.657025
vt 134.413334 3.700967
vt 128.335274 2.241287
vt 122.061246 1.122827
vt 115.973550 0.402949
vt 109.993780 0.038997
vt 103.262284 0.031936
vt 96.694043 0.436132
vt 91.012078 1.116837
vt 85.348337 2.107156
vt 79.866693 3.370517
vt 74.305933 4.970146
vt 69.717608 6.541996
vt 65.841208 8.056051
vt 61.019755 10.189901
vt 56.322414 12.553051
vt 51.551912 15.262734
vt 46.824770 18.283814
vt 42.274338 21.541275
vt 37.786093 25.130488
vt 33.123972 29.310611
vt 28.736207 33.735449
vt 24.207350 38.902552
vt 20.038887 44.326183
vt 16.436904 49.672325
vt 12.857692 55.790312
vt 9.770856 61.964009
vt 7.157752 68.149690
vt 4.814316 74.888505
vt 2.949516 81.676255
vt 1.612309 88.137427
vt 0.695773 94.508838
vt 0.169925 100.846298
vt 0.021224 106.775799
vt 0.205755 112.753397
vt 0.648925 118.029246
vt 1.387267 123.484996
vt 2.307975 128.432334
vt 3.580907 133.785308
vt 5.148248 139.126398
vt 6.575927 143.265667
vt 8.814621 148.854952
vt 11.328069 154.234031
vt 13.959061 159.152544
vt 17.014369 164.191665
vt 20.474378 169.233587
vt 24.081738 173.902270
vt 28.208565 178.654190
vt 32.929137 183.461446
vt 36.731019 186.923946
vt 40.848099 190.318539
vt 45.525634 193.780350
vt 50.436122 197.013011
vt 55.878715 200.165906
vt 62.133978 203.286145
vt 67.871009 205.715936
vt 74.031131 207.899703
vt 80.452993 209.736783
vt 86.864156 211.146484
vt 93.036643 212.119012
vt 99.195371 212.723728
vt 104.749460 212.961106
vt 111.007055 212.881157
vt 117.691384 212.388076
vt 122.044469 211.837957
vt 126.323911 211.117944
vt 130.547920 210.229397
vt 134.803414 209.150877
vt 139.220480 207.830474
vt 143.407010 206.382788
vt 147.676770 204.700746
vt 152.045856 202.753386
vt 156.239092 200.656181
vt 160.098273 198.515225
vt 163.741982 196.294982
vt 168.484197 193.091123
vt 172.935485 189.726593
vt 177.855781 185.550716
vt 182.742989 180.850629
vt 187.151656 176.046082
vt 191.646955 170.466546
vt 195.666452 164.736059
vt 199.490585 158.415717
vt 202.667728 152.267135
vt 205.485618 145.807605
vt 207.798834 139.396032
vt 209.627333 133.121380
vt 211.034362 126.916601
f 10/10 1/1 9/9
f 10/10 2/2 1/1
f 1108/998 13/13 1148/1036
f 14/14 3/3 1148/1036
f 15/15 6/6 913/808
f 876/771 8/8 20/20
f 21/21 10/10 9/9
f 10/10 22/22 11/11
f 13/13 757/652 23/23
f 806/701 24/24 14/14
f 26/26 25/25 37/37
f 1155/1042 936/831 26/26
f 16/16 17/17 627/1066
f 650/1161 696/614 695/613
f 30/30 19/19 18/18
f 1107/997 1042/936 30/30
f 32/32 21/21 765/660
f 887/782 22/22 33/33
f 23/23 757/652 887/782
f 23/23 35/35 806/701
f 878/773 839/734 24/24
f 26/26 37/37 38/38
f 27/27 40/40 16/16
f 17/17 41/41 29/29
f 695/613 696/614 45/45
f 939/834 696/614 44/44
f 45/45 696/614 939/834
f 18/18 46/46 30/30
f 46/46 18/18 45/45
f 765/660 31/31 47/47
f 803/698 733/628 49/49
f 862/757 51/51 988/882
f 1028/922 862/757 1029/923
f 980/874 54/54 639/612
f 980/874 639/612 53/53
f 55/55 71/71 43/43
f 45/45 57/57 46/46
f 1030/924 830/725 976/870
f 60/60 1089/980 803/698
f 63/63 1029/923 62/62
f 965/859 871/766 64/64
f 980/874 66/66 67/67
f 68/68 1038/932 67/67
f 962/856 75/75 852/747
f 800/695 747/642 76/76
f 988/882 62/62 862/757
f 79/79 64/64 63/63
f 965/859 80/80 1043/937
f 620/1073 638/611 84/84
f 83/83 638/611 69/69
f 70/70 931/826 86/86
f 71/71 70/70 87/87
f 72/72 71/71 88/88
f 91/91 74/74 90/90
f 852/747 848/743 93/93
f 76/76 1020/914 94/94
f 97/97 96/96 114/114
f 99/99 98/98 763/658
f 101/101 83/83 82/82
f 940/835 971/865 83/83
f 638/611 971/865 84/84
f 103/103 971/865 102/102
f 104/104 120/120 121/121
f 103/103 104/104 84/84
f 698/616 697/615 122/122
f 85/85 1059/952 989/883
f 86/86 85/85 106/106
f 87/87 86/86 107/107
f 949/844 1150/1037 108/108
f 110/110 89/89 109/109
f 93/93 1121/1011 112/112
f 752/647 94/94 923/818
f 791/686 1087/978 745/640
f 895/790 133/133 113/113
f 843/738 1096/986 763/658
f 763/658 840/735 115/115
f 100/100 116/116 995/889
f 100/100 995/889 969/863
f 1035/929 995/889 117/117
f 119/119 101/101 118/118
f 103/103 1068/961 120/120
f 637/610 121/121 1041/935
f 697/615 698/616 123/123
f 989/883 123/123 105/105
f 105/105 125/125 106/106
f 107/107 106/106 126/126
f 128/128 108/108 127/127
f 129/129 110/110 109/109
f 112/112 111/111 131/131
f 884/779 791/686 745/640
f 134/134 909/804 759/654
f 840/735 776/671 115/115
f 776/671 850/745 135/135
f 156/156 1035/929 135/135
f 136/136 119/119 118/118
f 138/138 120/120 1068/961
f 120/120 1041/935 121/121
f 1041/935 120/120 139/139
f 1041/935 159/159 636/609
f 699/617 786/681 122/122
f 698/616 786/681 143/143
f 146/146 967/861 1137/1026
f 127/127 986/880 967/861
f 128/128 860/755 129/129
f 130/130 148/148 837/732
f 837/732 1016/910 131/131
f 131/131 1159/1046 816/711
f 169/169 152/152 743/638
f 139/139 158/158 174/174
f 159/159 141/141 636/609
f 160/160 699/617 142/142
f 787/682 1031/925 786/681
f 143/143 144/144 124/124
f 163/163 146/146 162/162
f 762/657 991/885 164/164
f 1015/909 147/147 762/657
f 132/132 1159/1046 150/150
f 151/151 168/168 152/152
f 170/170 921/816 154/154
f 834/729 1054/947 753/648
f 828/723 1054/947 187/187
f 172/172 1052/945 171/171
f 778/673 157/157 173/173
f 1077/969 1034/928 1000/894
f 1000/894 175/175 635/608
f 175/175 1000/894 1034/928
f 660/1150 1014/908 142/142
f 194/194 1161/1048 1102/992
f 194/194 1060/953 1014/908
f 787/682 786/681 160/160
f 179/179 161/161 178/178
f 961/855 180/180 162/162
f 1112/1002 1012/906 772/667
f 164/164 165/165 762/657
f 166/166 183/183 167/167
f 740/635 743/638 185/185
f 169/169 186/186 824/719
f 828/723 761/656 1054/947
f 171/171 189/189 172/172
f 955/850 1078/970 174/174
f 193/193 175/175 192/192
f 635/608 175/175 176/176
f 851/746 194/194 984/878
f 766/661 851/746 984/878
f 760/655 838/733 180/180
f 1012/906 1112/1002 847/742
f 1112/1002 838/733 1005/899
f 199/199 183/183 182/182
f 200/200 1130/1020 183/183
f 184/184 201/201 221/221
f 202/202 818/713 1115/1005
f 951/846 934/829 187/187
f 767/662 908/803 206/206
f 209/209 193/193 192/192
f 194/194 213/213 984/878
f 984/878 215/215 766/661
f 177/177 195/195 178/178
f 1154/1041 196/196 216/216
f 1005/899 217/217 237/237
f 1123/1013 182/182 181/181
f 222/222 948/843 882/777
f 204/204 226/226 1093/983
f 204/204 1093/983 1024/918
f 842/737 227/227 999/893
f 228/228 207/207 999/893
f 209/209 1022/916 864/759
f 215/215 879/774 831/726
f 1126/1016 809/704 218/218
f 897/792 1153/1040 219/219
f 219/219 240/240 815/710
f 749/644 1090/981 814/709
f 795/690 737/632 221/221
f 737/632 243/243 222/222
f 933/828 1081/973 810/705
f 932/827 1093/983 244/244
f 854/749 1025/919 908/803
f 820/715 246/246 247/247
f 982/876 1084/976 228/228
f 1139/1027 985/879 250/250
f 250/250 251/251 232/232
f 234/234 252/252 898/793
f 756/651 235/235 214/214
f 922/817 255/255 256/256
f 258/258 238/238 237/237
f 239/239 279/279 240/240
f 240/240 260/260 261/261
f 240/240 261/261 815/710
f 267/267 932/827 244/244
f 287/287 812/707 880/775
f 246/246 269/269 805/700
f 270/270 247/247 246/246
f 271/271 247/247 883/778
f 975/869 272/272 271/271
f 251/251 273/273 1006/900
f 274/274 746/641 252/252
f 233/233 252/252 234/234
f 1049/943 253/253 235/235
f 257/257 276/276 885/780
f 239/239 259/259 279/279
f 279/279 259/259 278/278
f 260/260 741/636 280/280
f 280/280 261/261 260/260
f 1105/995 262/262 1017/911
f 732/627 263/263 282/282
f 284/284 283/283 797/692
f 891/786 284/284 285/285
f 285/285 799/694 1019/913
f 789/684 979/873 286/286
f 270/270 883/778 247/247
f 310/310 1103/993 290/290
f 1006/900 273/273 875/770
f 1074/967 746/641 700/618
f 734/629 294/294 295/295
f 804/699 295/295 296/296
f 748/643 296/296 315/315
f 1037/931 953/848 744/639
f 299/299 790/685 298/298
f 320/320 741/636 299/299
f 1039/933 835/730 738/633
f 283/283 301/301 797/692
f 302/302 797/692 950/845
f 304/304 789/684 286/286
f 305/305 287/287 880/775
f 807/702 288/288 805/700
f 272/272 289/289 944/839
f 309/309 1050/944 289/289
f 875/770 291/291 1006/900
f 1010/904 294/294 293/293
f 339/339 313/313 338/338
f 953/848 315/315 316/316
f 1133/1022 317/317 896/791
f 318/318 319/319 298/298
f 1088/979 299/299 319/319
f 801/696 1071/964 322/322
f 1040/934 300/300 322/322
f 330/330 305/305 329/329
f 900/795 331/331 306/306
f 894/789 306/306 332/332
f 894/789 333/333 307/307
f 310/310 308/308 334/334
f 335/335 823/718 311/311
f 316/316 340/340 341/341
f 342/342 343/343 317/317
f 889/784 318/318 1002/896
f 344/344 318/318 889/784
f 817/712 1088/979 345/345
f 324/324 323/323 348/348
f 325/325 350/350 950/845
f 326/326 351/351 352/352
f 970/864 819/714 1048/942
f 332/332 355/355 755/650
f 755/650 844/739 333/333
f 833/728 338/338 361/361
f 833/728 361/361 362/362
f 833/728 1007/901 863/758
f 386/386 340/340 863/758
f 901/796 363/363 364/364
f 390/390 1032/926 365/365
f 369/369 368/368 973/867
f 370/370 346/346 369/369
f 371/371 370/370 1086/977
f 890/785 372/372 373/373
f 349/349 1101/991 374/374
f 375/375 350/350 349/349
f 1157/1044 947/842 819/714
f 355/355 841/736 380/380
f 958/852 902/797 381/381
f 1053/946 844/739 958/852
f 357/357 383/383 836/731
f 358/358 858/753 359/359
f 387/387 386/386 777/672
f 387/387 388/388 364/364
f 412/412 388/388 411/411
f 390/390 389/389 413/413
f 391/391 366/366 390/390
f 366/366 392/392 367/367
f 393/393 368/368 367/367
f 798/693 397/397 374/374
f 376/376 1098/988 1119/1009
f 377/377 1098/988 400/400
f 402/402 379/379 865/760
f 958/852 1073/966 1053/946
f 383/383 782/677 405/405
f 406/406 384/384 858/753
f 873/768 408/408 1064/957
f 409/409 408/408 972/866
f 1007/901 777/672 386/386
f 388/388 410/410 411/411
f 412/412 411/411 911/806
f 391/391 413/413 435/435
f 414/414 392/392 391/391
f 415/415 393/393 392/392
f 829/724 417/417 416/416
f 395/395 1158/1045 418/418
f 1152/1039 395/395 418/418
f 399/399 424/424 400/400
f 1094/984 401/401 400/400
f 827/722 832/727 928/823
f 832/727 427/427 960/854
f 960/854 428/428 429/429
f 403/403 429/429 845/740
f 769/664 845/740 1117/1007
f 785/680 431/431 870/765
f 432/432 408/408 407/407
f 408/408 432/432 972/866
f 433/433 409/409 972/866
f 872/767 857/752 410/410
f 435/435 434/434 957/851
f 414/414 436/436 964/858
f 964/858 437/437 829/724
f 419/419 1080/972 420/420
f 1018/912 788/683 442/442
f 443/443 1018/912 442/442
f 424/424 425/425 400/400
f 446/446 445/445 464/464
f 426/426 446/446 952/847
f 845/740 1061/954 1117/1007
f 449/449 430/430 1117/1007
f 783/678 404/404 1001/895
f 701/619 972/866 452/452
f 473/473 924/819 453/453
f 437/437 457/457 458/458
f 458/458 1124/1014 829/724
f 460/460 1122/1012 439/439
f 983/877 1147/1035 463/463
f 464/464 444/444 959/853
f 446/446 464/464 465/465
f 466/466 952/847 446/446
f 1061/954 448/448 1117/1007
f 1066/959 1092/982 448/448
f 449/449 1092/982 469/469
f 471/471 450/450 470/470
f 1001/895 471/471 451/451
f 451/451 471/471 724/1094
f 1075/968 972/866 701/619
f 433/433 453/453 924/819
f 454/454 473/473 474/474
f 1062/955 474/474 475/475
f 475/475 476/476 1062/955
f 455/455 476/476 477/477
f 478/478 455/455 477/477
f 480/480 457/457 479/479
f 459/459 481/481 460/460
f 1004/898 481/481 505/505
f 483/483 461/461 482/482
f 808/703 483/483 484/484
f 487/487 463/463 486/486
f 959/853 866/761 489/489
f 959/853 1083/975 464/464
f 929/824 859/754 466/466
f 493/493 930/825 492/492
f 468/468 1066/959 494/494
f 731/626 1114/1004 495/495
f 470/470 469/469 1114/1004
f 1114/1004 731/626 470/470
f 470/470 731/626 471/471
f 496/496 472/472 702/620
f 472/472 496/496 497/497
f 498/498 499/499 475/475
f 478/478 501/501 502/502
f 1004/898 821/716 506/506
f 899/794 510/510 487/487
f 919/814 512/512 779/674
f 929/824 513/513 491/491
f 514/514 491/491 513/513
f 493/493 515/515 494/494
f 468/468 516/516 495/495
f 497/497 496/496 517/517
f 499/499 987/881 518/518
f 536/536 518/518 987/881
f 910/805 519/519 553/553
f 500/500 537/537 520/520
f 521/521 522/522 503/503
f 764/659 504/504 522/522
f 821/716 1021/915 524/524
f 508/508 524/524 542/542
f 793/688 509/509 485/485
f 511/511 530/530 867/762
f 534/534 1047/941 552/552
f 1047/941 534/534 515/515
f 515/515 534/534 535/535
f 518/518 519/519 499/499
f 537/537 994/888 520/520
f 1056/949 994/888 537/537
f 521/521 538/538 539/539
f 540/540 539/539 558/558
f 1069/962 540/540 853/748
f 523/523 821/716 505/505
f 542/542 525/525 508/508
f 526/526 525/525 544/544
f 545/545 527/527 526/526
f 528/528 1120/1010 529/529
f 770/665 529/529 1109/999
f 530/530 770/665 916/811
f 531/531 530/530 548/548
f 532/532 549/549 550/550
f 533/533 551/551 552/552
f 553/553 1160/1047 1138/1127
f 554/554 910/805 553/553
f 555/555 910/805 554/554
f 538/538 1056/949 557/557
f 538/538 558/558 539/539
f 540/540 558/558 853/748
f 560/560 559/559 993/887
f 560/560 561/561 920/815
f 578/578 561/561 906/801
f 544/544 545/545 526/526
f 569/569 549/549 548/548
f 571/571 1008/902 570/570
f 1008/902 1065/958 550/550
f 1065/958 572/572 551/551
f 552/552 551/551 572/572
f 556/556 573/573 703/621
f 556/556 555/555 573/573
f 554/554 573/573 555/555
f 556/556 574/574 557/557
f 576/576 1036/930 575/575
f 563/563 586/586 802/697
f 566/566 565/565 773/668
f 1079/971 590/590 567/567
f 590/590 1079/971 580/580
f 568/568 996/890 1100/990
f 569/569 568/568 582/582
f 582/582 570/570 569/569
f 574/574 703/621 686/1122
f 583/583 575/575 574/574
f 593/593 576/576 704/622
f 704/622 575/575 583/583
f 575/575 704/622 576/576
f 855/750 981/875 576/576
f 706/624 917/812 855/750
f 906/801 585/585 578/578
f 586/586 585/585 942/837
f 1111/1001 587/587 588/588
f 590/590 580/580 589/589
f 581/581 935/830 591/591
f 592/592 1100/990 591/591
f 568/568 592/592 582/582
f 714/1105 582/582 592/592
f 704/622 688/1120 593/593
f 1146/1034 594/594 905/800
f 584/584 751/646 595/595
f 596/596 595/595 751/646
f 602/602 589/589 600/600
f 591/591 935/830 730/625
f 935/830 602/602 730/625
f 602/602 935/830 589/589
f 593/593 705/623 706/624
f 813/708 603/603 692/1116
f 813/708 604/604 596/596
f 605/605 874/769 604/604
f 942/837 874/769 597/597
f 597/597 874/769 598/598
f 607/607 1058/951 954/849
f 649/1049 650/1161 695/613
f 695/613 18/18 649/1049
f 696/614 650/1161 651/1160
f 19/19 647/1051 648/1050
f 19/19 648/1050 18/18
f 648/1050 649/1049 18/18
f 43/43 652/1159 653/1158
f 43/43 653/1158 55/55
f 55/55 653/1158 654/1157
f 44/44 652/1159 43/43
f 651/1160 44/44 696/614
f 651/1160 652/1159 44/44
f 2/2 642/1056 643/1055
f 641/1057 642/1056 12/12
f 643/1055 1/1 2/2
f 645/1053 9/9 644/1054
f 1/1 644/1054 9/9
f 644/1054 1/1 643/1055
f 634/1059 640/1058 3/3
f 1108/998 641/1057 12/12
f 20/20 646/1052 647/1051
f 8/8 646/1052 20/20
f 647/1051 19/19 20/20
f 646/1052 8/8 645/1053
f 8/8 1055/948 9/9
f 9/9 645/1053 8/8
f 660/1150 661/1149 1014/908
f 662/1148 1161/1048 661/1149
f 662/1148 663/1147 1026/920
f 664/1146 665/1145 212/212
f 666/1144 233/233 665/1145
f 666/1144 667/1143 274/274
f 1026/920 212/212 915/810
f 664/1146 1026/920 663/1147
f 666/1144 274/274 233/233
f 700/618 667/1143 668/1142
f 667/1143 700/618 274/274
f 989/883 657/1154 697/615
f 657/1154 989/883 656/1155
f 654/1157 655/1156 931/826
f 654/1157 931/826 55/55
f 655/1156 1059/952 931/826
f 1059/952 655/1156 656/1155
f 1059/952 656/1155 989/883
f 658/1153 659/1152 122/122
f 122/122 697/615 658/1153
f 659/1152 699/617 122/122
f 142/142 1149/1151 660/1150
f 142/142 699/617 1149/1151
f 657/1154 658/1153 697/615
f 632/1061 633/1060 5/5
f 3/3 4/4 634/1059
f 4/4 5/5 633/1060
f 5/5 6/6 632/1061
f 630/1063 631/1062 7/7
f 6/6 631/1062 632/1061
f 28/28 630/1063 7/7
f 628/1065 629/1064 28/28
f 628/1065 28/28 16/16
f 630/1063 28/28 629/1064
f 627/1066 628/1065 16/16
f 17/17 16/16 40/40
f 17/17 626/1067 627/1066
f 626/1067 17/17 29/29
f 625/1068 626/1067 29/29
f 639/612 625/1068 29/29
f 624/1069 625/1068 639/612
f 54/54 624/1069 639/612
f 623/1070 624/1069 54/54
f 623/1070 54/54 1038/932
f 1038/932 622/1071 623/1070
f 621/1072 622/1071 69/69
f 638/611 621/1072 69/69
f 620/1073 621/1072 638/611
f 619/1074 620/1073 84/84
f 619/1074 84/84 104/104
f 618/1075 104/104 121/121
f 104/104 618/1075 619/1074
f 617/1076 121/121 637/610
f 617/1076 618/1075 121/121
f 616/1077 617/1076 637/610
f 616/1077 636/609 615/1078
f 615/1078 636/609 141/141
f 636/609 616/1077 637/610
f 614/1079 615/1078 141/141
f 614/1079 141/141 635/608
f 635/608 1131/1080 614/1079
f 1131/1080 176/176 613/1081
f 211/211 611/1083 612/1082
f 211/211 232/232 611/1083
f 210/210 612/1082 613/1081
f 232/232 610/1084 611/1083
f 609/1085 610/1084 251/251
f 291/291 729/1087 608/1086
f 668/1142 292/292 700/618
f 670/1140 671/1139 336/336
f 669/1141 670/1140 1106/996
f 358/358 671/1139 672/1138
f 358/358 673/1137 858/753
f 673/1137 406/406 858/753
f 1085/1136 407/407 406/406
f 407/407 674/1135 432/432
f 1085/1136 406/406 673/1137
f 432/432 675/1134 452/452
f 675/1134 432/432 674/1135
f 675/1134 676/1133 452/452
f 701/619 452/452 676/1133
f 701/619 677/1132 702/620
f 677/1132 701/619 676/1133
f 677/1132 678/1131 702/620
f 678/1131 496/496 702/620
f 678/1131 679/1130 496/496
f 679/1130 517/517 496/496
f 680/1129 681/1128 536/536
f 679/1130 680/1129 517/517
f 553/553 1138/1127 682/1126
f 554/554 682/1126 683/1125
f 554/554 683/1125 573/573
f 684/1124 573/573 683/1125
f 573/573 684/1124 703/621
f 574/574 686/1122 583/583
f 685/1123 686/1122 703/621
f 684/1124 685/1123 703/621
f 686/1122 687/1121 583/583
f 704/622 687/1121 688/1120
f 687/1121 704/622 583/583
f 688/1120 689/1119 593/593
f 594/594 706/624 705/623
f 689/1119 690/1118 705/623
f 690/1118 691/1117 905/800
f 603/603 813/708 751/646
f 905/800 691/1117 603/603
f 705/623 905/800 594/594
f 692/1116 693/1115 813/708
f 603/603 691/1117 692/1116
f 694/1114 707/1113 605/605
f 604/604 694/1114 605/605
f 723/1095 724/1094 471/471
f 723/1095 471/471 731/626
f 722/1096 731/626 495/495
f 722/1096 723/1095 731/626
f 534/534 719/1099 535/535
f 718/1100 719/1099 534/534
f 516/516 721/1097 495/495
f 495/495 721/1097 722/1096
f 535/535 719/1099 720/1098
f 535/535 720/1098 516/516
f 720/1098 721/1097 516/516
f 727/1091 383/383 405/405
f 1091/1090 383/383 727/1091
f 1091/1090 956/1089 836/731
f 311/311 729/1087 291/291
f 728/1088 823/718 956/1089
f 726/1092 405/405 783/678
f 724/1094 725/1093 451/451
f 726/1092 727/1091 405/405
f 725/1093 783/678 451/451
f 783/678 725/1093 726/1092
f 602/602 711/1108 730/625
f 711/1108 712/1107 730/625
f 713/1106 592/592 591/591
f 713/1106 714/1105 592/592
f 712/1107 591/591 730/625
f 712/1107 713/1106 591/591
f 606/606 599/599 598/598
f 708/1111 1058/951 607/607
f 1076/1112 607/607 606/606
f 707/1113 606/606 605/605
f 710/1109 711/1108 602/602
f 710/1109 602/602 601/601
f 1058/951 601/601 600/600
f 1058/951 708/1111 709/1110
f 552/552 572/572 1051/1101
f 571/571 716/1103 717/1102
f 571/571 717/1102 572/572
f 716/1103 571/571 570/570
f 534/534 552/552 718/1100
f 1051/1101 718/1100 552/552
f 714/1105 715/1104 582/582
f 582/582 715/1104 570/570
f 715/1104 716/1103 570/570
f 12/12 2/2 11/11
f 4/4 903/798 5/5
f 6/6 7/7 631/1062
f 903/798 24/24 768/663
f 27/27 16/16 28/28
f 876/771 1042/936 31/31
f 21/21 32/32 22/22
f 887/782 33/33 34/34
f 878/773 806/701 35/35
f 37/37 25/25 839/734
f 25/25 26/26 15/15
f 40/40 39/39 771/666
f 29/29 42/42 639/612
f 58/58 1107/997 46/46
f 48/48 32/32 765/660
f 1142/1030 1030/924 33/33
f 52/52 771/666 946/841
f 41/41 784/679 42/42
f 58/58 46/46 57/57
f 962/856 48/48 59/59
f 49/49 1030/924 976/870
f 60/60 976/870 1129/1019
f 50/50 36/36 733/628
f 51/51 38/38 37/37
f 1028/922 1029/923 771/666
f 52/52 871/766 784/679
f 53/53 65/65 66/66
f 72/72 1046/940 56/56
f 1063/956 963/857 868/763
f 58/58 1063/956 781/676
f 852/747 1057/950 962/856
f 1020/914 1057/950 923/818
f 1129/1019 1020/914 76/76
f 1089/980 60/60 747/642
f 51/51 904/799 988/882
f 61/61 856/751 62/62
f 62/62 856/751 63/63
f 871/766 965/859 65/65
f 925/820 65/65 965/859
f 81/81 67/67 66/66
f 82/82 68/68 67/67
f 70/70 86/86 87/87
f 71/71 87/87 88/88
f 949/844 1143/1031 88/88
f 90/90 73/73 1143/1031
f 92/92 963/857 74/74
f 848/743 852/747 75/75
f 94/94 752/647 1082/974
f 800/695 77/77 747/642
f 81/81 82/82 67/67
f 85/85 105/105 106/106
f 86/86 106/106 107/107
f 107/107 1150/1037 87/87
f 1027/921 907/802 91/91
f 1121/1011 848/743 92/92
f 886/781 94/94 1082/974
f 800/695 1087/978 95/95
f 95/95 754/649 78/78
f 78/78 754/649 96/96
f 97/97 843/738 98/98
f 98/98 99/99 80/80
f 969/863 995/889 118/118
f 119/119 940/835 101/101
f 105/105 124/124 125/125
f 106/106 125/125 126/126
f 986/880 107/107 126/126
f 108/108 109/109 949/844
f 131/131 816/711 112/112
f 132/132 1082/974 816/711
f 113/113 114/114 754/649
f 759/654 843/738 114/114
f 117/117 115/115 776/671
f 995/889 1035/929 118/118
f 124/124 698/616 143/143
f 126/126 145/145 967/861
f 967/861 146/146 127/127
f 877/772 128/128 127/127
f 147/147 846/741 129/129
f 148/148 130/130 846/741
f 1023/917 837/732 148/148
f 1159/1046 131/131 1016/910
f 133/133 884/779 153/153
f 133/133 153/153 966/860
f 156/156 136/136 1035/929
f 137/137 136/136 926/821
f 158/158 138/138 137/137
f 1041/935 636/609 637/610
f 1137/1026 967/861 145/145
f 163/163 162/162 772/667
f 997/891 1015/909 165/165
f 149/149 1023/917 997/891
f 168/168 151/151 150/150
f 152/152 153/153 884/779
f 154/154 966/860 169/169
f 909/804 921/816 775/670
f 775/670 834/729 753/648
f 753/648 1095/985 775/670
f 753/648 761/656 850/745
f 155/155 156/156 135/135
f 157/157 778/673 158/158
f 140/140 1077/969 159/159
f 1060/953 160/160 142/142
f 1011/905 177/177 787/682
f 179/179 961/855 1137/1026
f 180/180 772/667 162/162
f 1132/1021 826/721 165/165
f 183/183 166/166 182/182
f 168/168 1156/1043 185/185
f 154/154 824/719 170/170
f 171/171 761/656 188/188
f 1034/928 1078/970 191/191
f 851/746 766/661 1011/905
f 760/655 180/180 849/744
f 1112/1002 1005/899 197/197
f 847/742 198/198 1132/1021
f 743/638 740/635 186/186
f 948/843 1115/1005 186/186
f 818/713 1072/965 1115/1005
f 1113/1003 170/170 1072/965
f 170/170 1113/1003 951/846
f 173/173 767/662 190/190
f 190/190 778/673 173/173
f 1102/992 915/810 213/213
f 213/213 915/810 756/651
f 195/195 831/726 216/216
f 831/726 195/195 766/661
f 892/787 1154/1041 922/817
f 217/217 760/655 1070/963
f 809/704 198/198 218/218
f 1123/1013 897/792 219/219
f 220/220 814/709 199/199
f 221/221 882/777 740/635
f 223/223 818/713 202/202
f 205/205 1024/918 854/749
f 908/803 767/662 205/205
f 206/206 908/803 820/715
f 207/207 191/191 992/886
f 229/229 941/836 208/208
f 193/193 864/759 210/210
f 211/211 864/759 231/231
f 212/212 665/1145 233/233
f 756/651 214/214 213/213
f 879/774 215/215 235/235
f 216/216 831/726 236/236
f 1003/897 1070/963 892/787
f 1126/1016 218/218 238/238
f 1153/1040 897/792 809/704
f 815/710 749/644 220/220
f 737/632 882/777 221/221
f 202/202 810/705 223/223
f 223/223 224/224 203/203
f 224/224 811/706 225/225
f 245/245 854/749 1024/918
f 206/206 820/715 227/227
f 227/227 842/737 206/206
f 1022/916 231/231 864/759
f 231/231 232/232 211/211
f 253/253 879/774 235/235
f 237/237 1003/897 258/258
f 261/261 241/241 815/710
f 266/266 811/706 1081/973
f 932/827 267/267 979/873
f 245/245 932/827 812/707
f 249/249 1139/1027 230/230
f 985/879 273/273 250/250
f 1128/1018 253/253 1049/943
f 256/256 893/788 276/276
f 257/257 885/780 825/720
f 259/259 1067/960 277/277
f 278/278 277/277 742/637
f 796/691 261/261 280/280
f 796/691 1017/911 241/241
f 242/242 263/263 243/243
f 266/266 933/828 891/786
f 932/827 979/873 812/707
f 812/707 269/269 268/268
f 246/246 805/700 270/270
f 944/839 249/249 248/248
f 943/838 249/249 1050/944
f 985/879 943/838 273/273
f 275/275 881/776 1128/1018
f 978/872 1045/939 297/297
f 1045/939 978/872 750/645
f 277/277 278/278 259/259
f 738/633 281/281 796/691
f 937/832 732/627 282/282
f 732/627 301/301 283/283
f 302/302 285/285 284/284
f 799/694 286/286 1019/913
f 328/328 880/775 789/684
f 807/702 287/287 305/305
f 288/288 306/306 794/689
f 794/689 739/634 883/778
f 1050/944 290/290 943/838
f 1074/967 1106/996 312/312
f 1074/967 312/312 293/293
f 276/276 1037/931 744/639
f 1045/939 896/791 297/297
f 801/696 322/322 300/300
f 1040/934 322/322 347/347
f 325/325 950/845 797/692
f 326/326 327/327 303/303
f 303/303 304/304 799/694
f 789/684 1048/942 328/328
f 305/305 330/330 807/702
f 900/795 807/702 330/330
f 306/306 894/789 794/689
f 1106/996 1074/967 292/292
f 313/313 296/296 295/295
f 339/339 314/314 296/296
f 317/317 1133/1022 342/342
f 835/730 1116/1006 321/321
f 321/321 1145/1033 1071/964
f 1040/934 347/347 323/323
f 348/348 349/349 324/324
f 970/864 1048/942 327/327
f 331/331 332/332 306/306
f 356/356 334/334 1097/987
f 1118/1008 1013/907 774/669
f 1013/907 1118/1008 335/335
f 336/336 671/1139 358/358
f 337/337 360/360 361/361
f 342/342 341/341 901/796
f 371/371 321/321 346/346
f 1101/991 349/349 348/348
f 375/375 1119/1009 350/350
f 1098/988 351/351 1119/1009
f 377/377 351/351 1098/988
f 947/842 1157/1044 378/378
f 379/379 947/842 865/760
f 902/797 380/380 769/664
f 902/797 958/852 755/650
f 958/852 844/739 755/650
f 1064/957 1007/901 362/362
f 366/366 367/367 344/344
f 369/369 394/394 370/370
f 372/372 371/371 1086/977
f 374/374 375/375 349/349
f 399/399 1098/988 376/376
f 378/378 928/823 832/727
f 378/378 865/760 947/842
f 403/403 1141/1029 402/402
f 403/403 380/380 1141/1029
f 381/381 902/797 769/664
f 1073/966 785/680 870/765
f 1151/1038 782/677 382/382
f 362/362 385/385 873/768
f 777/672 409/409 872/767
f 386/386 387/387 363/363
f 388/388 389/389 364/364
f 389/389 390/390 365/365
f 1086/977 396/396 372/372
f 422/422 398/398 397/397
f 1144/1032 399/399 376/376
f 403/403 402/402 429/429
f 430/430 381/381 769/664
f 431/431 785/680 430/430
f 872/767 410/410 777/672
f 410/410 857/752 411/411
f 394/394 416/416 417/417
f 420/420 421/421 1125/1015
f 422/422 397/397 1018/912
f 425/425 1104/994 444/444
f 952/847 918/813 428/428
f 428/428 447/447 429/429
f 430/430 449/449 431/431
f 431/431 469/469 450/450
f 872/767 924/819 857/752
f 434/434 435/435 413/413
f 438/438 460/460 439/439
f 441/441 736/631 788/683
f 927/822 442/442 736/631
f 1147/1035 443/443 486/486
f 467/467 780/675 930/825
f 1062/955 957/851 434/434
f 957/851 476/476 455/455
f 455/455 456/456 436/436
f 480/480 459/459 458/458
f 439/439 461/461 440/440
f 461/461 1122/1012 482/482
f 483/483 808/703 462/462
f 899/794 927/822 485/485
f 983/877 959/853 444/444
f 919/814 1083/975 490/490
f 929/824 466/466 465/465
f 780/675 492/492 930/825
f 930/825 494/494 1066/959
f 498/498 497/497 987/881
f 1044/938 476/476 475/475
f 478/478 477/477 501/501
f 478/478 479/479 457/457
f 479/479 504/504 480/480
f 1110/1000 459/459 480/480
f 481/481 1004/898 1122/1012
f 486/486 899/794 487/487
f 938/833 488/488 487/487
f 489/489 511/511 490/490
f 512/512 919/814 490/490
f 779/674 929/824 465/465
f 491/491 514/514 492/492
f 514/514 493/493 492/492
f 520/520 502/502 501/501
f 502/502 503/503 479/479
f 1110/1000 505/505 481/481
f 821/716 1004/898 505/505
f 507/507 508/508 484/484
f 527/527 509/509 526/526
f 914/809 511/511 990/884
f 512/512 531/531 532/532
f 532/532 998/892 513/513
f 514/514 1047/941 493/493
f 536/536 987/881 517/517
f 537/537 500/500 910/805
f 505/505 764/659 523/523
f 1069/962 523/523 764/659
f 529/529 770/665 914/809
f 532/532 531/531 549/549
f 1036/930 538/538 557/557
f 540/540 1069/962 764/659
f 1021/915 920/815 822/717
f 912/807 544/544 564/564
f 565/565 545/545 912/807
f 546/546 566/566 547/547
f 567/567 916/811 1109/999
f 548/548 568/568 569/569
f 1008/902 569/569 570/570
f 910/805 555/555 537/537
f 981/875 853/748 558/558
f 853/748 993/887 559/559
f 559/559 560/560 541/541
f 578/578 562/562 561/561
f 579/579 564/564 563/563
f 592/592 568/568 1100/990
f 561/561 577/577 906/801
f 585/585 584/584 595/595
f 587/587 802/697 1009/903
f 588/588 773/668 1111/1001
f 581/581 590/590 935/830
f 594/594 758/653 917/812
f 598/598 1009/903 597/597
f 588/588 599/599 954/849
f 861/756 588/588 954/849
f 861/756 589/589 580/580
f 606/606 598/598 605/605
f 1038/932 69/69 622/1071
f 680/1129 536/536 517/517
f 15/15 936/831 7/7
f 732/627 283/283 263/263
f 937/832 888/783 732/627
f 34/34 733/628 35/35
f 734/629 295/295 804/699
f 275/275 1128/1018 1049/943
f 735/630 397/397 798/693
f 735/630 421/421 788/683
f 799/694 304/304 286/286
f 736/631 462/462 808/703
f 243/243 737/632 242/242
f 737/632 795/690 242/242
f 525/525 526/526 793/688
f 1135/1024 739/634 307/307
f 739/634 894/789 307/307
f 740/635 948/843 186/186
f 298/298 278/278 742/637
f 742/637 277/277 978/872
f 152/152 169/169 153/153
f 744/639 1045/939 885/780
f 886/781 745/640 1087/978
f 597/597 802/697 586/586
f 288/288 900/795 306/306
f 484/484 485/485 808/703
f 509/509 793/688 526/526
f 890/785 348/348 323/323
f 1101/991 373/373 798/693
f 293/293 746/641 1074/967
f 77/77 1089/980 747/642
f 747/642 60/60 1129/1019
f 315/315 1037/931 748/643
f 748/643 804/699 296/296
f 226/226 244/244 1093/983
f 811/706 244/244 225/225
f 563/563 802/697 579/579
f 262/262 795/690 1090/981
f 262/262 282/282 242/242
f 1130/1020 200/200 184/184
f 200/200 199/199 814/709
f 1081/973 223/223 810/705
f 1156/1043 167/167 1130/1020
f 830/725 1142/1030 962/856
f 232/232 251/251 610/1084
f 231/231 1139/1027 250/250
f 400/400 425/425 1094/984
f 970/864 352/352 353/353
f 752/647 112/112 816/711
f 982/876 820/715 247/247
f 1072/965 818/713 1113/1003
f 948/843 202/202 1115/1005
f 443/443 423/423 422/422
f 820/715 1025/919 246/246
f 950/845 326/326 302/302
f 1119/1009 351/351 1033/927
f 824/719 154/154 169/169
f 204/204 188/188 828/723
f 427/427 426/426 952/847
f 393/393 415/415 416/416
f 338/338 313/313 1010/904
f 37/37 36/36 51/51
f 607/607 954/849 599/599
f 708/1111 607/607 1076/1112
f 1118/1008 823/718 335/335
f 198/198 197/197 218/218
f 997/891 165/165 826/721
f 754/649 114/114 96/96
f 113/113 754/649 895/790
f 755/650 333/333 332/332
f 755/650 355/355 902/797
f 545/545 546/546 527/527
f 757/652 11/11 22/22
f 243/243 810/705 222/222
f 12/12 13/13 1108/998
f 233/233 234/234 212/212
f 233/233 274/274 252/252
f 906/801 584/584 585/585
f 577/577 917/812 758/653
f 900/795 1134/1023 331/331
f 889/784 1032/926 344/344
f 343/343 901/796 365/365
f 759/654 909/804 1096/986
f 759/654 113/113 134/134
f 907/802 130/130 111/111
f 156/156 1052/945 926/821
f 456/456 964/858 436/436
f 860/755 147/147 129/129
f 465/465 466/466 446/446
f 413/413 389/389 412/412
f 763/658 115/115 99/99
f 98/98 843/738 763/658
f 191/191 207/207 208/208
f 764/659 522/522 540/540
f 48/48 47/47 59/59
f 177/177 1011/905 766/661
f 206/206 190/190 767/662
f 504/504 1110/1000 480/480
f 770/665 530/530 511/511
f 1064/957 409/409 777/672
f 1027/921 846/741 130/130
f 877/772 163/163 991/885
f 772/667 180/180 838/733
f 774/669 1013/907 334/334
f 1096/986 775/670 1095/985
f 1032/926 390/390 366/366
f 776/671 135/135 117/117
f 391/391 435/435 414/414
f 413/413 412/412 434/434
f 963/857 848/743 75/75
f 196/196 178/178 195/195
f 210/210 176/176 193/193
f 193/193 209/209 864/759
f 758/653 594/594 1146/1034
f 79/79 63/63 856/751
f 479/479 503/503 504/504
f 478/478 502/502 479/479
f 174/174 778/673 955/850
f 994/888 521/521 502/502
f 918/813 447/447 428/428
f 580/580 1079/971 566/566
f 844/739 356/356 1097/987
f 356/356 1053/946 382/382
f 1042/936 1107/997 31/31
f 531/531 548/548 549/549
f 467/467 1066/959 448/448
f 600/600 601/601 602/602
f 384/384 360/360 858/753
f 936/831 1155/1042 27/27
f 935/830 590/590 589/589
f 1137/1026 961/855 162/162
f 42/42 53/53 639/612
f 784/679 41/41 52/52
f 877/772 127/127 146/146
f 917/812 706/624 594/594
f 1075/968 702/620 472/472
f 122/122 786/681 698/616
f 408/408 409/409 1064/957
f 52/52 41/41 40/40
f 68/68 82/82 83/83
f 1060/953 1011/905 160/160
f 14/14 903/798 4/4
f 242/242 282/282 263/263
f 10/10 21/21 22/22
f 441/441 462/462 736/631
f 789/684 880/775 979/873
f 741/636 790/685 299/299
f 278/278 298/298 790/685
f 987/881 499/499 498/498
f 884/779 133/133 791/686
f 254/254 792/687 945/840
f 792/687 1128/1018 734/629
f 793/688 485/485 484/484
f 794/689 883/778 270/270
f 1125/1015 421/421 735/630
f 1019/913 286/286 267/267
f 795/690 262/262 242/242
f 796/691 280/280 738/633
f 323/323 324/324 888/783
f 797/692 301/301 325/325
f 373/373 1101/991 890/785
f 1125/1015 735/630 798/693
f 1037/931 893/788 748/643
f 1105/995 300/300 937/832
f 260/260 240/240 279/279
f 184/184 221/221 740/635
f 290/290 1050/944 309/309
f 308/308 310/310 309/309
f 802/697 597/597 1009/903
f 804/699 748/643 945/840
f 804/699 792/687 734/629
f 288/288 270/270 805/700
f 484/484 508/508 793/688
f 484/484 483/483 507/507
f 14/14 1148/1036 806/701
f 287/287 805/700 269/269
f 809/704 897/792 198/198
f 239/239 1126/1016 259/259
f 321/321 371/371 1145/1033
f 810/705 202/202 222/222
f 811/706 224/224 1081/973
f 421/421 1080/972 441/441
f 596/596 751/646 813/708
f 814/709 220/220 749/644
f 815/710 220/220 219/219
f 353/353 401/401 928/823
f 934/829 1113/1003 203/203
f 422/422 423/423 1144/1032
f 227/227 982/876 228/228
f 821/716 524/524 506/506
f 822/717 542/542 524/524
f 272/272 1084/976 271/271
f 247/247 271/271 982/876
f 1009/903 598/598 599/599
f 1116/1006 1088/979 817/712
f 826/721 1132/1021 181/181
f 166/166 997/891 826/721
f 181/181 182/182 826/721
f 427/427 827/722 426/426
f 426/426 1094/984 445/445
f 188/188 204/204 189/189
f 417/417 438/438 418/418
f 584/584 758/653 1146/1034
f 1090/981 1017/911 262/262
f 2/2 12/12 642/1056
f 113/113 759/654 114/114
f 317/317 343/343 889/784
f 879/774 236/236 831/726
f 865/760 378/378 832/727
f 1007/901 833/728 362/362
f 1120/1010 527/527 546/546
f 921/816 834/729 775/670
f 835/730 321/321 1071/964
f 1039/933 320/320 835/730
f 948/843 222/222 202/202
f 111/111 1121/1011 907/802
f 1005/899 838/733 217/217
f 324/324 325/325 301/301
f 294/294 313/313 295/295
f 839/734 878/773 36/36
f 776/671 840/735 1095/985
f 487/487 510/510 938/833
f 1141/1029 379/379 402/402
f 1133/1022 341/341 342/342
f 316/316 314/314 340/340
f 78/78 96/96 61/61
f 229/229 230/230 941/836
f 560/560 577/577 561/561
f 913/808 903/798 768/663
f 190/190 206/206 842/737
f 97/97 114/114 843/738
f 990/884 511/511 489/489
f 511/511 914/809 770/665
f 845/740 429/429 1061/954
f 846/741 1027/921 129/129
f 991/885 1012/906 164/164
f 868/763 75/75 59/59
f 849/744 961/855 179/179
f 547/547 529/529 1120/1010
f 767/662 173/173 172/172
f 436/436 414/414 435/435
f 781/676 31/31 1107/997
f 913/808 25/25 15/15
f 1043/937 116/116 100/100
f 1062/955 434/434 911/806
f 447/447 918/813 780/675
f 490/490 867/762 512/512
f 851/746 1060/953 194/194
f 75/75 962/856 59/59
f 216/216 196/196 195/195
f 541/541 1069/962 559/559
f 192/192 191/191 208/208
f 386/386 363/363 340/340
f 63/63 64/64 946/841
f 965/859 1043/937 925/820
f 857/752 911/806 411/411
f 457/457 456/456 478/478
f 926/821 1052/945 1099/989
f 171/171 155/155 761/656
f 360/360 385/385 361/361
f 919/814 779/674 465/465
f 859/754 918/813 466/466
f 128/128 129/129 109/109
f 361/361 338/338 337/337
f 761/656 828/723 188/188
f 829/724 415/415 964/858
f 1016/910 837/732 1023/917
f 589/589 861/756 600/600
f 382/382 782/677 357/357
f 862/757 62/62 1029/923
f 862/757 38/38 51/51
f 863/758 340/340 314/314
f 864/759 211/211 210/210
f 208/208 209/209 192/192
f 207/207 229/229 208/208
f 541/541 920/815 1021/915
f 522/522 504/504 503/503
f 521/521 503/503 502/502
f 955/850 190/190 842/737
f 832/727 960/854 865/760
f 990/884 866/761 488/488
f 1061/954 467/467 448/448
f 47/47 781/676 868/763
f 868/763 963/857 75/75
f 869/764 161/161 1031/925
f 1073/966 870/765 404/404
f 431/431 450/450 870/765
f 1143/1031 949/844 89/89
f 65/65 784/679 871/766
f 52/52 946/841 871/766
f 73/73 57/57 1046/940
f 937/832 1040/934 888/783
f 873/768 385/385 384/384
f 407/407 873/768 384/384
f 39/39 27/27 1155/1042
f 596/596 874/769 942/837
f 875/770 943/838 290/290
f 211/211 612/1082 210/210
f 876/771 20/20 1042/936
f 175/175 193/193 176/176
f 192/192 175/175 1034/928
f 601/601 1058/951 709/1110
f 482/482 507/507 483/483
f 507/507 506/506 524/524
f 96/96 97/97 856/751
f 24/24 806/701 878/773
f 878/773 733/628 36/36
f 566/566 1079/971 547/547
f 329/329 947/842 354/354
f 189/189 1024/918 205/205
f 253/253 254/254 879/774
f 881/776 294/294 734/629
f 746/641 881/776 275/275
f 882/777 948/843 740/635
f 882/777 737/632 222/222
f 525/525 543/543 544/544
f 542/542 543/543 525/525
f 886/781 1082/974 745/640
f 743/638 168/168 185/185
f 1039/933 738/633 280/280
f 885/780 276/276 744/639
f 886/781 800/695 76/76
f 887/782 757/652 22/22
f 301/301 888/783 324/324
f 889/784 343/343 1032/926
f 890/785 347/347 372/372
f 891/786 1019/913 266/266
f 891/786 265/265 284/284
f 966/860 134/134 113/113
f 1057/950 1020/914 976/870
f 825/720 892/787 257/257
f 893/788 255/255 945/840
f 893/788 945/840 748/643
f 578/578 585/585 586/586
f 249/249 944/839 1050/944
f 225/225 934/829 224/224
f 320/320 1039/933 741/636
f 1116/1006 320/320 1088/979
f 1090/981 795/690 201/201
f 749/644 815/710 241/241
f 241/241 261/261 796/691
f 267/267 977/871 1019/913
f 420/420 395/395 419/419
f 1153/1040 239/239 240/240
f 735/630 1018/912 397/397
f 304/304 327/327 1048/942
f 269/269 1025/919 268/268
f 1157/1044 928/823 378/378
f 1104/994 424/424 423/423
f 824/719 1072/965 170/170
f 368/368 345/345 367/367
f 344/344 345/345 319/319
f 264/264 933/828 810/705
f 424/424 1104/994 425/425
f 743/638 186/186 169/169
f 544/544 912/807 545/545
f 894/789 739/634 794/689
f 894/789 332/332 333/333
f 1087/978 791/686 895/790
f 896/791 317/317 297/297
f 744/639 953/848 896/791
f 285/285 303/303 799/694
f 350/350 1033/927 950/845
f 404/404 405/405 782/677
f 346/346 1116/1006 817/712
f 818/713 223/223 203/203
f 438/438 1152/1039 418/418
f 417/417 829/724 1124/1014
f 181/181 198/198 897/792
f 182/182 166/166 826/721
f 898/793 756/651 234/234
f 898/793 252/252 275/275
f 899/794 486/486 927/822
f 900/795 288/288 807/702
f 900/795 330/330 1134/1023
f 901/796 343/343 342/342
f 528/528 529/529 914/809
f 547/547 1120/1010 546/546
f 1103/993 310/310 335/335
f 1009/903 588/588 587/587
f 5/5 913/808 6/6
f 392/392 414/414 415/415
f 1003/897 217/217 1070/963
f 988/882 78/78 61/61
f 50/50 1089/980 904/799
f 215/215 214/214 235/235
f 48/48 962/856 1142/1030
f 751/646 1146/1034 603/603
f 578/578 563/563 562/562
f 91/91 92/92 74/74
f 205/205 854/749 908/803
f 365/365 364/364 389/389
f 909/804 775/670 1096/986
f 911/806 434/434 412/412
f 388/388 412/412 389/389
f 387/387 777/672 410/410
f 80/80 79/79 98/98
f 1135/1024 309/309 289/289
f 110/110 90/90 89/89
f 15/15 7/7 6/6
f 155/155 135/135 850/745
f 436/436 435/435 957/851
f 914/809 990/884 938/833
f 769/664 403/403 845/740
f 10/10 11/11 2/2
f 916/811 770/665 1109/999
f 993/887 855/750 917/812
f 427/427 428/428 960/854
f 238/238 258/258 1067/960
f 238/238 1005/899 237/237
f 231/231 250/250 232/232
f 562/562 920/815 561/561
f 229/229 248/248 230/230
f 344/344 367/367 345/345
f 1140/1028 849/744 196/196
f 922/817 236/236 255/255
f 93/93 752/647 923/818
f 32/32 33/33 22/22
f 984/878 213/213 214/214
f 437/437 458/458 829/724
f 856/751 97/97 79/79
f 61/61 96/96 856/751
f 363/363 901/796 341/341
f 381/381 430/430 785/680
f 986/880 108/108 1150/1037
f 470/470 450/450 469/469
f 454/454 857/752 924/819
f 453/453 433/433 1075/968
f 66/66 925/820 81/81
f 926/821 157/157 137/137
f 506/506 507/507 482/482
f 74/74 73/73 90/90
f 330/330 354/354 1134/1023
f 500/500 520/520 501/501
f 125/125 144/144 145/145
f 70/70 55/55 931/826
f 245/245 1093/983 932/827
f 377/377 400/400 401/401
f 510/510 899/794 509/509
f 841/736 354/354 379/379
f 933/828 265/265 891/786
f 811/706 266/266 977/871
f 1158/1045 394/394 418/418
f 905/800 705/623 690/1118
f 854/749 268/268 1025/919
f 1148/1036 23/23 806/701
f 897/792 1123/1013 181/181
f 768/663 24/24 839/734
f 541/541 1021/915 523/523
f 998/892 550/550 551/551
f 256/256 892/787 922/817
f 197/197 847/742 1112/1002
f 45/45 18/18 695/613
f 774/669 357/357 1118/1008
f 1136/1025 1016/910 149/149
f 317/317 889/784 1002/896
f 742/637 318/318 298/298
f 188/188 189/189 171/171
f 384/384 406/406 407/407
f 40/40 27/27 39/39
f 936/831 15/15 26/26
f 359/359 337/337 312/312
f 360/360 359/359 858/753
f 168/168 743/638 152/152
f 60/60 49/49 976/870
f 803/698 49/49 60/60
f 282/282 1105/995 937/832
f 352/352 377/377 353/353
f 841/736 331/331 1134/1023
f 380/380 902/797 355/355
f 510/510 528/528 938/833
f 528/528 914/809 938/833
f 329/329 305/305 328/328
f 939/834 56/56 1046/940
f 1127/1017 462/462 441/441
f 102/102 971/865 940/835
f 35/35 887/782 34/34
f 275/275 1049/943 898/793
f 557/557 575/575 1036/930
f 208/208 941/836 209/209
f 317/317 1002/896 297/297
f 488/488 463/463 487/487
f 866/761 983/877 463/463
f 884/779 745/640 151/151
f 416/416 415/415 829/724
f 942/837 597/597 586/586
f 595/595 942/837 585/585
f 943/838 875/770 273/273
f 508/508 525/525 793/688
f 524/524 508/508 507/507
f 248/248 272/272 944/839
f 944/839 289/289 1050/944
f 543/543 564/564 544/544
f 563/563 578/578 586/586
f 1006/900 609/1085 251/251
f 1125/1015 798/693 373/373
f 396/396 1125/1015 373/373
f 94/94 886/781 76/76
f 516/516 494/494 515/515
f 224/224 223/223 1081/973
f 147/147 1015/909 846/741
f 201/201 795/690 221/221
f 185/185 184/184 740/635
f 945/840 255/255 254/254
f 945/840 792/687 804/699
f 565/565 546/546 545/545
f 946/841 64/64 871/766
f 641/1057 1108/998 640/1058
f 59/59 47/47 868/763
f 326/326 303/303 302/302
f 596/596 604/604 874/769
f 339/339 863/758 314/314
f 199/199 1123/1013 220/220
f 127/127 108/108 986/880
f 1055/948 765/660 21/21
f 1119/1009 375/375 376/376
f 398/398 1144/1032 376/376
f 460/460 1124/1014 459/459
f 346/346 370/370 371/371
f 346/346 817/712 369/369
f 974/868 204/204 828/723
f 1063/956 73/73 74/74
f 1054/947 951/846 187/187
f 368/368 393/393 973/867
f 393/393 367/367 392/392
f 426/426 445/445 446/446
f 465/465 464/464 1083/975
f 827/722 427/427 832/727
f 316/316 1133/1022 953/848
f 178/178 161/161 869/764
f 69/69 68/68 83/83
f 312/312 337/337 1010/904
f 336/336 1106/996 670/1140
f 217/217 838/733 760/655
f 739/634 1135/1024 975/869
f 333/333 1097/987 307/307
f 904/799 51/51 50/50
f 296/296 314/314 315/315
f 1028/922 771/666 39/39
f 42/42 784/679 53/53
f 955/850 992/886 1078/970
f 522/522 521/521 539/539
f 291/291 1103/993 311/311
f 599/599 606/606 607/607
f 598/598 874/769 605/605
f 957/851 455/455 436/436
f 117/117 116/116 115/115
f 958/852 381/381 785/680
f 444/444 464/464 445/445
f 960/854 429/429 402/402
f 428/428 427/427 952/847
f 530/530 531/531 867/762
f 548/548 530/530 916/811
f 769/664 1117/1007 430/430
f 177/177 178/178 869/764
f 961/855 849/744 180/180
f 1063/956 868/763 781/676
f 512/512 532/532 779/674
f 584/584 906/801 758/653
f 443/443 442/442 486/486
f 457/457 480/480 458/458
f 476/476 1044/938 477/477
f 965/859 64/64 80/80
f 966/860 153/153 169/169
f 134/134 966/860 154/154
f 145/145 126/126 125/125
f 138/138 1068/961 968/862
f 968/862 119/119 136/136
f 859/754 780/675 918/813
f 600/600 954/849 1058/951
f 913/808 768/663 25/25
f 474/474 1062/955 454/454
f 969/863 101/101 82/82
f 81/81 100/100 969/863
f 970/864 327/327 352/352
f 353/353 1157/1044 970/864
f 258/258 825/720 750/645
f 1108/998 1148/1036 3/3
f 1048/942 819/714 328/328
f 1140/1028 760/655 849/744
f 326/326 352/352 327/327
f 453/453 472/472 473/473
f 860/755 128/128 877/772
f 1022/916 941/836 230/230
f 915/810 234/234 756/651
f 861/756 580/580 773/668
f 79/79 97/97 98/98
f 971/865 103/103 84/84
f 971/865 638/611 83/83
f 972/866 432/432 452/452
f 368/368 369/369 817/712
f 973/867 416/416 394/394
f 974/868 828/723 187/187
f 271/271 883/778 975/869
f 562/562 563/563 543/543
f 562/562 542/542 822/717
f 892/787 825/720 1003/897
f 976/870 830/725 1057/950
f 977/871 266/266 1019/913
f 277/277 750/645 978/872
f 978/872 297/297 1002/896
f 979/873 880/775 812/707
f 979/873 267/267 286/286
f 421/421 441/441 788/683
f 1080/972 419/419 440/440
f 1049/943 235/235 756/651
f 354/354 947/842 379/379
f 354/354 841/736 1134/1023
f 980/874 67/67 1038/932
f 399/399 400/400 1098/988
f 236/236 254/254 255/255
f 298/298 319/319 299/299
f 318/318 742/637 1002/896
f 892/787 256/256 257/257
f 256/256 276/276 257/257
f 733/628 878/773 35/35
f 981/875 993/887 853/748
f 981/875 558/558 1036/930
f 997/891 1023/917 148/148
f 1030/924 34/34 33/33
f 982/876 271/271 1084/976
f 982/876 227/227 820/715
f 1126/1016 239/239 809/704
f 150/150 1136/1025 1156/1043
f 184/184 185/185 1130/1020
f 852/747 93/93 923/818
f 345/345 1088/979 319/319
f 423/423 1147/1035 1104/994
f 866/761 463/463 488/488
f 425/425 444/444 445/445
f 214/214 215/215 984/878
f 949/844 109/109 89/89
f 200/200 201/201 184/184
f 519/519 1044/938 499/499
f 161/161 145/145 144/144
f 375/375 374/374 398/398
f 374/374 397/397 398/398
f 986/880 126/126 967/861
f 111/111 112/112 1121/1011
f 1111/1001 579/579 587/587
f 433/433 924/819 872/767
f 988/882 61/61 62/62
f 574/574 575/575 557/557
f 56/56 939/834 44/44
f 989/883 105/105 85/85
f 136/136 156/156 926/821
f 340/340 363/363 341/341
f 386/386 863/758 1007/901
f 866/761 990/884 489/489
f 991/885 860/755 877/772
f 991/885 163/163 1012/906
f 492/492 859/754 491/491
f 992/886 999/893 207/207
f 565/565 566/566 546/546
f 773/668 565/565 1111/1001
f 1097/987 334/334 308/308
f 669/1141 292/292 668/1142
f 873/768 1064/957 362/362
f 993/887 577/577 560/560
f 65/65 53/53 784/679
f 994/888 538/538 521/521
f 1062/955 476/476 957/851
f 548/548 996/890 568/568
f 996/890 581/581 1100/990
f 387/387 364/364 363/363
f 997/891 166/166 149/149
f 998/892 514/514 513/513
f 998/892 532/532 550/550
f 1122/1012 460/460 481/481
f 999/893 992/886 842/737
f 999/893 227/227 228/228
f 1047/941 514/514 533/533
f 302/302 284/284 797/692
f 951/846 834/729 170/170
f 933/828 266/266 1081/973
f 398/398 376/376 375/375
f 928/823 401/401 827/722
f 419/419 1152/1039 440/440
f 395/395 420/420 396/396
f 489/489 490/490 1083/975
f 498/498 475/475 474/474
f 934/829 974/868 187/187
f 839/734 25/25 768/663
f 37/37 839/734 36/36
f 416/416 973/867 393/393
f 137/137 138/138 968/862
f 137/137 157/157 158/158
f 1022/916 230/230 1139/1027
f 230/230 248/248 249/249
f 801/696 300/300 281/281
f 82/82 81/81 969/863
f 581/581 567/567 590/590
f 539/539 540/540 522/522
f 71/71 55/55 70/70
f 762/657 860/755 991/885
f 593/593 855/750 576/576
f 981/875 855/750 993/887
f 1000/894 635/608 141/141
f 309/309 1135/1024 308/308
f 198/198 181/181 1132/1021
f 1001/895 450/450 471/471
f 451/451 783/678 1001/895
f 933/828 264/264 265/265
f 579/579 1111/1001 912/807
f 517/517 987/881 497/497
f 150/150 151/151 132/132
f 301/301 732/627 888/783
f 812/707 268/268 245/245
f 494/494 516/516 468/468
f 244/244 811/706 977/871
f 1002/896 742/637 978/872
f 236/236 922/817 216/216
f 1003/897 825/720 258/258
f 237/237 217/217 1003/897
f 324/324 349/349 325/325
f 808/703 927/822 736/631
f 1102/992 213/213 194/194
f 1004/898 506/506 482/482
f 908/803 1025/919 820/715
f 197/197 198/198 847/742
f 344/344 319/319 318/318
f 519/519 500/500 1044/938
f 1005/899 218/218 197/197
f 1029/923 946/841 771/666
f 52/52 40/40 771/666
f 43/43 56/56 44/44
f 339/339 296/296 313/313
f 774/669 356/356 382/382
f 875/770 1103/993 291/291
f 992/886 955/850 842/737
f 93/93 848/743 1121/1011
f 385/385 360/360 384/384
f 736/631 442/442 788/683
f 351/351 377/377 352/352
f 516/516 515/515 535/535
f 553/553 519/519 518/518
f 519/519 910/805 500/500
f 940/835 119/119 102/102
f 118/118 101/101 969/863
f 599/599 588/588 1009/903
f 1008/902 550/550 549/549
f 1008/902 571/571 1065/958
f 510/510 527/527 528/528
f 825/720 885/780 750/645
f 802/697 587/587 579/579
f 304/304 303/303 327/327
f 1010/904 313/313 294/294
f 1010/904 337/337 338/338
f 132/132 745/640 1082/974
f 132/132 151/151 745/640
f 272/272 975/869 289/289
f 29/29 41/41 42/42
f 1011/905 1060/953 851/746
f 1011/905 787/682 160/160
f 64/64 79/79 80/80
f 161/161 1137/1026 145/145
f 147/147 860/755 762/657
f 139/139 140/140 1041/935
f 949/844 88/88 1150/1037
f 73/73 58/58 57/57
f 753/648 850/745 1095/985
f 753/648 1054/947 761/656
f 1044/938 501/501 477/477
f 930/825 493/493 494/494
f 399/399 1144/1032 424/424
f 1012/906 163/163 772/667
f 254/254 253/253 792/687
f 473/473 454/454 924/819
f 474/474 473/473 498/498
f 774/669 382/382 357/357
f 1013/907 310/310 334/334
f 174/174 158/158 778/673
f 200/200 183/183 199/199
f 881/776 293/293 294/294
f 358/358 359/359 336/336
f 358/358 672/1138 673/1137
f 53/53 66/66 980/874
f 870/765 450/450 1001/895
f 849/744 179/179 196/196
f 966/860 113/113 133/133
f 931/826 1059/952 85/85
f 1015/909 148/148 846/741
f 1015/909 762/657 165/165
f 1159/1046 1136/1025 150/150
f 1016/910 1023/917 149/149
f 1000/894 141/141 159/159
f 281/281 1105/995 1017/911
f 1017/911 796/691 281/281
f 1018/912 443/443 422/422
f 1018/912 735/630 788/683
f 11/11 757/652 13/13
f 977/871 267/267 244/244
f 350/350 325/325 349/349
f 1020/914 923/818 94/94
f 1021/915 822/717 524/524
f 1021/915 821/716 523/523
f 819/714 329/329 328/328
f 409/409 433/433 872/767
f 209/209 941/836 1022/916
f 394/394 369/369 973/867
f 243/243 264/264 810/705
f 1071/964 801/696 738/633
f 13/13 12/12 11/11
f 149/149 166/166 167/167
f 81/81 925/820 100/100
f 830/725 962/856 1057/950
f 1024/918 189/189 204/204
f 1025/919 269/269 246/246
f 365/365 901/796 364/364
f 1026/920 664/1146 212/212
f 533/533 514/514 998/892
f 909/804 134/134 921/816
f 442/442 927/822 486/486
f 841/736 1141/1029 380/380
f 110/110 91/91 90/90
f 129/129 1027/921 110/110
f 996/890 548/548 916/811
f 859/754 929/824 491/491
f 556/556 703/621 574/574
f 1028/922 1155/1042 38/38
f 47/47 48/48 765/660
f 228/228 229/229 207/207
f 377/377 401/401 353/353
f 1029/923 63/63 946/841
f 862/757 1028/922 38/38
f 1030/924 1142/1030 830/725
f 1030/924 49/49 34/34
f 1031/925 143/143 786/681
f 1031/925 787/682 869/764
f 1017/911 1090/981 241/241
f 1032/926 366/366 344/344
f 1032/926 343/343 365/365
f 1127/1017 483/483 462/462
f 1033/927 326/326 950/845
f 1077/969 1078/970 1034/928
f 426/426 827/722 1094/984
f 1035/929 136/136 118/118
f 1035/929 117/117 135/135
f 28/28 936/831 27/27
f 1036/930 576/576 981/875
f 130/130 907/802 1027/921
f 837/732 111/111 130/130
f 270/270 288/288 794/689
f 1037/931 276/276 893/788
f 1037/931 315/315 953/848
f 54/54 980/874 1038/932
f 693/1115 604/604 813/708
f 280/280 741/636 1039/933
f 912/807 564/564 579/579
f 1040/934 323/323 888/783
f 1040/934 937/832 300/300
f 760/655 1140/1028 1070/963
f 57/57 45/45 939/834
f 1107/997 58/58 781/676
f 1041/935 140/140 159/159
f 158/158 139/139 138/138
f 226/226 225/225 244/244
f 396/396 420/420 1125/1015
f 927/822 808/703 485/485
f 1055/948 876/771 765/660
f 20/20 19/19 1042/936
f 1136/1025 149/149 167/167
f 790/685 260/260 279/279
f 513/513 929/824 779/674
f 104/104 103/103 120/120
f 1043/937 100/100 925/820
f 1043/937 80/80 99/99
f 311/311 728/1088 729/1087
f 1067/960 750/645 277/277
f 238/238 218/218 1005/899
f 833/728 863/758 339/339
f 1044/938 500/500 501/501
f 1044/938 475/475 499/499
f 1045/939 750/645 885/780
f 1045/939 744/639 896/791
f 78/78 988/882 904/799
f 486/486 463/463 1147/1035
f 975/869 883/778 739/634
f 485/485 509/509 899/794
f 1046/940 57/57 939/834
f 1046/940 1143/1031 73/73
f 855/750 593/593 706/624
f 1047/941 533/533 552/552
f 1047/941 515/515 493/493
f 283/283 284/284 265/265
f 263/263 265/265 264/264
f 91/91 110/110 1027/921
f 812/707 287/287 269/269
f 880/775 328/328 305/305
f 134/134 154/154 921/816
f 1049/943 756/651 898/793
f 787/682 177/177 869/764
f 249/249 943/838 985/879
f 1152/1039 438/438 439/439
f 837/732 131/131 111/111
f 119/119 968/862 102/102
f 312/312 1010/904 293/293
f 996/890 567/567 581/581
f 847/742 164/164 1012/906
f 1051/1101 572/572 717/1102
f 926/821 1099/989 157/157
f 155/155 1052/945 156/156
f 279/279 278/278 790/685
f 1053/946 356/356 844/739
f 1073/966 1151/1038 1053/946
f 834/729 951/846 1054/947
f 95/95 895/790 754/649
f 8/8 876/771 1055/948
f 1056/949 555/555 556/556
f 906/801 577/577 758/653
f 1057/950 852/747 923/818
f 600/600 861/756 954/849
f 24/24 903/798 14/14
f 316/316 315/315 314/314
f 390/390 413/413 391/391
f 1060/953 142/142 1014/908
f 931/826 85/85 86/86
f 236/236 879/774 254/254
f 1061/954 447/447 467/467
f 1061/954 429/429 447/447
f 1110/1000 764/659 505/505
f 357/357 782/677 383/383
f 456/456 437/437 964/858
f 172/172 205/205 767/662
f 189/189 205/205 172/172
f 144/144 125/125 124/124
f 234/234 915/810 212/212
f 101/101 940/835 83/83
f 466/466 918/813 952/847
f 777/672 1007/901 1064/957
f 467/467 447/447 780/675
f 1077/969 140/140 174/174
f 77/77 800/695 95/95
f 74/74 963/857 1063/956
f 1063/956 58/58 73/73
f 385/385 362/362 361/361
f 1065/958 551/551 550/550
f 1065/958 571/571 572/572
f 287/287 807/702 805/700
f 1066/959 467/467 930/825
f 1066/959 468/468 1092/982
f 136/136 137/137 968/862
f 71/71 56/56 43/43
f 859/754 492/492 780/675
f 1067/960 258/258 750/645
f 1067/960 259/259 1126/1016
f 1068/961 102/102 968/862
f 120/120 138/138 139/139
f 1069/962 541/541 523/523
f 1069/962 853/748 559/559
f 782/677 1151/1038 404/404
f 398/398 422/422 1144/1032
f 1154/1041 892/787 1070/963
f 1071/964 738/633 835/730
f 1071/964 1145/1033 322/322
f 1072/965 824/719 1115/1005
f 699/617 160/160 786/681
f 893/788 256/256 255/255
f 133/133 895/790 791/686
f 1073/966 958/852 785/680
f 200/200 814/709 201/201
f 1074/967 700/618 292/292
f 746/641 293/293 881/776
f 1075/968 472/472 453/453
f 1075/968 433/433 972/866
f 1076/1112 606/606 707/1113
f 1077/969 1000/894 159/159
f 161/161 144/144 1031/925
f 1078/970 992/886 191/191
f 1078/970 1077/969 174/174
f 925/820 66/66 65/65
f 124/124 105/105 123/123
f 351/351 326/326 1033/927
f 537/537 555/555 1056/949
f 498/498 473/473 497/497
f 155/155 171/171 1052/945
f 312/312 336/336 359/359
f 580/580 566/566 773/668
f 567/567 1109/999 1079/971
f 1056/949 538/538 994/888
f 556/556 557/557 1056/949
f 848/743 963/857 92/92
f 1080/972 421/421 420/420
f 440/440 1127/1017 1080/972
f 335/335 310/310 1013/907
f 178/178 196/196 179/179
f 1082/974 752/647 816/711
f 1083/975 919/814 465/465
f 1083/975 959/853 489/489
f 789/684 304/304 1048/942
f 920/815 541/541 560/560
f 360/360 337/337 359/359
f 469/469 431/431 449/449
f 1084/976 229/229 228/228
f 733/628 34/34 49/49
f 674/1135 407/407 1085/1136
f 1086/977 395/395 396/396
f 370/370 1158/1045 1086/977
f 1087/978 800/695 886/781
f 1088/979 320/320 299/299
f 1089/980 50/50 803/698
f 1089/980 77/77 904/799
f 355/355 331/331 841/736
f 415/415 414/414 964/858
f 850/745 761/656 155/155
f 1019/913 891/786 285/285
f 461/461 483/483 1127/1017
f 347/347 1145/1033 372/372
f 1090/981 201/201 814/709
f 1090/981 749/644 241/241
f 1091/1090 836/731 383/383
f 781/676 47/47 31/31
f 1092/982 449/449 448/448
f 468/468 1114/1004 1092/982
f 1093/983 245/245 1024/918
f 191/191 192/192 1034/928
f 1094/984 425/425 445/445
f 1094/984 827/722 401/401
f 273/273 251/251 250/250
f 108/108 128/128 109/109
f 148/148 1015/909 997/891
f 203/203 224/224 934/829
f 934/829 225/225 974/868
f 1124/1014 460/460 438/438
f 472/472 497/497 473/473
f 1095/985 850/745 776/671
f 1095/985 840/735 1096/986
f 1096/986 840/735 763/658
f 1096/986 843/738 759/654
f 601/601 709/1110 710/1109
f 1097/987 308/308 307/307
f 333/333 844/739 1097/987
f 1143/1031 1046/940 72/72
f 89/89 90/90 1143/1031
f 531/531 512/512 867/762
f 682/1126 554/554 553/553
f 488/488 938/833 990/884
f 388/388 387/387 410/410
f 146/146 163/163 877/772
f 538/538 1036/930 558/558
f 564/564 543/543 563/563
f 1055/948 21/21 9/9
f 831/726 766/661 215/215
f 1099/989 173/173 157/157
f 1099/989 1052/945 172/172
f 1100/990 581/581 591/591
f 596/596 942/837 595/595
f 1101/991 348/348 890/785
f 1101/991 798/693 374/374
f 1103/993 335/335 311/311
f 1103/993 875/770 290/290
f 993/887 917/812 577/577
f 437/437 456/456 457/457
f 613/1081 176/176 210/210
f 454/454 911/806 857/752
f 454/454 1062/955 911/806
f 520/520 994/888 502/502
f 1104/994 983/877 444/444
f 702/620 1075/968 701/619
f 959/853 983/877 866/761
f 1105/995 281/281 300/300
f 1105/995 282/282 262/262
f 1106/996 292/292 669/1141
f 1106/996 336/336 312/312
f 19/19 30/30 1042/936
f 356/356 774/669 334/334
f 549/549 569/569 1008/902
f 790/685 741/636 260/260
f 1107/997 30/30 46/46
f 1108/998 3/3 640/1058
f 551/551 533/533 998/892
f 407/407 408/408 873/768
f 455/455 478/478 456/456
f 1109/999 547/547 1079/971
f 1110/1000 481/481 459/459
f 1110/1000 504/504 764/659
f 36/36 50/50 51/51
f 733/628 803/698 50/50
f 823/718 728/1088 311/311
f 836/731 956/1089 823/718
f 272/272 248/248 1084/976
f 1111/1001 565/565 912/807
f 527/527 510/510 509/509
f 1068/961 103/103 102/102
f 1112/1002 772/667 838/733
f 1113/1003 818/713 203/203
f 1113/1003 934/829 951/846
f 1114/1004 468/468 495/495
f 1114/1004 469/469 1092/982
f 144/144 143/143 1031/925
f 698/616 124/124 123/123
f 562/562 543/543 542/542
f 1115/1005 824/719 186/186
f 1116/1006 346/346 321/321
f 1116/1006 835/730 320/320
f 449/449 1117/1007 448/448
f 290/290 309/309 310/310
f 366/366 391/391 392/392
f 338/338 833/728 339/339
f 174/174 140/140 139/139
f 72/72 56/56 71/71
f 1118/1008 357/357 836/731
f 836/731 823/718 1118/1008
f 92/92 91/91 907/802
f 766/661 195/195 177/177
f 368/368 817/712 345/345
f 190/190 955/850 778/673
f 1026/920 1102/992 662/1148
f 116/116 1043/937 99/99
f 115/115 116/116 99/99
f 1119/1009 1033/927 350/350
f 1120/1010 528/528 527/527
f 529/529 547/547 1109/999
f 281/281 738/633 801/696
f 1121/1011 92/92 907/802
f 194/194 1014/908 1161/1048
f 890/785 323/323 347/347
f 884/779 151/151 152/152
f 1122/1012 461/461 439/439
f 1122/1012 1004/898 482/482
f 69/69 1038/932 68/68
f 1123/1013 199/199 182/182
f 1123/1013 219/219 220/220
f 1124/1014 458/458 459/459
f 1124/1014 438/438 417/417
f 396/396 373/373 372/372
f 1126/1016 238/238 1067/960
f 225/225 226/226 974/868
f 1127/1017 441/441 1080/972
f 1127/1017 440/440 461/461
f 77/77 78/78 904/799
f 95/95 78/78 77/77
f 1128/1018 792/687 253/253
f 1128/1018 881/776 734/629
f 263/263 264/264 243/243
f 263/263 283/283 265/265
f 1129/1019 976/870 1020/914
f 747/642 1129/1019 76/76
f 1130/1020 167/167 183/183
f 870/765 1001/895 404/404
f 404/404 783/678 405/405
f 1131/1080 635/608 176/176
f 1132/1021 164/164 847/742
f 1132/1021 165/165 164/164
f 418/418 394/394 417/417
f 1133/1022 896/791 953/848
f 1133/1022 316/316 341/341
f 285/285 302/302 303/303
f 17/17 40/40 41/41
f 995/889 116/116 117/117
f 354/354 330/330 329/329
f 245/245 268/268 854/749
f 1135/1024 307/307 308/308
f 1135/1024 289/289 975/869
f 167/167 1156/1043 1136/1025
f 752/647 93/93 112/112
f 146/146 1137/1026 162/162
f 1137/1026 161/161 179/179
f 681/1128 1138/1127 1160/1047
f 1139/1027 249/249 985/879
f 1139/1027 231/231 1022/916
f 513/513 779/674 532/532
f 35/35 23/23 887/782
f 196/196 1154/1041 1140/1028
f 490/490 511/511 867/762
f 170/170 834/729 921/816
f 895/790 95/95 1087/978
f 380/380 403/403 769/664
f 1141/1029 841/736 379/379
f 913/808 5/5 903/798
f 1006/900 608/1086 609/1085
f 1006/900 291/291 608/1086
f 1142/1030 33/33 32/32
f 48/48 1142/1030 32/32
f 920/815 562/562 822/717
f 172/172 173/173 1099/989
f 1143/1031 72/72 88/88
f 960/854 402/402 865/760
f 331/331 355/355 332/332
f 1144/1032 423/423 424/424
f 1145/1033 371/371 372/372
f 1145/1033 347/347 322/322
f 31/31 765/660 876/771
f 1146/1034 905/800 603/603
f 1146/1034 751/646 584/584
f 1147/1035 423/423 443/443
f 1147/1035 983/877 1104/994
f 229/229 1084/976 248/248
f 1148/1036 13/13 23/23
f 3/3 14/14 4/4
f 567/567 996/890 916/811
f 1149/1151 699/617 659/1152
f 1150/1037 88/88 87/87
f 1150/1037 107/107 986/880
f 204/204 974/868 226/226
f 1151/1038 382/382 1053/946
f 1151/1038 1073/966 404/404
f 1152/1039 439/439 440/440
f 1152/1039 419/419 395/395
f 252/252 746/641 275/275
f 329/329 819/714 947/842
f 1153/1040 809/704 239/239
f 1153/1040 240/240 219/219
f 28/28 7/7 936/831
f 588/588 861/756 773/668
f 1154/1041 216/216 922/817
f 1154/1041 1070/963 1140/1028
f 1155/1042 26/26 38/38
f 1155/1042 1028/922 39/39
f 1156/1043 168/168 150/150
f 1156/1043 1130/1020 185/185
f 1157/1044 353/353 928/823
f 1157/1044 819/714 970/864
f 536/536 1160/1047 518/518
f 1158/1045 370/370 394/394
f 1158/1045 395/395 1086/977
f 989/883 697/615 123/123
f 915/810 1102/992 1026/920
f 1159/1046 132/132 816/711
f 1159/1046 1016/910 1136/1025
f 746/641 274/274 700/618
f 705/623 593/593 689/1119
f 1160/1047 553/553 518/518
f 1160/1047 536/536 681/1128
f 1161/1048 662/1148 1102/992
f 1161/1048 1014/908 661/1149
f 634/1059 4/4 633/1060
f 604/604 693/1115 694/1114
